{"type":"FeatureCollection", "features": [
{"type":"Feature","geometry":{"type":"MultiPolygon","coordinates":[[[[-2.9845,42.7605],[-2.9845,42.759],[-2.985,42.758],[-2.9825,42.7585],[-2.982,42.7585],[-2.9825,42.7595],[-2.978,42.7585],[-2.978,42.759],[-2.9785,42.76],[-2.9785,42.7605],[-2.978,42.7605],[-2.9775,42.761],[-2.9775,42.7615],[-2.977,42.7615],[-2.977,42.762],[-2.977,42.7625],[-2.9765,42.7625],[-2.976,42.763],[-2.976,42.7635],[-2.976,42.765],[-2.983,42.766],[-2.9835,42.766],[-2.984,42.766],[-2.9845,42.766],[-2.9845,42.7655],[-2.985,42.7655],[-2.985,42.765],[-2.9855,42.764],[-2.9865,42.764],[-2.986,42.7635],[-2.986,42.763],[-2.9855,42.762],[-2.985,42.7615],[-2.985,42.7605],[-2.9845,42.7605]]],[[[-2.5795,42.855],[-2.582,42.8495],[-2.581,42.8495],[-2.578,42.8505],[-2.576,42.852],[-2.577,42.8525],[-2.5785,42.855],[-2.579,42.855],[-2.5795,42.855]]],[[[-2.531,42.8535],[-2.5325,42.858],[-2.533,42.858],[-2.5335,42.858],[-2.535,42.8585],[-2.536,42.859],[-2.5365,42.859],[-2.5365,42.8595],[-2.537,42.8595],[-2.537,42.86],[-2.5375,42.8605],[-2.5465,42.855],[-2.5435,42.855],[-2.543,42.8545],[-2.5425,42.8545],[-2.542,42.8545],[-2.5395,42.8535],[-2.5385,42.854],[-2.5365,42.8545],[-2.536,42.854],[-2.5355,42.8535],[-2.535,42.8535],[-2.531,42.8535]]],[[[-2.51,42.832],[-2.506,42.8265],[-2.5055,42.8265],[-2.505,42.8265],[-2.505,42.826],[-2.5045,42.826],[-2.5045,42.8255],[-2.504,42.8255],[-2.5035,42.8255],[-2.5035,42.826],[-2.5015,42.8305],[-2.502,42.8315],[-2.5025,42.833],[-2.5055,42.834],[-2.5065,42.834],[-2.508,42.834],[-2.5085,42.834],[-2.509,42.834],[-2.5095,42.834],[-2.5125,42.8335],[-2.5115,42.833],[-2.51,42.832]]],[[[-2.4005,42.8835],[-2.4015,42.8885],[-2.4015,42.8895],[-2.408,42.8895],[-2.4075,42.8885],[-2.4075,42.888],[-2.4095,42.8875],[-2.401,42.881],[-2.401,42.879],[-2.3995,42.8785],[-2.3995,42.882],[-2.4005,42.883],[-2.4005,42.8835]]],[[[-2.358,42.6775],[-2.354,42.68],[-2.354,42.6805],[-2.355,42.681],[-2.355,42.6815],[-2.3555,42.6815],[-2.356,42.6815],[-2.356,42.682],[-2.3565,42.682],[-2.357,42.6825],[-2.3575,42.6825],[-2.358,42.683],[-2.358,42.6835],[-2.3585,42.6835],[-2.361,42.6855],[-2.361,42.686],[-2.3605,42.683],[-2.3605,42.682],[-2.3605,42.6815],[-2.3605,42.681],[-2.361,42.679],[-2.36,42.679],[-2.358,42.6775]]]]},"properties":{"APTITUD":"ALTA"}},
{"type":"Feature","geometry":{"type":"MultiPolygon","coordinates":[[[[-3.409,43.1715],[-3.4095,43.171],[-3.41,43.1705],[-3.4105,43.1695],[-3.4005,43.173],[-3.4005,43.175],[-3.397,43.177],[-3.395,43.178],[-3.3945,43.1775],[-3.3945,43.178],[-3.395,43.178],[-3.3955,43.1785],[-3.396,43.179],[-3.3965,43.1795],[-3.393,43.178],[-3.393,43.1775],[-3.393,43.177],[-3.3925,43.177],[-3.3905,43.179],[-3.3935,43.1815],[-3.385,43.1835],[-3.384,43.185],[-3.39,43.1855],[-3.397,43.183],[-3.399,43.1885],[-3.4065,43.1895],[-3.407,43.189],[-3.4065,43.188],[-3.4065,43.1865],[-3.407,43.1865],[-3.4075,43.186],[-3.408,43.1855],[-3.409,43.1845],[-3.4095,43.184],[-3.41,43.1835],[-3.4095,43.183],[-3.4095,43.1825],[-3.4095,43.1815],[-3.4095,43.18],[-3.409,43.1795],[-3.4085,43.1795],[-3.408,43.179],[-3.407,43.1785],[-3.407,43.178],[-3.406,43.1775],[-3.4055,43.176],[-3.406,43.176],[-3.4065,43.1755],[-3.4065,43.175],[-3.407,43.175],[-3.408,43.1735],[-3.409,43.1725],[-3.409,43.172],[-3.409,43.1715]]],[[[-3.4185,43.189],[-3.42,43.1895],[-3.421,43.1895],[-3.426,43.1885],[-3.4285,43.184],[-3.4285,43.1835],[-3.429,43.182],[-3.428,43.182],[-3.424,43.1815],[-3.426,43.1755],[-3.416,43.1775],[-3.4155,43.1775],[-3.415,43.1775],[-3.4145,43.178],[-3.414,43.1785],[-3.4135,43.1795],[-3.414,43.18],[-3.4145,43.18],[-3.415,43.18],[-3.416,43.1805],[-3.4175,43.1805],[-3.419,43.1805],[-3.4185,43.1815],[-3.4185,43.182],[-3.418,43.1825],[-3.4185,43.1825],[-3.4185,43.183],[-3.4165,43.185],[-3.416,43.185],[-3.4155,43.1855],[-3.415,43.186],[-3.4185,43.189]]],[[[-3.237,43.1905],[-3.239,43.1875],[-3.2385,43.187],[-3.2385,43.1865],[-3.2375,43.1865],[-3.238,43.186],[-3.2375,43.186],[-3.237,43.186],[-3.236,43.1855],[-3.2365,43.1855],[-3.237,43.1855],[-3.237,43.185],[-3.237,43.1845],[-3.2355,43.184],[-3.2345,43.1845],[-3.2345,43.185],[-3.2315,43.1875],[-3.2285,43.1905],[-3.2305,43.1935],[-3.2335,43.1945],[-3.234,43.1945],[-3.235,43.195],[-3.238,43.196],[-3.239,43.196],[-3.2395,43.196],[-3.248,43.1955],[-3.247,43.1945],[-3.2445,43.191],[-3.244,43.1905],[-3.243,43.1895],[-3.2425,43.1895],[-3.242,43.1895],[-3.24,43.1885],[-3.2395,43.188],[-3.2395,43.1875],[-3.239,43.1875],[-3.237,43.1905]]],[[[-3.2485,43.267],[-3.25,43.2675],[-3.25,43.267],[-3.2505,43.2655],[-3.2525,43.263],[-3.253,43.263],[-3.253,43.2625],[-3.2535,43.262],[-3.252,43.2615],[-3.2515,43.261],[-3.251,43.261],[-3.2505,43.2605],[-3.25,43.2605],[-3.25,43.26],[-3.2495,43.26],[-3.249,43.2595],[-3.2415,43.258],[-3.242,43.2615],[-3.244,43.262],[-3.2435,43.262],[-3.244,43.262],[-3.244,43.2625],[-3.2435,43.2625],[-3.2435,43.263],[-3.244,43.265],[-3.246,43.2655],[-3.2485,43.266],[-3.2485,43.267]]],[[[-3.236,43.285],[-3.236,43.283],[-3.2375,43.2795],[-3.233,43.278],[-3.227,43.2795],[-3.2205,43.2835],[-3.2235,43.2865],[-3.224,43.2865],[-3.2285,43.2825],[-3.2285,43.2865],[-3.229,43.287],[-3.231,43.2875],[-3.233,43.2885],[-3.2355,43.289],[-3.242,43.289],[-3.241,43.288],[-3.2405,43.288],[-3.2395,43.2875],[-3.238,43.2855],[-3.237,43.285],[-3.236,43.285]]],[[[-3.2115,42.9045],[-3.2185,42.903],[-3.216,42.899],[-3.2145,42.899],[-3.2125,42.898],[-3.2105,42.897],[-3.209,42.8975],[-3.2075,42.896],[-3.201,42.896],[-3.197,42.896],[-3.1955,42.891],[-3.192,42.8895],[-3.1925,42.894],[-3.197,42.9],[-3.203,42.8995],[-3.211,42.904],[-3.2115,42.9045]]],[[[-3.2035,42.9125],[-3.1945,42.907],[-3.194,42.91],[-3.1945,42.9115],[-3.1955,42.9155],[-3.194,42.916],[-3.1935,42.916],[-3.1955,42.9215],[-3.1965,42.9215],[-3.199,42.9195],[-3.202,42.9155],[-3.2035,42.9125]]],[[[-3.2105,43.208],[-3.2105,43.2075],[-3.2095,43.2075],[-3.2075,43.208],[-3.207,43.208],[-3.2065,43.212],[-3.207,43.212],[-3.2115,43.212],[-3.212,43.211],[-3.211,43.2085],[-3.2105,43.2085],[-3.2105,43.208]]],[[[-3.2315,43.2185],[-3.2325,43.214],[-3.232,43.2145],[-3.2315,43.2145],[-3.231,43.2145],[-3.23,43.2145],[-3.2295,43.215],[-3.2285,43.215],[-3.2295,43.215],[-3.2295,43.2145],[-3.2305,43.2145],[-3.2305,43.214],[-3.2315,43.214],[-3.232,43.214],[-3.2325,43.2135],[-3.233,43.2135],[-3.233,43.213],[-3.2325,43.2125],[-3.233,43.2125],[-3.233,43.212],[-3.2325,43.211],[-3.232,43.211],[-3.232,43.2105],[-3.232,43.21],[-3.232,43.209],[-3.234,43.213],[-3.234,43.2135],[-3.234,43.214],[-3.2355,43.213],[-3.236,43.213],[-3.236,43.2125],[-3.2365,43.2125],[-3.237,43.212],[-3.2375,43.212],[-3.2375,43.2115],[-3.2345,43.21],[-3.243,43.2065],[-3.244,43.204],[-3.245,43.2035],[-3.2455,43.202],[-3.245,43.2015],[-3.243,43.2025],[-3.239,43.2005],[-3.2345,43.2005],[-3.2325,43.2],[-3.232,43.2],[-3.23,43.2],[-3.23,43.202],[-3.231,43.203],[-3.2305,43.204],[-3.227,43.2025],[-3.2275,43.203],[-3.228,43.203],[-3.23,43.203],[-3.23,43.2025],[-3.23,43.202],[-3.2295,43.2005],[-3.2265,43.201],[-3.226,43.2005],[-3.2255,43.2005],[-3.225,43.2],[-3.2245,43.1995],[-3.224,43.1995],[-3.224,43.2005],[-3.224,43.201],[-3.225,43.203],[-3.2235,43.2025],[-3.223,43.2045],[-3.2195,43.2045],[-3.22,43.205],[-3.2205,43.205],[-3.2225,43.207],[-3.223,43.2075],[-3.22,43.2085],[-3.2205,43.209],[-3.221,43.2095],[-3.2215,43.2095],[-3.222,43.21],[-3.222,43.2105],[-3.2225,43.2105],[-3.2225,43.211],[-3.222,43.2105],[-3.222,43.21],[-3.221,43.21],[-3.2195,43.2085],[-3.2175,43.208],[-3.2165,43.2075],[-3.215,43.2075],[-3.215,43.207],[-3.2145,43.207],[-3.2145,43.2075],[-3.2145,43.208],[-3.2115,43.209],[-3.212,43.211],[-3.212,43.212],[-3.2115,43.213],[-3.2115,43.2135],[-3.2125,43.2145],[-3.2115,43.2135],[-3.2115,43.212],[-3.2105,43.214],[-3.2095,43.2135],[-3.2085,43.2125],[-3.208,43.213],[-3.2075,43.2125],[-3.207,43.2125],[-3.207,43.212],[-3.206,43.2115],[-3.2055,43.211],[-3.2055,43.212],[-3.205,43.212],[-3.2055,43.213],[-3.2055,43.2135],[-3.206,43.2135],[-3.2055,43.2135],[-3.2055,43.213],[-3.205,43.2125],[-3.2045,43.2125],[-3.2045,43.214],[-3.204,43.2145],[-3.204,43.214],[-3.204,43.2135],[-3.2035,43.2125],[-3.2035,43.212],[-3.204,43.212],[-3.204,43.2115],[-3.205,43.208],[-3.205,43.2075],[-3.2045,43.2065],[-3.205,43.2055],[-3.2045,43.2045],[-3.2065,43.2035],[-3.2065,43.203],[-3.2045,43.202],[-3.2025,43.202],[-3.203,43.2025],[-3.204,43.203],[-3.2005,43.204],[-3.1995,43.2025],[-3.2,43.204],[-3.1985,43.202],[-3.1975,43.203],[-3.1995,43.204],[-3.2005,43.205],[-3.201,43.2055],[-3.197,43.208],[-3.1965,43.208],[-3.1965,43.2075],[-3.1965,43.207],[-3.1965,43.2065],[-3.1965,43.205],[-3.1955,43.2045],[-3.195,43.2045],[-3.1945,43.2045],[-3.19,43.205],[-3.1865,43.2065],[-3.1885,43.2065],[-3.189,43.2075],[-3.1865,43.2075],[-3.186,43.207],[-3.1825,43.207],[-3.182,43.207],[-3.1815,43.207],[-3.1825,43.2085],[-3.184,43.21],[-3.1885,43.2135],[-3.199,43.215],[-3.2025,43.2185],[-3.203,43.2185],[-3.2035,43.2185],[-3.2055,43.218],[-3.207,43.218],[-3.207,43.2175],[-3.208,43.217],[-3.209,43.2175],[-3.212,43.2175],[-3.2125,43.218],[-3.214,43.218],[-3.2145,43.218],[-3.217,43.2175],[-3.2175,43.218],[-3.2125,43.2185],[-3.211,43.219],[-3.21,43.219],[-3.207,43.219],[-3.204,43.2195],[-3.1955,43.223],[-3.1965,43.224],[-3.198,43.225],[-3.198,43.2255],[-3.2,43.226],[-3.2005,43.226],[-3.2015,43.2255],[-3.202,43.2255],[-3.202,43.226],[-3.206,43.226],[-3.2065,43.226],[-3.207,43.2255],[-3.208,43.225],[-3.2085,43.224],[-3.2065,43.224],[-3.21,43.2235],[-3.212,43.2245],[-3.2125,43.2225],[-3.214,43.2225],[-3.2145,43.223],[-3.2145,43.2235],[-3.2145,43.224],[-3.2155,43.225],[-3.216,43.2255],[-3.2185,43.222],[-3.22,43.222],[-3.223,43.221],[-3.2235,43.2215],[-3.224,43.222],[-3.2255,43.222],[-3.226,43.222],[-3.2265,43.222],[-3.2275,43.222],[-3.228,43.2215],[-3.2295,43.222],[-3.23,43.222],[-3.231,43.222],[-3.2315,43.2215],[-3.2315,43.221],[-3.231,43.2205],[-3.2305,43.2205],[-3.23,43.22],[-3.23,43.2195],[-3.2305,43.22],[-3.231,43.22],[-3.2315,43.2195],[-3.2315,43.2185]]],[[[-3.163,42.8805],[-3.152,42.8875],[-3.155,42.8935],[-3.1635,42.89],[-3.1655,42.884],[-3.163,42.8805]]],[[[-3.176,42.91],[-3.174,42.9125],[-3.1735,42.915],[-3.1795,42.914],[-3.1805,42.909],[-3.18,42.909],[-3.1795,42.909],[-3.1765,42.909],[-3.176,42.91]]],[[[-3.1645,43.1975],[-3.168,43.197],[-3.169,43.1935],[-3.169,43.193],[-3.1685,43.191],[-3.1695,43.188],[-3.1695,43.1875],[-3.1695,43.187],[-3.169,43.185],[-3.167,43.185],[-3.167,43.183],[-3.1685,43.1825],[-3.168,43.18],[-3.1665,43.1815],[-3.1665,43.1825],[-3.167,43.1825],[-3.167,43.183],[-3.165,43.185],[-3.1625,43.185],[-3.1645,43.1895],[-3.1645,43.19],[-3.163,43.1905],[-3.1625,43.1985],[-3.163,43.1985],[-3.1635,43.198],[-3.1645,43.1975]]],[[[-3.178,43.2695],[-3.178,43.27],[-3.177,43.271],[-3.177,43.2715],[-3.1775,43.2715],[-3.178,43.271],[-3.179,43.2715],[-3.179,43.272],[-3.1805,43.271],[-3.181,43.271],[-3.187,43.2705],[-3.189,43.2705],[-3.1895,43.27],[-3.19,43.27],[-3.19,43.2695],[-3.1885,43.2645],[-3.1885,43.264],[-3.188,43.2635],[-3.187,43.2635],[-3.186,43.2635],[-3.1775,43.2645],[-3.177,43.2645],[-3.1745,43.265],[-3.1725,43.264],[-3.1715,43.264],[-3.169,43.2665],[-3.1695,43.2695],[-3.1715,43.2695],[-3.1725,43.269],[-3.173,43.269],[-3.1745,43.269],[-3.175,43.269],[-3.1755,43.269],[-3.1765,43.269],[-3.177,43.269],[-3.1775,43.2695],[-3.178,43.2695]]],[[[-3.156,43.1575],[-3.156,43.157],[-3.1565,43.157],[-3.1565,43.1565],[-3.1565,43.1555],[-3.1555,43.155],[-3.155,43.155],[-3.155,43.1545],[-3.1545,43.1545],[-3.154,43.1545],[-3.154,43.154],[-3.1535,43.154],[-3.153,43.154],[-3.1525,43.154],[-3.152,43.1535],[-3.1515,43.1535],[-3.151,43.1535],[-3.1515,43.1535],[-3.1515,43.153],[-3.149,43.153],[-3.1475,43.153],[-3.1475,43.1525],[-3.1465,43.1525],[-3.146,43.1525],[-3.1455,43.1525],[-3.1445,43.152],[-3.144,43.152],[-3.1435,43.152],[-3.143,43.152],[-3.1425,43.152],[-3.1415,43.151],[-3.141,43.151],[-3.1415,43.151],[-3.142,43.151],[-3.1425,43.151],[-3.15,43.152],[-3.15,43.1495],[-3.15,43.149],[-3.1495,43.148],[-3.149,43.148],[-3.1485,43.1475],[-3.1445,43.147],[-3.141,43.146],[-3.1415,43.1465],[-3.1415,43.147],[-3.1425,43.1475],[-3.1425,43.148],[-3.1445,43.1485],[-3.1445,43.149],[-3.1435,43.15],[-3.142,43.149],[-3.141,43.1485],[-3.1415,43.148],[-3.14,43.148],[-3.1385,43.148],[-3.139,43.147],[-3.1385,43.146],[-3.137,43.1445],[-3.1365,43.145],[-3.136,43.1455],[-3.136,43.146],[-3.1355,43.146],[-3.1355,43.147],[-3.136,43.1475],[-3.136,43.1485],[-3.1355,43.1475],[-3.1355,43.146],[-3.136,43.145],[-3.1365,43.145],[-3.136,43.1435],[-3.1355,43.1435],[-3.135,43.143],[-3.1345,43.143],[-3.134,43.143],[-3.133,43.143],[-3.1325,43.1435],[-3.132,43.1435],[-3.131,43.1435],[-3.1305,43.1435],[-3.1305,43.144],[-3.131,43.1445],[-3.1315,43.1445],[-3.1315,43.145],[-3.132,43.145],[-3.132,43.144],[-3.134,43.145],[-3.133,43.147],[-3.133,43.1475],[-3.134,43.1485],[-3.134,43.149],[-3.133,43.148],[-3.133,43.1475],[-3.133,43.147],[-3.1325,43.147],[-3.1325,43.1465],[-3.1325,43.146],[-3.1325,43.1455],[-3.132,43.1455],[-3.132,43.145],[-3.1315,43.145],[-3.1315,43.1445],[-3.131,43.1445],[-3.1305,43.1445],[-3.13,43.1435],[-3.1295,43.1435],[-3.129,43.1435],[-3.129,43.143],[-3.121,43.145],[-3.1215,43.1455],[-3.1205,43.1455],[-3.1155,43.145],[-3.114,43.1445],[-3.1145,43.1445],[-3.1145,43.145],[-3.115,43.145],[-3.1155,43.1455],[-3.116,43.1455],[-3.1165,43.146],[-3.117,43.146],[-3.117,43.1465],[-3.1175,43.1465],[-3.118,43.1465],[-3.118,43.147],[-3.126,43.1505],[-3.126,43.151],[-3.1305,43.153],[-3.131,43.153],[-3.1315,43.153],[-3.132,43.153],[-3.1335,43.156],[-3.1335,43.1565],[-3.134,43.1565],[-3.134,43.157],[-3.1345,43.157],[-3.135,43.157],[-3.137,43.1545],[-3.1385,43.1555],[-3.139,43.1555],[-3.1395,43.1555],[-3.1395,43.156],[-3.1385,43.1595],[-3.144,43.157],[-3.145,43.157],[-3.148,43.157],[-3.1485,43.157],[-3.15,43.156],[-3.1495,43.1555],[-3.15,43.156],[-3.1485,43.157],[-3.1555,43.1575],[-3.156,43.1575]]],[[[-3.153,43.228],[-3.1505,43.226],[-3.1505,43.2255],[-3.151,43.226],[-3.152,43.225],[-3.1505,43.2235],[-3.1495,43.223],[-3.149,43.2225],[-3.1485,43.2225],[-3.1485,43.223],[-3.148,43.2215],[-3.1485,43.2215],[-3.1485,43.221],[-3.149,43.221],[-3.1485,43.2195],[-3.148,43.219],[-3.1475,43.219],[-3.147,43.2185],[-3.1465,43.2185],[-3.1455,43.2175],[-3.143,43.218],[-3.143,43.2185],[-3.1435,43.2185],[-3.145,43.2195],[-3.146,43.221],[-3.147,43.221],[-3.1475,43.221],[-3.147,43.2225],[-3.1465,43.223],[-3.147,43.223],[-3.1475,43.223],[-3.1475,43.2235],[-3.147,43.224],[-3.1475,43.229],[-3.148,43.23],[-3.1425,43.2275],[-3.1425,43.227],[-3.142,43.225],[-3.142,43.224],[-3.142,43.2235],[-3.1425,43.224],[-3.1435,43.2225],[-3.1455,43.223],[-3.1445,43.2225],[-3.144,43.2225],[-3.1435,43.222],[-3.143,43.222],[-3.143,43.2215],[-3.1425,43.221],[-3.142,43.221],[-3.142,43.2205],[-3.1415,43.2205],[-3.1415,43.22],[-3.1355,43.221],[-3.136,43.2215],[-3.1365,43.222],[-3.137,43.2225],[-3.138,43.222],[-3.138,43.2225],[-3.138,43.223],[-3.1385,43.2245],[-3.138,43.224],[-3.139,43.228],[-3.1375,43.2285],[-3.1375,43.229],[-3.136,43.2315],[-3.1345,43.228],[-3.1365,43.2275],[-3.1365,43.227],[-3.1365,43.2265],[-3.1355,43.224],[-3.135,43.224],[-3.135,43.2235],[-3.134,43.223],[-3.1325,43.222],[-3.132,43.2215],[-3.132,43.222],[-3.132,43.2235],[-3.1315,43.224],[-3.1315,43.2245],[-3.13,43.226],[-3.13,43.2265],[-3.1325,43.2285],[-3.133,43.229],[-3.1315,43.2295],[-3.131,43.229],[-3.1275,43.2275],[-3.1265,43.228],[-3.126,43.228],[-3.1255,43.228],[-3.1245,43.228],[-3.1215,43.228],[-3.122,43.2285],[-3.1225,43.2285],[-3.1225,43.229],[-3.123,43.2295],[-3.1225,43.2295],[-3.1215,43.231],[-3.1215,43.2315],[-3.121,43.232],[-3.1205,43.2335],[-3.121,43.2335],[-3.1215,43.234],[-3.1215,43.233],[-3.122,43.2335],[-3.1225,43.2355],[-3.1225,43.236],[-3.121,43.2365],[-3.1185,43.236],[-3.1185,43.235],[-3.119,43.2345],[-3.1195,43.235],[-3.12,43.235],[-3.12,43.2355],[-3.122,43.235],[-3.122,43.2345],[-3.1215,43.2345],[-3.12,43.2335],[-3.1205,43.2315],[-3.121,43.231],[-3.122,43.229],[-3.122,43.2285],[-3.1215,43.2285],[-3.121,43.228],[-3.1205,43.2275],[-3.117,43.2245],[-3.117,43.224],[-3.1165,43.2235],[-3.1155,43.223],[-3.1145,43.225],[-3.114,43.2245],[-3.111,43.227],[-3.11,43.2285],[-3.11,43.229],[-3.11,43.2295],[-3.1095,43.2295],[-3.109,43.229],[-3.1095,43.2285],[-3.11,43.2275],[-3.1105,43.227],[-3.112,43.225],[-3.111,43.2245],[-3.1105,43.2245],[-3.1085,43.225],[-3.11,43.224],[-3.11,43.223],[-3.11,43.2225],[-3.109,43.2215],[-3.104,43.221],[-3.105,43.2205],[-3.105,43.22],[-3.105,43.219],[-3.1055,43.2185],[-3.1055,43.218],[-3.104,43.218],[-3.1035,43.218],[-3.1025,43.218],[-3.0975,43.2265],[-3.098,43.2265],[-3.0985,43.2265],[-3.0985,43.227],[-3.099,43.227],[-3.099,43.2275],[-3.0985,43.2275],[-3.0985,43.227],[-3.099,43.228],[-3.1,43.228],[-3.1,43.2285],[-3.1005,43.229],[-3.101,43.229],[-3.1015,43.2295],[-3.102,43.23],[-3.1025,43.2305],[-3.1035,43.23],[-3.104,43.231],[-3.1045,43.231],[-3.1055,43.2325],[-3.106,43.2325],[-3.1065,43.233],[-3.1085,43.234],[-3.11,43.235],[-3.1105,43.235],[-3.1115,43.2355],[-3.112,43.236],[-3.113,43.236],[-3.1135,43.2355],[-3.117,43.2375],[-3.1175,43.2375],[-3.1185,43.2375],[-3.119,43.238],[-3.1205,43.238],[-3.121,43.238],[-3.1225,43.239],[-3.1255,43.2385],[-3.126,43.238],[-3.126,43.2385],[-3.128,43.2385],[-3.131,43.2345],[-3.139,43.233],[-3.1395,43.2335],[-3.1395,43.234],[-3.14,43.2345],[-3.142,43.2365],[-3.142,43.237],[-3.1355,43.235],[-3.133,43.2375],[-3.132,43.2375],[-3.131,43.238],[-3.1305,43.239],[-3.1325,43.2395],[-3.133,43.2405],[-3.134,43.2415],[-3.1345,43.2415],[-3.135,43.2415],[-3.1355,43.2415],[-3.135,43.242],[-3.1365,43.244],[-3.139,43.2445],[-3.1395,43.2445],[-3.139,43.243],[-3.142,43.2405],[-3.141,43.2405],[-3.14,43.2405],[-3.1395,43.2405],[-3.1385,43.2405],[-3.138,43.241],[-3.138,43.2405],[-3.139,43.24],[-3.1405,43.24],[-3.1405,43.2395],[-3.141,43.2395],[-3.1415,43.24],[-3.142,43.24],[-3.1425,43.24],[-3.1425,43.2405],[-3.146,43.2405],[-3.147,43.2405],[-3.1475,43.2405],[-3.1475,43.241],[-3.149,43.241],[-3.15,43.241],[-3.156,43.2375],[-3.153,43.2365],[-3.1525,43.2375],[-3.152,43.238],[-3.153,43.236],[-3.154,43.2315],[-3.1495,43.2295],[-3.1495,43.229],[-3.149,43.2285],[-3.15,43.229],[-3.1505,43.2295],[-3.1545,43.23],[-3.153,43.228]]],[[[-3.1415,43.3085],[-3.137,43.3055],[-3.1355,43.305],[-3.134,43.304],[-3.136,43.3045],[-3.1355,43.304],[-3.1365,43.3045],[-3.137,43.305],[-3.137,43.3035],[-3.1375,43.3035],[-3.1355,43.303],[-3.137,43.303],[-3.137,43.3025],[-3.1345,43.3025],[-3.134,43.3025],[-3.1335,43.302],[-3.132,43.301],[-3.128,43.301],[-3.128,43.3005],[-3.1275,43.3005],[-3.127,43.3005],[-3.1265,43.3],[-3.126,43.3005],[-3.126,43.301],[-3.125,43.3015],[-3.125,43.301],[-3.126,43.301],[-3.126,43.3005],[-3.1255,43.3005],[-3.1245,43.3005],[-3.123,43.3005],[-3.1225,43.3015],[-3.122,43.304],[-3.122,43.3045],[-3.1225,43.3055],[-3.1235,43.3055],[-3.124,43.3055],[-3.1235,43.305],[-3.124,43.3045],[-3.125,43.305],[-3.1255,43.305],[-3.126,43.305],[-3.1265,43.305],[-3.1265,43.3055],[-3.126,43.3055],[-3.1255,43.3055],[-3.125,43.3055],[-3.127,43.306],[-3.1275,43.306],[-3.127,43.3065],[-3.1365,43.3115],[-3.1355,43.3105],[-3.1355,43.31],[-3.137,43.3115],[-3.1415,43.3085]]],[[[-3.111,43.074],[-3.1105,43.0735],[-3.11,43.0735],[-3.1065,43.074],[-3.1085,43.072],[-3.1095,43.07],[-3.1035,43.07],[-3.105,43.075],[-3.1025,43.076],[-3.1,43.0825],[-3.1005,43.0835],[-3.1005,43.084],[-3.1035,43.084],[-3.1075,43.0815],[-3.111,43.079],[-3.112,43.0745],[-3.112,43.074],[-3.111,43.074]]],[[[-3.1325,43.156],[-3.127,43.154],[-3.1185,43.148],[-3.12,43.149],[-3.1205,43.1495],[-3.1215,43.1515],[-3.121,43.1515],[-3.1215,43.1515],[-3.1205,43.1495],[-3.1185,43.148],[-3.1185,43.1475],[-3.118,43.147],[-3.117,43.146],[-3.1165,43.146],[-3.116,43.1455],[-3.1155,43.1455],[-3.113,43.144],[-3.1125,43.144],[-3.1125,43.1435],[-3.112,43.1435],[-3.1105,43.146],[-3.111,43.148],[-3.1115,43.1485],[-3.112,43.1485],[-3.1115,43.1485],[-3.1185,43.1575],[-3.1155,43.159],[-3.1135,43.157],[-3.1105,43.1575],[-3.1125,43.158],[-3.111,43.159],[-3.11,43.1595],[-3.11,43.161],[-3.11,43.1615],[-3.109,43.1635],[-3.1085,43.164],[-3.1035,43.1665],[-3.103,43.1665],[-3.111,43.166],[-3.1105,43.166],[-3.1115,43.1655],[-3.112,43.166],[-3.116,43.1675],[-3.1165,43.1665],[-3.1155,43.1665],[-3.115,43.1655],[-3.116,43.165],[-3.1165,43.164],[-3.1185,43.159],[-3.122,43.1565],[-3.128,43.1585],[-3.1285,43.1585],[-3.1285,43.159],[-3.1285,43.16],[-3.129,43.16],[-3.136,43.1595],[-3.136,43.159],[-3.136,43.1585],[-3.1355,43.158],[-3.135,43.158],[-3.135,43.1575],[-3.1345,43.157],[-3.134,43.157],[-3.1335,43.1565],[-3.133,43.156],[-3.1325,43.156],[-3.1305,43.156],[-3.1295,43.156],[-3.129,43.1555],[-3.1295,43.1555],[-3.1295,43.156],[-3.1305,43.156],[-3.1325,43.156]]],[[[-3.1385,43.194],[-3.14,43.194],[-3.1435,43.191],[-3.1435,43.1905],[-3.1435,43.19],[-3.144,43.188],[-3.1445,43.1855],[-3.1445,43.185],[-3.145,43.185],[-3.1455,43.183],[-3.1455,43.1825],[-3.1465,43.1805],[-3.147,43.1805],[-3.147,43.181],[-3.1485,43.18],[-3.1485,43.1775],[-3.142,43.178],[-3.142,43.1785],[-3.141,43.179],[-3.1405,43.18],[-3.14,43.18],[-3.139,43.1805],[-3.1385,43.1805],[-3.139,43.1795],[-3.1395,43.1795],[-3.14,43.1795],[-3.14,43.179],[-3.1405,43.1785],[-3.141,43.1785],[-3.1415,43.178],[-3.1425,43.1765],[-3.142,43.176],[-3.142,43.1755],[-3.139,43.172],[-3.1385,43.1715],[-3.138,43.1715],[-3.1375,43.1705],[-3.1355,43.1715],[-3.136,43.172],[-3.1365,43.172],[-3.1365,43.1725],[-3.1355,43.1715],[-3.135,43.1715],[-3.1395,43.1755],[-3.137,43.177],[-3.136,43.1775],[-3.1365,43.1775],[-3.137,43.1775],[-3.1375,43.178],[-3.1385,43.179],[-3.137,43.181],[-3.1345,43.178],[-3.135,43.178],[-3.135,43.177],[-3.1345,43.177],[-3.1345,43.1765],[-3.1335,43.176],[-3.133,43.1755],[-3.133,43.175],[-3.132,43.175],[-3.1325,43.174],[-3.1325,43.1735],[-3.132,43.1725],[-3.1315,43.172],[-3.131,43.172],[-3.1305,43.172],[-3.1305,43.1725],[-3.13,43.1725],[-3.1295,43.173],[-3.1285,43.173],[-3.1285,43.174],[-3.128,43.174],[-3.128,43.175],[-3.128,43.177],[-3.127,43.177],[-3.127,43.1765],[-3.1275,43.1765],[-3.1275,43.176],[-3.1275,43.1755],[-3.128,43.174],[-3.1285,43.173],[-3.1295,43.173],[-3.13,43.1725],[-3.1305,43.1725],[-3.1305,43.172],[-3.131,43.1715],[-3.1305,43.171],[-3.13,43.171],[-3.13,43.1705],[-3.13,43.17],[-3.1295,43.17],[-3.1295,43.1695],[-3.129,43.1695],[-3.129,43.169],[-3.1285,43.169],[-3.1285,43.1685],[-3.1285,43.168],[-3.1285,43.1675],[-3.128,43.1675],[-3.128,43.167],[-3.1275,43.167],[-3.122,43.1685],[-3.123,43.17],[-3.1235,43.17],[-3.123,43.17],[-3.122,43.1685],[-3.1175,43.1685],[-3.1175,43.169],[-3.118,43.1695],[-3.12,43.171],[-3.1215,43.175],[-3.121,43.175],[-3.1215,43.176],[-3.122,43.176],[-3.1215,43.176],[-3.121,43.175],[-3.12,43.175],[-3.1205,43.1755],[-3.1205,43.1765],[-3.121,43.177],[-3.1215,43.1775],[-3.1215,43.178],[-3.122,43.178],[-3.1225,43.179],[-3.123,43.179],[-3.123,43.1795],[-3.1235,43.18],[-3.1235,43.1805],[-3.123,43.1795],[-3.1225,43.179],[-3.122,43.178],[-3.1215,43.178],[-3.1215,43.1775],[-3.12,43.1775],[-3.1195,43.1765],[-3.12,43.1765],[-3.12,43.176],[-3.1205,43.176],[-3.1205,43.1755],[-3.12,43.1755],[-3.12,43.175],[-3.12,43.1745],[-3.1195,43.1745],[-3.1195,43.174],[-3.1195,43.1735],[-3.119,43.1735],[-3.119,43.173],[-3.119,43.1725],[-3.1185,43.1715],[-3.1185,43.171],[-3.1185,43.1705],[-3.118,43.1705],[-3.1175,43.17],[-3.118,43.1695],[-3.1175,43.169],[-3.1175,43.1685],[-3.1105,43.169],[-3.11,43.169],[-3.1095,43.169],[-3.106,43.1695],[-3.1065,43.17],[-3.1065,43.1705],[-3.11,43.1715],[-3.113,43.173],[-3.1135,43.173],[-3.114,43.1735],[-3.114,43.174],[-3.1145,43.174],[-3.115,43.174],[-3.115,43.175],[-3.1155,43.175],[-3.116,43.176],[-3.116,43.1765],[-3.1155,43.176],[-3.1155,43.177],[-3.117,43.1775],[-3.118,43.178],[-3.118,43.1785],[-3.118,43.179],[-3.1185,43.179],[-3.1185,43.1795],[-3.119,43.1825],[-3.1175,43.1815],[-3.117,43.1825],[-3.1165,43.181],[-3.1175,43.1815],[-3.117,43.181],[-3.1165,43.181],[-3.1165,43.1805],[-3.116,43.18],[-3.1155,43.1795],[-3.115,43.1795],[-3.114,43.179],[-3.1135,43.178],[-3.1135,43.1775],[-3.113,43.1775],[-3.113,43.177],[-3.1105,43.1775],[-3.111,43.177],[-3.1115,43.177],[-3.108,43.1755],[-3.1075,43.1755],[-3.107,43.175],[-3.1065,43.1745],[-3.1075,43.1735],[-3.1075,43.172],[-3.1075,43.1715],[-3.107,43.1715],[-3.107,43.171],[-3.1065,43.1705],[-3.1065,43.17],[-3.106,43.17],[-3.105,43.1715],[-3.1035,43.17],[-3.104,43.169],[-3.103,43.1685],[-3.1025,43.1685],[-3.099,43.1705],[-3.102,43.1755],[-3.1025,43.175],[-3.1025,43.1755],[-3.102,43.1755],[-3.1025,43.176],[-3.1025,43.1755],[-3.103,43.176],[-3.103,43.1765],[-3.1035,43.1765],[-3.103,43.177],[-3.1045,43.1785],[-3.105,43.179],[-3.1045,43.1795],[-3.105,43.18],[-3.103,43.1805],[-3.1055,43.1825],[-3.105,43.1825],[-3.1025,43.1805],[-3.1025,43.181],[-3.1035,43.1815],[-3.1025,43.1805],[-3.102,43.18],[-3.1015,43.1795],[-3.101,43.1795],[-3.1005,43.179],[-3.0995,43.178],[-3.099,43.1785],[-3.1,43.179],[-3.099,43.179],[-3.099,43.1785],[-3.0985,43.177],[-3.098,43.177],[-3.0975,43.1765],[-3.0975,43.177],[-3.096,43.178],[-3.0955,43.1785],[-3.096,43.179],[-3.0955,43.179],[-3.0955,43.1785],[-3.0945,43.179],[-3.0915,43.181],[-3.0915,43.1815],[-3.091,43.182],[-3.0905,43.1825],[-3.09,43.1825],[-3.0895,43.1825],[-3.0905,43.1835],[-3.092,43.1835],[-3.091,43.1835],[-3.0885,43.1835],[-3.089,43.185],[-3.09,43.185],[-3.091,43.1855],[-3.0915,43.1855],[-3.0925,43.1855],[-3.093,43.186],[-3.0935,43.186],[-3.094,43.186],[-3.0955,43.1855],[-3.0975,43.1855],[-3.099,43.185],[-3.0995,43.1845],[-3.099,43.1835],[-3.099,43.183],[-3.099,43.1835],[-3.0995,43.1835],[-3.1005,43.1835],[-3.1,43.184],[-3.1015,43.185],[-3.0975,43.1855],[-3.0955,43.1855],[-3.0955,43.186],[-3.094,43.186],[-3.0935,43.186],[-3.0935,43.187],[-3.0955,43.187],[-3.0945,43.188],[-3.095,43.188],[-3.099,43.1875],[-3.1,43.1875],[-3.099,43.188],[-3.098,43.1895],[-3.098,43.19],[-3.0975,43.1905],[-3.0975,43.191],[-3.0975,43.1915],[-3.098,43.192],[-3.098,43.1925],[-3.0985,43.193],[-3.0985,43.1935],[-3.098,43.1935],[-3.098,43.194],[-3.0975,43.194],[-3.097,43.1955],[-3.097,43.196],[-3.0975,43.196],[-3.0985,43.1965],[-3.099,43.1965],[-3.0995,43.1965],[-3.1,43.1965],[-3.1,43.197],[-3.101,43.1975],[-3.1015,43.1975],[-3.1025,43.1975],[-3.103,43.197],[-3.1035,43.197],[-3.1035,43.1965],[-3.1035,43.196],[-3.1045,43.196],[-3.1055,43.1975],[-3.105,43.198],[-3.1055,43.1985],[-3.107,43.198],[-3.1075,43.1975],[-3.1075,43.198],[-3.107,43.1995],[-3.109,43.1995],[-3.11,43.199],[-3.112,43.1955],[-3.113,43.196],[-3.113,43.1985],[-3.115,43.2],[-3.1165,43.1975],[-3.116,43.1965],[-3.116,43.196],[-3.116,43.1955],[-3.1165,43.195],[-3.1165,43.194],[-3.1165,43.1935],[-3.117,43.1925],[-3.1165,43.1935],[-3.1165,43.194],[-3.1165,43.195],[-3.116,43.196],[-3.116,43.1965],[-3.1165,43.1975],[-3.1185,43.2005],[-3.121,43.2015],[-3.122,43.2035],[-3.123,43.203],[-3.1225,43.2005],[-3.123,43.2],[-3.1205,43.198],[-3.1215,43.198],[-3.1245,43.2],[-3.125,43.2005],[-3.1255,43.2005],[-3.1255,43.201],[-3.126,43.2015],[-3.127,43.201],[-3.127,43.2005],[-3.1265,43.2005],[-3.127,43.2005],[-3.127,43.2],[-3.1265,43.1995],[-3.127,43.2],[-3.1285,43.198],[-3.13,43.1965],[-3.1305,43.1965],[-3.131,43.196],[-3.1315,43.1955],[-3.1295,43.194],[-3.1285,43.194],[-3.129,43.194],[-3.1295,43.194],[-3.13,43.194],[-3.133,43.195],[-3.134,43.1945],[-3.1345,43.193],[-3.1345,43.1925],[-3.134,43.192],[-3.134,43.1915],[-3.134,43.191],[-3.1335,43.191],[-3.1305,43.191],[-3.129,43.1905],[-3.1315,43.188],[-3.1315,43.1875],[-3.131,43.1875],[-3.1305,43.187],[-3.13,43.187],[-3.1305,43.1875],[-3.1285,43.1875],[-3.1295,43.1865],[-3.1295,43.186],[-3.129,43.186],[-3.125,43.186],[-3.1245,43.186],[-3.1255,43.186],[-3.126,43.186],[-3.1275,43.186],[-3.129,43.1855],[-3.129,43.185],[-3.1295,43.185],[-3.13,43.185],[-3.1305,43.183],[-3.1315,43.1825],[-3.133,43.1835],[-3.1335,43.1835],[-3.134,43.1835],[-3.1345,43.183],[-3.1355,43.183],[-3.1355,43.184],[-3.1355,43.1855],[-3.1355,43.1875],[-3.136,43.1895],[-3.138,43.191],[-3.1375,43.1905],[-3.1385,43.19],[-3.139,43.191],[-3.139,43.1915],[-3.1395,43.1915],[-3.139,43.192],[-3.1385,43.194]]],[[[-3.071,42.8735],[-3.071,42.8755],[-3.0715,42.8755],[-3.0715,42.876],[-3.072,42.876],[-3.0725,42.8765],[-3.0735,42.8765],[-3.0735,42.877],[-3.074,42.877],[-3.0745,42.8775],[-3.075,42.878],[-3.0755,42.8785],[-3.0765,42.879],[-3.0775,42.8795],[-3.078,42.88],[-3.0785,42.88],[-3.0785,42.8805],[-3.079,42.881],[-3.0795,42.8815],[-3.08,42.8815],[-3.0805,42.8815],[-3.081,42.8805],[-3.0775,42.876],[-3.077,42.8755],[-3.0765,42.875],[-3.0765,42.8745],[-3.076,42.874],[-3.0735,42.8725],[-3.071,42.8735]]],[[[-3.066,43.0485],[-3.071,43.048],[-3.0705,43.0485],[-3.072,43.0485],[-3.0725,43.0485],[-3.073,43.0475],[-3.0745,43.0455],[-3.0735,43.047],[-3.0745,43.0475],[-3.076,43.0455],[-3.077,43.045],[-3.0765,43.044],[-3.077,43.043],[-3.0795,43.0405],[-3.078,43.0395],[-3.077,43.038],[-3.07,43.04],[-3.0685,43.04],[-3.068,43.04],[-3.0675,43.04],[-3.067,43.041],[-3.064,43.042],[-3.063,43.043],[-3.0635,43.043],[-3.063,43.043],[-3.066,43.0485]]],[[[-3.0585,43.035],[-3.0565,43.0395],[-3.055,43.042],[-3.055,43.0425],[-3.0545,43.0425],[-3.054,43.043],[-3.0535,43.043],[-3.0535,43.0435],[-3.053,43.0435],[-3.052,43.0445],[-3.052,43.045],[-3.0575,43.046],[-3.0595,43.045],[-3.0595,43.0445],[-3.059,43.0445],[-3.0595,43.0435],[-3.06,43.0435],[-3.0605,43.043],[-3.061,43.043],[-3.0615,43.0425],[-3.062,43.0425],[-3.0625,43.0425],[-3.0625,43.042],[-3.0655,43.039],[-3.0635,43.0375],[-3.061,43.0405],[-3.063,43.0365],[-3.0625,43.033],[-3.0585,43.035]]],[[[-3.0605,43.062],[-3.057,43.062],[-3.06,43.0635],[-3.061,43.0635],[-3.0615,43.063],[-3.0615,43.0625],[-3.0625,43.062],[-3.075,43.062],[-3.0745,43.056],[-3.074,43.056],[-3.0685,43.0495],[-3.068,43.0495],[-3.0675,43.05],[-3.0665,43.05],[-3.066,43.055],[-3.0655,43.056],[-3.065,43.0565],[-3.0645,43.057],[-3.064,43.057],[-3.063,43.0575],[-3.063,43.058],[-3.0625,43.058],[-3.062,43.058],[-3.059,43.0585],[-3.059,43.059],[-3.0595,43.0595],[-3.06,43.06],[-3.0625,43.0595],[-3.0605,43.062]]],[[[-3.103,43.1485],[-3.1045,43.149],[-3.1045,43.1465],[-3.1015,43.1465],[-3.097,43.1475],[-3.096,43.147],[-3.096,43.1465],[-3.0955,43.144],[-3.095,43.144],[-3.095,43.1445],[-3.0945,43.144],[-3.095,43.144],[-3.0955,43.1435],[-3.097,43.141],[-3.1,43.141],[-3.1005,43.141],[-3.102,43.14],[-3.103,43.1355],[-3.1,43.136],[-3.0995,43.1355],[-3.101,43.1315],[-3.1,43.1315],[-3.0985,43.132],[-3.0945,43.128],[-3.0945,43.1275],[-3.093,43.1255],[-3.092,43.125],[-3.094,43.124],[-3.0955,43.126],[-3.095,43.1225],[-3.0945,43.1225],[-3.094,43.1225],[-3.093,43.1235],[-3.092,43.1245],[-3.0915,43.1305],[-3.092,43.131],[-3.089,43.128],[-3.0875,43.129],[-3.087,43.129],[-3.0865,43.1295],[-3.086,43.1295],[-3.0855,43.1295],[-3.085,43.13],[-3.0845,43.13],[-3.084,43.1295],[-3.083,43.1295],[-3.082,43.1295],[-3.0815,43.13],[-3.0805,43.13],[-3.08,43.1295],[-3.0795,43.1295],[-3.079,43.1295],[-3.0785,43.1295],[-3.0775,43.1295],[-3.077,43.1295],[-3.079,43.1285],[-3.0805,43.129],[-3.0815,43.129],[-3.084,43.1295],[-3.0845,43.13],[-3.085,43.13],[-3.0855,43.1295],[-3.086,43.1295],[-3.0865,43.1295],[-3.087,43.129],[-3.0875,43.129],[-3.0885,43.128],[-3.089,43.1275],[-3.0895,43.127],[-3.09,43.127],[-3.09,43.1265],[-3.0905,43.1255],[-3.091,43.125],[-3.0915,43.1245],[-3.0895,43.1235],[-3.086,43.1225],[-3.085,43.123],[-3.086,43.1235],[-3.088,43.1245],[-3.088,43.125],[-3.089,43.125],[-3.084,43.1265],[-3.077,43.1275],[-3.0755,43.127],[-3.075,43.127],[-3.0745,43.1265],[-3.084,43.1265],[-3.0875,43.1245],[-3.086,43.124],[-3.0855,43.1235],[-3.083,43.1235],[-3.083,43.124],[-3.0825,43.124],[-3.0815,43.1245],[-3.0815,43.122],[-3.0795,43.1205],[-3.0785,43.1195],[-3.0795,43.1195],[-3.081,43.1185],[-3.0815,43.1185],[-3.082,43.118],[-3.08,43.116],[-3.077,43.114],[-3.0755,43.1145],[-3.0755,43.1155],[-3.0745,43.115],[-3.074,43.115],[-3.075,43.115],[-3.075,43.1145],[-3.077,43.114],[-3.076,43.1135],[-3.075,43.114],[-3.072,43.1135],[-3.0685,43.114],[-3.0685,43.115],[-3.068,43.1145],[-3.0675,43.114],[-3.068,43.108],[-3.0675,43.1085],[-3.0665,43.1115],[-3.066,43.111],[-3.065,43.108],[-3.0645,43.108],[-3.064,43.1115],[-3.062,43.1095],[-3.062,43.109],[-3.0625,43.1085],[-3.0615,43.1085],[-3.055,43.1075],[-3.053,43.105],[-3.053,43.1045],[-3.0525,43.1045],[-3.053,43.108],[-3.057,43.1105],[-3.057,43.11],[-3.0575,43.1105],[-3.058,43.1105],[-3.058,43.111],[-3.0585,43.111],[-3.059,43.1115],[-3.0595,43.1115],[-3.06,43.112],[-3.063,43.1145],[-3.06,43.112],[-3.059,43.112],[-3.059,43.114],[-3.0595,43.1145],[-3.0595,43.115],[-3.06,43.115],[-3.0605,43.1155],[-3.0605,43.116],[-3.061,43.1165],[-3.061,43.117],[-3.0615,43.118],[-3.0615,43.1185],[-3.062,43.1185],[-3.0615,43.1185],[-3.0625,43.1195],[-3.0625,43.12],[-3.0625,43.1195],[-3.0615,43.1185],[-3.0615,43.118],[-3.061,43.1175],[-3.0605,43.1165],[-3.0585,43.114],[-3.058,43.114],[-3.058,43.1135],[-3.0575,43.113],[-3.0575,43.1135],[-3.057,43.1135],[-3.056,43.1135],[-3.0555,43.1135],[-3.056,43.113],[-3.0555,43.113],[-3.056,43.113],[-3.056,43.1125],[-3.0555,43.112],[-3.055,43.1115],[-3.0545,43.1115],[-3.054,43.111],[-3.0535,43.1105],[-3.053,43.1105],[-3.0535,43.1105],[-3.053,43.1105],[-3.052,43.11],[-3.0515,43.1105],[-3.0505,43.1115],[-3.0495,43.112],[-3.049,43.112],[-3.0485,43.1125],[-3.047,43.1125],[-3.046,43.1125],[-3.0455,43.1125],[-3.045,43.1125],[-3.047,43.1175],[-3.0445,43.1155],[-3.041,43.117],[-3.0405,43.1185],[-3.041,43.119],[-3.0425,43.118],[-3.043,43.119],[-3.0435,43.1195],[-3.044,43.12],[-3.0445,43.12],[-3.046,43.1205],[-3.048,43.1195],[-3.049,43.12],[-3.049,43.1205],[-3.05,43.12],[-3.055,43.1215],[-3.055,43.12],[-3.049,43.1175],[-3.049,43.117],[-3.048,43.117],[-3.0485,43.1165],[-3.049,43.117],[-3.0495,43.117],[-3.05,43.117],[-3.0505,43.1175],[-3.051,43.1175],[-3.0515,43.118],[-3.052,43.118],[-3.0525,43.1185],[-3.053,43.1185],[-3.056,43.12],[-3.0585,43.1225],[-3.059,43.123],[-3.0595,43.123],[-3.0605,43.1235],[-3.061,43.124],[-3.062,43.125],[-3.0625,43.125],[-3.0625,43.1255],[-3.063,43.1255],[-3.0635,43.1265],[-3.063,43.126],[-3.0625,43.1255],[-3.0625,43.125],[-3.062,43.125],[-3.061,43.124],[-3.0605,43.1235],[-3.0595,43.123],[-3.059,43.123],[-3.0585,43.1225],[-3.058,43.122],[-3.0575,43.123],[-3.0565,43.122],[-3.056,43.122],[-3.054,43.122],[-3.053,43.122],[-3.0525,43.122],[-3.052,43.1215],[-3.0515,43.1215],[-3.051,43.1215],[-3.0505,43.1215],[-3.0505,43.121],[-3.05,43.121],[-3.0495,43.121],[-3.049,43.1205],[-3.0485,43.1205],[-3.048,43.1205],[-3.046,43.1205],[-3.045,43.1205],[-3.0435,43.12],[-3.043,43.12],[-3.043,43.1205],[-3.042,43.1205],[-3.0405,43.1195],[-3.041,43.119],[-3.0405,43.119],[-3.04,43.119],[-3.04,43.1195],[-3.0375,43.125],[-3.0365,43.1275],[-3.0355,43.129],[-3.036,43.135],[-3.034,43.1365],[-3.0365,43.136],[-3.0435,43.135],[-3.0455,43.1345],[-3.0475,43.1335],[-3.0495,43.1325],[-3.0525,43.134],[-3.0525,43.1345],[-3.053,43.1345],[-3.0555,43.1345],[-3.0565,43.1335],[-3.0575,43.1345],[-3.057,43.1345],[-3.056,43.1345],[-3.054,43.1345],[-3.0535,43.1345],[-3.053,43.1345],[-3.0525,43.1345],[-3.0475,43.134],[-3.047,43.134],[-3.047,43.1345],[-3.047,43.134],[-3.046,43.1345],[-3.0455,43.1345],[-3.045,43.1345],[-3.0445,43.135],[-3.0435,43.1355],[-3.0425,43.1355],[-3.042,43.136],[-3.0415,43.136],[-3.0405,43.136],[-3.0405,43.1365],[-3.0405,43.137],[-3.0415,43.1405],[-3.045,43.1455],[-3.0425,43.1425],[-3.0425,43.143],[-3.043,43.1435],[-3.042,43.1435],[-3.0415,43.146],[-3.0405,43.147],[-3.0395,43.1495],[-3.0385,43.1485],[-3.039,43.152],[-3.039,43.1525],[-3.0435,43.1525],[-3.045,43.152],[-3.0455,43.1515],[-3.046,43.1515],[-3.047,43.1515],[-3.0475,43.151],[-3.048,43.151],[-3.048,43.1505],[-3.043,43.1495],[-3.044,43.1465],[-3.0535,43.1455],[-3.054,43.1455],[-3.0535,43.1455],[-3.0555,43.1475],[-3.056,43.1475],[-3.057,43.1475],[-3.059,43.1455],[-3.0595,43.145],[-3.061,43.1445],[-3.0615,43.1445],[-3.0655,43.146],[-3.066,43.146],[-3.067,43.1485],[-3.066,43.1505],[-3.0645,43.148],[-3.0625,43.1485],[-3.062,43.1485],[-3.0615,43.1485],[-3.06,43.1485],[-3.0605,43.156],[-3.0605,43.1565],[-3.057,43.15],[-3.0565,43.15],[-3.0555,43.15],[-3.055,43.152],[-3.0555,43.1515],[-3.0565,43.1515],[-3.057,43.151],[-3.0575,43.152],[-3.0545,43.152],[-3.0535,43.1525],[-3.053,43.152],[-3.052,43.151],[-3.048,43.151],[-3.048,43.153],[-3.048,43.1535],[-3.0465,43.153],[-3.0455,43.152],[-3.045,43.152],[-3.044,43.152],[-3.044,43.1525],[-3.0435,43.1525],[-3.043,43.1525],[-3.0415,43.1555],[-3.043,43.1575],[-3.037,43.1565],[-3.036,43.157],[-3.0415,43.1585],[-3.042,43.1585],[-3.0405,43.16],[-3.04,43.16],[-3.041,43.1605],[-3.0425,43.1605],[-3.041,43.161],[-3.042,43.1615],[-3.042,43.161],[-3.043,43.1615],[-3.044,43.1615],[-3.045,43.1615],[-3.0445,43.1615],[-3.044,43.1615],[-3.043,43.1615],[-3.0415,43.1615],[-3.0405,43.1615],[-3.04,43.16],[-3.0395,43.1595],[-3.039,43.159],[-3.0385,43.159],[-3.0345,43.1575],[-3.033,43.1575],[-3.033,43.158],[-3.0335,43.1585],[-3.0355,43.16],[-3.0375,43.162],[-3.0405,43.163],[-3.048,43.162],[-3.0485,43.163],[-3.0485,43.1635],[-3.047,43.1645],[-3.0495,43.166],[-3.05,43.166],[-3.0505,43.166],[-3.0525,43.165],[-3.053,43.165],[-3.0525,43.165],[-3.0505,43.166],[-3.05,43.166],[-3.0495,43.1665],[-3.0495,43.1675],[-3.05,43.1695],[-3.047,43.1675],[-3.0435,43.168],[-3.043,43.17],[-3.0435,43.171],[-3.0415,43.171],[-3.0415,43.1715],[-3.0415,43.171],[-3.0405,43.17],[-3.04,43.1695],[-3.0395,43.169],[-3.0375,43.1685],[-3.035,43.1685],[-3.0345,43.1685],[-3.034,43.1685],[-3.032,43.1685],[-3.032,43.169],[-3.0315,43.169],[-3.031,43.169],[-3.0305,43.169],[-3.0295,43.17],[-3.029,43.172],[-3.0315,43.1715],[-3.0325,43.1715],[-3.0355,43.173],[-3.036,43.1735],[-3.037,43.1735],[-3.0365,43.174],[-3.0385,43.175],[-3.039,43.175],[-3.0405,43.1775],[-3.042,43.177],[-3.0425,43.177],[-3.0425,43.1765],[-3.043,43.1765],[-3.043,43.176],[-3.0435,43.176],[-3.043,43.176],[-3.043,43.1765],[-3.042,43.1775],[-3.0415,43.1775],[-3.0415,43.178],[-3.041,43.178],[-3.041,43.1785],[-3.041,43.179],[-3.0405,43.1805],[-3.0415,43.1815],[-3.042,43.182],[-3.0435,43.181],[-3.044,43.181],[-3.0445,43.181],[-3.0455,43.1805],[-3.0455,43.18],[-3.046,43.1805],[-3.0465,43.181],[-3.047,43.181],[-3.047,43.1815],[-3.047,43.183],[-3.049,43.184],[-3.051,43.183],[-3.051,43.1825],[-3.051,43.182],[-3.0505,43.182],[-3.0505,43.1815],[-3.0505,43.181],[-3.05,43.18],[-3.0505,43.1795],[-3.0505,43.179],[-3.0505,43.1785],[-3.0505,43.178],[-3.0505,43.1765],[-3.05,43.1765],[-3.0495,43.1755],[-3.049,43.175],[-3.049,43.1745],[-3.0485,43.174],[-3.048,43.174],[-3.0485,43.174],[-3.049,43.1745],[-3.0505,43.175],[-3.0505,43.176],[-3.0535,43.1765],[-3.0535,43.177],[-3.053,43.177],[-3.0525,43.177],[-3.0525,43.1775],[-3.0535,43.178],[-3.053,43.1795],[-3.053,43.18],[-3.0535,43.1805],[-3.054,43.181],[-3.0555,43.179],[-3.0555,43.1785],[-3.0555,43.1775],[-3.0565,43.177],[-3.056,43.1755],[-3.056,43.175],[-3.0565,43.175],[-3.0565,43.1745],[-3.056,43.174],[-3.0565,43.1735],[-3.0565,43.173],[-3.057,43.173],[-3.0575,43.1725],[-3.0575,43.172],[-3.058,43.1715],[-3.0575,43.171],[-3.058,43.171],[-3.0585,43.1705],[-3.0585,43.17],[-3.059,43.1695],[-3.059,43.169],[-3.059,43.168],[-3.059,43.1675],[-3.0585,43.1675],[-3.059,43.167],[-3.059,43.1665],[-3.059,43.1655],[-3.0585,43.165],[-3.06,43.163],[-3.0595,43.1645],[-3.0605,43.164],[-3.061,43.164],[-3.062,43.1615],[-3.0615,43.1615],[-3.062,43.161],[-3.056,43.1595],[-3.0615,43.157],[-3.0645,43.1575],[-3.0645,43.157],[-3.066,43.159],[-3.066,43.1595],[-3.067,43.16],[-3.0675,43.1605],[-3.0675,43.1615],[-3.067,43.164],[-3.068,43.1645],[-3.068,43.164],[-3.068,43.1645],[-3.071,43.165],[-3.0715,43.165],[-3.071,43.165],[-3.0715,43.1655],[-3.073,43.166],[-3.074,43.1665],[-3.0745,43.1665],[-3.075,43.167],[-3.0755,43.1675],[-3.0765,43.168],[-3.0795,43.1695],[-3.0835,43.171],[-3.0845,43.1705],[-3.0835,43.17],[-3.083,43.17],[-3.0825,43.17],[-3.083,43.1695],[-3.083,43.17],[-3.0835,43.17],[-3.084,43.17],[-3.085,43.17],[-3.0845,43.1705],[-3.086,43.17],[-3.0865,43.1695],[-3.086,43.1695],[-3.082,43.1685],[-3.084,43.166],[-3.0825,43.1655],[-3.082,43.1665],[-3.0805,43.165],[-3.079,43.165],[-3.0785,43.165],[-3.078,43.165],[-3.076,43.164],[-3.0755,43.164],[-3.076,43.164],[-3.0785,43.165],[-3.0795,43.165],[-3.08,43.165],[-3.081,43.1645],[-3.0825,43.1645],[-3.077,43.1625],[-3.079,43.159],[-3.079,43.1585],[-3.0735,43.1595],[-3.073,43.16],[-3.0725,43.16],[-3.0735,43.1595],[-3.0735,43.1575],[-3.073,43.1575],[-3.079,43.158],[-3.0795,43.158],[-3.08,43.157],[-3.078,43.1565],[-3.0775,43.156],[-3.0755,43.1555],[-3.075,43.1555],[-3.074,43.1545],[-3.078,43.1555],[-3.0785,43.1555],[-3.0805,43.1555],[-3.0805,43.1545],[-3.0805,43.154],[-3.08,43.154],[-3.08,43.1535],[-3.08,43.153],[-3.0805,43.153],[-3.078,43.1525],[-3.0765,43.152],[-3.078,43.1525],[-3.0765,43.152],[-3.0805,43.1525],[-3.081,43.1525],[-3.081,43.152],[-3.081,43.151],[-3.0815,43.151],[-3.082,43.1505],[-3.0815,43.1505],[-3.0815,43.15],[-3.0815,43.1495],[-3.082,43.1495],[-3.0815,43.149],[-3.0815,43.1485],[-3.081,43.148],[-3.081,43.1475],[-3.081,43.147],[-3.0815,43.147],[-3.075,43.142],[-3.0715,43.1435],[-3.0685,43.145],[-3.067,43.1455],[-3.0665,43.1455],[-3.067,43.145],[-3.0675,43.145],[-3.0675,43.1445],[-3.067,43.1445],[-3.067,43.144],[-3.0675,43.144],[-3.067,43.1435],[-3.064,43.142],[-3.0605,43.1425],[-3.0585,43.1425],[-3.0575,43.1425],[-3.056,43.1415],[-3.0595,43.1405],[-3.0605,43.141],[-3.0615,43.141],[-3.062,43.141],[-3.0655,43.1395],[-3.0675,43.142],[-3.0725,43.142],[-3.072,43.142],[-3.075,43.1405],[-3.074,43.138],[-3.0735,43.1375],[-3.0745,43.138],[-3.074,43.138],[-3.076,43.1395],[-3.0775,43.1395],[-3.0775,43.14],[-3.0785,43.1405],[-3.079,43.14],[-3.0795,43.1405],[-3.0815,43.141],[-3.0825,43.141],[-3.083,43.141],[-3.0835,43.1415],[-3.084,43.142],[-3.085,43.1425],[-3.086,43.143],[-3.0865,43.1435],[-3.0865,43.1445],[-3.0865,43.1495],[-3.0915,43.1495],[-3.093,43.15],[-3.0935,43.15],[-3.094,43.15],[-3.097,43.1495],[-3.0975,43.1495],[-3.0995,43.149],[-3.0995,43.1485],[-3.1025,43.1485],[-3.103,43.1485]]],[[[-3.0545,42.852],[-3.0455,42.855],[-3.044,42.856],[-3.0445,42.856],[-3.048,42.858],[-3.0545,42.8525],[-3.0545,42.852]]],[[[-3.045,43.2485],[-3.053,43.2465],[-3.055,43.2435],[-3.0535,43.2425],[-3.054,43.2425],[-3.0545,43.242],[-3.059,43.241],[-3.062,43.24],[-3.063,43.2395],[-3.063,43.239],[-3.0625,43.238],[-3.0625,43.2375],[-3.062,43.238],[-3.062,43.2375],[-3.0615,43.2375],[-3.061,43.237],[-3.0605,43.2365],[-3.06,43.236],[-3.0595,43.236],[-3.0585,43.2345],[-3.0595,43.236],[-3.0635,43.236],[-3.0595,43.2325],[-3.0585,43.2325],[-3.0555,43.2315],[-3.055,43.2315],[-3.0535,43.233],[-3.053,43.2325],[-3.0525,43.232],[-3.0515,43.229],[-3.0515,43.2285],[-3.05,43.223],[-3.0465,43.225],[-3.0455,43.2235],[-3.044,43.2225],[-3.049,43.228],[-3.049,43.2275],[-3.051,43.228],[-3.049,43.228],[-3.048,43.2285],[-3.0475,43.2285],[-3.0465,43.228],[-3.0445,43.2285],[-3.0445,43.229],[-3.0395,43.2255],[-3.039,43.2255],[-3.04,43.2295],[-3.0455,43.2315],[-3.041,43.2385],[-3.0405,43.238],[-3.0405,43.239],[-3.041,43.239],[-3.0415,43.239],[-3.042,43.239],[-3.0425,43.239],[-3.0425,43.24],[-3.042,43.2405],[-3.0415,43.2405],[-3.0395,43.241],[-3.0375,43.244],[-3.0395,43.2425],[-3.0425,43.2425],[-3.0445,43.24],[-3.0465,43.2415],[-3.0495,43.246],[-3.0445,43.2475],[-3.0445,43.248],[-3.045,43.2485]]],[[[-3.0675,43.268],[-3.0685,43.2715],[-3.0685,43.272],[-3.07,43.271],[-3.0705,43.271],[-3.071,43.272],[-3.068,43.2755],[-3.073,43.27],[-3.0765,43.2715],[-3.0755,43.2705],[-3.0735,43.269],[-3.0695,43.2635],[-3.068,43.262],[-3.066,43.2605],[-3.0655,43.26],[-3.065,43.259],[-3.0625,43.255],[-3.0625,43.2545],[-3.05,43.254],[-3.04,43.255],[-3.041,43.259],[-3.038,43.258],[-3.038,43.2585],[-3.0385,43.259],[-3.0395,43.26],[-3.04,43.26],[-3.0405,43.2605],[-3.041,43.261],[-3.043,43.263],[-3.0445,43.263],[-3.046,43.2635],[-3.0455,43.2635],[-3.045,43.2635],[-3.043,43.2645],[-3.043,43.265],[-3.0425,43.265],[-3.042,43.265],[-3.0415,43.2645],[-3.041,43.2645],[-3.04,43.264],[-3.0395,43.264],[-3.039,43.2635],[-3.0385,43.2635],[-3.0385,43.263],[-3.034,43.2585],[-3.0335,43.2585],[-3.0335,43.258],[-3.033,43.258],[-3.0325,43.258],[-3.031,43.258],[-3.033,43.26],[-3.033,43.2605],[-3.033,43.2625],[-3.0335,43.262],[-3.035,43.2635],[-3.0315,43.2635],[-3.0315,43.2625],[-3.029,43.2625],[-3.029,43.263],[-3.0285,43.2635],[-3.028,43.2645],[-3.0395,43.269],[-3.0465,43.27],[-3.047,43.27],[-3.0475,43.27],[-3.048,43.27],[-3.049,43.2705],[-3.0525,43.27],[-3.051,43.269],[-3.051,43.2685],[-3.0515,43.2665],[-3.055,43.2645],[-3.0565,43.2635],[-3.0535,43.2685],[-3.055,43.2695],[-3.0565,43.2695],[-3.0555,43.271],[-3.0555,43.2715],[-3.056,43.2715],[-3.057,43.272],[-3.059,43.2725],[-3.0605,43.2715],[-3.06,43.271],[-3.0615,43.2675],[-3.0655,43.268],[-3.065,43.2685],[-3.066,43.268],[-3.0665,43.268],[-3.067,43.2675],[-3.067,43.268],[-3.0675,43.268]]],[[[-3.013,42.972],[-3.013,42.9735],[-3.015,42.975],[-3.016,42.9755],[-3.014,42.971],[-3.013,42.972]]],[[[-3.0075,43.101],[-3.0075,43.1015],[-3.008,43.1015],[-3.013,43.102],[-3.013,43.1015],[-3.0135,43.102],[-3.015,43.1025],[-3.0155,43.1015],[-3.0185,43.1],[-3.019,43.1],[-3.019,43.1005],[-3.0185,43.1005],[-3.0215,43.1015],[-3.0205,43.105],[-3.021,43.105],[-3.0215,43.105],[-3.022,43.105],[-3.022,43.1045],[-3.0225,43.1035],[-3.023,43.1035],[-3.0235,43.103],[-3.0235,43.1025],[-3.024,43.1025],[-3.024,43.102],[-3.0245,43.102],[-3.0245,43.1015],[-3.0245,43.101],[-3.025,43.101],[-3.0255,43.101],[-3.026,43.1005],[-3.026,43.1],[-3.0265,43.1],[-3.026,43.0995],[-3.022,43.0955],[-3.0215,43.0955],[-3.0215,43.095],[-3.0205,43.094],[-3.021,43.094],[-3.021,43.0935],[-3.02,43.0935],[-3.0195,43.0935],[-3.019,43.0935],[-3.0185,43.0935],[-3.0145,43.0925],[-3.0145,43.093],[-3.0125,43.093],[-3.012,43.093],[-3.012,43.0925],[-3.012,43.093],[-3.0115,43.093],[-3.0115,43.0935],[-3.01,43.0945],[-3.0095,43.0945],[-3.009,43.097],[-3.009,43.0975],[-3.008,43.098],[-3.008,43.0985],[-3.007,43.0995],[-3.006,43.1],[-3.0065,43.1005],[-3.007,43.101],[-3.0075,43.101]]],[[[-3.0125,43.168],[-3.011,43.1685],[-3.0135,43.1715],[-3.014,43.172],[-3.015,43.172],[-3.0155,43.172],[-3.0245,43.1745],[-3.0245,43.174],[-3.0265,43.172],[-3.028,43.17],[-3.027,43.1695],[-3.021,43.1675],[-3.022,43.164],[-3.0205,43.163],[-3.0175,43.163],[-3.0175,43.164],[-3.017,43.164],[-3.017,43.1645],[-3.014,43.1675],[-3.0135,43.1675],[-3.013,43.168],[-3.0135,43.168],[-3.0125,43.168]]],[[[-3.0115,42.8425],[-3.006,42.842],[-3.006,42.833],[-3.006,42.834],[-3.0035,42.837],[-3.0035,42.8385],[-3.0035,42.839],[-3.002,42.8395],[-3.0005,42.8455],[-3.012,42.849],[-3.0155,42.849],[-3.0115,42.8425]]],[[[-3.0065,42.9705],[-3.007,42.971],[-3.008,42.9715],[-3.0085,42.972],[-3.009,42.9725],[-3.0095,42.973],[-3.013,42.9735],[-3.013,42.972],[-3.0135,42.971],[-3.01,42.9685],[-3.009,42.969],[-3.0085,42.969],[-3.0065,42.9705]]],[[[-3.0345,43.113],[-3.034,43.1125],[-3.039,43.11],[-3.0375,43.1065],[-3.037,43.106],[-3.038,43.1055],[-3.0385,43.1045],[-3.039,43.104],[-3.0395,43.1035],[-3.0385,43.1035],[-3.0395,43.103],[-3.0385,43.1015],[-3.0385,43.1],[-3.04,43.098],[-3.0345,43.095],[-3.0345,43.0945],[-3.033,43.0945],[-3.033,43.095],[-3.033,43.0955],[-3.0325,43.0955],[-3.032,43.0955],[-3.0315,43.0955],[-3.031,43.096],[-3.0305,43.096],[-3.03,43.0965],[-3.027,43.097],[-3.027,43.0975],[-3.027,43.098],[-3.029,43.0995],[-3.0305,43.098],[-3.0305,43.0995],[-3.03,43.0995],[-3.03,43.1005],[-3.029,43.1],[-3.029,43.0995],[-3.028,43.099],[-3.0265,43.0985],[-3.0265,43.0995],[-3.027,43.0995],[-3.0265,43.1],[-3.026,43.1005],[-3.0255,43.101],[-3.0255,43.1015],[-3.025,43.1015],[-3.0245,43.102],[-3.0265,43.106],[-3.0235,43.1035],[-3.0235,43.103],[-3.023,43.1035],[-3.0225,43.104],[-3.0225,43.1045],[-3.022,43.1045],[-3.022,43.105],[-3.022,43.1055],[-3.022,43.106],[-3.022,43.1065],[-3.0215,43.107],[-3.0215,43.1075],[-3.0215,43.108],[-3.0215,43.109],[-3.0215,43.1095],[-3.0225,43.1115],[-3.023,43.1115],[-3.023,43.113],[-3.0225,43.1125],[-3.021,43.1105],[-3.0205,43.1105],[-3.0205,43.1095],[-3.021,43.1085],[-3.0215,43.108],[-3.0215,43.1075],[-3.0215,43.107],[-3.022,43.1065],[-3.0215,43.1055],[-3.0205,43.1055],[-3.0205,43.105],[-3.0165,43.103],[-3.0165,43.1035],[-3.0175,43.1045],[-3.0165,43.107],[-3.0155,43.107],[-3.0155,43.1085],[-3.013,43.1045],[-3.014,43.1045],[-3.015,43.106],[-3.016,43.1045],[-3.0145,43.103],[-3.0135,43.102],[-3.01,43.103],[-3.01,43.1035],[-3.0105,43.1035],[-3.0115,43.1045],[-3.011,43.1045],[-3.0105,43.104],[-3.0095,43.1035],[-3.0085,43.1025],[-3.008,43.103],[-3.009,43.1035],[-3.0045,43.103],[-3.0045,43.104],[-3.0065,43.1045],[-3.0065,43.105],[-3.006,43.1045],[-3.005,43.1045],[-3.0045,43.105],[-3.004,43.1065],[-3.005,43.107],[-3.0035,43.1065],[-3.003,43.108],[-3.0025,43.1085],[-3.002,43.1095],[-3.0085,43.1125],[-3.0095,43.114],[-3.01,43.114],[-3.0115,43.1135],[-3.016,43.112],[-3.0165,43.112],[-3.017,43.1125],[-3.0175,43.1125],[-3.0175,43.113],[-3.017,43.113],[-3.0175,43.1135],[-3.0175,43.113],[-3.018,43.1135],[-3.0185,43.114],[-3.0195,43.115],[-3.021,43.1145],[-3.0215,43.116],[-3.022,43.116],[-3.023,43.1145],[-3.0235,43.114],[-3.025,43.1135],[-3.0225,43.117],[-3.018,43.114],[-3.0135,43.116],[-3.0155,43.119],[-3.0165,43.119],[-3.0155,43.1195],[-3.0155,43.121],[-3.015,43.1215],[-3.0145,43.122],[-3.015,43.122],[-3.013,43.123],[-3.013,43.1235],[-3.0125,43.1235],[-3.0115,43.124],[-3.01,43.1245],[-3.008,43.126],[-3.0065,43.1255],[-3.007,43.1245],[-3.006,43.1245],[-3.005,43.1245],[-3.005,43.125],[-3.0045,43.125],[-3.0045,43.1245],[-3,43.1215],[-2.9995,43.1215],[-2.9995,43.1205],[-2.999,43.1195],[-2.9965,43.119],[-2.993,43.1135],[-2.9895,43.113],[-2.989,43.113],[-2.99,43.1145],[-2.9885,43.1155],[-2.9905,43.1175],[-2.9905,43.118],[-2.991,43.119],[-2.995,43.121],[-2.996,43.1225],[-2.992,43.124],[-2.9915,43.1205],[-2.9905,43.121],[-2.9905,43.1215],[-2.9905,43.125],[-2.9895,43.1265],[-2.9875,43.1285],[-2.989,43.1285],[-2.9895,43.13],[-2.99,43.1305],[-2.989,43.131],[-2.9885,43.131],[-2.986,43.133],[-2.9875,43.1335],[-2.988,43.1335],[-2.9885,43.1335],[-2.989,43.1335],[-2.9895,43.1335],[-2.99,43.1335],[-2.99,43.134],[-2.991,43.134],[-2.9905,43.1335],[-2.992,43.1335],[-2.993,43.1335],[-2.9935,43.1335],[-2.994,43.133],[-2.9945,43.133],[-2.995,43.133],[-2.9965,43.132],[-2.997,43.1305],[-2.9975,43.1305],[-2.9985,43.1255],[-2.9995,43.1255],[-3.0005,43.1255],[-3.001,43.126],[-3.0015,43.126],[-3.002,43.126],[-3.002,43.1265],[-3.0025,43.1265],[-3.003,43.127],[-3.004,43.127],[-3.004,43.1275],[-2.999,43.1325],[-2.997,43.1305],[-2.9965,43.132],[-2.996,43.132],[-2.995,43.133],[-2.995,43.1335],[-2.9935,43.1335],[-2.993,43.1335],[-2.992,43.134],[-2.9915,43.134],[-2.991,43.134],[-2.99,43.134],[-2.992,43.1355],[-2.982,43.1395],[-2.9795,43.1405],[-2.983,43.1415],[-2.986,43.1405],[-2.9865,43.1405],[-2.989,43.1385],[-2.992,43.1395],[-2.9935,43.138],[-2.9945,43.1375],[-2.995,43.137],[-2.9955,43.137],[-2.9965,43.1365],[-2.9965,43.136],[-2.9965,43.1355],[-2.998,43.135],[-2.9975,43.1355],[-2.9985,43.1365],[-2.998,43.1365],[-2.9995,43.137],[-3,43.1365],[-3,43.137],[-3.0065,43.1385],[-3.007,43.1385],[-3.008,43.1405],[-3.009,43.14],[-3.009,43.141],[-3.0085,43.141],[-3.009,43.1435],[-3.0085,43.144],[-3.0085,43.1445],[-3.008,43.145],[-3.009,43.1455],[-3.0085,43.1455],[-3.0075,43.146],[-3.005,43.1485],[-3.0055,43.1485],[-3.0075,43.148],[-3.008,43.148],[-3.0085,43.1465],[-3.0115,43.145],[-3.0145,43.147],[-3.016,43.151],[-3.016,43.1515],[-3.0175,43.151],[-3.0195,43.152],[-3.02,43.1515],[-3.0195,43.1505],[-3.02,43.15],[-3.02,43.1495],[-3.0195,43.149],[-3.019,43.149],[-3.018,43.1475],[-3.0175,43.1475],[-3.017,43.147],[-3.0165,43.147],[-3.017,43.147],[-3.0175,43.1475],[-3.018,43.1475],[-3.019,43.1485],[-3.02,43.149],[-3.0205,43.15],[-3.021,43.1495],[-3.022,43.148],[-3.0225,43.1475],[-3.023,43.147],[-3.0255,43.146],[-3.0215,43.1425],[-3.0125,43.1385],[-3.0155,43.137],[-3.015,43.1365],[-3.016,43.137],[-3.018,43.1375],[-3.0185,43.1375],[-3.019,43.1375],[-3.019,43.138],[-3.0195,43.138],[-3.02,43.1385],[-3.0205,43.139],[-3.0205,43.1395],[-3.023,43.1425],[-3.0235,43.1425],[-3.025,43.143],[-3.029,43.1445],[-3.034,43.144],[-3.0305,43.1405],[-3.031,43.136],[-3.034,43.1285],[-3.0325,43.1285],[-3.0315,43.1285],[-3.031,43.1285],[-3.0305,43.128],[-3.03,43.1275],[-3.028,43.1285],[-3.0285,43.1285],[-3.028,43.1285],[-3.027,43.1285],[-3.0265,43.128],[-3.0255,43.128],[-3.0245,43.128],[-3.024,43.1285],[-3.023,43.1285],[-3.023,43.129],[-3.0225,43.129],[-3.023,43.1285],[-3.024,43.1285],[-3.0245,43.128],[-3.024,43.1265],[-3.0245,43.1265],[-3.0255,43.128],[-3.0265,43.128],[-3.027,43.1285],[-3.028,43.1285],[-3.03,43.1275],[-3.029,43.127],[-3.029,43.1265],[-3.0285,43.126],[-3.028,43.126],[-3.028,43.1255],[-3.0275,43.125],[-3.027,43.1255],[-3.025,43.125],[-3.0245,43.1245],[-3.024,43.125],[-3.0235,43.1245],[-3.023,43.1245],[-3.0225,43.124],[-3.0225,43.1245],[-3.0225,43.124],[-3.0215,43.124],[-3.0205,43.124],[-3.0205,43.1245],[-3.02,43.124],[-3.0205,43.124],[-3.021,43.1235],[-3.021,43.123],[-3.0205,43.123],[-3.0205,43.1225],[-3.0195,43.1215],[-3.019,43.1215],[-3.019,43.121],[-3.019,43.1205],[-3.019,43.121],[-3.0195,43.1215],[-3.0235,43.122],[-3.029,43.123],[-3.0295,43.1235],[-3.03,43.1235],[-3.03,43.124],[-3.03,43.1245],[-3.0325,43.1285],[-3.034,43.1285],[-3.033,43.123],[-3.033,43.1225],[-3.0355,43.122],[-3.037,43.1195],[-3.0415,43.114],[-3.0345,43.113]]],[[[-3.001,42.982],[-3.001,42.9815],[-3.001,42.981],[-3.0005,42.9805],[-3.0005,42.98],[-2.9995,42.979],[-3,42.979],[-2.999,42.977],[-2.991,42.9775],[-2.991,42.978],[-2.9905,42.9785],[-2.9905,42.9795],[-2.99,42.9775],[-2.9895,42.979],[-2.9895,42.9815],[-2.99,42.9815],[-2.99,42.981],[-2.9925,42.981],[-2.993,42.9815],[-2.996,42.983],[-2.9965,42.983],[-2.997,42.983],[-2.9975,42.983],[-2.998,42.9835],[-2.9985,42.9835],[-2.999,42.9835],[-2.9985,42.9835],[-2.999,42.9835],[-2.999,42.984],[-2.9995,42.984],[-3,42.984],[-3.0005,42.984],[-3.0005,42.9845],[-3.0015,42.9845],[-3.0015,42.983],[-3.001,42.9835],[-3.001,42.983],[-3.001,42.9825],[-3.001,42.982]]],[[[-2.991,42.985],[-2.9905,42.985],[-2.99,42.985],[-2.9895,42.985],[-2.9895,42.9855],[-2.989,42.9855],[-2.9885,42.986],[-2.9885,42.9865],[-2.9885,42.987],[-2.989,42.987],[-2.9895,42.987],[-2.99,42.987],[-2.9905,42.987],[-2.991,42.987],[-2.9915,42.987],[-2.992,42.9875],[-2.993,42.9875],[-2.994,42.9875],[-2.9945,42.9875],[-2.995,42.988],[-2.9955,42.988],[-2.996,42.988],[-2.9965,42.988],[-2.997,42.988],[-2.9975,42.988],[-2.998,42.9885],[-2.9985,42.9885],[-2.999,42.9885],[-2.9995,42.9885],[-3.0005,42.9885],[-3.0015,42.9845],[-3,42.984],[-2.9995,42.984],[-2.999,42.984],[-2.999,42.9835],[-2.9985,42.9835],[-2.998,42.9835],[-2.9975,42.983],[-2.997,42.983],[-2.9965,42.983],[-2.996,42.9835],[-2.9955,42.9835],[-2.995,42.9835],[-2.9945,42.9835],[-2.9945,42.984],[-2.994,42.984],[-2.9935,42.984],[-2.993,42.984],[-2.993,42.9845],[-2.9925,42.9845],[-2.992,42.9845],[-2.9915,42.9845],[-2.991,42.985]]],[[[-2.9895,42.999],[-2.9895,42.9995],[-2.989,42.9995],[-2.9885,43.001],[-2.987,43.001],[-2.986,43.0015],[-2.987,43.0025],[-2.9875,43.0025],[-2.9885,43.003],[-2.989,43.003],[-2.9885,43.003],[-2.989,43.004],[-2.993,43.004],[-2.9925,43.004],[-2.9955,43.003],[-2.996,43.0015],[-2.9965,43.0005],[-2.996,43],[-2.9905,42.998],[-2.99,42.9985],[-2.9895,42.999]]],[[[-2.9895,43.1045],[-2.9815,43.1015],[-2.973,43.1],[-2.9715,43.1025],[-2.971,43.101],[-2.969,43.102],[-2.9675,43.103],[-2.967,43.103],[-2.966,43.103],[-2.9655,43.1035],[-2.9665,43.104],[-2.966,43.105],[-2.9645,43.104],[-2.9645,43.1045],[-2.9635,43.105],[-2.963,43.105],[-2.9635,43.1045],[-2.9645,43.1045],[-2.9645,43.104],[-2.965,43.104],[-2.9655,43.103],[-2.9605,43.1015],[-2.9555,43.102],[-2.9545,43.1025],[-2.952,43.1035],[-2.9525,43.104],[-2.953,43.104],[-2.954,43.105],[-2.9595,43.1115],[-2.96,43.1115],[-2.9595,43.112],[-2.9595,43.1125],[-2.959,43.1125],[-2.9585,43.114],[-2.9585,43.115],[-2.9575,43.115],[-2.956,43.115],[-2.9555,43.1145],[-2.9525,43.112],[-2.9495,43.1145],[-2.9515,43.1155],[-2.9525,43.1165],[-2.953,43.1165],[-2.9535,43.1155],[-2.9545,43.115],[-2.9555,43.115],[-2.9545,43.1165],[-2.9535,43.1155],[-2.9535,43.118],[-2.9535,43.1185],[-2.9535,43.119],[-2.9535,43.1205],[-2.9535,43.1215],[-2.953,43.1225],[-2.9525,43.123],[-2.9525,43.1235],[-2.952,43.1245],[-2.9515,43.125],[-2.951,43.125],[-2.95,43.1265],[-2.951,43.1275],[-2.9515,43.128],[-2.951,43.129],[-2.9515,43.13],[-2.952,43.1305],[-2.9535,43.1315],[-2.954,43.131],[-2.956,43.132],[-2.957,43.1315],[-2.956,43.1295],[-2.955,43.1285],[-2.9545,43.128],[-2.9545,43.1275],[-2.954,43.1265],[-2.9545,43.1265],[-2.9555,43.1275],[-2.956,43.1275],[-2.9575,43.127],[-2.957,43.1255],[-2.9575,43.1255],[-2.958,43.125],[-2.958,43.1255],[-2.958,43.126],[-2.958,43.1265],[-2.9575,43.1275],[-2.9575,43.128],[-2.9585,43.127],[-2.9585,43.1275],[-2.958,43.1285],[-2.9585,43.1285],[-2.959,43.1285],[-2.9595,43.129],[-2.9595,43.13],[-2.961,43.13],[-2.962,43.1275],[-2.961,43.127],[-2.961,43.128],[-2.9605,43.1285],[-2.96,43.1285],[-2.96,43.128],[-2.9595,43.128],[-2.96,43.1265],[-2.961,43.1255],[-2.9615,43.1265],[-2.962,43.1265],[-2.9625,43.1265],[-2.9625,43.126],[-2.963,43.1255],[-2.963,43.125],[-2.963,43.1245],[-2.9635,43.1245],[-2.965,43.125],[-2.9655,43.1265],[-2.966,43.1265],[-2.9685,43.128],[-2.9685,43.1275],[-2.968,43.127],[-2.9685,43.1275],[-2.9715,43.1255],[-2.972,43.125],[-2.9725,43.1245],[-2.977,43.12],[-2.9735,43.1205],[-2.9735,43.117],[-2.978,43.1185],[-2.9785,43.117],[-2.98,43.1155],[-2.9815,43.115],[-2.9785,43.115],[-2.9795,43.113],[-2.9765,43.112],[-2.9795,43.109],[-2.98,43.109],[-2.98,43.1095],[-2.99,43.11],[-2.989,43.107],[-2.988,43.1065],[-2.9835,43.106],[-2.9825,43.106],[-2.983,43.1055],[-2.983,43.105],[-2.984,43.104],[-2.984,43.1045],[-2.9845,43.104],[-2.9845,43.1035],[-2.985,43.1035],[-2.9855,43.1045],[-2.986,43.1045],[-2.9865,43.1045],[-2.987,43.1045],[-2.987,43.105],[-2.988,43.1055],[-2.9895,43.1045]]],[[[-2.959,42.768],[-2.9555,42.77],[-2.9575,42.771],[-2.958,42.772],[-2.9625,42.7755],[-2.963,42.7755],[-2.964,42.7755],[-2.965,42.7755],[-2.9665,42.775],[-2.967,42.7755],[-2.9675,42.776],[-2.97,42.776],[-2.971,42.7755],[-2.9715,42.7755],[-2.972,42.7755],[-2.973,42.7745],[-2.973,42.774],[-2.9735,42.773],[-2.961,42.772],[-2.959,42.768]]],[[[-2.9585,43.099],[-2.961,43.097],[-2.964,43.097],[-2.9695,43.0985],[-2.9705,43.0995],[-2.9735,43.099],[-2.974,43.0975],[-2.9735,43.0975],[-2.971,43.095],[-2.9705,43.095],[-2.97,43.095],[-2.9695,43.0945],[-2.9655,43.094],[-2.97,43.094],[-2.9705,43.0945],[-2.971,43.095],[-2.972,43.0905],[-2.9695,43.0895],[-2.9695,43.089],[-2.968,43.0885],[-2.9705,43.0885],[-2.971,43.0885],[-2.973,43.09],[-2.9725,43.0915],[-2.9725,43.092],[-2.9725,43.0925],[-2.973,43.0925],[-2.977,43.0965],[-2.9815,43.098],[-2.982,43.098],[-2.982,43.0985],[-2.9825,43.0985],[-2.983,43.099],[-2.9845,43.099],[-2.985,43.099],[-2.9855,43.0995],[-2.986,43.0995],[-2.9855,43.1],[-2.9845,43.099],[-2.983,43.099],[-2.9825,43.101],[-2.9895,43.101],[-2.99,43.1005],[-2.99,43.1],[-2.9905,43.1],[-2.9905,43.099],[-2.9895,43.099],[-2.989,43.099],[-2.9885,43.099],[-2.988,43.0985],[-2.9875,43.0985],[-2.987,43.0985],[-2.9865,43.0985],[-2.9865,43.098],[-2.9855,43.098],[-2.9845,43.0975],[-2.984,43.097],[-2.9835,43.097],[-2.983,43.096],[-2.984,43.095],[-2.984,43.0945],[-2.984,43.095],[-2.9835,43.096],[-2.986,43.096],[-2.989,43.0955],[-2.9885,43.095],[-2.991,43.0955],[-2.9915,43.096],[-2.992,43.096],[-2.9935,43.0935],[-2.995,43.0915],[-2.9955,43.091],[-2.996,43.09],[-2.997,43.089],[-3.0025,43.0875],[-2.9995,43.084],[-2.999,43.084],[-2.998,43.085],[-2.998,43.0855],[-2.9975,43.0825],[-2.9965,43.0825],[-2.996,43.0825],[-2.9965,43.0825],[-2.9955,43.082],[-2.9955,43.0815],[-2.995,43.0815],[-2.9945,43.081],[-2.994,43.0805],[-2.9915,43.0815],[-2.9925,43.0805],[-2.993,43.08],[-2.9925,43.079],[-2.9915,43.0795],[-2.9915,43.079],[-2.9905,43.078],[-2.9905,43.081],[-2.989,43.0825],[-2.9825,43.0835],[-2.98,43.0875],[-2.9745,43.0855],[-2.974,43.086],[-2.9745,43.086],[-2.975,43.086],[-2.9755,43.0865],[-2.976,43.0865],[-2.976,43.087],[-2.9755,43.087],[-2.9755,43.0865],[-2.975,43.0865],[-2.974,43.086],[-2.9735,43.086],[-2.9735,43.0855],[-2.973,43.0855],[-2.9725,43.0855],[-2.972,43.0855],[-2.9715,43.085],[-2.971,43.085],[-2.971,43.0845],[-2.9705,43.085],[-2.97,43.0855],[-2.9695,43.0855],[-2.967,43.086],[-2.9665,43.086],[-2.965,43.087],[-2.9645,43.0865],[-2.9645,43.086],[-2.963,43.0815],[-2.963,43.0805],[-2.9625,43.08],[-2.962,43.08],[-2.9615,43.08],[-2.9615,43.0805],[-2.9605,43.0805],[-2.96,43.08],[-2.9595,43.08],[-2.9575,43.0795],[-2.9575,43.079],[-2.9575,43.0785],[-2.956,43.078],[-2.9555,43.077],[-2.9545,43.0765],[-2.9535,43.0765],[-2.9545,43.0765],[-2.9555,43.077],[-2.9565,43.076],[-2.9575,43.0785],[-2.9575,43.079],[-2.962,43.08],[-2.964,43.0775],[-2.964,43.077],[-2.963,43.074],[-2.973,43.0725],[-2.9735,43.072],[-2.9745,43.072],[-2.9735,43.0715],[-2.97,43.0715],[-2.969,43.0715],[-2.968,43.072],[-2.9675,43.072],[-2.9665,43.072],[-2.966,43.0715],[-2.9675,43.0685],[-2.9675,43.068],[-2.968,43.0675],[-2.968,43.067],[-2.9695,43.067],[-2.97,43.067],[-2.9715,43.0665],[-2.972,43.0665],[-2.9755,43.065],[-2.9745,43.0645],[-2.974,43.0645],[-2.973,43.0645],[-2.9725,43.0645],[-2.972,43.0645],[-2.9715,43.0645],[-2.971,43.0645],[-2.97,43.065],[-2.9695,43.0655],[-2.969,43.0655],[-2.9685,43.0655],[-2.968,43.0655],[-2.967,43.0665],[-2.9665,43.0665],[-2.966,43.067],[-2.9655,43.067],[-2.965,43.067],[-2.9645,43.067],[-2.964,43.0675],[-2.963,43.0675],[-2.961,43.0675],[-2.9605,43.0675],[-2.96,43.068],[-2.96,43.0685],[-2.9595,43.0695],[-2.959,43.0685],[-2.9595,43.0685],[-2.959,43.0685],[-2.9585,43.0685],[-2.958,43.0685],[-2.9575,43.0685],[-2.958,43.069],[-2.9575,43.069],[-2.9575,43.0695],[-2.957,43.0695],[-2.957,43.07],[-2.957,43.0705],[-2.959,43.071],[-2.96,43.072],[-2.9595,43.072],[-2.9585,43.073],[-2.9565,43.074],[-2.9555,43.0745],[-2.9535,43.074],[-2.955,43.0725],[-2.954,43.072],[-2.9535,43.0715],[-2.953,43.0715],[-2.9535,43.0715],[-2.954,43.071],[-2.9545,43.0715],[-2.955,43.072],[-2.9555,43.072],[-2.9555,43.0715],[-2.9555,43.0705],[-2.956,43.071],[-2.9565,43.0705],[-2.957,43.0705],[-2.9565,43.07],[-2.957,43.07],[-2.9565,43.0695],[-2.9575,43.069],[-2.9575,43.0685],[-2.9575,43.068],[-2.956,43.0685],[-2.9555,43.0685],[-2.9545,43.0685],[-2.954,43.0685],[-2.955,43.0685],[-2.9545,43.069],[-2.9535,43.069],[-2.9525,43.069],[-2.952,43.069],[-2.9515,43.0695],[-2.952,43.07],[-2.951,43.07],[-2.9495,43.068],[-2.947,43.069],[-2.947,43.0685],[-2.947,43.068],[-2.9465,43.0685],[-2.946,43.0695],[-2.9465,43.071],[-2.947,43.071],[-2.948,43.0715],[-2.948,43.0725],[-2.949,43.0725],[-2.9485,43.073],[-2.9485,43.074],[-2.9515,43.0735],[-2.9515,43.074],[-2.9525,43.074],[-2.9515,43.074],[-2.9525,43.0755],[-2.953,43.0755],[-2.9535,43.0755],[-2.953,43.0755],[-2.95,43.0755],[-2.9485,43.0755],[-2.9485,43.075],[-2.947,43.074],[-2.9455,43.0755],[-2.9455,43.076],[-2.946,43.076],[-2.9465,43.0765],[-2.947,43.076],[-2.948,43.076],[-2.9485,43.076],[-2.948,43.076],[-2.9465,43.0765],[-2.948,43.0775],[-2.9485,43.078],[-2.9485,43.0785],[-2.9485,43.078],[-2.948,43.0775],[-2.9465,43.0765],[-2.946,43.0765],[-2.9455,43.076],[-2.945,43.0755],[-2.9435,43.0755],[-2.9445,43.077],[-2.9425,43.077],[-2.9415,43.079],[-2.941,43.0785],[-2.9415,43.077],[-2.942,43.076],[-2.941,43.0765],[-2.9405,43.0765],[-2.94,43.0765],[-2.94,43.0775],[-2.9395,43.0775],[-2.94,43.079],[-2.941,43.079],[-2.941,43.0795],[-2.941,43.0815],[-2.9415,43.0815],[-2.9435,43.082],[-2.9435,43.081],[-2.9445,43.0815],[-2.944,43.082],[-2.9435,43.082],[-2.944,43.0825],[-2.9425,43.083],[-2.943,43.0835],[-2.943,43.084],[-2.9435,43.084],[-2.944,43.084],[-2.9445,43.0845],[-2.949,43.0855],[-2.9495,43.0875],[-2.9475,43.0875],[-2.9465,43.086],[-2.945,43.085],[-2.9445,43.0845],[-2.944,43.0845],[-2.9435,43.084],[-2.943,43.084],[-2.942,43.0845],[-2.9425,43.0835],[-2.941,43.0845],[-2.941,43.084],[-2.94,43.0835],[-2.9375,43.083],[-2.937,43.082],[-2.9365,43.082],[-2.9355,43.0815],[-2.935,43.0815],[-2.9345,43.081],[-2.934,43.082],[-2.934,43.0815],[-2.934,43.082],[-2.933,43.0825],[-2.931,43.08],[-2.9305,43.0795],[-2.928,43.0775],[-2.929,43.08],[-2.9315,43.083],[-2.936,43.084],[-2.9425,43.0865],[-2.945,43.0865],[-2.9445,43.088],[-2.9435,43.0885],[-2.943,43.0885],[-2.947,43.0895],[-2.9475,43.0895],[-2.948,43.0885],[-2.9475,43.088],[-2.948,43.088],[-2.9485,43.088],[-2.949,43.088],[-2.9495,43.088],[-2.9505,43.0885],[-2.951,43.0885],[-2.9515,43.089],[-2.952,43.089],[-2.9525,43.0895],[-2.953,43.0895],[-2.9535,43.0895],[-2.954,43.09],[-2.956,43.091],[-2.9565,43.092],[-2.954,43.091],[-2.954,43.0905],[-2.954,43.09],[-2.9535,43.09],[-2.952,43.0895],[-2.9515,43.089],[-2.951,43.089],[-2.9505,43.089],[-2.951,43.0885],[-2.9505,43.0885],[-2.9495,43.088],[-2.948,43.0885],[-2.948,43.089],[-2.9485,43.091],[-2.9515,43.095],[-2.9485,43.099],[-2.949,43.099],[-2.9495,43.099],[-2.9495,43.0985],[-2.95,43.098],[-2.9505,43.0975],[-2.9505,43.098],[-2.9505,43.0995],[-2.952,43.1015],[-2.9525,43.1015],[-2.9525,43.102],[-2.9535,43.102],[-2.9585,43.099],[-2.958,43.099],[-2.9575,43.099],[-2.9575,43.0985],[-2.957,43.098],[-2.957,43.0985],[-2.9565,43.0985],[-2.9565,43.098],[-2.955,43.0975],[-2.9545,43.0975],[-2.953,43.0985],[-2.9515,43.097],[-2.954,43.0965],[-2.955,43.0975],[-2.9555,43.0975],[-2.956,43.097],[-2.9565,43.097],[-2.957,43.0975],[-2.957,43.098],[-2.9575,43.098],[-2.9575,43.0985],[-2.958,43.099],[-2.9585,43.099]]],[[[-2.967,43.1725],[-2.9635,43.1715],[-2.961,43.1745],[-2.9615,43.175],[-2.9625,43.1755],[-2.963,43.176],[-2.964,43.1765],[-2.9645,43.1765],[-2.966,43.1765],[-2.9685,43.1725],[-2.967,43.1725]]],[[[-2.958,42.718],[-2.958,42.7175],[-2.956,42.716],[-2.955,42.715],[-2.9515,42.7145],[-2.951,42.7145],[-2.951,42.714],[-2.9415,42.713],[-2.941,42.713],[-2.941,42.7135],[-2.941,42.714],[-2.941,42.715],[-2.941,42.716],[-2.9415,42.716],[-2.9415,42.7165],[-2.944,42.717],[-2.947,42.7175],[-2.9475,42.7175],[-2.948,42.7175],[-2.9485,42.718],[-2.949,42.7175],[-2.9495,42.7175],[-2.9505,42.7175],[-2.951,42.718],[-2.9515,42.718],[-2.9535,42.72],[-2.956,42.7205],[-2.959,42.7205],[-2.958,42.718]]],[[[-2.9445,42.989],[-2.9445,42.9885],[-2.944,42.987],[-2.9435,42.9865],[-2.943,42.9865],[-2.9425,42.9865],[-2.942,42.9865],[-2.9415,42.9865],[-2.941,42.987],[-2.941,42.9865],[-2.94,42.9865],[-2.9395,42.9865],[-2.939,42.987],[-2.937,42.991],[-2.937,42.9915],[-2.9395,42.992],[-2.94,42.992],[-2.9405,42.9915],[-2.941,42.9915],[-2.942,42.9915],[-2.9425,42.9915],[-2.943,42.991],[-2.9435,42.991],[-2.9445,42.9905],[-2.9445,42.989]]],[[[-2.947,43.104],[-2.9495,43.103],[-2.9515,43.104],[-2.952,43.1015],[-2.9505,43.0995],[-2.9465,43.1],[-2.9455,43.098],[-2.9405,43.099],[-2.9405,43.0995],[-2.94,43.1035],[-2.936,43.1025],[-2.936,43.1005],[-2.9355,43.1005],[-2.9355,43.1],[-2.934,43.0995],[-2.934,43.099],[-2.9335,43.0985],[-2.933,43.099],[-2.933,43.0995],[-2.9335,43.0995],[-2.9335,43.1],[-2.934,43.1005],[-2.9335,43.1],[-2.9325,43.0995],[-2.932,43.1],[-2.9315,43.0995],[-2.9315,43.099],[-2.9315,43.0985],[-2.9315,43.098],[-2.931,43.098],[-2.9295,43.0975],[-2.9295,43.098],[-2.9295,43.0985],[-2.9265,43.0975],[-2.9245,43.095],[-2.924,43.0945],[-2.9235,43.0945],[-2.9225,43.094],[-2.922,43.0935],[-2.9215,43.094],[-2.921,43.094],[-2.921,43.0935],[-2.9205,43.0935],[-2.92,43.0935],[-2.9195,43.0935],[-2.9195,43.094],[-2.9195,43.098],[-2.9185,43.099],[-2.9185,43.0995],[-2.9185,43.101],[-2.9195,43.102],[-2.92,43.1025],[-2.92,43.103],[-2.9205,43.1035],[-2.921,43.1045],[-2.925,43.1045],[-2.9315,43.1035],[-2.9315,43.103],[-2.931,43.103],[-2.931,43.1025],[-2.9305,43.1025],[-2.931,43.1025],[-2.9315,43.103],[-2.932,43.103],[-2.9325,43.103],[-2.9325,43.1035],[-2.933,43.1035],[-2.9335,43.1035],[-2.9335,43.104],[-2.934,43.104],[-2.936,43.104],[-2.936,43.1045],[-2.9375,43.1085],[-2.9475,43.1055],[-2.947,43.105],[-2.947,43.1045],[-2.9465,43.1025],[-2.947,43.104]]],[[[-2.929,43.012],[-2.9285,43.0115],[-2.928,43.011],[-2.927,43.011],[-2.9265,43.0115],[-2.926,43.0115],[-2.925,43.0115],[-2.924,43.0135],[-2.9245,43.0135],[-2.924,43.0145],[-2.924,43.015],[-2.924,43.016],[-2.927,43.016],[-2.928,43.016],[-2.9285,43.016],[-2.9295,43.0155],[-2.9315,43.014],[-2.932,43.014],[-2.9295,43.0125],[-2.9295,43.012],[-2.929,43.012]]],[[[-2.93,43.047],[-2.931,43.0465],[-2.932,43.047],[-2.9325,43.0485],[-2.9335,43.0485],[-2.934,43.049],[-2.946,43.0485],[-2.9465,43.046],[-2.946,43.046],[-2.945,43.0465],[-2.9445,43.047],[-2.944,43.0465],[-2.944,43.046],[-2.941,43.046],[-2.9405,43.046],[-2.941,43.045],[-2.9385,43.045],[-2.938,43.045],[-2.937,43.0455],[-2.9365,43.045],[-2.936,43.045],[-2.939,43.043],[-2.939,43.0425],[-2.939,43.043],[-2.941,43.043],[-2.942,43.043],[-2.942,43.0435],[-2.9425,43.0435],[-2.9455,43.0435],[-2.9475,43.0435],[-2.948,43.043],[-2.942,43.037],[-2.9415,43.037],[-2.94,43.0365],[-2.9405,43.036],[-2.938,43.034],[-2.938,43.0335],[-2.9375,43.0335],[-2.937,43.033],[-2.9355,43.033],[-2.9345,43.034],[-2.9355,43.033],[-2.9355,43.032],[-2.935,43.032],[-2.935,43.0315],[-2.9345,43.0315],[-2.934,43.0315],[-2.9345,43.0315],[-2.9345,43.032],[-2.934,43.0325],[-2.931,43.032],[-2.93,43.03],[-2.9285,43.0295],[-2.928,43.0295],[-2.9275,43.0295],[-2.9275,43.029],[-2.9265,43.0285],[-2.9265,43.029],[-2.926,43.029],[-2.9265,43.029],[-2.926,43.026],[-2.927,43.025],[-2.9305,43.0255],[-2.9315,43.025],[-2.932,43.025],[-2.932,43.0245],[-2.93,43.0235],[-2.929,43.0235],[-2.9315,43.0205],[-2.924,43.0205],[-2.921,43.0165],[-2.9175,43.016],[-2.9165,43.017],[-2.917,43.017],[-2.918,43.018],[-2.915,43.0185],[-2.915,43.019],[-2.915,43.0195],[-2.917,43.0205],[-2.918,43.0225],[-2.917,43.0225],[-2.9165,43.0225],[-2.916,43.0225],[-2.9185,43.026],[-2.9145,43.027],[-2.9145,43.0275],[-2.9145,43.0285],[-2.9215,43.03],[-2.922,43.03],[-2.9235,43.0305],[-2.9245,43.032],[-2.925,43.032],[-2.928,43.034],[-2.93,43.0355],[-2.9325,43.0375],[-2.9325,43.039],[-2.9295,43.0385],[-2.931,43.037],[-2.93,43.0365],[-2.9215,43.033],[-2.924,43.0415],[-2.9245,43.0425],[-2.9285,43.0485],[-2.93,43.047]]],[[[-2.9225,43.012],[-2.918,43.013],[-2.917,43.0155],[-2.918,43.0155],[-2.9185,43.0155],[-2.919,43.0155],[-2.9235,43.015],[-2.924,43.0145],[-2.924,43.014],[-2.925,43.0115],[-2.9235,43.0115],[-2.923,43.0115],[-2.9225,43.012]]],[[[-2.931,43.058],[-2.93,43.0555],[-2.9295,43.055],[-2.9255,43.0565],[-2.924,43.057],[-2.924,43.056],[-2.919,43.055],[-2.9185,43.0565],[-2.9195,43.0575],[-2.918,43.058],[-2.9175,43.057],[-2.9175,43.0565],[-2.9175,43.056],[-2.916,43.055],[-2.9155,43.056],[-2.9185,43.062],[-2.9215,43.065],[-2.9215,43.0645],[-2.922,43.0645],[-2.922,43.065],[-2.9215,43.065],[-2.9245,43.0665],[-2.9255,43.0645],[-2.9295,43.0645],[-2.9285,43.0615],[-2.93,43.0605],[-2.9305,43.06],[-2.931,43.058]]],[[[-2.9165,43.0425],[-2.9205,43.0415],[-2.92,43.0405],[-2.92,43.04],[-2.9185,43.0395],[-2.917,43.037],[-2.915,43.035],[-2.914,43.034],[-2.9135,43.034],[-2.907,43.0375],[-2.9075,43.0375],[-2.9075,43.038],[-2.8995,43.0395],[-2.8985,43.04],[-2.895,43.0415],[-2.8965,43.045],[-2.899,43.044],[-2.901,43.0455],[-2.901,43.0465],[-2.9015,43.047],[-2.9025,43.047],[-2.903,43.047],[-2.9035,43.047],[-2.903,43.0465],[-2.9025,43.046],[-2.9015,43.0455],[-2.9025,43.046],[-2.903,43.0465],[-2.9035,43.0465],[-2.9035,43.047],[-2.9045,43.047],[-2.905,43.047],[-2.9065,43.047],[-2.908,43.047],[-2.9085,43.047],[-2.909,43.0465],[-2.908,43.045],[-2.908,43.0445],[-2.9075,43.0445],[-2.906,43.0445],[-2.906,43.0435],[-2.9065,43.0435],[-2.9045,43.0435],[-2.904,43.0435],[-2.904,43.043],[-2.9035,43.0425],[-2.904,43.043],[-2.9045,43.043],[-2.9045,43.0435],[-2.906,43.0435],[-2.9065,43.0435],[-2.9065,43.044],[-2.907,43.044],[-2.9075,43.0445],[-2.908,43.044],[-2.908,43.0435],[-2.9085,43.0435],[-2.909,43.044],[-2.9095,43.044],[-2.9095,43.0445],[-2.91,43.0445],[-2.9095,43.0445],[-2.9095,43.0455],[-2.9095,43.046],[-2.9105,43.046],[-2.9115,43.046],[-2.913,43.0465],[-2.9135,43.0465],[-2.914,43.046],[-2.914,43.0455],[-2.9145,43.044],[-2.915,43.044],[-2.915,43.0435],[-2.9155,43.0435],[-2.916,43.043],[-2.9165,43.0425]]],[[[-2.884,43.414],[-2.884,43.416],[-2.8845,43.416],[-2.8865,43.416],[-2.8855,43.417],[-2.8855,43.4175],[-2.8865,43.4185],[-2.887,43.4185],[-2.8885,43.4185],[-2.893,43.4155],[-2.891,43.4125],[-2.891,43.412],[-2.8915,43.4115],[-2.891,43.4115],[-2.8905,43.412],[-2.89,43.412],[-2.8895,43.4125],[-2.889,43.4125],[-2.888,43.4125],[-2.8875,43.4125],[-2.8865,43.413],[-2.886,43.413],[-2.8855,43.4135],[-2.885,43.4135],[-2.884,43.414]]],[[[-2.866,42.966],[-2.8595,42.963],[-2.8545,42.965],[-2.8605,42.969],[-2.8605,42.968],[-2.861,42.968],[-2.8615,42.9675],[-2.8635,42.967],[-2.864,42.9665],[-2.866,42.966]]],[[[-2.8525,43.4075],[-2.851,43.408],[-2.845,43.411],[-2.8445,43.4135],[-2.8445,43.414],[-2.8455,43.4155],[-2.847,43.418],[-2.8555,43.4225],[-2.861,43.417],[-2.861,43.4165],[-2.8655,43.4145],[-2.8655,43.414],[-2.866,43.4125],[-2.866,43.412],[-2.8655,43.412],[-2.865,43.412],[-2.864,43.4125],[-2.8635,43.4125],[-2.8635,43.4105],[-2.864,43.4105],[-2.8645,43.41],[-2.865,43.41],[-2.865,43.4095],[-2.8655,43.4095],[-2.8655,43.4115],[-2.8645,43.412],[-2.864,43.4125],[-2.865,43.412],[-2.8655,43.412],[-2.866,43.4105],[-2.8665,43.41],[-2.867,43.4085],[-2.8665,43.4085],[-2.866,43.408],[-2.8635,43.4095],[-2.863,43.41],[-2.8625,43.41],[-2.86,43.41],[-2.86,43.4105],[-2.8585,43.4105],[-2.858,43.4105],[-2.8575,43.411],[-2.858,43.4115],[-2.8545,43.4115],[-2.8555,43.4105],[-2.857,43.411],[-2.858,43.4095],[-2.8595,43.4105],[-2.863,43.4095],[-2.8635,43.4095],[-2.864,43.409],[-2.8645,43.4085],[-2.862,43.4075],[-2.862,43.407],[-2.864,43.408],[-2.8625,43.4075],[-2.866,43.408],[-2.865,43.4065],[-2.8655,43.4065],[-2.8655,43.406],[-2.867,43.406],[-2.868,43.406],[-2.8685,43.4055],[-2.869,43.405],[-2.868,43.4045],[-2.8675,43.4045],[-2.8665,43.4045],[-2.866,43.405],[-2.8655,43.405],[-2.861,43.4055],[-2.8605,43.4055],[-2.86,43.407],[-2.859,43.4065],[-2.8565,43.4085],[-2.8555,43.4085],[-2.857,43.407],[-2.856,43.407],[-2.855,43.407],[-2.8535,43.4075],[-2.854,43.4075],[-2.854,43.408],[-2.853,43.4075],[-2.8525,43.4075]]],[[[-2.817,43.1605],[-2.8225,43.154],[-2.823,43.1535],[-2.8255,43.1525],[-2.825,43.1505],[-2.824,43.1505],[-2.8235,43.1505],[-2.823,43.1505],[-2.8225,43.15],[-2.8215,43.1495],[-2.821,43.149],[-2.821,43.1495],[-2.8205,43.149],[-2.819,43.1495],[-2.8185,43.15],[-2.8185,43.1505],[-2.818,43.1505],[-2.818,43.151],[-2.8135,43.155],[-2.814,43.1565],[-2.814,43.1575],[-2.8135,43.157],[-2.814,43.156],[-2.8135,43.155],[-2.813,43.155],[-2.812,43.1555],[-2.811,43.1575],[-2.81,43.159],[-2.81,43.1595],[-2.812,43.165],[-2.812,43.1645],[-2.8125,43.1635],[-2.813,43.163],[-2.8135,43.163],[-2.817,43.1605]]],[[[-2.814,42.9485],[-2.8155,42.948],[-2.816,42.9475],[-2.8165,42.947],[-2.817,42.9465],[-2.8175,42.946],[-2.818,42.946],[-2.8115,42.946],[-2.8135,42.9485],[-2.814,42.9485]]],[[[-2.795,43.2515],[-2.7955,43.252],[-2.796,43.2525],[-2.7985,43.2515],[-2.7975,43.2505],[-2.798,43.2505],[-2.7985,43.2515],[-2.7995,43.2515],[-2.7995,43.251],[-2.798,43.2475],[-2.7975,43.2475],[-2.797,43.248],[-2.7945,43.248],[-2.794,43.2475],[-2.7935,43.247],[-2.79,43.2465],[-2.79,43.247],[-2.7895,43.251],[-2.7905,43.2515],[-2.7915,43.2515],[-2.7945,43.2515],[-2.795,43.2515]]],[[[-2.7775,42.8695],[-2.7825,42.868],[-2.7825,42.867],[-2.7825,42.8665],[-2.7825,42.866],[-2.778,42.8655],[-2.7745,42.865],[-2.7725,42.8665],[-2.772,42.8685],[-2.772,42.869],[-2.7725,42.869],[-2.7765,42.87],[-2.777,42.87],[-2.7775,42.8695]]],[[[-2.7665,42.857],[-2.7715,42.854],[-2.772,42.8535],[-2.772,42.852],[-2.772,42.8515],[-2.772,42.851],[-2.7695,42.8505],[-2.769,42.8505],[-2.763,42.8555],[-2.761,42.856],[-2.761,42.86],[-2.763,42.861],[-2.7645,42.859],[-2.765,42.859],[-2.7665,42.857]]],[[[-2.766,42.873],[-2.7665,42.873],[-2.767,42.8725],[-2.7675,42.8725],[-2.7675,42.872],[-2.768,42.8715],[-2.7685,42.871],[-2.7685,42.8705],[-2.769,42.8705],[-2.7685,42.8695],[-2.7685,42.8645],[-2.767,42.864],[-2.766,42.864],[-2.766,42.8645],[-2.766,42.865],[-2.7665,42.8655],[-2.7665,42.866],[-2.7665,42.8655],[-2.766,42.865],[-2.766,42.8645],[-2.766,42.8635],[-2.766,42.863],[-2.765,42.8625],[-2.765,42.862],[-2.761,42.86],[-2.7605,42.8585],[-2.7605,42.8575],[-2.7605,42.8565],[-2.76,42.8565],[-2.7575,42.863],[-2.759,42.8675],[-2.759,42.868],[-2.7585,42.8715],[-2.759,42.8715],[-2.7615,42.872],[-2.762,42.8725],[-2.763,42.8725],[-2.764,42.8725],[-2.7645,42.873],[-2.765,42.873],[-2.766,42.873]]],[[[-2.764,42.8745],[-2.764,42.874],[-2.764,42.873],[-2.764,42.8725],[-2.7635,42.8725],[-2.763,42.8725],[-2.7625,42.8725],[-2.762,42.8725],[-2.7615,42.872],[-2.761,42.872],[-2.7605,42.872],[-2.759,42.8715],[-2.7585,42.8715],[-2.745,42.878],[-2.745,42.8785],[-2.7455,42.879],[-2.7455,42.8795],[-2.746,42.8795],[-2.7465,42.88],[-2.7465,42.8805],[-2.7475,42.881],[-2.748,42.8815],[-2.748,42.882],[-2.7485,42.882],[-2.7485,42.8825],[-2.7495,42.883],[-2.75,42.8825],[-2.75,42.882],[-2.7505,42.882],[-2.7505,42.8815],[-2.751,42.8815],[-2.7515,42.8815],[-2.752,42.881],[-2.7525,42.8805],[-2.753,42.8805],[-2.7535,42.88],[-2.754,42.88],[-2.7545,42.8795],[-2.755,42.8795],[-2.755,42.879],[-2.7555,42.879],[-2.756,42.879],[-2.7565,42.8785],[-2.757,42.8785],[-2.757,42.878],[-2.7575,42.878],[-2.758,42.8775],[-2.7595,42.876],[-2.7635,42.8745],[-2.764,42.8745]]],[[[-2.7605,43.356],[-2.7615,43.3555],[-2.762,43.3555],[-2.763,43.3545],[-2.7615,43.3535],[-2.7645,43.3525],[-2.765,43.3525],[-2.765,43.352],[-2.7665,43.3485],[-2.766,43.3475],[-2.7645,43.347],[-2.7645,43.3465],[-2.764,43.3465],[-2.762,43.348],[-2.7605,43.3485],[-2.7605,43.347],[-2.759,43.3475],[-2.7585,43.3475],[-2.7575,43.348],[-2.757,43.348],[-2.7565,43.3485],[-2.756,43.3495],[-2.7555,43.3495],[-2.7565,43.3485],[-2.755,43.349],[-2.7545,43.3485],[-2.7515,43.3485],[-2.75,43.348],[-2.7485,43.347],[-2.7485,43.3465],[-2.748,43.3465],[-2.748,43.347],[-2.748,43.348],[-2.7485,43.348],[-2.75,43.349],[-2.7515,43.35],[-2.7525,43.351],[-2.753,43.351],[-2.7535,43.352],[-2.754,43.352],[-2.754,43.3525],[-2.7535,43.3535],[-2.753,43.354],[-2.752,43.355],[-2.752,43.3555],[-2.752,43.3565],[-2.7515,43.357],[-2.752,43.3575],[-2.7525,43.358],[-2.7535,43.358],[-2.7535,43.3585],[-2.754,43.3585],[-2.753,43.358],[-2.753,43.357],[-2.7585,43.3565],[-2.759,43.3565],[-2.7595,43.3565],[-2.7605,43.356]]],[[[-2.7255,42.6445],[-2.7285,42.643],[-2.73,42.6435],[-2.732,42.6415],[-2.731,42.641],[-2.73,42.6405],[-2.7305,42.6405],[-2.7245,42.634],[-2.7295,42.6325],[-2.7295,42.632],[-2.729,42.6315],[-2.7285,42.631],[-2.7285,42.6305],[-2.7285,42.63],[-2.729,42.6295],[-2.7225,42.631],[-2.719,42.639],[-2.724,42.64],[-2.7245,42.641],[-2.7245,42.6425],[-2.726,42.644],[-2.7255,42.6445]]],[[[-2.7275,42.657],[-2.716,42.655],[-2.718,42.662],[-2.722,42.6625],[-2.722,42.662],[-2.728,42.6575],[-2.7275,42.657]]],[[[-2.718,42.662],[-2.7145,42.651],[-2.7105,42.651],[-2.712,42.655],[-2.718,42.662]]],[[[-2.7095,43.059],[-2.71,43.059],[-2.711,43.059],[-2.7115,43.059],[-2.7125,43.0585],[-2.7125,43.058],[-2.713,43.058],[-2.7125,43.057],[-2.713,43.057],[-2.7135,43.0565],[-2.713,43.056],[-2.7125,43.056],[-2.7125,43.0555],[-2.712,43.0555],[-2.7115,43.055],[-2.712,43.0545],[-2.7125,43.054],[-2.7125,43.052],[-2.7075,43.051],[-2.7055,43.0475],[-2.7055,43.0485],[-2.704,43.0485],[-2.705,43.047],[-2.7055,43.0475],[-2.7125,43.047],[-2.7125,43.046],[-2.7125,43.0455],[-2.7115,43.044],[-2.7115,43.0435],[-2.711,43.0435],[-2.708,43.041],[-2.706,43.0355],[-2.7065,43.0315],[-2.706,43.031],[-2.706,43.0315],[-2.706,43.0325],[-2.706,43.032],[-2.706,43.031],[-2.699,43.028],[-2.698,43.0285],[-2.697,43.0295],[-2.6945,43.0305],[-2.695,43.036],[-2.6955,43.036],[-2.696,43.0395],[-2.694,43.043],[-2.6935,43.0445],[-2.694,43.045],[-2.6945,43.045],[-2.695,43.045],[-2.6955,43.0445],[-2.699,43.0445],[-2.7005,43.0435],[-2.701,43.0435],[-2.6995,43.044],[-2.702,43.0455],[-2.7025,43.0455],[-2.704,43.0455],[-2.703,43.0455],[-2.7025,43.0455],[-2.702,43.0455],[-2.701,43.0455],[-2.7025,43.0465],[-2.7,43.0475],[-2.699,43.046],[-2.6995,43.046],[-2.7005,43.0445],[-2.699,43.0445],[-2.6985,43.0445],[-2.6985,43.045],[-2.6985,43.0445],[-2.697,43.0445],[-2.6965,43.0445],[-2.6955,43.045],[-2.696,43.045],[-2.695,43.045],[-2.6945,43.045],[-2.6975,43.0475],[-2.698,43.049],[-2.701,43.0495],[-2.7,43.0495],[-2.6995,43.0495],[-2.699,43.0505],[-2.6995,43.051],[-2.702,43.053],[-2.702,43.054],[-2.7045,43.056],[-2.7065,43.056],[-2.707,43.056],[-2.7065,43.056],[-2.7045,43.0565],[-2.707,43.0585],[-2.7095,43.0585],[-2.7095,43.059]]],[[[-2.7185,43.181],[-2.719,43.181],[-2.72,43.18],[-2.7185,43.1775],[-2.7205,43.1785],[-2.724,43.18],[-2.724,43.1795],[-2.721,43.1775],[-2.719,43.174],[-2.719,43.1735],[-2.719,43.173],[-2.718,43.173],[-2.7165,43.173],[-2.7075,43.172],[-2.706,43.1715],[-2.7045,43.171],[-2.7035,43.1705],[-2.703,43.17],[-2.701,43.1685],[-2.7025,43.169],[-2.702,43.168],[-2.7015,43.1675],[-2.7015,43.167],[-2.701,43.167],[-2.7005,43.166],[-2.6975,43.1665],[-2.696,43.1665],[-2.6935,43.1675],[-2.6945,43.168],[-2.695,43.1685],[-2.6975,43.169],[-2.6935,43.1695],[-2.6915,43.17],[-2.691,43.17],[-2.6905,43.1705],[-2.691,43.1705],[-2.69,43.1705],[-2.6895,43.1705],[-2.6895,43.171],[-2.689,43.171],[-2.6895,43.1735],[-2.6875,43.172],[-2.687,43.172],[-2.687,43.1725],[-2.6865,43.1725],[-2.6865,43.173],[-2.6865,43.1735],[-2.686,43.1735],[-2.6855,43.175],[-2.6855,43.1755],[-2.6855,43.1765],[-2.686,43.1765],[-2.687,43.176],[-2.693,43.1765],[-2.696,43.177],[-2.6965,43.1775],[-2.697,43.1775],[-2.6985,43.179],[-2.7025,43.1805],[-2.703,43.1805],[-2.703,43.181],[-2.7035,43.181],[-2.7045,43.1805],[-2.704,43.18],[-2.7045,43.1775],[-2.705,43.1765],[-2.7045,43.1775],[-2.704,43.18],[-2.7055,43.1805],[-2.704,43.18],[-2.7045,43.1805],[-2.7055,43.1815],[-2.706,43.1815],[-2.7085,43.182],[-2.7085,43.1825],[-2.7115,43.183],[-2.712,43.183],[-2.7145,43.182],[-2.715,43.182],[-2.7155,43.182],[-2.716,43.1815],[-2.7165,43.1815],[-2.717,43.1815],[-2.7185,43.181]]],[[[-2.69,42.9995],[-2.6895,42.9995],[-2.69,42.9995],[-2.69,43],[-2.6905,43],[-2.695,42.9995],[-2.69,42.993],[-2.6875,42.9945],[-2.688,42.997],[-2.6885,42.998],[-2.689,42.9985],[-2.69,42.9985],[-2.69,42.9995]]],[[[-2.6855,43.0355],[-2.6825,43.0365],[-2.681,43.035],[-2.682,43.0365],[-2.6825,43.0375],[-2.683,43.0385],[-2.6825,43.039],[-2.6815,43.042],[-2.683,43.0445],[-2.685,43.0455],[-2.6855,43.047],[-2.686,43.046],[-2.6875,43.047],[-2.687,43.0475],[-2.687,43.049],[-2.6865,43.0505],[-2.687,43.0505],[-2.687,43.051],[-2.6895,43.053],[-2.692,43.0535],[-2.6925,43.053],[-2.693,43.052],[-2.6925,43.052],[-2.692,43.053],[-2.692,43.0525],[-2.691,43.052],[-2.6905,43.0525],[-2.6905,43.052],[-2.691,43.052],[-2.6935,43.051],[-2.6935,43.0505],[-2.694,43.05],[-2.6945,43.05],[-2.696,43.0495],[-2.696,43.049],[-2.696,43.048],[-2.6955,43.0475],[-2.6935,43.048],[-2.693,43.046],[-2.693,43.0455],[-2.692,43.0445],[-2.692,43.0435],[-2.6935,43.042],[-2.6935,43.041],[-2.6935,43.04],[-2.6935,43.038],[-2.6885,43.0385],[-2.6885,43.035],[-2.692,43.033],[-2.6915,43.0315],[-2.6905,43.0305],[-2.69,43.0305],[-2.6855,43.0355]]],[[[-2.713,43.22],[-2.716,43.2215],[-2.7165,43.2195],[-2.7175,43.2185],[-2.718,43.2185],[-2.7195,43.2185],[-2.719,43.2155],[-2.719,43.215],[-2.7185,43.2145],[-2.711,43.2165],[-2.7115,43.217],[-2.7115,43.2175],[-2.7115,43.217],[-2.711,43.217],[-2.711,43.2165],[-2.711,43.216],[-2.7095,43.2145],[-2.709,43.2145],[-2.708,43.2135],[-2.7075,43.214],[-2.707,43.214],[-2.7065,43.214],[-2.7065,43.2145],[-2.7065,43.2155],[-2.7065,43.216],[-2.7075,43.2165],[-2.7075,43.2155],[-2.7075,43.215],[-2.708,43.215],[-2.7085,43.2155],[-2.7085,43.2165],[-2.7085,43.218],[-2.7105,43.218],[-2.711,43.218],[-2.7115,43.2185],[-2.712,43.2185],[-2.712,43.2195],[-2.7105,43.2195],[-2.709,43.219],[-2.7075,43.218],[-2.707,43.218],[-2.7025,43.2155],[-2.703,43.215],[-2.7035,43.215],[-2.704,43.2145],[-2.7035,43.2145],[-2.703,43.2135],[-2.696,43.2145],[-2.696,43.215],[-2.696,43.2155],[-2.6975,43.2155],[-2.698,43.2155],[-2.6965,43.2155],[-2.696,43.216],[-2.695,43.216],[-2.6945,43.2155],[-2.695,43.2155],[-2.695,43.215],[-2.6955,43.2145],[-2.695,43.2145],[-2.693,43.2135],[-2.693,43.214],[-2.692,43.2135],[-2.6905,43.214],[-2.6905,43.2155],[-2.6885,43.2165],[-2.688,43.217],[-2.6875,43.2165],[-2.686,43.216],[-2.686,43.215],[-2.683,43.2145],[-2.6795,43.2125],[-2.6835,43.2115],[-2.6845,43.213],[-2.685,43.213],[-2.685,43.2125],[-2.687,43.213],[-2.6875,43.213],[-2.688,43.213],[-2.688,43.2125],[-2.689,43.2125],[-2.69,43.2125],[-2.6905,43.2125],[-2.6905,43.212],[-2.691,43.212],[-2.691,43.2115],[-2.691,43.209],[-2.691,43.2085],[-2.69,43.207],[-2.6895,43.207],[-2.6875,43.2065],[-2.6835,43.2025],[-2.683,43.203],[-2.683,43.202],[-2.6805,43.2025],[-2.681,43.2025],[-2.6815,43.202],[-2.682,43.202],[-2.682,43.2015],[-2.683,43.2015],[-2.6835,43.2015],[-2.6835,43.201],[-2.6835,43.2005],[-2.6835,43.2],[-2.684,43.1985],[-2.681,43.198],[-2.681,43.199],[-2.681,43.2],[-2.6805,43.2005],[-2.6805,43.2015],[-2.68,43.202],[-2.676,43.205],[-2.6755,43.2055],[-2.6755,43.206],[-2.675,43.206],[-2.67,43.206],[-2.6705,43.2065],[-2.671,43.207],[-2.6715,43.207],[-2.6715,43.2075],[-2.672,43.2075],[-2.6725,43.208],[-2.6725,43.2085],[-2.6735,43.209],[-2.674,43.2095],[-2.676,43.21],[-2.6765,43.21],[-2.68,43.2095],[-2.6805,43.209],[-2.6805,43.2095],[-2.68,43.2095],[-2.677,43.21],[-2.6765,43.21],[-2.677,43.2105],[-2.6765,43.21],[-2.6745,43.21],[-2.6745,43.2105],[-2.6745,43.211],[-2.675,43.211],[-2.6755,43.2115],[-2.6755,43.212],[-2.676,43.2125],[-2.6755,43.212],[-2.675,43.211],[-2.6745,43.211],[-2.6745,43.2105],[-2.674,43.21],[-2.674,43.2095],[-2.6735,43.2095],[-2.6735,43.209],[-2.673,43.209],[-2.6725,43.209],[-2.672,43.209],[-2.672,43.2095],[-2.6715,43.21],[-2.672,43.2105],[-2.672,43.211],[-2.672,43.2115],[-2.673,43.2115],[-2.6725,43.213],[-2.6725,43.2135],[-2.673,43.214],[-2.6735,43.214],[-2.6745,43.2145],[-2.674,43.214],[-2.674,43.2155],[-2.673,43.2155],[-2.6725,43.216],[-2.673,43.216],[-2.673,43.2165],[-2.6725,43.216],[-2.6725,43.2155],[-2.672,43.2155],[-2.67,43.2155],[-2.672,43.215],[-2.672,43.2145],[-2.672,43.214],[-2.6725,43.214],[-2.6725,43.2135],[-2.672,43.2135],[-2.6725,43.2135],[-2.672,43.213],[-2.6715,43.2125],[-2.67,43.213],[-2.6695,43.213],[-2.669,43.2125],[-2.668,43.214],[-2.668,43.2145],[-2.6685,43.2145],[-2.6695,43.215],[-2.6695,43.2155],[-2.67,43.2155],[-2.67,43.216],[-2.67,43.2165],[-2.6705,43.217],[-2.6705,43.2175],[-2.671,43.2175],[-2.6705,43.218],[-2.6715,43.22],[-2.6715,43.2205],[-2.672,43.2205],[-2.672,43.221],[-2.672,43.222],[-2.6725,43.2225],[-2.673,43.2205],[-2.6735,43.223],[-2.6745,43.2245],[-2.6755,43.225],[-2.676,43.225],[-2.6765,43.225],[-2.677,43.225],[-2.677,43.2245],[-2.679,43.224],[-2.6795,43.224],[-2.679,43.222],[-2.678,43.2225],[-2.6775,43.221],[-2.679,43.222],[-2.6795,43.2225],[-2.6795,43.223],[-2.68,43.223],[-2.6805,43.2235],[-2.681,43.2235],[-2.6815,43.2235],[-2.6815,43.224],[-2.682,43.224],[-2.6825,43.224],[-2.683,43.2245],[-2.683,43.224],[-2.6835,43.2245],[-2.6845,43.2245],[-2.6855,43.2245],[-2.6895,43.222],[-2.6895,43.2215],[-2.6895,43.2205],[-2.6895,43.22],[-2.689,43.22],[-2.689,43.2195],[-2.6875,43.219],[-2.6865,43.218],[-2.686,43.2165],[-2.688,43.2175],[-2.689,43.2195],[-2.689,43.22],[-2.69,43.219],[-2.69,43.2195],[-2.692,43.2205],[-2.6925,43.221],[-2.6935,43.2205],[-2.6945,43.2205],[-2.694,43.2195],[-2.694,43.219],[-2.695,43.2195],[-2.697,43.2215],[-2.6975,43.2215],[-2.6975,43.2205],[-2.6975,43.22],[-2.697,43.2195],[-2.697,43.219],[-2.697,43.2185],[-2.6975,43.219],[-2.6985,43.2195],[-2.6995,43.2195],[-2.699,43.2205],[-2.699,43.22],[-2.6985,43.2195],[-2.7,43.2225],[-2.7015,43.2225],[-2.702,43.222],[-2.7025,43.222],[-2.703,43.2215],[-2.703,43.221],[-2.703,43.2205],[-2.7035,43.2205],[-2.704,43.2205],[-2.705,43.22],[-2.7055,43.2205],[-2.707,43.22],[-2.7075,43.22],[-2.7095,43.22],[-2.7125,43.22],[-2.713,43.22]]],[[[-2.695,42.654],[-2.696,42.6525],[-2.6985,42.651],[-2.6935,42.6515],[-2.6845,42.65],[-2.68,42.654],[-2.681,42.6505],[-2.6855,42.6495],[-2.6805,42.649],[-2.6795,42.6485],[-2.6775,42.6475],[-2.677,42.6475],[-2.6775,42.6475],[-2.6765,42.6455],[-2.674,42.647],[-2.673,42.6465],[-2.6735,42.6505],[-2.6705,42.654],[-2.681,42.6555],[-2.6815,42.655],[-2.683,42.655],[-2.6835,42.655],[-2.6845,42.655],[-2.686,42.655],[-2.687,42.6555],[-2.6875,42.6555],[-2.688,42.656],[-2.6905,42.655],[-2.695,42.654]]],[[[-2.6635,42.667],[-2.665,42.667],[-2.6655,42.667],[-2.666,42.667],[-2.6715,42.6695],[-2.672,42.6695],[-2.678,42.6695],[-2.678,42.6705],[-2.6785,42.6705],[-2.6785,42.671],[-2.679,42.6715],[-2.68,42.671],[-2.6815,42.671],[-2.6825,42.6715],[-2.683,42.6715],[-2.684,42.6715],[-2.686,42.672],[-2.686,42.6725],[-2.6865,42.6725],[-2.6865,42.673],[-2.687,42.673],[-2.6885,42.673],[-2.6915,42.673],[-2.688,42.6705],[-2.6865,42.67],[-2.6845,42.6685],[-2.6835,42.6685],[-2.683,42.6685],[-2.681,42.668],[-2.681,42.6675],[-2.6805,42.6665],[-2.679,42.666],[-2.6765,42.6665],[-2.6755,42.6665],[-2.6725,42.664],[-2.669,42.662],[-2.6645,42.6665],[-2.6635,42.667]]],[[[-2.6785,42.998],[-2.684,43.001],[-2.6845,43.001],[-2.683,42.9975],[-2.6805,42.9955],[-2.6785,42.996],[-2.6785,42.998]]],[[[-2.668,43.084],[-2.6685,43.084],[-2.674,43.0865],[-2.6745,43.0865],[-2.6745,43.086],[-2.675,43.086],[-2.6755,43.0855],[-2.676,43.0855],[-2.676,43.085],[-2.676,43.0845],[-2.6765,43.0845],[-2.6765,43.084],[-2.6765,43.0835],[-2.677,43.0835],[-2.677,43.083],[-2.6765,43.082],[-2.6765,43.0815],[-2.672,43.0825],[-2.667,43.0775],[-2.6725,43.08],[-2.676,43.0805],[-2.676,43.08],[-2.676,43.0795],[-2.676,43.079],[-2.6755,43.0785],[-2.6745,43.0785],[-2.674,43.079],[-2.6735,43.079],[-2.674,43.0785],[-2.675,43.078],[-2.675,43.0775],[-2.6745,43.0775],[-2.6745,43.077],[-2.674,43.0765],[-2.6745,43.0755],[-2.6755,43.0735],[-2.6755,43.073],[-2.674,43.072],[-2.675,43.0715],[-2.675,43.071],[-2.674,43.0705],[-2.674,43.07],[-2.6755,43.0695],[-2.6755,43.0685],[-2.6755,43.068],[-2.675,43.068],[-2.6755,43.068],[-2.675,43.067],[-2.675,43.0665],[-2.675,43.066],[-2.6745,43.065],[-2.674,43.064],[-2.674,43.0635],[-2.6735,43.063],[-2.6735,43.0625],[-2.6735,43.062],[-2.673,43.0615],[-2.673,43.061],[-2.6725,43.061],[-2.6725,43.0605],[-2.6705,43.059],[-2.67,43.059],[-2.67,43.0585],[-2.669,43.0605],[-2.6685,43.0625],[-2.669,43.0625],[-2.6685,43.063],[-2.6645,43.067],[-2.6645,43.0705],[-2.665,43.071],[-2.6655,43.071],[-2.6655,43.0715],[-2.6665,43.0725],[-2.6665,43.073],[-2.6695,43.075],[-2.6705,43.077],[-2.67,43.0765],[-2.6695,43.075],[-2.6665,43.073],[-2.6625,43.0775],[-2.6625,43.078],[-2.6625,43.0785],[-2.6655,43.08],[-2.667,43.08],[-2.6675,43.081],[-2.666,43.081],[-2.667,43.0815],[-2.667,43.082],[-2.666,43.081],[-2.666,43.0805],[-2.6655,43.08],[-2.6625,43.0785],[-2.6625,43.0795],[-2.6625,43.08],[-2.662,43.0805],[-2.6645,43.0805],[-2.668,43.084]]],[[[-2.6725,42.9995],[-2.671,42.996],[-2.6725,42.9915],[-2.6745,42.9905],[-2.6685,42.991],[-2.6675,42.9925],[-2.6665,42.994],[-2.6665,42.9945],[-2.666,42.9945],[-2.667,42.9925],[-2.6675,42.9925],[-2.6685,42.991],[-2.665,42.9895],[-2.662,42.9855],[-2.6605,42.985],[-2.66,42.9855],[-2.6575,42.9855],[-2.657,42.986],[-2.656,42.986],[-2.653,42.9875],[-2.6545,42.99],[-2.655,42.9905],[-2.6555,42.9915],[-2.656,42.9925],[-2.6555,42.9925],[-2.6495,42.9935],[-2.6495,42.994],[-2.6495,42.9945],[-2.657,42.996],[-2.6575,42.999],[-2.657,42.9995],[-2.6575,43.002],[-2.658,43.0045],[-2.659,43.0065],[-2.66,43.0045],[-2.6685,43.007],[-2.671,43.0135],[-2.675,43.0095],[-2.6755,43.009],[-2.676,43.0085],[-2.674,43.008],[-2.6745,43.004],[-2.6745,43.0015],[-2.6725,42.9995]]],[[[-2.663,43.2095],[-2.6625,43.2085],[-2.662,43.209],[-2.6615,43.21],[-2.661,43.2095],[-2.6605,43.2095],[-2.66,43.2095],[-2.66,43.21],[-2.66,43.2105],[-2.6595,43.211],[-2.6575,43.211],[-2.6585,43.21],[-2.658,43.21],[-2.658,43.2095],[-2.657,43.2095],[-2.6565,43.2095],[-2.6565,43.21],[-2.656,43.2105],[-2.6555,43.2105],[-2.656,43.2105],[-2.656,43.21],[-2.6535,43.2085],[-2.653,43.209],[-2.6525,43.209],[-2.6525,43.2095],[-2.6525,43.21],[-2.653,43.21],[-2.654,43.2095],[-2.6545,43.2095],[-2.6535,43.2105],[-2.653,43.2105],[-2.6525,43.21],[-2.6525,43.2095],[-2.652,43.2105],[-2.652,43.211],[-2.6515,43.211],[-2.652,43.2105],[-2.652,43.2095],[-2.6525,43.209],[-2.652,43.209],[-2.6515,43.209],[-2.651,43.209],[-2.6505,43.209],[-2.6495,43.209],[-2.649,43.209],[-2.6485,43.209],[-2.648,43.209],[-2.6465,43.2115],[-2.645,43.21],[-2.6445,43.21],[-2.644,43.21],[-2.6435,43.21],[-2.643,43.2105],[-2.643,43.211],[-2.6425,43.211],[-2.642,43.2115],[-2.641,43.212],[-2.641,43.2125],[-2.64,43.2125],[-2.6395,43.213],[-2.6395,43.2135],[-2.64,43.2145],[-2.638,43.2145],[-2.64,43.2145],[-2.6405,43.216],[-2.6415,43.216],[-2.6435,43.217],[-2.645,43.2175],[-2.6465,43.218],[-2.647,43.218],[-2.6475,43.2175],[-2.648,43.218],[-2.6495,43.218],[-2.6485,43.2155],[-2.65,43.2155],[-2.6545,43.2175],[-2.6565,43.2195],[-2.657,43.22],[-2.6575,43.214],[-2.658,43.214],[-2.6595,43.2135],[-2.6605,43.211],[-2.6625,43.21],[-2.663,43.2095]]],[[[-2.6465,42.6455],[-2.6555,42.649],[-2.66,42.6545],[-2.667,42.6565],[-2.673,42.6555],[-2.6705,42.654],[-2.67,42.6525],[-2.6695,42.645],[-2.665,42.644],[-2.657,42.638],[-2.6605,42.6355],[-2.657,42.6365],[-2.657,42.637],[-2.6565,42.637],[-2.656,42.637],[-2.6515,42.637],[-2.645,42.6415],[-2.6375,42.641],[-2.632,42.6435],[-2.6305,42.6445],[-2.6255,42.6445],[-2.6195,42.6485],[-2.6235,42.649],[-2.624,42.649],[-2.625,42.649],[-2.627,42.649],[-2.635,42.6455],[-2.6435,42.6445],[-2.634,42.647],[-2.6305,42.6485],[-2.6285,42.649],[-2.632,42.6485],[-2.635,42.6475],[-2.635,42.648],[-2.6355,42.648],[-2.636,42.648],[-2.636,42.6485],[-2.642,42.6525],[-2.6465,42.6455]]],[[[-2.6305,43.029],[-2.6315,43.03],[-2.6315,43.0305],[-2.632,43.0305],[-2.632,43.031],[-2.6325,43.031],[-2.6325,43.0315],[-2.6335,43.032],[-2.634,43.033],[-2.634,43.0335],[-2.634,43.034],[-2.6335,43.034],[-2.634,43.0345],[-2.634,43.035],[-2.635,43.038],[-2.638,43.0345],[-2.638,43.033],[-2.639,43.033],[-2.6345,43.029],[-2.634,43.0285],[-2.633,43.0275],[-2.6315,43.026],[-2.6315,43.0265],[-2.631,43.0275],[-2.631,43.0285],[-2.6305,43.029]]],[[[-2.633,43.1515],[-2.639,43.146],[-2.635,43.1445],[-2.634,43.1435],[-2.639,43.1425],[-2.639,43.143],[-2.6395,43.143],[-2.64,43.142],[-2.6395,43.1415],[-2.638,43.1415],[-2.6375,43.1415],[-2.638,43.1415],[-2.6395,43.1415],[-2.64,43.1415],[-2.641,43.1415],[-2.6415,43.1415],[-2.6415,43.141],[-2.642,43.141],[-2.6425,43.141],[-2.6425,43.14],[-2.6425,43.1395],[-2.642,43.1395],[-2.6415,43.139],[-2.641,43.139],[-2.641,43.1385],[-2.6405,43.1385],[-2.64,43.1385],[-2.6395,43.1385],[-2.639,43.1385],[-2.639,43.139],[-2.6385,43.139],[-2.638,43.139],[-2.637,43.139],[-2.6365,43.139],[-2.6375,43.139],[-2.638,43.139],[-2.6385,43.1385],[-2.639,43.1385],[-2.6395,43.1385],[-2.6395,43.138],[-2.6395,43.1375],[-2.639,43.137],[-2.6385,43.1365],[-2.638,43.1365],[-2.638,43.136],[-2.6375,43.1355],[-2.636,43.135],[-2.635,43.1355],[-2.6345,43.1355],[-2.635,43.136],[-2.634,43.137],[-2.6335,43.1365],[-2.633,43.137],[-2.6335,43.1375],[-2.633,43.138],[-2.6325,43.1385],[-2.632,43.1385],[-2.631,43.139],[-2.63,43.137],[-2.629,43.1365],[-2.6285,43.137],[-2.628,43.1375],[-2.627,43.1375],[-2.627,43.138],[-2.6265,43.1375],[-2.626,43.1375],[-2.626,43.137],[-2.6255,43.137],[-2.625,43.137],[-2.6245,43.137],[-2.624,43.137],[-2.623,43.137],[-2.6215,43.1375],[-2.6215,43.138],[-2.6205,43.1385],[-2.62,43.139],[-2.62,43.1395],[-2.6205,43.1395],[-2.6205,43.14],[-2.6205,43.1405],[-2.62,43.1395],[-2.6195,43.14],[-2.619,43.14],[-2.6185,43.14],[-2.6185,43.1405],[-2.619,43.1405],[-2.618,43.1405],[-2.6175,43.141],[-2.6175,43.1415],[-2.62,43.142],[-2.6205,43.1425],[-2.621,43.1425],[-2.622,43.142],[-2.6245,43.1425],[-2.624,43.144],[-2.622,43.1435],[-2.621,43.143],[-2.6205,43.1425],[-2.62,43.145],[-2.6215,43.1465],[-2.622,43.1465],[-2.6225,43.146],[-2.6235,43.146],[-2.624,43.146],[-2.6245,43.1455],[-2.625,43.145],[-2.6255,43.145],[-2.6255,43.1445],[-2.626,43.1445],[-2.6265,43.144],[-2.627,43.144],[-2.6275,43.144],[-2.6275,43.1435],[-2.628,43.1435],[-2.6285,43.1435],[-2.629,43.143],[-2.628,43.1435],[-2.6275,43.1435],[-2.6275,43.144],[-2.627,43.144],[-2.6275,43.1445],[-2.632,43.1465],[-2.6325,43.1455],[-2.633,43.145],[-2.633,43.147],[-2.6315,43.1505],[-2.6315,43.151],[-2.6325,43.1515],[-2.633,43.1515]]],[[[-2.6185,43.057],[-2.622,43.0565],[-2.626,43.052],[-2.6215,43.0505],[-2.621,43.0505],[-2.619,43.05],[-2.6195,43.0525],[-2.6195,43.053],[-2.6195,43.0535],[-2.6195,43.054],[-2.6185,43.0545],[-2.6185,43.055],[-2.6185,43.0555],[-2.6185,43.056],[-2.6185,43.0565],[-2.6185,43.057]]],[[[-2.6105,43.1405],[-2.62,43.137],[-2.6225,43.131],[-2.6225,43.1305],[-2.622,43.1305],[-2.622,43.13],[-2.6225,43.129],[-2.6215,43.128],[-2.62,43.127],[-2.619,43.1275],[-2.6165,43.128],[-2.6155,43.128],[-2.615,43.1285],[-2.6145,43.1285],[-2.614,43.1285],[-2.613,43.1285],[-2.6125,43.129],[-2.6125,43.1295],[-2.612,43.1305],[-2.612,43.131],[-2.611,43.132],[-2.611,43.1325],[-2.6105,43.1325],[-2.612,43.134],[-2.612,43.1345],[-2.614,43.1365],[-2.6135,43.137],[-2.6115,43.137],[-2.6115,43.1375],[-2.611,43.1375],[-2.6095,43.139],[-2.6105,43.139],[-2.6085,43.1405],[-2.609,43.1405],[-2.61,43.1405],[-2.6105,43.1405]]],[[[-2.615,42.9925],[-2.618,42.992],[-2.6175,42.992],[-2.6175,42.9915],[-2.617,42.9915],[-2.6155,42.991],[-2.6145,42.99],[-2.614,42.99],[-2.6125,42.989],[-2.611,42.9885],[-2.6105,42.988],[-2.61,42.988],[-2.6095,42.988],[-2.609,42.9875],[-2.6085,42.987],[-2.6105,42.989],[-2.6075,42.987],[-2.6035,42.9845],[-2.603,42.984],[-2.603,42.9835],[-2.602,42.9835],[-2.5975,42.986],[-2.597,42.9865],[-2.5935,42.987],[-2.6035,42.992],[-2.605,42.995],[-2.6135,42.9925],[-2.614,42.9925],[-2.6145,42.9925],[-2.615,42.992],[-2.615,42.9925]]],[[[-2.619,43.05],[-2.621,43.0505],[-2.6215,43.0505],[-2.622,43.05],[-2.619,43.0485],[-2.6185,43.0485],[-2.6175,43.0475],[-2.617,43.0465],[-2.6155,43.046],[-2.6145,43.046],[-2.6095,43.043],[-2.607,43.0405],[-2.6065,43.04],[-2.606,43.039],[-2.6055,43.0385],[-2.604,43.0375],[-2.602,43.038],[-2.6015,43.0385],[-2.6015,43.038],[-2.6025,43.0375],[-2.6025,43.037],[-2.6025,43.0365],[-2.5995,43.0345],[-2.5985,43.0345],[-2.591,43.032],[-2.59,43.032],[-2.5945,43.0375],[-2.599,43.039],[-2.5995,43.039],[-2.6,43.039],[-2.601,43.0395],[-2.6015,43.0395],[-2.6015,43.04],[-2.602,43.04],[-2.602,43.0405],[-2.603,43.041],[-2.603,43.0415],[-2.605,43.0445],[-2.6065,43.047],[-2.6065,43.0475],[-2.607,43.048],[-2.6075,43.048],[-2.6085,43.0475],[-2.611,43.0475],[-2.6135,43.0485],[-2.6135,43.049],[-2.6145,43.0495],[-2.6155,43.05],[-2.617,43.05],[-2.619,43.05]]],[[[-2.594,42.9655],[-2.59,42.9685],[-2.5955,42.973],[-2.602,42.9725],[-2.602,42.9715],[-2.6,42.968],[-2.6,42.9675],[-2.5985,42.9675],[-2.598,42.967],[-2.594,42.966],[-2.594,42.9655]]],[[[-2.592,43.2395],[-2.594,43.2385],[-2.5945,43.2385],[-2.6,43.2405],[-2.6005,43.2405],[-2.6,43.2395],[-2.5995,43.2395],[-2.6,43.2395],[-2.601,43.239],[-2.6015,43.2385],[-2.6015,43.2355],[-2.595,43.2335],[-2.593,43.233],[-2.589,43.233],[-2.59,43.2375],[-2.5905,43.2375],[-2.5905,43.239],[-2.59,43.2395],[-2.5905,43.2395],[-2.5915,43.2395],[-2.592,43.2395]]],[[[-2.6015,42.9755],[-2.599,42.976],[-2.598,42.976],[-2.5975,42.9765],[-2.597,42.9765],[-2.5965,42.9765],[-2.5965,42.976],[-2.588,42.978],[-2.59,42.982],[-2.587,42.985],[-2.594,42.9855],[-2.5945,42.9855],[-2.6005,42.9805],[-2.602,42.9765],[-2.6015,42.9755]]],[[[-2.5665,43.1365],[-2.569,43.1395],[-2.5705,43.1395],[-2.5695,43.1405],[-2.57,43.1405],[-2.572,43.141],[-2.5725,43.1405],[-2.572,43.1405],[-2.5725,43.1395],[-2.5735,43.1395],[-2.5745,43.1405],[-2.575,43.141],[-2.5775,43.1405],[-2.587,43.141],[-2.588,43.1415],[-2.5885,43.1415],[-2.591,43.1405],[-2.5895,43.138],[-2.5895,43.1375],[-2.589,43.1375],[-2.5865,43.1375],[-2.582,43.1375],[-2.5755,43.132],[-2.5705,43.1315],[-2.569,43.132],[-2.57,43.132],[-2.5715,43.1325],[-2.572,43.1325],[-2.5725,43.1325],[-2.573,43.1325],[-2.574,43.1325],[-2.5755,43.133],[-2.575,43.1335],[-2.5735,43.133],[-2.5725,43.1335],[-2.567,43.133],[-2.567,43.1335],[-2.5655,43.134],[-2.5655,43.1345],[-2.566,43.135],[-2.566,43.1355],[-2.5665,43.1355],[-2.5665,43.136],[-2.5665,43.1365]]],[[[-2.5765,43.142],[-2.5765,43.143],[-2.576,43.143],[-2.576,43.1435],[-2.5755,43.1435],[-2.5755,43.144],[-2.575,43.144],[-2.575,43.145],[-2.5745,43.145],[-2.5765,43.1455],[-2.577,43.1455],[-2.578,43.146],[-2.579,43.146],[-2.5845,43.1455],[-2.585,43.1455],[-2.587,43.145],[-2.586,43.1415],[-2.5765,43.142]]],[[[-2.5885,43.2145],[-2.59,43.2135],[-2.59,43.213],[-2.5905,43.2125],[-2.5905,43.212],[-2.591,43.212],[-2.5915,43.2115],[-2.5915,43.211],[-2.592,43.211],[-2.5835,43.206],[-2.583,43.206],[-2.5825,43.2055],[-2.5815,43.206],[-2.583,43.205],[-2.5835,43.205],[-2.5935,43.2025],[-2.5935,43.2015],[-2.593,43.2015],[-2.5925,43.2015],[-2.591,43.201],[-2.5905,43.2015],[-2.59,43.201],[-2.5895,43.201],[-2.589,43.201],[-2.589,43.2005],[-2.5885,43.2005],[-2.588,43.2005],[-2.586,43.2005],[-2.5855,43.2005],[-2.585,43.2005],[-2.5845,43.2005],[-2.584,43.201],[-2.584,43.2005],[-2.5845,43.2005],[-2.585,43.2005],[-2.5855,43.2],[-2.586,43.2],[-2.5875,43.2],[-2.588,43.2005],[-2.5885,43.2005],[-2.589,43.2005],[-2.5895,43.201],[-2.59,43.201],[-2.5925,43.2015],[-2.593,43.2015],[-2.594,43.201],[-2.587,43.198],[-2.5875,43.1975],[-2.5915,43.195],[-2.589,43.1955],[-2.5885,43.1955],[-2.5865,43.1955],[-2.585,43.1955],[-2.5805,43.1965],[-2.5805,43.197],[-2.5805,43.1975],[-2.5805,43.198],[-2.5805,43.1985],[-2.581,43.1985],[-2.582,43.199],[-2.5815,43.1985],[-2.5815,43.198],[-2.5825,43.1985],[-2.585,43.1985],[-2.585,43.2],[-2.5825,43.2],[-2.5795,43.199],[-2.579,43.1985],[-2.578,43.198],[-2.578,43.1975],[-2.5765,43.1975],[-2.576,43.1975],[-2.575,43.198],[-2.575,43.1985],[-2.575,43.199],[-2.5735,43.201],[-2.574,43.201],[-2.575,43.202],[-2.574,43.203],[-2.5745,43.2035],[-2.575,43.2045],[-2.576,43.2055],[-2.5765,43.206],[-2.5745,43.209],[-2.575,43.209],[-2.5755,43.209],[-2.5755,43.2095],[-2.5775,43.2115],[-2.5775,43.212],[-2.578,43.212],[-2.5785,43.2145],[-2.5785,43.215],[-2.578,43.215],[-2.5775,43.2145],[-2.577,43.2145],[-2.578,43.2155],[-2.581,43.214],[-2.5855,43.214],[-2.587,43.2155],[-2.5875,43.215],[-2.588,43.215],[-2.5885,43.2145]]],[[[-2.5705,42.8645],[-2.57,42.8645],[-2.57,42.865],[-2.5695,42.865],[-2.569,42.865],[-2.569,42.8655],[-2.5685,42.8655],[-2.568,42.866],[-2.5675,42.866],[-2.567,42.8665],[-2.5665,42.8665],[-2.5655,42.867],[-2.565,42.867],[-2.565,42.8675],[-2.5645,42.8675],[-2.564,42.868],[-2.5635,42.868],[-2.572,42.869],[-2.572,42.8695],[-2.575,42.8725],[-2.576,42.8745],[-2.577,42.875],[-2.5775,42.875],[-2.578,42.8745],[-2.5785,42.8745],[-2.5785,42.874],[-2.579,42.874],[-2.5795,42.874],[-2.58,42.874],[-2.581,42.874],[-2.5815,42.874],[-2.583,42.8745],[-2.584,42.8745],[-2.5845,42.8745],[-2.5855,42.8745],[-2.587,42.875],[-2.5875,42.872],[-2.5895,42.8645],[-2.589,42.8645],[-2.5885,42.8645],[-2.5875,42.8645],[-2.587,42.8645],[-2.5855,42.8645],[-2.5785,42.867],[-2.578,42.867],[-2.576,42.8665],[-2.571,42.864],[-2.5705,42.8645]]],[[[-2.5695,42.9545],[-2.5775,42.9585],[-2.578,42.9585],[-2.5815,42.9585],[-2.583,42.9575],[-2.585,42.956],[-2.5845,42.9525],[-2.582,42.9515],[-2.569,42.9435],[-2.569,42.9475],[-2.5665,42.9485],[-2.566,42.95],[-2.5655,42.9515],[-2.566,42.954],[-2.5665,42.954],[-2.569,42.9545],[-2.5695,42.9545]]],[[[-2.5715,42.961],[-2.581,42.964],[-2.583,42.9635],[-2.582,42.9615],[-2.5815,42.9585],[-2.578,42.9585],[-2.5775,42.9585],[-2.5695,42.9545],[-2.569,42.9545],[-2.5665,42.954],[-2.5665,42.9555],[-2.566,42.955],[-2.566,42.954],[-2.565,42.955],[-2.565,42.9555],[-2.564,42.957],[-2.564,42.958],[-2.5635,42.958],[-2.563,42.959],[-2.562,42.9595],[-2.5615,42.9595],[-2.562,42.959],[-2.5625,42.959],[-2.563,42.9585],[-2.563,42.958],[-2.564,42.9565],[-2.5645,42.956],[-2.565,42.9555],[-2.565,42.954],[-2.565,42.953],[-2.565,42.9525],[-2.5645,42.9515],[-2.5605,42.95],[-2.558,42.9515],[-2.5575,42.9515],[-2.557,42.9525],[-2.557,42.953],[-2.5555,42.954],[-2.555,42.955],[-2.557,42.9555],[-2.553,42.956],[-2.55,42.9565],[-2.555,42.959],[-2.5555,42.9595],[-2.558,42.96],[-2.5585,42.9605],[-2.56,42.961],[-2.563,42.9615],[-2.564,42.9615],[-2.5645,42.9615],[-2.567,42.9615],[-2.5675,42.9615],[-2.568,42.9615],[-2.568,42.961],[-2.5685,42.961],[-2.569,42.961],[-2.5715,42.961]]],[[[-2.5705,42.7295],[-2.571,42.7275],[-2.5725,42.7245],[-2.573,42.7245],[-2.5735,42.724],[-2.574,42.7235],[-2.5745,42.7225],[-2.575,42.7225],[-2.572,42.7225],[-2.5715,42.7225],[-2.571,42.722],[-2.5695,42.722],[-2.569,42.723],[-2.567,42.7245],[-2.558,42.7345],[-2.5595,42.7355],[-2.561,42.738],[-2.5635,42.7385],[-2.565,42.7375],[-2.5705,42.7295]]],[[[-2.5585,42.8165],[-2.5585,42.817],[-2.559,42.8185],[-2.5595,42.818],[-2.56,42.817],[-2.56,42.8165],[-2.5605,42.816],[-2.561,42.8155],[-2.5655,42.811],[-2.5705,42.807],[-2.57,42.8045],[-2.569,42.8045],[-2.5685,42.8045],[-2.5655,42.8055],[-2.565,42.8055],[-2.556,42.8075],[-2.5515,42.8045],[-2.551,42.81],[-2.555,42.811],[-2.5575,42.811],[-2.558,42.8105],[-2.558,42.81],[-2.5585,42.81],[-2.558,42.8105],[-2.5615,42.81],[-2.5635,42.808],[-2.5635,42.8075],[-2.564,42.8075],[-2.5635,42.808],[-2.5635,42.8095],[-2.5635,42.8105],[-2.5615,42.811],[-2.5605,42.8115],[-2.56,42.813],[-2.5595,42.813],[-2.5595,42.8135],[-2.559,42.814],[-2.559,42.8145],[-2.559,42.816],[-2.5585,42.8165]]],[[[-2.565,42.867],[-2.5655,42.867],[-2.566,42.8665],[-2.5665,42.8665],[-2.567,42.866],[-2.5675,42.866],[-2.5675,42.8655],[-2.568,42.8655],[-2.5685,42.8655],[-2.5685,42.865],[-2.5695,42.865],[-2.5695,42.8645],[-2.57,42.8645],[-2.5705,42.8645],[-2.5705,42.864],[-2.571,42.864],[-2.566,42.864],[-2.5635,42.8625],[-2.5635,42.863],[-2.556,42.8635],[-2.5565,42.8635],[-2.557,42.864],[-2.5575,42.8645],[-2.558,42.8645],[-2.558,42.865],[-2.5585,42.865],[-2.5585,42.8655],[-2.559,42.8655],[-2.559,42.866],[-2.5595,42.866],[-2.5595,42.8665],[-2.56,42.8665],[-2.5605,42.8665],[-2.5605,42.867],[-2.561,42.867],[-2.5615,42.8675],[-2.562,42.8675],[-2.562,42.868],[-2.5625,42.8685],[-2.563,42.8685],[-2.5635,42.868],[-2.564,42.8675],[-2.5645,42.8675],[-2.565,42.867]]],[[[-2.5605,42.946],[-2.5605,42.948],[-2.5605,42.9485],[-2.5605,42.949],[-2.5605,42.95],[-2.5645,42.9515],[-2.5655,42.953],[-2.566,42.954],[-2.566,42.9535],[-2.5655,42.9515],[-2.566,42.95],[-2.5665,42.9485],[-2.569,42.9475],[-2.569,42.9435],[-2.5605,42.938],[-2.5605,42.9385],[-2.5605,42.946]]],[[[-2.581,43.1175],[-2.583,43.117],[-2.583,43.1155],[-2.5805,43.114],[-2.5805,43.1135],[-2.5755,43.111],[-2.5745,43.111],[-2.573,43.1105],[-2.57,43.1105],[-2.5695,43.11],[-2.57,43.11],[-2.5705,43.11],[-2.573,43.1105],[-2.5745,43.1105],[-2.5755,43.1105],[-2.5765,43.1105],[-2.576,43.1085],[-2.576,43.108],[-2.5765,43.1075],[-2.5765,43.107],[-2.5765,43.104],[-2.575,43.1045],[-2.5745,43.1055],[-2.573,43.105],[-2.5735,43.1045],[-2.575,43.104],[-2.5755,43.104],[-2.576,43.104],[-2.5755,43.1035],[-2.575,43.103],[-2.5735,43.102],[-2.573,43.103],[-2.573,43.1035],[-2.5725,43.104],[-2.5715,43.1045],[-2.5715,43.104],[-2.5735,43.1015],[-2.573,43.1005],[-2.568,43.102],[-2.569,43.1005],[-2.5685,43.1005],[-2.568,43.1005],[-2.5655,43.102],[-2.566,43.1015],[-2.566,43.1005],[-2.568,43.1005],[-2.569,43.1005],[-2.5695,43.1005],[-2.57,43.1005],[-2.571,43.1005],[-2.5715,43.1],[-2.572,43.1],[-2.5725,43.0995],[-2.573,43.0995],[-2.5715,43.099],[-2.567,43.0915],[-2.567,43.0935],[-2.567,43.0955],[-2.566,43.097],[-2.566,43.0975],[-2.566,43.098],[-2.565,43.098],[-2.564,43.0985],[-2.5635,43.0985],[-2.5635,43.099],[-2.563,43.1],[-2.5625,43.1],[-2.5625,43.0995],[-2.5605,43.1005],[-2.5605,43.1],[-2.561,43.1],[-2.5615,43.098],[-2.56,43.099],[-2.56,43.1],[-2.558,43.101],[-2.558,43.1025],[-2.5535,43.1035],[-2.5495,43.098],[-2.5475,43.0975],[-2.5495,43.097],[-2.5505,43.0965],[-2.5505,43.097],[-2.5515,43.0975],[-2.5515,43.098],[-2.552,43.097],[-2.552,43.0965],[-2.5515,43.096],[-2.5515,43.0955],[-2.551,43.096],[-2.5515,43.0955],[-2.552,43.0955],[-2.552,43.095],[-2.552,43.0945],[-2.5525,43.094],[-2.553,43.094],[-2.553,43.0935],[-2.552,43.093],[-2.5515,43.093],[-2.551,43.093],[-2.5505,43.093],[-2.5505,43.0935],[-2.551,43.0935],[-2.55,43.094],[-2.5495,43.093],[-2.5505,43.093],[-2.5505,43.0925],[-2.5495,43.0925],[-2.548,43.093],[-2.548,43.0935],[-2.548,43.093],[-2.5495,43.0925],[-2.5505,43.0925],[-2.549,43.0925],[-2.549,43.0915],[-2.5515,43.0915],[-2.552,43.093],[-2.553,43.0935],[-2.5535,43.0935],[-2.554,43.0935],[-2.554,43.093],[-2.5545,43.093],[-2.555,43.093],[-2.5555,43.0925],[-2.5555,43.092],[-2.555,43.092],[-2.555,43.0915],[-2.5545,43.0915],[-2.5545,43.091],[-2.554,43.0905],[-2.5535,43.0905],[-2.553,43.09],[-2.5505,43.091],[-2.55,43.091],[-2.5505,43.091],[-2.548,43.0875],[-2.5465,43.088],[-2.545,43.0865],[-2.5445,43.0855],[-2.544,43.0855],[-2.5435,43.085],[-2.543,43.085],[-2.5425,43.085],[-2.5425,43.0845],[-2.542,43.0845],[-2.5405,43.084],[-2.5395,43.084],[-2.539,43.084],[-2.5385,43.0835],[-2.538,43.084],[-2.538,43.0845],[-2.5385,43.085],[-2.539,43.0855],[-2.5395,43.086],[-2.5395,43.0865],[-2.54,43.0865],[-2.541,43.087],[-2.5415,43.087],[-2.5415,43.0875],[-2.5405,43.088],[-2.542,43.0875],[-2.5425,43.088],[-2.5425,43.089],[-2.544,43.089],[-2.5445,43.0895],[-2.5445,43.09],[-2.5445,43.0905],[-2.544,43.09],[-2.544,43.0895],[-2.5435,43.0895],[-2.543,43.0915],[-2.543,43.092],[-2.5415,43.095],[-2.5425,43.0955],[-2.542,43.0955],[-2.541,43.0965],[-2.5405,43.097],[-2.5395,43.098],[-2.5405,43.098],[-2.5415,43.0995],[-2.5425,43.0995],[-2.543,43.0975],[-2.542,43.097],[-2.5425,43.096],[-2.541,43.097],[-2.5415,43.0965],[-2.5425,43.096],[-2.5435,43.096],[-2.5425,43.0995],[-2.542,43.1],[-2.542,43.1005],[-2.543,43.1005],[-2.5435,43.1005],[-2.544,43.1005],[-2.5445,43.1005],[-2.5445,43.1],[-2.545,43.0985],[-2.545,43.099],[-2.545,43.1],[-2.5445,43.1],[-2.5445,43.1005],[-2.5435,43.1035],[-2.546,43.1035],[-2.5465,43.1045],[-2.5465,43.105],[-2.5465,43.1065],[-2.547,43.1065],[-2.549,43.1055],[-2.547,43.1065],[-2.5465,43.107],[-2.546,43.107],[-2.547,43.1075],[-2.5485,43.107],[-2.5495,43.1075],[-2.552,43.1075],[-2.5525,43.107],[-2.5535,43.107],[-2.553,43.107],[-2.5525,43.1075],[-2.552,43.1075],[-2.5495,43.108],[-2.5485,43.108],[-2.5475,43.108],[-2.547,43.1075],[-2.546,43.107],[-2.5445,43.1075],[-2.5435,43.108],[-2.5425,43.108],[-2.544,43.1075],[-2.5415,43.1075],[-2.541,43.1075],[-2.5405,43.1075],[-2.5395,43.1085],[-2.539,43.1085],[-2.5385,43.1085],[-2.539,43.1085],[-2.5385,43.109],[-2.538,43.109],[-2.5375,43.109],[-2.537,43.109],[-2.5365,43.109],[-2.536,43.1095],[-2.5355,43.1095],[-2.535,43.11],[-2.536,43.1115],[-2.5365,43.1115],[-2.5365,43.112],[-2.538,43.112],[-2.5385,43.112],[-2.5405,43.111],[-2.5405,43.1105],[-2.541,43.1105],[-2.5405,43.111],[-2.5385,43.112],[-2.5385,43.1125],[-2.5395,43.1125],[-2.54,43.1125],[-2.5405,43.1125],[-2.541,43.1125],[-2.542,43.1125],[-2.543,43.1115],[-2.5425,43.112],[-2.5425,43.1125],[-2.542,43.1125],[-2.5415,43.1125],[-2.5405,43.113],[-2.541,43.1165],[-2.542,43.116],[-2.5425,43.1145],[-2.544,43.114],[-2.5445,43.1145],[-2.5455,43.1155],[-2.5455,43.119],[-2.5475,43.1195],[-2.5475,43.118],[-2.5475,43.1175],[-2.5495,43.12],[-2.5495,43.1195],[-2.5495,43.119],[-2.5495,43.1185],[-2.5495,43.118],[-2.5495,43.1155],[-2.551,43.1135],[-2.55,43.1155],[-2.5495,43.118],[-2.5495,43.1185],[-2.5495,43.119],[-2.5495,43.1195],[-2.55,43.12],[-2.551,43.12],[-2.5515,43.12],[-2.5515,43.1195],[-2.552,43.1195],[-2.5525,43.1195],[-2.5535,43.119],[-2.5535,43.1185],[-2.553,43.1185],[-2.553,43.118],[-2.5535,43.1175],[-2.555,43.1175],[-2.555,43.118],[-2.5555,43.118],[-2.556,43.1175],[-2.5565,43.117],[-2.557,43.117],[-2.557,43.1165],[-2.5575,43.1165],[-2.557,43.116],[-2.5575,43.116],[-2.5575,43.114],[-2.5575,43.1115],[-2.5585,43.112],[-2.5595,43.109],[-2.5595,43.11],[-2.559,43.11],[-2.5605,43.1105],[-2.5585,43.1165],[-2.5595,43.116],[-2.56,43.116],[-2.562,43.114],[-2.562,43.1145],[-2.56,43.116],[-2.5585,43.117],[-2.554,43.12],[-2.5535,43.1195],[-2.5525,43.1195],[-2.552,43.12],[-2.5515,43.12],[-2.551,43.1205],[-2.5505,43.1205],[-2.5505,43.121],[-2.55,43.121],[-2.5515,43.1215],[-2.5515,43.121],[-2.5515,43.1215],[-2.5535,43.1225],[-2.556,43.1215],[-2.5575,43.1205],[-2.558,43.1205],[-2.559,43.1205],[-2.5595,43.12],[-2.5605,43.1195],[-2.561,43.1195],[-2.561,43.119],[-2.5615,43.1185],[-2.5615,43.118],[-2.561,43.1165],[-2.562,43.1155],[-2.563,43.1175],[-2.5625,43.118],[-2.5635,43.119],[-2.564,43.119],[-2.566,43.116],[-2.565,43.1185],[-2.565,43.119],[-2.5645,43.119],[-2.564,43.119],[-2.5635,43.119],[-2.5635,43.12],[-2.5635,43.1205],[-2.5635,43.121],[-2.5635,43.1215],[-2.563,43.121],[-2.5625,43.121],[-2.561,43.1215],[-2.56,43.122],[-2.56,43.1225],[-2.561,43.123],[-2.5595,43.123],[-2.5585,43.124],[-2.5585,43.125],[-2.558,43.1255],[-2.5575,43.1255],[-2.557,43.126],[-2.5565,43.126],[-2.557,43.1265],[-2.559,43.126],[-2.5615,43.1265],[-2.565,43.1245],[-2.566,43.1245],[-2.566,43.124],[-2.5675,43.1245],[-2.568,43.1245],[-2.5685,43.125],[-2.568,43.126],[-2.5675,43.126],[-2.5675,43.1275],[-2.568,43.1275],[-2.568,43.128],[-2.569,43.1285],[-2.571,43.1285],[-2.5715,43.1285],[-2.5715,43.127],[-2.5715,43.1265],[-2.572,43.1265],[-2.572,43.1255],[-2.572,43.126],[-2.572,43.125],[-2.5715,43.1245],[-2.571,43.124],[-2.571,43.122],[-2.5715,43.122],[-2.572,43.125],[-2.572,43.1255],[-2.5725,43.126],[-2.5725,43.1265],[-2.572,43.1265],[-2.572,43.127],[-2.5715,43.1285],[-2.571,43.129],[-2.573,43.129],[-2.5745,43.129],[-2.575,43.129],[-2.576,43.129],[-2.5765,43.1275],[-2.576,43.1275],[-2.576,43.127],[-2.576,43.1265],[-2.5755,43.1265],[-2.5755,43.1255],[-2.575,43.124],[-2.576,43.125],[-2.576,43.1255],[-2.576,43.1265],[-2.576,43.1275],[-2.5765,43.1275],[-2.5775,43.1265],[-2.578,43.126],[-2.58,43.1185],[-2.5795,43.118],[-2.579,43.118],[-2.5775,43.1175],[-2.5745,43.116],[-2.574,43.1165],[-2.572,43.117],[-2.572,43.1155],[-2.5735,43.115],[-2.5745,43.116],[-2.5765,43.1155],[-2.576,43.1165],[-2.575,43.1165],[-2.5775,43.117],[-2.581,43.1175]]],[[[-2.5665,43.1385],[-2.5665,43.138],[-2.5665,43.137],[-2.5665,43.1365],[-2.566,43.1365],[-2.566,43.136],[-2.565,43.135],[-2.5645,43.135],[-2.563,43.135],[-2.5575,43.1365],[-2.557,43.136],[-2.554,43.136],[-2.554,43.1365],[-2.5535,43.136],[-2.5525,43.137],[-2.552,43.137],[-2.5525,43.138],[-2.5545,43.1385],[-2.555,43.1385],[-2.555,43.139],[-2.556,43.1405],[-2.5565,43.141],[-2.559,43.1385],[-2.559,43.138],[-2.5595,43.1375],[-2.56,43.1375],[-2.5595,43.141],[-2.563,43.141],[-2.5635,43.1405],[-2.564,43.1405],[-2.5645,43.1405],[-2.5645,43.14],[-2.565,43.14],[-2.565,43.1395],[-2.5655,43.1395],[-2.566,43.1395],[-2.5665,43.1395],[-2.5665,43.139],[-2.5665,43.1385]]],[[[-2.545,42.632],[-2.5475,42.6355],[-2.541,42.6375],[-2.542,42.6375],[-2.545,42.6375],[-2.549,42.637],[-2.554,42.641],[-2.56,42.64],[-2.558,42.6365],[-2.5665,42.6355],[-2.5605,42.6325],[-2.56,42.63],[-2.559,42.6295],[-2.5585,42.6295],[-2.5555,42.628],[-2.5545,42.627],[-2.554,42.627],[-2.5535,42.627],[-2.5435,42.631],[-2.542,42.6325],[-2.547,42.6305],[-2.549,42.633],[-2.545,42.632]]],[[[-2.556,42.8635],[-2.553,42.862],[-2.5555,42.868],[-2.5595,42.87],[-2.56,42.87],[-2.56,42.8695],[-2.5605,42.8695],[-2.561,42.8695],[-2.562,42.8685],[-2.5625,42.8685],[-2.562,42.8685],[-2.562,42.868],[-2.5615,42.868],[-2.5615,42.8675],[-2.561,42.8675],[-2.561,42.867],[-2.5605,42.867],[-2.56,42.8665],[-2.5595,42.8665],[-2.5595,42.866],[-2.559,42.866],[-2.559,42.8655],[-2.5585,42.865],[-2.558,42.865],[-2.5575,42.865],[-2.5575,42.8645],[-2.557,42.8645],[-2.5565,42.864],[-2.5565,42.8635],[-2.556,42.8635]]],[[[-2.5535,42.936],[-2.546,42.944],[-2.552,42.948],[-2.546,42.952],[-2.5485,42.9535],[-2.5555,42.9505],[-2.5595,42.946],[-2.5565,42.941],[-2.557,42.9375],[-2.555,42.9375],[-2.554,42.937],[-2.5535,42.936]]],[[[-2.5575,43.195],[-2.5575,43.1955],[-2.557,43.1955],[-2.5585,43.197],[-2.559,43.197],[-2.562,43.195],[-2.563,43.195],[-2.564,43.1955],[-2.5645,43.195],[-2.565,43.195],[-2.566,43.1945],[-2.5665,43.1945],[-2.565,43.192],[-2.569,43.1925],[-2.569,43.192],[-2.569,43.1915],[-2.569,43.191],[-2.565,43.1895],[-2.565,43.189],[-2.563,43.1885],[-2.5615,43.188],[-2.561,43.188],[-2.5595,43.1875],[-2.5595,43.187],[-2.557,43.186],[-2.5575,43.185],[-2.557,43.185],[-2.556,43.185],[-2.5535,43.1845],[-2.554,43.1835],[-2.5535,43.1835],[-2.5535,43.183],[-2.553,43.1825],[-2.553,43.182],[-2.5525,43.182],[-2.552,43.1815],[-2.5515,43.182],[-2.551,43.182],[-2.5505,43.182],[-2.55,43.182],[-2.5495,43.182],[-2.549,43.1825],[-2.549,43.183],[-2.548,43.1835],[-2.547,43.1835],[-2.5455,43.185],[-2.5445,43.185],[-2.5435,43.184],[-2.5435,43.1835],[-2.543,43.183],[-2.541,43.1855],[-2.541,43.186],[-2.5415,43.186],[-2.542,43.186],[-2.5425,43.1855],[-2.5425,43.186],[-2.543,43.186],[-2.5435,43.1865],[-2.544,43.187],[-2.544,43.186],[-2.545,43.187],[-2.5455,43.1875],[-2.5445,43.1885],[-2.544,43.189],[-2.5435,43.189],[-2.543,43.1885],[-2.5395,43.1885],[-2.54,43.189],[-2.5405,43.1895],[-2.54,43.1895],[-2.5405,43.1895],[-2.541,43.1895],[-2.5415,43.1895],[-2.5415,43.19],[-2.542,43.19],[-2.5425,43.19],[-2.543,43.1905],[-2.5435,43.1905],[-2.5445,43.191],[-2.545,43.191],[-2.546,43.191],[-2.5465,43.1915],[-2.5475,43.1915],[-2.548,43.1915],[-2.5485,43.1915],[-2.55,43.1925],[-2.551,43.1915],[-2.555,43.191],[-2.554,43.1935],[-2.5545,43.1935],[-2.555,43.1935],[-2.5565,43.194],[-2.558,43.1945],[-2.5575,43.195]]],[[[-2.5375,43.0235],[-2.5405,43.023],[-2.538,43.0255],[-2.531,43.023],[-2.5305,43.024],[-2.53,43.0255],[-2.531,43.0265],[-2.5315,43.0275],[-2.5325,43.031],[-2.532,43.0325],[-2.533,43.033],[-2.534,43.033],[-2.5355,43.0325],[-2.5335,43.033],[-2.533,43.033],[-2.5325,43.033],[-2.532,43.033],[-2.5315,43.0335],[-2.531,43.034],[-2.53,43.0345],[-2.53,43.035],[-2.5295,43.0355],[-2.5315,43.036],[-2.536,43.0355],[-2.5345,43.035],[-2.533,43.0355],[-2.5315,43.035],[-2.532,43.0345],[-2.5335,43.035],[-2.5345,43.035],[-2.534,43.0345],[-2.5335,43.0345],[-2.533,43.034],[-2.5345,43.034],[-2.535,43.034],[-2.5355,43.0345],[-2.5355,43.035],[-2.535,43.035],[-2.536,43.0355],[-2.5365,43.035],[-2.5385,43.035],[-2.5425,43.034],[-2.543,43.0335],[-2.5435,43.033],[-2.5445,43.0325],[-2.5445,43.032],[-2.5445,43.0315],[-2.5435,43.0295],[-2.5435,43.0285],[-2.544,43.028],[-2.545,43.0275],[-2.5535,43.027],[-2.554,43.027],[-2.5545,43.027],[-2.554,43.0265],[-2.5535,43.0265],[-2.553,43.0265],[-2.551,43.0225],[-2.5505,43.0225],[-2.549,43.0215],[-2.5485,43.021],[-2.549,43.0205],[-2.549,43.0195],[-2.5405,43.0175],[-2.539,43.0175],[-2.5385,43.0185],[-2.539,43.018],[-2.538,43.0185],[-2.5375,43.019],[-2.536,43.0195],[-2.539,43.02],[-2.5385,43.0205],[-2.5375,43.0205],[-2.5375,43.02],[-2.536,43.0205],[-2.5355,43.0205],[-2.5345,43.021],[-2.5335,43.0205],[-2.533,43.021],[-2.5325,43.0215],[-2.532,43.022],[-2.5375,43.0235]]],[[[-2.531,42.916],[-2.531,42.92],[-2.533,42.921],[-2.5355,42.921],[-2.5325,42.9165],[-2.531,42.916]]],[[[-2.5185,42.942],[-2.523,42.9505],[-2.528,42.9455],[-2.5245,42.943],[-2.524,42.943],[-2.5195,42.9405],[-2.5185,42.942]]],[[[-2.5015,42.9225],[-2.5025,42.924],[-2.5045,42.9265],[-2.506,42.929],[-2.5065,42.9295],[-2.507,42.9305],[-2.5075,42.931],[-2.512,42.9295],[-2.5045,42.923],[-2.5015,42.9225]]],[[[-2.506,42.9565],[-2.5155,42.9535],[-2.518,42.9475],[-2.513,42.9435],[-2.5125,42.9435],[-2.5125,42.9455],[-2.5095,42.95],[-2.508,42.9495],[-2.5085,42.949],[-2.5085,42.948],[-2.508,42.948],[-2.5075,42.9485],[-2.507,42.9485],[-2.506,42.9495],[-2.506,42.9505],[-2.5055,42.953],[-2.505,42.954],[-2.5045,42.955],[-2.505,42.954],[-2.506,42.9505],[-2.506,42.9495],[-2.507,42.9485],[-2.5075,42.948],[-2.5085,42.9475],[-2.508,42.9465],[-2.5085,42.9455],[-2.5065,42.945],[-2.5005,42.947],[-2.501,42.9505],[-2.5015,42.9565],[-2.504,42.9565],[-2.5045,42.9565],[-2.506,42.9565]]],[[[-2.5025,43.1155],[-2.502,43.1155],[-2.5025,43.1145],[-2.5025,43.114],[-2.502,43.114],[-2.502,43.113],[-2.5025,43.114],[-2.5035,43.1135],[-2.504,43.1135],[-2.505,43.1135],[-2.5055,43.1135],[-2.504,43.112],[-2.5045,43.112],[-2.506,43.112],[-2.507,43.113],[-2.507,43.114],[-2.509,43.1145],[-2.5095,43.1145],[-2.51,43.1145],[-2.5105,43.1145],[-2.5135,43.114],[-2.512,43.112],[-2.5105,43.111],[-2.5135,43.1115],[-2.514,43.111],[-2.513,43.1105],[-2.5115,43.1105],[-2.511,43.1105],[-2.51,43.11],[-2.509,43.11],[-2.5085,43.1095],[-2.508,43.1095],[-2.508,43.109],[-2.5075,43.109],[-2.506,43.109],[-2.5055,43.1095],[-2.5055,43.109],[-2.506,43.109],[-2.5045,43.1075],[-2.5055,43.1075],[-2.506,43.108],[-2.508,43.1085],[-2.5085,43.1085],[-2.509,43.108],[-2.5095,43.108],[-2.51,43.107],[-2.5115,43.1075],[-2.5115,43.1065],[-2.5115,43.106],[-2.5105,43.1045],[-2.5105,43.104],[-2.51,43.104],[-2.5095,43.104],[-2.509,43.1035],[-2.5085,43.103],[-2.5085,43.1025],[-2.5075,43.102],[-2.507,43.102],[-2.5065,43.1015],[-2.506,43.1015],[-2.5055,43.1015],[-2.505,43.1015],[-2.505,43.101],[-2.5045,43.1005],[-2.504,43.1005],[-2.5035,43.101],[-2.5035,43.1015],[-2.504,43.1015],[-2.504,43.1025],[-2.504,43.103],[-2.5045,43.103],[-2.5055,43.1025],[-2.5045,43.103],[-2.5055,43.103],[-2.5055,43.1035],[-2.506,43.104],[-2.506,43.1045],[-2.5065,43.105],[-2.506,43.1055],[-2.506,43.106],[-2.5075,43.1065],[-2.5045,43.1065],[-2.504,43.1065],[-2.5035,43.1065],[-2.5035,43.107],[-2.503,43.107],[-2.5035,43.1075],[-2.503,43.108],[-2.503,43.1085],[-2.503,43.109],[-2.503,43.11],[-2.5025,43.11],[-2.502,43.11],[-2.5015,43.1105],[-2.501,43.1105],[-2.501,43.111],[-2.5005,43.111],[-2.5,43.1115],[-2.502,43.112],[-2.5025,43.113],[-2.502,43.113],[-2.499,43.1115],[-2.4985,43.1115],[-2.498,43.1115],[-2.4975,43.1115],[-2.497,43.113],[-2.4965,43.1135],[-2.4965,43.114],[-2.497,43.1155],[-2.4965,43.117],[-2.496,43.117],[-2.4955,43.117],[-2.4955,43.1175],[-2.495,43.1175],[-2.4945,43.1175],[-2.4945,43.118],[-2.494,43.118],[-2.4935,43.118],[-2.493,43.1185],[-2.4925,43.1185],[-2.492,43.119],[-2.4915,43.119],[-2.4915,43.1195],[-2.492,43.12],[-2.4945,43.12],[-2.4935,43.121],[-2.4935,43.1215],[-2.494,43.1215],[-2.494,43.122],[-2.4945,43.122],[-2.4945,43.1225],[-2.4945,43.123],[-2.495,43.123],[-2.4945,43.123],[-2.4945,43.1235],[-2.494,43.1235],[-2.4995,43.126],[-2.502,43.123],[-2.502,43.122],[-2.503,43.1225],[-2.504,43.1225],[-2.5045,43.1225],[-2.5025,43.12],[-2.5065,43.12],[-2.508,43.122],[-2.509,43.122],[-2.513,43.1215],[-2.5135,43.122],[-2.5135,43.1225],[-2.514,43.1225],[-2.516,43.1225],[-2.5175,43.1215],[-2.5175,43.121],[-2.517,43.121],[-2.5165,43.1205],[-2.5155,43.1205],[-2.515,43.1205],[-2.5145,43.1205],[-2.514,43.1205],[-2.513,43.12],[-2.514,43.1205],[-2.5145,43.1205],[-2.515,43.1205],[-2.516,43.1205],[-2.517,43.1205],[-2.517,43.1195],[-2.5175,43.1195],[-2.5175,43.119],[-2.5195,43.121],[-2.522,43.1205],[-2.522,43.12],[-2.5225,43.12],[-2.523,43.12],[-2.5235,43.12],[-2.5245,43.119],[-2.526,43.1195],[-2.528,43.1195],[-2.5295,43.116],[-2.5265,43.115],[-2.52,43.1175],[-2.5195,43.1175],[-2.5135,43.1175],[-2.513,43.1165],[-2.5155,43.1165],[-2.5195,43.1155],[-2.519,43.115],[-2.516,43.115],[-2.5155,43.1155],[-2.515,43.1155],[-2.5145,43.1155],[-2.514,43.1155],[-2.514,43.116],[-2.5135,43.116],[-2.512,43.116],[-2.512,43.1155],[-2.5115,43.1155],[-2.51,43.115],[-2.5095,43.1145],[-2.507,43.1145],[-2.5065,43.1145],[-2.5065,43.114],[-2.505,43.114],[-2.504,43.114],[-2.5035,43.114],[-2.503,43.114],[-2.503,43.1145],[-2.5025,43.115],[-2.5025,43.1155]]],[[[-2.4975,42.591],[-2.4975,42.596],[-2.502,42.5995],[-2.5025,42.5995],[-2.504,42.599],[-2.5035,42.5975],[-2.5035,42.5945],[-2.5005,42.591],[-2.502,42.5875],[-2.502,42.587],[-2.502,42.5865],[-2.4955,42.5865],[-2.4975,42.5905],[-2.4975,42.591]]],[[[-2.501,42.883],[-2.497,42.8815],[-2.4965,42.8815],[-2.496,42.8815],[-2.4965,42.882],[-2.4965,42.8825],[-2.496,42.883],[-2.4955,42.8835],[-2.502,42.886],[-2.503,42.8855],[-2.5015,42.884],[-2.5015,42.8835],[-2.501,42.8835],[-2.501,42.883]]],[[[-2.4905,42.832],[-2.49,42.831],[-2.49,42.8305],[-2.4885,42.8305],[-2.4865,42.829],[-2.486,42.8295],[-2.4855,42.8295],[-2.485,42.8295],[-2.485,42.8345],[-2.489,42.836],[-2.489,42.8365],[-2.4895,42.8365],[-2.49,42.8365],[-2.4915,42.836],[-2.493,42.8345],[-2.4925,42.834],[-2.492,42.834],[-2.492,42.8335],[-2.4915,42.8335],[-2.4915,42.833],[-2.491,42.833],[-2.491,42.8325],[-2.491,42.832],[-2.4905,42.832]]],[[[-2.496,43.082],[-2.4965,43.081],[-2.4965,43.08],[-2.496,43.08],[-2.4955,43.08],[-2.4945,43.08],[-2.4935,43.08],[-2.491,43.078],[-2.49,43.0775],[-2.4895,43.077],[-2.4915,43.0755],[-2.4965,43.0735],[-2.4965,43.073],[-2.496,43.073],[-2.496,43.0735],[-2.4955,43.0735],[-2.495,43.073],[-2.494,43.0725],[-2.4935,43.0725],[-2.493,43.0725],[-2.4925,43.0725],[-2.492,43.073],[-2.4905,43.0735],[-2.49,43.0735],[-2.49,43.074],[-2.4885,43.0745],[-2.4895,43.075],[-2.489,43.0755],[-2.488,43.0755],[-2.488,43.0765],[-2.487,43.0785],[-2.487,43.079],[-2.488,43.08],[-2.487,43.081],[-2.487,43.0815],[-2.4865,43.0815],[-2.4845,43.0805],[-2.4855,43.081],[-2.4845,43.0815],[-2.4835,43.08],[-2.483,43.08],[-2.483,43.0795],[-2.4825,43.0795],[-2.4815,43.0785],[-2.4815,43.078],[-2.4805,43.0775],[-2.4805,43.077],[-2.48,43.077],[-2.479,43.0765],[-2.4795,43.078],[-2.48,43.081],[-2.478,43.081],[-2.478,43.0815],[-2.47,43.079],[-2.4695,43.079],[-2.4695,43.0785],[-2.47,43.077],[-2.4695,43.0765],[-2.4695,43.077],[-2.469,43.077],[-2.4685,43.077],[-2.468,43.0765],[-2.4675,43.0765],[-2.467,43.077],[-2.4655,43.076],[-2.4665,43.076],[-2.466,43.0755],[-2.465,43.0755],[-2.464,43.0755],[-2.4705,43.083],[-2.476,43.0855],[-2.4785,43.0935],[-2.482,43.094],[-2.482,43.0935],[-2.4825,43.093],[-2.482,43.094],[-2.4855,43.094],[-2.4885,43.0915],[-2.4885,43.093],[-2.488,43.0935],[-2.494,43.0915],[-2.494,43.091],[-2.495,43.0885],[-2.495,43.088],[-2.495,43.0875],[-2.495,43.087],[-2.494,43.087],[-2.495,43.0865],[-2.496,43.085],[-2.4955,43.0845],[-2.4955,43.084],[-2.496,43.082]]],[[[-2.468,42.939],[-2.4675,42.9455],[-2.4745,42.946],[-2.4745,42.9425],[-2.471,42.94],[-2.4685,42.939],[-2.468,42.939]]],[[[-2.4745,43.061],[-2.474,43.06],[-2.473,43.0595],[-2.472,43.0595],[-2.471,43.0595],[-2.4715,43.0585],[-2.471,43.0585],[-2.469,43.0585],[-2.469,43.059],[-2.469,43.0585],[-2.4685,43.058],[-2.469,43.058],[-2.4695,43.0575],[-2.4695,43.057],[-2.4685,43.056],[-2.468,43.056],[-2.468,43.0555],[-2.4675,43.0545],[-2.4665,43.055],[-2.467,43.0545],[-2.464,43.053],[-2.4635,43.053],[-2.463,43.053],[-2.462,43.0525],[-2.461,43.0525],[-2.4605,43.0515],[-2.4535,43.0575],[-2.45,43.0585],[-2.45,43.059],[-2.4515,43.06],[-2.4535,43.06],[-2.4545,43.062],[-2.454,43.062],[-2.4535,43.0615],[-2.453,43.0615],[-2.4525,43.061],[-2.452,43.061],[-2.452,43.0605],[-2.4515,43.0605],[-2.4515,43.063],[-2.452,43.0635],[-2.452,43.064],[-2.4525,43.064],[-2.452,43.064],[-2.4515,43.0635],[-2.451,43.0635],[-2.451,43.0625],[-2.4505,43.0625],[-2.451,43.0625],[-2.4505,43.0615],[-2.45,43.0615],[-2.45,43.064],[-2.4495,43.064],[-2.4485,43.0655],[-2.448,43.066],[-2.4545,43.0665],[-2.455,43.0665],[-2.4565,43.0675],[-2.455,43.067],[-2.456,43.072],[-2.4565,43.0715],[-2.4565,43.0705],[-2.4565,43.07],[-2.457,43.0695],[-2.457,43.0685],[-2.4575,43.068],[-2.458,43.0675],[-2.4595,43.0675],[-2.4605,43.067],[-2.4615,43.067],[-2.462,43.0675],[-2.4625,43.0675],[-2.463,43.067],[-2.4625,43.0675],[-2.4625,43.068],[-2.461,43.068],[-2.4575,43.069],[-2.457,43.069],[-2.457,43.0695],[-2.4565,43.0705],[-2.457,43.0705],[-2.457,43.07],[-2.457,43.0705],[-2.457,43.0715],[-2.4565,43.072],[-2.456,43.0725],[-2.455,43.073],[-2.455,43.074],[-2.458,43.072],[-2.4645,43.0725],[-2.464,43.0715],[-2.4635,43.071],[-2.463,43.071],[-2.4635,43.0695],[-2.464,43.0695],[-2.4645,43.0695],[-2.465,43.0695],[-2.4655,43.0705],[-2.467,43.068],[-2.467,43.0675],[-2.467,43.067],[-2.4665,43.067],[-2.4665,43.0665],[-2.466,43.0665],[-2.466,43.066],[-2.466,43.0655],[-2.466,43.0645],[-2.466,43.064],[-2.466,43.0635],[-2.466,43.064],[-2.466,43.0645],[-2.4665,43.0645],[-2.468,43.0655],[-2.4685,43.0655],[-2.469,43.0655],[-2.469,43.065],[-2.4695,43.065],[-2.4705,43.064],[-2.4715,43.065],[-2.4745,43.0635],[-2.4745,43.063],[-2.474,43.063],[-2.4745,43.062],[-2.4745,43.0615],[-2.4745,43.061]]],[[[-2.4415,43.0985],[-2.4425,43.104],[-2.443,43.104],[-2.444,43.1045],[-2.444,43.105],[-2.445,43.1055],[-2.4455,43.105],[-2.446,43.105],[-2.448,43.1055],[-2.4485,43.106],[-2.448,43.1065],[-2.4485,43.1065],[-2.4505,43.1075],[-2.451,43.1075],[-2.4525,43.108],[-2.454,43.1065],[-2.4545,43.1065],[-2.455,43.106],[-2.4555,43.106],[-2.4575,43.1065],[-2.458,43.1075],[-2.4595,43.108],[-2.459,43.1085],[-2.458,43.109],[-2.4595,43.109],[-2.461,43.1095],[-2.462,43.1095],[-2.4625,43.108],[-2.4635,43.1065],[-2.461,43.1055],[-2.4605,43.106],[-2.46,43.106],[-2.46,43.1055],[-2.4655,43.102],[-2.464,43.1015],[-2.4635,43.1015],[-2.4615,43.102],[-2.462,43.1015],[-2.4565,43.103],[-2.4565,43.1035],[-2.456,43.1035],[-2.4555,43.104],[-2.456,43.103],[-2.4565,43.103],[-2.4565,43.1025],[-2.457,43.102],[-2.457,43.1015],[-2.457,43.101],[-2.4575,43.101],[-2.4605,43.097],[-2.46,43.0965],[-2.459,43.096],[-2.4585,43.096],[-2.4585,43.0955],[-2.4585,43.0945],[-2.459,43.0945],[-2.4585,43.094],[-2.458,43.0935],[-2.4575,43.093],[-2.458,43.093],[-2.4585,43.0935],[-2.459,43.0935],[-2.459,43.093],[-2.4595,43.093],[-2.4605,43.092],[-2.4605,43.0915],[-2.462,43.092],[-2.464,43.0935],[-2.4645,43.0935],[-2.4645,43.093],[-2.4615,43.0895],[-2.462,43.089],[-2.462,43.0875],[-2.461,43.088],[-2.46,43.0875],[-2.459,43.087],[-2.46,43.0875],[-2.462,43.086],[-2.464,43.087],[-2.4665,43.086],[-2.4675,43.0845],[-2.468,43.0845],[-2.463,43.081],[-2.463,43.0815],[-2.463,43.081],[-2.4625,43.08],[-2.4625,43.0805],[-2.4625,43.081],[-2.462,43.081],[-2.4585,43.0815],[-2.458,43.082],[-2.458,43.0815],[-2.4515,43.085],[-2.4515,43.0855],[-2.4525,43.0875],[-2.4485,43.0895],[-2.451,43.0915],[-2.4515,43.092],[-2.4515,43.0945],[-2.4425,43.095],[-2.4425,43.0965],[-2.4435,43.0965],[-2.4445,43.0965],[-2.4415,43.0985]]],[[[-2.457,43.129],[-2.4585,43.129],[-2.4585,43.1285],[-2.458,43.1285],[-2.4565,43.1285],[-2.4565,43.128],[-2.457,43.1275],[-2.459,43.128],[-2.46,43.1265],[-2.4595,43.127],[-2.459,43.1275],[-2.4575,43.1275],[-2.457,43.127],[-2.4565,43.1225],[-2.4615,43.1225],[-2.459,43.1215],[-2.4585,43.121],[-2.455,43.1215],[-2.455,43.122],[-2.454,43.1215],[-2.4525,43.121],[-2.452,43.121],[-2.4515,43.121],[-2.4495,43.1215],[-2.4495,43.124],[-2.4455,43.129],[-2.4455,43.1295],[-2.445,43.13],[-2.4445,43.131],[-2.444,43.131],[-2.4435,43.1315],[-2.4445,43.1315],[-2.4455,43.132],[-2.451,43.1315],[-2.4525,43.132],[-2.4535,43.1305],[-2.4555,43.1295],[-2.456,43.129],[-2.456,43.1285],[-2.4565,43.1285],[-2.457,43.129]]],[[[-2.462,43.025],[-2.464,43.0215],[-2.4595,43.0185],[-2.458,43.018],[-2.456,43.017],[-2.4525,43.0165],[-2.4525,43.017],[-2.452,43.018],[-2.452,43.019],[-2.444,43.019],[-2.4405,43.0175],[-2.442,43.0215],[-2.4465,43.02],[-2.4455,43.0195],[-2.4455,43.019],[-2.449,43.0195],[-2.452,43.0245],[-2.4565,43.023],[-2.4605,43.027],[-2.453,43.0255],[-2.4515,43.026],[-2.4515,43.0265],[-2.4515,43.027],[-2.4515,43.0275],[-2.449,43.031],[-2.449,43.0315],[-2.4415,43.0315],[-2.44,43.035],[-2.435,43.033],[-2.4325,43.035],[-2.434,43.0355],[-2.4335,43.0375],[-2.434,43.038],[-2.4345,43.04],[-2.4355,43.04],[-2.436,43.04],[-2.4365,43.0405],[-2.4375,43.0405],[-2.4375,43.041],[-2.4385,43.041],[-2.4395,43.0415],[-2.4385,43.041],[-2.4375,43.0415],[-2.437,43.041],[-2.436,43.0405],[-2.4355,43.0405],[-2.4345,43.0405],[-2.4335,43.0405],[-2.4325,43.0415],[-2.433,43.0415],[-2.433,43.042],[-2.4335,43.042],[-2.433,43.042],[-2.4325,43.042],[-2.4305,43.042],[-2.4295,43.043],[-2.4295,43.0425],[-2.429,43.0435],[-2.4295,43.043],[-2.431,43.045],[-2.4315,43.0445],[-2.433,43.046],[-2.4335,43.046],[-2.4335,43.0465],[-2.433,43.047],[-2.433,43.048],[-2.434,43.0485],[-2.434,43.049],[-2.4345,43.0505],[-2.436,43.0495],[-2.4375,43.0525],[-2.438,43.0525],[-2.4395,43.0555],[-2.441,43.0555],[-2.4415,43.056],[-2.4435,43.0565],[-2.444,43.056],[-2.4445,43.056],[-2.4445,43.057],[-2.448,43.059],[-2.4495,43.058],[-2.4505,43.057],[-2.4525,43.056],[-2.454,43.055],[-2.4565,43.0525],[-2.455,43.0525],[-2.4555,43.0515],[-2.4555,43.0475],[-2.4555,43.047],[-2.456,43.047],[-2.4535,43.0465],[-2.455,43.046],[-2.456,43.047],[-2.459,43.044],[-2.4585,43.044],[-2.4585,43.0435],[-2.458,43.0435],[-2.457,43.0435],[-2.4565,43.044],[-2.456,43.044],[-2.4555,43.044],[-2.4545,43.0445],[-2.454,43.045],[-2.4525,43.045],[-2.453,43.043],[-2.454,43.044],[-2.4555,43.043],[-2.458,43.043],[-2.458,43.0415],[-2.459,43.0415],[-2.4595,43.0435],[-2.4605,43.044],[-2.46,43.043],[-2.46,43.0425],[-2.46,43.042],[-2.4595,43.0415],[-2.4575,43.04],[-2.453,43.041],[-2.4525,43.041],[-2.4545,43.037],[-2.455,43.0365],[-2.4555,43.0365],[-2.456,43.037],[-2.4555,43.0355],[-2.457,43.0355],[-2.457,43.0385],[-2.4585,43.0385],[-2.459,43.038],[-2.4585,43.038],[-2.4585,43.036],[-2.458,43.036],[-2.458,43.0355],[-2.4575,43.0355],[-2.4575,43.0345],[-2.457,43.0345],[-2.452,43.0285],[-2.4555,43.026],[-2.4615,43.03],[-2.462,43.025]]],[[[-2.4345,42.726],[-2.436,42.724],[-2.442,42.7245],[-2.4425,42.725],[-2.4435,42.729],[-2.4455,42.7285],[-2.447,42.729],[-2.4485,42.726],[-2.443,42.716],[-2.4415,42.7155],[-2.44,42.7155],[-2.439,42.716],[-2.4375,42.718],[-2.437,42.7185],[-2.4365,42.719],[-2.436,42.7195],[-2.4345,42.7205],[-2.433,42.721],[-2.434,42.725],[-2.4345,42.726]]],[[[-2.442,42.841],[-2.4425,42.8405],[-2.442,42.8405],[-2.441,42.8395],[-2.441,42.839],[-2.4405,42.839],[-2.44,42.8385],[-2.4395,42.838],[-2.439,42.837],[-2.4385,42.8365],[-2.4375,42.8365],[-2.437,42.837],[-2.437,42.8375],[-2.436,42.839],[-2.4335,42.8405],[-2.433,42.8405],[-2.4325,42.8405],[-2.433,42.841],[-2.433,42.8415],[-2.433,42.842],[-2.4335,42.8425],[-2.437,42.8445],[-2.438,42.844],[-2.4385,42.844],[-2.4385,42.8445],[-2.439,42.844],[-2.4395,42.8435],[-2.44,42.8435],[-2.4405,42.843],[-2.442,42.8415],[-2.442,42.841]]],[[[-2.4345,42.9475],[-2.4395,42.94],[-2.439,42.9405],[-2.4385,42.9405],[-2.434,42.938],[-2.4305,42.94],[-2.429,42.942],[-2.4345,42.9475]]],[[[-2.4375,42.872],[-2.433,42.8675],[-2.429,42.867],[-2.426,42.8665],[-2.424,42.866],[-2.423,42.8705],[-2.436,42.872],[-2.4365,42.872],[-2.4365,42.8725],[-2.437,42.872],[-2.4375,42.872]]],[[[-2.4015,42.938],[-2.402,42.938],[-2.4035,42.939],[-2.406,42.938],[-2.404,42.931],[-2.4,42.933],[-2.4,42.9365],[-2.4015,42.938]]],[[[-2.377,43.057],[-2.3885,43.0555],[-2.3985,43.05],[-2.401,43.0455],[-2.4025,43.046],[-2.4075,43.0425],[-2.4035,43.0405],[-2.403,43.04],[-2.401,43.04],[-2.3995,43.0405],[-2.399,43.0405],[-2.399,43.041],[-2.3985,43.041],[-2.3985,43.0415],[-2.398,43.0415],[-2.3975,43.042],[-2.3965,43.0425],[-2.3965,43.043],[-2.3965,43.044],[-2.3945,43.045],[-2.395,43.0445],[-2.3955,43.0435],[-2.395,43.0435],[-2.395,43.044],[-2.3945,43.044],[-2.394,43.044],[-2.394,43.0445],[-2.3925,43.0445],[-2.3915,43.0445],[-2.3905,43.0445],[-2.3905,43.045],[-2.39,43.045],[-2.3895,43.045],[-2.3895,43.0455],[-2.389,43.046],[-2.388,43.0505],[-2.383,43.054],[-2.383,43.0545],[-2.373,43.053],[-2.3735,43.0545],[-2.3735,43.055],[-2.3745,43.0555],[-2.3755,43.056],[-2.3765,43.0565],[-2.377,43.057]]],[[[-2.3835,43.051],[-2.385,43.048],[-2.391,43.043],[-2.395,43.043],[-2.3955,43.0435],[-2.3955,43.043],[-2.3955,43.0415],[-2.397,43.042],[-2.3975,43.042],[-2.398,43.0415],[-2.3985,43.0415],[-2.3985,43.041],[-2.397,43.0405],[-2.3965,43.0405],[-2.393,43.042],[-2.3935,43.0415],[-2.394,43.0415],[-2.3955,43.04],[-2.3945,43.04],[-2.3935,43.0395],[-2.393,43.039],[-2.392,43.038],[-2.392,43.0375],[-2.3915,43.0375],[-2.391,43.0375],[-2.3905,43.0375],[-2.388,43.036],[-2.388,43.0355],[-2.386,43.0355],[-2.3855,43.039],[-2.3855,43.0395],[-2.3865,43.039],[-2.389,43.0395],[-2.3895,43.0395],[-2.3895,43.039],[-2.39,43.039],[-2.3885,43.0405],[-2.3845,43.041],[-2.3855,43.04],[-2.385,43.04],[-2.385,43.0395],[-2.383,43.037],[-2.383,43.0375],[-2.3825,43.0375],[-2.3825,43.038],[-2.383,43.0405],[-2.3835,43.0405],[-2.383,43.041],[-2.381,43.042],[-2.3785,43.0405],[-2.378,43.0405],[-2.3775,43.041],[-2.377,43.0405],[-2.3765,43.0405],[-2.376,43.0405],[-2.375,43.0405],[-2.3745,43.0405],[-2.375,43.043],[-2.375,43.0435],[-2.3775,43.042],[-2.3735,43.045],[-2.3725,43.044],[-2.372,43.0445],[-2.366,43.0455],[-2.37,43.0425],[-2.3715,43.0415],[-2.372,43.0415],[-2.372,43.0405],[-2.3725,43.038],[-2.375,43.038],[-2.375,43.0385],[-2.378,43.0385],[-2.3765,43.0405],[-2.377,43.0405],[-2.3775,43.0405],[-2.3785,43.04],[-2.379,43.04],[-2.3795,43.0395],[-2.38,43.0395],[-2.38,43.039],[-2.3805,43.039],[-2.381,43.039],[-2.3815,43.0385],[-2.382,43.0385],[-2.382,43.038],[-2.382,43.0375],[-2.3795,43.0365],[-2.38,43.0355],[-2.3805,43.035],[-2.3815,43.0345],[-2.3825,43.034],[-2.38,43.036],[-2.383,43.0365],[-2.3855,43.0355],[-2.386,43.035],[-2.387,43.0345],[-2.385,43.034],[-2.384,43.0335],[-2.3835,43.0335],[-2.383,43.0335],[-2.3805,43.0325],[-2.382,43.0325],[-2.3815,43.032],[-2.381,43.0315],[-2.3805,43.031],[-2.3805,43.0295],[-2.38,43.0295],[-2.3785,43.0305],[-2.3775,43.0305],[-2.3765,43.031],[-2.3725,43.0335],[-2.372,43.0335],[-2.371,43.035],[-2.371,43.0285],[-2.3705,43.0275],[-2.3695,43.0265],[-2.3705,43.0265],[-2.37,43.0245],[-2.3705,43.0245],[-2.372,43.025],[-2.372,43.0245],[-2.372,43.024],[-2.372,43.023],[-2.371,43.022],[-2.3705,43.0215],[-2.3695,43.021],[-2.369,43.0205],[-2.3685,43.0205],[-2.3675,43.02],[-2.367,43.02],[-2.3675,43.02],[-2.3675,43.019],[-2.3675,43.0185],[-2.367,43.0185],[-2.3665,43.0185],[-2.3655,43.0185],[-2.363,43.018],[-2.3625,43.0185],[-2.362,43.018],[-2.3615,43.018],[-2.3615,43.0175],[-2.3615,43.017],[-2.3615,43.0165],[-2.361,43.0165],[-2.36,43.0165],[-2.3595,43.0155],[-2.3595,43.015],[-2.359,43.0145],[-2.359,43.015],[-2.3595,43.0155],[-2.3585,43.0155],[-2.359,43.0155],[-2.359,43.0165],[-2.36,43.019],[-2.3595,43.019],[-2.359,43.017],[-2.3565,43.0165],[-2.3565,43.017],[-2.356,43.017],[-2.356,43.0175],[-2.3565,43.018],[-2.356,43.0175],[-2.3555,43.0185],[-2.3555,43.019],[-2.3555,43.0195],[-2.355,43.0195],[-2.355,43.021],[-2.3545,43.021],[-2.3545,43.0215],[-2.354,43.0215],[-2.354,43.022],[-2.3545,43.023],[-2.3595,43.022],[-2.3585,43.021],[-2.359,43.021],[-2.3595,43.021],[-2.3595,43.0215],[-2.3605,43.022],[-2.363,43.0215],[-2.3635,43.0215],[-2.3605,43.022],[-2.36,43.022],[-2.3595,43.022],[-2.3555,43.0235],[-2.354,43.024],[-2.3535,43.024],[-2.352,43.025],[-2.3515,43.025],[-2.351,43.025],[-2.3505,43.025],[-2.35,43.025],[-2.3495,43.025],[-2.3495,43.0255],[-2.35,43.026],[-2.3575,43.0275],[-2.3575,43.028],[-2.3565,43.0285],[-2.356,43.0285],[-2.3555,43.029],[-2.3555,43.0295],[-2.353,43.0305],[-2.352,43.0305],[-2.3515,43.03],[-2.3465,43.032],[-2.348,43.034],[-2.3495,43.034],[-2.3515,43.034],[-2.352,43.034],[-2.3525,43.034],[-2.353,43.034],[-2.3535,43.034],[-2.354,43.0345],[-2.3545,43.0345],[-2.355,43.034],[-2.3555,43.0335],[-2.356,43.0335],[-2.355,43.0345],[-2.3555,43.035],[-2.3565,43.035],[-2.357,43.035],[-2.3585,43.036],[-2.358,43.036],[-2.354,43.04],[-2.346,43.0375],[-2.346,43.038],[-2.3445,43.0385],[-2.343,43.0395],[-2.3435,43.04],[-2.349,43.042],[-2.3485,43.0455],[-2.3485,43.046],[-2.3505,43.0465],[-2.3515,43.046],[-2.3505,43.0465],[-2.35,43.047],[-2.3485,43.0475],[-2.3465,43.049],[-2.3465,43.0495],[-2.352,43.0485],[-2.3615,43.045],[-2.366,43.051],[-2.3665,43.051],[-2.3705,43.0475],[-2.3755,43.0525],[-2.3825,43.0515],[-2.383,43.0515],[-2.383,43.051],[-2.3835,43.051]]],[[[-2.3515,42.751],[-2.3525,42.754],[-2.359,42.7565],[-2.3615,42.7555],[-2.357,42.749],[-2.355,42.7495],[-2.3515,42.751]]],[[[-2.3755,43.063],[-2.3745,43.0615],[-2.374,43.061],[-2.3735,43.06],[-2.373,43.0595],[-2.373,43.058],[-2.373,43.0575],[-2.3695,43.057],[-2.369,43.057],[-2.3695,43.0585],[-2.366,43.061],[-2.366,43.062],[-2.366,43.0615],[-2.365,43.062],[-2.365,43.0625],[-2.3655,43.0625],[-2.3695,43.0625],[-2.3715,43.064],[-2.3675,43.064],[-2.365,43.0625],[-2.362,43.0615],[-2.3525,43.061],[-2.3525,43.0605],[-2.3505,43.0605],[-2.3495,43.0605],[-2.349,43.0605],[-2.349,43.061],[-2.3535,43.0645],[-2.3545,43.065],[-2.3565,43.066],[-2.3565,43.0665],[-2.357,43.0665],[-2.3535,43.0675],[-2.3535,43.068],[-2.3505,43.0685],[-2.35,43.0685],[-2.3495,43.069],[-2.349,43.069],[-2.3495,43.0695],[-2.3485,43.0695],[-2.3485,43.0685],[-2.349,43.068],[-2.348,43.067],[-2.348,43.0675],[-2.348,43.068],[-2.345,43.068],[-2.341,43.0675],[-2.341,43.068],[-2.3395,43.068],[-2.3395,43.0675],[-2.338,43.067],[-2.3375,43.067],[-2.3375,43.066],[-2.337,43.066],[-2.3365,43.067],[-2.337,43.066],[-2.3355,43.066],[-2.335,43.066],[-2.3345,43.0675],[-2.335,43.068],[-2.334,43.0685],[-2.333,43.069],[-2.3345,43.069],[-2.3345,43.0695],[-2.335,43.0695],[-2.3355,43.069],[-2.3405,43.071],[-2.341,43.0715],[-2.3415,43.072],[-2.342,43.072],[-2.3425,43.072],[-2.3425,43.0725],[-2.3435,43.0725],[-2.343,43.073],[-2.343,43.0735],[-2.343,43.073],[-2.3425,43.0725],[-2.342,43.0725],[-2.3415,43.0725],[-2.3415,43.072],[-2.341,43.0715],[-2.3405,43.071],[-2.34,43.071],[-2.3385,43.071],[-2.338,43.071],[-2.3375,43.0705],[-2.337,43.0705],[-2.336,43.0705],[-2.335,43.07],[-2.3345,43.0695],[-2.3345,43.069],[-2.333,43.069],[-2.3345,43.071],[-2.332,43.071],[-2.3325,43.072],[-2.332,43.0725],[-2.332,43.073],[-2.3325,43.073],[-2.333,43.073],[-2.3335,43.073],[-2.3355,43.074],[-2.3355,43.0745],[-2.3355,43.075],[-2.336,43.0755],[-2.3355,43.0755],[-2.333,43.0765],[-2.333,43.0775],[-2.3355,43.0775],[-2.3375,43.0775],[-2.3395,43.079],[-2.34,43.0795],[-2.3345,43.081],[-2.335,43.081],[-2.3355,43.0815],[-2.336,43.082],[-2.341,43.0835],[-2.3425,43.083],[-2.3435,43.083],[-2.3445,43.083],[-2.3425,43.0805],[-2.342,43.0795],[-2.3425,43.08],[-2.343,43.08],[-2.348,43.081],[-2.3495,43.0855],[-2.358,43.088],[-2.3595,43.088],[-2.36,43.088],[-2.3605,43.088],[-2.361,43.088],[-2.361,43.0875],[-2.36,43.086],[-2.3625,43.0845],[-2.3625,43.084],[-2.3625,43.0835],[-2.362,43.0835],[-2.3615,43.083],[-2.362,43.083],[-2.3615,43.0825],[-2.361,43.0825],[-2.3605,43.0815],[-2.36,43.0815],[-2.3625,43.0755],[-2.363,43.074],[-2.362,43.0745],[-2.359,43.0745],[-2.3565,43.0745],[-2.356,43.0745],[-2.355,43.0745],[-2.355,43.074],[-2.356,43.074],[-2.3565,43.074],[-2.3565,43.0735],[-2.357,43.0735],[-2.3565,43.072],[-2.3565,43.0715],[-2.356,43.0715],[-2.355,43.0715],[-2.355,43.072],[-2.355,43.0725],[-2.355,43.072],[-2.3535,43.0715],[-2.3535,43.071],[-2.3555,43.0705],[-2.3555,43.071],[-2.356,43.0715],[-2.3565,43.0715],[-2.357,43.072],[-2.3585,43.072],[-2.3585,43.0715],[-2.3585,43.071],[-2.3585,43.0705],[-2.362,43.0705],[-2.363,43.0705],[-2.364,43.069],[-2.3635,43.069],[-2.3635,43.0685],[-2.3635,43.068],[-2.368,43.067],[-2.366,43.07],[-2.3675,43.0695],[-2.368,43.0695],[-2.3695,43.069],[-2.371,43.0685],[-2.3715,43.0675],[-2.372,43.0675],[-2.3725,43.067],[-2.3735,43.0665],[-2.374,43.0665],[-2.374,43.066],[-2.375,43.0655],[-2.3755,43.0655],[-2.3755,43.0635],[-2.3755,43.063]]],[[[-2.3545,43.016],[-2.355,43.0175],[-2.3555,43.017],[-2.356,43.0155],[-2.3565,43.0155],[-2.357,43.0155],[-2.358,43.0155],[-2.3585,43.0155],[-2.359,43.015],[-2.3595,43.0145],[-2.361,43.0125],[-2.358,43.007],[-2.3545,43.0085],[-2.3535,43.0095],[-2.3525,43.0095],[-2.3515,43.01],[-2.351,43.01],[-2.35,43.0115],[-2.3495,43.012],[-2.3475,43.0145],[-2.3475,43.015],[-2.3465,43.0175],[-2.346,43.0175],[-2.3435,43.0205],[-2.3435,43.02],[-2.343,43.021],[-2.342,43.023],[-2.344,43.0245],[-2.345,43.025],[-2.3465,43.0225],[-2.352,43.0235],[-2.353,43.0235],[-2.3535,43.0225],[-2.3535,43.0215],[-2.354,43.0215],[-2.354,43.021],[-2.3545,43.02],[-2.3545,43.0195],[-2.355,43.019],[-2.354,43.0175],[-2.354,43.017],[-2.3545,43.0165],[-2.3545,43.016]]],[[[-2.3585,43.0585],[-2.356,43.0565],[-2.355,43.048],[-2.35,43.05],[-2.346,43.0495],[-2.346,43.049],[-2.3455,43.0495],[-2.344,43.05],[-2.344,43.0505],[-2.345,43.052],[-2.3485,43.0555],[-2.3485,43.056],[-2.35,43.059],[-2.3525,43.0595],[-2.358,43.059],[-2.3585,43.0585]]],[[[-2.344,42.757],[-2.3425,42.757],[-2.3435,42.7555],[-2.3435,42.755],[-2.3435,42.7545],[-2.345,42.753],[-2.3395,42.7545],[-2.341,42.762],[-2.341,42.7625],[-2.342,42.763],[-2.3425,42.763],[-2.343,42.7625],[-2.3435,42.7625],[-2.345,42.762],[-2.3455,42.76],[-2.3455,42.759],[-2.346,42.759],[-2.3465,42.7585],[-2.344,42.757]]],[[[-2.3295,43.0215],[-2.329,43.0205],[-2.328,43.016],[-2.327,43.013],[-2.322,43.014],[-2.3215,43.014],[-2.321,43.0145],[-2.3205,43.013],[-2.324,43.0125],[-2.327,43.0115],[-2.3295,43.009],[-2.3285,43.0085],[-2.328,43.006],[-2.328,43.0055],[-2.3265,43.004],[-2.3255,43.004],[-2.325,43.004],[-2.3245,43.0035],[-2.324,43.0035],[-2.3215,43.0035],[-2.3185,43.007],[-2.3155,43.0075],[-2.316,43.0085],[-2.316,43.009],[-2.316,43.0095],[-2.316,43.01],[-2.3155,43.011],[-2.318,43.014],[-2.318,43.0155],[-2.3175,43.0155],[-2.318,43.0155],[-2.3165,43.0125],[-2.316,43.0145],[-2.3145,43.0185],[-2.314,43.019],[-2.3095,43.0195],[-2.3075,43.02],[-2.3075,43.0205],[-2.306,43.0215],[-2.307,43.022],[-2.3075,43.022],[-2.308,43.021],[-2.3075,43.022],[-2.303,43.0265],[-2.295,43.0245],[-2.2945,43.025],[-2.2945,43.0255],[-2.295,43.0255],[-2.295,43.026],[-2.2955,43.026],[-2.297,43.0265],[-2.3025,43.027],[-2.301,43.028],[-2.301,43.03],[-2.3015,43.03],[-2.3025,43.0305],[-2.303,43.031],[-2.304,43.032],[-2.3045,43.0315],[-2.3135,43.029],[-2.3155,43.029],[-2.319,43.029],[-2.317,43.0305],[-2.3165,43.0305],[-2.317,43.031],[-2.318,43.033],[-2.3185,43.033],[-2.319,43.033],[-2.3195,43.033],[-2.3195,43.0325],[-2.32,43.0325],[-2.3205,43.0325],[-2.321,43.032],[-2.321,43.0315],[-2.3215,43.032],[-2.3215,43.0325],[-2.3215,43.0315],[-2.3215,43.031],[-2.321,43.0305],[-2.32,43.0275],[-2.322,43.025],[-2.3265,43.0255],[-2.326,43.024],[-2.3255,43.024],[-2.327,43.0235],[-2.3295,43.0215]]],[[[-2.3195,43.0445],[-2.317,43.043],[-2.3165,43.0425],[-2.316,43.0425],[-2.313,43.044],[-2.312,43.045],[-2.3115,43.0455],[-2.306,43.0485],[-2.299,43.0505],[-2.3065,43.054],[-2.316,43.0485],[-2.32,43.0465],[-2.3265,43.045],[-2.327,43.0435],[-2.326,43.043],[-2.3255,43.0435],[-2.3245,43.044],[-2.3235,43.044],[-2.322,43.044],[-2.3215,43.0445],[-2.321,43.0445],[-2.3195,43.0445]]],[[[-2.319,43.0705],[-2.3185,43.071],[-2.318,43.071],[-2.319,43.072],[-2.319,43.0725],[-2.319,43.072],[-2.3195,43.072],[-2.3195,43.0725],[-2.32,43.073],[-2.32,43.0735],[-2.3225,43.0745],[-2.322,43.0735],[-2.3215,43.0735],[-2.323,43.074],[-2.3235,43.0745],[-2.324,43.073],[-2.324,43.0745],[-2.326,43.074],[-2.327,43.0725],[-2.3255,43.072],[-2.3285,43.071],[-2.328,43.0705],[-2.3275,43.0695],[-2.327,43.0695],[-2.326,43.069],[-2.3255,43.0685],[-2.3245,43.068],[-2.324,43.068],[-2.3235,43.068],[-2.3235,43.0675],[-2.323,43.0675],[-2.323,43.067],[-2.3225,43.067],[-2.322,43.067],[-2.322,43.0665],[-2.323,43.067],[-2.323,43.0675],[-2.33,43.0665],[-2.3305,43.0665],[-2.329,43.0615],[-2.3285,43.0605],[-2.328,43.06],[-2.3275,43.06],[-2.327,43.06],[-2.3275,43.0595],[-2.327,43.0595],[-2.327,43.059],[-2.327,43.0595],[-2.3265,43.06],[-2.325,43.0605],[-2.3235,43.06],[-2.3235,43.0595],[-2.323,43.059],[-2.321,43.058],[-2.3205,43.0575],[-2.3205,43.057],[-2.32,43.057],[-2.32,43.0575],[-2.3195,43.0575],[-2.318,43.0575],[-2.3175,43.0575],[-2.317,43.0575],[-2.3165,43.0575],[-2.3165,43.057],[-2.316,43.057],[-2.316,43.0575],[-2.317,43.0605],[-2.3145,43.058],[-2.3145,43.0575],[-2.314,43.0575],[-2.3135,43.0575],[-2.313,43.0575],[-2.312,43.059],[-2.3115,43.059],[-2.311,43.059],[-2.311,43.0585],[-2.3105,43.0585],[-2.31,43.0585],[-2.307,43.058],[-2.307,43.057],[-2.3065,43.0575],[-2.3065,43.058],[-2.3065,43.0585],[-2.3065,43.059],[-2.307,43.059],[-2.3075,43.0595],[-2.307,43.0595],[-2.3065,43.06],[-2.309,43.063],[-2.309,43.0635],[-2.3125,43.0635],[-2.312,43.064],[-2.312,43.0645],[-2.313,43.068],[-2.316,43.068],[-2.317,43.068],[-2.3175,43.068],[-2.3175,43.0685],[-2.3175,43.069],[-2.318,43.0695],[-2.3185,43.0695],[-2.319,43.0705]]],[[[-2.286,42.7735],[-2.284,42.7745],[-2.286,42.778],[-2.2895,42.7785],[-2.2895,42.779],[-2.2915,42.7805],[-2.292,42.781],[-2.2935,42.7815],[-2.2895,42.774],[-2.289,42.774],[-2.286,42.7735]]],[[[-2.2885,42.996],[-2.29,42.996],[-2.29,42.997],[-2.2905,42.9975],[-2.2905,42.998],[-2.291,42.998],[-2.2915,42.998],[-2.292,42.998],[-2.2935,42.998],[-2.2935,42.9975],[-2.294,42.9975],[-2.2945,42.997],[-2.295,42.9965],[-2.2955,42.996],[-2.2955,42.9955],[-2.2955,42.995],[-2.295,42.9945],[-2.2915,42.9945],[-2.291,42.993],[-2.2915,42.9925],[-2.2915,42.9915],[-2.2915,42.991],[-2.292,42.991],[-2.292,42.9905],[-2.2925,42.9905],[-2.2925,42.991],[-2.2925,42.9915],[-2.293,42.9915],[-2.293,42.992],[-2.294,42.9925],[-2.2945,42.993],[-2.295,42.993],[-2.2945,42.9925],[-2.294,42.992],[-2.294,42.9915],[-2.294,42.991],[-2.2945,42.991],[-2.2945,42.9905],[-2.2945,42.9885],[-2.295,42.9885],[-2.2955,42.9885],[-2.2955,42.988],[-2.295,42.9875],[-2.295,42.987],[-2.2945,42.9865],[-2.29,42.9885],[-2.2895,42.989],[-2.2865,42.9895],[-2.2855,42.9895],[-2.282,42.9895],[-2.28,42.9905],[-2.279,42.99],[-2.276,42.9925],[-2.2715,43.0005],[-2.272,43.001],[-2.2755,43.0005],[-2.2765,43],[-2.278,43.0015],[-2.2785,43.0015],[-2.278,43],[-2.281,42.9995],[-2.2815,42.9985],[-2.28,42.9965],[-2.28,42.996],[-2.28,42.9955],[-2.2795,42.9955],[-2.2805,42.994],[-2.2805,42.9955],[-2.2825,42.996],[-2.283,42.996],[-2.285,42.995],[-2.285,42.9945],[-2.2855,42.9945],[-2.2865,42.994],[-2.287,42.994],[-2.288,42.994],[-2.2885,42.9955],[-2.2885,42.996]]],[[[-2.2755,42.9795],[-2.2765,42.974],[-2.2735,42.9735],[-2.275,42.9735],[-2.276,42.973],[-2.2765,42.973],[-2.277,42.973],[-2.2755,42.9725],[-2.275,42.9725],[-2.2785,42.971],[-2.2765,42.9705],[-2.275,42.97],[-2.2745,42.97],[-2.2745,42.9695],[-2.2735,42.97],[-2.2735,42.9705],[-2.2725,42.9705],[-2.272,42.9705],[-2.271,42.9705],[-2.2705,42.9705],[-2.2635,42.9665],[-2.2635,42.964],[-2.2635,42.9615],[-2.2705,42.9605],[-2.274,42.962],[-2.274,42.9615],[-2.2745,42.9585],[-2.274,42.958],[-2.2735,42.958],[-2.273,42.958],[-2.2725,42.958],[-2.2715,42.9575],[-2.27,42.9575],[-2.2695,42.9575],[-2.269,42.9575],[-2.2685,42.957],[-2.2585,42.9545],[-2.255,42.9575],[-2.263,42.962],[-2.2615,42.971],[-2.262,42.971],[-2.262,42.9715],[-2.2625,42.9715],[-2.2625,42.972],[-2.2625,42.9735],[-2.262,42.974],[-2.2595,42.9745],[-2.259,42.974],[-2.2545,42.9765],[-2.2545,42.977],[-2.253,42.9805],[-2.253,42.981],[-2.2525,42.981],[-2.2525,42.9815],[-2.252,42.9805],[-2.2515,42.98],[-2.2515,42.9795],[-2.252,42.9795],[-2.252,42.979],[-2.251,42.9795],[-2.252,42.9825],[-2.257,42.9865],[-2.2615,42.987],[-2.2595,42.984],[-2.2595,42.9835],[-2.259,42.9835],[-2.2585,42.983],[-2.258,42.983],[-2.2575,42.983],[-2.2575,42.9825],[-2.258,42.982],[-2.258,42.9815],[-2.2575,42.9805],[-2.257,42.98],[-2.257,42.9795],[-2.257,42.979],[-2.2575,42.979],[-2.257,42.979],[-2.257,42.9795],[-2.257,42.98],[-2.2575,42.98],[-2.2575,42.9805],[-2.258,42.9805],[-2.2585,42.9815],[-2.259,42.9815],[-2.263,42.982],[-2.263,42.9865],[-2.2635,42.9865],[-2.2645,42.986],[-2.2655,42.9855],[-2.269,42.987],[-2.269,42.9875],[-2.2685,42.989],[-2.268,42.9895],[-2.2685,42.9895],[-2.2685,42.99],[-2.269,42.99],[-2.2695,42.991],[-2.27,42.9915],[-2.2695,42.9915],[-2.2695,42.992],[-2.2705,42.9915],[-2.271,42.991],[-2.273,42.988],[-2.274,42.987],[-2.2745,42.987],[-2.275,42.9865],[-2.2775,42.9845],[-2.2785,42.9825],[-2.2785,42.9815],[-2.278,42.9815],[-2.2765,42.981],[-2.2755,42.9795]]],[[[-2.259,42.861],[-2.259,42.8595],[-2.259,42.859],[-2.2535,42.86],[-2.252,42.8605],[-2.2535,42.862],[-2.253,42.863],[-2.259,42.861]]],[[[-2.2285,42.948],[-2.228,42.9475],[-2.2275,42.947],[-2.2285,42.949],[-2.23,42.9495],[-2.24,42.9465],[-2.245,42.943],[-2.2445,42.9425],[-2.244,42.942],[-2.239,42.9385],[-2.2295,42.9365],[-2.229,42.9365],[-2.2285,42.9355],[-2.2275,42.9355],[-2.227,42.936],[-2.2265,42.937],[-2.2265,42.9375],[-2.2275,42.9375],[-2.2275,42.938],[-2.2275,42.9395],[-2.2275,42.94],[-2.2275,42.941],[-2.227,42.9415],[-2.227,42.942],[-2.227,42.9425],[-2.228,42.9415],[-2.2275,42.945],[-2.228,42.9475],[-2.2285,42.948]]],[[[-2.1965,43.296],[-2.2,43.295],[-2.2015,43.294],[-2.195,43.2915],[-2.1935,43.2935],[-2.193,43.2935],[-2.194,43.2955],[-2.1945,43.2955],[-2.1945,43.296],[-2.1955,43.296],[-2.1955,43.2955],[-2.1955,43.296],[-2.1965,43.296]]],[[[-2.132,43.232],[-2.1385,43.2325],[-2.139,43.232],[-2.1395,43.2315],[-2.1415,43.2295],[-2.143,43.2285],[-2.1435,43.2285],[-2.145,43.2275],[-2.1465,43.225],[-2.147,43.225],[-2.148,43.2235],[-2.1475,43.221],[-2.15,43.219],[-2.147,43.2155],[-2.1435,43.2135],[-2.143,43.2135],[-2.1425,43.2115],[-2.1375,43.215],[-2.1455,43.2165],[-2.1355,43.2195],[-2.131,43.225],[-2.13,43.226],[-2.1295,43.226],[-2.1285,43.23],[-2.1305,43.231],[-2.1315,43.232],[-2.132,43.232]]],[[[-2.1055,43.257],[-2.1085,43.257],[-2.107,43.2545],[-2.1065,43.254],[-2.107,43.254],[-2.1085,43.2535],[-2.107,43.252],[-2.106,43.2515],[-2.108,43.251],[-2.1085,43.25],[-2.1025,43.25],[-2.0995,43.2475],[-2.098,43.2475],[-2.0975,43.2475],[-2.097,43.248],[-2.0965,43.248],[-2.0955,43.2485],[-2.095,43.249],[-2.0945,43.249],[-2.0945,43.2495],[-2.095,43.2495],[-2.097,43.249],[-2.0985,43.2485],[-2.0995,43.2485],[-2.1,43.248],[-2.1005,43.248],[-2.1005,43.2485],[-2.1,43.249],[-2.0995,43.2495],[-2.099,43.2495],[-2.0985,43.25],[-2.098,43.2505],[-2.0975,43.251],[-2.096,43.252],[-2.095,43.2525],[-2.094,43.2525],[-2.0935,43.253],[-2.093,43.253],[-2.092,43.253],[-2.0915,43.253],[-2.091,43.2525],[-2.0905,43.2525],[-2.0925,43.2575],[-2.0925,43.258],[-2.0955,43.2585],[-2.095,43.261],[-2.095,43.2615],[-2.0945,43.263],[-2.0955,43.263],[-2.096,43.2635],[-2.096,43.263],[-2.0965,43.2625],[-2.097,43.262],[-2.0975,43.262],[-2.098,43.2615],[-2.099,43.2615],[-2.099,43.263],[-2.0985,43.265],[-2.098,43.265],[-2.099,43.266],[-2.104,43.263],[-2.103,43.263],[-2.103,43.262],[-2.104,43.262],[-2.104,43.263],[-2.1045,43.262],[-2.104,43.261],[-2.104,43.2605],[-2.104,43.26],[-2.1035,43.26],[-2.1035,43.2595],[-2.1055,43.257]]],[[[-2.044,43.164],[-2.051,43.174],[-2.051,43.1705],[-2.0545,43.1685],[-2.0545,43.168],[-2.053,43.1675],[-2.0565,43.164],[-2.05,43.165],[-2.0485,43.16],[-2.0485,43.1595],[-2.048,43.1595],[-2.048,43.159],[-2.048,43.1585],[-2.048,43.159],[-2.05,43.157],[-2.035,43.1565],[-2.0255,43.158],[-2.0255,43.161],[-2.0275,43.163],[-2.0275,43.1625],[-2.028,43.163],[-2.034,43.1625],[-2.036,43.162],[-2.0365,43.1615],[-2.0365,43.1605],[-2.037,43.1605],[-2.037,43.161],[-2.0365,43.1615],[-2.036,43.162],[-2.043,43.1635],[-2.044,43.164]]],[[[-1.9975,43.112],[-2.001,43.1135],[-2.0105,43.1135],[-2.0145,43.116],[-2.0145,43.1155],[-2.0145,43.115],[-2.0145,43.1145],[-2.022,43.111],[-2.02,43.11],[-2.0235,43.1055],[-2.023,43.105],[-2.0225,43.1045],[-2.022,43.104],[-2.0195,43.107],[-2.0125,43.1095],[-2.0095,43.107],[-2.004,43.1075],[-2.005,43.1005],[-2.0005,43.0995],[-1.998,43.097],[-1.9985,43.096],[-2.001,43.094],[-2.0045,43.0925],[-2.0055,43.0905],[-2.0005,43.0935],[-1.9995,43.094],[-1.9945,43.095],[-1.9925,43.091],[-1.9905,43.0905],[-1.99,43.0905],[-1.9825,43.094],[-1.9775,43.092],[-1.972,43.0945],[-1.9705,43.1015],[-1.966,43.099],[-1.965,43.0995],[-1.9645,43.1005],[-1.964,43.101],[-1.9625,43.102],[-1.9615,43.1025],[-1.961,43.103],[-1.96,43.103],[-1.96,43.1035],[-1.96,43.1045],[-1.9605,43.105],[-1.9645,43.105],[-1.965,43.105],[-1.9645,43.1055],[-1.9645,43.106],[-1.9635,43.1075],[-1.964,43.1075],[-1.9645,43.108],[-1.964,43.108],[-1.964,43.1085],[-1.965,43.109],[-1.9655,43.109],[-1.966,43.1095],[-1.9655,43.1095],[-1.9655,43.1105],[-1.9665,43.1105],[-1.9675,43.112],[-1.968,43.112],[-1.968,43.1125],[-1.9685,43.1125],[-1.9695,43.1125],[-1.9725,43.112],[-1.9675,43.11],[-1.973,43.1095],[-1.979,43.106],[-1.9795,43.106],[-1.9795,43.1055],[-1.979,43.1045],[-1.9815,43.1055],[-1.989,43.106],[-1.987,43.1075],[-1.9865,43.107],[-1.9865,43.1075],[-1.9855,43.108],[-1.985,43.108],[-1.988,43.1095],[-1.987,43.111],[-1.994,43.1085],[-2.0005,43.1095],[-1.9975,43.112]]]]},"properties":{"APTITUD":"BAJA"}},
{"type":"Feature","geometry":{"type":"MultiPolygon","coordinates":[[[[-3.071,42.7985],[-3.068,42.796],[-3.0665,42.795],[-3.0655,42.794],[-3.065,42.793],[-3.063,42.793],[-3.0605,42.793],[-3.059,42.7935],[-3.0585,42.7935],[-3.058,42.793],[-3.057,42.7925],[-3.054,42.7915],[-3.0535,42.7915],[-3.0525,42.791],[-3.052,42.79],[-3.051,42.7895],[-3.0505,42.7895],[-3.05,42.789],[-3.0495,42.789],[-3.049,42.789],[-3.05,42.79],[-3.0495,42.7895],[-3.051,42.7905],[-3.051,42.7925],[-3.0515,42.7925],[-3.052,42.7925],[-3.0525,42.793],[-3.053,42.7935],[-3.053,42.793],[-3.0545,42.793],[-3.055,42.794],[-3.0555,42.7945],[-3.056,42.7945],[-3.057,42.795],[-3.057,42.7955],[-3.0575,42.7955],[-3.058,42.7955],[-3.0585,42.796],[-3.062,42.7955],[-3.0585,42.796],[-3.0615,42.796],[-3.061,42.796],[-3.06,42.796],[-3.0565,42.7955],[-3.0575,42.796],[-3.058,42.796],[-3.0515,42.7955],[-3.05,42.7955],[-3.0495,42.795],[-3.049,42.795],[-3.049,42.7945],[-3.049,42.794],[-3.0495,42.794],[-3.05,42.792],[-3.049,42.79],[-3.0485,42.791],[-3.0495,42.7925],[-3.0485,42.7915],[-3.048,42.793],[-3.046,42.795],[-3.0465,42.7965],[-3.0485,42.797],[-3.049,42.797],[-3.05,42.797],[-3.0505,42.797],[-3.0505,42.7975],[-3.051,42.7975],[-3.0515,42.7975],[-3.052,42.798],[-3.0525,42.798],[-3.053,42.798],[-3.053,42.7985],[-3.0535,42.7985],[-3.054,42.7985],[-3.0545,42.799],[-3.0555,42.799],[-3.056,42.799],[-3.0565,42.7995],[-3.0585,42.7995],[-3.059,42.7995],[-3.06,42.8],[-3.061,42.8],[-3.0645,42.7995],[-3.0625,42.8],[-3.062,42.8],[-3.061,42.8],[-3.06,42.8],[-3.0565,42.8035],[-3.057,42.804],[-3.057,42.8035],[-3.0575,42.8035],[-3.0575,42.804],[-3.0575,42.8045],[-3.0575,42.8055],[-3.058,42.8085],[-3.0585,42.8095],[-3.059,42.8105],[-3.059,42.811],[-3.064,42.8145],[-3.065,42.8145],[-3.0655,42.8145],[-3.0675,42.815],[-3.069,42.815],[-3.0685,42.814],[-3.0685,42.8135],[-3.068,42.8135],[-3.0675,42.8135],[-3.0675,42.813],[-3.067,42.813],[-3.066,42.806],[-3.0665,42.8055],[-3.067,42.805],[-3.0675,42.804],[-3.068,42.8035],[-3.069,42.803],[-3.069,42.8025],[-3.069,42.8015],[-3.0695,42.801],[-3.0705,42.8005],[-3.071,42.8],[-3.0705,42.799],[-3.071,42.799],[-3.071,42.7985],[-3.0715,42.7985],[-3.071,42.7985]]],[[[-3.0345,42.8205],[-3.0365,42.818],[-3.033,42.817],[-3.0255,42.816],[-3.0205,42.815],[-3.019,42.818],[-3.0185,42.8165],[-3.017,42.8195],[-3.0175,42.8195],[-3.0165,42.822],[-3.0145,42.8225],[-3.0145,42.823],[-3.015,42.823],[-3.015,42.8235],[-3.0155,42.8245],[-3.016,42.8245],[-3.016,42.825],[-3.016,42.8255],[-3.0165,42.826],[-3.017,42.827],[-3.0165,42.8265],[-3.018,42.828],[-3.019,42.825],[-3.0175,42.825],[-3.018,42.824],[-3.0215,42.826],[-3.022,42.826],[-3.0215,42.8255],[-3.024,42.8245],[-3.0245,42.8245],[-3.0255,42.824],[-3.0295,42.8215],[-3.0335,42.822],[-3.0345,42.8205]]],[[[-2.994,42.81],[-2.999,42.812],[-3.004,42.807],[-3.002,42.8045],[-3.001,42.8045],[-3.001,42.805],[-3.001,42.8045],[-2.9985,42.8045],[-2.9985,42.806],[-2.998,42.806],[-2.9965,42.807],[-2.9965,42.8075],[-2.9965,42.807],[-2.9945,42.808],[-2.9935,42.8085],[-2.993,42.81],[-2.9925,42.81],[-2.9925,42.8105],[-2.9935,42.8105],[-2.994,42.81]]],[[[-2.9215,42.734],[-2.9225,42.729],[-2.916,42.73],[-2.9195,42.7345],[-2.92,42.7345],[-2.9215,42.734]]],[[[-2.892,42.724],[-2.8945,42.7255],[-2.895,42.7255],[-2.8955,42.7255],[-2.903,42.726],[-2.904,42.7265],[-2.905,42.726],[-2.907,42.7255],[-2.904,42.725],[-2.904,42.724],[-2.908,42.7245],[-2.9095,42.7255],[-2.91,42.7255],[-2.912,42.726],[-2.9125,42.7265],[-2.913,42.7265],[-2.9135,42.726],[-2.913,42.725],[-2.9125,42.725],[-2.9125,42.7245],[-2.912,42.7245],[-2.9135,42.7245],[-2.9135,42.726],[-2.913,42.7265],[-2.9135,42.7265],[-2.914,42.726],[-2.9145,42.726],[-2.915,42.7255],[-2.917,42.7245],[-2.92,42.724],[-2.9185,42.722],[-2.916,42.721],[-2.914,42.7205],[-2.9125,42.7195],[-2.911,42.719],[-2.907,42.7165],[-2.9025,42.715],[-2.8995,42.7155],[-2.903,42.716],[-2.9025,42.7165],[-2.8975,42.716],[-2.8945,42.717],[-2.8955,42.7175],[-2.8935,42.7175],[-2.8865,42.7195],[-2.886,42.7195],[-2.8815,42.7225],[-2.8815,42.723],[-2.878,42.7275],[-2.8825,42.728],[-2.886,42.725],[-2.8895,42.7255],[-2.89,42.7245],[-2.8915,42.724],[-2.892,42.724]]],[[[-2.8865,42.7055],[-2.8835,42.707],[-2.8885,42.7075],[-2.8935,42.7075],[-2.898,42.707],[-2.9015,42.706],[-2.899,42.7015],[-2.8905,42.703],[-2.8865,42.7055]]],[[[-2.8965,42.7075],[-2.8925,42.708],[-2.887,42.708],[-2.883,42.707],[-2.8785,42.71],[-2.903,42.7105],[-2.898,42.7075],[-2.8965,42.7075]]],[[[-2.9,42.715],[-2.898,42.713],[-2.8865,42.711],[-2.8785,42.712],[-2.8785,42.7135],[-2.879,42.714],[-2.879,42.7145],[-2.879,42.715],[-2.879,42.716],[-2.8795,42.717],[-2.879,42.719],[-2.8795,42.7195],[-2.88,42.7195],[-2.8875,42.717],[-2.8875,42.7165],[-2.8915,42.716],[-2.8925,42.717],[-2.9,42.715]]],[[[-2.8835,42.77],[-2.885,42.766],[-2.8905,42.7645],[-2.8875,42.7655],[-2.8865,42.7685],[-2.888,42.7665],[-2.888,42.767],[-2.8885,42.767],[-2.8875,42.768],[-2.8895,42.768],[-2.892,42.7635],[-2.889,42.7615],[-2.8875,42.7615],[-2.887,42.7615],[-2.885,42.7625],[-2.885,42.763],[-2.8845,42.763],[-2.883,42.7635],[-2.8835,42.7625],[-2.881,42.7605],[-2.881,42.76],[-2.8805,42.76],[-2.88,42.7595],[-2.88,42.759],[-2.8795,42.759],[-2.8795,42.7585],[-2.879,42.7585],[-2.879,42.758],[-2.872,42.755],[-2.867,42.7505],[-2.8675,42.7525],[-2.867,42.7525],[-2.8665,42.7525],[-2.867,42.7525],[-2.867,42.752],[-2.8655,42.7515],[-2.864,42.7515],[-2.866,42.7545],[-2.8715,42.7615],[-2.872,42.763],[-2.8725,42.763],[-2.8725,42.7635],[-2.873,42.7635],[-2.8735,42.764],[-2.874,42.764],[-2.8745,42.764],[-2.875,42.764],[-2.8765,42.765],[-2.8775,42.765],[-2.878,42.7655],[-2.8805,42.7665],[-2.8815,42.7655],[-2.881,42.765],[-2.88,42.765],[-2.8795,42.765],[-2.88,42.765],[-2.881,42.765],[-2.882,42.7655],[-2.8825,42.7675],[-2.8825,42.768],[-2.883,42.769],[-2.8835,42.77]]],[[[-2.88,42.777],[-2.878,42.7775],[-2.8825,42.783],[-2.8915,42.784],[-2.899,42.7825],[-2.897,42.7805],[-2.897,42.78],[-2.8955,42.78],[-2.8955,42.7805],[-2.895,42.7805],[-2.894,42.7805],[-2.8935,42.78],[-2.889,42.781],[-2.88,42.777]]],[[[-2.8945,42.7965],[-2.895,42.7915],[-2.8935,42.791],[-2.8915,42.7945],[-2.8915,42.795],[-2.8905,42.7965],[-2.8925,42.7975],[-2.893,42.7975],[-2.8935,42.797],[-2.8935,42.7965],[-2.894,42.7965],[-2.8945,42.7965]]],[[[-2.8825,42.6715],[-2.873,42.672],[-2.8695,42.674],[-2.8655,42.6745],[-2.8655,42.6755],[-2.8665,42.6755],[-2.8675,42.6755],[-2.8665,42.676],[-2.8655,42.677],[-2.8775,42.676],[-2.8805,42.6745],[-2.8845,42.6705],[-2.8835,42.6695],[-2.884,42.67],[-2.881,42.6705],[-2.883,42.671],[-2.8835,42.671],[-2.883,42.6715],[-2.8825,42.6715]]],[[[-2.878,42.816],[-2.8855,42.816],[-2.887,42.8135],[-2.8865,42.813],[-2.8865,42.8125],[-2.885,42.812],[-2.8815,42.8115],[-2.881,42.8115],[-2.8805,42.8115],[-2.88,42.8115],[-2.8735,42.812],[-2.8735,42.813],[-2.8745,42.814],[-2.878,42.816]]],[[[-2.8715,42.703],[-2.872,42.702],[-2.8715,42.7005],[-2.87,42.6995],[-2.8665,42.6995],[-2.868,42.697],[-2.87,42.6965],[-2.8735,42.694],[-2.876,42.6935],[-2.877,42.693],[-2.878,42.6915],[-2.8785,42.6915],[-2.879,42.691],[-2.8795,42.6865],[-2.88,42.685],[-2.88,42.6845],[-2.8795,42.684],[-2.879,42.6855],[-2.8775,42.6855],[-2.867,42.6855],[-2.8655,42.6875],[-2.8655,42.688],[-2.866,42.688],[-2.8645,42.6885],[-2.8635,42.6905],[-2.863,42.6915],[-2.8625,42.6925],[-2.862,42.694],[-2.863,42.6935],[-2.863,42.694],[-2.8625,42.694],[-2.862,42.694],[-2.8655,42.702],[-2.87,42.7035],[-2.8695,42.7035],[-2.869,42.7035],[-2.8685,42.7035],[-2.8655,42.703],[-2.8655,42.7065],[-2.8715,42.703]]],[[[-2.8745,42.752],[-2.8725,42.7475],[-2.8675,42.7505],[-2.8745,42.7545],[-2.8745,42.752]]],[[[-2.864,42.662],[-2.859,42.6625],[-2.852,42.6615],[-2.8535,42.667],[-2.8685,42.663],[-2.864,42.662]]],[[[-2.851,42.6695],[-2.8515,42.669],[-2.8525,42.6695],[-2.8585,42.668],[-2.866,42.6685],[-2.8725,42.6675],[-2.8685,42.6635],[-2.8485,42.6685],[-2.846,42.671],[-2.851,42.6695]]],[[[-2.8505,42.7645],[-2.853,42.766],[-2.861,42.765],[-2.8595,42.764],[-2.8585,42.7635],[-2.8555,42.7605],[-2.852,42.7615],[-2.848,42.7635],[-2.8485,42.7635],[-2.8485,42.764],[-2.8495,42.764],[-2.85,42.7645],[-2.8505,42.7645]]],[[[-2.865,42.784],[-2.866,42.7845],[-2.8655,42.7825],[-2.866,42.7805],[-2.8645,42.7795],[-2.864,42.779],[-2.8645,42.779],[-2.8645,42.778],[-2.857,42.7735],[-2.856,42.7725],[-2.854,42.7775],[-2.857,42.784],[-2.864,42.7835],[-2.8655,42.782],[-2.8655,42.7825],[-2.865,42.7825],[-2.865,42.7835],[-2.8645,42.7835],[-2.865,42.784]]],[[[-2.858,42.809],[-2.857,42.8085],[-2.852,42.8105],[-2.852,42.81],[-2.8525,42.81],[-2.8525,42.8095],[-2.853,42.8075],[-2.8515,42.8075],[-2.851,42.808],[-2.8505,42.808],[-2.85,42.8075],[-2.85,42.807],[-2.8495,42.807],[-2.848,42.8065],[-2.846,42.8055],[-2.8455,42.8055],[-2.8445,42.8055],[-2.844,42.805],[-2.845,42.81],[-2.8415,42.8135],[-2.8585,42.816],[-2.863,42.8125],[-2.863,42.812],[-2.864,42.8105],[-2.8635,42.8105],[-2.8635,42.81],[-2.862,42.81],[-2.859,42.8095],[-2.8575,42.81],[-2.8575,42.8105],[-2.8575,42.81],[-2.8585,42.809],[-2.858,42.809]]],[[[-2.8455,42.7005],[-2.8445,42.701],[-2.8445,42.7015],[-2.8445,42.7025],[-2.845,42.7025],[-2.845,42.703],[-2.8455,42.703],[-2.8465,42.703],[-2.847,42.703],[-2.8485,42.7035],[-2.849,42.7035],[-2.8495,42.7035],[-2.849,42.703],[-2.8495,42.7035],[-2.85,42.7045],[-2.844,42.705],[-2.8435,42.705],[-2.843,42.705],[-2.842,42.7045],[-2.8415,42.705],[-2.841,42.705],[-2.8405,42.705],[-2.8385,42.705],[-2.839,42.705],[-2.839,42.7045],[-2.8385,42.7045],[-2.839,42.7025],[-2.839,42.701],[-2.84,42.698],[-2.8405,42.698],[-2.8375,42.696],[-2.837,42.6965],[-2.836,42.6985],[-2.836,42.7],[-2.8365,42.7015],[-2.8365,42.702],[-2.836,42.7025],[-2.8355,42.7025],[-2.835,42.702],[-2.8345,42.702],[-2.834,42.702],[-2.8325,42.702],[-2.832,42.702],[-2.832,42.7025],[-2.8315,42.701],[-2.831,42.7015],[-2.831,42.702],[-2.828,42.704],[-2.8265,42.7045],[-2.826,42.7045],[-2.827,42.7045],[-2.8285,42.705],[-2.829,42.705],[-2.8285,42.7055],[-2.8235,42.706],[-2.8225,42.7055],[-2.8225,42.706],[-2.821,42.708],[-2.821,42.7075],[-2.8205,42.7075],[-2.82,42.7075],[-2.819,42.7075],[-2.819,42.708],[-2.825,42.7085],[-2.827,42.712],[-2.8275,42.713],[-2.8295,42.713],[-2.8305,42.713],[-2.829,42.718],[-2.8295,42.718],[-2.8295,42.719],[-2.8305,42.719],[-2.839,42.7215],[-2.846,42.7235],[-2.854,42.7245],[-2.855,42.722],[-2.857,42.7205],[-2.8585,42.7205],[-2.859,42.7205],[-2.86,42.719],[-2.8625,42.716],[-2.8605,42.7155],[-2.86,42.714],[-2.8595,42.714],[-2.8585,42.7145],[-2.858,42.7145],[-2.8575,42.7145],[-2.858,42.7145],[-2.8595,42.714],[-2.8605,42.714],[-2.862,42.714],[-2.86,42.712],[-2.8485,42.7105],[-2.8475,42.7155],[-2.8405,42.718],[-2.8335,42.715],[-2.8325,42.711],[-2.8355,42.7075],[-2.8445,42.707],[-2.851,42.706],[-2.8535,42.708],[-2.8615,42.708],[-2.8615,42.7005],[-2.853,42.6995],[-2.8575,42.6965],[-2.86,42.6895],[-2.8605,42.689],[-2.8605,42.6885],[-2.8565,42.6885],[-2.8555,42.6895],[-2.8545,42.6895],[-2.8525,42.691],[-2.853,42.6935],[-2.853,42.694],[-2.8465,42.699],[-2.8465,42.7],[-2.8465,42.7005],[-2.846,42.7005],[-2.8455,42.7005]]],[[[-2.8365,42.6775],[-2.833,42.6775],[-2.8325,42.6775],[-2.8315,42.678],[-2.8285,42.6775],[-2.828,42.677],[-2.823,42.6795],[-2.819,42.682],[-2.818,42.6825],[-2.8175,42.682],[-2.8085,42.6875],[-2.8125,42.6885],[-2.815,42.687],[-2.8175,42.686],[-2.8205,42.684],[-2.8355,42.6865],[-2.8395,42.6905],[-2.8395,42.69],[-2.84,42.689],[-2.843,42.6885],[-2.8455,42.6875],[-2.847,42.687],[-2.8485,42.683],[-2.841,42.6835],[-2.8375,42.6825],[-2.837,42.6775],[-2.8365,42.6775]]],[[[-2.8345,42.801],[-2.8355,42.802],[-2.8365,42.802],[-2.8375,42.802],[-2.8375,42.8025],[-2.837,42.803],[-2.837,42.8035],[-2.8365,42.8035],[-2.8365,42.804],[-2.836,42.8045],[-2.8365,42.805],[-2.836,42.805],[-2.836,42.8065],[-2.836,42.807],[-2.836,42.8075],[-2.8365,42.8115],[-2.838,42.812],[-2.843,42.811],[-2.844,42.805],[-2.8435,42.805],[-2.8425,42.803],[-2.839,42.8015],[-2.8375,42.801],[-2.8345,42.8005],[-2.8345,42.801]]],[[[-2.8105,42.6785],[-2.805,42.6775],[-2.802,42.6775],[-2.8,42.678],[-2.7985,42.6775],[-2.798,42.6775],[-2.7975,42.677],[-2.7955,42.676],[-2.7955,42.6755],[-2.7935,42.675],[-2.7935,42.6765],[-2.7935,42.6775],[-2.7995,42.6785],[-2.8015,42.682],[-2.8035,42.6825],[-2.8055,42.684],[-2.806,42.686],[-2.808,42.6875],[-2.8085,42.6865],[-2.809,42.686],[-2.807,42.686],[-2.811,42.6835],[-2.8115,42.683],[-2.812,42.6825],[-2.812,42.682],[-2.8125,42.6815],[-2.81,42.681],[-2.81,42.682],[-2.808,42.682],[-2.81,42.6805],[-2.8095,42.6805],[-2.8105,42.6785]]],[[[-2.8025,42.875],[-2.802,42.8755],[-2.807,42.8775],[-2.8085,42.878],[-2.81,42.878],[-2.8095,42.8765],[-2.81,42.8765],[-2.8095,42.876],[-2.8075,42.8745],[-2.807,42.872],[-2.8065,42.872],[-2.8085,42.871],[-2.8085,42.8705],[-2.808,42.87],[-2.805,42.867],[-2.8045,42.867],[-2.804,42.8665],[-2.8035,42.8665],[-2.803,42.8655],[-2.803,42.865],[-2.802,42.8635],[-2.8015,42.8635],[-2.8005,42.8635],[-2.8,42.863],[-2.798,42.8615],[-2.7975,42.8615],[-2.7975,42.861],[-2.797,42.861],[-2.7965,42.861],[-2.796,42.861],[-2.797,42.862],[-2.798,42.8625],[-2.7985,42.8625],[-2.7985,42.8635],[-2.797,42.8625],[-2.7945,42.863],[-2.7955,42.8635],[-2.7955,42.864],[-2.7945,42.864],[-2.7935,42.863],[-2.7935,42.8625],[-2.7935,42.862],[-2.793,42.8615],[-2.7925,42.8615],[-2.792,42.861],[-2.7915,42.861],[-2.791,42.861],[-2.7905,42.861],[-2.7905,42.8615],[-2.7905,42.862],[-2.79,42.8635],[-2.789,42.864],[-2.7885,42.864],[-2.789,42.8655],[-2.7895,42.8655],[-2.7915,42.8665],[-2.792,42.8665],[-2.7925,42.8665],[-2.7915,42.867],[-2.793,42.868],[-2.793,42.8685],[-2.791,42.8675],[-2.7905,42.8675],[-2.7895,42.8675],[-2.789,42.8675],[-2.7885,42.8675],[-2.7875,42.87],[-2.788,42.87],[-2.789,42.8705],[-2.7895,42.8705],[-2.789,42.8705],[-2.789,42.871],[-2.789,42.8715],[-2.789,42.873],[-2.7915,42.875],[-2.7915,42.8745],[-2.792,42.8745],[-2.793,42.8735],[-2.793,42.873],[-2.7935,42.8735],[-2.7925,42.8745],[-2.7925,42.875],[-2.7995,42.878],[-2.8015,42.877],[-2.802,42.8755],[-2.802,42.876],[-2.802,42.8745],[-2.802,42.8735],[-2.802,42.873],[-2.801,42.872],[-2.8005,42.8725],[-2.801,42.872],[-2.8045,42.871],[-2.805,42.872],[-2.8045,42.8725],[-2.804,42.8725],[-2.8035,42.873],[-2.803,42.8725],[-2.803,42.873],[-2.8025,42.874],[-2.8025,42.8745],[-2.8025,42.875]]],[[[-2.7665,42.892],[-2.765,42.89],[-2.7565,42.8905],[-2.7555,42.892],[-2.7545,42.8925],[-2.76,42.8935],[-2.7605,42.8935],[-2.761,42.893],[-2.7615,42.893],[-2.765,42.892],[-2.7655,42.892],[-2.766,42.892],[-2.7665,42.892]]],[[[-2.7205,42.9325],[-2.722,42.9315],[-2.723,42.931],[-2.723,42.9305],[-2.7235,42.9305],[-2.7255,42.929],[-2.7275,42.9275],[-2.7255,42.925],[-2.727,42.926],[-2.7275,42.926],[-2.728,42.9235],[-2.7215,42.9215],[-2.721,42.922],[-2.7205,42.922],[-2.719,42.9225],[-2.7155,42.923],[-2.7145,42.9235],[-2.719,42.924],[-2.717,42.925],[-2.715,42.9255],[-2.717,42.933],[-2.7205,42.9325]]],[[[-2.714,42.928],[-2.71,42.93],[-2.7075,42.9265],[-2.7065,42.9255],[-2.7,42.923],[-2.695,42.9285],[-2.698,42.933],[-2.6975,42.9345],[-2.6855,42.938],[-2.6845,42.94],[-2.6845,42.9405],[-2.693,42.9435],[-2.6935,42.943],[-2.694,42.9425],[-2.699,42.9405],[-2.705,42.941],[-2.706,42.9405],[-2.706,42.94],[-2.705,42.939],[-2.7055,42.939],[-2.706,42.939],[-2.706,42.9395],[-2.7075,42.9405],[-2.7145,42.939],[-2.717,42.9355],[-2.717,42.9345],[-2.717,42.934],[-2.717,42.9335],[-2.717,42.933],[-2.715,42.9255],[-2.712,42.9265],[-2.7125,42.9265],[-2.712,42.927],[-2.714,42.9275],[-2.714,42.928]]],[[[-2.686,42.5615],[-2.6875,42.5585],[-2.6875,42.5575],[-2.6875,42.557],[-2.6875,42.5565],[-2.687,42.556],[-2.6875,42.556],[-2.6875,42.5565],[-2.6885,42.5535],[-2.691,42.5435],[-2.6895,42.544],[-2.687,42.5455],[-2.687,42.546],[-2.6855,42.549],[-2.6835,42.553],[-2.6825,42.555],[-2.683,42.5555],[-2.684,42.5565],[-2.685,42.5595],[-2.685,42.56],[-2.6855,42.561],[-2.6855,42.5615],[-2.686,42.5615]]],[[[-2.651,42.933],[-2.6565,42.9315],[-2.6565,42.933],[-2.6555,42.9335],[-2.6565,42.9335],[-2.6565,42.934],[-2.6555,42.934],[-2.655,42.9345],[-2.6565,42.936],[-2.657,42.937],[-2.657,42.938],[-2.663,42.9345],[-2.663,42.931],[-2.663,42.9305],[-2.6555,42.925],[-2.6495,42.9255],[-2.6485,42.926],[-2.648,42.926],[-2.6475,42.9295],[-2.6485,42.9315],[-2.651,42.933]]],[[[-2.5995,43.009],[-2.6025,43.0055],[-2.6005,43.003],[-2.6,43.003],[-2.599,43.0035],[-2.599,43.004],[-2.598,43.0065],[-2.5975,43.007],[-2.5995,43.009]]],[[[-2.559,42.5765],[-2.5555,42.5795],[-2.559,42.5825],[-2.565,42.582],[-2.5595,42.576],[-2.559,42.5765]]],[[[-2.533,42.586],[-2.5375,42.586],[-2.541,42.579],[-2.5415,42.578],[-2.5355,42.5815],[-2.533,42.586]]],[[[-2.5135,42.919],[-2.518,42.918],[-2.5175,42.9175],[-2.517,42.9135],[-2.5125,42.91],[-2.5125,42.919],[-2.5135,42.919]]],[[[-2.5105,42.57],[-2.5125,42.5755],[-2.513,42.5755],[-2.511,42.58],[-2.5055,42.5795],[-2.51,42.5885],[-2.514,42.583],[-2.5135,42.583],[-2.513,42.5825],[-2.513,42.582],[-2.513,42.5815],[-2.514,42.5815],[-2.5145,42.5805],[-2.5155,42.5775],[-2.5155,42.577],[-2.5155,42.5775],[-2.516,42.576],[-2.516,42.5755],[-2.5145,42.574],[-2.5145,42.5725],[-2.5145,42.572],[-2.5145,42.5705],[-2.512,42.5705],[-2.5125,42.5705],[-2.512,42.5705],[-2.5115,42.5705],[-2.511,42.5705],[-2.5105,42.5705],[-2.5105,42.57]]],[[[-2.507,42.9175],[-2.511,42.919],[-2.5125,42.91],[-2.512,42.9095],[-2.5055,42.9145],[-2.5065,42.9175],[-2.507,42.9175]]],[[[-2.498,42.813],[-2.498,42.8125],[-2.4975,42.812],[-2.491,42.81],[-2.4905,42.81],[-2.4905,42.8105],[-2.4905,42.811],[-2.49,42.811],[-2.4895,42.813],[-2.489,42.8135],[-2.4895,42.814],[-2.4905,42.815],[-2.491,42.815],[-2.491,42.8155],[-2.4915,42.8155],[-2.4925,42.8155],[-2.497,42.816],[-2.498,42.8155],[-2.499,42.8155],[-2.498,42.813]]],[[[-2.421,42.8285],[-2.4175,42.8295],[-2.4165,42.83],[-2.4065,42.8345],[-2.42,42.842],[-2.4225,42.8445],[-2.4265,42.843],[-2.426,42.8425],[-2.426,42.842],[-2.426,42.8425],[-2.427,42.84],[-2.422,42.836],[-2.421,42.835],[-2.422,42.836],[-2.422,42.834],[-2.4215,42.8325],[-2.4195,42.8315],[-2.419,42.8305],[-2.4195,42.83],[-2.42,42.83],[-2.42,42.8295],[-2.4205,42.8295],[-2.4215,42.8295],[-2.421,42.8285]]],[[[-2.3925,42.832],[-2.3885,42.826],[-2.391,42.831],[-2.389,42.838],[-2.391,42.841],[-2.3965,42.8405],[-2.3945,42.836],[-2.394,42.836],[-2.3915,42.833],[-2.3925,42.832]]],[[[-2.398,42.865],[-2.394,42.863],[-2.388,42.8645],[-2.384,42.871],[-2.3885,42.8785],[-2.3885,42.879],[-2.389,42.879],[-2.389,42.8795],[-2.3895,42.8795],[-2.391,42.8795],[-2.3915,42.8795],[-2.392,42.8785],[-2.393,42.876],[-2.3935,42.8735],[-2.393,42.873],[-2.394,42.8735],[-2.395,42.8735],[-2.395,42.874],[-2.395,42.8745],[-2.3955,42.8745],[-2.3965,42.87],[-2.3985,42.868],[-2.3985,42.866],[-2.398,42.865]]],[[[-2.386,42.89],[-2.385,42.886],[-2.372,42.8795],[-2.3705,42.8785],[-2.3685,42.8785],[-2.368,42.879],[-2.366,42.8785],[-2.3655,42.8785],[-2.3645,42.878],[-2.3635,42.878],[-2.3645,42.8805],[-2.3645,42.881],[-2.3655,42.881],[-2.366,42.881],[-2.366,42.8815],[-2.3665,42.8815],[-2.367,42.8815],[-2.3675,42.8815],[-2.3675,42.882],[-2.368,42.882],[-2.369,42.883],[-2.3695,42.883],[-2.3725,42.8845],[-2.373,42.8845],[-2.3735,42.8845],[-2.374,42.8845],[-2.3745,42.885],[-2.375,42.885],[-2.37,42.884],[-2.3675,42.882],[-2.36,42.8795],[-2.358,42.881],[-2.357,42.882],[-2.356,42.883],[-2.3555,42.8875],[-2.3555,42.888],[-2.355,42.8895],[-2.3555,42.89],[-2.358,42.8925],[-2.361,42.8915],[-2.361,42.891],[-2.3625,42.891],[-2.363,42.891],[-2.3635,42.891],[-2.366,42.8915],[-2.3665,42.8915],[-2.367,42.892],[-2.3685,42.893],[-2.3695,42.8935],[-2.37,42.8935],[-2.375,42.8965],[-2.375,42.897],[-2.3735,42.8975],[-2.373,42.8975],[-2.374,42.8985],[-2.3735,42.899],[-2.373,42.899],[-2.373,42.8985],[-2.3725,42.8985],[-2.372,42.8985],[-2.3715,42.898],[-2.3705,42.898],[-2.3705,42.8985],[-2.371,42.899],[-2.3715,42.899],[-2.372,42.899],[-2.372,42.8995],[-2.3725,42.8995],[-2.3715,42.9],[-2.3715,42.8995],[-2.3705,42.899],[-2.37,42.901],[-2.3695,42.9015],[-2.373,42.9005],[-2.375,42.9005],[-2.374,42.9005],[-2.375,42.9],[-2.375,42.9005],[-2.3785,42.8975],[-2.386,42.8975],[-2.3825,42.895],[-2.376,42.8945],[-2.372,42.8925],[-2.3755,42.891],[-2.376,42.8935],[-2.381,42.8925],[-2.3875,42.891],[-2.3865,42.8905],[-2.386,42.8905],[-2.385,42.8905],[-2.386,42.89]]],[[[-2.3675,42.867],[-2.3665,42.867],[-2.362,42.866],[-2.3585,42.8705],[-2.369,42.8715],[-2.371,42.87],[-2.372,42.8695],[-2.373,42.869],[-2.3695,42.867],[-2.369,42.867],[-2.3675,42.867]]],[[[-2.3625,42.855],[-2.3575,42.855],[-2.35,42.8505],[-2.348,42.8515],[-2.3475,42.854],[-2.3485,42.855],[-2.3485,42.8555],[-2.3605,42.8585],[-2.3625,42.855]]],[[[-2.3485,42.8555],[-2.3475,42.854],[-2.3475,42.8535],[-2.3475,42.853],[-2.348,42.8515],[-2.345,42.849],[-2.3435,42.8545],[-2.3485,42.8555]]],[[[-2.3345,42.8755],[-2.334,42.8755],[-2.334,42.876],[-2.3335,42.8765],[-2.3315,42.88],[-2.34,42.88],[-2.3425,42.88],[-2.346,42.8795],[-2.3435,42.8765],[-2.335,42.875],[-2.3345,42.8755]]],[[[-2.335,42.8975],[-2.335,42.893],[-2.331,42.8905],[-2.33,42.89],[-2.3295,42.89],[-2.329,42.8895],[-2.329,42.889],[-2.329,42.8895],[-2.3285,42.8895],[-2.3275,42.8895],[-2.3275,42.8905],[-2.3275,42.891],[-2.3255,42.8935],[-2.326,42.8935],[-2.3275,42.894],[-2.328,42.8945],[-2.3295,42.8945],[-2.33,42.8945],[-2.33,42.8955],[-2.331,42.8955],[-2.3315,42.8955],[-2.334,42.8965],[-2.334,42.897],[-2.334,42.8975],[-2.335,42.8975]]],[[[-2.0185,43.231],[-2.015,43.234],[-2.014,43.235],[-2.0135,43.2355],[-2.016,43.2355],[-2.0175,43.235],[-2.0195,43.235],[-2.0205,43.234],[-2.02,43.2345],[-2.0195,43.234],[-2.019,43.234],[-2.0235,43.232],[-2.0235,43.2315],[-2.023,43.231],[-2.0215,43.23],[-2.021,43.2295],[-2.02,43.23],[-2.019,43.23],[-2.0185,43.23],[-2.0185,43.2305],[-2.0185,43.231]]]]},"properties":{"APTITUD":"MEDIA"}},
{"type":"Feature","geometry":{"type":"MultiPolygon","coordinates":[[[[-3.4345,43.189],[-3.4345,43.1795],[-3.4315,43.169],[-3.4255,43.1685],[-3.422,43.172],[-3.425,43.1685],[-3.423,43.1675],[-3.4225,43.1675],[-3.419,43.167],[-3.4185,43.167],[-3.4105,43.1695],[-3.41,43.1705],[-3.4095,43.171],[-3.415,43.171],[-3.416,43.1775],[-3.426,43.1755],[-3.424,43.1815],[-3.428,43.182],[-3.429,43.182],[-3.4285,43.1835],[-3.429,43.184],[-3.4285,43.184],[-3.426,43.1885],[-3.421,43.1895],[-3.4285,43.19],[-3.429,43.19],[-3.4295,43.19],[-3.4305,43.19],[-3.434,43.189],[-3.434,43.1875],[-3.4345,43.189]]],[[[-3.4065,43.1895],[-3.399,43.1885],[-3.397,43.183],[-3.39,43.1855],[-3.384,43.185],[-3.384,43.1855],[-3.384,43.186],[-3.3905,43.1885],[-3.3915,43.191],[-3.3915,43.1915],[-3.3915,43.192],[-3.3925,43.1935],[-3.393,43.194],[-3.393,43.195],[-3.393,43.1955],[-3.393,43.196],[-3.3935,43.1965],[-3.3975,43.1955],[-3.3985,43.1955],[-3.407,43.2005],[-3.407,43.1975],[-3.4065,43.197],[-3.4055,43.196],[-3.404,43.1955],[-3.4055,43.195],[-3.4065,43.1955],[-3.407,43.189],[-3.4065,43.1895]]],[[[-3.3725,43.1945],[-3.3725,43.194],[-3.3715,43.1905],[-3.365,43.1925],[-3.3635,43.1925],[-3.363,43.193],[-3.361,43.1935],[-3.3605,43.1935],[-3.3595,43.196],[-3.36,43.1965],[-3.3605,43.1965],[-3.361,43.1965],[-3.366,43.1965],[-3.3665,43.1965],[-3.3665,43.197],[-3.3685,43.197],[-3.369,43.197],[-3.371,43.196],[-3.372,43.1945],[-3.3725,43.1945]]],[[[-3.42,43.1895],[-3.4185,43.189],[-3.415,43.186],[-3.4125,43.1935],[-3.413,43.1935],[-3.417,43.198],[-3.416,43.202],[-3.4075,43.201],[-3.4075,43.202],[-3.4075,43.203],[-3.407,43.205],[-3.406,43.2065],[-3.408,43.2085],[-3.4095,43.211],[-3.4095,43.2115],[-3.41,43.212],[-3.412,43.215],[-3.4135,43.217],[-3.417,43.217],[-3.4175,43.2175],[-3.418,43.2175],[-3.4185,43.218],[-3.419,43.218],[-3.419,43.2175],[-3.417,43.216],[-3.417,43.2155],[-3.416,43.214],[-3.414,43.209],[-3.4225,43.2045],[-3.4245,43.202],[-3.431,43.2025],[-3.431,43.203],[-3.4305,43.2035],[-3.43,43.205],[-3.431,43.204],[-3.43,43.2055],[-3.43,43.205],[-3.4265,43.2055],[-3.428,43.206],[-3.43,43.208],[-3.4305,43.208],[-3.431,43.2085],[-3.432,43.209],[-3.4325,43.2085],[-3.4325,43.209],[-3.432,43.209],[-3.431,43.209],[-3.4315,43.209],[-3.4315,43.2095],[-3.4325,43.209],[-3.4335,43.2075],[-3.4325,43.2055],[-3.4355,43.1975],[-3.4345,43.189],[-3.434,43.189],[-3.4335,43.1895],[-3.433,43.1895],[-3.4325,43.1895],[-3.432,43.19],[-3.4325,43.191],[-3.433,43.1915],[-3.4325,43.1965],[-3.4285,43.1955],[-3.424,43.1975],[-3.4235,43.192],[-3.4265,43.192],[-3.426,43.1925],[-3.4265,43.1925],[-3.4265,43.193],[-3.4265,43.1935],[-3.426,43.195],[-3.428,43.195],[-3.4275,43.195],[-3.427,43.195],[-3.4275,43.1925],[-3.427,43.1905],[-3.4285,43.1905],[-3.4295,43.19],[-3.429,43.19],[-3.4285,43.19],[-3.4235,43.1915],[-3.421,43.1895],[-3.42,43.1895]]],[[[-3.438,43.2375],[-3.4405,43.235],[-3.441,43.235],[-3.441,43.2355],[-3.4415,43.2365],[-3.4405,43.237],[-3.44,43.2375],[-3.4415,43.2375],[-3.442,43.237],[-3.446,43.237],[-3.446,43.236],[-3.4465,43.236],[-3.447,43.236],[-3.4475,43.2365],[-3.4485,43.232],[-3.4455,43.2285],[-3.446,43.2295],[-3.4475,43.2325],[-3.4465,43.235],[-3.446,43.236],[-3.4405,43.2325],[-3.443,43.2275],[-3.4365,43.2265],[-3.433,43.227],[-3.433,43.2265],[-3.4335,43.225],[-3.433,43.2245],[-3.432,43.2245],[-3.433,43.224],[-3.433,43.2235],[-3.4325,43.2235],[-3.429,43.226],[-3.431,43.223],[-3.432,43.223],[-3.432,43.2225],[-3.4315,43.222],[-3.4315,43.2215],[-3.43,43.2215],[-3.43,43.222],[-3.428,43.2225],[-3.4275,43.221],[-3.431,43.221],[-3.431,43.2215],[-3.431,43.221],[-3.4305,43.2205],[-3.4285,43.2205],[-3.4275,43.2205],[-3.427,43.221],[-3.4265,43.221],[-3.426,43.221],[-3.4255,43.221],[-3.425,43.2215],[-3.4245,43.221],[-3.425,43.221],[-3.4255,43.221],[-3.4255,43.2205],[-3.4215,43.2195],[-3.421,43.22],[-3.4205,43.2195],[-3.419,43.218],[-3.4185,43.218],[-3.418,43.2175],[-3.4175,43.2175],[-3.4155,43.2205],[-3.4145,43.2185],[-3.4145,43.222],[-3.4145,43.2225],[-3.416,43.225],[-3.4165,43.2255],[-3.4175,43.227],[-3.4175,43.2275],[-3.419,43.226],[-3.4195,43.228],[-3.4205,43.2295],[-3.4245,43.231],[-3.425,43.231],[-3.4225,43.2345],[-3.4235,43.2355],[-3.4225,43.2355],[-3.4215,43.2345],[-3.422,43.2345],[-3.421,43.232],[-3.4205,43.232],[-3.42,43.232],[-3.4175,43.232],[-3.414,43.2335],[-3.4125,43.235],[-3.4125,43.236],[-3.413,43.2365],[-3.4135,43.2375],[-3.4145,43.2375],[-3.4135,43.2375],[-3.413,43.238],[-3.4125,43.2385],[-3.4105,43.2385],[-3.408,43.2385],[-3.406,43.2385],[-3.4055,43.2395],[-3.4025,43.2395],[-3.403,43.2405],[-3.4035,43.2405],[-3.403,43.241],[-3.402,43.2395],[-3.403,43.238],[-3.403,43.2375],[-3.404,43.2375],[-3.4045,43.2375],[-3.4075,43.238],[-3.407,43.2365],[-3.4055,43.237],[-3.406,43.237],[-3.406,43.2375],[-3.4045,43.237],[-3.4065,43.235],[-3.4075,43.2355],[-3.4085,43.2335],[-3.409,43.2335],[-3.406,43.2345],[-3.4085,43.233],[-3.4095,43.2325],[-3.41,43.2325],[-3.4095,43.2335],[-3.414,43.2295],[-3.4135,43.229],[-3.413,43.228],[-3.411,43.2275],[-3.4095,43.2285],[-3.4085,43.229],[-3.4085,43.231],[-3.409,43.231],[-3.4065,43.232],[-3.4065,43.231],[-3.4075,43.23],[-3.4075,43.2295],[-3.407,43.2295],[-3.404,43.2295],[-3.39,43.23],[-3.39,43.2305],[-3.3895,43.2305],[-3.3905,43.232],[-3.392,43.2315],[-3.3925,43.2315],[-3.3935,43.232],[-3.394,43.2325],[-3.3945,43.2325],[-3.3945,43.233],[-3.395,43.233],[-3.3955,43.233],[-3.396,43.233],[-3.3955,43.233],[-3.3945,43.233],[-3.3945,43.2325],[-3.394,43.2325],[-3.3915,43.233],[-3.39,43.234],[-3.3895,43.2345],[-3.389,43.234],[-3.39,43.2335],[-3.3905,43.233],[-3.3905,43.2325],[-3.3905,43.232],[-3.386,43.2315],[-3.3855,43.232],[-3.385,43.232],[-3.389,43.236],[-3.3915,43.235],[-3.3915,43.2355],[-3.3915,43.2375],[-3.3905,43.2375],[-3.3895,43.236],[-3.3895,43.2375],[-3.3895,43.24],[-3.3885,43.241],[-3.388,43.2415],[-3.3855,43.243],[-3.3855,43.244],[-3.386,43.2435],[-3.3875,43.244],[-3.3925,43.2415],[-3.3925,43.241],[-3.3935,43.2405],[-3.3935,43.241],[-3.3935,43.2415],[-3.393,43.242],[-3.3925,43.2425],[-3.3905,43.243],[-3.3905,43.2435],[-3.391,43.2435],[-3.391,43.244],[-3.3915,43.244],[-3.3925,43.245],[-3.3955,43.245],[-3.395,43.245],[-3.399,43.246],[-3.404,43.247],[-3.405,43.2475],[-3.4105,43.247],[-3.413,43.244],[-3.4215,43.2395],[-3.431,43.24],[-3.438,43.2375]]],[[[-3.222,43.188],[-3.218,43.189],[-3.217,43.189],[-3.2165,43.189],[-3.2165,43.1895],[-3.215,43.1895],[-3.2155,43.1845],[-3.215,43.1845],[-3.2145,43.1845],[-3.214,43.185],[-3.2125,43.1845],[-3.2105,43.187],[-3.2105,43.188],[-3.21,43.188],[-3.2085,43.19],[-3.208,43.191],[-3.2085,43.1915],[-3.209,43.192],[-3.2095,43.192],[-3.212,43.195],[-3.2205,43.193],[-3.22,43.192],[-3.22,43.1915],[-3.2205,43.191],[-3.22,43.1915],[-3.2205,43.1925],[-3.2205,43.193],[-3.221,43.1935],[-3.221,43.1955],[-3.2225,43.1965],[-3.226,43.1985],[-3.227,43.1985],[-3.227,43.199],[-3.229,43.1995],[-3.2295,43.199],[-3.2295,43.1985],[-3.23,43.1985],[-3.231,43.1975],[-3.231,43.197],[-3.231,43.1975],[-3.2305,43.198],[-3.23,43.198],[-3.2305,43.1995],[-3.231,43.1995],[-3.2315,43.2],[-3.234,43.2],[-3.235,43.2],[-3.2365,43.2],[-3.2355,43.2],[-3.2365,43.2],[-3.237,43.2],[-3.2385,43.2],[-3.24,43.1995],[-3.2405,43.1995],[-3.2415,43.1995],[-3.242,43.1995],[-3.243,43.1995],[-3.2435,43.1995],[-3.243,43.1995],[-3.242,43.1995],[-3.2415,43.1995],[-3.2425,43.2],[-3.244,43.2],[-3.245,43.2015],[-3.2455,43.202],[-3.245,43.2035],[-3.2465,43.2035],[-3.247,43.2035],[-3.249,43.204],[-3.2485,43.2035],[-3.2485,43.203],[-3.249,43.2025],[-3.251,43.197],[-3.248,43.1955],[-3.2395,43.196],[-3.239,43.196],[-3.238,43.196],[-3.235,43.195],[-3.234,43.1945],[-3.2335,43.1945],[-3.2305,43.1935],[-3.2285,43.1905],[-3.2265,43.19],[-3.225,43.189],[-3.225,43.1885],[-3.2265,43.186],[-3.2245,43.1885],[-3.2225,43.188],[-3.222,43.188]]],[[[-3.251,43.2885],[-3.2495,43.291],[-3.25,43.291],[-3.2555,43.292],[-3.2575,43.2895],[-3.253,43.2865],[-3.253,43.287],[-3.2535,43.2875],[-3.253,43.287],[-3.252,43.288],[-3.251,43.2885]]],[[[-3.158,42.8615],[-3.1555,42.859],[-3.154,42.871],[-3.156,42.873],[-3.1575,42.873],[-3.1575,42.8735],[-3.156,42.8735],[-3.1535,42.88],[-3.153,42.88],[-3.153,42.8805],[-3.1525,42.881],[-3.15,42.884],[-3.1495,42.8845],[-3.1495,42.885],[-3.149,42.885],[-3.149,42.8855],[-3.149,42.886],[-3.149,42.8865],[-3.1485,42.887],[-3.148,42.889],[-3.1515,42.894],[-3.1515,42.8945],[-3.1495,42.897],[-3.15,42.899],[-3.16,42.901],[-3.1605,42.901],[-3.162,42.9045],[-3.1645,42.904],[-3.164,42.9035],[-3.1635,42.9035],[-3.1625,42.903],[-3.164,42.903],[-3.165,42.9035],[-3.1685,42.904],[-3.174,42.906],[-3.18,42.903],[-3.189,42.894],[-3.1895,42.893],[-3.19,42.8925],[-3.19,42.886],[-3.1845,42.8865],[-3.178,42.884],[-3.1715,42.886],[-3.171,42.8865],[-3.1655,42.884],[-3.1635,42.89],[-3.155,42.8935],[-3.152,42.8875],[-3.163,42.8805],[-3.1645,42.8765],[-3.164,42.8765],[-3.1635,42.8755],[-3.1635,42.875],[-3.1635,42.8715],[-3.1635,42.871],[-3.164,42.871],[-3.164,42.8705],[-3.158,42.8615]]],[[[-3.2015,42.894],[-3.1955,42.891],[-3.197,42.896],[-3.201,42.896],[-3.202,42.8955],[-3.2015,42.894]]],[[[-3.1775,43.21],[-3.1855,43.214],[-3.182,43.2165],[-3.1885,43.2185],[-3.189,43.221],[-3.188,43.222],[-3.1905,43.2205],[-3.193,43.2195],[-3.194,43.222],[-3.195,43.2225],[-3.1955,43.223],[-3.204,43.2195],[-3.203,43.2195],[-3.2015,43.219],[-3.2025,43.2185],[-3.199,43.215],[-3.1885,43.2135],[-3.184,43.21],[-3.183,43.209],[-3.1825,43.2085],[-3.1815,43.207],[-3.179,43.207],[-3.177,43.206],[-3.1765,43.206],[-3.176,43.2065],[-3.176,43.207],[-3.1765,43.2075],[-3.1765,43.208],[-3.1765,43.2085],[-3.177,43.209],[-3.177,43.21],[-3.1775,43.21]]],[[[-3.184,43.2585],[-3.176,43.259],[-3.172,43.258],[-3.1715,43.258],[-3.171,43.258],[-3.1705,43.257],[-3.168,43.2575],[-3.168,43.258],[-3.1695,43.2585],[-3.1685,43.259],[-3.168,43.259],[-3.1715,43.2625],[-3.172,43.262],[-3.174,43.263],[-3.1765,43.2625],[-3.1805,43.263],[-3.1825,43.2625],[-3.184,43.2625],[-3.185,43.2625],[-3.1855,43.262],[-3.186,43.262],[-3.1865,43.2615],[-3.186,43.2575],[-3.1895,43.2545],[-3.1855,43.254],[-3.185,43.254],[-3.1845,43.258],[-3.1845,43.2585],[-3.184,43.2585]]],[[[-3.128,42.894],[-3.1445,42.888],[-3.1455,42.888],[-3.146,42.888],[-3.146,42.8885],[-3.149,42.883],[-3.151,42.8805],[-3.145,42.88],[-3.1415,42.8765],[-3.1405,42.8765],[-3.1415,42.8765],[-3.141,42.876],[-3.138,42.8765],[-3.1385,42.876],[-3.141,42.8745],[-3.1425,42.8715],[-3.148,42.87],[-3.152,42.8645],[-3.1525,42.862],[-3.1515,42.86],[-3.151,42.86],[-3.1435,42.869],[-3.1385,42.871],[-3.138,42.876],[-3.1255,42.891],[-3.1205,42.891],[-3.1195,42.894],[-3.117,42.8955],[-3.124,42.896],[-3.128,42.894]]],[[[-3.1055,42.8785],[-3.1065,42.876],[-3.1065,42.8755],[-3.1085,42.871],[-3.114,42.864],[-3.116,42.8575],[-3.1085,42.8535],[-3.108,42.8535],[-3.105,42.8545],[-3.1065,42.858],[-3.1045,42.8675],[-3.1045,42.868],[-3.104,42.874],[-3.1035,42.871],[-3.1045,42.868],[-3.1045,42.8675],[-3.101,42.8635],[-3.1025,42.858],[-3.106,42.8565],[-3.1055,42.8565],[-3.1055,42.856],[-3.105,42.855],[-3.103,42.8555],[-3.102,42.856],[-3.102,42.8575],[-3.1015,42.8575],[-3.102,42.856],[-3.1025,42.8555],[-3.1,42.8555],[-3.0995,42.855],[-3.0905,42.8535],[-3.0875,42.8545],[-3.0855,42.8525],[-3.0855,42.8515],[-3.0855,42.851],[-3.0855,42.8505],[-3.0855,42.85],[-3.085,42.85],[-3.085,42.849],[-3.086,42.848],[-3.0865,42.8475],[-3.0865,42.847],[-3.085,42.848],[-3.084,42.8475],[-3.083,42.8475],[-3.0825,42.8475],[-3.082,42.8475],[-3.082,42.845],[-3.0815,42.845],[-3.08,42.843],[-3.0795,42.843],[-3.076,42.842],[-3.0755,42.842],[-3.0755,42.8415],[-3.0735,42.842],[-3.0735,42.8425],[-3.072,42.846],[-3.0775,42.8505],[-3.0735,42.8565],[-3.0735,42.857],[-3.0735,42.8575],[-3.073,42.858],[-3.073,42.8585],[-3.0725,42.8595],[-3.08,42.863],[-3.083,42.868],[-3.0805,42.8715],[-3.076,42.8725],[-3.0765,42.8745],[-3.0765,42.874],[-3.0765,42.875],[-3.0775,42.876],[-3.078,42.876],[-3.078,42.8765],[-3.079,42.877],[-3.0795,42.877],[-3.082,42.8785],[-3.085,42.877],[-3.085,42.8765],[-3.0855,42.877],[-3.0925,42.878],[-3.0955,42.8825],[-3.097,42.884],[-3.0895,42.887],[-3.082,42.8855],[-3.077,42.888],[-3.0765,42.889],[-3.079,42.8955],[-3.078,42.895],[-3.0755,42.8915],[-3.076,42.8915],[-3.0755,42.89],[-3.075,42.891],[-3.0745,42.8925],[-3.075,42.894],[-3.0725,42.892],[-3.072,42.893],[-3.077,42.899],[-3.0815,42.9005],[-3.0825,42.9005],[-3.083,42.9],[-3.0895,42.899],[-3.097,42.9035],[-3.1035,42.9095],[-3.1035,42.91],[-3.1065,42.908],[-3.107,42.9075],[-3.107,42.907],[-3.1075,42.907],[-3.1075,42.9065],[-3.1085,42.9065],[-3.115,42.9055],[-3.121,42.905],[-3.1235,42.9045],[-3.124,42.9045],[-3.1245,42.9045],[-3.1245,42.904],[-3.125,42.904],[-3.1315,42.911],[-3.132,42.9105],[-3.1315,42.912],[-3.1325,42.913],[-3.1405,42.913],[-3.147,42.9155],[-3.147,42.916],[-3.148,42.916],[-3.149,42.9165],[-3.1495,42.917],[-3.15,42.92],[-3.149,42.924],[-3.1495,42.9245],[-3.1495,42.924],[-3.1495,42.9235],[-3.15,42.925],[-3.149,42.928],[-3.149,42.93],[-3.153,42.9315],[-3.1525,42.932],[-3.149,42.93],[-3.147,42.9335],[-3.146,42.9335],[-3.152,42.9365],[-3.1585,42.9375],[-3.1575,42.937],[-3.1595,42.9375],[-3.1585,42.9375],[-3.162,42.9385],[-3.166,42.9345],[-3.1625,42.939],[-3.169,42.94],[-3.17,42.9405],[-3.172,42.941],[-3.175,42.9425],[-3.178,42.9395],[-3.179,42.937],[-3.1795,42.9405],[-3.186,42.942],[-3.188,42.942],[-3.1915,42.943],[-3.1915,42.9435],[-3.192,42.944],[-3.1925,42.944],[-3.1945,42.9445],[-3.194,42.9455],[-3.1925,42.9455],[-3.195,42.946],[-3.1985,42.947],[-3.202,42.945],[-3.207,42.947],[-3.21,42.9445],[-3.21,42.946],[-3.212,42.945],[-3.2135,42.946],[-3.215,42.9455],[-3.2145,42.9455],[-3.215,42.945],[-3.2155,42.9455],[-3.217,42.949],[-3.2225,42.9485],[-3.223,42.9485],[-3.223,42.949],[-3.225,42.9495],[-3.2255,42.9495],[-3.226,42.949],[-3.2265,42.949],[-3.227,42.949],[-3.2305,42.947],[-3.2255,42.947],[-3.222,42.9455],[-3.2225,42.9455],[-3.2255,42.947],[-3.2315,42.9465],[-3.2355,42.943],[-3.229,42.942],[-3.2355,42.942],[-3.2355,42.9415],[-3.2355,42.9385],[-3.235,42.938],[-3.235,42.937],[-3.235,42.9365],[-3.2355,42.933],[-3.241,42.9305],[-3.24,42.9295],[-3.2375,42.9295],[-3.237,42.9295],[-3.2315,42.9255],[-3.2265,42.917],[-3.2205,42.9155],[-3.216,42.9125],[-3.215,42.916],[-3.211,42.912],[-3.2115,42.916],[-3.215,42.918],[-3.218,42.921],[-3.22,42.924],[-3.221,42.929],[-3.22,42.9325],[-3.223,42.935],[-3.224,42.9365],[-3.224,42.9375],[-3.227,42.9385],[-3.2285,42.94],[-3.23,42.94],[-3.231,42.941],[-3.2315,42.941],[-3.2315,42.9415],[-3.232,42.9415],[-3.2315,42.9415],[-3.2315,42.941],[-3.231,42.941],[-3.23,42.94],[-3.2285,42.94],[-3.227,42.9385],[-3.2245,42.938],[-3.224,42.9375],[-3.224,42.9365],[-3.223,42.935],[-3.22,42.9325],[-3.221,42.929],[-3.2195,42.924],[-3.2175,42.921],[-3.2115,42.916],[-3.21,42.9125],[-3.208,42.913],[-3.208,42.9195],[-3.205,42.913],[-3.2035,42.9125],[-3.202,42.9155],[-3.199,42.9195],[-3.1965,42.9215],[-3.1955,42.9215],[-3.1935,42.916],[-3.194,42.916],[-3.1955,42.9155],[-3.1945,42.9115],[-3.19,42.917],[-3.183,42.917],[-3.1795,42.914],[-3.1735,42.915],[-3.174,42.9125],[-3.1665,42.9145],[-3.1645,42.914],[-3.1625,42.913],[-3.1575,42.9115],[-3.1595,42.9095],[-3.155,42.9095],[-3.154,42.9095],[-3.153,42.909],[-3.1525,42.909],[-3.1525,42.9105],[-3.15,42.9085],[-3.1485,42.9075],[-3.148,42.907],[-3.147,42.905],[-3.1445,42.899],[-3.144,42.899],[-3.142,42.8985],[-3.143,42.899],[-3.141,42.8985],[-3.1395,42.898],[-3.138,42.8975],[-3.138,42.8985],[-3.1365,42.8965],[-3.136,42.8955],[-3.1355,42.8955],[-3.135,42.8955],[-3.135,42.896],[-3.1345,42.896],[-3.135,42.8955],[-3.1355,42.8955],[-3.1335,42.8955],[-3.133,42.8955],[-3.1325,42.8955],[-3.131,42.8955],[-3.1295,42.8955],[-3.1165,42.9],[-3.1135,42.9005],[-3.1125,42.9],[-3.115,42.897],[-3.113,42.8965],[-3.1115,42.897],[-3.111,42.897],[-3.108,42.896],[-3.1065,42.895],[-3.106,42.8945],[-3.1055,42.8945],[-3.1055,42.8935],[-3.1045,42.891],[-3.1,42.8875],[-3.1055,42.8885],[-3.106,42.888],[-3.1065,42.8875],[-3.1125,42.8865],[-3.113,42.882],[-3.105,42.8795],[-3.1055,42.8785]]],[[[-3.1755,43.1265],[-3.1675,43.127],[-3.1645,43.124],[-3.155,43.1225],[-3.157,43.118],[-3.153,43.118],[-3.152,43.118],[-3.1515,43.119],[-3.1515,43.1195],[-3.151,43.1195],[-3.1515,43.12],[-3.152,43.1205],[-3.1515,43.1205],[-3.1505,43.12],[-3.1505,43.1205],[-3.151,43.121],[-3.1515,43.121],[-3.152,43.123],[-3.152,43.1235],[-3.1515,43.123],[-3.151,43.1235],[-3.1505,43.1235],[-3.15,43.126],[-3.1495,43.128],[-3.1475,43.129],[-3.148,43.1295],[-3.1485,43.1295],[-3.1515,43.1315],[-3.147,43.1325],[-3.1455,43.1325],[-3.1455,43.132],[-3.145,43.1315],[-3.1445,43.131],[-3.144,43.1305],[-3.1435,43.13],[-3.143,43.1295],[-3.143,43.129],[-3.1425,43.128],[-3.142,43.128],[-3.142,43.129],[-3.144,43.133],[-3.1445,43.1335],[-3.145,43.134],[-3.145,43.135],[-3.1455,43.1345],[-3.146,43.1345],[-3.15,43.1335],[-3.15,43.1345],[-3.1505,43.1355],[-3.151,43.1355],[-3.1505,43.1325],[-3.1515,43.136],[-3.1525,43.136],[-3.153,43.1365],[-3.153,43.137],[-3.1535,43.137],[-3.154,43.1375],[-3.1545,43.1375],[-3.1555,43.138],[-3.1565,43.1385],[-3.157,43.137],[-3.1575,43.1365],[-3.158,43.1365],[-3.1585,43.137],[-3.16,43.139],[-3.1605,43.138],[-3.1675,43.1335],[-3.1615,43.1315],[-3.166,43.1305],[-3.1715,43.131],[-3.176,43.127],[-3.1755,43.1265]]],[[[-3.148,43.0685],[-3.147,43.0685],[-3.1405,43.0675],[-3.1375,43.068],[-3.138,43.0665],[-3.14,43.0665],[-3.1375,43.065],[-3.135,43.066],[-3.133,43.066],[-3.1335,43.0675],[-3.131,43.0675],[-3.129,43.0665],[-3.127,43.067],[-3.1265,43.067],[-3.1235,43.0675],[-3.123,43.0685],[-3.1215,43.068],[-3.1205,43.0685],[-3.12,43.0685],[-3.1205,43.069],[-3.1205,43.0695],[-3.1205,43.071],[-3.1185,43.0725],[-3.1165,43.0765],[-3.1135,43.078],[-3.113,43.081],[-3.1115,43.0825],[-3.112,43.0845],[-3.1105,43.0855],[-3.11,43.086],[-3.1095,43.086],[-3.109,43.086],[-3.11,43.0855],[-3.1075,43.0865],[-3.107,43.0885],[-3.107,43.089],[-3.107,43.094],[-3.106,43.095],[-3.1065,43.0955],[-3.1065,43.096],[-3.106,43.096],[-3.1055,43.096],[-3.105,43.096],[-3.11,43.0985],[-3.11,43.099],[-3.1105,43.1],[-3.1115,43.101],[-3.1115,43.1015],[-3.111,43.105],[-3.107,43.1075],[-3.1065,43.108],[-3.106,43.108],[-3.1035,43.111],[-3.1035,43.1115],[-3.104,43.1115],[-3.1055,43.113],[-3.1075,43.113],[-3.1085,43.1115],[-3.109,43.112],[-3.1095,43.112],[-3.11,43.1125],[-3.1105,43.1125],[-3.1115,43.1125],[-3.112,43.113],[-3.112,43.1135],[-3.112,43.113],[-3.1115,43.113],[-3.1115,43.1125],[-3.111,43.1125],[-3.108,43.114],[-3.106,43.1145],[-3.104,43.1145],[-3.1035,43.114],[-3.103,43.113],[-3.104,43.113],[-3.1015,43.113],[-3.1005,43.1135],[-3.1025,43.116],[-3.105,43.1175],[-3.1065,43.1175],[-3.1085,43.1165],[-3.11,43.1155],[-3.11,43.116],[-3.111,43.1165],[-3.1105,43.117],[-3.11,43.117],[-3.1095,43.1175],[-3.11,43.12],[-3.1105,43.1195],[-3.1165,43.1175],[-3.118,43.1185],[-3.1175,43.1195],[-3.1195,43.118],[-3.12,43.1175],[-3.1255,43.1155],[-3.124,43.114],[-3.123,43.1135],[-3.124,43.113],[-3.123,43.112],[-3.117,43.111],[-3.117,43.1105],[-3.1185,43.11],[-3.119,43.1105],[-3.1195,43.111],[-3.12,43.111],[-3.1215,43.111],[-3.122,43.1105],[-3.125,43.108],[-3.1255,43.108],[-3.126,43.1085],[-3.1275,43.108],[-3.127,43.108],[-3.129,43.1055],[-3.1295,43.1045],[-3.1295,43.104],[-3.1295,43.1035],[-3.129,43.103],[-3.1245,43.103],[-3.1295,43.101],[-3.1295,43.1005],[-3.13,43.1],[-3.127,43.095],[-3.1245,43.096],[-3.122,43.097],[-3.121,43.0965],[-3.1195,43.096],[-3.1195,43.097],[-3.119,43.0975],[-3.1175,43.098],[-3.117,43.098],[-3.1155,43.0965],[-3.115,43.096],[-3.113,43.092],[-3.1125,43.092],[-3.1125,43.0925],[-3.112,43.087],[-3.1185,43.086],[-3.119,43.0855],[-3.1195,43.085],[-3.121,43.082],[-3.1215,43.081],[-3.122,43.081],[-3.1225,43.0805],[-3.1225,43.08],[-3.125,43.0745],[-3.131,43.073],[-3.1275,43.0765],[-3.1275,43.077],[-3.127,43.077],[-3.127,43.0775],[-3.1275,43.0805],[-3.127,43.083],[-3.128,43.0825],[-3.128,43.083],[-3.128,43.0835],[-3.1285,43.0835],[-3.1305,43.0835],[-3.132,43.084],[-3.1325,43.0835],[-3.133,43.0835],[-3.1335,43.0835],[-3.134,43.083],[-3.1345,43.083],[-3.1345,43.0825],[-3.135,43.0825],[-3.136,43.0815],[-3.1355,43.0815],[-3.1355,43.082],[-3.135,43.0815],[-3.132,43.083],[-3.1305,43.0835],[-3.1295,43.0825],[-3.1355,43.0725],[-3.1385,43.072],[-3.139,43.0725],[-3.1385,43.0725],[-3.138,43.0725],[-3.1375,43.0725],[-3.1355,43.0735],[-3.1355,43.074],[-3.135,43.076],[-3.136,43.076],[-3.135,43.077],[-3.134,43.077],[-3.134,43.0775],[-3.1335,43.0775],[-3.1325,43.0785],[-3.133,43.079],[-3.1335,43.0805],[-3.1365,43.0795],[-3.1375,43.0785],[-3.1385,43.0785],[-3.136,43.0815],[-3.1365,43.081],[-3.1365,43.0815],[-3.136,43.0815],[-3.136,43.082],[-3.1355,43.082],[-3.135,43.0825],[-3.1345,43.0825],[-3.1345,43.083],[-3.134,43.083],[-3.1335,43.0835],[-3.133,43.0835],[-3.134,43.0835],[-3.136,43.0825],[-3.136,43.082],[-3.1395,43.0815],[-3.14,43.081],[-3.144,43.081],[-3.144,43.0815],[-3.1425,43.0825],[-3.1415,43.083],[-3.1415,43.0825],[-3.1405,43.0825],[-3.141,43.0825],[-3.1405,43.083],[-3.1375,43.084],[-3.1375,43.085],[-3.1375,43.0855],[-3.1365,43.088],[-3.136,43.088],[-3.1355,43.089],[-3.1365,43.0865],[-3.135,43.086],[-3.132,43.0865],[-3.1305,43.0865],[-3.1305,43.087],[-3.131,43.087],[-3.131,43.0875],[-3.132,43.0875],[-3.134,43.087],[-3.135,43.0875],[-3.1335,43.089],[-3.133,43.0895],[-3.1335,43.0895],[-3.135,43.0895],[-3.135,43.09],[-3.1335,43.091],[-3.1335,43.0915],[-3.134,43.0915],[-3.133,43.092],[-3.132,43.093],[-3.1315,43.093],[-3.131,43.0945],[-3.1295,43.0935],[-3.1275,43.095],[-3.1305,43.0985],[-3.1295,43.1005],[-3.1295,43.101],[-3.1295,43.1035],[-3.13,43.104],[-3.1295,43.1045],[-3.1295,43.1055],[-3.13,43.107],[-3.1315,43.104],[-3.1325,43.1045],[-3.132,43.1045],[-3.1305,43.1055],[-3.132,43.107],[-3.133,43.107],[-3.1335,43.107],[-3.1375,43.11],[-3.138,43.1115],[-3.138,43.1125],[-3.1385,43.113],[-3.1415,43.1105],[-3.137,43.104],[-3.1355,43.099],[-3.1355,43.0955],[-3.1345,43.0935],[-3.139,43.0915],[-3.139,43.092],[-3.139,43.0915],[-3.14,43.091],[-3.1415,43.0895],[-3.1475,43.085],[-3.1505,43.08],[-3.151,43.08],[-3.152,43.0785],[-3.158,43.0735],[-3.1575,43.073],[-3.1555,43.0715],[-3.153,43.0705],[-3.148,43.0685]]],[[[-3.131,43.1445],[-3.1305,43.144],[-3.13,43.143],[-3.127,43.142],[-3.1225,43.1405],[-3.1225,43.1395],[-3.122,43.1395],[-3.1215,43.1395],[-3.121,43.14],[-3.1145,43.1395],[-3.1145,43.136],[-3.113,43.1355],[-3.113,43.136],[-3.1125,43.1365],[-3.111,43.139],[-3.1135,43.1425],[-3.1085,43.142],[-3.109,43.1425],[-3.1095,43.143],[-3.1115,43.143],[-3.1115,43.1435],[-3.112,43.1435],[-3.1125,43.1435],[-3.113,43.1435],[-3.113,43.144],[-3.114,43.1445],[-3.1155,43.145],[-3.1205,43.1455],[-3.1205,43.145],[-3.121,43.145],[-3.129,43.143],[-3.129,43.1435],[-3.1295,43.1435],[-3.13,43.1435],[-3.1305,43.1445],[-3.131,43.1445]]],[[[-3.1025,43.218],[-3.102,43.218],[-3.1015,43.218],[-3.101,43.218],[-3.101,43.2185],[-3.1005,43.2185],[-3.1,43.218],[-3.099,43.218],[-3.0985,43.2185],[-3.098,43.2185],[-3.098,43.218],[-3.0975,43.218],[-3.0955,43.218],[-3.095,43.218],[-3.093,43.218],[-3.0925,43.218],[-3.092,43.218],[-3.092,43.2185],[-3.092,43.219],[-3.0915,43.219],[-3.0915,43.2195],[-3.091,43.22],[-3.0905,43.22],[-3.0905,43.2205],[-3.09,43.221],[-3.09,43.222],[-3.0895,43.2225],[-3.0895,43.223],[-3.0895,43.2235],[-3.0895,43.224],[-3.0895,43.2245],[-3.0895,43.223],[-3.09,43.2225],[-3.09,43.223],[-3.09,43.2265],[-3.0905,43.2275],[-3.0905,43.228],[-3.0905,43.2285],[-3.0905,43.229],[-3.091,43.229],[-3.092,43.23],[-3.0925,43.23],[-3.0935,43.229],[-3.0945,43.2295],[-3.094,43.2305],[-3.0925,43.23],[-3.0925,43.2305],[-3.093,43.2305],[-3.094,43.2315],[-3.0945,43.2315],[-3.0945,43.232],[-3.094,43.2325],[-3.0945,43.233],[-3.095,43.2325],[-3.095,43.232],[-3.0975,43.2325],[-3.0965,43.234],[-3.097,43.2345],[-3.0975,43.2355],[-3.0975,43.236],[-3.099,43.237],[-3.0995,43.2375],[-3.1,43.2365],[-3.1,43.238],[-3.1,43.2385],[-3.1,43.239],[-3.1005,43.239],[-3.1005,43.2395],[-3.101,43.2395],[-3.101,43.24],[-3.1015,43.24],[-3.102,43.2405],[-3.1025,43.24],[-3.103,43.24],[-3.1045,43.2395],[-3.109,43.239],[-3.1095,43.2375],[-3.11,43.237],[-3.1135,43.242],[-3.118,43.244],[-3.1185,43.244],[-3.119,43.244],[-3.119,43.245],[-3.119,43.2455],[-3.119,43.246],[-3.1195,43.2465],[-3.12,43.246],[-3.125,43.245],[-3.1255,43.245],[-3.1245,43.2465],[-3.1245,43.2475],[-3.125,43.2475],[-3.125,43.248],[-3.124,43.2475],[-3.124,43.247],[-3.12,43.2475],[-3.1195,43.2475],[-3.1195,43.247],[-3.1185,43.2465],[-3.1175,43.246],[-3.1145,43.245],[-3.1145,43.246],[-3.114,43.246],[-3.114,43.2465],[-3.1145,43.247],[-3.114,43.2465],[-3.1135,43.247],[-3.114,43.2475],[-3.1165,43.249],[-3.1165,43.248],[-3.116,43.2465],[-3.1165,43.2465],[-3.117,43.2465],[-3.117,43.247],[-3.118,43.247],[-3.1185,43.2475],[-3.119,43.2475],[-3.12,43.248],[-3.1195,43.2485],[-3.12,43.2485],[-3.119,43.249],[-3.1175,43.2495],[-3.117,43.2505],[-3.117,43.251],[-3.1175,43.251],[-3.118,43.251],[-3.118,43.2515],[-3.1185,43.2515],[-3.1195,43.2525],[-3.12,43.2525],[-3.1195,43.2525],[-3.1205,43.254],[-3.121,43.254],[-3.1215,43.2545],[-3.122,43.255],[-3.1225,43.255],[-3.123,43.255],[-3.1225,43.2545],[-3.1235,43.254],[-3.1235,43.2545],[-3.123,43.2545],[-3.123,43.255],[-3.1235,43.255],[-3.124,43.255],[-3.1245,43.255],[-3.125,43.2555],[-3.1265,43.2565],[-3.1265,43.257],[-3.1275,43.258],[-3.128,43.2585],[-3.1285,43.2585],[-3.129,43.259],[-3.1325,43.26],[-3.133,43.26],[-3.1355,43.2615],[-3.136,43.2615],[-3.136,43.261],[-3.1355,43.2605],[-3.1365,43.261],[-3.137,43.261],[-3.1375,43.261],[-3.138,43.261],[-3.1385,43.261],[-3.139,43.2605],[-3.1385,43.26],[-3.1385,43.2595],[-3.1375,43.259],[-3.1355,43.259],[-3.1345,43.259],[-3.132,43.2585],[-3.1315,43.2585],[-3.131,43.2585],[-3.131,43.258],[-3.1295,43.255],[-3.1285,43.2545],[-3.124,43.254],[-3.1235,43.2535],[-3.123,43.253],[-3.123,43.252],[-3.1235,43.252],[-3.125,43.2525],[-3.1265,43.2525],[-3.127,43.253],[-3.1285,43.2535],[-3.1285,43.253],[-3.1285,43.2525],[-3.1285,43.252],[-3.128,43.2515],[-3.128,43.251],[-3.128,43.2505],[-3.1275,43.251],[-3.1265,43.251],[-3.1275,43.2505],[-3.127,43.25],[-3.1265,43.25],[-3.126,43.2495],[-3.1265,43.25],[-3.1275,43.2505],[-3.128,43.2505],[-3.1285,43.2505],[-3.1295,43.25],[-3.13,43.25],[-3.131,43.2505],[-3.1315,43.251],[-3.1315,43.2515],[-3.133,43.2515],[-3.1335,43.251],[-3.136,43.2495],[-3.1375,43.251],[-3.14,43.2515],[-3.1405,43.2515],[-3.141,43.2515],[-3.1415,43.2515],[-3.1435,43.252],[-3.144,43.2525],[-3.145,43.2525],[-3.1455,43.2525],[-3.1455,43.252],[-3.1465,43.251],[-3.1455,43.251],[-3.146,43.2495],[-3.1465,43.2495],[-3.1465,43.2485],[-3.1475,43.248],[-3.148,43.247],[-3.148,43.2465],[-3.1485,43.2455],[-3.1485,43.245],[-3.149,43.245],[-3.149,43.2445],[-3.1485,43.2445],[-3.148,43.2445],[-3.1475,43.2445],[-3.1475,43.244],[-3.147,43.244],[-3.147,43.2435],[-3.1465,43.2435],[-3.146,43.2435],[-3.1455,43.2435],[-3.1455,43.243],[-3.145,43.243],[-3.145,43.2425],[-3.145,43.243],[-3.143,43.241],[-3.1425,43.241],[-3.142,43.2405],[-3.139,43.243],[-3.1395,43.2445],[-3.139,43.2445],[-3.1365,43.244],[-3.1365,43.2445],[-3.1365,43.244],[-3.135,43.242],[-3.1345,43.242],[-3.134,43.2415],[-3.133,43.2405],[-3.1325,43.2395],[-3.1305,43.239],[-3.1295,43.239],[-3.1285,43.2385],[-3.128,43.2385],[-3.126,43.2385],[-3.1255,43.2385],[-3.1225,43.239],[-3.121,43.238],[-3.1205,43.2385],[-3.12,43.2395],[-3.12,43.24],[-3.1195,43.24],[-3.115,43.238],[-3.1145,43.238],[-3.114,43.2375],[-3.113,43.236],[-3.112,43.236],[-3.1115,43.2355],[-3.11,43.235],[-3.1095,43.235],[-3.1085,43.235],[-3.108,43.2345],[-3.107,43.2335],[-3.106,43.2325],[-3.1055,43.2325],[-3.104,43.231],[-3.1035,43.231],[-3.1035,43.2305],[-3.103,43.2305],[-3.1025,43.2305],[-3.102,43.23],[-3.1015,43.2295],[-3.101,43.229],[-3.1005,43.229],[-3.1,43.2285],[-3.1,43.228],[-3.099,43.228],[-3.0985,43.227],[-3.098,43.227],[-3.098,43.2265],[-3.0975,43.2265],[-3.1025,43.218]]],[[[-3.1485,42.8125],[-3.1485,42.813],[-3.1555,42.807],[-3.147,42.8045],[-3.1325,42.793],[-3.116,42.7915],[-3.108,42.794],[-3.108,42.795],[-3.1075,42.795],[-3.107,42.795],[-3.1065,42.795],[-3.107,42.794],[-3.098,42.7955],[-3.097,42.7985],[-3.085,42.8],[-3.0855,42.8035],[-3.0855,42.8015],[-3.0865,42.803],[-3.097,42.802],[-3.099,42.8],[-3.0995,42.7995],[-3.099,42.8],[-3.097,42.802],[-3.093,42.8035],[-3.097,42.8095],[-3.095,42.814],[-3.091,42.815],[-3.09,42.8155],[-3.0905,42.815],[-3.084,42.8155],[-3.0805,42.8175],[-3.0735,42.818],[-3.0725,42.817],[-3.072,42.817],[-3.0715,42.817],[-3.071,42.817],[-3.0705,42.817],[-3.07,42.817],[-3.0695,42.817],[-3.069,42.8165],[-3.0685,42.8165],[-3.0665,42.8175],[-3.065,42.818],[-3.0645,42.818],[-3.062,42.8195],[-3.055,42.8265],[-3.059,42.829],[-3.0695,42.825],[-3.074,42.825],[-3.0805,42.8295],[-3.079,42.8375],[-3.0875,42.8395],[-3.089,42.843],[-3.0955,42.841],[-3.1005,42.841],[-3.103,42.836],[-3.102,42.83],[-3.094,42.823],[-3.0935,42.823],[-3.094,42.823],[-3.102,42.83],[-3.1055,42.828],[-3.1045,42.8215],[-3.1095,42.8185],[-3.1175,42.82],[-3.1215,42.813],[-3.1215,42.8055],[-3.1185,42.802],[-3.118,42.8015],[-3.1175,42.8015],[-3.1165,42.8015],[-3.1165,42.802],[-3.116,42.802],[-3.1135,42.801],[-3.113,42.801],[-3.113,42.8005],[-3.112,42.8005],[-3.1115,42.8],[-3.112,42.8005],[-3.113,42.8005],[-3.1135,42.8005],[-3.1135,42.801],[-3.116,42.802],[-3.1165,42.8015],[-3.118,42.8015],[-3.1185,42.802],[-3.1215,42.8055],[-3.122,42.813],[-3.1285,42.8125],[-3.1315,42.8095],[-3.1295,42.8065],[-3.129,42.8055],[-3.1295,42.8065],[-3.1315,42.8095],[-3.1285,42.8125],[-3.1215,42.813],[-3.1175,42.82],[-3.119,42.824],[-3.1195,42.824],[-3.119,42.825],[-3.1125,42.83],[-3.1055,42.828],[-3.1025,42.831],[-3.104,42.836],[-3.1035,42.842],[-3.114,42.8435],[-3.118,42.841],[-3.127,42.841],[-3.1305,42.8375],[-3.13,42.8375],[-3.1305,42.8365],[-3.131,42.8365],[-3.131,42.836],[-3.131,42.8355],[-3.1315,42.8355],[-3.132,42.8355],[-3.132,42.835],[-3.1315,42.833],[-3.13,42.832],[-3.1295,42.832],[-3.1295,42.8315],[-3.1285,42.831],[-3.128,42.831],[-3.128,42.8305],[-3.1275,42.8305],[-3.128,42.8305],[-3.1285,42.831],[-3.129,42.831],[-3.1295,42.8305],[-3.139,42.8275],[-3.1445,42.8295],[-3.1495,42.8195],[-3.148,42.814],[-3.1475,42.8135],[-3.148,42.813],[-3.1485,42.8125]]],[[[-3.117,43.0635],[-3.1155,43.0585],[-3.119,43.0555],[-3.1255,43.0545],[-3.1255,43.053],[-3.1265,43.055],[-3.1255,43.051],[-3.1195,43.0545],[-3.117,43.0505],[-3.112,43.0505],[-3.11,43.0505],[-3.105,43.054],[-3.096,43.0565],[-3.0885,43.0605],[-3.086,43.062],[-3.084,43.064],[-3.0825,43.065],[-3.083,43.065],[-3.0825,43.0655],[-3.0825,43.065],[-3.08,43.067],[-3.0825,43.0675],[-3.083,43.067],[-3.0835,43.066],[-3.084,43.0655],[-3.0845,43.065],[-3.088,43.064],[-3.088,43.0635],[-3.0885,43.0635],[-3.089,43.062],[-3.0905,43.063],[-3.0925,43.064],[-3.092,43.066],[-3.094,43.064],[-3.094,43.0635],[-3.095,43.0625],[-3.095,43.062],[-3.0945,43.062],[-3.097,43.059],[-3.0985,43.059],[-3.096,43.0615],[-3.096,43.062],[-3.096,43.0625],[-3.096,43.063],[-3.0985,43.062],[-3.0985,43.063],[-3.098,43.063],[-3.0975,43.063],[-3.097,43.063],[-3.097,43.0635],[-3.0965,43.0635],[-3.096,43.064],[-3.0955,43.0645],[-3.0955,43.0655],[-3.0955,43.066],[-3.096,43.066],[-3.0965,43.0655],[-3.098,43.066],[-3.0975,43.0695],[-3.0975,43.07],[-3.0975,43.0705],[-3.098,43.073],[-3.1025,43.076],[-3.105,43.075],[-3.1035,43.07],[-3.1095,43.07],[-3.1085,43.072],[-3.1065,43.074],[-3.11,43.0735],[-3.1105,43.0735],[-3.111,43.074],[-3.112,43.074],[-3.113,43.075],[-3.1145,43.0705],[-3.1145,43.07],[-3.114,43.0695],[-3.1145,43.071],[-3.114,43.0705],[-3.1135,43.07],[-3.113,43.0695],[-3.1135,43.069],[-3.1135,43.0685],[-3.1125,43.065],[-3.112,43.065],[-3.112,43.063],[-3.1125,43.0625],[-3.1125,43.0645],[-3.1125,43.065],[-3.1125,43.0655],[-3.113,43.0655],[-3.113,43.066],[-3.1135,43.0685],[-3.1135,43.069],[-3.114,43.069],[-3.1145,43.07],[-3.1145,43.0705],[-3.1155,43.0725],[-3.1185,43.0715],[-3.118,43.0715],[-3.1195,43.0705],[-3.12,43.0685],[-3.121,43.0675],[-3.1215,43.0675],[-3.1235,43.066],[-3.122,43.065],[-3.119,43.0645],[-3.118,43.064],[-3.1175,43.064],[-3.117,43.0635]]],[[[-3.066,42.806],[-3.067,42.813],[-3.0675,42.813],[-3.0675,42.8135],[-3.068,42.8135],[-3.0685,42.8135],[-3.0685,42.814],[-3.069,42.815],[-3.069,42.816],[-3.0715,42.816],[-3.0725,42.8155],[-3.072,42.816],[-3.073,42.8165],[-3.074,42.817],[-3.0745,42.817],[-3.075,42.817],[-3.0765,42.817],[-3.077,42.817],[-3.078,42.817],[-3.0785,42.817],[-3.079,42.8165],[-3.0795,42.8165],[-3.08,42.8165],[-3.0805,42.816],[-3.082,42.815],[-3.0815,42.816],[-3.0835,42.815],[-3.0875,42.8145],[-3.082,42.812],[-3.0815,42.81],[-3.0745,42.8065],[-3.072,42.807],[-3.0715,42.8075],[-3.073,42.809],[-3.073,42.8095],[-3.0705,42.807],[-3.0695,42.806],[-3.069,42.806],[-3.068,42.8035],[-3.0675,42.804],[-3.067,42.805],[-3.0665,42.8055],[-3.066,42.806]]],[[[-3.0785,43.035],[-3.077,43.038],[-3.078,43.0395],[-3.0795,43.0405],[-3.087,43.039],[-3.085,43.033],[-3.079,43.034],[-3.0815,43.0355],[-3.0785,43.035]]],[[[-3.085,43.0975],[-3.0895,43.1005],[-3.09,43.1005],[-3.0905,43.101],[-3.091,43.101],[-3.0915,43.101],[-3.0925,43.102],[-3.093,43.103],[-3.0935,43.101],[-3.095,43.1005],[-3.095,43.0985],[-3.0965,43.0975],[-3.0945,43.098],[-3.0955,43.097],[-3.093,43.0955],[-3.0925,43.0955],[-3.092,43.0955],[-3.092,43.095],[-3.0905,43.095],[-3.092,43.0945],[-3.092,43.094],[-3.0905,43.094],[-3.089,43.0945],[-3.0885,43.0945],[-3.088,43.0945],[-3.0865,43.094],[-3.085,43.0945],[-3.0845,43.093],[-3.087,43.0935],[-3.088,43.093],[-3.089,43.093],[-3.0895,43.093],[-3.09,43.093],[-3.09,43.0925],[-3.0905,43.0925],[-3.09,43.0925],[-3.0915,43.092],[-3.092,43.091],[-3.092,43.0905],[-3.093,43.089],[-3.0935,43.088],[-3.097,43.085],[-3.0975,43.0835],[-3.091,43.0815],[-3.0895,43.0845],[-3.089,43.0845],[-3.083,43.084],[-3.083,43.0835],[-3.086,43.0825],[-3.0865,43.081],[-3.086,43.081],[-3.0845,43.0805],[-3.086,43.081],[-3.085,43.077],[-3.085,43.075],[-3.085,43.0745],[-3.0855,43.074],[-3.0865,43.0715],[-3.0865,43.071],[-3.0875,43.07],[-3.0805,43.075],[-3.082,43.076],[-3.0805,43.0755],[-3.0735,43.0785],[-3.073,43.0785],[-3.073,43.079],[-3.072,43.081],[-3.0735,43.0815],[-3.077,43.0815],[-3.0775,43.0835],[-3.083,43.085],[-3.084,43.0905],[-3.0815,43.0935],[-3.083,43.0975],[-3.084,43.0975],[-3.0845,43.0975],[-3.085,43.0975]]],[[[-3.0695,42.8575],[-3.0745,42.8515],[-3.0725,42.85],[-3.069,42.8535],[-3.064,42.852],[-3.065,42.8495],[-3.0725,42.85],[-3.0685,42.847],[-3.068,42.8425],[-3.065,42.841],[-3.064,42.841],[-3.0625,42.84],[-3.0615,42.8395],[-3.06,42.836],[-3.0585,42.8355],[-3.0565,42.8385],[-3.056,42.849],[-3.0565,42.849],[-3.057,42.849],[-3.0575,42.849],[-3.0595,42.852],[-3.06,42.8525],[-3.0585,42.853],[-3.0575,42.8525],[-3.055,42.8525],[-3.055,42.853],[-3.05,42.8605],[-3.0525,42.8655],[-3.053,42.8655],[-3.053,42.866],[-3.0535,42.866],[-3.0525,42.8645],[-3.054,42.8655],[-3.054,42.8665],[-3.0565,42.8695],[-3.057,42.8695],[-3.0585,42.87],[-3.0575,42.869],[-3.058,42.8685],[-3.0595,42.8695],[-3.059,42.8695],[-3.0605,42.871],[-3.0625,42.874],[-3.0635,42.8755],[-3.065,42.875],[-3.0655,42.875],[-3.067,42.875],[-3.0665,42.874],[-3.0665,42.8735],[-3.0675,42.8725],[-3.0625,42.868],[-3.068,42.8685],[-3.068,42.865],[-3.0705,42.862],[-3.069,42.8575],[-3.0695,42.8575]]],[[[-3.0625,43.033],[-3.0705,43.0295],[-3.075,43.0275],[-3.0645,43.0235],[-3.0635,43.021],[-3.0615,43.021],[-3.0605,43.022],[-3.06,43.0225],[-3.059,43.0225],[-3.0575,43.0225],[-3.055,43.0255],[-3.0555,43.025],[-3.056,43.025],[-3.056,43.0285],[-3.0585,43.0295],[-3.061,43.0325],[-3.059,43.0345],[-3.0585,43.035],[-3.0625,43.033]]],[[[-3.052,43.0635],[-3.054,43.0605],[-3.051,43.0565],[-3.053,43.0535],[-3.0525,43.053],[-3.0525,43.0525],[-3.0525,43.052],[-3.0525,43.0495],[-3.049,43.051],[-3.048,43.051],[-3.0475,43.051],[-3.0495,43.0525],[-3.0485,43.055],[-3.0485,43.0555],[-3.0485,43.057],[-3.0465,43.057],[-3.047,43.0575],[-3.048,43.0585],[-3.048,43.059],[-3.048,43.0595],[-3.0475,43.063],[-3.042,43.0665],[-3.05,43.0685],[-3.051,43.068],[-3.051,43.069],[-3.051,43.0695],[-3.051,43.0705],[-3.0525,43.0735],[-3.052,43.077],[-3.052,43.0775],[-3.0535,43.0795],[-3.0535,43.08],[-3.0535,43.0815],[-3.055,43.082],[-3.055,43.0805],[-3.055,43.0795],[-3.0555,43.079],[-3.0545,43.0785],[-3.0555,43.078],[-3.059,43.0755],[-3.0645,43.075],[-3.065,43.075],[-3.0675,43.0745],[-3.068,43.0755],[-3.068,43.076],[-3.068,43.074],[-3.0675,43.0735],[-3.067,43.0735],[-3.0665,43.0735],[-3.0665,43.073],[-3.0655,43.068],[-3.068,43.0655],[-3.0675,43.0655],[-3.065,43.0665],[-3.063,43.0665],[-3.062,43.0665],[-3.0615,43.0675],[-3.061,43.0685],[-3.0605,43.0685],[-3.0585,43.0655],[-3.058,43.065],[-3.0575,43.065],[-3.057,43.065],[-3.056,43.065],[-3.056,43.0645],[-3.0535,43.064],[-3.0545,43.065],[-3.052,43.064],[-3.052,43.0635]]],[[[-3.0685,43.215],[-3.069,43.2155],[-3.0695,43.2155],[-3.072,43.214],[-3.0745,43.209],[-3.0745,43.2085],[-3.074,43.2085],[-3.0735,43.2075],[-3.0735,43.207],[-3.0735,43.206],[-3.0725,43.205],[-3.071,43.205],[-3.072,43.204],[-3.0725,43.204],[-3.073,43.204],[-3.073,43.2035],[-3.0725,43.2035],[-3.072,43.2035],[-3.0715,43.2035],[-3.071,43.2045],[-3.069,43.204],[-3.069,43.2035],[-3.069,43.203],[-3.0685,43.203],[-3.067,43.2025],[-3.0645,43.2025],[-3.0605,43.2025],[-3.0615,43.2085],[-3.0615,43.209],[-3.062,43.2095],[-3.0625,43.21],[-3.063,43.2105],[-3.0635,43.211],[-3.064,43.2115],[-3.0645,43.212],[-3.065,43.2125],[-3.065,43.213],[-3.0655,43.213],[-3.066,43.2135],[-3.0665,43.214],[-3.067,43.214],[-3.0675,43.2145],[-3.068,43.215],[-3.0685,43.215]]],[[[-3.074,43.337],[-3.073,43.334],[-3.0585,43.332],[-3.055,43.3285],[-3.0545,43.3285],[-3.054,43.3285],[-3.053,43.328],[-3.0525,43.328],[-3.0515,43.328],[-3.051,43.3285],[-3.0515,43.329],[-3.0505,43.3285],[-3.0505,43.329],[-3.0495,43.329],[-3.0495,43.3295],[-3.0505,43.33],[-3.0515,43.3305],[-3.0545,43.3325],[-3.055,43.333],[-3.0575,43.3375],[-3.057,43.338],[-3.056,43.341],[-3.059,43.3415],[-3.062,43.342],[-3.0625,43.342],[-3.0635,43.3415],[-3.0675,43.3445],[-3.0765,43.3445],[-3.076,43.344],[-3.075,43.343],[-3.0685,43.3405],[-3.0645,43.3355],[-3.0655,43.336],[-3.071,43.34],[-3.071,43.3395],[-3.074,43.338],[-3.0745,43.3375],[-3.0735,43.337],[-3.074,43.337]]],[[[-3.0475,43.026],[-3.05,43.0265],[-3.0505,43.0265],[-3.05,43.0225],[-3.0495,43.0225],[-3.0485,43.0225],[-3.048,43.0225],[-3.047,43.0225],[-3.046,43.022],[-3.0455,43.0215],[-3.044,43.022],[-3.0435,43.0235],[-3.044,43.0255],[-3.045,43.026],[-3.047,43.026],[-3.0475,43.026]]],[[[-3.043,43.1495],[-3.048,43.1505],[-3.0485,43.1505],[-3.049,43.1505],[-3.0495,43.1505],[-3.0505,43.1505],[-3.0515,43.1485],[-3.052,43.1485],[-3.0555,43.148],[-3.0555,43.1475],[-3.0535,43.1455],[-3.044,43.1465],[-3.043,43.1495]]],[[[-3.049,43.2155],[-3.0475,43.2135],[-3.047,43.2145],[-3.0465,43.215],[-3.0465,43.2155],[-3.046,43.2155],[-3.046,43.2165],[-3.046,43.2205],[-3.0455,43.2205],[-3.0455,43.22],[-3.045,43.22],[-3.0445,43.22],[-3.0445,43.2195],[-3.044,43.2195],[-3.042,43.2185],[-3.0425,43.2185],[-3.044,43.219],[-3.0455,43.2185],[-3.0455,43.217],[-3.0455,43.2165],[-3.0415,43.213],[-3.0385,43.2125],[-3.033,43.2175],[-3.035,43.2185],[-3.0355,43.2185],[-3.037,43.219],[-3.037,43.2185],[-3.0375,43.219],[-3.038,43.219],[-3.0385,43.2195],[-3.0395,43.22],[-3.04,43.2205],[-3.0405,43.2205],[-3.041,43.2205],[-3.0415,43.2205],[-3.042,43.2205],[-3.043,43.221],[-3.0435,43.221],[-3.044,43.221],[-3.045,43.221],[-3.0455,43.221],[-3.047,43.2215],[-3.0465,43.2215],[-3.046,43.2215],[-3.044,43.221],[-3.0435,43.221],[-3.0435,43.2215],[-3.044,43.2225],[-3.0455,43.223],[-3.0455,43.2235],[-3.046,43.2235],[-3.0465,43.224],[-3.0455,43.2235],[-3.0465,43.225],[-3.05,43.223],[-3.0505,43.223],[-3.0495,43.2165],[-3.049,43.2155],[-3.0485,43.2155],[-3.049,43.2155]]],[[[-3.039,43.2255],[-3.0385,43.2255],[-3.0385,43.225],[-3.039,43.225],[-3.039,43.2255],[-3.0395,43.2255],[-3.0445,43.229],[-3.044,43.228],[-3.0435,43.2275],[-3.0435,43.227],[-3.0435,43.2265],[-3.043,43.225],[-3.043,43.2245],[-3.0425,43.224],[-3.0425,43.2235],[-3.042,43.223],[-3.0415,43.2225],[-3.041,43.222],[-3.0405,43.2205],[-3.0395,43.22],[-3.039,43.22],[-3.0385,43.22],[-3.0385,43.2195],[-3.038,43.2195],[-3.0375,43.219],[-3.037,43.219],[-3.0355,43.2185],[-3.035,43.2185],[-3.0335,43.2175],[-3.033,43.2175],[-3.0325,43.218],[-3.0325,43.2185],[-3.033,43.219],[-3.033,43.2195],[-3.033,43.22],[-3.0315,43.2255],[-3.032,43.2255],[-3.0325,43.2255],[-3.0325,43.225],[-3.033,43.225],[-3.0325,43.225],[-3.0325,43.2255],[-3.0325,43.226],[-3.033,43.226],[-3.0345,43.2265],[-3.035,43.2265],[-3.035,43.227],[-3.035,43.2265],[-3.0345,43.2265],[-3.034,43.2265],[-3.033,43.226],[-3.032,43.2255],[-3.0315,43.2255],[-3.0305,43.229],[-3.031,43.229],[-3.031,43.2295],[-3.0315,43.2295],[-3.0315,43.23],[-3.0315,43.2305],[-3.0315,43.231],[-3.032,43.2315],[-3.034,43.233],[-3.0345,43.232],[-3.035,43.232],[-3.0355,43.232],[-3.036,43.232],[-3.037,43.2315],[-3.0375,43.232],[-3.039,43.2315],[-3.039,43.232],[-3.0375,43.232],[-3.0355,43.232],[-3.035,43.232],[-3.035,43.2325],[-3.0345,43.2325],[-3.034,43.233],[-3.0345,43.2345],[-3.0365,43.234],[-3.037,43.234],[-3.038,43.234],[-3.0385,43.2335],[-3.039,43.2335],[-3.0385,43.234],[-3.038,43.234],[-3.037,43.234],[-3.0365,43.234],[-3.035,43.2345],[-3.0345,43.2345],[-3.0385,43.237],[-3.039,43.237],[-3.0395,43.237],[-3.0395,43.2375],[-3.04,43.2375],[-3.0405,43.238],[-3.041,43.2385],[-3.0455,43.2315],[-3.04,43.2295],[-3.039,43.2255]]],[[[-3.0445,43.2475],[-3.0495,43.246],[-3.0465,43.2415],[-3.0445,43.24],[-3.0425,43.2425],[-3.0395,43.2425],[-3.0375,43.244],[-3.0365,43.245],[-3.037,43.245],[-3.0405,43.2475],[-3.0435,43.2485],[-3.043,43.2515],[-3.039,43.253],[-3.0355,43.244],[-3.035,43.243],[-3.0315,43.242],[-3.0315,43.2425],[-3.031,43.2425],[-3.0305,43.242],[-3.0305,43.2415],[-3.03,43.2415],[-3.0305,43.2415],[-3.0305,43.241],[-3.0295,43.2395],[-3.03,43.2385],[-3.0295,43.238],[-3.029,43.238],[-3.0285,43.2375],[-3.028,43.2375],[-3.026,43.2365],[-3.0235,43.2355],[-3.023,43.2365],[-3.023,43.2375],[-3.024,43.237],[-3.0245,43.237],[-3.0245,43.2375],[-3.024,43.2375],[-3.0235,43.238],[-3.0235,43.2385],[-3.0245,43.241],[-3.0255,43.2405],[-3.026,43.2405],[-3.026,43.241],[-3.028,43.2445],[-3.027,43.244],[-3.0265,43.2435],[-3.0285,43.245],[-3.0285,43.246],[-3.029,43.246],[-3.0295,43.246],[-3.029,43.246],[-3.0285,43.2465],[-3.025,43.2445],[-3.021,43.2415],[-3.0205,43.2415],[-3.02,43.242],[-3.018,43.243],[-3.02,43.245],[-3.021,43.2455],[-3.0215,43.246],[-3.022,43.2465],[-3.021,43.2485],[-3.0205,43.2485],[-3.0215,43.249],[-3.022,43.252],[-3.0195,43.2515],[-3.02,43.256],[-3.0225,43.256],[-3.0235,43.256],[-3.0285,43.2555],[-3.029,43.2555],[-3.029,43.255],[-3.03,43.2545],[-3.0305,43.2545],[-3.031,43.2545],[-3.0315,43.254],[-3.0315,43.253],[-3.0325,43.253],[-3.0335,43.2535],[-3.0345,43.2535],[-3.035,43.2535],[-3.0355,43.2535],[-3.036,43.253],[-3.038,43.253],[-3.038,43.2535],[-3.04,43.254],[-3.043,43.252],[-3.0445,43.2505],[-3.045,43.25],[-3.045,43.2495],[-3.046,43.2495],[-3.0465,43.2495],[-3.047,43.2495],[-3.0475,43.249],[-3.048,43.249],[-3.049,43.2495],[-3.05,43.249],[-3.0505,43.249],[-3.0515,43.2485],[-3.0535,43.248],[-3.0565,43.2455],[-3.0575,43.245],[-3.059,43.2445],[-3.0595,43.243],[-3.0595,43.2425],[-3.061,43.241],[-3.062,43.24],[-3.059,43.241],[-3.0545,43.242],[-3.054,43.2425],[-3.0535,43.2425],[-3.055,43.2435],[-3.053,43.2465],[-3.045,43.2485],[-3.0445,43.248],[-3.0445,43.2475]]],[[[-3.0625,43.2545],[-3.062,43.2525],[-3.068,43.249],[-3.068,43.2455],[-3.0675,43.2455],[-3.064,43.2355],[-3.0635,43.236],[-3.0595,43.236],[-3.06,43.236],[-3.0605,43.2365],[-3.061,43.237],[-3.0615,43.2375],[-3.062,43.2375],[-3.0625,43.238],[-3.063,43.239],[-3.063,43.2395],[-3.062,43.24],[-3.0615,43.241],[-3.0605,43.2425],[-3.0595,43.243],[-3.059,43.244],[-3.059,43.2445],[-3.058,43.2455],[-3.061,43.2445],[-3.062,43.2455],[-3.063,43.2455],[-3.0615,43.2475],[-3.061,43.247],[-3.0605,43.247],[-3.056,43.2465],[-3.055,43.247],[-3.0535,43.248],[-3.0515,43.2485],[-3.0505,43.249],[-3.05,43.249],[-3.049,43.2495],[-3.048,43.25],[-3.048,43.2495],[-3.047,43.2495],[-3.0465,43.2495],[-3.045,43.2495],[-3.045,43.25],[-3.045,43.2505],[-3.0445,43.2505],[-3.0435,43.252],[-3.043,43.252],[-3.04,43.254],[-3.038,43.2535],[-3.038,43.253],[-3.036,43.253],[-3.0355,43.2535],[-3.035,43.2535],[-3.0345,43.2535],[-3.0335,43.2535],[-3.0325,43.253],[-3.0315,43.254],[-3.031,43.2545],[-3.0325,43.2545],[-3.033,43.2545],[-3.033,43.255],[-3.0335,43.255],[-3.034,43.2555],[-3.035,43.256],[-3.035,43.2565],[-3.0355,43.2565],[-3.036,43.2565],[-3.036,43.257],[-3.0365,43.257],[-3.037,43.2575],[-3.0375,43.2575],[-3.0375,43.258],[-3.038,43.258],[-3.041,43.259],[-3.04,43.255],[-3.05,43.254],[-3.0625,43.2545]]],[[[-3.03,42.8135],[-3.0255,42.816],[-3.033,42.817],[-3.0365,42.818],[-3.04,42.8165],[-3.038,42.812],[-3.0375,42.8115],[-3.0375,42.812],[-3.0355,42.8115],[-3.035,42.8115],[-3.0345,42.8115],[-3.0325,42.8115],[-3.0315,42.812],[-3.0335,42.814],[-3.03,42.8135]]],[[[-3.0215,42.852],[-3.022,42.8535],[-3.0235,42.855],[-3.025,42.8555],[-3.0255,42.8555],[-3.026,42.8555],[-3.0265,42.856],[-3.027,42.856],[-3.028,42.8565],[-3.0325,42.855],[-3.0335,42.856],[-3.034,42.8555],[-3.0345,42.8555],[-3.035,42.855],[-3.038,42.8545],[-3.039,42.8545],[-3.041,42.8545],[-3.041,42.855],[-3.04,42.854],[-3.0415,42.8535],[-3.0425,42.855],[-3.0435,42.856],[-3.044,42.856],[-3.0455,42.855],[-3.0545,42.852],[-3.055,42.852],[-3.0555,42.8515],[-3.0535,42.849],[-3.0535,42.8485],[-3.0535,42.8475],[-3.0535,42.847],[-3.053,42.8465],[-3.0515,42.8445],[-3.051,42.8445],[-3.052,42.8445],[-3.0525,42.8445],[-3.0535,42.8445],[-3.055,42.8435],[-3.0555,42.843],[-3.055,42.8425],[-3.055,42.842],[-3.055,42.8415],[-3.056,42.836],[-3.0555,42.836],[-3.0545,42.8355],[-3.054,42.8365],[-3.0545,42.837],[-3.052,42.84],[-3.0525,42.8435],[-3.051,42.8435],[-3.0505,42.8435],[-3.049,42.8425],[-3.0445,42.843],[-3.0445,42.838],[-3.0445,42.8365],[-3.045,42.835],[-3.0455,42.835],[-3.0455,42.8355],[-3.046,42.8355],[-3.045,42.833],[-3.045,42.8325],[-3.0445,42.8315],[-3.044,42.8315],[-3.0425,42.83],[-3.0445,42.833],[-3.044,42.8345],[-3.0445,42.835],[-3.044,42.835],[-3.044,42.837],[-3.0445,42.837],[-3.044,42.8375],[-3.037,42.836],[-3.037,42.8355],[-3.0365,42.8345],[-3.0365,42.8335],[-3.037,42.8335],[-3.038,42.8335],[-3.0375,42.8335],[-3.037,42.833],[-3.0365,42.833],[-3.0355,42.8325],[-3.036,42.832],[-3.036,42.8315],[-3.0365,42.8315],[-3.0375,42.8315],[-3.038,42.8315],[-3.0385,42.8325],[-3.0385,42.833],[-3.0385,42.8335],[-3.039,42.834],[-3.039,42.8335],[-3.0385,42.833],[-3.039,42.8325],[-3.039,42.832],[-3.039,42.8315],[-3.039,42.831],[-3.039,42.829],[-3.0385,42.829],[-3.037,42.8295],[-3.0355,42.829],[-3.032,42.8335],[-3.027,42.834],[-3.022,42.8315],[-3.0225,42.8255],[-3.024,42.8245],[-3.0215,42.8255],[-3.022,42.826],[-3.0215,42.826],[-3.018,42.824],[-3.018,42.8245],[-3.0185,42.8245],[-3.019,42.825],[-3.018,42.828],[-3.0155,42.828],[-3.0155,42.829],[-3.016,42.8295],[-3.015,42.829],[-3.0135,42.8305],[-3.013,42.831],[-3.006,42.833],[-3.006,42.842],[-3.0115,42.8425],[-3.0155,42.849],[-3.017,42.849],[-3.0175,42.8495],[-3.02,42.8505],[-3.022,42.8515],[-3.0215,42.852]]],[[[-3.021,43.0155],[-3.0175,43.016],[-3.017,43.016],[-3.0165,43.016],[-3.0165,43.0165],[-3.016,43.0165],[-3.0155,43.0165],[-3.0155,43.016],[-3.014,43.0165],[-3.014,43.016],[-3.0075,43.013],[-3.007,43.013],[-3.011,43.017],[-3.012,43.0175],[-3.014,43.0215],[-3.013,43.023],[-3.013,43.024],[-3.0155,43.0235],[-3.0175,43.0235],[-3.0175,43.024],[-3.013,43.0245],[-3.0205,43.0245],[-3.022,43.024],[-3.0225,43.024],[-3.024,43.0235],[-3.0245,43.0235],[-3.025,43.023],[-3.026,43.022],[-3.026,43.0215],[-3.0265,43.02],[-3.027,43.0195],[-3.0275,43.0195],[-3.028,43.019],[-3.029,43.0175],[-3.023,43.017],[-3.0225,43.017],[-3.0225,43.0165],[-3.022,43.018],[-3.0215,43.018],[-3.021,43.0185],[-3.021,43.019],[-3.018,43.0195],[-3.0175,43.0175],[-3.018,43.0175],[-3.0185,43.0175],[-3.0195,43.018],[-3.02,43.0175],[-3.021,43.018],[-3.021,43.0155]]],[[[-3.038,43.039],[-3.0375,43.039],[-3.037,43.039],[-3.0375,43.0375],[-3.0385,43.0375],[-3.039,43.0375],[-3.0395,43.037],[-3.0405,43.037],[-3.04,43.0365],[-3.0395,43.0365],[-3.0395,43.037],[-3.039,43.0365],[-3.0385,43.0355],[-3.039,43.0355],[-3.04,43.0355],[-3.038,43.03],[-3.037,43.031],[-3.036,43.0355],[-3.0335,43.0375],[-3.0325,43.037],[-3.032,43.037],[-3.032,43.0375],[-3.032,43.0385],[-3.032,43.0395],[-3.0315,43.041],[-3.031,43.0415],[-3.032,43.0425],[-3.0315,43.0425],[-3.0305,43.0475],[-3.031,43.048],[-3.0315,43.048],[-3.0325,43.05],[-3.035,43.05],[-3.0325,43.0505],[-3.029,43.0475],[-3.0285,43.046],[-3.029,43.0455],[-3.029,43.044],[-3.024,43.0485],[-3.0235,43.049],[-3.0215,43.0495],[-3.021,43.0495],[-3.0205,43.0495],[-3.02,43.0495],[-3.0195,43.0495],[-3.02,43.0525],[-3.0215,43.05],[-3.0215,43.0495],[-3.0225,43.0495],[-3.023,43.0495],[-3.023,43.05],[-3.0235,43.05],[-3.024,43.0505],[-3.0245,43.051],[-3.025,43.052],[-3.025,43.0525],[-3.0255,43.0525],[-3.026,43.053],[-3.0275,43.054],[-3.028,43.0545],[-3.0295,43.057],[-3.03,43.0565],[-3.0305,43.056],[-3.032,43.0565],[-3.033,43.056],[-3.0335,43.0555],[-3.034,43.0565],[-3.0345,43.0565],[-3.034,43.0545],[-3.036,43.0555],[-3.038,43.0555],[-3.0395,43.0555],[-3.0425,43.0535],[-3.0425,43.054],[-3.0405,43.0555],[-3.0425,43.055],[-3.043,43.0545],[-3.0435,43.054],[-3.044,43.053],[-3.044,43.0525],[-3.0445,43.0525],[-3.0445,43.052],[-3.045,43.0515],[-3.0455,43.051],[-3.0455,43.0505],[-3.046,43.0505],[-3.0465,43.0495],[-3.046,43.049],[-3.0465,43.0485],[-3.0465,43.048],[-3.0465,43.0475],[-3.047,43.047],[-3.0475,43.046],[-3.047,43.0425],[-3.046,43.0425],[-3.046,43.043],[-3.045,43.043],[-3.044,43.043],[-3.0445,43.0435],[-3.044,43.0435],[-3.044,43.043],[-3.0435,43.043],[-3.0435,43.0435],[-3.043,43.044],[-3.0425,43.044],[-3.043,43.044],[-3.042,43.043],[-3.0415,43.043],[-3.041,43.043],[-3.0405,43.0435],[-3.041,43.044],[-3.04,43.0445],[-3.0395,43.044],[-3.0345,43.044],[-3.0345,43.0445],[-3.0345,43.044],[-3.035,43.044],[-3.0365,43.0435],[-3.04,43.0435],[-3.0405,43.0435],[-3.041,43.043],[-3.042,43.043],[-3.0435,43.043],[-3.044,43.043],[-3.044,43.0425],[-3.0415,43.0415],[-3.04,43.041],[-3.0395,43.041],[-3.039,43.0415],[-3.0375,43.0415],[-3.039,43.0415],[-3.0395,43.041],[-3.0445,43.0425],[-3.045,43.0425],[-3.044,43.0395],[-3.0415,43.041],[-3.041,43.041],[-3.041,43.0405],[-3.0405,43.04],[-3.04,43.0395],[-3.0395,43.0395],[-3.0395,43.039],[-3.039,43.039],[-3.038,43.039]]],[[[-3,42.828],[-2.9995,42.828],[-3.0005,42.827],[-3.0005,42.8265],[-3.001,42.826],[-2.9945,42.827],[-2.989,42.83],[-2.9875,42.834],[-2.99,42.836],[-2.9885,42.8365],[-2.9895,42.837],[-2.99,42.8375],[-2.9905,42.8375],[-2.9965,42.839],[-2.998,42.8385],[-3.003,42.836],[-3.0035,42.836],[-3.004,42.8355],[-3.0045,42.835],[-3.005,42.8345],[-3.0055,42.833],[-3.001,42.831],[-3,42.828]]],[[[-3.01,43.227],[-3.0105,43.227],[-3.009,43.2245],[-3.008,43.2245],[-3.0075,43.2245],[-3.0075,43.224],[-3.008,43.224],[-3.007,43.224],[-3.0065,43.224],[-3.007,43.224],[-3.006,43.2225],[-3.0075,43.223],[-3.0125,43.2245],[-3.013,43.2245],[-3.0135,43.2235],[-3.013,43.2235],[-3.013,43.223],[-3.0125,43.223],[-3.011,43.2225],[-3.0085,43.2205],[-3.008,43.22],[-3.0065,43.219],[-3.0065,43.218],[-3.0065,43.2175],[-3.0075,43.216],[-3.0055,43.214],[-3.005,43.2135],[-3.0045,43.213],[-3.0045,43.2125],[-3.0025,43.2115],[-3.0025,43.212],[-3.004,43.213],[-3.002,43.2125],[-3.002,43.212],[-3.0015,43.2115],[-3.001,43.212],[-2.998,43.2115],[-2.9975,43.2115],[-2.9975,43.211],[-2.9965,43.211],[-2.9955,43.2105],[-2.995,43.2105],[-2.993,43.2105],[-2.9925,43.211],[-2.992,43.211],[-2.987,43.218],[-2.985,43.221],[-2.985,43.2215],[-2.9845,43.2215],[-2.9845,43.222],[-2.984,43.223],[-2.9835,43.224],[-2.9835,43.2245],[-2.9835,43.2255],[-2.9835,43.226],[-2.9835,43.2265],[-2.9835,43.227],[-2.9835,43.2275],[-2.9835,43.228],[-2.9835,43.2285],[-2.9835,43.229],[-2.9835,43.2295],[-2.9835,43.2305],[-2.9835,43.231],[-2.9835,43.2315],[-2.9835,43.232],[-2.9835,43.2325],[-2.984,43.233],[-2.9845,43.233],[-2.9845,43.2335],[-2.985,43.2335],[-2.9855,43.2335],[-2.9855,43.234],[-2.986,43.234],[-2.986,43.2345],[-2.9865,43.2345],[-2.987,43.2345],[-2.9875,43.2345],[-2.9875,43.2335],[-2.9865,43.227],[-2.99,43.223],[-2.9945,43.224],[-2.995,43.2245],[-2.9955,43.2255],[-2.996,43.226],[-2.9985,43.2275],[-3.0015,43.233],[-3.003,43.232],[-3.0025,43.2305],[-3.0045,43.232],[-3.006,43.232],[-3.0065,43.232],[-3.0065,43.2315],[-3.006,43.2315],[-3.006,43.23],[-3.0065,43.2275],[-3.007,43.2275],[-3.007,43.228],[-3.0075,43.228],[-3.0085,43.2285],[-3.01,43.2275],[-3.0105,43.2275],[-3.01,43.227],[-3.005,43.225],[-3.0005,43.2235],[-3.0005,43.224],[-2.996,43.2225],[-2.996,43.222],[-2.997,43.2225],[-2.998,43.2215],[-2.9975,43.2215],[-2.997,43.2215],[-2.9985,43.2215],[-2.9995,43.221],[-2.9995,43.2205],[-2.999,43.2205],[-2.9985,43.22],[-2.998,43.2195],[-2.998,43.22],[-2.997,43.22],[-2.997,43.219],[-2.9955,43.218],[-2.9945,43.217],[-2.9955,43.218],[-2.997,43.219],[-2.998,43.2195],[-2.9985,43.22],[-2.999,43.2205],[-2.9995,43.2205],[-2.9995,43.221],[-3,43.221],[-3.001,43.2225],[-3.001,43.223],[-3.0015,43.223],[-3.002,43.223],[-3.0025,43.2235],[-3.0035,43.2245],[-3.004,43.2245],[-3.0045,43.2245],[-3.005,43.225],[-3.0055,43.2245],[-3.0055,43.225],[-3.009,43.2265],[-3.0095,43.2265],[-3.01,43.227]]],[[[-3.002,43.252],[-2.997,43.2555],[-2.993,43.256],[-2.984,43.2565],[-2.9835,43.2565],[-2.9825,43.2565],[-2.9805,43.2575],[-2.981,43.2575],[-2.9825,43.2685],[-2.986,43.2685],[-2.9865,43.2655],[-2.9905,43.2665],[-2.991,43.2665],[-2.993,43.2655],[-2.995,43.265],[-2.9955,43.2645],[-2.995,43.2645],[-2.995,43.264],[-2.995,43.2625],[-2.995,43.262],[-2.9955,43.262],[-2.995,43.2625],[-2.9955,43.263],[-2.997,43.262],[-2.9985,43.26],[-2.999,43.26],[-2.9995,43.2605],[-3,43.2605],[-3.0005,43.2605],[-3.002,43.261],[-3.001,43.2575],[-3.0035,43.258],[-3.0035,43.2585],[-3.0035,43.259],[-3.005,43.259],[-3.0045,43.2575],[-3.0065,43.256],[-3.0075,43.2575],[-3.008,43.2575],[-3.0075,43.2595],[-3.006,43.26],[-3.007,43.2605],[-3.0075,43.26],[-3.0085,43.2595],[-3.009,43.2595],[-3.01,43.259],[-3.012,43.2585],[-3.0115,43.258],[-3.0125,43.2585],[-3.0135,43.258],[-3.0145,43.258],[-3.014,43.253],[-3.0125,43.2545],[-3.0115,43.2545],[-3.0115,43.2535],[-3.012,43.253],[-3.0125,43.2525],[-3.013,43.2525],[-3.014,43.2525],[-3.014,43.252],[-3.0125,43.252],[-3.0105,43.253],[-3.01,43.253],[-3.009,43.2535],[-3.0075,43.2545],[-3.008,43.2555],[-3.008,43.256],[-3.0075,43.255],[-3.0055,43.2545],[-3.005,43.2545],[-3.005,43.254],[-3.006,43.2535],[-3.006,43.253],[-3.002,43.252]]],[[[-2.983,43.022],[-2.9835,43.0215],[-2.984,43.021],[-2.9845,43.021],[-2.9845,43.0205],[-2.985,43.0205],[-2.9855,43.02],[-2.984,43.019],[-2.983,43.019],[-2.982,43.019],[-2.981,43.02],[-2.9805,43.0205],[-2.98,43.021],[-2.98,43.0215],[-2.979,43.0225],[-2.9785,43.023],[-2.9775,43.0235],[-2.976,43.0255],[-2.9755,43.026],[-2.975,43.0265],[-2.9745,43.027],[-2.9745,43.0275],[-2.9755,43.029],[-2.9765,43.031],[-2.978,43.0315],[-2.978,43.0305],[-2.9785,43.03],[-2.979,43.03],[-2.979,43.0295],[-2.9785,43.03],[-2.978,43.0305],[-2.978,43.0315],[-2.981,43.033],[-2.9815,43.033],[-2.9815,43.0335],[-2.982,43.0335],[-2.9845,43.035],[-2.985,43.0355],[-2.9875,43.0335],[-2.9875,43.033],[-2.9885,43.032],[-2.9885,43.0315],[-2.991,43.029],[-2.9915,43.029],[-2.9915,43.03],[-2.9915,43.0305],[-2.9955,43.0285],[-2.9955,43.028],[-2.9955,43.0275],[-2.9945,43.0275],[-2.9925,43.028],[-2.992,43.028],[-2.9905,43.028],[-2.9895,43.0275],[-2.988,43.0275],[-2.986,43.0275],[-2.9855,43.0275],[-2.9845,43.027],[-2.984,43.0265],[-2.9835,43.026],[-2.983,43.0255],[-2.9825,43.0255],[-2.982,43.025],[-2.982,43.0235],[-2.9825,43.0225],[-2.983,43.022]]],[[[-3.011,43.188],[-3.006,43.1845],[-2.998,43.1845],[-2.9935,43.18],[-2.992,43.1825],[-2.993,43.183],[-2.994,43.1835],[-2.996,43.1845],[-2.996,43.185],[-3,43.1855],[-3.0005,43.1855],[-3.001,43.185],[-3.004,43.1845],[-3.0085,43.1875],[-3.002,43.1855],[-3.0015,43.1855],[-3.001,43.185],[-3.0005,43.1855],[-3,43.1855],[-2.996,43.185],[-2.996,43.1845],[-2.994,43.1835],[-2.993,43.183],[-2.9925,43.183],[-2.992,43.1825],[-2.99,43.1795],[-2.9895,43.1795],[-2.9895,43.18],[-2.9895,43.1805],[-2.989,43.1805],[-2.9885,43.1805],[-2.9885,43.181],[-2.988,43.181],[-2.988,43.1815],[-2.988,43.182],[-2.9875,43.183],[-2.9865,43.1845],[-2.985,43.1845],[-2.9835,43.186],[-2.9845,43.1875],[-2.9835,43.1885],[-2.9825,43.1915],[-2.9835,43.1885],[-2.984,43.1875],[-2.9835,43.1865],[-2.9825,43.1865],[-2.984,43.185],[-2.9855,43.184],[-2.987,43.1835],[-2.9875,43.183],[-2.988,43.182],[-2.988,43.1815],[-2.988,43.181],[-2.9885,43.181],[-2.9885,43.1805],[-2.989,43.1805],[-2.9895,43.1805],[-2.9895,43.18],[-2.9895,43.1795],[-2.9845,43.1785],[-2.984,43.1785],[-2.9835,43.1785],[-2.9825,43.1785],[-2.982,43.178],[-2.9805,43.1785],[-2.98,43.1775],[-2.9815,43.178],[-2.982,43.178],[-2.9825,43.178],[-2.9845,43.177],[-2.9845,43.1785],[-2.986,43.1775],[-2.9855,43.1765],[-2.9855,43.176],[-2.9855,43.175],[-2.9855,43.1745],[-2.987,43.172],[-2.9865,43.172],[-2.986,43.1725],[-2.9855,43.1725],[-2.9815,43.1735],[-2.977,43.173],[-2.9745,43.1715],[-2.9685,43.1725],[-2.966,43.1765],[-2.9655,43.178],[-2.965,43.1785],[-2.966,43.179],[-2.9665,43.179],[-2.968,43.1805],[-2.9685,43.1805],[-2.9695,43.1805],[-2.97,43.1805],[-2.9705,43.18],[-2.9735,43.1855],[-2.974,43.1855],[-2.9805,43.181],[-2.9785,43.185],[-2.9755,43.1865],[-2.982,43.1875],[-2.9825,43.187],[-2.977,43.1905],[-2.978,43.1945],[-2.9775,43.195],[-2.978,43.195],[-2.98,43.1995],[-2.9805,43.2],[-2.98,43.2],[-2.98,43.2005],[-2.9805,43.201],[-2.98,43.201],[-2.9805,43.2015],[-2.9815,43.202],[-2.9825,43.2005],[-2.983,43.2005],[-2.983,43.2],[-2.989,43.2005],[-2.9895,43.2005],[-2.99,43.2005],[-2.9925,43.1995],[-2.993,43.1985],[-2.994,43.199],[-2.996,43.1985],[-2.998,43.1975],[-3.0015,43.197],[-3.0025,43.197],[-3.003,43.197],[-3.0035,43.197],[-3.0035,43.1965],[-3.004,43.1965],[-3.0065,43.1955],[-3.0075,43.1925],[-3.0075,43.192],[-3.0075,43.1915],[-3.011,43.189],[-3.011,43.188]]],[[[-3.0375,43.207],[-3.038,43.206],[-3.038,43.205],[-3.0385,43.2055],[-3.0385,43.2045],[-3.038,43.204],[-3.0375,43.204],[-3.0345,43.2055],[-3.0335,43.2055],[-3.034,43.205],[-3.0355,43.204],[-3.035,43.205],[-3.0375,43.204],[-3.0375,43.2035],[-3.037,43.2035],[-3.036,43.2035],[-3.036,43.203],[-3.0355,43.203],[-3.035,43.2025],[-3.0345,43.2025],[-3.0325,43.202],[-3.0305,43.202],[-3.028,43.202],[-3.0275,43.202],[-3.0255,43.202],[-3.025,43.202],[-3.0245,43.202],[-3.0215,43.202],[-3.021,43.202],[-3.02,43.202],[-3.02,43.2025],[-3.0185,43.2025],[-3.018,43.2025],[-3.0175,43.202],[-3.018,43.202],[-3.0205,43.202],[-3.021,43.202],[-3.0225,43.202],[-3.023,43.202],[-3.0235,43.202],[-3.024,43.202],[-3.0245,43.202],[-3.025,43.202],[-3.0255,43.202],[-3.026,43.202],[-3.0265,43.202],[-3.027,43.202],[-3.0285,43.202],[-3.029,43.202],[-3.0295,43.202],[-3.0305,43.202],[-3.0325,43.202],[-3.0325,43.2015],[-3.033,43.2015],[-3.0325,43.2015],[-3.0325,43.201],[-3.032,43.2005],[-3.0315,43.2005],[-3.031,43.2],[-3.0305,43.2],[-3.0295,43.1995],[-3.029,43.2],[-3.0275,43.199],[-3.024,43.1985],[-3.0245,43.1985],[-3.0265,43.1985],[-3.027,43.1985],[-3.0275,43.199],[-3.0305,43.1995],[-3.0295,43.1985],[-3.0295,43.198],[-3.029,43.198],[-3.0285,43.197],[-3.028,43.197],[-3.028,43.1965],[-3.0275,43.1965],[-3.027,43.1955],[-3.0255,43.1945],[-3.025,43.1945],[-3.0245,43.1945],[-3.023,43.192],[-3.0225,43.1915],[-3.0215,43.1905],[-3.022,43.1905],[-3.0225,43.191],[-3.0225,43.1915],[-3.0235,43.192],[-3.0235,43.1915],[-3.023,43.191],[-3.023,43.1905],[-3.0225,43.1905],[-3.0205,43.189],[-3.023,43.1905],[-3.0235,43.191],[-3.024,43.1915],[-3.0255,43.1915],[-3.025,43.191],[-3.025,43.1905],[-3.025,43.19],[-3.028,43.1905],[-3.0275,43.191],[-3.028,43.191],[-3.0285,43.1915],[-3.029,43.192],[-3.028,43.194],[-3.0305,43.194],[-3.031,43.194],[-3.031,43.1955],[-3.0305,43.1955],[-3.03,43.1955],[-3.03,43.1945],[-3.0285,43.195],[-3.0285,43.1955],[-3.0315,43.1975],[-3.0325,43.1995],[-3.0315,43.2],[-3.0315,43.2005],[-3.032,43.2005],[-3.032,43.201],[-3.0325,43.201],[-3.033,43.2015],[-3.0335,43.2015],[-3.034,43.2015],[-3.034,43.202],[-3.0345,43.202],[-3.035,43.202],[-3.035,43.2025],[-3.0355,43.2025],[-3.0355,43.203],[-3.036,43.203],[-3.037,43.203],[-3.0375,43.203],[-3.0375,43.2035],[-3.038,43.204],[-3.038,43.2035],[-3.0375,43.202],[-3.038,43.201],[-3.0365,43.1965],[-3.036,43.196],[-3.0345,43.1945],[-3.036,43.195],[-3.037,43.1945],[-3.036,43.192],[-3.0355,43.192],[-3.035,43.1915],[-3.0345,43.1915],[-3.0325,43.191],[-3.0315,43.191],[-3.0315,43.1905],[-3.031,43.1905],[-3.031,43.19],[-3.0305,43.19],[-3.0305,43.1895],[-3.03,43.1895],[-3.0295,43.1895],[-3.0295,43.189],[-3.029,43.189],[-3.0285,43.189],[-3.0285,43.1885],[-3.028,43.1885],[-3.0275,43.1885],[-3.027,43.1885],[-3.027,43.188],[-3.024,43.1875],[-3.023,43.187],[-3.0225,43.1865],[-3.022,43.1865],[-3.021,43.1865],[-3.021,43.186],[-3.0205,43.186],[-3.019,43.186],[-3.0185,43.185],[-3.0105,43.1835],[-3.011,43.184],[-3.0135,43.186],[-3.011,43.189],[-3.0115,43.19],[-3.0085,43.191],[-3.008,43.1915],[-3.008,43.192],[-3.0075,43.1925],[-3.0065,43.1955],[-3.004,43.1965],[-3.0035,43.197],[-3.0015,43.1975],[-3.002,43.1975],[-3.001,43.1975],[-3.0005,43.1975],[-3,43.198],[-2.9995,43.198],[-3,43.1985],[-2.998,43.1985],[-2.997,43.1985],[-2.9965,43.1985],[-2.996,43.199],[-2.996,43.1985],[-2.9945,43.199],[-2.9935,43.199],[-2.9925,43.2],[-2.9915,43.2],[-2.991,43.2],[-2.99,43.2005],[-2.9895,43.2005],[-2.989,43.2005],[-2.9885,43.2005],[-2.9885,43.201],[-2.988,43.201],[-2.987,43.201],[-2.9865,43.201],[-2.9835,43.2005],[-2.983,43.2005],[-2.982,43.2015],[-2.9815,43.202],[-2.981,43.2015],[-2.98,43.201],[-2.98,43.2005],[-2.98,43.2],[-2.98,43.1995],[-2.9775,43.195],[-2.9775,43.1945],[-2.975,43.191],[-2.975,43.1905],[-2.9745,43.1895],[-2.9745,43.189],[-2.9735,43.1865],[-2.973,43.1865],[-2.973,43.186],[-2.972,43.186],[-2.971,43.1855],[-2.97,43.1845],[-2.9685,43.1845],[-2.9695,43.1835],[-2.9695,43.183],[-2.969,43.183],[-2.969,43.1825],[-2.9695,43.1825],[-2.969,43.182],[-2.9685,43.182],[-2.9685,43.1815],[-2.968,43.1815],[-2.9675,43.1815],[-2.9675,43.181],[-2.967,43.181],[-2.9665,43.1805],[-2.9655,43.1805],[-2.9645,43.1795],[-2.9645,43.179],[-2.965,43.1785],[-2.965,43.1775],[-2.965,43.177],[-2.9645,43.177],[-2.9635,43.1765],[-2.9635,43.177],[-2.963,43.176],[-2.9625,43.1755],[-2.962,43.1755],[-2.962,43.175],[-2.961,43.175],[-2.9585,43.1745],[-2.958,43.1745],[-2.956,43.173],[-2.9535,43.1715],[-2.95,43.172],[-2.9485,43.176],[-2.9435,43.1805],[-2.9495,43.1815],[-2.9495,43.181],[-2.949,43.181],[-2.949,43.1805],[-2.949,43.1795],[-2.95,43.1775],[-2.95,43.177],[-2.951,43.1765],[-2.951,43.176],[-2.9515,43.176],[-2.9515,43.1735],[-2.9515,43.1755],[-2.951,43.176],[-2.951,43.1765],[-2.9505,43.177],[-2.9505,43.1775],[-2.949,43.1795],[-2.949,43.1805],[-2.949,43.181],[-2.9495,43.181],[-2.9495,43.1815],[-2.949,43.1825],[-2.949,43.183],[-2.95,43.1835],[-2.951,43.1825],[-2.9515,43.1825],[-2.9525,43.182],[-2.953,43.182],[-2.9545,43.1815],[-2.956,43.181],[-2.958,43.1805],[-2.9575,43.181],[-2.957,43.1815],[-2.955,43.1815],[-2.9545,43.1815],[-2.953,43.182],[-2.9525,43.182],[-2.9515,43.1825],[-2.951,43.183],[-2.951,43.1855],[-2.9545,43.1865],[-2.955,43.1865],[-2.9555,43.1865],[-2.9565,43.1865],[-2.958,43.187],[-2.9585,43.187],[-2.959,43.187],[-2.9595,43.187],[-2.96,43.187],[-2.9605,43.187],[-2.962,43.1855],[-2.963,43.185],[-2.963,43.1845],[-2.963,43.184],[-2.964,43.184],[-2.963,43.1845],[-2.963,43.185],[-2.961,43.186],[-2.961,43.1865],[-2.96,43.187],[-2.9615,43.1875],[-2.963,43.188],[-2.963,43.1885],[-2.9635,43.189],[-2.964,43.189],[-2.9635,43.189],[-2.963,43.1885],[-2.9625,43.188],[-2.9605,43.1875],[-2.9595,43.187],[-2.959,43.187],[-2.9585,43.187],[-2.958,43.187],[-2.9565,43.1865],[-2.9555,43.1865],[-2.958,43.1885],[-2.962,43.1925],[-2.9625,43.193],[-2.963,43.193],[-2.9635,43.193],[-2.9635,43.194],[-2.964,43.194],[-2.964,43.1945],[-2.965,43.1935],[-2.9685,43.195],[-2.9695,43.1945],[-2.97,43.194],[-2.9695,43.1945],[-2.971,43.196],[-2.9735,43.1985],[-2.9745,43.199],[-2.9745,43.1995],[-2.974,43.1995],[-2.974,43.199],[-2.9725,43.1985],[-2.971,43.1985],[-2.971,43.196],[-2.9685,43.195],[-2.9665,43.195],[-2.966,43.1945],[-2.965,43.1945],[-2.9645,43.1945],[-2.964,43.1945],[-2.9635,43.194],[-2.9635,43.193],[-2.9625,43.193],[-2.962,43.1925],[-2.96,43.1925],[-2.9595,43.1925],[-2.9585,43.1925],[-2.964,43.197],[-2.9645,43.197],[-2.9645,43.1975],[-2.965,43.198],[-2.965,43.1985],[-2.9655,43.1985],[-2.9655,43.199],[-2.966,43.1995],[-2.9665,43.1995],[-2.9665,43.2],[-2.9675,43.2005],[-2.9675,43.201],[-2.9665,43.2],[-2.966,43.2005],[-2.966,43.2],[-2.966,43.1995],[-2.9655,43.199],[-2.965,43.1985],[-2.964,43.201],[-2.9635,43.201],[-2.9635,43.2015],[-2.963,43.2025],[-2.9635,43.2015],[-2.9635,43.201],[-2.964,43.201],[-2.965,43.1985],[-2.965,43.198],[-2.9645,43.1975],[-2.964,43.197],[-2.9625,43.199],[-2.962,43.1995],[-2.9625,43.199],[-2.9605,43.1955],[-2.9605,43.196],[-2.9595,43.1955],[-2.9605,43.1955],[-2.9575,43.1935],[-2.957,43.1935],[-2.956,43.195],[-2.956,43.196],[-2.956,43.1955],[-2.956,43.195],[-2.9545,43.195],[-2.9535,43.1955],[-2.9525,43.1955],[-2.952,43.1955],[-2.95,43.196],[-2.95,43.1965],[-2.95,43.198],[-2.9505,43.198],[-2.9505,43.199],[-2.951,43.1995],[-2.951,43.2],[-2.9515,43.2005],[-2.953,43.201],[-2.9545,43.2015],[-2.9555,43.202],[-2.9545,43.2015],[-2.9555,43.2015],[-2.9565,43.2025],[-2.9575,43.2035],[-2.9565,43.2025],[-2.956,43.2025],[-2.9535,43.201],[-2.953,43.201],[-2.9515,43.202],[-2.9515,43.203],[-2.9525,43.204],[-2.9515,43.203],[-2.9515,43.202],[-2.9515,43.2005],[-2.951,43.2005],[-2.951,43.2],[-2.9505,43.199],[-2.9505,43.198],[-2.95,43.198],[-2.95,43.1965],[-2.9495,43.196],[-2.949,43.196],[-2.9465,43.195],[-2.9505,43.2],[-2.9525,43.2055],[-2.947,43.2085],[-2.946,43.2115],[-2.9465,43.2115],[-2.949,43.2125],[-2.952,43.212],[-2.9535,43.2105],[-2.9535,43.211],[-2.953,43.2115],[-2.953,43.2125],[-2.948,43.213],[-2.9465,43.2115],[-2.946,43.2115],[-2.9445,43.212],[-2.944,43.211],[-2.943,43.211],[-2.9425,43.211],[-2.942,43.2105],[-2.9415,43.2105],[-2.941,43.21],[-2.9385,43.2125],[-2.9405,43.2095],[-2.94,43.209],[-2.9395,43.209],[-2.939,43.209],[-2.9385,43.209],[-2.938,43.209],[-2.9375,43.2085],[-2.9365,43.2075],[-2.936,43.2075],[-2.9355,43.2075],[-2.9355,43.207],[-2.935,43.207],[-2.934,43.2065],[-2.9335,43.206],[-2.933,43.206],[-2.933,43.2055],[-2.9305,43.2095],[-2.9265,43.2075],[-2.926,43.206],[-2.926,43.2055],[-2.9265,43.2055],[-2.9265,43.206],[-2.9275,43.207],[-2.928,43.203],[-2.928,43.2025],[-2.927,43.2025],[-2.927,43.203],[-2.9265,43.203],[-2.9265,43.2025],[-2.9245,43.2025],[-2.9225,43.2015],[-2.9225,43.2045],[-2.9195,43.208],[-2.9195,43.2085],[-2.9195,43.209],[-2.92,43.209],[-2.9205,43.209],[-2.9205,43.2095],[-2.921,43.2095],[-2.9215,43.2095],[-2.923,43.2105],[-2.9235,43.2105],[-2.9235,43.211],[-2.924,43.211],[-2.9245,43.211],[-2.925,43.2115],[-2.93,43.214],[-2.933,43.217],[-2.934,43.2175],[-2.936,43.2185],[-2.938,43.219],[-2.9395,43.22],[-2.9385,43.2205],[-2.938,43.2205],[-2.9375,43.222],[-2.9355,43.222],[-2.936,43.22],[-2.934,43.2235],[-2.937,43.2235],[-2.9425,43.2205],[-2.9425,43.221],[-2.943,43.222],[-2.9435,43.2225],[-2.9425,43.223],[-2.944,43.2255],[-2.9445,43.226],[-2.946,43.227],[-2.946,43.2275],[-2.9445,43.2295],[-2.945,43.23],[-2.945,43.2295],[-2.946,43.229],[-2.946,43.2285],[-2.946,43.228],[-2.9465,43.228],[-2.948,43.2275],[-2.9485,43.2285],[-2.949,43.2285],[-2.9495,43.2285],[-2.9555,43.2285],[-2.949,43.2245],[-2.9475,43.225],[-2.9475,43.2215],[-2.946,43.2195],[-2.9465,43.2195],[-2.947,43.2195],[-2.945,43.218],[-2.9455,43.2175],[-2.953,43.215],[-2.955,43.214],[-2.959,43.2105],[-2.962,43.212],[-2.962,43.2115],[-2.963,43.212],[-2.9635,43.212],[-2.9645,43.2125],[-2.968,43.2135],[-2.9695,43.2155],[-2.9705,43.214],[-2.969,43.213],[-2.9675,43.212],[-2.9675,43.2115],[-2.968,43.2115],[-2.9675,43.212],[-2.9685,43.2125],[-2.9695,43.213],[-2.9705,43.214],[-2.9705,43.2145],[-2.97,43.216],[-2.978,43.214],[-2.978,43.213],[-2.9815,43.212],[-2.982,43.212],[-2.9865,43.213],[-2.9885,43.212],[-2.9915,43.2095],[-2.992,43.21],[-2.9925,43.21],[-2.9925,43.2105],[-2.993,43.2105],[-2.9955,43.2105],[-2.9955,43.21],[-2.995,43.21],[-2.993,43.21],[-2.9915,43.2085],[-2.9905,43.208],[-2.9885,43.206],[-2.9885,43.2055],[-2.9845,43.2035],[-2.986,43.202],[-2.9925,43.2075],[-2.9885,43.2055],[-2.989,43.2065],[-2.9895,43.2065],[-2.9905,43.2075],[-2.991,43.208],[-2.9915,43.2085],[-2.9925,43.209],[-2.9935,43.21],[-2.9945,43.2095],[-2.995,43.2095],[-2.9955,43.21],[-2.9955,43.2105],[-2.996,43.2105],[-2.997,43.211],[-2.9975,43.211],[-2.998,43.2115],[-2.9985,43.2115],[-3,43.2115],[-3.0005,43.2115],[-3.001,43.2115],[-3.0015,43.2115],[-3.0015,43.211],[-3,43.2095],[-2.9995,43.2095],[-2.999,43.209],[-2.998,43.2095],[-2.9975,43.209],[-2.9965,43.2085],[-2.996,43.2085],[-2.996,43.208],[-2.995,43.2075],[-2.993,43.206],[-2.9925,43.206],[-2.992,43.2055],[-2.9915,43.2055],[-2.9915,43.205],[-2.991,43.205],[-2.991,43.204],[-2.9915,43.204],[-2.9915,43.205],[-2.9925,43.206],[-2.9935,43.2065],[-2.995,43.2075],[-2.996,43.208],[-2.9965,43.2085],[-2.997,43.2085],[-2.999,43.209],[-3.002,43.211],[-3.005,43.2125],[-3.0055,43.212],[-3.006,43.2115],[-3.006,43.2105],[-3.006,43.21],[-3.006,43.2095],[-3.006,43.209],[-3.006,43.2085],[-3.006,43.208],[-3.0065,43.208],[-3.0065,43.2075],[-3.0065,43.207],[-3.0065,43.2065],[-3.007,43.206],[-3.007,43.2055],[-3.007,43.205],[-3.0075,43.205],[-3.008,43.2045],[-3.006,43.2035],[-3.006,43.2025],[-3.005,43.2025],[-3.003,43.2025],[-3.0045,43.2025],[-3.0065,43.2025],[-3.0075,43.203],[-3.0075,43.2035],[-3.008,43.2045],[-3.0075,43.205],[-3.0075,43.2055],[-3.007,43.206],[-3.0065,43.2065],[-3.0065,43.207],[-3.0065,43.2075],[-3.0075,43.2075],[-3.0065,43.2075],[-3.0065,43.208],[-3.006,43.2085],[-3.006,43.209],[-3.006,43.2105],[-3.0065,43.2105],[-3.0075,43.2105],[-3.008,43.21],[-3.0085,43.21],[-3.0105,43.2115],[-3.0105,43.211],[-3.01,43.208],[-3.0145,43.2055],[-3.014,43.205],[-3.0145,43.205],[-3.013,43.204],[-3.013,43.202],[-3.018,43.2065],[-3.0125,43.2085],[-3.013,43.214],[-3.0105,43.213],[-3.01,43.213],[-3.007,43.2105],[-3.0065,43.2105],[-3.0065,43.2115],[-3.006,43.2125],[-3.0065,43.2125],[-3.0065,43.213],[-3.007,43.213],[-3.007,43.2135],[-3.0075,43.214],[-3.007,43.214],[-3.0075,43.2155],[-3.0065,43.218],[-3.0065,43.219],[-3.0075,43.2195],[-3.0085,43.2205],[-3.011,43.2225],[-3.013,43.223],[-3.0135,43.223],[-3.0135,43.2235],[-3.014,43.221],[-3.013,43.2205],[-3.0115,43.2205],[-3.0115,43.22],[-3.0105,43.2195],[-3.0105,43.219],[-3.0105,43.216],[-3.0105,43.2155],[-3.01,43.2145],[-3.01,43.214],[-3.01,43.2135],[-3.0105,43.214],[-3.0105,43.2145],[-3.011,43.2155],[-3.011,43.216],[-3.016,43.22],[-3.0175,43.219],[-3.0155,43.2175],[-3.0155,43.217],[-3.015,43.217],[-3.0145,43.217],[-3.0135,43.2145],[-3.014,43.2105],[-3.0135,43.2105],[-3.014,43.2105],[-3.014,43.213],[-3.014,43.2135],[-3.0135,43.214],[-3.014,43.214],[-3.0145,43.214],[-3.0155,43.214],[-3.016,43.215],[-3.016,43.2165],[-3.0155,43.2165],[-3.015,43.217],[-3.0155,43.217],[-3.019,43.219],[-3.0205,43.2175],[-3.0245,43.215],[-3.025,43.215],[-3.0245,43.215],[-3.0235,43.214],[-3.023,43.214],[-3.0225,43.214],[-3.023,43.215],[-3.018,43.214],[-3.016,43.212],[-3.0205,43.212],[-3.0195,43.2115],[-3.0185,43.2105],[-3.022,43.213],[-3.0225,43.213],[-3.023,43.2135],[-3.0235,43.214],[-3.024,43.214],[-3.024,43.2145],[-3.025,43.215],[-3.0265,43.215],[-3.0325,43.215],[-3.0385,43.2105],[-3.0375,43.2085],[-3.0365,43.208],[-3.0345,43.208],[-3.033,43.2075],[-3.0325,43.2065],[-3.033,43.207],[-3.0335,43.207],[-3.035,43.207],[-3.036,43.2065],[-3.035,43.2075],[-3.0375,43.207]]],[[[-2.9795,43.2235],[-2.9805,43.224],[-2.98,43.2245],[-2.9795,43.224],[-2.979,43.2235],[-2.9785,43.2235],[-2.978,43.223],[-2.977,43.223],[-2.974,43.222],[-2.9755,43.2205],[-2.976,43.22],[-2.974,43.22],[-2.9735,43.22],[-2.972,43.222],[-2.9705,43.2225],[-2.97,43.223],[-2.9745,43.2245],[-2.9745,43.227],[-2.9755,43.227],[-2.9755,43.2275],[-2.9775,43.2305],[-2.9775,43.232],[-2.9785,43.232],[-2.979,43.232],[-2.9795,43.2325],[-2.98,43.233],[-2.9795,43.2335],[-2.9805,43.2335],[-2.9805,43.234],[-2.9815,43.2345],[-2.981,43.2345],[-2.981,43.235],[-2.9835,43.235],[-2.984,43.235],[-2.9865,43.2345],[-2.986,43.2345],[-2.9855,43.2345],[-2.985,43.234],[-2.9845,43.2335],[-2.984,43.233],[-2.9835,43.233],[-2.9835,43.2325],[-2.9835,43.232],[-2.9835,43.2315],[-2.9835,43.2305],[-2.9835,43.23],[-2.9835,43.2295],[-2.9835,43.229],[-2.9835,43.2285],[-2.9835,43.2275],[-2.983,43.2265],[-2.9835,43.2265],[-2.9835,43.2245],[-2.9835,43.224],[-2.9825,43.223],[-2.982,43.223],[-2.9815,43.223],[-2.979,43.2225],[-2.979,43.223],[-2.9795,43.2235]]],[[[-2.983,42.882],[-2.984,42.882],[-2.985,42.8815],[-2.9845,42.8785],[-2.97,42.8755],[-2.9555,42.8735],[-2.955,42.876],[-2.956,42.877],[-2.9565,42.877],[-2.9585,42.876],[-2.959,42.877],[-2.967,42.877],[-2.968,42.878],[-2.9685,42.879],[-2.9695,42.8795],[-2.9715,42.8815],[-2.9725,42.8815],[-2.9735,42.8815],[-2.975,42.8815],[-2.978,42.8825],[-2.981,42.883],[-2.9815,42.8825],[-2.982,42.8825],[-2.983,42.882]]],[[[-2.9905,43.0055],[-2.9905,43.005],[-2.99,43.005],[-2.99,43.0045],[-2.9895,43.0045],[-2.9895,43.004],[-2.989,43.004],[-2.989,43.0035],[-2.9885,43.0035],[-2.9885,43.003],[-2.988,43.003],[-2.9875,43.003],[-2.986,43.0025],[-2.986,43.002],[-2.985,43.0025],[-2.9845,43.0025],[-2.9845,43.003],[-2.984,43.0035],[-2.9835,43.0035],[-2.984,43.003],[-2.9845,43.0025],[-2.985,43.0015],[-2.9845,43.001],[-2.984,43.0005],[-2.9835,43],[-2.983,43],[-2.9825,42.9995],[-2.979,43.0005],[-2.9785,43.001],[-2.974,43.002],[-2.9735,43.0025],[-2.973,43.0025],[-2.9735,43.0025],[-2.974,43.002],[-2.9785,43.001],[-2.979,43.0005],[-2.979,43],[-2.98,42.9995],[-2.981,42.9985],[-2.9805,42.998],[-2.9805,42.9975],[-2.9795,42.997],[-2.979,42.997],[-2.98,42.997],[-2.9785,42.996],[-2.978,42.996],[-2.977,42.9965],[-2.9765,42.9965],[-2.9755,42.9965],[-2.973,42.9975],[-2.9695,42.999],[-2.97,42.999],[-2.97,42.9975],[-2.9695,42.9975],[-2.97,42.9975],[-2.9705,42.997],[-2.97,42.997],[-2.9695,42.9965],[-2.972,42.9965],[-2.969,42.996],[-2.9665,42.9975],[-2.9665,42.9965],[-2.9635,42.9985],[-2.9635,42.999],[-2.964,42.9995],[-2.9645,43],[-2.9655,43],[-2.9655,43.0005],[-2.9655,43.001],[-2.9665,43.002],[-2.966,43.0025],[-2.952,43.005],[-2.952,43.0055],[-2.9515,43.0055],[-2.951,43.006],[-2.95,43.0075],[-2.9505,43.008],[-2.951,43.008],[-2.9505,43.008],[-2.9485,43.0075],[-2.9465,43.005],[-2.9465,43.0045],[-2.946,43.0035],[-2.944,43.0025],[-2.9435,43.002],[-2.9435,43.0025],[-2.943,43.0025],[-2.937,43.003],[-2.9375,43.003],[-2.938,43.0035],[-2.9385,43.0035],[-2.939,43.004],[-2.9425,43.0055],[-2.943,43.006],[-2.9435,43.0055],[-2.9435,43.006],[-2.945,43.008],[-2.946,43.009],[-2.947,43.0095],[-2.9475,43.01],[-2.9505,43.0105],[-2.9515,43.0105],[-2.9535,43.011],[-2.9525,43.0095],[-2.956,43.0095],[-2.9565,43.009],[-2.957,43.009],[-2.957,43.0085],[-2.9575,43.0085],[-2.958,43.0085],[-2.96,43.007],[-2.961,43.0065],[-2.963,43.0065],[-2.9635,43.0065],[-2.9635,43.005],[-2.964,43.004],[-2.964,43.0045],[-2.9645,43.007],[-2.9665,43.008],[-2.9665,43.01],[-2.966,43.012],[-2.9665,43.013],[-2.967,43.0135],[-2.967,43.014],[-2.9675,43.0145],[-2.9675,43.015],[-2.967,43.016],[-2.967,43.0165],[-2.967,43.017],[-2.967,43.018],[-2.967,43.0185],[-2.9675,43.019],[-2.9685,43.0195],[-2.9685,43.02],[-2.969,43.02],[-2.9695,43.02],[-2.97,43.02],[-2.9715,43.02],[-2.972,43.02],[-2.972,43.0195],[-2.974,43.018],[-2.9745,43.018],[-2.974,43.018],[-2.9735,43.018],[-2.9695,43.019],[-2.968,43.0185],[-2.9675,43.0155],[-2.971,43.017],[-2.9745,43.0175],[-2.9755,43.015],[-2.976,43.0145],[-2.976,43.0135],[-2.9775,43.0125],[-2.978,43.012],[-2.9805,43.012],[-2.981,43.012],[-2.9815,43.012],[-2.9815,43.0125],[-2.982,43.0125],[-2.9825,43.0135],[-2.983,43.0135],[-2.983,43.014],[-2.9835,43.015],[-2.9835,43.0155],[-2.984,43.0155],[-2.9845,43.016],[-2.986,43.0185],[-2.9855,43.0195],[-2.9855,43.02],[-2.986,43.02],[-2.9855,43.0205],[-2.985,43.0205],[-2.985,43.021],[-2.9865,43.0215],[-2.987,43.0225],[-2.9875,43.023],[-2.9885,43.024],[-2.9895,43.024],[-2.989,43.022],[-2.989,43.0215],[-2.9905,43.018],[-2.9875,43.0165],[-2.9885,43.015],[-2.988,43.016],[-2.988,43.015],[-2.989,43.013],[-2.99,43.013],[-2.991,43.014],[-2.991,43.013],[-2.991,43.0125],[-2.9915,43.0135],[-2.992,43.0135],[-2.9925,43.014],[-2.9925,43.015],[-2.9925,43.0155],[-2.9935,43.0155],[-2.996,43.015],[-2.9965,43.015],[-3.0005,43.0155],[-3.001,43.0145],[-3.001,43.014],[-3.001,43.0135],[-3.001,43.014],[-3.0005,43.014],[-3.0005,43.0135],[-3.001,43.0135],[-3.0005,43.013],[-2.997,43.0115],[-2.9965,43.0115],[-2.996,43.0115],[-2.9945,43.011],[-2.9945,43.0105],[-2.994,43.0105],[-2.9935,43.0105],[-2.992,43.011],[-2.993,43.0105],[-2.9935,43.0105],[-2.993,43.0095],[-2.9925,43.0085],[-2.992,43.0075],[-2.9905,43.0055]]],[[[-2.9685,43.027],[-2.974,43.0255],[-2.974,43.026],[-2.9735,43.0265],[-2.9735,43.026],[-2.9735,43.027],[-2.9735,43.0265],[-2.9735,43.027],[-2.9725,43.0275],[-2.973,43.028],[-2.9735,43.029],[-2.9735,43.0295],[-2.974,43.0295],[-2.9745,43.0295],[-2.9745,43.03],[-2.9745,43.0305],[-2.975,43.0305],[-2.975,43.031],[-2.9765,43.031],[-2.9755,43.029],[-2.9745,43.0275],[-2.9745,43.027],[-2.975,43.0265],[-2.9755,43.026],[-2.9775,43.0235],[-2.9785,43.023],[-2.979,43.0225],[-2.98,43.0215],[-2.98,43.021],[-2.9805,43.0205],[-2.981,43.02],[-2.9815,43.0165],[-2.9815,43.016],[-2.9805,43.0125],[-2.978,43.012],[-2.9775,43.0125],[-2.9785,43.013],[-2.9795,43.013],[-2.9765,43.014],[-2.976,43.014],[-2.9755,43.0155],[-2.9755,43.016],[-2.9755,43.0165],[-2.975,43.017],[-2.9775,43.016],[-2.978,43.016],[-2.9805,43.017],[-2.979,43.0185],[-2.9775,43.017],[-2.977,43.017],[-2.9755,43.017],[-2.975,43.017],[-2.975,43.0175],[-2.9745,43.018],[-2.974,43.0185],[-2.9735,43.0185],[-2.9735,43.019],[-2.973,43.019],[-2.973,43.0195],[-2.9725,43.0195],[-2.972,43.02],[-2.9695,43.02],[-2.969,43.02],[-2.9685,43.02],[-2.968,43.0195],[-2.9675,43.0195],[-2.9675,43.019],[-2.967,43.0185],[-2.9665,43.0175],[-2.967,43.0155],[-2.967,43.014],[-2.9665,43.0135],[-2.966,43.013],[-2.9655,43.012],[-2.9655,43.011],[-2.9655,43.0105],[-2.9655,43.011],[-2.966,43.0085],[-2.9635,43.007],[-2.9635,43.01],[-2.9635,43.0105],[-2.963,43.011],[-2.9635,43.0115],[-2.963,43.0125],[-2.963,43.013],[-2.964,43.015],[-2.9645,43.015],[-2.9645,43.0155],[-2.961,43.0175],[-2.9605,43.0175],[-2.9605,43.018],[-2.96,43.018],[-2.96,43.0185],[-2.9605,43.0185],[-2.96,43.019],[-2.9595,43.0185],[-2.959,43.0185],[-2.9585,43.019],[-2.958,43.019],[-2.9575,43.019],[-2.9585,43.0195],[-2.9565,43.0195],[-2.9565,43.0205],[-2.956,43.02],[-2.955,43.02],[-2.955,43.0205],[-2.9555,43.0205],[-2.955,43.0215],[-2.9545,43.023],[-2.9535,43.021],[-2.953,43.021],[-2.9525,43.0215],[-2.952,43.0215],[-2.952,43.0225],[-2.952,43.023],[-2.952,43.0235],[-2.9515,43.0245],[-2.9515,43.025],[-2.951,43.0255],[-2.951,43.026],[-2.952,43.0255],[-2.952,43.025],[-2.952,43.0245],[-2.9525,43.024],[-2.9545,43.0235],[-2.9545,43.023],[-2.955,43.0235],[-2.955,43.023],[-2.9555,43.023],[-2.9585,43.021],[-2.959,43.021],[-2.9585,43.0205],[-2.9595,43.02],[-2.9595,43.021],[-2.9605,43.022],[-2.9605,43.0215],[-2.9605,43.022],[-2.9605,43.023],[-2.961,43.023],[-2.961,43.0235],[-2.9615,43.0235],[-2.962,43.0235],[-2.962,43.024],[-2.9625,43.024],[-2.9625,43.0245],[-2.963,43.0245],[-2.965,43.0255],[-2.9665,43.0255],[-2.9675,43.0265],[-2.9685,43.027]]],[[[-2.9645,42.807],[-2.966,42.808],[-2.9665,42.8075],[-2.9685,42.8065],[-2.969,42.8065],[-2.9695,42.807],[-2.9735,42.807],[-2.975,42.807],[-2.975,42.8065],[-2.9775,42.8065],[-2.977,42.8065],[-2.977,42.806],[-2.975,42.8055],[-2.9745,42.8055],[-2.9655,42.8045],[-2.965,42.804],[-2.9525,42.803],[-2.944,42.801],[-2.944,42.7985],[-2.9365,42.7975],[-2.9355,42.797],[-2.935,42.7965],[-2.9345,42.796],[-2.9315,42.7975],[-2.9295,42.798],[-2.929,42.798],[-2.929,42.7975],[-2.9285,42.7975],[-2.928,42.7975],[-2.928,42.797],[-2.927,42.7965],[-2.9305,42.7995],[-2.9445,42.804],[-2.939,42.803],[-2.9395,42.8035],[-2.944,42.809],[-2.946,42.809],[-2.947,42.809],[-2.949,42.809],[-2.947,42.8095],[-2.948,42.8095],[-2.9485,42.8095],[-2.949,42.8095],[-2.9545,42.809],[-2.9545,42.808],[-2.955,42.8085],[-2.9555,42.808],[-2.9525,42.8065],[-2.9545,42.807],[-2.9555,42.807],[-2.957,42.807],[-2.957,42.806],[-2.958,42.8065],[-2.9585,42.8065],[-2.959,42.8065],[-2.959,42.806],[-2.9595,42.806],[-2.96,42.806],[-2.9605,42.806],[-2.961,42.806],[-2.9635,42.8065],[-2.964,42.8065],[-2.964,42.807],[-2.9645,42.807]]],[[[-2.9805,42.897],[-2.979,42.8965],[-2.9725,42.8955],[-2.972,42.8955],[-2.9715,42.896],[-2.971,42.896],[-2.97,42.896],[-2.9695,42.896],[-2.968,42.8955],[-2.967,42.8955],[-2.967,42.895],[-2.9645,42.8935],[-2.964,42.892],[-2.9635,42.891],[-2.9635,42.8905],[-2.9635,42.8885],[-2.9635,42.888],[-2.9625,42.888],[-2.9625,42.89],[-2.9625,42.888],[-2.9615,42.888],[-2.96,42.887],[-2.959,42.889],[-2.959,42.887],[-2.9585,42.887],[-2.958,42.887],[-2.956,42.8875],[-2.954,42.887],[-2.9535,42.887],[-2.953,42.8865],[-2.9495,42.886],[-2.9485,42.887],[-2.9485,42.8895],[-2.948,42.887],[-2.9445,42.8845],[-2.9475,42.884],[-2.948,42.884],[-2.9485,42.8845],[-2.949,42.8845],[-2.9505,42.8845],[-2.9495,42.8825],[-2.9495,42.882],[-2.9475,42.8795],[-2.9465,42.8795],[-2.945,42.879],[-2.9475,42.881],[-2.943,42.88],[-2.943,42.8795],[-2.9445,42.879],[-2.944,42.879],[-2.9435,42.8785],[-2.941,42.8775],[-2.936,42.8775],[-2.925,42.876],[-2.9255,42.8765],[-2.9315,42.8845],[-2.932,42.8845],[-2.9345,42.886],[-2.934,42.8875],[-2.9335,42.8875],[-2.933,42.8875],[-2.9275,42.8865],[-2.926,42.8835],[-2.924,42.8835],[-2.9275,42.883],[-2.928,42.8845],[-2.929,42.883],[-2.9255,42.8765],[-2.922,42.8755],[-2.9215,42.876],[-2.918,42.877],[-2.918,42.8785],[-2.9185,42.879],[-2.919,42.882],[-2.9185,42.882],[-2.9175,42.882],[-2.916,42.8825],[-2.9145,42.8825],[-2.9145,42.883],[-2.915,42.883],[-2.9155,42.883],[-2.916,42.883],[-2.916,42.8835],[-2.9155,42.883],[-2.9145,42.883],[-2.914,42.8825],[-2.913,42.883],[-2.9125,42.883],[-2.911,42.8835],[-2.9105,42.8835],[-2.912,42.884],[-2.9125,42.884],[-2.913,42.884],[-2.9135,42.884],[-2.914,42.884],[-2.914,42.8845],[-2.9155,42.8845],[-2.916,42.8845],[-2.916,42.885],[-2.9155,42.885],[-2.917,42.886],[-2.9145,42.8855],[-2.9165,42.892],[-2.916,42.8925],[-2.911,42.895],[-2.911,42.8955],[-2.9105,42.895],[-2.91,42.895],[-2.91,42.8955],[-2.91,42.897],[-2.9105,42.8975],[-2.91,42.9005],[-2.9055,42.9025],[-2.9055,42.9],[-2.9075,42.8965],[-2.9085,42.895],[-2.905,42.898],[-2.9045,42.8985],[-2.9045,42.9025],[-2.9045,42.903],[-2.904,42.9035],[-2.8975,42.9065],[-2.8975,42.9075],[-2.8975,42.9085],[-2.898,42.9085],[-2.898,42.909],[-2.8985,42.9095],[-2.899,42.91],[-2.899,42.9105],[-2.8995,42.9105],[-2.902,42.9115],[-2.9015,42.911],[-2.902,42.9115],[-2.9045,42.9105],[-2.9045,42.91],[-2.906,42.911],[-2.906,42.913],[-2.9065,42.913],[-2.907,42.9135],[-2.9075,42.9135],[-2.9085,42.913],[-2.907,42.9135],[-2.9065,42.9135],[-2.905,42.913],[-2.9035,42.9145],[-2.903,42.914],[-2.903,42.913],[-2.9045,42.9125],[-2.9045,42.913],[-2.9045,42.9125],[-2.904,42.912],[-2.9005,42.912],[-2.901,42.9125],[-2.9025,42.914],[-2.9035,42.9155],[-2.9035,42.916],[-2.904,42.9165],[-2.9045,42.9175],[-2.907,42.917],[-2.9075,42.917],[-2.9175,42.9125],[-2.914,42.9175],[-2.921,42.917],[-2.9255,42.91],[-2.925,42.91],[-2.924,42.9095],[-2.9245,42.909],[-2.926,42.9095],[-2.927,42.9115],[-2.926,42.912],[-2.926,42.911],[-2.9255,42.91],[-2.926,42.911],[-2.9255,42.9115],[-2.9245,42.913],[-2.9235,42.914],[-2.921,42.917],[-2.916,42.92],[-2.9155,42.9245],[-2.915,42.9255],[-2.915,42.927],[-2.915,42.9275],[-2.918,42.928],[-2.922,42.9185],[-2.931,42.913],[-2.941,42.91],[-2.952,42.9095],[-2.9575,42.903],[-2.958,42.9015],[-2.96,42.903],[-2.9655,42.9035],[-2.9735,42.9],[-2.9745,42.8995],[-2.9775,42.9],[-2.9785,42.8995],[-2.981,42.9],[-2.982,42.9005],[-2.9825,42.9005],[-2.983,42.897],[-2.9805,42.897]],[[-2.9595,42.8915],[-2.96,42.89],[-2.96,42.8915],[-2.959,42.896],[-2.9585,42.896],[-2.9575,42.897],[-2.9565,42.8975],[-2.9555,42.8985],[-2.9545,42.896],[-2.954,42.8955],[-2.95,42.8945],[-2.9515,42.8945],[-2.953,42.8945],[-2.957,42.891],[-2.9595,42.8915]]],[[[-2.9335,43.085],[-2.933,43.0855],[-2.93,43.086],[-2.93,43.0835],[-2.929,43.0835],[-2.929,43.0865],[-2.9295,43.0865],[-2.9295,43.087],[-2.933,43.0875],[-2.9335,43.0875],[-2.934,43.0875],[-2.9335,43.0875],[-2.933,43.087],[-2.934,43.0875],[-2.9345,43.0875],[-2.9365,43.088],[-2.937,43.089],[-2.936,43.0895],[-2.9315,43.0905],[-2.9305,43.0905],[-2.9295,43.091],[-2.928,43.0925],[-2.928,43.093],[-2.9305,43.094],[-2.931,43.0945],[-2.931,43.095],[-2.9315,43.095],[-2.932,43.095],[-2.937,43.094],[-2.938,43.094],[-2.9385,43.094],[-2.94,43.0945],[-2.942,43.094],[-2.9425,43.0935],[-2.9425,43.094],[-2.947,43.0895],[-2.943,43.0885],[-2.9425,43.088],[-2.944,43.088],[-2.9445,43.0875],[-2.9445,43.088],[-2.945,43.0865],[-2.9425,43.0865],[-2.936,43.084],[-2.9315,43.083],[-2.929,43.08],[-2.929,43.0795],[-2.9265,43.0795],[-2.926,43.0795],[-2.926,43.08],[-2.9275,43.0825],[-2.928,43.0825],[-2.929,43.0825],[-2.9295,43.0825],[-2.93,43.0825],[-2.93,43.083],[-2.9305,43.0835],[-2.9325,43.0845],[-2.9335,43.0845],[-2.9335,43.085]]],[[[-2.939,42.778],[-2.9335,42.775],[-2.929,42.781],[-2.9265,42.775],[-2.9255,42.7685],[-2.9235,42.7665],[-2.913,42.764],[-2.9045,42.766],[-2.9115,42.7745],[-2.9135,42.78],[-2.9225,42.7805],[-2.9245,42.7825],[-2.9285,42.786],[-2.93,42.79],[-2.928,42.793],[-2.9275,42.7935],[-2.926,42.794],[-2.9265,42.7955],[-2.9255,42.7955],[-2.9265,42.796],[-2.927,42.7955],[-2.9275,42.7955],[-2.9275,42.7945],[-2.9285,42.7945],[-2.928,42.7955],[-2.9285,42.796],[-2.931,42.7965],[-2.9325,42.796],[-2.934,42.7955],[-2.9335,42.789],[-2.944,42.783],[-2.944,42.7825],[-2.944,42.783],[-2.945,42.783],[-2.953,42.7815],[-2.9545,42.781],[-2.9565,42.776],[-2.9565,42.7735],[-2.956,42.7735],[-2.9525,42.771],[-2.951,42.771],[-2.9495,42.771],[-2.9505,42.771],[-2.951,42.771],[-2.951,42.7715],[-2.9495,42.7715],[-2.9495,42.771],[-2.948,42.771],[-2.9475,42.7715],[-2.9475,42.772],[-2.9445,42.7745],[-2.941,42.7765],[-2.937,42.7735],[-2.943,42.7705],[-2.9435,42.77],[-2.9415,42.769],[-2.9405,42.769],[-2.94,42.769],[-2.94,42.7695],[-2.9395,42.7695],[-2.939,42.7695],[-2.939,42.77],[-2.941,42.77],[-2.9405,42.7705],[-2.939,42.771],[-2.9385,42.7715],[-2.938,42.7715],[-2.938,42.771],[-2.937,42.77],[-2.9375,42.7695],[-2.936,42.7695],[-2.9355,42.77],[-2.934,42.77],[-2.933,42.77],[-2.9335,42.775],[-2.939,42.778]]],[[[-2.93,42.8715],[-2.931,42.8735],[-2.9335,42.873],[-2.9395,42.8735],[-2.942,42.8705],[-2.928,42.866],[-2.9145,42.8625],[-2.9115,42.8635],[-2.911,42.864],[-2.9115,42.865],[-2.9145,42.8645],[-2.917,42.8655],[-2.9245,42.8685],[-2.9245,42.869],[-2.9245,42.87],[-2.925,42.87],[-2.93,42.8715]]],[[[-2.912,43.3865],[-2.9125,43.386],[-2.914,43.3855],[-2.9145,43.3855],[-2.915,43.3855],[-2.9155,43.3855],[-2.916,43.3855],[-2.917,43.3825],[-2.9175,43.382],[-2.917,43.3795],[-2.919,43.377],[-2.9175,43.3765],[-2.917,43.3765],[-2.914,43.3745],[-2.914,43.374],[-2.911,43.371],[-2.9105,43.371],[-2.9085,43.3725],[-2.9075,43.3735],[-2.9065,43.3735],[-2.906,43.3735],[-2.906,43.374],[-2.9055,43.374],[-2.905,43.374],[-2.903,43.374],[-2.902,43.374],[-2.9,43.374],[-2.899,43.374],[-2.899,43.3735],[-2.897,43.3735],[-2.896,43.3735],[-2.8955,43.3745],[-2.896,43.3745],[-2.896,43.375],[-2.896,43.3745],[-2.897,43.3755],[-2.8965,43.375],[-2.8965,43.3755],[-2.8965,43.376],[-2.901,43.381],[-2.902,43.3815],[-2.9035,43.382],[-2.904,43.382],[-2.904,43.3815],[-2.9035,43.3795],[-2.9045,43.38],[-2.9055,43.38],[-2.9085,43.3805],[-2.913,43.3815],[-2.9135,43.3825],[-2.9045,43.3845],[-2.904,43.385],[-2.905,43.386],[-2.908,43.3865],[-2.9095,43.3875],[-2.91,43.388],[-2.9105,43.3875],[-2.911,43.3875],[-2.912,43.3865]]],[[[-2.902,42.69],[-2.9035,42.687],[-2.8975,42.6845],[-2.8935,42.6855],[-2.892,42.691],[-2.902,42.69]]],[[[-2.892,42.7435],[-2.8915,42.743],[-2.89,42.7435],[-2.8895,42.7425],[-2.889,42.7425],[-2.8895,42.7445],[-2.8885,42.744],[-2.888,42.743],[-2.888,42.744],[-2.889,42.7445],[-2.889,42.745],[-2.889,42.746],[-2.8885,42.746],[-2.886,42.7455],[-2.886,42.746],[-2.886,42.7465],[-2.8865,42.7465],[-2.8875,42.7465],[-2.888,42.7465],[-2.887,42.747],[-2.887,42.7475],[-2.8875,42.748],[-2.887,42.749],[-2.886,42.7495],[-2.8855,42.7495],[-2.887,42.7525],[-2.8885,42.7525],[-2.889,42.753],[-2.889,42.7535],[-2.889,42.7545],[-2.8885,42.7545],[-2.888,42.7545],[-2.888,42.755],[-2.887,42.7555],[-2.887,42.756],[-2.885,42.7565],[-2.885,42.757],[-2.8855,42.757],[-2.886,42.757],[-2.886,42.758],[-2.8855,42.758],[-2.885,42.758],[-2.8835,42.7585],[-2.883,42.7585],[-2.881,42.76],[-2.881,42.7605],[-2.8835,42.7625],[-2.883,42.7635],[-2.884,42.763],[-2.884,42.7625],[-2.8845,42.7625],[-2.885,42.7625],[-2.887,42.7615],[-2.888,42.7605],[-2.8875,42.7615],[-2.889,42.7615],[-2.891,42.7615],[-2.8915,42.761],[-2.892,42.7615],[-2.8945,42.762],[-2.8955,42.7625],[-2.896,42.7625],[-2.8965,42.7625],[-2.8945,42.759],[-2.8945,42.7585],[-2.892,42.759],[-2.8945,42.7585],[-2.895,42.7585],[-2.896,42.759],[-2.8975,42.759],[-2.8985,42.7595],[-2.8995,42.7605],[-2.901,42.761],[-2.9,42.7605],[-2.9,42.7575],[-2.902,42.7575],[-2.903,42.7575],[-2.904,42.757],[-2.9045,42.757],[-2.9055,42.757],[-2.9055,42.7565],[-2.9055,42.756],[-2.906,42.756],[-2.906,42.755],[-2.9055,42.753],[-2.9055,42.7505],[-2.9055,42.75],[-2.9055,42.749],[-2.905,42.7485],[-2.904,42.749],[-2.903,42.749],[-2.905,42.748],[-2.906,42.7475],[-2.9075,42.746],[-2.906,42.746],[-2.9055,42.746],[-2.9035,42.746],[-2.902,42.746],[-2.901,42.746],[-2.8975,42.7465],[-2.8975,42.7475],[-2.898,42.748],[-2.899,42.748],[-2.897,42.749],[-2.8965,42.749],[-2.896,42.7475],[-2.897,42.7475],[-2.8975,42.7475],[-2.897,42.7465],[-2.8955,42.7465],[-2.8945,42.746],[-2.894,42.7455],[-2.8935,42.7455],[-2.8935,42.745],[-2.8915,42.7445],[-2.892,42.7435]]],[[[-2.903,42.7685],[-2.9005,42.7655],[-2.9005,42.765],[-2.9,42.7645],[-2.8975,42.7655],[-2.892,42.7635],[-2.8895,42.768],[-2.8875,42.768],[-2.888,42.767],[-2.888,42.7665],[-2.8865,42.7685],[-2.8875,42.7655],[-2.8905,42.7645],[-2.885,42.766],[-2.8835,42.77],[-2.8835,42.772],[-2.884,42.772],[-2.8845,42.7715],[-2.8845,42.772],[-2.8835,42.772],[-2.8835,42.773],[-2.884,42.773],[-2.8835,42.773],[-2.88,42.777],[-2.889,42.781],[-2.8935,42.78],[-2.894,42.7805],[-2.895,42.7805],[-2.8955,42.7805],[-2.8955,42.78],[-2.897,42.78],[-2.898,42.775],[-2.9045,42.7715],[-2.904,42.769],[-2.9035,42.769],[-2.903,42.7685]]],[[[-2.886,42.785],[-2.8865,42.785],[-2.887,42.7855],[-2.8875,42.7855],[-2.888,42.7855],[-2.8885,42.786],[-2.889,42.786],[-2.8895,42.786],[-2.8905,42.786],[-2.891,42.786],[-2.8915,42.786],[-2.892,42.7865],[-2.892,42.786],[-2.893,42.787],[-2.8945,42.7875],[-2.895,42.788],[-2.8955,42.788],[-2.8995,42.786],[-2.8995,42.7855],[-2.9,42.785],[-2.9005,42.7845],[-2.9005,42.784],[-2.901,42.7835],[-2.899,42.7825],[-2.8915,42.784],[-2.8825,42.783],[-2.8845,42.784],[-2.8855,42.785],[-2.886,42.785]]],[[[-2.9005,42.8795],[-2.9045,42.8765],[-2.9025,42.8745],[-2.9015,42.874],[-2.901,42.8755],[-2.901,42.875],[-2.9005,42.875],[-2.898,42.8755],[-2.8975,42.8755],[-2.897,42.8755],[-2.897,42.875],[-2.8955,42.8755],[-2.895,42.8755],[-2.895,42.88],[-2.8955,42.88],[-2.8955,42.8795],[-2.8955,42.88],[-2.895,42.88],[-2.896,42.8805],[-2.9,42.8795],[-2.9005,42.8795]]],[[[-2.8795,42.654],[-2.886,42.658],[-2.8865,42.658],[-2.8865,42.6585],[-2.8865,42.659],[-2.885,42.654],[-2.883,42.652],[-2.8825,42.652],[-2.879,42.65],[-2.8785,42.65],[-2.878,42.65],[-2.876,42.649],[-2.8755,42.649],[-2.8725,42.6495],[-2.8745,42.6515],[-2.877,42.654],[-2.8775,42.654],[-2.8795,42.654]]],[[[-2.8925,43.1895],[-2.8915,43.189],[-2.891,43.1885],[-2.8905,43.1885],[-2.89,43.189],[-2.8895,43.189],[-2.889,43.189],[-2.887,43.1875],[-2.8835,43.186],[-2.883,43.1865],[-2.882,43.187],[-2.882,43.1875],[-2.8825,43.1885],[-2.8815,43.188],[-2.881,43.188],[-2.8805,43.1885],[-2.8795,43.1885],[-2.879,43.1885],[-2.8785,43.1885],[-2.878,43.1885],[-2.8775,43.189],[-2.877,43.1905],[-2.877,43.191],[-2.878,43.191],[-2.879,43.191],[-2.886,43.1935],[-2.886,43.193],[-2.8855,43.193],[-2.882,43.1915],[-2.8855,43.1925],[-2.886,43.193],[-2.8885,43.1945],[-2.8895,43.1945],[-2.89,43.1945],[-2.8895,43.1955],[-2.8895,43.196],[-2.89,43.196],[-2.8905,43.196],[-2.891,43.196],[-2.891,43.1965],[-2.8925,43.1975],[-2.894,43.196],[-2.8955,43.1925],[-2.8945,43.1915],[-2.8945,43.191],[-2.894,43.191],[-2.8925,43.1895]]],[[[-2.8705,42.709],[-2.871,42.709],[-2.873,42.708],[-2.8695,42.706],[-2.8635,42.7085],[-2.8665,42.713],[-2.8705,42.7095],[-2.8705,42.709]]],[[[-2.871,42.7815],[-2.876,42.783],[-2.878,42.7835],[-2.8795,42.783],[-2.88,42.783],[-2.8785,42.781],[-2.868,42.7765],[-2.865,42.775],[-2.87,42.776],[-2.8715,42.7755],[-2.8685,42.7685],[-2.8665,42.7665],[-2.8655,42.767],[-2.865,42.767],[-2.864,42.767],[-2.8615,42.767],[-2.854,42.767],[-2.8545,42.769],[-2.855,42.769],[-2.855,42.7695],[-2.8555,42.7695],[-2.8555,42.77],[-2.856,42.77],[-2.856,42.7705],[-2.858,42.7725],[-2.858,42.773],[-2.862,42.7765],[-2.8625,42.7765],[-2.863,42.777],[-2.865,42.7775],[-2.865,42.778],[-2.8685,42.7795],[-2.869,42.7795],[-2.8695,42.78],[-2.87,42.7805],[-2.8705,42.7805],[-2.8715,42.78],[-2.872,42.78],[-2.873,42.78],[-2.873,42.7805],[-2.8735,42.7805],[-2.874,42.7805],[-2.8745,42.7805],[-2.875,42.7805],[-2.8765,42.781],[-2.875,42.7805],[-2.8745,42.7805],[-2.874,42.7805],[-2.8735,42.7805],[-2.873,42.7805],[-2.872,42.78],[-2.8715,42.78],[-2.871,42.7815]]],[[[-2.838,42.785],[-2.8375,42.7855],[-2.836,42.796],[-2.831,42.7925],[-2.827,42.7865],[-2.825,42.7965],[-2.833,42.797],[-2.841,42.7995],[-2.843,42.8035],[-2.8465,42.802],[-2.848,42.8065],[-2.8495,42.807],[-2.85,42.807],[-2.8505,42.807],[-2.8505,42.8075],[-2.851,42.808],[-2.8515,42.8075],[-2.853,42.8075],[-2.8525,42.8095],[-2.853,42.8095],[-2.8525,42.81],[-2.852,42.81],[-2.852,42.8105],[-2.857,42.8085],[-2.858,42.809],[-2.8585,42.809],[-2.8575,42.81],[-2.8575,42.8105],[-2.8575,42.81],[-2.859,42.8095],[-2.8595,42.81],[-2.859,42.8095],[-2.862,42.81],[-2.8635,42.81],[-2.8635,42.8105],[-2.864,42.8105],[-2.868,42.811],[-2.8685,42.8105],[-2.873,42.809],[-2.88,42.8115],[-2.8805,42.8115],[-2.881,42.8115],[-2.8815,42.8115],[-2.885,42.812],[-2.8865,42.8125],[-2.8865,42.812],[-2.8875,42.812],[-2.8865,42.8125],[-2.8865,42.813],[-2.887,42.8135],[-2.8855,42.816],[-2.885,42.816],[-2.884,42.817],[-2.8875,42.8165],[-2.8915,42.8135],[-2.892,42.813],[-2.893,42.8135],[-2.8945,42.813],[-2.8945,42.815],[-2.8955,42.8165],[-2.896,42.816],[-2.897,42.816],[-2.8955,42.814],[-2.895,42.814],[-2.895,42.813],[-2.8955,42.813],[-2.896,42.813],[-2.8955,42.8125],[-2.896,42.812],[-2.898,42.8115],[-2.899,42.8125],[-2.8985,42.8125],[-2.898,42.813],[-2.8985,42.813],[-2.9,42.8125],[-2.9005,42.8125],[-2.8955,42.8105],[-2.8975,42.807],[-2.8915,42.8045],[-2.8905,42.801],[-2.888,42.801],[-2.883,42.8025],[-2.87,42.8005],[-2.8685,42.796],[-2.8685,42.795],[-2.8685,42.7945],[-2.869,42.7945],[-2.8695,42.7945],[-2.87,42.7935],[-2.8705,42.793],[-2.8685,42.794],[-2.8675,42.794],[-2.868,42.7945],[-2.867,42.7945],[-2.865,42.794],[-2.8645,42.794],[-2.8645,42.7945],[-2.8595,42.795],[-2.854,42.792],[-2.8525,42.791],[-2.8515,42.7905],[-2.8505,42.791],[-2.8505,42.79],[-2.8495,42.7895],[-2.849,42.7895],[-2.847,42.79],[-2.848,42.7905],[-2.848,42.7915],[-2.8475,42.7925],[-2.8475,42.792],[-2.8465,42.7905],[-2.847,42.79],[-2.839,42.7845],[-2.838,42.784],[-2.838,42.785]]],[[[-2.863,42.9455],[-2.8685,42.943],[-2.8725,42.9455],[-2.8705,42.9485],[-2.872,42.9505],[-2.8725,42.951],[-2.8725,42.9515],[-2.8765,42.9525],[-2.877,42.9525],[-2.875,42.9455],[-2.878,42.942],[-2.8735,42.937],[-2.867,42.936],[-2.86,42.941],[-2.8605,42.942],[-2.862,42.944],[-2.863,42.9455]]],[[[-2.8585,42.7225],[-2.86,42.719],[-2.859,42.7205],[-2.8585,42.7205],[-2.857,42.7205],[-2.857,42.722],[-2.8585,42.7225]]],[[[-2.857,42.9565],[-2.86,42.9615],[-2.8655,42.9615],[-2.8695,42.958],[-2.8685,42.957],[-2.868,42.957],[-2.8675,42.9565],[-2.867,42.9565],[-2.867,42.957],[-2.8655,42.9565],[-2.865,42.9555],[-2.8645,42.955],[-2.8645,42.9545],[-2.8635,42.954],[-2.8625,42.953],[-2.8595,42.955],[-2.8595,42.9555],[-2.8585,42.956],[-2.8575,42.9565],[-2.857,42.9565]]],[[[-2.8485,43.187],[-2.8535,43.1845],[-2.854,43.1845],[-2.8555,43.1835],[-2.855,43.1835],[-2.854,43.1835],[-2.853,43.1835],[-2.8525,43.1835],[-2.8495,43.1845],[-2.849,43.1855],[-2.848,43.186],[-2.848,43.1865],[-2.8475,43.187],[-2.847,43.1875],[-2.847,43.188],[-2.8455,43.189],[-2.845,43.189],[-2.845,43.1895],[-2.8445,43.1895],[-2.844,43.1895],[-2.8415,43.192],[-2.841,43.1925],[-2.8415,43.193],[-2.842,43.193],[-2.842,43.1935],[-2.842,43.193],[-2.8415,43.193],[-2.841,43.1925],[-2.841,43.193],[-2.8405,43.193],[-2.8405,43.1935],[-2.84,43.1935],[-2.841,43.195],[-2.8415,43.195],[-2.8435,43.1955],[-2.8425,43.1955],[-2.842,43.195],[-2.8415,43.195],[-2.8365,43.1965],[-2.8365,43.197],[-2.836,43.197],[-2.836,43.198],[-2.8365,43.1985],[-2.837,43.199],[-2.8425,43.1995],[-2.852,43.1985],[-2.853,43.1975],[-2.8535,43.1965],[-2.856,43.1945],[-2.857,43.194],[-2.8575,43.1935],[-2.858,43.193],[-2.8585,43.193],[-2.859,43.1925],[-2.858,43.1915],[-2.858,43.191],[-2.858,43.1895],[-2.8485,43.187]]],[[[-2.8445,43.2165],[-2.842,43.2155],[-2.839,43.2185],[-2.838,43.219],[-2.8375,43.219],[-2.836,43.2195],[-2.835,43.22],[-2.8405,43.2225],[-2.8405,43.222],[-2.8415,43.222],[-2.842,43.222],[-2.8435,43.2215],[-2.8445,43.2165]]],[[[-2.8165,42.826],[-2.8205,42.8225],[-2.8155,42.8255],[-2.815,42.8245],[-2.814,42.8245],[-2.813,42.825],[-2.8125,42.825],[-2.812,42.829],[-2.81,42.825],[-2.8095,42.825],[-2.8065,42.83],[-2.8075,42.8255],[-2.8045,42.8255],[-2.8025,42.8285],[-2.8005,42.8275],[-2.7985,42.8285],[-2.7985,42.829],[-2.798,42.829],[-2.7985,42.829],[-2.7985,42.8295],[-2.799,42.8295],[-2.7995,42.8295],[-2.7995,42.83],[-2.7995,42.8305],[-2.8,42.831],[-2.8005,42.831],[-2.8005,42.8315],[-2.801,42.8315],[-2.802,42.832],[-2.804,42.8325],[-2.805,42.8325],[-2.8055,42.8325],[-2.8055,42.833],[-2.806,42.833],[-2.8065,42.833],[-2.808,42.834],[-2.808,42.8345],[-2.8075,42.8355],[-2.808,42.8355],[-2.812,42.839],[-2.8125,42.841],[-2.815,42.8425],[-2.8155,42.843],[-2.815,42.8435],[-2.816,42.844],[-2.8165,42.8445],[-2.817,42.845],[-2.817,42.846],[-2.821,42.848],[-2.8245,42.851],[-2.8235,42.856],[-2.8265,42.8595],[-2.8375,42.857],[-2.8385,42.8545],[-2.8375,42.857],[-2.8395,42.857],[-2.84,42.8575],[-2.8405,42.8575],[-2.841,42.858],[-2.8415,42.858],[-2.8435,42.858],[-2.8455,42.8585],[-2.8465,42.8585],[-2.8465,42.858],[-2.8465,42.8575],[-2.846,42.857],[-2.846,42.8565],[-2.8445,42.854],[-2.8435,42.853],[-2.8435,42.8515],[-2.843,42.851],[-2.8415,42.8505],[-2.8435,42.8505],[-2.8455,42.8475],[-2.8455,42.847],[-2.8465,42.846],[-2.847,42.846],[-2.8485,42.845],[-2.8525,42.846],[-2.853,42.8455],[-2.854,42.8455],[-2.8555,42.843],[-2.862,42.832],[-2.8625,42.832],[-2.864,42.8305],[-2.864,42.83],[-2.866,42.8265],[-2.866,42.826],[-2.866,42.8255],[-2.866,42.825],[-2.865,42.825],[-2.864,42.825],[-2.861,42.8235],[-2.8605,42.823],[-2.86,42.8225],[-2.859,42.822],[-2.859,42.8215],[-2.859,42.821],[-2.8585,42.8195],[-2.854,42.8195],[-2.8535,42.819],[-2.8535,42.8185],[-2.8585,42.819],[-2.853,42.8185],[-2.851,42.8185],[-2.849,42.8185],[-2.8475,42.8185],[-2.847,42.8185],[-2.846,42.8185],[-2.8455,42.82],[-2.8455,42.8205],[-2.8455,42.821],[-2.845,42.8215],[-2.847,42.8225],[-2.8445,42.822],[-2.8425,42.824],[-2.842,42.8245],[-2.835,42.8255],[-2.8315,42.8235],[-2.831,42.8235],[-2.828,42.8225],[-2.8275,42.8225],[-2.825,42.8225],[-2.8235,42.822],[-2.824,42.824],[-2.8225,42.824],[-2.8165,42.826]]],[[[-2.824,42.927],[-2.815,42.9275],[-2.815,42.931],[-2.8205,42.9355],[-2.82,42.9355],[-2.821,42.936],[-2.821,42.9365],[-2.8215,42.9365],[-2.8195,42.9305],[-2.828,42.9295],[-2.835,42.932],[-2.8285,42.9345],[-2.83,42.937],[-2.829,42.939],[-2.832,42.9395],[-2.8325,42.939],[-2.834,42.937],[-2.8345,42.9355],[-2.838,42.9375],[-2.8395,42.932],[-2.8365,42.929],[-2.8295,42.9275],[-2.824,42.927]]],[[[-2.8245,43.1785],[-2.8205,43.182],[-2.824,43.1855],[-2.8245,43.1855],[-2.825,43.185],[-2.8245,43.1855],[-2.824,43.1855],[-2.824,43.186],[-2.8315,43.1895],[-2.8345,43.1945],[-2.8375,43.1945],[-2.838,43.1945],[-2.843,43.19],[-2.8435,43.19],[-2.841,43.1875],[-2.8375,43.1825],[-2.8365,43.182],[-2.8375,43.1825],[-2.841,43.1875],[-2.845,43.189],[-2.8455,43.189],[-2.8475,43.187],[-2.8475,43.1865],[-2.848,43.186],[-2.8485,43.1855],[-2.8495,43.1845],[-2.8495,43.1825],[-2.8495,43.182],[-2.848,43.178],[-2.848,43.1775],[-2.849,43.1765],[-2.8485,43.176],[-2.8475,43.1755],[-2.8475,43.175],[-2.846,43.1745],[-2.846,43.1735],[-2.8455,43.173],[-2.8455,43.172],[-2.8455,43.1715],[-2.8445,43.1715],[-2.8435,43.171],[-2.842,43.1695],[-2.842,43.17],[-2.84,43.1745],[-2.84,43.175],[-2.8405,43.175],[-2.841,43.1755],[-2.842,43.1755],[-2.8435,43.1765],[-2.8375,43.1775],[-2.832,43.1755],[-2.8295,43.176],[-2.8295,43.1765],[-2.829,43.1765],[-2.829,43.176],[-2.829,43.1755],[-2.8245,43.174],[-2.824,43.174],[-2.8235,43.174],[-2.823,43.1735],[-2.8215,43.1735],[-2.818,43.173],[-2.817,43.1725],[-2.8145,43.1725],[-2.8135,43.172],[-2.811,43.17],[-2.8115,43.1695],[-2.8085,43.169],[-2.808,43.1685],[-2.8045,43.171],[-2.804,43.171],[-2.8035,43.1715],[-2.803,43.1715],[-2.8025,43.1715],[-2.802,43.1715],[-2.8015,43.172],[-2.8025,43.1725],[-2.8025,43.172],[-2.803,43.172],[-2.807,43.1705],[-2.8085,43.174],[-2.808,43.1745],[-2.809,43.174],[-2.8095,43.1735],[-2.815,43.1745],[-2.815,43.175],[-2.8155,43.176],[-2.8155,43.1765],[-2.816,43.1785],[-2.82,43.176],[-2.822,43.177],[-2.822,43.1765],[-2.8225,43.1765],[-2.8225,43.177],[-2.824,43.1785],[-2.8245,43.1785]]],[[[-2.836,43.198],[-2.8345,43.195],[-2.834,43.195],[-2.832,43.1945],[-2.8315,43.1945],[-2.8255,43.198],[-2.821,43.205],[-2.821,43.21],[-2.8215,43.21],[-2.828,43.21],[-2.8335,43.208],[-2.834,43.208],[-2.834,43.2075],[-2.834,43.207],[-2.834,43.206],[-2.834,43.2055],[-2.836,43.198]]],[[[-2.831,42.5745],[-2.831,42.574],[-2.831,42.5735],[-2.8305,42.5725],[-2.828,42.572],[-2.8285,42.572],[-2.829,42.572],[-2.8295,42.572],[-2.828,42.5705],[-2.8275,42.5715],[-2.828,42.5705],[-2.8275,42.57],[-2.827,42.5695],[-2.8255,42.569],[-2.822,42.5705],[-2.821,42.572],[-2.8205,42.572],[-2.8205,42.5725],[-2.82,42.5725],[-2.82,42.573],[-2.8195,42.573],[-2.8195,42.574],[-2.8195,42.5745],[-2.819,42.575],[-2.819,42.5755],[-2.819,42.576],[-2.818,42.577],[-2.8175,42.578],[-2.819,42.577],[-2.8175,42.578],[-2.8155,42.5855],[-2.8155,42.585],[-2.816,42.585],[-2.8165,42.5845],[-2.817,42.584],[-2.8175,42.584],[-2.8175,42.5835],[-2.818,42.5835],[-2.8185,42.583],[-2.819,42.5825],[-2.819,42.582],[-2.8195,42.582],[-2.8195,42.5815],[-2.82,42.5815],[-2.82,42.581],[-2.821,42.5805],[-2.8215,42.5805],[-2.822,42.5805],[-2.8225,42.5805],[-2.823,42.58],[-2.823,42.5795],[-2.8245,42.5795],[-2.825,42.579],[-2.8255,42.579],[-2.826,42.5785],[-2.8265,42.5785],[-2.827,42.5785],[-2.827,42.578],[-2.8275,42.578],[-2.828,42.5775],[-2.829,42.577],[-2.829,42.5775],[-2.8295,42.5775],[-2.83,42.5785],[-2.8305,42.5795],[-2.831,42.5795],[-2.8315,42.5755],[-2.8295,42.5765],[-2.829,42.5755],[-2.831,42.5745]]],[[[-2.811,42.8025],[-2.807,42.799],[-2.806,42.799],[-2.8065,42.8005],[-2.8085,42.802],[-2.8035,42.805],[-2.8095,42.804],[-2.817,42.7995],[-2.822,42.791],[-2.8195,42.7895],[-2.801,42.793],[-2.8,42.793],[-2.8015,42.799],[-2.8025,42.7995],[-2.8025,42.799],[-2.805,42.7985],[-2.808,42.7965],[-2.8125,42.799],[-2.811,42.8025]]],[[[-2.884,42.862],[-2.8835,42.861],[-2.884,42.86],[-2.875,42.8565],[-2.8715,42.866],[-2.871,42.866],[-2.871,42.867],[-2.871,42.8695],[-2.871,42.87],[-2.8715,42.8725],[-2.8725,42.8785],[-2.8695,42.8755],[-2.8695,42.876],[-2.869,42.8765],[-2.8685,42.8775],[-2.8685,42.878],[-2.868,42.878],[-2.8675,42.88],[-2.8675,42.8805],[-2.8675,42.887],[-2.869,42.887],[-2.87,42.8875],[-2.8705,42.8875],[-2.871,42.888],[-2.873,42.8885],[-2.874,42.8895],[-2.8725,42.894],[-2.8675,42.893],[-2.867,42.893],[-2.8665,42.893],[-2.8655,42.893],[-2.859,42.8925],[-2.8585,42.895],[-2.8575,42.8935],[-2.8625,42.887],[-2.8575,42.883],[-2.854,42.8765],[-2.853,42.877],[-2.854,42.876],[-2.854,42.8755],[-2.8535,42.874],[-2.853,42.874],[-2.8525,42.873],[-2.852,42.873],[-2.8525,42.873],[-2.851,42.871],[-2.851,42.8705],[-2.85,42.8695],[-2.8495,42.8695],[-2.8495,42.8685],[-2.8485,42.8675],[-2.848,42.867],[-2.847,42.866],[-2.8465,42.866],[-2.8465,42.8655],[-2.846,42.8655],[-2.8455,42.864],[-2.847,42.861],[-2.847,42.86],[-2.8465,42.8605],[-2.843,42.862],[-2.843,42.8605],[-2.8465,42.8595],[-2.8435,42.858],[-2.8415,42.858],[-2.841,42.858],[-2.8405,42.8575],[-2.84,42.8575],[-2.8395,42.857],[-2.8375,42.857],[-2.8265,42.8595],[-2.8235,42.856],[-2.8245,42.851],[-2.821,42.848],[-2.817,42.846],[-2.817,42.845],[-2.8165,42.8445],[-2.8155,42.844],[-2.815,42.8435],[-2.815,42.843],[-2.815,42.8425],[-2.8125,42.841],[-2.812,42.8415],[-2.811,42.8415],[-2.808,42.8415],[-2.808,42.842],[-2.808,42.843],[-2.807,42.842],[-2.807,42.8415],[-2.8065,42.841],[-2.806,42.84],[-2.8,42.8395],[-2.7985,42.838],[-2.8,42.8355],[-2.7995,42.834],[-2.7995,42.833],[-2.8,42.8325],[-2.7995,42.8315],[-2.7995,42.831],[-2.799,42.83],[-2.7985,42.83],[-2.7985,42.8305],[-2.798,42.831],[-2.798,42.8315],[-2.798,42.832],[-2.7975,42.833],[-2.7965,42.8335],[-2.7955,42.8355],[-2.7975,42.838],[-2.797,42.8385],[-2.7945,42.838],[-2.7935,42.8375],[-2.795,42.8405],[-2.7975,42.8415],[-2.8015,42.844],[-2.802,42.846],[-2.8025,42.8465],[-2.8005,42.849],[-2.8,42.849],[-2.797,42.849],[-2.7965,42.849],[-2.796,42.8495],[-2.796,42.8505],[-2.7995,42.85],[-2.8055,42.8495],[-2.807,42.8495],[-2.8075,42.8495],[-2.8075,42.85],[-2.8055,42.8495],[-2.7995,42.85],[-2.801,42.851],[-2.8015,42.851],[-2.804,42.8515],[-2.8005,42.8515],[-2.798,42.853],[-2.7995,42.853],[-2.8,42.853],[-2.801,42.8535],[-2.801,42.854],[-2.804,42.854],[-2.8045,42.854],[-2.8045,42.8545],[-2.8045,42.854],[-2.801,42.854],[-2.8015,42.8545],[-2.804,42.856],[-2.8045,42.857],[-2.804,42.857],[-2.803,42.8565],[-2.8015,42.857],[-2.8005,42.8565],[-2.8015,42.8565],[-2.8025,42.855],[-2.8015,42.855],[-2.8005,42.8545],[-2.8,42.8545],[-2.7985,42.854],[-2.798,42.854],[-2.7975,42.8535],[-2.7935,42.852],[-2.793,42.852],[-2.793,42.8515],[-2.7925,42.8515],[-2.7915,42.8515],[-2.7945,42.8545],[-2.795,42.855],[-2.7955,42.8555],[-2.7955,42.856],[-2.796,42.856],[-2.7965,42.8565],[-2.797,42.857],[-2.798,42.8575],[-2.798,42.858],[-2.8,42.8595],[-2.8035,42.86],[-2.8015,42.86],[-2.8,42.8595],[-2.8005,42.8605],[-2.801,42.8605],[-2.8065,42.863],[-2.807,42.863],[-2.8075,42.8635],[-2.809,42.8635],[-2.8095,42.864],[-2.813,42.867],[-2.8145,42.8675],[-2.815,42.868],[-2.8155,42.868],[-2.816,42.8685],[-2.8155,42.8685],[-2.8155,42.868],[-2.814,42.868],[-2.818,42.874],[-2.8185,42.874],[-2.827,42.8775],[-2.8285,42.8775],[-2.829,42.8775],[-2.8295,42.877],[-2.83,42.877],[-2.8385,42.8765],[-2.83,42.877],[-2.8305,42.877],[-2.83,42.877],[-2.8295,42.877],[-2.829,42.8775],[-2.8285,42.8775],[-2.828,42.8775],[-2.827,42.8775],[-2.82,42.8755],[-2.8225,42.8765],[-2.8235,42.8775],[-2.8205,42.876],[-2.82,42.876],[-2.82,42.8755],[-2.8195,42.8765],[-2.82,42.877],[-2.821,42.877],[-2.823,42.878],[-2.8235,42.8785],[-2.824,42.8785],[-2.8245,42.879],[-2.8295,42.881],[-2.83,42.881],[-2.8305,42.881],[-2.8315,42.881],[-2.8335,42.881],[-2.837,42.881],[-2.8375,42.881],[-2.837,42.881],[-2.8335,42.881],[-2.8315,42.881],[-2.8305,42.881],[-2.83,42.881],[-2.8295,42.8815],[-2.8325,42.884],[-2.8365,42.8885],[-2.836,42.89],[-2.836,42.8925],[-2.836,42.8935],[-2.836,42.8925],[-2.836,42.89],[-2.835,42.89],[-2.836,42.89],[-2.8365,42.8885],[-2.8325,42.884],[-2.832,42.8875],[-2.8325,42.8865],[-2.834,42.89],[-2.834,42.8905],[-2.8345,42.8905],[-2.8345,42.891],[-2.8345,42.892],[-2.834,42.891],[-2.829,42.886],[-2.8295,42.885],[-2.8265,42.884],[-2.826,42.884],[-2.8235,42.883],[-2.823,42.8815],[-2.826,42.8815],[-2.826,42.8805],[-2.8225,42.88],[-2.822,42.88],[-2.822,42.8815],[-2.8205,42.8795],[-2.819,42.8785],[-2.8205,42.8775],[-2.819,42.8775],[-2.8195,42.8765],[-2.82,42.8755],[-2.8185,42.874],[-2.818,42.874],[-2.8125,42.8675],[-2.8125,42.867],[-2.8095,42.864],[-2.809,42.8635],[-2.8075,42.8635],[-2.8065,42.863],[-2.807,42.863],[-2.8065,42.863],[-2.801,42.8605],[-2.8005,42.8605],[-2.8,42.861],[-2.8005,42.861],[-2.8005,42.8615],[-2.801,42.8615],[-2.801,42.862],[-2.803,42.864],[-2.803,42.8645],[-2.802,42.8635],[-2.803,42.865],[-2.803,42.8655],[-2.8035,42.8665],[-2.804,42.8665],[-2.8045,42.8665],[-2.806,42.867],[-2.808,42.869],[-2.8085,42.87],[-2.8085,42.8705],[-2.8085,42.871],[-2.8065,42.872],[-2.807,42.872],[-2.8075,42.8745],[-2.8095,42.876],[-2.81,42.8765],[-2.8095,42.8765],[-2.813,42.876],[-2.813,42.8765],[-2.816,42.8785],[-2.8165,42.879],[-2.8135,42.879],[-2.8135,42.88],[-2.815,42.881],[-2.8155,42.8805],[-2.8165,42.882],[-2.816,42.883],[-2.816,42.885],[-2.8185,42.8845],[-2.819,42.8845],[-2.8195,42.885],[-2.8195,42.8845],[-2.8195,42.885],[-2.8195,42.8855],[-2.816,42.885],[-2.812,42.8855],[-2.811,42.8895],[-2.8105,42.893],[-2.81,42.893],[-2.8095,42.894],[-2.809,42.8945],[-2.8125,42.8935],[-2.8165,42.894],[-2.8225,42.8915],[-2.823,42.8915],[-2.8235,42.8915],[-2.8245,42.8915],[-2.825,42.892],[-2.8265,42.892],[-2.8265,42.8925],[-2.826,42.893],[-2.8255,42.893],[-2.825,42.8925],[-2.825,42.892],[-2.8235,42.8915],[-2.8225,42.8915],[-2.8205,42.893],[-2.8165,42.894],[-2.8145,42.894],[-2.815,42.895],[-2.819,42.8965],[-2.8215,42.8945],[-2.8215,42.894],[-2.822,42.8945],[-2.8245,42.8965],[-2.825,42.898],[-2.827,42.899],[-2.828,42.901],[-2.8275,42.902],[-2.826,42.901],[-2.8245,42.898],[-2.815,42.895],[-2.8145,42.8955],[-2.8155,42.8965],[-2.8145,42.896],[-2.8145,42.8955],[-2.812,42.8945],[-2.8135,42.8945],[-2.8145,42.894],[-2.808,42.8955],[-2.8095,42.897],[-2.812,42.9],[-2.8125,42.9],[-2.8115,42.9005],[-2.8095,42.9],[-2.809,42.9],[-2.809,42.8995],[-2.8085,42.8995],[-2.807,42.8995],[-2.804,42.9],[-2.8045,42.899],[-2.8035,42.899],[-2.803,42.899],[-2.8035,42.8995],[-2.8,42.899],[-2.7995,42.8985],[-2.801,42.9],[-2.7995,42.8985],[-2.799,42.8985],[-2.7995,42.899],[-2.799,42.9],[-2.7975,42.9],[-2.797,42.9],[-2.795,42.8995],[-2.794,42.8985],[-2.7935,42.8975],[-2.793,42.8975],[-2.7915,42.8995],[-2.791,42.9],[-2.7905,42.9],[-2.79,42.904],[-2.796,42.915],[-2.801,42.9145],[-2.802,42.9155],[-2.801,42.9145],[-2.796,42.915],[-2.794,42.9125],[-2.7945,42.912],[-2.792,42.908],[-2.792,42.9075],[-2.7915,42.907],[-2.791,42.907],[-2.791,42.9065],[-2.791,42.906],[-2.79,42.904],[-2.7895,42.9005],[-2.792,42.8985],[-2.7915,42.898],[-2.792,42.898],[-2.792,42.8975],[-2.7915,42.8975],[-2.79,42.897],[-2.79,42.8965],[-2.7885,42.891],[-2.7855,42.8895],[-2.784,42.8905],[-2.7835,42.8895],[-2.7835,42.8905],[-2.7805,42.891],[-2.78,42.8905],[-2.7795,42.8905],[-2.779,42.891],[-2.7785,42.891],[-2.775,42.891],[-2.7755,42.891],[-2.7745,42.891],[-2.774,42.891],[-2.7735,42.891],[-2.772,42.891],[-2.771,42.891],[-2.7705,42.8905],[-2.7715,42.89],[-2.771,42.8895],[-2.771,42.89],[-2.7705,42.89],[-2.769,42.896],[-2.7675,42.8985],[-2.7655,42.9005],[-2.7655,42.9015],[-2.765,42.9035],[-2.7645,42.904],[-2.763,42.9055],[-2.763,42.9065],[-2.7615,42.908],[-2.759,42.9075],[-2.7625,42.9065],[-2.763,42.9055],[-2.764,42.904],[-2.7645,42.904],[-2.765,42.9035],[-2.7655,42.9015],[-2.7655,42.9005],[-2.7675,42.8985],[-2.7605,42.899],[-2.7595,42.8995],[-2.758,42.899],[-2.7575,42.8985],[-2.7575,42.897],[-2.7675,42.8985],[-2.769,42.896],[-2.7705,42.89],[-2.77,42.889],[-2.7705,42.889],[-2.771,42.89],[-2.7705,42.889],[-2.7715,42.8875],[-2.773,42.8865],[-2.7735,42.8865],[-2.774,42.886],[-2.7745,42.886],[-2.775,42.8855],[-2.7755,42.8855],[-2.7755,42.885],[-2.7765,42.885],[-2.777,42.882],[-2.772,42.8835],[-2.769,42.886],[-2.7675,42.8865],[-2.761,42.8865],[-2.757,42.884],[-2.756,42.885],[-2.7565,42.8905],[-2.765,42.89],[-2.7665,42.892],[-2.767,42.8915],[-2.766,42.892],[-2.7655,42.892],[-2.765,42.892],[-2.7615,42.893],[-2.761,42.893],[-2.761,42.8935],[-2.7605,42.8935],[-2.76,42.8935],[-2.758,42.8945],[-2.7565,42.895],[-2.757,42.8955],[-2.757,42.896],[-2.757,42.8965],[-2.756,42.896],[-2.7555,42.8955],[-2.753,42.894],[-2.753,42.8935],[-2.7505,42.894],[-2.75,42.894],[-2.748,42.8935],[-2.7475,42.8935],[-2.748,42.895],[-2.747,42.895],[-2.746,42.8965],[-2.7515,42.899],[-2.751,42.901],[-2.7515,42.9015],[-2.7525,42.9015],[-2.7515,42.902],[-2.7515,42.9035],[-2.752,42.9035],[-2.7535,42.9045],[-2.752,42.9045],[-2.7515,42.905],[-2.751,42.9055],[-2.754,42.9065],[-2.7505,42.906],[-2.75,42.9065],[-2.75,42.907],[-2.7495,42.907],[-2.7505,42.9085],[-2.7495,42.908],[-2.749,42.9075],[-2.7485,42.908],[-2.748,42.908],[-2.748,42.9085],[-2.7455,42.9085],[-2.742,42.9105],[-2.7425,42.911],[-2.744,42.9105],[-2.7435,42.911],[-2.741,42.9115],[-2.741,42.912],[-2.7485,42.916],[-2.742,42.9145],[-2.743,42.915],[-2.7405,42.915],[-2.74,42.9175],[-2.7385,42.919],[-2.7375,42.92],[-2.7345,42.923],[-2.7405,42.924],[-2.742,42.925],[-2.744,42.9245],[-2.7435,42.925],[-2.742,42.925],[-2.7425,42.927],[-2.743,42.927],[-2.751,42.9275],[-2.7515,42.9275],[-2.7535,42.9265],[-2.7545,42.926],[-2.755,42.926],[-2.7575,42.924],[-2.76,42.923],[-2.7645,42.917],[-2.7675,42.917],[-2.768,42.917],[-2.777,42.92],[-2.783,42.9225],[-2.77,42.9175],[-2.768,42.917],[-2.7675,42.917],[-2.7645,42.917],[-2.76,42.923],[-2.7575,42.924],[-2.756,42.9255],[-2.7565,42.9265],[-2.7615,42.927],[-2.762,42.927],[-2.763,42.927],[-2.764,42.927],[-2.765,42.9275],[-2.766,42.928],[-2.767,42.928],[-2.7675,42.9275],[-2.767,42.928],[-2.7665,42.928],[-2.768,42.93],[-2.774,42.932],[-2.775,42.932],[-2.772,42.9305],[-2.777,42.9325],[-2.7755,42.9325],[-2.774,42.9325],[-2.774,42.932],[-2.768,42.93],[-2.7665,42.928],[-2.7655,42.928],[-2.765,42.9275],[-2.7645,42.9275],[-2.764,42.927],[-2.763,42.927],[-2.762,42.927],[-2.7615,42.927],[-2.758,42.9265],[-2.7565,42.9265],[-2.755,42.926],[-2.759,42.9275],[-2.7535,42.9285],[-2.755,42.929],[-2.755,42.9295],[-2.761,42.934],[-2.762,42.9345],[-2.763,42.934],[-2.762,42.9345],[-2.761,42.934],[-2.757,42.932],[-2.7575,42.933],[-2.756,42.936],[-2.756,42.9365],[-2.7535,42.938],[-2.754,42.938],[-2.757,42.9375],[-2.758,42.9375],[-2.7665,42.9365],[-2.772,42.939],[-2.772,42.9395],[-2.7725,42.9395],[-2.7735,42.9365],[-2.7725,42.9405],[-2.773,42.9405],[-2.7735,42.9405],[-2.776,42.941],[-2.777,42.941],[-2.7795,42.937],[-2.78,42.937],[-2.778,42.941],[-2.779,42.9415],[-2.7875,42.9435],[-2.788,42.9435],[-2.792,42.9405],[-2.793,42.9415],[-2.7935,42.942],[-2.794,42.9425],[-2.798,42.938],[-2.796,42.934],[-2.7955,42.928],[-2.7975,42.9235],[-2.802,42.922],[-2.8075,42.917],[-2.8135,42.919],[-2.814,42.917],[-2.8155,42.9165],[-2.816,42.9165],[-2.817,42.918],[-2.824,42.92],[-2.824,42.9205],[-2.824,42.921],[-2.8255,42.9225],[-2.8255,42.923],[-2.827,42.923],[-2.8285,42.923],[-2.829,42.9235],[-2.8295,42.924],[-2.83,42.924],[-2.833,42.924],[-2.8345,42.9235],[-2.835,42.9205],[-2.8385,42.9175],[-2.8445,42.917],[-2.8495,42.919],[-2.85,42.9195],[-2.851,42.921],[-2.851,42.9215],[-2.8515,42.923],[-2.851,42.925],[-2.8525,42.9265],[-2.857,42.926],[-2.858,42.926],[-2.863,42.928],[-2.8635,42.9275],[-2.8685,42.9225],[-2.871,42.922],[-2.8715,42.922],[-2.874,42.9225],[-2.8745,42.9225],[-2.8785,42.922],[-2.881,42.921],[-2.883,42.921],[-2.8835,42.9205],[-2.8875,42.9205],[-2.887,42.9185],[-2.887,42.918],[-2.8815,42.912],[-2.881,42.912],[-2.88,42.912],[-2.8795,42.9125],[-2.8795,42.913],[-2.8785,42.913],[-2.8785,42.9135],[-2.8785,42.913],[-2.8795,42.9125],[-2.88,42.912],[-2.88,42.9115],[-2.885,42.907],[-2.8905,42.906],[-2.8915,42.9025],[-2.89,42.9],[-2.8905,42.9],[-2.89,42.899],[-2.889,42.898],[-2.8885,42.8975],[-2.888,42.8975],[-2.8875,42.8975],[-2.888,42.8975],[-2.889,42.897],[-2.893,42.895],[-2.893,42.8925],[-2.8875,42.8895],[-2.882,42.8855],[-2.882,42.8845],[-2.8825,42.882],[-2.883,42.882],[-2.8805,42.879],[-2.8805,42.8785],[-2.882,42.874],[-2.8775,42.8705],[-2.88,42.8655],[-2.88,42.864],[-2.8815,42.863],[-2.8815,42.8635],[-2.8825,42.8645],[-2.886,42.8645],[-2.8875,42.8625],[-2.8895,42.8625],[-2.89,42.862],[-2.8895,42.861],[-2.891,42.861],[-2.891,42.8605],[-2.891,42.86],[-2.8915,42.8585],[-2.8895,42.86],[-2.8865,42.8615],[-2.887,42.8615],[-2.8865,42.8615],[-2.8855,42.8615],[-2.8855,42.862],[-2.884,42.862]],[[-2.875,42.9035],[-2.8705,42.9],[-2.8645,42.8995],[-2.8645,42.8955],[-2.865,42.8955],[-2.867,42.8955],[-2.8685,42.8955],[-2.8785,42.895],[-2.8805,42.896],[-2.8805,42.9015],[-2.8795,42.9045],[-2.88,42.902],[-2.8785,42.903],[-2.8755,42.9045],[-2.875,42.9035]]],[[[-2.8035,42.7015],[-2.805,42.6975],[-2.809,42.699],[-2.8095,42.701],[-2.813,42.7005],[-2.8125,42.7005],[-2.811,42.7005],[-2.8105,42.7005],[-2.811,42.6995],[-2.8105,42.6985],[-2.809,42.6925],[-2.8055,42.692],[-2.805,42.692],[-2.8045,42.692],[-2.7855,42.6975],[-2.784,42.697],[-2.7835,42.6965],[-2.7845,42.6985],[-2.795,42.698],[-2.802,42.7015],[-2.8035,42.7015]]],[[[-2.8145,42.9875],[-2.815,42.9875],[-2.816,42.987],[-2.8165,42.9855],[-2.8145,42.983],[-2.8165,42.983],[-2.817,42.982],[-2.8155,42.982],[-2.8115,42.9845],[-2.812,42.9845],[-2.8115,42.987],[-2.8095,42.988],[-2.811,42.985],[-2.8105,42.9805],[-2.804,42.9815],[-2.805,42.984],[-2.797,42.9845],[-2.799,42.9875],[-2.8005,42.989],[-2.802,42.9925],[-2.802,42.993],[-2.806,42.996],[-2.8115,42.994],[-2.8145,42.989],[-2.8145,42.9875]]],[[[-2.807,43.2715],[-2.8115,43.2665],[-2.805,43.2645],[-2.8025,43.2665],[-2.803,43.269],[-2.8035,43.2695],[-2.804,43.2695],[-2.8065,43.2705],[-2.8065,43.271],[-2.807,43.2715]]],[[[-2.7955,42.5755],[-2.795,42.5755],[-2.7945,42.576],[-2.794,42.576],[-2.7935,42.5765],[-2.7915,42.577],[-2.791,42.5775],[-2.789,42.578],[-2.786,42.579],[-2.7865,42.5785],[-2.786,42.5785],[-2.784,42.579],[-2.783,42.579],[-2.7855,42.581],[-2.7865,42.581],[-2.787,42.581],[-2.789,42.5815],[-2.79,42.5805],[-2.7905,42.5805],[-2.7905,42.58],[-2.7915,42.58],[-2.7915,42.5795],[-2.7945,42.579],[-2.796,42.5785],[-2.7965,42.5785],[-2.798,42.578],[-2.799,42.579],[-2.8015,42.5805],[-2.803,42.5795],[-2.8025,42.5795],[-2.802,42.5795],[-2.8025,42.579],[-2.8025,42.5795],[-2.803,42.5795],[-2.8035,42.5795],[-2.804,42.5795],[-2.805,42.579],[-2.8065,42.578],[-2.8105,42.577],[-2.811,42.5765],[-2.804,42.576],[-2.8035,42.5755],[-2.802,42.576],[-2.802,42.5755],[-2.8015,42.5755],[-2.8015,42.575],[-2.8015,42.5745],[-2.799,42.573],[-2.798,42.574],[-2.797,42.5745],[-2.7965,42.5745],[-2.7965,42.575],[-2.796,42.575],[-2.796,42.5755],[-2.7955,42.5755]]],[[[-2.79,42.8965],[-2.7915,42.8975],[-2.7885,42.891],[-2.791,42.891],[-2.7925,42.891],[-2.793,42.891],[-2.7935,42.891],[-2.7945,42.8875],[-2.792,42.8855],[-2.7915,42.884],[-2.7915,42.8805],[-2.7915,42.88],[-2.791,42.88],[-2.79,42.88],[-2.789,42.88],[-2.7885,42.88],[-2.788,42.88],[-2.7875,42.88],[-2.787,42.88],[-2.784,42.879],[-2.778,42.88],[-2.7775,42.88],[-2.777,42.8835],[-2.7765,42.885],[-2.777,42.8855],[-2.778,42.886],[-2.7785,42.886],[-2.7785,42.8865],[-2.779,42.8865],[-2.779,42.887],[-2.7795,42.887],[-2.7795,42.8875],[-2.7795,42.888],[-2.78,42.888],[-2.78,42.8885],[-2.7805,42.8885],[-2.781,42.8885],[-2.782,42.889],[-2.782,42.8895],[-2.7835,42.8895],[-2.7835,42.889],[-2.784,42.889],[-2.7845,42.889],[-2.785,42.889],[-2.7855,42.8895],[-2.786,42.8895],[-2.7865,42.8895],[-2.787,42.8895],[-2.7865,42.8895],[-2.7845,42.8895],[-2.7855,42.8895],[-2.7885,42.891],[-2.79,42.8965]]],[[[-2.771,42.9445],[-2.771,42.945],[-2.7705,42.945],[-2.7695,42.945],[-2.7705,42.9455],[-2.7695,42.945],[-2.774,42.9505],[-2.774,42.951],[-2.775,42.9505],[-2.7775,42.9505],[-2.775,42.9515],[-2.7785,42.9525],[-2.779,42.9525],[-2.777,42.953],[-2.778,42.954],[-2.7795,42.955],[-2.78,42.955],[-2.78,42.9555],[-2.779,42.9545],[-2.778,42.954],[-2.777,42.953],[-2.7735,42.9535],[-2.7725,42.9545],[-2.7715,42.955],[-2.771,42.9555],[-2.7685,42.957],[-2.7675,42.957],[-2.767,42.9605],[-2.7745,42.964],[-2.7785,42.962],[-2.7765,42.961],[-2.778,42.956],[-2.7775,42.956],[-2.783,42.956],[-2.789,42.954],[-2.7895,42.954],[-2.79,42.9495],[-2.7905,42.9495],[-2.79,42.949],[-2.7895,42.9485],[-2.789,42.9485],[-2.7885,42.948],[-2.788,42.947],[-2.7875,42.9465],[-2.787,42.9465],[-2.787,42.946],[-2.787,42.9465],[-2.785,42.946],[-2.784,42.9465],[-2.7845,42.9465],[-2.7855,42.9475],[-2.7855,42.949],[-2.785,42.949],[-2.7855,42.948],[-2.785,42.948],[-2.785,42.9475],[-2.7845,42.947],[-2.784,42.9465],[-2.7835,42.9465],[-2.783,42.9465],[-2.7825,42.9485],[-2.7815,42.9475],[-2.782,42.9475],[-2.7825,42.946],[-2.78,42.945],[-2.7785,42.9445],[-2.779,42.9455],[-2.778,42.945],[-2.778,42.9445],[-2.7755,42.943],[-2.773,42.943],[-2.772,42.9435],[-2.7715,42.944],[-2.771,42.9445]]],[[[-2.776,42.5885],[-2.7755,42.5895],[-2.775,42.59],[-2.7745,42.5905],[-2.774,42.5915],[-2.7735,42.5915],[-2.7735,42.592],[-2.773,42.592],[-2.773,42.5925],[-2.7725,42.593],[-2.7725,42.5935],[-2.7725,42.594],[-2.772,42.5945],[-2.773,42.5945],[-2.7735,42.595],[-2.7755,42.5945],[-2.7755,42.594],[-2.776,42.594],[-2.777,42.5935],[-2.779,42.5925],[-2.7805,42.591],[-2.7795,42.5895],[-2.7795,42.587],[-2.778,42.586],[-2.7765,42.5875],[-2.777,42.5875],[-2.776,42.5885]]],[[[-2.773,42.9715],[-2.774,42.9715],[-2.775,42.9715],[-2.776,42.971],[-2.7765,42.971],[-2.7775,42.971],[-2.7785,42.971],[-2.7785,42.9705],[-2.779,42.9705],[-2.7785,42.9705],[-2.776,42.9665],[-2.775,42.966],[-2.776,42.966],[-2.7745,42.964],[-2.767,42.9605],[-2.762,42.9565],[-2.761,42.957],[-2.759,42.959],[-2.7595,42.9595],[-2.7605,42.96],[-2.7625,42.9605],[-2.7645,42.961],[-2.7625,42.962],[-2.7635,42.9645],[-2.7715,42.9705],[-2.7715,42.971],[-2.772,42.971],[-2.7725,42.971],[-2.7725,42.9715],[-2.773,42.9715]]],[[[-2.7455,42.9495],[-2.749,42.952],[-2.749,42.9515],[-2.7505,42.9515],[-2.7555,42.953],[-2.756,42.953],[-2.756,42.9535],[-2.7565,42.953],[-2.7575,42.9525],[-2.7525,42.9455],[-2.7515,42.9475],[-2.7485,42.9455],[-2.7475,42.947],[-2.747,42.947],[-2.7455,42.946],[-2.7445,42.9475],[-2.745,42.948],[-2.7455,42.9495]]],[[[-2.737,43.117],[-2.7365,43.1185],[-2.7365,43.1195],[-2.737,43.1205],[-2.739,43.122],[-2.7395,43.122],[-2.74,43.123],[-2.7405,43.123],[-2.7415,43.1235],[-2.7425,43.124],[-2.743,43.124],[-2.744,43.1255],[-2.749,43.125],[-2.7495,43.1255],[-2.751,43.125],[-2.7505,43.125],[-2.7505,43.1245],[-2.7495,43.122],[-2.75,43.1215],[-2.7495,43.121],[-2.7485,43.121],[-2.739,43.114],[-2.7365,43.117],[-2.737,43.117]]],[[[-2.7185,42.911],[-2.72,42.9125],[-2.721,42.913],[-2.722,42.912],[-2.7265,42.9105],[-2.7275,42.9085],[-2.73,42.9095],[-2.7305,42.91],[-2.731,42.91],[-2.7315,42.91],[-2.732,42.9105],[-2.731,42.9075],[-2.7295,42.907],[-2.729,42.9065],[-2.7295,42.9055],[-2.728,42.9045],[-2.725,42.905],[-2.7245,42.905],[-2.724,42.905],[-2.7165,42.9015],[-2.716,42.9025],[-2.7155,42.9075],[-2.7165,42.907],[-2.7185,42.9065],[-2.7185,42.907],[-2.7185,42.9075],[-2.718,42.9075],[-2.7175,42.9075],[-2.717,42.908],[-2.716,42.908],[-2.718,42.9105],[-2.719,42.9105],[-2.7195,42.9105],[-2.72,42.9105],[-2.721,42.9105],[-2.7205,42.9105],[-2.72,42.9105],[-2.7195,42.9105],[-2.719,42.9105],[-2.7185,42.9105],[-2.718,42.9105],[-2.7185,42.911]]],[[[-2.7315,42.9255],[-2.7305,42.926],[-2.7295,42.927],[-2.7295,42.9275],[-2.729,42.928],[-2.729,42.9285],[-2.7285,42.929],[-2.7285,42.9295],[-2.728,42.931],[-2.732,42.9285],[-2.735,42.9315],[-2.7315,42.935],[-2.7295,42.9355],[-2.731,42.9365],[-2.7305,42.938],[-2.7285,42.9385],[-2.729,42.9385],[-2.729,42.939],[-2.7295,42.9395],[-2.7295,42.94],[-2.73,42.94],[-2.73,42.9405],[-2.7305,42.9405],[-2.7305,42.941],[-2.731,42.941],[-2.731,42.9415],[-2.7315,42.9415],[-2.7315,42.942],[-2.732,42.942],[-2.7325,42.9425],[-2.734,42.9435],[-2.7355,42.9435],[-2.7365,42.9445],[-2.734,42.9475],[-2.734,42.949],[-2.7365,42.9465],[-2.742,42.947],[-2.746,42.944],[-2.7485,42.943],[-2.7485,42.942],[-2.7475,42.9385],[-2.7425,42.938],[-2.7405,42.9335],[-2.7385,42.933],[-2.739,42.9315],[-2.739,42.93],[-2.736,42.929],[-2.734,42.9275],[-2.734,42.927],[-2.7335,42.927],[-2.7315,42.9255]]],[[[-2.68,42.654],[-2.6845,42.65],[-2.6935,42.6515],[-2.6985,42.651],[-2.6995,42.6505],[-2.6995,42.65],[-2.7025,42.649],[-2.703,42.649],[-2.703,42.648],[-2.702,42.6485],[-2.69,42.6465],[-2.687,42.6495],[-2.6865,42.6495],[-2.686,42.6495],[-2.6855,42.6495],[-2.681,42.6505],[-2.68,42.654]]],[[[-2.6955,42.67],[-2.695,42.6705],[-2.696,42.673],[-2.6965,42.674],[-2.7,42.674],[-2.7045,42.6735],[-2.7055,42.6735],[-2.7055,42.67],[-2.7005,42.6695],[-2.698,42.669],[-2.6955,42.67]]],[[[-2.7115,42.6705],[-2.7145,42.664],[-2.718,42.662],[-2.712,42.655],[-2.7105,42.651],[-2.706,42.65],[-2.7045,42.646],[-2.703,42.646],[-2.703,42.647],[-2.7035,42.6485],[-2.703,42.648],[-2.703,42.649],[-2.7025,42.649],[-2.6995,42.65],[-2.6995,42.651],[-2.695,42.654],[-2.6925,42.655],[-2.691,42.655],[-2.688,42.656],[-2.687,42.6555],[-2.6845,42.655],[-2.6835,42.655],[-2.683,42.655],[-2.682,42.655],[-2.681,42.6555],[-2.676,42.6565],[-2.6725,42.656],[-2.673,42.6555],[-2.667,42.6565],[-2.66,42.6545],[-2.6555,42.649],[-2.6465,42.6455],[-2.642,42.6525],[-2.647,42.658],[-2.647,42.6575],[-2.6505,42.656],[-2.6515,42.6595],[-2.653,42.66],[-2.654,42.6605],[-2.6555,42.662],[-2.6615,42.664],[-2.6625,42.665],[-2.663,42.6635],[-2.663,42.666],[-2.6635,42.666],[-2.6635,42.667],[-2.6645,42.6665],[-2.669,42.662],[-2.6725,42.664],[-2.6755,42.6665],[-2.678,42.666],[-2.6785,42.666],[-2.6795,42.666],[-2.6795,42.6655],[-2.6775,42.663],[-2.6795,42.6655],[-2.68,42.6655],[-2.681,42.6655],[-2.684,42.6655],[-2.6875,42.66],[-2.6965,42.66],[-2.6975,42.66],[-2.6985,42.661],[-2.699,42.661],[-2.7045,42.66],[-2.7085,42.662],[-2.71,42.6655],[-2.711,42.6695],[-2.711,42.67],[-2.711,42.6705],[-2.7115,42.6705]]],[[[-2.6705,42.654],[-2.6735,42.6505],[-2.673,42.6465],[-2.674,42.647],[-2.6765,42.6455],[-2.676,42.6445],[-2.6745,42.644],[-2.6755,42.644],[-2.6755,42.6425],[-2.6765,42.641],[-2.677,42.64],[-2.6775,42.6395],[-2.678,42.6395],[-2.678,42.639],[-2.6785,42.639],[-2.6795,42.6385],[-2.683,42.638],[-2.6815,42.637],[-2.681,42.6365],[-2.6785,42.6325],[-2.665,42.6335],[-2.6605,42.6355],[-2.657,42.638],[-2.665,42.644],[-2.6695,42.645],[-2.67,42.6525],[-2.6705,42.654]]],[[[-2.6775,43.016],[-2.6785,43.016],[-2.679,43.0155],[-2.6795,43.0155],[-2.683,43.0135],[-2.683,43.014],[-2.6825,43.0145],[-2.6825,43.015],[-2.6835,43.015],[-2.684,43.015],[-2.6845,43.015],[-2.684,43.0145],[-2.684,43.013],[-2.6835,43.0125],[-2.683,43.0115],[-2.6825,43.011],[-2.6825,43.0105],[-2.682,43.0105],[-2.681,43.0085],[-2.681,43.008],[-2.6805,43.008],[-2.6755,43.0095],[-2.675,43.0095],[-2.671,43.0135],[-2.6685,43.007],[-2.66,43.0045],[-2.659,43.0065],[-2.659,43.008],[-2.659,43.0085],[-2.6575,43.0145],[-2.658,43.019],[-2.663,43.0235],[-2.674,43.0225],[-2.6755,43.023],[-2.6765,43.0225],[-2.679,43.022],[-2.6805,43.02],[-2.6805,43.019],[-2.68,43.019],[-2.6805,43.0185],[-2.6805,43.018],[-2.6815,43.018],[-2.682,43.0175],[-2.6805,43.0155],[-2.68,43.0155],[-2.6795,43.0155],[-2.679,43.0155],[-2.6785,43.016],[-2.678,43.016],[-2.6775,43.016]]],[[[-2.6695,42.5225],[-2.671,42.5175],[-2.6705,42.517],[-2.67,42.517],[-2.6695,42.5165],[-2.669,42.5165],[-2.668,42.516],[-2.6675,42.516],[-2.667,42.516],[-2.6665,42.5155],[-2.666,42.5155],[-2.6635,42.5145],[-2.6615,42.5145],[-2.661,42.5145],[-2.663,42.5145],[-2.6615,42.5135],[-2.661,42.5135],[-2.6605,42.5135],[-2.66,42.513],[-2.6595,42.513],[-2.659,42.513],[-2.658,42.513],[-2.656,42.514],[-2.6555,42.5135],[-2.655,42.5135],[-2.6545,42.514],[-2.654,42.514],[-2.6535,42.514],[-2.653,42.514],[-2.652,42.5135],[-2.6515,42.5135],[-2.6515,42.513],[-2.651,42.513],[-2.6505,42.513],[-2.6495,42.513],[-2.6465,42.5125],[-2.646,42.5125],[-2.6455,42.5125],[-2.645,42.5155],[-2.6445,42.518],[-2.6435,42.519],[-2.644,42.5195],[-2.645,42.5205],[-2.645,42.521],[-2.6445,42.521],[-2.6395,42.5215],[-2.6385,42.52],[-2.639,42.52],[-2.6395,42.5195],[-2.638,42.519],[-2.636,42.519],[-2.6355,42.517],[-2.6345,42.517],[-2.635,42.5165],[-2.6355,42.5165],[-2.6365,42.516],[-2.6365,42.5155],[-2.6375,42.5155],[-2.638,42.5155],[-2.6395,42.516],[-2.639,42.515],[-2.6385,42.515],[-2.6375,42.514],[-2.636,42.5135],[-2.635,42.514],[-2.6345,42.514],[-2.634,42.514],[-2.633,42.514],[-2.6325,42.5145],[-2.632,42.5145],[-2.6315,42.5145],[-2.6305,42.515],[-2.631,42.515],[-2.631,42.5155],[-2.631,42.516],[-2.6305,42.5165],[-2.633,42.5175],[-2.632,42.5175],[-2.6315,42.5175],[-2.6325,42.518],[-2.6335,42.518],[-2.633,42.5185],[-2.633,42.5195],[-2.6325,42.519],[-2.6305,42.5185],[-2.631,42.5185],[-2.631,42.518],[-2.63,42.518],[-2.6295,42.519],[-2.63,42.519],[-2.6325,42.522],[-2.633,42.5225],[-2.634,42.523],[-2.6345,42.523],[-2.6345,42.5235],[-2.635,42.524],[-2.6355,42.524],[-2.6395,42.5245],[-2.6405,42.526],[-2.6395,42.5265],[-2.6395,42.5275],[-2.6395,42.528],[-2.64,42.528],[-2.6405,42.5285],[-2.641,42.529],[-2.6415,42.529],[-2.6415,42.5295],[-2.642,42.5295],[-2.6425,42.53],[-2.643,42.5305],[-2.6435,42.5305],[-2.6435,42.531],[-2.644,42.531],[-2.6445,42.531],[-2.645,42.531],[-2.645,42.5315],[-2.6455,42.5315],[-2.6455,42.532],[-2.646,42.532],[-2.648,42.532],[-2.6495,42.5325],[-2.65,42.5325],[-2.6505,42.5325],[-2.6495,42.5305],[-2.649,42.5305],[-2.6485,42.5305],[-2.648,42.53],[-2.649,42.5295],[-2.649,42.5285],[-2.6485,42.5275],[-2.648,42.5275],[-2.6475,42.5275],[-2.6475,42.527],[-2.648,42.527],[-2.6485,42.527],[-2.649,42.527],[-2.649,42.5265],[-2.649,42.5255],[-2.6495,42.5265],[-2.6495,42.5255],[-2.6495,42.5265],[-2.6495,42.527],[-2.649,42.527],[-2.649,42.5275],[-2.649,42.5285],[-2.649,42.5295],[-2.649,42.53],[-2.6495,42.5305],[-2.6505,42.5305],[-2.651,42.5305],[-2.6505,42.5315],[-2.6515,42.532],[-2.652,42.532],[-2.6525,42.532],[-2.653,42.5315],[-2.6535,42.531],[-2.654,42.531],[-2.655,42.531],[-2.6555,42.5305],[-2.656,42.5305],[-2.6575,42.5305],[-2.6575,42.53],[-2.657,42.53],[-2.6565,42.53],[-2.656,42.5295],[-2.6555,42.5295],[-2.655,42.5295],[-2.655,42.529],[-2.654,42.5285],[-2.6535,42.528],[-2.6525,42.528],[-2.652,42.528],[-2.652,42.5275],[-2.6525,42.528],[-2.6535,42.5275],[-2.653,42.5275],[-2.653,42.527],[-2.653,42.5265],[-2.6535,42.5265],[-2.6535,42.526],[-2.653,42.526],[-2.6525,42.526],[-2.6525,42.5255],[-2.652,42.5255],[-2.6515,42.5255],[-2.652,42.5255],[-2.6525,42.5255],[-2.653,42.526],[-2.6525,42.526],[-2.653,42.526],[-2.6535,42.526],[-2.653,42.5255],[-2.6535,42.5255],[-2.6535,42.526],[-2.6535,42.5265],[-2.653,42.5265],[-2.653,42.527],[-2.6535,42.527],[-2.6535,42.5275],[-2.6535,42.528],[-2.654,42.528],[-2.654,42.5285],[-2.6545,42.5285],[-2.6545,42.529],[-2.655,42.529],[-2.6555,42.5295],[-2.656,42.5295],[-2.6565,42.53],[-2.657,42.53],[-2.6575,42.53],[-2.6575,42.5305],[-2.658,42.5305],[-2.6585,42.5305],[-2.659,42.5305],[-2.6595,42.53],[-2.659,42.53],[-2.659,42.5295],[-2.6585,42.5295],[-2.6575,42.5285],[-2.6565,42.5285],[-2.6565,42.528],[-2.656,42.5275],[-2.656,42.527],[-2.656,42.5265],[-2.6555,42.526],[-2.6545,42.5255],[-2.6545,42.525],[-2.654,42.525],[-2.6535,42.5245],[-2.6515,42.524],[-2.6505,42.5235],[-2.6505,42.523],[-2.65,42.5225],[-2.651,42.5225],[-2.6505,42.523],[-2.6505,42.5235],[-2.652,42.524],[-2.6535,42.5245],[-2.654,42.525],[-2.6545,42.525],[-2.654,42.5245],[-2.653,42.5235],[-2.6525,42.523],[-2.6525,42.5225],[-2.652,42.5215],[-2.6525,42.5215],[-2.6525,42.521],[-2.6525,42.519],[-2.652,42.519],[-2.6525,42.519],[-2.652,42.519],[-2.6525,42.519],[-2.6525,42.52],[-2.653,42.521],[-2.6525,42.5215],[-2.652,42.5215],[-2.6525,42.5225],[-2.6525,42.523],[-2.653,42.523],[-2.654,42.5235],[-2.6535,42.523],[-2.654,42.523],[-2.6545,42.524],[-2.654,42.5235],[-2.654,42.5245],[-2.655,42.525],[-2.656,42.5255],[-2.6575,42.5285],[-2.658,42.5285],[-2.6585,42.5295],[-2.659,42.5295],[-2.6595,42.5295],[-2.6595,42.53],[-2.6595,42.5305],[-2.66,42.531],[-2.6605,42.5315],[-2.661,42.5315],[-2.661,42.531],[-2.6615,42.5295],[-2.6615,42.529],[-2.6615,42.5295],[-2.6615,42.53],[-2.662,42.53],[-2.6625,42.5295],[-2.664,42.529],[-2.6645,42.529],[-2.665,42.529],[-2.6655,42.529],[-2.6665,42.5285],[-2.667,42.5285],[-2.6675,42.5285],[-2.6665,42.528],[-2.6665,42.527],[-2.6675,42.528],[-2.6695,42.526],[-2.669,42.524],[-2.669,42.5235],[-2.669,42.523],[-2.6695,42.5225],[-2.669,42.5225],[-2.6695,42.5225]]],[[[-2.66,42.571],[-2.6605,42.57],[-2.6585,42.569],[-2.66,42.568],[-2.6605,42.5675],[-2.6605,42.567],[-2.6605,42.5675],[-2.661,42.5675],[-2.6615,42.568],[-2.6625,42.568],[-2.6625,42.567],[-2.663,42.566],[-2.663,42.5655],[-2.6625,42.565],[-2.6625,42.5645],[-2.6625,42.563],[-2.6625,42.5625],[-2.663,42.562],[-2.664,42.5605],[-2.6635,42.56],[-2.6625,42.5605],[-2.662,42.5605],[-2.662,42.561],[-2.662,42.5605],[-2.6615,42.56],[-2.6625,42.5605],[-2.663,42.56],[-2.663,42.5595],[-2.6635,42.5595],[-2.663,42.559],[-2.663,42.5595],[-2.6615,42.5595],[-2.6605,42.5615],[-2.66,42.562],[-2.659,42.563],[-2.6595,42.5635],[-2.659,42.5635],[-2.658,42.5645],[-2.658,42.565],[-2.658,42.567],[-2.6585,42.567],[-2.658,42.567],[-2.658,42.5675],[-2.658,42.5685],[-2.658,42.5675],[-2.658,42.567],[-2.658,42.565],[-2.658,42.5645],[-2.659,42.5635],[-2.6585,42.5635],[-2.658,42.5635],[-2.6575,42.564],[-2.657,42.564],[-2.6565,42.564],[-2.6565,42.5635],[-2.657,42.5635],[-2.658,42.5635],[-2.6585,42.5635],[-2.659,42.5635],[-2.66,42.562],[-2.6615,42.5595],[-2.663,42.5595],[-2.663,42.559],[-2.663,42.5585],[-2.663,42.558],[-2.662,42.5575],[-2.6615,42.5575],[-2.661,42.5575],[-2.6615,42.5575],[-2.662,42.5575],[-2.662,42.557],[-2.6615,42.556],[-2.661,42.5565],[-2.66,42.557],[-2.6595,42.557],[-2.6595,42.5575],[-2.659,42.558],[-2.659,42.5585],[-2.6585,42.5585],[-2.6585,42.559],[-2.6575,42.5595],[-2.656,42.5605],[-2.656,42.56],[-2.655,42.5595],[-2.6535,42.5585],[-2.651,42.5605],[-2.6505,42.5605],[-2.6475,42.562],[-2.6475,42.5665],[-2.648,42.567],[-2.6485,42.567],[-2.649,42.567],[-2.6495,42.5675],[-2.6495,42.568],[-2.6495,42.5685],[-2.649,42.569],[-2.649,42.5695],[-2.648,42.5695],[-2.6485,42.57],[-2.6485,42.5705],[-2.6495,42.5735],[-2.6495,42.574],[-2.6505,42.5735],[-2.6505,42.5725],[-2.651,42.5735],[-2.654,42.571],[-2.655,42.572],[-2.655,42.5715],[-2.6555,42.572],[-2.656,42.5725],[-2.6565,42.572],[-2.659,42.571],[-2.66,42.571]]],[[[-2.6505,42.545],[-2.6505,42.5445],[-2.651,42.5445],[-2.652,42.544],[-2.6525,42.5435],[-2.6525,42.5415],[-2.652,42.5415],[-2.652,42.541],[-2.6525,42.541],[-2.65,42.542],[-2.65,42.5425],[-2.65,42.542],[-2.648,42.5415],[-2.649,42.5415],[-2.652,42.541],[-2.654,42.539],[-2.6535,42.539],[-2.653,42.539],[-2.6525,42.5395],[-2.652,42.5395],[-2.6515,42.5395],[-2.651,42.539],[-2.6505,42.539],[-2.651,42.539],[-2.6515,42.5395],[-2.652,42.5395],[-2.653,42.539],[-2.6535,42.539],[-2.654,42.539],[-2.655,42.5385],[-2.6545,42.5385],[-2.655,42.538],[-2.6545,42.5375],[-2.653,42.536],[-2.6525,42.536],[-2.6515,42.536],[-2.6525,42.536],[-2.653,42.5345],[-2.6525,42.534],[-2.652,42.5345],[-2.6525,42.534],[-2.653,42.5345],[-2.653,42.534],[-2.653,42.5335],[-2.6525,42.533],[-2.652,42.533],[-2.651,42.5325],[-2.65,42.5325],[-2.6495,42.5325],[-2.649,42.5325],[-2.6485,42.5325],[-2.646,42.532],[-2.6455,42.532],[-2.6445,42.532],[-2.644,42.532],[-2.644,42.5325],[-2.644,42.532],[-2.6445,42.5315],[-2.6445,42.531],[-2.644,42.531],[-2.6435,42.531],[-2.643,42.5305],[-2.6425,42.53],[-2.642,42.53],[-2.6415,42.5295],[-2.641,42.529],[-2.6405,42.529],[-2.6405,42.5285],[-2.64,42.5285],[-2.64,42.528],[-2.639,42.529],[-2.6395,42.5295],[-2.639,42.5295],[-2.6385,42.53],[-2.638,42.5295],[-2.6365,42.529],[-2.6375,42.5315],[-2.6355,42.533],[-2.635,42.5335],[-2.634,42.535],[-2.6335,42.535],[-2.6335,42.536],[-2.6355,42.537],[-2.637,42.539],[-2.6375,42.539],[-2.638,42.54],[-2.6365,42.541],[-2.6365,42.5415],[-2.635,42.542],[-2.6345,42.5415],[-2.634,42.5395],[-2.6335,42.5395],[-2.633,42.539],[-2.633,42.5385],[-2.6335,42.5385],[-2.6335,42.537],[-2.6325,42.5365],[-2.632,42.5365],[-2.6315,42.5365],[-2.631,42.5365],[-2.63,42.536],[-2.6295,42.5355],[-2.629,42.5355],[-2.6285,42.5355],[-2.631,42.5345],[-2.6305,42.5345],[-2.63,42.534],[-2.629,42.534],[-2.629,42.5335],[-2.6285,42.533],[-2.6275,42.533],[-2.6265,42.5325],[-2.626,42.5325],[-2.6255,42.5325],[-2.6255,42.532],[-2.625,42.531],[-2.624,42.532],[-2.625,42.5325],[-2.625,42.533],[-2.626,42.533],[-2.626,42.5335],[-2.6265,42.5335],[-2.6265,42.534],[-2.627,42.534],[-2.627,42.5345],[-2.6275,42.535],[-2.6275,42.5355],[-2.6275,42.535],[-2.6275,42.5355],[-2.628,42.5355],[-2.628,42.536],[-2.6285,42.536],[-2.6285,42.5365],[-2.6285,42.537],[-2.6285,42.5365],[-2.629,42.539],[-2.631,42.5405],[-2.631,42.541],[-2.6315,42.541],[-2.632,42.5415],[-2.6315,42.54],[-2.633,42.5405],[-2.633,42.542],[-2.632,42.5425],[-2.6325,42.545],[-2.633,42.5455],[-2.6335,42.5445],[-2.634,42.5445],[-2.6335,42.5455],[-2.633,42.5455],[-2.6335,42.5475],[-2.6345,42.549],[-2.636,42.55],[-2.638,42.549],[-2.6365,42.55],[-2.637,42.5505],[-2.6375,42.551],[-2.637,42.5545],[-2.6425,42.559],[-2.6455,42.5575],[-2.646,42.557],[-2.6475,42.5565],[-2.6465,42.556],[-2.6465,42.5555],[-2.647,42.556],[-2.647,42.5555],[-2.647,42.555],[-2.647,42.5525],[-2.647,42.551],[-2.6465,42.551],[-2.6465,42.5505],[-2.6465,42.55],[-2.6475,42.5505],[-2.648,42.55],[-2.65,42.5475],[-2.6495,42.547],[-2.649,42.5475],[-2.6475,42.5475],[-2.648,42.548],[-2.6465,42.548],[-2.647,42.548],[-2.6475,42.548],[-2.6475,42.547],[-2.646,42.5475],[-2.6455,42.548],[-2.6455,42.5475],[-2.646,42.547],[-2.6465,42.547],[-2.649,42.5475],[-2.6495,42.547],[-2.65,42.547],[-2.651,42.5455],[-2.65,42.545],[-2.6495,42.545],[-2.648,42.545],[-2.6475,42.545],[-2.648,42.545],[-2.6495,42.545],[-2.6495,42.5445],[-2.6495,42.544],[-2.6495,42.5445],[-2.65,42.545],[-2.6505,42.545]]],[[[-2.6385,42.9595],[-2.6415,42.9585],[-2.6425,42.956],[-2.6385,42.9595]]],[[[-2.629,43.0075],[-2.629,43.0085],[-2.629,43.009],[-2.6295,43.0095],[-2.6295,43.01],[-2.629,43.0105],[-2.628,43.011],[-2.6275,43.0115],[-2.6285,43.014],[-2.6295,43.015],[-2.6295,43.0165],[-2.63,43.017],[-2.6315,43.019],[-2.6335,43.02],[-2.6415,43.021],[-2.641,43.0205],[-2.641,43.02],[-2.6375,43.0125],[-2.6305,43.0085],[-2.629,43.0075]]],[[[-2.6305,42.555],[-2.6305,42.554],[-2.631,42.5535],[-2.629,42.552],[-2.6285,42.552],[-2.6265,42.552],[-2.6265,42.5525],[-2.6265,42.553],[-2.627,42.5535],[-2.6265,42.5535],[-2.6265,42.553],[-2.626,42.5525],[-2.625,42.552],[-2.624,42.552],[-2.62,42.551],[-2.62,42.5505],[-2.619,42.55],[-2.6175,42.55],[-2.6195,42.553],[-2.62,42.553],[-2.6195,42.553],[-2.62,42.554],[-2.623,42.5595],[-2.623,42.56],[-2.6235,42.56],[-2.6235,42.5595],[-2.6235,42.56],[-2.624,42.56],[-2.6235,42.56],[-2.623,42.56],[-2.6235,42.5605],[-2.6235,42.561],[-2.6235,42.5615],[-2.6235,42.562],[-2.624,42.5625],[-2.6245,42.562],[-2.625,42.5615],[-2.625,42.561],[-2.6255,42.561],[-2.6265,42.5605],[-2.6305,42.559],[-2.6325,42.5595],[-2.6325,42.559],[-2.6305,42.5555],[-2.6305,42.555]]],[[[-2.6275,42.9415],[-2.628,42.9405],[-2.6275,42.9405],[-2.6225,42.94],[-2.62,42.943],[-2.621,42.942],[-2.62,42.9435],[-2.62,42.943],[-2.6135,42.9425],[-2.611,42.9435],[-2.6105,42.9435],[-2.61,42.944],[-2.6075,42.9455],[-2.608,42.945],[-2.608,42.9455],[-2.6085,42.9475],[-2.609,42.948],[-2.6115,42.9495],[-2.617,42.9535],[-2.62,42.955],[-2.6205,42.955],[-2.62,42.9555],[-2.619,42.956],[-2.6195,42.9565],[-2.62,42.9565],[-2.622,42.956],[-2.623,42.9555],[-2.627,42.9505],[-2.6265,42.9465],[-2.6245,42.948],[-2.6265,42.9465],[-2.628,42.9455],[-2.6275,42.9415]]],[[[-2.6305,43.03],[-2.6305,43.0295],[-2.63,43.0295],[-2.6305,43.0285],[-2.6305,43.028],[-2.631,43.028],[-2.6305,43.0255],[-2.62,43.0235],[-2.6195,43.0235],[-2.6205,43.024],[-2.6205,43.0235],[-2.621,43.0245],[-2.6225,43.027],[-2.625,43.031],[-2.625,43.0315],[-2.626,43.032],[-2.6265,43.034],[-2.626,43.035],[-2.6255,43.035],[-2.625,43.0355],[-2.625,43.035],[-2.626,43.0335],[-2.6265,43.034],[-2.625,43.0315],[-2.6245,43.0315],[-2.6225,43.0335],[-2.622,43.034],[-2.62,43.038],[-2.6195,43.038],[-2.6195,43.0385],[-2.619,43.0385],[-2.6185,43.039],[-2.622,43.039],[-2.622,43.0395],[-2.6225,43.0395],[-2.624,43.0395],[-2.6245,43.0395],[-2.6255,43.04],[-2.626,43.04],[-2.6265,43.04],[-2.6265,43.041],[-2.6275,43.041],[-2.6275,43.0405],[-2.6285,43.04],[-2.629,43.04],[-2.629,43.0395],[-2.6285,43.0395],[-2.628,43.0385],[-2.6285,43.038],[-2.6285,43.0385],[-2.629,43.0385],[-2.6295,43.0385],[-2.6315,43.0385],[-2.632,43.038],[-2.6325,43.038],[-2.6335,43.0325],[-2.633,43.0325],[-2.6325,43.032],[-2.631,43.03],[-2.6305,43.03]]],[[[-2.625,43.0685],[-2.6225,43.063],[-2.622,43.064],[-2.6215,43.063],[-2.621,43.063],[-2.621,43.0635],[-2.6205,43.064],[-2.6205,43.0645],[-2.62,43.065],[-2.617,43.0705],[-2.617,43.071],[-2.6175,43.071],[-2.6175,43.0715],[-2.618,43.073],[-2.6175,43.0735],[-2.619,43.0755],[-2.6195,43.0795],[-2.6185,43.084],[-2.6215,43.0845],[-2.627,43.0805],[-2.6245,43.075],[-2.625,43.069],[-2.625,43.0685]]],[[[-2.645,42.6415],[-2.6515,42.637],[-2.651,42.637],[-2.6505,42.6375],[-2.6495,42.6375],[-2.6485,42.6365],[-2.644,42.6315],[-2.644,42.6305],[-2.6475,42.6315],[-2.647,42.6295],[-2.6465,42.6295],[-2.6445,42.6275],[-2.643,42.628],[-2.641,42.629],[-2.6305,42.631],[-2.6305,42.6315],[-2.619,42.63],[-2.6105,42.6305],[-2.6035,42.6295],[-2.6025,42.6295],[-2.6005,42.629],[-2.597,42.629],[-2.599,42.628],[-2.599,42.6275],[-2.5975,42.6275],[-2.5975,42.627],[-2.594,42.627],[-2.594,42.6275],[-2.5895,42.6295],[-2.589,42.6295],[-2.586,42.631],[-2.5855,42.6315],[-2.585,42.6315],[-2.5845,42.632],[-2.5865,42.633],[-2.584,42.636],[-2.5815,42.638],[-2.584,42.636],[-2.5845,42.632],[-2.584,42.6315],[-2.582,42.6315],[-2.5815,42.6315],[-2.582,42.632],[-2.581,42.6325],[-2.5785,42.6315],[-2.5775,42.631],[-2.576,42.632],[-2.575,42.6335],[-2.573,42.6355],[-2.5725,42.6355],[-2.572,42.6365],[-2.572,42.638],[-2.576,42.639],[-2.5765,42.639],[-2.5795,42.6395],[-2.5765,42.639],[-2.576,42.639],[-2.572,42.638],[-2.572,42.6385],[-2.572,42.6405],[-2.5725,42.641],[-2.573,42.6415],[-2.573,42.642],[-2.573,42.6425],[-2.573,42.643],[-2.5725,42.643],[-2.5715,42.644],[-2.5715,42.6445],[-2.5825,42.648],[-2.596,42.649],[-2.597,42.65],[-2.6,42.65],[-2.6005,42.6485],[-2.6165,42.648],[-2.6195,42.6485],[-2.6255,42.6445],[-2.6305,42.6445],[-2.632,42.6435],[-2.6375,42.641],[-2.645,42.6415]]],[[[-2.6185,42.992],[-2.619,42.9925],[-2.6195,42.9925],[-2.6205,42.993],[-2.621,42.993],[-2.6215,42.993],[-2.6215,42.9935],[-2.622,42.9935],[-2.6225,42.9945],[-2.6225,42.995],[-2.624,42.995],[-2.6355,42.9905],[-2.6335,42.988],[-2.6335,42.9875],[-2.633,42.9875],[-2.632,42.988],[-2.6315,42.9875],[-2.6325,42.9875],[-2.633,42.9875],[-2.633,42.987],[-2.6335,42.986],[-2.635,42.9835],[-2.6345,42.983],[-2.6355,42.9805],[-2.635,42.9795],[-2.6305,42.978],[-2.6305,42.974],[-2.623,42.9765],[-2.6165,42.975],[-2.617,42.9755],[-2.6165,42.975],[-2.6135,42.9775],[-2.607,42.9795],[-2.6035,42.9755],[-2.6025,42.969],[-2.6035,42.9655],[-2.603,42.9655],[-2.602,42.9645],[-2.6025,42.962],[-2.5985,42.9665],[-2.5915,42.9645],[-2.587,42.9655],[-2.5865,42.966],[-2.5865,42.9665],[-2.586,42.9665],[-2.586,42.967],[-2.5855,42.9675],[-2.5855,42.968],[-2.585,42.9685],[-2.5865,42.969],[-2.5865,42.9695],[-2.5825,42.969],[-2.582,42.969],[-2.5805,42.969],[-2.58,42.9695],[-2.5815,42.975],[-2.579,42.981],[-2.5745,42.983],[-2.5745,42.981],[-2.572,42.982],[-2.5745,42.984],[-2.578,42.989],[-2.5795,42.989],[-2.58,42.989],[-2.581,42.9885],[-2.581,42.989],[-2.582,42.989],[-2.5825,42.9895],[-2.5835,42.991],[-2.5855,42.993],[-2.586,42.993],[-2.5895,42.9945],[-2.59,42.9945],[-2.59,42.995],[-2.59,42.9935],[-2.5935,42.9965],[-2.594,43],[-2.5945,43.002],[-2.5945,43.003],[-2.594,43.004],[-2.5935,43.0055],[-2.5925,43.0065],[-2.592,43.007],[-2.592,43.0095],[-2.5915,43.0105],[-2.5915,43.011],[-2.592,43.0115],[-2.5915,43.0125],[-2.591,43.0125],[-2.591,43.013],[-2.5905,43.014],[-2.5895,43.014],[-2.5885,43.0145],[-2.587,43.015],[-2.585,43.016],[-2.5865,43.019],[-2.5875,43.019],[-2.5875,43.0185],[-2.587,43.0185],[-2.587,43.018],[-2.59,43.017],[-2.5905,43.017],[-2.591,43.017],[-2.594,43.0145],[-2.594,43.014],[-2.5945,43.014],[-2.595,43.013],[-2.5955,43.0125],[-2.596,43.011],[-2.594,43.0095],[-2.597,43.0085],[-2.597,43.008],[-2.5975,43.007],[-2.597,43.0045],[-2.599,43.004],[-2.599,43.0035],[-2.5995,43.003],[-2.6005,43.002],[-2.6015,43.0005],[-2.6015,43],[-2.6025,42.9985],[-2.603,42.998],[-2.6035,42.9975],[-2.604,42.997],[-2.6035,42.9955],[-2.599,42.9965],[-2.5955,42.9955],[-2.5985,42.993],[-2.5935,42.987],[-2.597,42.9865],[-2.5975,42.986],[-2.602,42.9835],[-2.6025,42.983],[-2.6025,42.9825],[-2.603,42.9835],[-2.603,42.984],[-2.6035,42.9845],[-2.6075,42.987],[-2.6085,42.987],[-2.609,42.9875],[-2.6095,42.9875],[-2.6095,42.988],[-2.61,42.988],[-2.6105,42.988],[-2.611,42.9885],[-2.6125,42.989],[-2.614,42.99],[-2.6145,42.99],[-2.6155,42.991],[-2.617,42.9915],[-2.6175,42.9915],[-2.6175,42.992],[-2.618,42.992],[-2.6185,42.992]],[[-2.6015,42.975],[-2.602,42.976],[-2.602,42.9765],[-2.6005,42.9805],[-2.5945,42.9855],[-2.594,42.9855],[-2.587,42.985],[-2.59,42.982],[-2.588,42.978],[-2.5965,42.976],[-2.5965,42.9765],[-2.597,42.9765],[-2.598,42.976],[-2.599,42.976],[-2.601,42.9745],[-2.6015,42.9745],[-2.6015,42.975]],[[-2.602,42.9725],[-2.5955,42.973],[-2.59,42.9685],[-2.594,42.9655],[-2.594,42.966],[-2.598,42.967],[-2.5985,42.9675],[-2.6,42.9675],[-2.6,42.968],[-2.602,42.9715],[-2.602,42.9725]]],[[[-2.5965,42.9615],[-2.6015,42.9605],[-2.601,42.9605],[-2.598,42.96],[-2.5965,42.9615]]],[[[-2.585,42.912],[-2.585,42.914],[-2.579,42.9095],[-2.5785,42.909],[-2.578,42.909],[-2.578,42.9085],[-2.5775,42.9085],[-2.5775,42.908],[-2.577,42.908],[-2.5765,42.908],[-2.5765,42.9075],[-2.576,42.9075],[-2.5755,42.907],[-2.575,42.907],[-2.576,42.907],[-2.574,42.9065],[-2.573,42.907],[-2.5725,42.9075],[-2.572,42.9075],[-2.572,42.908],[-2.5725,42.9075],[-2.572,42.908],[-2.5755,42.9115],[-2.575,42.9115],[-2.574,42.911],[-2.573,42.9105],[-2.571,42.91],[-2.571,42.9105],[-2.5715,42.9125],[-2.572,42.9125],[-2.5725,42.913],[-2.573,42.913],[-2.5735,42.913],[-2.5735,42.9135],[-2.574,42.914],[-2.574,42.9145],[-2.5785,42.913],[-2.584,42.9155],[-2.585,42.9185],[-2.584,42.919],[-2.584,42.9215],[-2.5845,42.9215],[-2.585,42.9215],[-2.5855,42.9215],[-2.5865,42.9215],[-2.587,42.923],[-2.5875,42.923],[-2.588,42.9225],[-2.5895,42.9225],[-2.5955,42.922],[-2.5955,42.9215],[-2.596,42.9215],[-2.5965,42.9215],[-2.597,42.9215],[-2.597,42.921],[-2.5975,42.921],[-2.598,42.921],[-2.5985,42.921],[-2.5995,42.921],[-2.6,42.921],[-2.6,42.9205],[-2.6005,42.9205],[-2.601,42.9205],[-2.601,42.92],[-2.602,42.9195],[-2.6025,42.9195],[-2.603,42.919],[-2.6035,42.919],[-2.604,42.9185],[-2.6045,42.9185],[-2.605,42.9185],[-2.606,42.918],[-2.607,42.918],[-2.6075,42.9175],[-2.607,42.9165],[-2.607,42.916],[-2.6075,42.915],[-2.6075,42.9145],[-2.607,42.9145],[-2.606,42.9145],[-2.6065,42.9145],[-2.6065,42.914],[-2.607,42.914],[-2.6075,42.914],[-2.6075,42.9135],[-2.608,42.9135],[-2.608,42.913],[-2.6075,42.9125],[-2.607,42.9125],[-2.6065,42.912],[-2.606,42.912],[-2.6055,42.912],[-2.6055,42.9115],[-2.605,42.911],[-2.6045,42.9105],[-2.604,42.9105],[-2.6035,42.91],[-2.604,42.91],[-2.6045,42.91],[-2.604,42.9095],[-2.6035,42.909],[-2.6035,42.908],[-2.604,42.9065],[-2.6035,42.9065],[-2.6015,42.909],[-2.6015,42.908],[-2.6005,42.9055],[-2.6,42.9055],[-2.6005,42.9055],[-2.5995,42.9055],[-2.599,42.9055],[-2.599,42.906],[-2.5995,42.906],[-2.599,42.907],[-2.5985,42.9065],[-2.5985,42.9045],[-2.5985,42.903],[-2.5985,42.9025],[-2.598,42.902],[-2.598,42.901],[-2.5985,42.901],[-2.6005,42.9005],[-2.601,42.9005],[-2.6015,42.9],[-2.602,42.9],[-2.602,42.899],[-2.6015,42.8985],[-2.601,42.899],[-2.6005,42.899],[-2.6005,42.898],[-2.6005,42.8975],[-2.6005,42.897],[-2.6005,42.8965],[-2.5995,42.8955],[-2.599,42.8965],[-2.599,42.897],[-2.598,42.898],[-2.598,42.8985],[-2.5975,42.899],[-2.5975,42.8995],[-2.596,42.9],[-2.597,42.903],[-2.5965,42.903],[-2.596,42.9025],[-2.595,42.9015],[-2.595,42.9005],[-2.5945,42.9],[-2.5945,42.9005],[-2.5945,42.901],[-2.5945,42.9015],[-2.5945,42.902],[-2.5945,42.9025],[-2.5955,42.903],[-2.596,42.903],[-2.5965,42.9035],[-2.5965,42.904],[-2.597,42.904],[-2.597,42.9045],[-2.597,42.905],[-2.597,42.9055],[-2.596,42.905],[-2.5955,42.905],[-2.5955,42.9055],[-2.5945,42.905],[-2.594,42.9055],[-2.595,42.906],[-2.5955,42.9065],[-2.596,42.9065],[-2.5955,42.907],[-2.5965,42.9075],[-2.597,42.907],[-2.597,42.9065],[-2.5975,42.9065],[-2.5975,42.907],[-2.597,42.9075],[-2.5965,42.9075],[-2.5965,42.908],[-2.597,42.908],[-2.597,42.909],[-2.597,42.9085],[-2.5965,42.9085],[-2.5965,42.908],[-2.5955,42.9085],[-2.596,42.9095],[-2.595,42.9085],[-2.595,42.909],[-2.5945,42.9095],[-2.595,42.9095],[-2.593,42.911],[-2.592,42.9105],[-2.5925,42.91],[-2.5925,42.9095],[-2.593,42.9095],[-2.593,42.9085],[-2.5915,42.9075],[-2.591,42.907],[-2.5905,42.9075],[-2.59,42.9075],[-2.5905,42.907],[-2.591,42.9065],[-2.5905,42.9065],[-2.59,42.9065],[-2.589,42.906],[-2.5885,42.906],[-2.5865,42.906],[-2.586,42.906],[-2.5855,42.906],[-2.585,42.9055],[-2.585,42.905],[-2.5845,42.905],[-2.5845,42.9045],[-2.584,42.904],[-2.5835,42.904],[-2.582,42.9045],[-2.581,42.906],[-2.58,42.907],[-2.5805,42.907],[-2.581,42.907],[-2.582,42.906],[-2.5825,42.9055],[-2.582,42.9055],[-2.5825,42.905],[-2.583,42.9055],[-2.5835,42.906],[-2.5835,42.9065],[-2.584,42.9065],[-2.5845,42.9065],[-2.585,42.9065],[-2.5855,42.9065],[-2.5855,42.907],[-2.586,42.9065],[-2.5865,42.907],[-2.587,42.907],[-2.587,42.9075],[-2.5875,42.9075],[-2.588,42.9075],[-2.5885,42.9075],[-2.589,42.9075],[-2.589,42.908],[-2.5895,42.908],[-2.5905,42.908],[-2.5905,42.9085],[-2.589,42.9085],[-2.589,42.9105],[-2.5895,42.9105],[-2.59,42.912],[-2.5895,42.912],[-2.589,42.912],[-2.5895,42.912],[-2.588,42.913],[-2.588,42.9135],[-2.588,42.914],[-2.588,42.9145],[-2.5885,42.915],[-2.5865,42.9135],[-2.5865,42.9125],[-2.586,42.9125],[-2.5865,42.912],[-2.5865,42.9115],[-2.5865,42.912],[-2.587,42.9115],[-2.5875,42.911],[-2.587,42.911],[-2.5875,42.911],[-2.587,42.9105],[-2.585,42.912]]],[[[-2.586,43.216],[-2.586,43.2155],[-2.5865,43.2155],[-2.587,43.2155],[-2.5855,43.214],[-2.581,43.214],[-2.578,43.2155],[-2.577,43.2145],[-2.5765,43.215],[-2.578,43.2175],[-2.5775,43.2175],[-2.573,43.2165],[-2.5705,43.2175],[-2.57,43.2175],[-2.569,43.218],[-2.5685,43.218],[-2.5685,43.2185],[-2.568,43.2185],[-2.5675,43.219],[-2.567,43.219],[-2.566,43.2195],[-2.565,43.22],[-2.564,43.22],[-2.5635,43.22],[-2.5635,43.2205],[-2.563,43.2205],[-2.5625,43.2205],[-2.5685,43.2215],[-2.565,43.2235],[-2.5635,43.2245],[-2.5635,43.224],[-2.564,43.2235],[-2.5645,43.223],[-2.562,43.2225],[-2.5625,43.225],[-2.564,43.226],[-2.5655,43.2245],[-2.5685,43.2225],[-2.5685,43.222],[-2.569,43.2225],[-2.5685,43.2225],[-2.5705,43.225],[-2.5695,43.2255],[-2.573,43.2235],[-2.573,43.223],[-2.574,43.223],[-2.575,43.222],[-2.575,43.221],[-2.5765,43.2215],[-2.576,43.222],[-2.5755,43.222],[-2.574,43.223],[-2.571,43.225],[-2.573,43.227],[-2.573,43.2275],[-2.5725,43.2265],[-2.57,43.228],[-2.5695,43.228],[-2.5695,43.23],[-2.57,43.23],[-2.5725,43.2305],[-2.5735,43.2305],[-2.573,43.2295],[-2.573,43.229],[-2.5775,43.226],[-2.5805,43.228],[-2.581,43.2275],[-2.581,43.227],[-2.5815,43.227],[-2.5815,43.2275],[-2.582,43.227],[-2.582,43.2275],[-2.5815,43.2275],[-2.581,43.228],[-2.5805,43.228],[-2.5805,43.2285],[-2.58,43.229],[-2.5815,43.2295],[-2.58,43.229],[-2.5795,43.23],[-2.579,43.2305],[-2.577,43.232],[-2.5775,43.232],[-2.578,43.2315],[-2.5785,43.2315],[-2.576,43.2335],[-2.577,43.232],[-2.574,43.2355],[-2.574,43.237],[-2.5715,43.2395],[-2.571,43.241],[-2.568,43.241],[-2.5635,43.2425],[-2.566,43.244],[-2.5655,43.244],[-2.5635,43.243],[-2.5595,43.246],[-2.5645,43.247],[-2.5635,43.2465],[-2.562,43.2455],[-2.5635,43.245],[-2.564,43.245],[-2.566,43.244],[-2.567,43.2425],[-2.571,43.243],[-2.5715,43.243],[-2.575,43.2415],[-2.5755,43.2405],[-2.5755,43.241],[-2.575,43.2425],[-2.5765,43.2425],[-2.5765,43.2415],[-2.577,43.242],[-2.5765,43.2425],[-2.576,43.2435],[-2.578,43.243],[-2.581,43.2415],[-2.5805,43.2415],[-2.58,43.241],[-2.5795,43.241],[-2.579,43.2405],[-2.5785,43.2405],[-2.578,43.2405],[-2.575,43.2355],[-2.5835,43.234],[-2.584,43.234],[-2.584,43.2335],[-2.585,43.233],[-2.584,43.2345],[-2.5865,43.2345],[-2.5875,43.233],[-2.5885,43.2325],[-2.589,43.233],[-2.593,43.233],[-2.595,43.2335],[-2.6015,43.2355],[-2.6025,43.2355],[-2.602,43.2365],[-2.611,43.237],[-2.6135,43.242],[-2.615,43.2385],[-2.6235,43.2365],[-2.6195,43.2345],[-2.6175,43.235],[-2.618,43.235],[-2.618,43.2345],[-2.6115,43.2335],[-2.608,43.2325],[-2.615,43.226],[-2.6115,43.2265],[-2.611,43.2265],[-2.6105,43.226],[-2.609,43.225],[-2.6085,43.224],[-2.609,43.223],[-2.6085,43.223],[-2.608,43.223],[-2.606,43.223],[-2.605,43.2215],[-2.6035,43.2205],[-2.6005,43.2195],[-2.5985,43.2205],[-2.5975,43.219],[-2.597,43.219],[-2.599,43.2175],[-2.5985,43.2165],[-2.598,43.2165],[-2.595,43.219],[-2.5945,43.2185],[-2.5945,43.2175],[-2.5945,43.217],[-2.5905,43.2165],[-2.586,43.216]]],[[[-2.613,43.359],[-2.6135,43.359],[-2.614,43.359],[-2.6145,43.359],[-2.6145,43.3595],[-2.615,43.3595],[-2.6155,43.3595],[-2.6165,43.3595],[-2.616,43.3585],[-2.616,43.358],[-2.6155,43.358],[-2.615,43.357],[-2.614,43.3565],[-2.614,43.356],[-2.6125,43.356],[-2.6115,43.356],[-2.61,43.3555],[-2.6095,43.355],[-2.608,43.355],[-2.6075,43.355],[-2.607,43.355],[-2.6065,43.355],[-2.606,43.3545],[-2.604,43.354],[-2.603,43.354],[-2.6025,43.3535],[-2.601,43.353],[-2.6005,43.353],[-2.6,43.3535],[-2.5995,43.353],[-2.599,43.353],[-2.5985,43.3525],[-2.598,43.352],[-2.5975,43.3515],[-2.597,43.3515],[-2.5965,43.351],[-2.596,43.3505],[-2.5955,43.3505],[-2.5955,43.35],[-2.594,43.3495],[-2.594,43.35],[-2.5935,43.35],[-2.593,43.35],[-2.5925,43.35],[-2.592,43.3495],[-2.592,43.349],[-2.5915,43.349],[-2.591,43.349],[-2.591,43.3485],[-2.5905,43.3485],[-2.59,43.348],[-2.593,43.351],[-2.5925,43.351],[-2.5905,43.35],[-2.5905,43.3495],[-2.59,43.3495],[-2.5895,43.349],[-2.589,43.349],[-2.5885,43.349],[-2.5865,43.3475],[-2.5875,43.348],[-2.5875,43.3475],[-2.589,43.3475],[-2.589,43.347],[-2.588,43.347],[-2.5875,43.3465],[-2.587,43.346],[-2.584,43.346],[-2.5835,43.3455],[-2.5835,43.345],[-2.5805,43.3445],[-2.58,43.3445],[-2.58,43.344],[-2.581,43.344],[-2.5805,43.3435],[-2.58,43.3435],[-2.58,43.3425],[-2.578,43.342],[-2.5775,43.3425],[-2.57,43.341],[-2.568,43.3405],[-2.568,43.3395],[-2.5685,43.3395],[-2.568,43.339],[-2.567,43.3395],[-2.5665,43.3395],[-2.5665,43.3405],[-2.565,43.34],[-2.5645,43.34],[-2.563,43.34],[-2.5625,43.34],[-2.56,43.341],[-2.5595,43.3405],[-2.5595,43.3395],[-2.5625,43.3345],[-2.563,43.335],[-2.564,43.3355],[-2.564,43.335],[-2.5645,43.334],[-2.564,43.333],[-2.566,43.3305],[-2.5665,43.33],[-2.5655,43.3285],[-2.565,43.3285],[-2.5605,43.3315],[-2.56,43.332],[-2.56,43.3325],[-2.558,43.334],[-2.558,43.3345],[-2.5575,43.3345],[-2.557,43.3345],[-2.5565,43.335],[-2.555,43.335],[-2.5545,43.335],[-2.5525,43.335],[-2.5515,43.3355],[-2.551,43.336],[-2.5525,43.338],[-2.554,43.3395],[-2.5555,43.3435],[-2.554,43.3435],[-2.5545,43.344],[-2.5555,43.344],[-2.5565,43.344],[-2.558,43.3445],[-2.5575,43.3445],[-2.5585,43.345],[-2.559,43.3455],[-2.56,43.346],[-2.5605,43.347],[-2.56,43.347],[-2.5595,43.3465],[-2.559,43.3465],[-2.559,43.346],[-2.5595,43.346],[-2.5585,43.346],[-2.5585,43.3455],[-2.557,43.3455],[-2.556,43.3455],[-2.5575,43.3475],[-2.5585,43.3475],[-2.5585,43.348],[-2.559,43.348],[-2.5595,43.3485],[-2.56,43.349],[-2.56,43.3495],[-2.5595,43.3495],[-2.5605,43.3495],[-2.561,43.3495],[-2.5615,43.3495],[-2.562,43.3495],[-2.563,43.3485],[-2.563,43.348],[-2.5625,43.348],[-2.5625,43.3475],[-2.562,43.3475],[-2.5625,43.346],[-2.566,43.3455],[-2.5665,43.345],[-2.568,43.345],[-2.568,43.344],[-2.5695,43.3445],[-2.5685,43.345],[-2.567,43.346],[-2.566,43.3455],[-2.5655,43.3465],[-2.566,43.3465],[-2.568,43.3465],[-2.5675,43.347],[-2.5675,43.3475],[-2.5675,43.348],[-2.5675,43.3485],[-2.5655,43.3505],[-2.566,43.3505],[-2.568,43.3495],[-2.568,43.35],[-2.5685,43.35],[-2.5685,43.349],[-2.5695,43.349],[-2.5695,43.3485],[-2.571,43.349],[-2.5705,43.349],[-2.57,43.3495],[-2.571,43.3495],[-2.5715,43.3495],[-2.5755,43.3485],[-2.5745,43.3485],[-2.5745,43.348],[-2.576,43.3485],[-2.576,43.348],[-2.5755,43.348],[-2.5785,43.3485],[-2.579,43.3485],[-2.579,43.349],[-2.5785,43.3485],[-2.576,43.3485],[-2.576,43.349],[-2.576,43.35],[-2.579,43.35],[-2.5795,43.35],[-2.579,43.349],[-2.583,43.3505],[-2.584,43.3505],[-2.5895,43.35],[-2.59,43.35],[-2.5895,43.3505],[-2.589,43.351],[-2.589,43.3505],[-2.5845,43.3545],[-2.585,43.3545],[-2.5855,43.3545],[-2.5895,43.3535],[-2.589,43.354],[-2.5885,43.354],[-2.587,43.3555],[-2.586,43.357],[-2.5865,43.357],[-2.587,43.357],[-2.5875,43.357],[-2.5875,43.3575],[-2.588,43.3575],[-2.589,43.3575],[-2.5895,43.3575],[-2.5905,43.3575],[-2.5905,43.358],[-2.591,43.358],[-2.5915,43.3575],[-2.591,43.3575],[-2.591,43.357],[-2.591,43.3565],[-2.5915,43.3565],[-2.592,43.3565],[-2.592,43.356],[-2.5925,43.356],[-2.5935,43.3555],[-2.5945,43.356],[-2.5955,43.356],[-2.596,43.356],[-2.597,43.3565],[-2.5975,43.3565],[-2.5975,43.357],[-2.598,43.357],[-2.5985,43.357],[-2.6,43.3575],[-2.6005,43.3575],[-2.605,43.358],[-2.606,43.358],[-2.6065,43.3585],[-2.6055,43.3585],[-2.606,43.359],[-2.607,43.359],[-2.6075,43.359],[-2.61,43.3585],[-2.6105,43.3585],[-2.6115,43.358],[-2.6125,43.3585],[-2.613,43.359]]],[[[-2.5955,42.6245],[-2.5995,42.625],[-2.6,42.6205],[-2.6015,42.6165],[-2.6035,42.6155],[-2.602,42.6145],[-2.601,42.616],[-2.6,42.6165],[-2.5995,42.6165],[-2.6,42.617],[-2.5995,42.617],[-2.597,42.618],[-2.5965,42.6185],[-2.597,42.618],[-2.5965,42.6175],[-2.596,42.6175],[-2.5915,42.616],[-2.589,42.614],[-2.586,42.613],[-2.5835,42.612],[-2.5825,42.6115],[-2.5825,42.611],[-2.5815,42.6115],[-2.5815,42.612],[-2.581,42.6135],[-2.5815,42.6145],[-2.581,42.6155],[-2.5805,42.6155],[-2.5755,42.617],[-2.572,42.617],[-2.57,42.6175],[-2.569,42.6195],[-2.57,42.6195],[-2.5715,42.6195],[-2.5745,42.621],[-2.5755,42.621],[-2.5885,42.6175],[-2.588,42.6165],[-2.5875,42.616],[-2.588,42.6165],[-2.5885,42.6175],[-2.5905,42.6195],[-2.593,42.621],[-2.5935,42.621],[-2.594,42.6205],[-2.595,42.621],[-2.594,42.621],[-2.5935,42.621],[-2.595,42.6235],[-2.5955,42.624],[-2.5955,42.6245]]],[[[-2.5765,42.5675],[-2.579,42.57],[-2.5815,42.568],[-2.579,42.562],[-2.579,42.5615],[-2.578,42.562],[-2.5775,42.562],[-2.577,42.562],[-2.5765,42.5615],[-2.576,42.561],[-2.574,42.5595],[-2.5735,42.5595],[-2.573,42.5595],[-2.5725,42.5595],[-2.572,42.5595],[-2.5715,42.5595],[-2.571,42.56],[-2.5705,42.56],[-2.572,42.5615],[-2.5735,42.563],[-2.574,42.563],[-2.574,42.5635],[-2.5745,42.5635],[-2.574,42.5635],[-2.5745,42.5655],[-2.575,42.566],[-2.575,42.5665],[-2.5755,42.5665],[-2.5755,42.567],[-2.576,42.5675],[-2.5765,42.5675]]],[[[-2.586,42.7005],[-2.5855,42.6995],[-2.585,42.699],[-2.5845,42.6995],[-2.585,42.6995],[-2.584,42.7],[-2.5835,42.699],[-2.582,42.699],[-2.581,42.6985],[-2.5805,42.6985],[-2.573,42.7],[-2.574,42.704],[-2.574,42.7045],[-2.5725,42.706],[-2.5725,42.7065],[-2.5695,42.7075],[-2.567,42.708],[-2.5665,42.7085],[-2.5625,42.7085],[-2.557,42.7145],[-2.557,42.715],[-2.5575,42.716],[-2.5575,42.7165],[-2.557,42.717],[-2.556,42.7205],[-2.5545,42.7235],[-2.56,42.7205],[-2.5595,42.7205],[-2.5595,42.721],[-2.559,42.721],[-2.559,42.7215],[-2.559,42.722],[-2.5585,42.7215],[-2.5555,42.727],[-2.5555,42.7275],[-2.556,42.7285],[-2.557,42.7345],[-2.5595,42.7355],[-2.558,42.7345],[-2.567,42.7245],[-2.569,42.723],[-2.5695,42.722],[-2.571,42.722],[-2.569,42.722],[-2.5675,42.722],[-2.569,42.722],[-2.571,42.722],[-2.5715,42.7225],[-2.5665,42.7185],[-2.565,42.719],[-2.5705,42.7145],[-2.576,42.713],[-2.5775,42.71],[-2.58,42.7085],[-2.5795,42.7075],[-2.5775,42.709],[-2.577,42.709],[-2.5775,42.709],[-2.5795,42.7075],[-2.58,42.707],[-2.5815,42.706],[-2.582,42.7055],[-2.5835,42.7035],[-2.5835,42.703],[-2.5845,42.702],[-2.5845,42.701],[-2.585,42.701],[-2.585,42.7005],[-2.586,42.7005]]],[[[-2.565,42.8525],[-2.5685,42.8525],[-2.569,42.853],[-2.57,42.8535],[-2.5715,42.8535],[-2.572,42.8535],[-2.576,42.852],[-2.5765,42.8505],[-2.5705,42.8505],[-2.5675,42.848],[-2.564,42.848],[-2.563,42.8485],[-2.5625,42.8485],[-2.562,42.8485],[-2.5615,42.849],[-2.561,42.849],[-2.5605,42.849],[-2.56,42.8495],[-2.559,42.8505],[-2.562,42.851],[-2.565,42.8525]]],[[[-2.5545,42.545],[-2.554,42.5445],[-2.554,42.545],[-2.555,42.5485],[-2.555,42.5495],[-2.5545,42.55],[-2.5545,42.5505],[-2.555,42.5515],[-2.556,42.551],[-2.5565,42.5515],[-2.5565,42.552],[-2.557,42.552],[-2.5565,42.552],[-2.556,42.552],[-2.556,42.5525],[-2.556,42.553],[-2.5565,42.553],[-2.562,42.5565],[-2.5715,42.5595],[-2.572,42.5595],[-2.573,42.5595],[-2.5685,42.556],[-2.5635,42.549],[-2.5625,42.549],[-2.562,42.549],[-2.562,42.5495],[-2.561,42.551],[-2.5605,42.551],[-2.56,42.5495],[-2.559,42.549],[-2.5585,42.549],[-2.5565,42.55],[-2.556,42.55],[-2.5585,42.549],[-2.5585,42.5485],[-2.558,42.5485],[-2.5555,42.547],[-2.5545,42.5455],[-2.5545,42.545]]],[[[-2.558,42.648],[-2.5585,42.648],[-2.565,42.6445],[-2.5695,42.646],[-2.5715,42.6475],[-2.571,42.647],[-2.571,42.6465],[-2.5705,42.646],[-2.5705,42.6455],[-2.5705,42.645],[-2.5705,42.6445],[-2.571,42.6445],[-2.5715,42.644],[-2.5715,42.6435],[-2.572,42.6435],[-2.5725,42.6435],[-2.5725,42.643],[-2.572,42.641],[-2.572,42.6405],[-2.569,42.639],[-2.5685,42.639],[-2.56,42.64],[-2.554,42.641],[-2.549,42.637],[-2.5525,42.6405],[-2.548,42.645],[-2.552,42.6495],[-2.558,42.648]]],[[[-2.575,42.6925],[-2.5715,42.6895],[-2.571,42.6895],[-2.567,42.69],[-2.5535,42.6885],[-2.5515,42.687],[-2.551,42.6875],[-2.55,42.6865],[-2.5515,42.687],[-2.549,42.6865],[-2.5485,42.686],[-2.545,42.6875],[-2.542,42.6895],[-2.5495,42.694],[-2.5535,42.6935],[-2.5625,42.697],[-2.56,42.694],[-2.564,42.6965],[-2.5655,42.6965],[-2.5685,42.697],[-2.569,42.697],[-2.5705,42.6925],[-2.5765,42.6945],[-2.577,42.6945],[-2.5715,42.699],[-2.5785,42.6945],[-2.575,42.6925]]],[[[-2.563,43.0855],[-2.5645,43.0845],[-2.564,43.0845],[-2.5645,43.084],[-2.5645,43.0845],[-2.566,43.0855],[-2.5665,43.085],[-2.5665,43.0845],[-2.5665,43.083],[-2.5665,43.0825],[-2.5675,43.081],[-2.5665,43.081],[-2.5675,43.081],[-2.567,43.0805],[-2.567,43.08],[-2.5665,43.077],[-2.56,43.0765],[-2.558,43.0815],[-2.5595,43.0835],[-2.559,43.086],[-2.5605,43.087],[-2.56,43.0885],[-2.5655,43.09],[-2.562,43.085],[-2.5625,43.0845],[-2.5625,43.084],[-2.563,43.085],[-2.563,43.0855]]],[[[-2.5615,43.32],[-2.564,43.3235],[-2.574,43.327],[-2.5745,43.327],[-2.575,43.3275],[-2.5745,43.3275],[-2.576,43.328],[-2.5765,43.329],[-2.577,43.3295],[-2.5775,43.3295],[-2.5785,43.3305],[-2.5775,43.3285],[-2.5715,43.3245],[-2.5705,43.325],[-2.571,43.324],[-2.5695,43.323],[-2.569,43.3225],[-2.5695,43.3225],[-2.576,43.323],[-2.575,43.3195],[-2.5735,43.318],[-2.573,43.3175],[-2.573,43.317],[-2.5725,43.316],[-2.5715,43.3145],[-2.5715,43.314],[-2.57,43.313],[-2.569,43.3125],[-2.568,43.31],[-2.5675,43.309],[-2.5605,43.3045],[-2.553,43.3015],[-2.552,43.3015],[-2.547,43.3035],[-2.5455,43.306],[-2.5415,43.312],[-2.543,43.318],[-2.5435,43.318],[-2.544,43.318],[-2.5445,43.318],[-2.546,43.3185],[-2.5465,43.3185],[-2.5475,43.319],[-2.548,43.319],[-2.5485,43.319],[-2.549,43.319],[-2.55,43.3195],[-2.551,43.32],[-2.5565,43.3195],[-2.5585,43.316],[-2.559,43.316],[-2.5615,43.3175],[-2.561,43.319],[-2.5615,43.319],[-2.562,43.3185],[-2.5615,43.319],[-2.5635,43.3195],[-2.563,43.3195],[-2.5625,43.3195],[-2.562,43.3195],[-2.5615,43.32]]],[[[-2.5615,43.327],[-2.557,43.321],[-2.5565,43.321],[-2.556,43.321],[-2.5555,43.3205],[-2.5535,43.3205],[-2.5525,43.3205],[-2.552,43.3205],[-2.5515,43.3205],[-2.551,43.3205],[-2.5455,43.32],[-2.5455,43.3205],[-2.5455,43.32],[-2.5435,43.323],[-2.546,43.33],[-2.546,43.3305],[-2.5465,43.3305],[-2.548,43.332],[-2.5485,43.332],[-2.549,43.332],[-2.5495,43.3325],[-2.5495,43.333],[-2.5525,43.3345],[-2.555,43.3345],[-2.5555,43.3345],[-2.557,43.3345],[-2.5575,43.3345],[-2.558,43.3345],[-2.558,43.334],[-2.5585,43.334],[-2.5585,43.3335],[-2.559,43.333],[-2.5595,43.333],[-2.5595,43.3325],[-2.56,43.3325],[-2.56,43.332],[-2.5605,43.332],[-2.5605,43.3315],[-2.561,43.3315],[-2.561,43.331],[-2.5645,43.329],[-2.5605,43.3285],[-2.56,43.3285],[-2.5595,43.329],[-2.559,43.3285],[-2.561,43.327],[-2.5605,43.3265],[-2.5615,43.327]]],[[[-2.561,42.5195],[-2.5605,42.52],[-2.56,42.5205],[-2.56,42.521],[-2.56,42.5215],[-2.5605,42.5215],[-2.562,42.5215],[-2.5625,42.5225],[-2.564,42.5225],[-2.564,42.522],[-2.5615,42.52],[-2.5625,42.5195],[-2.5625,42.5185],[-2.5635,42.519],[-2.5645,42.519],[-2.566,42.5185],[-2.5665,42.5175],[-2.567,42.517],[-2.5675,42.517],[-2.5675,42.5165],[-2.5675,42.5155],[-2.5675,42.515],[-2.567,42.515],[-2.5675,42.515],[-2.5665,42.514],[-2.5665,42.5135],[-2.566,42.514],[-2.565,42.514],[-2.565,42.513],[-2.5655,42.5135],[-2.566,42.5135],[-2.566,42.513],[-2.566,42.5125],[-2.5655,42.513],[-2.5655,42.5115],[-2.5655,42.511],[-2.565,42.5105],[-2.565,42.5095],[-2.5655,42.5095],[-2.5655,42.509],[-2.5655,42.5085],[-2.5655,42.508],[-2.566,42.5075],[-2.567,42.506],[-2.5675,42.506],[-2.5685,42.504],[-2.568,42.5035],[-2.5665,42.504],[-2.567,42.504],[-2.5665,42.504],[-2.565,42.505],[-2.5645,42.5055],[-2.5645,42.505],[-2.565,42.505],[-2.5645,42.5045],[-2.564,42.505],[-2.564,42.506],[-2.5625,42.5065],[-2.5635,42.506],[-2.561,42.5065],[-2.5605,42.507],[-2.56,42.507],[-2.561,42.5035],[-2.5605,42.5035],[-2.561,42.5035],[-2.561,42.5025],[-2.5625,42.5025],[-2.5625,42.503],[-2.563,42.503],[-2.5625,42.5035],[-2.562,42.5035],[-2.561,42.5035],[-2.5615,42.5035],[-2.563,42.5035],[-2.5635,42.5025],[-2.565,42.5015],[-2.566,42.5015],[-2.566,42.501],[-2.5655,42.5005],[-2.5645,42.501],[-2.563,42.5005],[-2.563,42.5],[-2.564,42.5],[-2.565,42.5],[-2.5655,42.5],[-2.565,42.4995],[-2.565,42.499],[-2.564,42.4985],[-2.5625,42.4975],[-2.562,42.497],[-2.561,42.4965],[-2.5605,42.4965],[-2.5595,42.497],[-2.559,42.497],[-2.559,42.4975],[-2.5585,42.498],[-2.5585,42.4985],[-2.559,42.4985],[-2.559,42.499],[-2.558,42.499],[-2.5575,42.499],[-2.557,42.499],[-2.557,42.4995],[-2.556,42.4985],[-2.5555,42.4985],[-2.555,42.4975],[-2.5555,42.4985],[-2.5575,42.4965],[-2.5575,42.496],[-2.557,42.4955],[-2.5565,42.496],[-2.555,42.497],[-2.5545,42.497],[-2.5535,42.496],[-2.553,42.496],[-2.553,42.4955],[-2.5535,42.4955],[-2.554,42.4955],[-2.5545,42.493],[-2.554,42.493],[-2.5545,42.493],[-2.5545,42.4925],[-2.552,42.493],[-2.552,42.4935],[-2.5515,42.4945],[-2.5515,42.495],[-2.5495,42.495],[-2.5525,42.497],[-2.554,42.4975],[-2.5535,42.4975],[-2.552,42.4975],[-2.5505,42.4975],[-2.5475,42.4975],[-2.547,42.4975],[-2.546,42.497],[-2.546,42.4975],[-2.55,42.499],[-2.552,42.499],[-2.5525,42.499],[-2.5545,42.499],[-2.554,42.4985],[-2.5545,42.4985],[-2.556,42.5],[-2.556,42.4995],[-2.56,42.5005],[-2.558,42.501],[-2.5575,42.501],[-2.5565,42.501],[-2.5555,42.5005],[-2.556,42.5025],[-2.555,42.503],[-2.5545,42.503],[-2.5555,42.5045],[-2.554,42.5045],[-2.5525,42.505],[-2.552,42.505],[-2.5495,42.507],[-2.5505,42.508],[-2.551,42.508],[-2.5505,42.508],[-2.549,42.5095],[-2.5495,42.5095],[-2.551,42.509],[-2.554,42.51],[-2.5545,42.511],[-2.554,42.511],[-2.5535,42.5105],[-2.5525,42.51],[-2.552,42.51],[-2.551,42.51],[-2.5505,42.51],[-2.5515,42.5105],[-2.5515,42.511],[-2.5535,42.512],[-2.554,42.5125],[-2.556,42.513],[-2.5565,42.5125],[-2.5565,42.513],[-2.5545,42.5135],[-2.5555,42.513],[-2.5505,42.511],[-2.5505,42.5115],[-2.5505,42.512],[-2.551,42.512],[-2.5515,42.5125],[-2.551,42.5125],[-2.5505,42.512],[-2.55,42.512],[-2.552,42.5135],[-2.552,42.513],[-2.5525,42.513],[-2.5525,42.515],[-2.55,42.514],[-2.5495,42.5145],[-2.549,42.5145],[-2.549,42.514],[-2.5485,42.514],[-2.548,42.5135],[-2.5485,42.5135],[-2.549,42.514],[-2.549,42.5135],[-2.5485,42.513],[-2.5495,42.5135],[-2.55,42.5135],[-2.55,42.514],[-2.5505,42.5135],[-2.549,42.5125],[-2.5475,42.5125],[-2.5475,42.512],[-2.5475,42.5115],[-2.5475,42.511],[-2.549,42.511],[-2.5455,42.5105],[-2.545,42.5105],[-2.545,42.511],[-2.5445,42.5105],[-2.545,42.5075],[-2.543,42.5075],[-2.5435,42.509],[-2.543,42.509],[-2.5425,42.509],[-2.5395,42.509],[-2.539,42.509],[-2.536,42.508],[-2.536,42.5085],[-2.5365,42.5095],[-2.5355,42.51],[-2.536,42.511],[-2.5365,42.511],[-2.5365,42.5115],[-2.535,42.511],[-2.5355,42.51],[-2.5355,42.509],[-2.53,42.5065],[-2.5275,42.5085],[-2.527,42.509],[-2.5265,42.509],[-2.526,42.51],[-2.5275,42.51],[-2.5285,42.5105],[-2.53,42.512],[-2.5305,42.5125],[-2.531,42.5125],[-2.5305,42.5125],[-2.53,42.513],[-2.5295,42.513],[-2.5295,42.5125],[-2.5295,42.513],[-2.5315,42.5135],[-2.532,42.5135],[-2.532,42.5145],[-2.5295,42.515],[-2.529,42.515],[-2.529,42.514],[-2.5275,42.5145],[-2.527,42.5145],[-2.5275,42.515],[-2.528,42.515],[-2.5285,42.516],[-2.529,42.516],[-2.5295,42.516],[-2.53,42.516],[-2.5295,42.5165],[-2.5295,42.517],[-2.53,42.517],[-2.53,42.5165],[-2.5305,42.517],[-2.5335,42.519],[-2.5345,42.5195],[-2.5355,42.52],[-2.538,42.5205],[-2.5375,42.521],[-2.5355,42.5205],[-2.535,42.52],[-2.534,42.5195],[-2.535,42.52],[-2.536,42.521],[-2.5365,42.522],[-2.536,42.521],[-2.5365,42.5215],[-2.5375,42.522],[-2.5385,42.5225],[-2.5385,42.523],[-2.539,42.5235],[-2.539,42.524],[-2.5395,42.524],[-2.5415,42.5245],[-2.545,42.525],[-2.5455,42.526],[-2.546,42.5265],[-2.5455,42.5265],[-2.5455,42.526],[-2.545,42.5255],[-2.5435,42.5255],[-2.5455,42.527],[-2.546,42.5275],[-2.547,42.528],[-2.5475,42.528],[-2.547,42.5285],[-2.5465,42.5285],[-2.5465,42.529],[-2.547,42.529],[-2.5475,42.529],[-2.548,42.529],[-2.548,42.5285],[-2.5485,42.5285],[-2.548,42.53],[-2.5475,42.5295],[-2.5475,42.529],[-2.547,42.529],[-2.5475,42.53],[-2.5495,42.531],[-2.5505,42.5325],[-2.5505,42.533],[-2.552,42.533],[-2.5525,42.533],[-2.5525,42.5325],[-2.553,42.532],[-2.5535,42.5335],[-2.554,42.534],[-2.5535,42.534],[-2.553,42.5335],[-2.5525,42.533],[-2.5525,42.5335],[-2.552,42.5335],[-2.5515,42.5335],[-2.552,42.535],[-2.552,42.5345],[-2.552,42.534],[-2.554,42.537],[-2.555,42.5375],[-2.5555,42.5365],[-2.555,42.5365],[-2.5545,42.536],[-2.5545,42.5355],[-2.555,42.5355],[-2.555,42.535],[-2.556,42.5345],[-2.556,42.533],[-2.555,42.533],[-2.554,42.5325],[-2.5545,42.532],[-2.555,42.532],[-2.5535,42.532],[-2.553,42.5315],[-2.5535,42.5315],[-2.5525,42.5315],[-2.5525,42.531],[-2.553,42.5305],[-2.553,42.53],[-2.5525,42.529],[-2.553,42.53],[-2.553,42.5305],[-2.5555,42.53],[-2.5545,42.529],[-2.5535,42.5275],[-2.5545,42.526],[-2.555,42.5255],[-2.5565,42.526],[-2.5565,42.5255],[-2.556,42.5255],[-2.5555,42.5245],[-2.5555,42.524],[-2.555,42.524],[-2.555,42.5235],[-2.5545,42.5225],[-2.555,42.522],[-2.5555,42.522],[-2.557,42.523],[-2.5575,42.523],[-2.558,42.522],[-2.558,42.5215],[-2.557,42.522],[-2.5565,42.5215],[-2.557,42.52],[-2.5565,42.5205],[-2.5565,42.5215],[-2.5555,42.5195],[-2.555,42.5185],[-2.555,42.518],[-2.5575,42.518],[-2.5575,42.517],[-2.558,42.517],[-2.5585,42.517],[-2.559,42.5175],[-2.5595,42.5175],[-2.56,42.518],[-2.56,42.5175],[-2.5605,42.5175],[-2.5595,42.5185],[-2.5595,42.518],[-2.559,42.5185],[-2.558,42.519],[-2.558,42.5195],[-2.5585,42.5195],[-2.558,42.5195],[-2.558,42.52],[-2.559,42.52],[-2.558,42.5205],[-2.559,42.5205],[-2.5595,42.521],[-2.56,42.521],[-2.5615,42.519],[-2.561,42.5195]]],[[[-2.529,42.533],[-2.525,42.53],[-2.525,42.5295],[-2.524,42.5295],[-2.5225,42.5285],[-2.522,42.529],[-2.5225,42.5295],[-2.522,42.531],[-2.522,42.5315],[-2.5225,42.534],[-2.523,42.534],[-2.523,42.5345],[-2.523,42.5355],[-2.5245,42.5375],[-2.5255,42.5365],[-2.526,42.5365],[-2.526,42.537],[-2.5255,42.5365],[-2.528,42.5385],[-2.5295,42.5385],[-2.5275,42.5395],[-2.526,42.538],[-2.5245,42.538],[-2.525,42.5385],[-2.5255,42.54],[-2.526,42.54],[-2.5255,42.5405],[-2.5305,42.544],[-2.5315,42.5465],[-2.5325,42.5475],[-2.5355,42.549],[-2.5355,42.5495],[-2.543,42.5525],[-2.5435,42.5525],[-2.5435,42.553],[-2.5435,42.5525],[-2.5435,42.553],[-2.5435,42.5535],[-2.5435,42.554],[-2.5435,42.555],[-2.544,42.5565],[-2.544,42.5575],[-2.544,42.558],[-2.544,42.5585],[-2.5445,42.56],[-2.5455,42.559],[-2.5445,42.56],[-2.5455,42.5615],[-2.546,42.562],[-2.5465,42.562],[-2.547,42.562],[-2.547,42.5625],[-2.5475,42.5625],[-2.549,42.5625],[-2.551,42.5625],[-2.552,42.563],[-2.553,42.563],[-2.5535,42.563],[-2.552,42.5595],[-2.552,42.557],[-2.5515,42.5565],[-2.5515,42.556],[-2.5485,42.553],[-2.548,42.553],[-2.5475,42.5525],[-2.548,42.552],[-2.5475,42.5515],[-2.548,42.5515],[-2.548,42.549],[-2.548,42.5485],[-2.5455,42.5435],[-2.5445,42.5425],[-2.54,42.5405],[-2.539,42.54],[-2.5385,42.54],[-2.539,42.541],[-2.5385,42.5415],[-2.5375,42.5405],[-2.5385,42.541],[-2.538,42.54],[-2.536,42.5395],[-2.536,42.54],[-2.536,42.5405],[-2.5355,42.5405],[-2.536,42.5405],[-2.536,42.54],[-2.5345,42.5375],[-2.534,42.537],[-2.5325,42.535],[-2.532,42.535],[-2.5315,42.5345],[-2.5305,42.534],[-2.53,42.534],[-2.5285,42.534],[-2.5285,42.5335],[-2.5295,42.5335],[-2.529,42.533]]],[[[-2.55,42.805],[-2.5515,42.8045],[-2.556,42.8075],[-2.565,42.8055],[-2.5635,42.801],[-2.5625,42.7995],[-2.5595,42.797],[-2.5575,42.7925],[-2.559,42.794],[-2.559,42.7845],[-2.5585,42.7845],[-2.5565,42.784],[-2.555,42.785],[-2.5535,42.7855],[-2.5535,42.786],[-2.553,42.7855],[-2.5515,42.7845],[-2.55,42.783],[-2.5475,42.782],[-2.5465,42.782],[-2.547,42.782],[-2.547,42.7825],[-2.5415,42.7825],[-2.5375,42.7865],[-2.536,42.787],[-2.5355,42.7875],[-2.533,42.7885],[-2.526,42.7885],[-2.524,42.788],[-2.5235,42.788],[-2.523,42.788],[-2.5225,42.788],[-2.5205,42.788],[-2.518,42.788],[-2.5175,42.789],[-2.5155,42.788],[-2.515,42.788],[-2.515,42.7885],[-2.515,42.789],[-2.513,42.7895],[-2.512,42.7895],[-2.5125,42.79],[-2.513,42.79],[-2.514,42.79],[-2.514,42.7905],[-2.5155,42.7905],[-2.516,42.7905],[-2.517,42.7905],[-2.5185,42.7895],[-2.522,42.789],[-2.5245,42.791],[-2.527,42.7915],[-2.5275,42.7915],[-2.528,42.7915],[-2.5285,42.792],[-2.529,42.7935],[-2.5325,42.794],[-2.534,42.7945],[-2.5345,42.7945],[-2.534,42.7945],[-2.5365,42.8],[-2.5355,42.8035],[-2.5415,42.806],[-2.5455,42.8055],[-2.5455,42.8],[-2.5455,42.7995],[-2.545,42.7985],[-2.547,42.7965],[-2.5465,42.7945],[-2.547,42.794],[-2.5475,42.7935],[-2.5515,42.795],[-2.55,42.805]]],[[[-2.5365,43.3645],[-2.5355,43.364],[-2.535,43.363],[-2.5355,43.3595],[-2.5335,43.359],[-2.533,43.359],[-2.5325,43.359],[-2.5325,43.3585],[-2.532,43.3585],[-2.5315,43.3585],[-2.531,43.3585],[-2.531,43.359],[-2.5315,43.359],[-2.529,43.361],[-2.527,43.364],[-2.5255,43.3635],[-2.525,43.365],[-2.525,43.366],[-2.5245,43.366],[-2.5245,43.3665],[-2.522,43.3685],[-2.5215,43.369],[-2.518,43.3695],[-2.516,43.3755],[-2.527,43.373],[-2.532,43.3755],[-2.5385,43.3745],[-2.541,43.373],[-2.5425,43.3725],[-2.536,43.367],[-2.5365,43.3645]]],[[[-2.529,42.5705],[-2.5285,42.5715],[-2.531,42.5715],[-2.532,42.5715],[-2.533,42.5715],[-2.533,42.572],[-2.5355,42.572],[-2.5355,42.571],[-2.536,42.57],[-2.5355,42.5705],[-2.536,42.569],[-2.536,42.568],[-2.536,42.567],[-2.5325,42.5615],[-2.5325,42.561],[-2.529,42.5555],[-2.527,42.5535],[-2.526,42.5515],[-2.526,42.551],[-2.5255,42.55],[-2.525,42.546],[-2.5245,42.546],[-2.523,42.545],[-2.5225,42.545],[-2.521,42.5435],[-2.5205,42.544],[-2.519,42.5435],[-2.518,42.545],[-2.518,42.546],[-2.5185,42.5465],[-2.5185,42.5455],[-2.5185,42.545],[-2.519,42.5455],[-2.519,42.546],[-2.519,42.5465],[-2.5185,42.547],[-2.5185,42.5475],[-2.518,42.549],[-2.518,42.5495],[-2.5175,42.5505],[-2.517,42.551],[-2.518,42.5515],[-2.5185,42.552],[-2.5185,42.5515],[-2.519,42.5515],[-2.5195,42.552],[-2.52,42.552],[-2.52,42.5525],[-2.5195,42.5525],[-2.521,42.5535],[-2.5225,42.5545],[-2.523,42.555],[-2.524,42.555],[-2.5245,42.5555],[-2.524,42.555],[-2.5265,42.5595],[-2.526,42.5625],[-2.5265,42.5625],[-2.526,42.563],[-2.5265,42.5635],[-2.526,42.5635],[-2.526,42.566],[-2.5255,42.5685],[-2.526,42.569],[-2.527,42.569],[-2.5275,42.569],[-2.5295,42.569],[-2.53,42.569],[-2.53,42.5695],[-2.5305,42.5695],[-2.53,42.5695],[-2.529,42.5695],[-2.5275,42.5695],[-2.5275,42.569],[-2.5285,42.57],[-2.529,42.5705]]],[[[-2.5315,42.6345],[-2.532,42.635],[-2.538,42.6325],[-2.5365,42.631],[-2.536,42.6305],[-2.523,42.63],[-2.513,42.629],[-2.5135,42.6325],[-2.516,42.634],[-2.5165,42.634],[-2.521,42.6315],[-2.527,42.6315],[-2.5315,42.6345]]],[[[-2.541,42.9515],[-2.541,42.951],[-2.5415,42.951],[-2.542,42.9505],[-2.542,42.95],[-2.543,42.9505],[-2.544,42.9505],[-2.5455,42.9515],[-2.546,42.952],[-2.552,42.948],[-2.546,42.944],[-2.5535,42.936],[-2.552,42.9355],[-2.5485,42.9355],[-2.5495,42.936],[-2.5495,42.937],[-2.5485,42.9355],[-2.545,42.9335],[-2.544,42.9365],[-2.5445,42.936],[-2.544,42.9365],[-2.545,42.9335],[-2.5445,42.9335],[-2.5425,42.9335],[-2.5425,42.933],[-2.541,42.9335],[-2.5385,42.934],[-2.5325,42.932],[-2.5305,42.929],[-2.528,42.932],[-2.529,42.933],[-2.5295,42.9345],[-2.53,42.9345],[-2.53,42.935],[-2.528,42.935],[-2.529,42.933],[-2.528,42.932],[-2.525,42.933],[-2.522,42.9315],[-2.524,42.928],[-2.5245,42.928],[-2.525,42.9275],[-2.5255,42.9275],[-2.526,42.927],[-2.5265,42.927],[-2.5265,42.9265],[-2.526,42.9265],[-2.5255,42.927],[-2.5245,42.9275],[-2.524,42.9275],[-2.5235,42.928],[-2.52,42.9295],[-2.519,42.931],[-2.52,42.936],[-2.52,42.939],[-2.524,42.943],[-2.5245,42.943],[-2.528,42.9455],[-2.523,42.9505],[-2.5185,42.942],[-2.521,42.95],[-2.5175,42.9425],[-2.516,42.943],[-2.513,42.9435],[-2.518,42.9475],[-2.5155,42.9535],[-2.506,42.9565],[-2.512,42.9595],[-2.518,42.9665],[-2.5175,42.9605],[-2.524,42.955],[-2.526,42.9625],[-2.5195,42.964],[-2.5185,42.967],[-2.5195,42.9675],[-2.521,42.9655],[-2.5255,42.9635],[-2.5265,42.9625],[-2.527,42.9625],[-2.527,42.963],[-2.528,42.9635],[-2.529,42.964],[-2.53,42.9655],[-2.53,42.9665],[-2.529,42.9675],[-2.529,42.969],[-2.529,42.9705],[-2.5295,42.971],[-2.533,42.968],[-2.5295,42.967],[-2.5315,42.9665],[-2.5325,42.965],[-2.5365,42.9695],[-2.537,42.9695],[-2.538,42.9685],[-2.5385,42.968],[-2.539,42.9675],[-2.539,42.967],[-2.54,42.966],[-2.5405,42.9655],[-2.5405,42.965],[-2.539,42.9625],[-2.5385,42.9615],[-2.538,42.9515],[-2.5385,42.9515],[-2.541,42.9515]]],[[[-2.529,42.969],[-2.529,42.9675],[-2.53,42.9665],[-2.53,42.9655],[-2.528,42.9635],[-2.527,42.963],[-2.527,42.9625],[-2.5255,42.9635],[-2.521,42.9655],[-2.5195,42.9675],[-2.526,42.97],[-2.529,42.9695],[-2.529,42.969]]],[[[-2.5415,43.095],[-2.543,43.092],[-2.543,43.0915],[-2.5435,43.0895],[-2.5425,43.089],[-2.539,43.088],[-2.5375,43.088],[-2.5365,43.0875],[-2.537,43.0885],[-2.538,43.0895],[-2.5385,43.0895],[-2.539,43.0895],[-2.5295,43.089],[-2.5285,43.087],[-2.5245,43.0875],[-2.52,43.0845],[-2.507,43.0825],[-2.5045,43.0795],[-2.5025,43.08],[-2.5005,43.082],[-2.4985,43.082],[-2.497,43.0835],[-2.497,43.084],[-2.497,43.0845],[-2.4975,43.0845],[-2.4975,43.085],[-2.4975,43.0855],[-2.4975,43.088],[-2.4985,43.09],[-2.4985,43.0905],[-2.499,43.091],[-2.5,43.0915],[-2.504,43.093],[-2.505,43.0935],[-2.505,43.093],[-2.505,43.0925],[-2.5055,43.0925],[-2.507,43.093],[-2.508,43.0935],[-2.5105,43.0975],[-2.511,43.0965],[-2.5115,43.095],[-2.512,43.095],[-2.513,43.0955],[-2.515,43.1005],[-2.5135,43.1015],[-2.5145,43.1015],[-2.515,43.101],[-2.5155,43.1005],[-2.517,43.0985],[-2.5175,43.098],[-2.519,43.097],[-2.526,43.1015],[-2.5255,43.1035],[-2.526,43.103],[-2.5265,43.103],[-2.526,43.1035],[-2.526,43.105],[-2.526,43.1055],[-2.526,43.1075],[-2.5265,43.108],[-2.5265,43.1085],[-2.5275,43.1085],[-2.528,43.108],[-2.5285,43.108],[-2.5285,43.1085],[-2.531,43.1075],[-2.5315,43.1075],[-2.533,43.1045],[-2.5365,43.104],[-2.5375,43.105],[-2.538,43.105],[-2.5385,43.1045],[-2.539,43.1045],[-2.5395,43.1045],[-2.5395,43.104],[-2.5395,43.1035],[-2.54,43.104],[-2.5405,43.1035],[-2.541,43.1035],[-2.5405,43.103],[-2.541,43.103],[-2.541,43.1025],[-2.5415,43.1025],[-2.542,43.1005],[-2.541,43.102],[-2.5405,43.102],[-2.54,43.1025],[-2.5395,43.102],[-2.538,43.101],[-2.5395,43.0965],[-2.54,43.0965],[-2.54,43.097],[-2.5415,43.095]]],[[[-2.535,43.299],[-2.5355,43.2995],[-2.537,43.3005],[-2.538,43.3015],[-2.5385,43.302],[-2.5405,43.3015],[-2.541,43.3015],[-2.5535,43.299],[-2.5555,43.295],[-2.5545,43.293],[-2.554,43.293],[-2.548,43.2895],[-2.5455,43.2895],[-2.54,43.287],[-2.538,43.2825],[-2.539,43.281],[-2.5395,43.2805],[-2.5405,43.28],[-2.541,43.2795],[-2.542,43.278],[-2.5415,43.278],[-2.5415,43.2775],[-2.5415,43.277],[-2.54,43.279],[-2.5415,43.277],[-2.541,43.276],[-2.538,43.2735],[-2.5375,43.2735],[-2.5365,43.273],[-2.536,43.273],[-2.5355,43.273],[-2.5355,43.2725],[-2.535,43.2725],[-2.5345,43.2725],[-2.534,43.2735],[-2.5325,43.273],[-2.533,43.272],[-2.5325,43.272],[-2.532,43.2715],[-2.5315,43.2715],[-2.531,43.271],[-2.5295,43.2705],[-2.531,43.271],[-2.5315,43.2715],[-2.532,43.2715],[-2.5325,43.272],[-2.533,43.272],[-2.5335,43.2725],[-2.5355,43.273],[-2.536,43.273],[-2.5365,43.273],[-2.537,43.273],[-2.538,43.2735],[-2.5325,43.2705],[-2.5255,43.269],[-2.526,43.269],[-2.5265,43.2695],[-2.528,43.27],[-2.5275,43.27],[-2.5265,43.2695],[-2.5255,43.269],[-2.524,43.269],[-2.5235,43.2685],[-2.5215,43.2685],[-2.521,43.2685],[-2.52,43.268],[-2.5185,43.2685],[-2.5185,43.269],[-2.5105,43.2695],[-2.5095,43.2695],[-2.5075,43.27],[-2.508,43.27],[-2.5105,43.2715],[-2.5065,43.27],[-2.506,43.2705],[-2.5055,43.273],[-2.5055,43.2735],[-2.5115,43.277],[-2.5095,43.2775],[-2.5095,43.277],[-2.5085,43.2775],[-2.5095,43.278],[-2.5125,43.2775],[-2.5135,43.2795],[-2.5135,43.281],[-2.5115,43.282],[-2.5075,43.279],[-2.508,43.2795],[-2.5085,43.28],[-2.509,43.2805],[-2.5085,43.2805],[-2.5065,43.2805],[-2.506,43.2805],[-2.5065,43.2795],[-2.5065,43.279],[-2.504,43.282],[-2.5045,43.282],[-2.5065,43.283],[-2.5065,43.2825],[-2.51,43.284],[-2.51,43.2835],[-2.5105,43.284],[-2.511,43.284],[-2.5115,43.2845],[-2.5145,43.286],[-2.515,43.286],[-2.5175,43.2865],[-2.518,43.2865],[-2.5185,43.287],[-2.5195,43.287],[-2.52,43.2875],[-2.52,43.2865],[-2.5195,43.2865],[-2.5195,43.287],[-2.5195,43.2865],[-2.5195,43.286],[-2.521,43.287],[-2.52,43.288],[-2.517,43.2885],[-2.5165,43.2895],[-2.516,43.2895],[-2.516,43.289],[-2.5165,43.2885],[-2.517,43.288],[-2.5165,43.2865],[-2.516,43.2865],[-2.5155,43.287],[-2.515,43.2875],[-2.5135,43.288],[-2.5125,43.2875],[-2.512,43.2875],[-2.5125,43.2885],[-2.5195,43.2905],[-2.52,43.2905],[-2.52,43.291],[-2.522,43.2905],[-2.5215,43.2905],[-2.52,43.29],[-2.5215,43.289],[-2.5215,43.2895],[-2.5225,43.2895],[-2.527,43.293],[-2.528,43.293],[-2.529,43.294],[-2.529,43.2945],[-2.5295,43.2945],[-2.5295,43.295],[-2.53,43.295],[-2.533,43.2975],[-2.533,43.298],[-2.533,43.2985],[-2.5335,43.2995],[-2.534,43.299],[-2.535,43.299]]],[[[-2.517,42.6475],[-2.5165,42.648],[-2.5175,42.648],[-2.5175,42.6475],[-2.5175,42.647],[-2.523,42.6445],[-2.5235,42.643],[-2.5215,42.6425],[-2.521,42.642],[-2.5185,42.642],[-2.511,42.6305],[-2.5075,42.632],[-2.505,42.632],[-2.5025,42.6325],[-2.502,42.6325],[-2.5025,42.6325],[-2.501,42.633],[-2.4995,42.6335],[-2.4945,42.6365],[-2.4915,42.6365],[-2.492,42.6375],[-2.4925,42.638],[-2.493,42.6385],[-2.4935,42.639],[-2.494,42.6395],[-2.4945,42.6395],[-2.4945,42.64],[-2.495,42.64],[-2.4965,42.64],[-2.4965,42.6395],[-2.504,42.638],[-2.504,42.6375],[-2.5045,42.6375],[-2.505,42.637],[-2.512,42.636],[-2.5125,42.6365],[-2.5055,42.6385],[-2.5035,42.639],[-2.502,42.6395],[-2.501,42.64],[-2.5,42.641],[-2.5,42.6415],[-2.5,42.642],[-2.5005,42.642],[-2.501,42.642],[-2.501,42.6425],[-2.5015,42.6425],[-2.5025,42.6425],[-2.5035,42.6425],[-2.505,42.643],[-2.507,42.643],[-2.505,42.6485],[-2.5165,42.6475],[-2.517,42.6475]]],[[[-2.5125,43.2165],[-2.513,43.215],[-2.51,43.214],[-2.5095,43.214],[-2.51,43.214],[-2.51,43.2135],[-2.509,43.2135],[-2.507,43.2145],[-2.5055,43.2155],[-2.5055,43.2165],[-2.5055,43.2175],[-2.5055,43.218],[-2.5055,43.2185],[-2.505,43.2185],[-2.505,43.219],[-2.5045,43.2195],[-2.5045,43.22],[-2.504,43.22],[-2.504,43.2205],[-2.5035,43.2205],[-2.5035,43.221],[-2.503,43.221],[-2.5025,43.2225],[-2.5025,43.223],[-2.5025,43.224],[-2.502,43.224],[-2.502,43.2245],[-2.503,43.225],[-2.5035,43.225],[-2.5045,43.2245],[-2.505,43.2245],[-2.505,43.224],[-2.5055,43.224],[-2.506,43.224],[-2.5065,43.224],[-2.507,43.2235],[-2.508,43.223],[-2.5085,43.2225],[-2.509,43.2215],[-2.5095,43.221],[-2.5095,43.2205],[-2.5105,43.219],[-2.511,43.219],[-2.511,43.2185],[-2.5115,43.2185],[-2.5115,43.218],[-2.512,43.2175],[-2.5125,43.217],[-2.5125,43.2165]]],[[[-2.524,42.788],[-2.526,42.788],[-2.526,42.783],[-2.525,42.7805],[-2.5245,42.7805],[-2.524,42.78],[-2.5235,42.7795],[-2.5215,42.779],[-2.5205,42.7785],[-2.5195,42.778],[-2.519,42.778],[-2.51,42.769],[-2.509,42.764],[-2.513,42.7615],[-2.5085,42.756],[-2.5085,42.7565],[-2.5085,42.756],[-2.5025,42.751],[-2.4915,42.7525],[-2.4905,42.7525],[-2.489,42.7525],[-2.4885,42.752],[-2.486,42.751],[-2.4825,42.751],[-2.4835,42.754],[-2.496,42.7615],[-2.497,42.762],[-2.496,42.7615],[-2.486,42.7565],[-2.4765,42.7585],[-2.482,42.762],[-2.483,42.7625],[-2.4835,42.7625],[-2.4835,42.763],[-2.484,42.763],[-2.484,42.7635],[-2.4845,42.7635],[-2.4845,42.764],[-2.485,42.764],[-2.4855,42.765],[-2.486,42.765],[-2.4855,42.765],[-2.486,42.7655],[-2.487,42.7665],[-2.489,42.7675],[-2.489,42.768],[-2.491,42.768],[-2.491,42.7685],[-2.494,42.769],[-2.4945,42.769],[-2.494,42.769],[-2.491,42.7685],[-2.491,42.768],[-2.489,42.768],[-2.4895,42.7685],[-2.49,42.769],[-2.4905,42.769],[-2.491,42.771],[-2.491,42.7715],[-2.4915,42.7715],[-2.492,42.772],[-2.492,42.7725],[-2.4925,42.7725],[-2.4925,42.773],[-2.493,42.773],[-2.4935,42.773],[-2.494,42.7735],[-2.498,42.7725],[-2.4965,42.7715],[-2.499,42.7725],[-2.504,42.7735],[-2.504,42.774],[-2.5125,42.776],[-2.5115,42.7765],[-2.5085,42.7755],[-2.509,42.776],[-2.508,42.7755],[-2.5075,42.7755],[-2.5055,42.7755],[-2.506,42.776],[-2.5085,42.7765],[-2.5095,42.7775],[-2.5085,42.7775],[-2.5075,42.778],[-2.507,42.778],[-2.507,42.7765],[-2.5065,42.7765],[-2.506,42.7765],[-2.507,42.7795],[-2.505,42.7825],[-2.505,42.783],[-2.5055,42.7835],[-2.506,42.7835],[-2.506,42.784],[-2.5065,42.784],[-2.5075,42.7845],[-2.508,42.7845],[-2.508,42.785],[-2.5085,42.785],[-2.509,42.785],[-2.5095,42.785],[-2.5105,42.7855],[-2.5105,42.785],[-2.511,42.785],[-2.5115,42.785],[-2.5125,42.7855],[-2.5125,42.785],[-2.5135,42.785],[-2.5145,42.785],[-2.5155,42.7845],[-2.5155,42.785],[-2.5165,42.785],[-2.517,42.785],[-2.5175,42.785],[-2.518,42.7855],[-2.5185,42.7855],[-2.519,42.7855],[-2.52,42.7855],[-2.5205,42.7845],[-2.5215,42.786],[-2.522,42.786],[-2.523,42.7865],[-2.5235,42.7865],[-2.524,42.7865],[-2.5245,42.7865],[-2.525,42.7865],[-2.525,42.788],[-2.5245,42.7875],[-2.524,42.7875],[-2.5235,42.7875],[-2.5225,42.787],[-2.523,42.788],[-2.5235,42.788],[-2.524,42.788]]],[[[-2.4815,42.9285],[-2.482,42.9285],[-2.482,42.929],[-2.482,42.9295],[-2.4825,42.9295],[-2.483,42.9305],[-2.4835,42.931],[-2.4875,42.9375],[-2.489,42.938],[-2.4895,42.939],[-2.49,42.939],[-2.4895,42.9395],[-2.4895,42.94],[-2.4895,42.9405],[-2.4895,42.941],[-2.49,42.941],[-2.49,42.9415],[-2.49,42.9425],[-2.49,42.9435],[-2.491,42.946],[-2.5005,42.949],[-2.501,42.9505],[-2.5005,42.947],[-2.5065,42.945],[-2.5085,42.9455],[-2.508,42.9465],[-2.5085,42.9475],[-2.51,42.9465],[-2.511,42.9435],[-2.5085,42.943],[-2.5065,42.941],[-2.5055,42.934],[-2.506,42.9335],[-2.5025,42.928],[-2.499,42.928],[-2.5,42.9285],[-2.501,42.93],[-2.5,42.9285],[-2.499,42.928],[-2.498,42.9245],[-2.4975,42.9245],[-2.4935,42.925],[-2.493,42.9255],[-2.493,42.927],[-2.4925,42.928],[-2.4925,42.9285],[-2.494,42.93],[-2.4945,42.9305],[-2.4955,42.932],[-2.4965,42.932],[-2.4965,42.933],[-2.4965,42.9335],[-2.497,42.9335],[-2.497,42.934],[-2.497,42.9345],[-2.4975,42.9345],[-2.497,42.9345],[-2.4975,42.935],[-2.498,42.9355],[-2.498,42.936],[-2.4985,42.936],[-2.4985,42.9365],[-2.4985,42.937],[-2.499,42.9375],[-2.499,42.938],[-2.4995,42.9385],[-2.4995,42.939],[-2.4995,42.9395],[-2.499,42.9395],[-2.4995,42.9395],[-2.4995,42.939],[-2.4995,42.9385],[-2.499,42.938],[-2.499,42.9375],[-2.4985,42.937],[-2.4985,42.9365],[-2.4985,42.936],[-2.498,42.936],[-2.498,42.9355],[-2.4975,42.935],[-2.497,42.9345],[-2.4975,42.9345],[-2.497,42.9345],[-2.497,42.934],[-2.497,42.9335],[-2.4935,42.934],[-2.4945,42.9305],[-2.494,42.93],[-2.4925,42.933],[-2.4915,42.933],[-2.4915,42.932],[-2.4925,42.928],[-2.488,42.9285],[-2.4865,42.926],[-2.4815,42.9255],[-2.48,42.9235],[-2.4795,42.924],[-2.4795,42.9245],[-2.4805,42.9255],[-2.4805,42.926],[-2.4815,42.928],[-2.4815,42.9285]]],[[[-2.49,42.9565],[-2.494,42.9575],[-2.5015,42.9565],[-2.501,42.9505],[-2.4965,42.9535],[-2.497,42.954],[-2.4965,42.9535],[-2.495,42.9475],[-2.492,42.9475],[-2.4935,42.949],[-2.4935,42.95],[-2.4935,42.949],[-2.49,42.949],[-2.4915,42.9465],[-2.4865,42.9465],[-2.486,42.947],[-2.486,42.9475],[-2.486,42.948],[-2.4865,42.949],[-2.486,42.95],[-2.4865,42.95],[-2.487,42.9505],[-2.4875,42.953],[-2.49,42.9555],[-2.49,42.9565]]],[[[-2.5085,43.2025],[-2.5055,43.202],[-2.5055,43.2015],[-2.5045,43.2],[-2.504,43.2],[-2.503,43.2],[-2.499,43.2005],[-2.503,43.1995],[-2.5035,43.1995],[-2.504,43.1995],[-2.505,43.198],[-2.4995,43.1985],[-2.497,43.199],[-2.4995,43.1985],[-2.495,43.196],[-2.4935,43.196],[-2.493,43.1965],[-2.4925,43.196],[-2.4925,43.195],[-2.4905,43.1955],[-2.49,43.1955],[-2.49,43.195],[-2.488,43.1975],[-2.488,43.198],[-2.4875,43.1975],[-2.488,43.19],[-2.4865,43.1895],[-2.4865,43.1905],[-2.486,43.191],[-2.4855,43.1915],[-2.4845,43.191],[-2.484,43.1905],[-2.478,43.1915],[-2.476,43.1925],[-2.4755,43.1925],[-2.4745,43.1925],[-2.474,43.1925],[-2.4735,43.1925],[-2.475,43.1935],[-2.476,43.1935],[-2.476,43.193],[-2.4765,43.193],[-2.476,43.194],[-2.4755,43.1945],[-2.475,43.1945],[-2.4745,43.1945],[-2.4725,43.1945],[-2.4725,43.1935],[-2.473,43.1935],[-2.4735,43.1925],[-2.473,43.1925],[-2.4725,43.193],[-2.472,43.193],[-2.472,43.1925],[-2.4715,43.1925],[-2.4715,43.192],[-2.4705,43.1925],[-2.4705,43.193],[-2.471,43.193],[-2.4715,43.193],[-2.4715,43.194],[-2.4715,43.1945],[-2.472,43.1945],[-2.472,43.195],[-2.4735,43.195],[-2.474,43.196],[-2.4735,43.1965],[-2.4735,43.197],[-2.474,43.197],[-2.4745,43.197],[-2.4745,43.1975],[-2.475,43.198],[-2.4765,43.1985],[-2.4765,43.199],[-2.477,43.199],[-2.479,43.2],[-2.4795,43.2],[-2.4795,43.2005],[-2.482,43.2005],[-2.4825,43.2005],[-2.485,43.2005],[-2.485,43.2],[-2.4855,43.2],[-2.488,43.1985],[-2.4885,43.1995],[-2.487,43.2],[-2.4895,43.2015],[-2.4915,43.202],[-2.4915,43.2025],[-2.492,43.203],[-2.4935,43.2035],[-2.494,43.204],[-2.4945,43.204],[-2.499,43.2055],[-2.4995,43.2055],[-2.4995,43.206],[-2.499,43.206],[-2.496,43.207],[-2.4975,43.208],[-2.5075,43.21],[-2.507,43.2105],[-2.5065,43.211],[-2.5065,43.2115],[-2.506,43.212],[-2.5055,43.212],[-2.505,43.2125],[-2.5055,43.213],[-2.5045,43.2125],[-2.5045,43.213],[-2.5045,43.2145],[-2.5055,43.2155],[-2.507,43.2145],[-2.5075,43.2135],[-2.5075,43.213],[-2.5075,43.2125],[-2.5085,43.212],[-2.509,43.2115],[-2.5095,43.211],[-2.5095,43.2105],[-2.5095,43.2095],[-2.5095,43.209],[-2.511,43.212],[-2.511,43.2125],[-2.5115,43.2125],[-2.512,43.2125],[-2.512,43.212],[-2.5125,43.2115],[-2.5135,43.208],[-2.513,43.208],[-2.5115,43.2075],[-2.5085,43.2055],[-2.508,43.205],[-2.5085,43.205],[-2.5085,43.204],[-2.5085,43.2035],[-2.5085,43.203],[-2.5085,43.2025]]],[[[-2.489,42.557],[-2.4895,42.557],[-2.49,42.557],[-2.4905,42.557],[-2.491,42.557],[-2.4915,42.557],[-2.491,42.5575],[-2.491,42.5585],[-2.4905,42.559],[-2.4905,42.5605],[-2.4915,42.561],[-2.491,42.5595],[-2.492,42.5605],[-2.492,42.56],[-2.4925,42.5565],[-2.4915,42.556],[-2.491,42.556],[-2.49,42.5555],[-2.4905,42.5555],[-2.491,42.5555],[-2.492,42.5555],[-2.4925,42.5555],[-2.4935,42.5525],[-2.4935,42.552],[-2.494,42.5515],[-2.4935,42.5515],[-2.494,42.5515],[-2.4955,42.549],[-2.497,42.548],[-2.4955,42.548],[-2.4955,42.5475],[-2.496,42.5475],[-2.4955,42.5475],[-2.495,42.5475],[-2.495,42.547],[-2.4945,42.547],[-2.4945,42.5465],[-2.493,42.545],[-2.494,42.5445],[-2.496,42.5435],[-2.496,42.543],[-2.496,42.5425],[-2.4955,42.542],[-2.495,42.5415],[-2.4955,42.5415],[-2.496,42.5405],[-2.4965,42.541],[-2.4965,42.5415],[-2.4965,42.542],[-2.5,42.5445],[-2.5005,42.544],[-2.502,42.5425],[-2.502,42.542],[-2.5025,42.5415],[-2.503,42.541],[-2.5035,42.541],[-2.5035,42.54],[-2.504,42.5385],[-2.504,42.537],[-2.5,42.5375],[-2.4995,42.538],[-2.499,42.538],[-2.499,42.5375],[-2.4985,42.538],[-2.498,42.538],[-2.4975,42.538],[-2.4965,42.5385],[-2.496,42.5375],[-2.496,42.537],[-2.4945,42.536],[-2.4945,42.5365],[-2.4935,42.537],[-2.493,42.5375],[-2.4925,42.538],[-2.4935,42.5385],[-2.494,42.539],[-2.4925,42.5395],[-2.4925,42.539],[-2.4895,42.542],[-2.489,42.5425],[-2.4885,42.5445],[-2.4875,42.5455],[-2.487,42.5465],[-2.486,42.549],[-2.486,42.5495],[-2.4865,42.5495],[-2.4875,42.5495],[-2.486,42.5495],[-2.4855,42.5505],[-2.485,42.5505],[-2.484,42.5545],[-2.484,42.555],[-2.483,42.557],[-2.4815,42.558],[-2.481,42.5605],[-2.481,42.56],[-2.4855,42.559],[-2.4865,42.559],[-2.486,42.5595],[-2.4885,42.5585],[-2.491,42.5575],[-2.489,42.557]]],[[[-2.498,42.65],[-2.505,42.6485],[-2.507,42.643],[-2.505,42.643],[-2.5035,42.6425],[-2.5015,42.6425],[-2.501,42.6425],[-2.5005,42.642],[-2.5,42.642],[-2.499,42.642],[-2.4985,42.642],[-2.498,42.642],[-2.498,42.6425],[-2.4965,42.643],[-2.496,42.643],[-2.489,42.643],[-2.4885,42.643],[-2.488,42.6425],[-2.4875,42.642],[-2.485,42.641],[-2.487,42.6405],[-2.4945,42.64],[-2.4945,42.6395],[-2.4935,42.639],[-2.493,42.6385],[-2.4925,42.638],[-2.492,42.6375],[-2.4915,42.6365],[-2.4855,42.637],[-2.485,42.637],[-2.4845,42.637],[-2.4825,42.6375],[-2.4825,42.638],[-2.483,42.638],[-2.4825,42.638],[-2.4855,42.642],[-2.4855,42.644],[-2.4855,42.6445],[-2.484,42.6465],[-2.4855,42.6495],[-2.485,42.655],[-2.4855,42.655],[-2.486,42.655],[-2.486,42.6545],[-2.4865,42.6545],[-2.487,42.6545],[-2.488,42.6545],[-2.489,42.655],[-2.4915,42.6555],[-2.4935,42.6525],[-2.4975,42.6505],[-2.496,42.65],[-2.498,42.65]]],[[[-2.486,42.81],[-2.487,42.8105],[-2.487,42.81],[-2.4875,42.8105],[-2.4875,42.811],[-2.4885,42.8105],[-2.489,42.8105],[-2.489,42.8095],[-2.489,42.809],[-2.49,42.8085],[-2.4905,42.8085],[-2.491,42.808],[-2.491,42.8075],[-2.4905,42.808],[-2.4905,42.8085],[-2.485,42.8025],[-2.484,42.803],[-2.4835,42.8095],[-2.484,42.81],[-2.485,42.8105],[-2.485,42.81],[-2.4855,42.81],[-2.486,42.81]]],[[[-2.4815,42.837],[-2.4815,42.839],[-2.482,42.839],[-2.4845,42.841],[-2.491,42.84],[-2.4915,42.84],[-2.491,42.839],[-2.491,42.8385],[-2.489,42.8375],[-2.485,42.835],[-2.4825,42.8365],[-2.483,42.8365],[-2.4825,42.8365],[-2.4815,42.837]]],[[[-2.4865,42.86],[-2.487,42.8605],[-2.4925,42.857],[-2.493,42.857],[-2.4925,42.857],[-2.4925,42.855],[-2.492,42.8545],[-2.4915,42.8545],[-2.4905,42.8545],[-2.49,42.8545],[-2.4885,42.8535],[-2.49,42.854],[-2.491,42.8535],[-2.4915,42.8535],[-2.492,42.8535],[-2.492,42.853],[-2.492,42.8525],[-2.4915,42.851],[-2.4905,42.8515],[-2.491,42.8515],[-2.49,42.852],[-2.49,42.851],[-2.4915,42.849],[-2.4905,42.8485],[-2.4895,42.849],[-2.489,42.8485],[-2.488,42.8485],[-2.485,42.8515],[-2.488,42.8485],[-2.485,42.847],[-2.48,42.8455],[-2.4795,42.8455],[-2.48,42.8455],[-2.48,42.845],[-2.4795,42.845],[-2.479,42.8445],[-2.4765,42.844],[-2.4755,42.8435],[-2.4745,42.8435],[-2.4715,42.8425],[-2.4705,42.8425],[-2.4705,42.843],[-2.47,42.843],[-2.474,42.846],[-2.4675,42.8465],[-2.462,42.8435],[-2.46,42.8435],[-2.4675,42.8485],[-2.4665,42.85],[-2.468,42.8515],[-2.4685,42.8515],[-2.472,42.853],[-2.4725,42.8525],[-2.473,42.8525],[-2.4785,42.853],[-2.4865,42.8595],[-2.4865,42.86]]],[[[-2.476,42.934],[-2.4725,42.935],[-2.47,42.9355],[-2.468,42.9385],[-2.4685,42.939],[-2.471,42.94],[-2.475,42.942],[-2.476,42.9435],[-2.478,42.9505],[-2.478,42.9545],[-2.4775,42.9565],[-2.478,42.9585],[-2.478,42.961],[-2.4875,42.953],[-2.4865,42.95],[-2.486,42.9495],[-2.486,42.949],[-2.486,42.948],[-2.486,42.9475],[-2.486,42.947],[-2.4865,42.9465],[-2.488,42.9445],[-2.489,42.942],[-2.49,42.9415],[-2.4895,42.941],[-2.4895,42.9405],[-2.4895,42.94],[-2.4895,42.9395],[-2.49,42.939],[-2.4895,42.939],[-2.489,42.938],[-2.4875,42.9375],[-2.4835,42.931],[-2.483,42.931],[-2.485,42.9365],[-2.482,42.938],[-2.48,42.943],[-2.4765,42.943],[-2.4755,42.94],[-2.48,42.9395],[-2.4805,42.9325],[-2.478,42.9325],[-2.4775,42.9325],[-2.4775,42.9335],[-2.476,42.934],[-2.476,42.9335],[-2.476,42.934]]],[[[-2.471,42.94],[-2.4745,42.9425],[-2.4745,42.946],[-2.4675,42.9455],[-2.468,42.939],[-2.4665,42.9505],[-2.4685,42.953],[-2.4685,42.9525],[-2.4695,42.9535],[-2.469,42.953],[-2.47,42.954],[-2.4715,42.959],[-2.477,42.96],[-2.4775,42.9565],[-2.478,42.9545],[-2.478,42.9505],[-2.476,42.9435],[-2.475,42.942],[-2.471,42.94]]],[[[-2.479,43.2015],[-2.479,43.201],[-2.4795,43.2005],[-2.4795,43.2],[-2.479,43.2],[-2.478,43.2],[-2.4775,43.2],[-2.4765,43.1985],[-2.476,43.1985],[-2.475,43.198],[-2.4745,43.1975],[-2.4745,43.197],[-2.474,43.197],[-2.4735,43.197],[-2.4735,43.1965],[-2.474,43.1965],[-2.474,43.196],[-2.474,43.1955],[-2.4735,43.195],[-2.473,43.195],[-2.4725,43.195],[-2.472,43.195],[-2.4715,43.195],[-2.472,43.1945],[-2.4715,43.194],[-2.471,43.193],[-2.4705,43.193],[-2.469,43.193],[-2.4695,43.1945],[-2.47,43.196],[-2.4705,43.196],[-2.4705,43.1965],[-2.471,43.198],[-2.4705,43.1975],[-2.47,43.1975],[-2.47,43.198],[-2.4705,43.198],[-2.47,43.198],[-2.47,43.1985],[-2.47,43.1995],[-2.4705,43.2015],[-2.471,43.202],[-2.4715,43.2025],[-2.4775,43.2045],[-2.477,43.2045],[-2.4765,43.2045],[-2.4765,43.204],[-2.476,43.204],[-2.476,43.2035],[-2.476,43.203],[-2.4765,43.203],[-2.4775,43.203],[-2.478,43.2025],[-2.4785,43.2025],[-2.479,43.2015]]],[[[-2.4745,43.0315],[-2.4725,43.031],[-2.472,43.029],[-2.4685,43.0265],[-2.4665,43.0245],[-2.466,43.0255],[-2.4655,43.025],[-2.465,43.0245],[-2.4655,43.0245],[-2.466,43.0235],[-2.4645,43.0245],[-2.466,43.0255],[-2.465,43.028],[-2.465,43.0295],[-2.465,43.03],[-2.4645,43.03],[-2.464,43.0305],[-2.464,43.0325],[-2.4635,43.033],[-2.4635,43.0335],[-2.4635,43.0345],[-2.462,43.0355],[-2.462,43.036],[-2.4625,43.0365],[-2.463,43.0365],[-2.463,43.0375],[-2.462,43.038],[-2.462,43.039],[-2.462,43.0395],[-2.4625,43.04],[-2.4625,43.0405],[-2.4625,43.041],[-2.4625,43.0415],[-2.462,43.0415],[-2.4625,43.042],[-2.4625,43.0425],[-2.463,43.043],[-2.463,43.0435],[-2.463,43.044],[-2.463,43.0445],[-2.4635,43.0445],[-2.4635,43.045],[-2.464,43.045],[-2.4645,43.0455],[-2.465,43.045],[-2.4655,43.045],[-2.463,43.038],[-2.472,43.037],[-2.4725,43.037],[-2.4705,43.034],[-2.4735,43.0345],[-2.474,43.034],[-2.4745,43.0335],[-2.4735,43.0325],[-2.4745,43.032],[-2.4745,43.0315]]],[[[-2.4515,42.939],[-2.4475,42.9435],[-2.448,42.945],[-2.448,42.946],[-2.4475,42.947],[-2.447,42.948],[-2.4465,42.949],[-2.4465,42.9495],[-2.445,42.9505],[-2.445,42.952],[-2.4545,42.954],[-2.46,42.959],[-2.4705,42.9605],[-2.471,42.96],[-2.47,42.954],[-2.4675,42.952],[-2.4665,42.9505],[-2.4665,42.941],[-2.47,42.9355],[-2.47,42.935],[-2.4705,42.9345],[-2.4705,42.9335],[-2.4705,42.933],[-2.4695,42.932],[-2.468,42.9315],[-2.4675,42.9315],[-2.465,42.9315],[-2.4645,42.933],[-2.4645,42.9315],[-2.465,42.931],[-2.465,42.9305],[-2.4655,42.93],[-2.466,42.9295],[-2.466,42.929],[-2.4665,42.929],[-2.4665,42.9285],[-2.467,42.9275],[-2.467,42.927],[-2.463,42.9325],[-2.463,42.9335],[-2.4655,42.9355],[-2.4635,42.936],[-2.464,42.9365],[-2.464,42.937],[-2.4645,42.9395],[-2.4655,42.9405],[-2.465,42.9405],[-2.4655,42.944],[-2.464,42.947],[-2.4615,42.9495],[-2.456,42.95],[-2.4555,42.95],[-2.4555,42.9505],[-2.454,42.9505],[-2.4545,42.9505],[-2.4555,42.95],[-2.456,42.95],[-2.4615,42.9495],[-2.4635,42.9465],[-2.4655,42.944],[-2.463,42.9395],[-2.4625,42.938],[-2.464,42.939],[-2.462,42.937],[-2.4575,42.9375],[-2.457,42.9375],[-2.455,42.9375],[-2.4525,42.9375],[-2.4515,42.938],[-2.452,42.938],[-2.4525,42.938],[-2.454,42.938],[-2.4545,42.9405],[-2.452,42.9405],[-2.4515,42.939]]],[[[-2.448,43.066],[-2.447,43.0665],[-2.4465,43.068],[-2.4475,43.0685],[-2.448,43.0685],[-2.4475,43.0685],[-2.4475,43.069],[-2.448,43.069],[-2.4485,43.0695],[-2.4485,43.0705],[-2.4485,43.0715],[-2.448,43.072],[-2.4455,43.073],[-2.4445,43.076],[-2.445,43.077],[-2.4485,43.0785],[-2.4485,43.079],[-2.448,43.0795],[-2.452,43.08],[-2.454,43.078],[-2.4605,43.077],[-2.461,43.0765],[-2.461,43.0755],[-2.463,43.0745],[-2.4615,43.0745],[-2.462,43.074],[-2.4625,43.074],[-2.463,43.0735],[-2.464,43.0735],[-2.464,43.073],[-2.465,43.073],[-2.466,43.072],[-2.465,43.072],[-2.4645,43.0725],[-2.458,43.072],[-2.455,43.074],[-2.454,43.074],[-2.453,43.074],[-2.453,43.0725],[-2.4545,43.0725],[-2.455,43.073],[-2.456,43.0725],[-2.456,43.072],[-2.455,43.067],[-2.4545,43.0665],[-2.448,43.066]]],[[[-2.458,43.219],[-2.4575,43.219],[-2.458,43.219],[-2.457,43.2185],[-2.4565,43.2175],[-2.454,43.2155],[-2.448,43.2135],[-2.4475,43.2155],[-2.4475,43.216],[-2.447,43.217],[-2.447,43.2175],[-2.4465,43.2175],[-2.446,43.2185],[-2.4465,43.2185],[-2.4465,43.219],[-2.451,43.2235],[-2.4515,43.2235],[-2.4515,43.224],[-2.456,43.227],[-2.4555,43.227],[-2.4555,43.2275],[-2.456,43.2275],[-2.4555,43.2285],[-2.4565,43.2275],[-2.458,43.2265],[-2.461,43.2215],[-2.4595,43.2205],[-2.4595,43.22],[-2.4585,43.2195],[-2.458,43.219]]],[[[-2.4635,42.6545],[-2.462,42.659],[-2.4615,42.6595],[-2.4685,42.6585],[-2.4675,42.6585],[-2.4685,42.6585],[-2.4685,42.6575],[-2.4685,42.657],[-2.469,42.6565],[-2.4695,42.656],[-2.47,42.6555],[-2.472,42.654],[-2.4725,42.654],[-2.473,42.6535],[-2.475,42.653],[-2.4755,42.653],[-2.476,42.6525],[-2.4775,42.653],[-2.4775,42.6525],[-2.478,42.651],[-2.4795,42.6515],[-2.479,42.653],[-2.4855,42.649],[-2.484,42.647],[-2.484,42.646],[-2.4855,42.644],[-2.485,42.642],[-2.483,42.6395],[-2.481,42.637],[-2.4825,42.642],[-2.482,42.642],[-2.4775,42.642],[-2.477,42.642],[-2.4765,42.6425],[-2.476,42.6435],[-2.467,42.646],[-2.468,42.642],[-2.468,42.6415],[-2.4625,42.637],[-2.4545,42.64],[-2.452,42.644],[-2.4515,42.6445],[-2.4505,42.6465],[-2.4445,42.6495],[-2.444,42.6495],[-2.4405,42.651],[-2.44,42.651],[-2.436,42.6525],[-2.4355,42.653],[-2.4345,42.6535],[-2.434,42.6535],[-2.4335,42.654],[-2.43,42.654],[-2.4305,42.656],[-2.431,42.656],[-2.431,42.6565],[-2.4315,42.6565],[-2.431,42.6565],[-2.4305,42.656],[-2.423,42.66],[-2.4235,42.6605],[-2.427,42.6595],[-2.4315,42.661],[-2.4315,42.6605],[-2.4315,42.659],[-2.432,42.6585],[-2.4315,42.659],[-2.4335,42.659],[-2.434,42.659],[-2.436,42.659],[-2.436,42.6595],[-2.438,42.6595],[-2.442,42.66],[-2.442,42.6605],[-2.446,42.658],[-2.446,42.6585],[-2.444,42.6595],[-2.445,42.6595],[-2.4465,42.6595],[-2.4495,42.657],[-2.4495,42.6565],[-2.4495,42.656],[-2.453,42.658],[-2.452,42.6625],[-2.4525,42.6625],[-2.454,42.6605],[-2.455,42.6585],[-2.4555,42.6575],[-2.457,42.6575],[-2.4635,42.6535],[-2.4635,42.6545]]],[[[-2.446,43.0195],[-2.4465,43.02],[-2.442,43.0215],[-2.4405,43.0175],[-2.441,43.017],[-2.4405,43.013],[-2.439,43.013],[-2.4395,43.0135],[-2.44,43.014],[-2.44,43.015],[-2.439,43.015],[-2.4385,43.0155],[-2.4395,43.0165],[-2.439,43.0175],[-2.4405,43.0175],[-2.44,43.0185],[-2.4395,43.0185],[-2.4395,43.019],[-2.44,43.025],[-2.436,43.0275],[-2.4335,43.03],[-2.435,43.033],[-2.44,43.035],[-2.4415,43.0315],[-2.449,43.0315],[-2.449,43.031],[-2.4515,43.0275],[-2.4515,43.027],[-2.4515,43.0265],[-2.4515,43.026],[-2.453,43.0255],[-2.4605,43.027],[-2.4565,43.023],[-2.452,43.0245],[-2.449,43.0195],[-2.4455,43.019],[-2.4455,43.0195],[-2.446,43.0195]]],[[[-2.447,43.212],[-2.4475,43.213],[-2.448,43.212],[-2.4485,43.212],[-2.4525,43.2115],[-2.45,43.211],[-2.4495,43.21],[-2.449,43.2095],[-2.4445,43.2065],[-2.4535,43.2055],[-2.4535,43.205],[-2.454,43.205],[-2.4525,43.203],[-2.452,43.2025],[-2.4535,43.202],[-2.454,43.202],[-2.454,43.2015],[-2.4535,43.201],[-2.454,43.201],[-2.453,43.1975],[-2.452,43.198],[-2.4515,43.198],[-2.452,43.1975],[-2.451,43.1965],[-2.451,43.196],[-2.4505,43.1965],[-2.45,43.196],[-2.4495,43.196],[-2.4495,43.1965],[-2.449,43.1965],[-2.449,43.196],[-2.449,43.1955],[-2.447,43.1955],[-2.4465,43.1955],[-2.446,43.195],[-2.4455,43.195],[-2.4435,43.195],[-2.4435,43.1955],[-2.443,43.1955],[-2.4425,43.195],[-2.4415,43.195],[-2.441,43.195],[-2.4415,43.198],[-2.443,43.198],[-2.443,43.1975],[-2.4425,43.1975],[-2.442,43.197],[-2.4425,43.197],[-2.443,43.197],[-2.4435,43.1975],[-2.4435,43.198],[-2.441,43.199],[-2.4405,43.199],[-2.4415,43.2],[-2.4395,43.202],[-2.4395,43.2025],[-2.439,43.202],[-2.4385,43.202],[-2.438,43.201],[-2.437,43.1975],[-2.438,43.199],[-2.4385,43.198],[-2.439,43.198],[-2.439,43.1975],[-2.439,43.197],[-2.4395,43.197],[-2.44,43.1975],[-2.44,43.198],[-2.4415,43.198],[-2.44,43.196],[-2.441,43.195],[-2.441,43.194],[-2.4425,43.194],[-2.4425,43.195],[-2.443,43.1955],[-2.4435,43.195],[-2.4455,43.195],[-2.446,43.1945],[-2.445,43.193],[-2.4455,43.1915],[-2.4415,43.1925],[-2.439,43.1935],[-2.4375,43.1955],[-2.437,43.1955],[-2.4365,43.196],[-2.436,43.1965],[-2.436,43.197],[-2.436,43.1965],[-2.436,43.196],[-2.4355,43.1965],[-2.435,43.197],[-2.4345,43.197],[-2.434,43.1975],[-2.4345,43.198],[-2.435,43.1975],[-2.434,43.2],[-2.4285,43.204],[-2.4305,43.21],[-2.431,43.21],[-2.431,43.2105],[-2.4315,43.2115],[-2.4325,43.2075],[-2.434,43.209],[-2.4345,43.2095],[-2.435,43.2095],[-2.4365,43.2095],[-2.437,43.209],[-2.438,43.209],[-2.439,43.209],[-2.444,43.21],[-2.4455,43.2105],[-2.4465,43.211],[-2.4465,43.2115],[-2.447,43.212]]],[[[-2.43,43.0825],[-2.433,43.083],[-2.434,43.0835],[-2.4365,43.085],[-2.4365,43.0865],[-2.437,43.0865],[-2.4375,43.0865],[-2.437,43.0885],[-2.435,43.09],[-2.439,43.09],[-2.438,43.0885],[-2.4385,43.088],[-2.439,43.087],[-2.4385,43.0865],[-2.438,43.086],[-2.438,43.0865],[-2.438,43.086],[-2.4385,43.086],[-2.439,43.085],[-2.4385,43.0845],[-2.4385,43.084],[-2.439,43.084],[-2.4395,43.0835],[-2.439,43.083],[-2.4385,43.0825],[-2.4375,43.0815],[-2.439,43.0825],[-2.4395,43.0825],[-2.4405,43.082],[-2.441,43.082],[-2.442,43.0825],[-2.4425,43.0825],[-2.443,43.0825],[-2.443,43.082],[-2.4435,43.082],[-2.444,43.082],[-2.4445,43.0815],[-2.445,43.081],[-2.4455,43.081],[-2.446,43.0805],[-2.446,43.08],[-2.4465,43.08],[-2.444,43.0765],[-2.446,43.069],[-2.4455,43.069],[-2.4435,43.0685],[-2.4405,43.068],[-2.44,43.068],[-2.439,43.0675],[-2.4385,43.068],[-2.437,43.068],[-2.437,43.0695],[-2.4425,43.069],[-2.438,43.0705],[-2.4395,43.071],[-2.4445,43.071],[-2.4425,43.0725],[-2.439,43.073],[-2.439,43.0735],[-2.4385,43.0735],[-2.434,43.0775],[-2.4345,43.0775],[-2.4315,43.0755],[-2.4295,43.076],[-2.4275,43.076],[-2.4275,43.0765],[-2.4295,43.0825],[-2.43,43.0825]]],[[[-2.4275,42.765],[-2.4295,42.7695],[-2.4375,42.7635],[-2.437,42.763],[-2.4325,42.763],[-2.432,42.763],[-2.4305,42.763],[-2.428,42.764],[-2.428,42.7645],[-2.4275,42.765]]],[[[-2.4975,42.812],[-2.4985,42.8115],[-2.499,42.8115],[-2.4995,42.8115],[-2.5005,42.8115],[-2.501,42.8115],[-2.501,42.811],[-2.5015,42.811],[-2.5015,42.8115],[-2.5035,42.812],[-2.504,42.812],[-2.5055,42.8125],[-2.5055,42.813],[-2.5055,42.8125],[-2.506,42.8125],[-2.5065,42.8125],[-2.5065,42.8115],[-2.5075,42.811],[-2.5075,42.8105],[-2.508,42.8105],[-2.508,42.81],[-2.508,42.809],[-2.5075,42.809],[-2.5065,42.809],[-2.5065,42.808],[-2.507,42.8075],[-2.5075,42.806],[-2.507,42.8045],[-2.5065,42.8045],[-2.5045,42.799],[-2.5,42.801],[-2.5025,42.7985],[-2.503,42.7985],[-2.5045,42.7985],[-2.505,42.7955],[-2.508,42.794],[-2.511,42.796],[-2.511,42.7965],[-2.511,42.797],[-2.512,42.7975],[-2.5115,42.798],[-2.5105,42.798],[-2.5105,42.7975],[-2.5045,42.799],[-2.5065,42.8045],[-2.507,42.8055],[-2.5075,42.806],[-2.5075,42.807],[-2.508,42.804],[-2.508,42.8035],[-2.51,42.8025],[-2.51,42.803],[-2.51,42.8035],[-2.51,42.8045],[-2.5105,42.805],[-2.511,42.8055],[-2.5105,42.8055],[-2.5105,42.8065],[-2.5105,42.807],[-2.5105,42.8075],[-2.512,42.8075],[-2.5125,42.8075],[-2.5145,42.808],[-2.515,42.808],[-2.5155,42.8075],[-2.516,42.8075],[-2.5165,42.8075],[-2.518,42.808],[-2.5215,42.8085],[-2.522,42.8085],[-2.523,42.8085],[-2.525,42.808],[-2.526,42.8075],[-2.5265,42.8075],[-2.5265,42.807],[-2.5275,42.8065],[-2.5285,42.806],[-2.529,42.806],[-2.529,42.8055],[-2.529,42.805],[-2.5285,42.8045],[-2.528,42.8035],[-2.5275,42.803],[-2.527,42.8025],[-2.527,42.802],[-2.525,42.8015],[-2.5245,42.8015],[-2.5245,42.8025],[-2.524,42.8025],[-2.524,42.803],[-2.5235,42.8035],[-2.523,42.8035],[-2.523,42.804],[-2.523,42.8035],[-2.524,42.803],[-2.524,42.8025],[-2.523,42.8025],[-2.523,42.8015],[-2.5225,42.801],[-2.5225,42.8],[-2.5225,42.7995],[-2.5185,42.8],[-2.5185,42.8005],[-2.514,42.8],[-2.515,42.8],[-2.5205,42.7985],[-2.522,42.7985],[-2.521,42.7975],[-2.52,42.7975],[-2.5195,42.7975],[-2.519,42.7975],[-2.518,42.797],[-2.5175,42.797],[-2.517,42.7965],[-2.5155,42.7965],[-2.5145,42.7965],[-2.5135,42.7975],[-2.5135,42.798],[-2.513,42.798],[-2.5125,42.797],[-2.514,42.796],[-2.513,42.7955],[-2.515,42.7945],[-2.515,42.794],[-2.515,42.7935],[-2.5145,42.7935],[-2.5145,42.793],[-2.514,42.793],[-2.5145,42.793],[-2.5145,42.7935],[-2.515,42.7935],[-2.515,42.794],[-2.515,42.7945],[-2.517,42.7965],[-2.5175,42.797],[-2.5195,42.7975],[-2.52,42.7975],[-2.521,42.7975],[-2.521,42.7965],[-2.521,42.792],[-2.5255,42.792],[-2.527,42.792],[-2.5275,42.793],[-2.5285,42.7925],[-2.5285,42.792],[-2.5275,42.7915],[-2.5245,42.791],[-2.524,42.791],[-2.5235,42.7905],[-2.523,42.7905],[-2.523,42.79],[-2.523,42.7895],[-2.5225,42.7895],[-2.5215,42.7895],[-2.52,42.79],[-2.5185,42.79],[-2.517,42.7905],[-2.515,42.791],[-2.513,42.79],[-2.511,42.79],[-2.5105,42.79],[-2.51,42.79],[-2.51,42.7895],[-2.509,42.79],[-2.5075,42.791],[-2.507,42.791],[-2.505,42.7905],[-2.5055,42.79],[-2.5055,42.7895],[-2.506,42.789],[-2.5075,42.787],[-2.5065,42.7865],[-2.506,42.7865],[-2.505,42.7865],[-2.504,42.785],[-2.504,42.7845],[-2.504,42.784],[-2.503,42.7845],[-2.502,42.787],[-2.502,42.7875],[-2.502,42.789],[-2.499,42.7915],[-2.4995,42.7915],[-2.499,42.7915],[-2.499,42.792],[-2.4985,42.792],[-2.4985,42.7915],[-2.4975,42.788],[-2.498,42.7875],[-2.499,42.7885],[-2.499,42.788],[-2.497,42.7845],[-2.497,42.785],[-2.497,42.786],[-2.4965,42.787],[-2.496,42.787],[-2.495,42.789],[-2.4955,42.7875],[-2.4955,42.787],[-2.496,42.787],[-2.4965,42.787],[-2.497,42.786],[-2.497,42.785],[-2.497,42.7845],[-2.496,42.7845],[-2.4955,42.7845],[-2.495,42.785],[-2.492,42.7875],[-2.4915,42.788],[-2.491,42.7875],[-2.492,42.7875],[-2.495,42.785],[-2.4955,42.7845],[-2.496,42.7845],[-2.497,42.7845],[-2.4955,42.784],[-2.495,42.7835],[-2.4935,42.783],[-2.4885,42.779],[-2.4885,42.7795],[-2.4875,42.7795],[-2.4875,42.78],[-2.487,42.78],[-2.487,42.7805],[-2.487,42.78],[-2.4875,42.78],[-2.487,42.7795],[-2.4875,42.7795],[-2.4885,42.7795],[-2.4885,42.779],[-2.4915,42.776],[-2.491,42.776],[-2.4915,42.7755],[-2.4935,42.774],[-2.4935,42.7735],[-2.493,42.7735],[-2.4925,42.7735],[-2.492,42.773],[-2.491,42.7715],[-2.4905,42.771],[-2.4905,42.7705],[-2.49,42.7695],[-2.49,42.769],[-2.4895,42.7685],[-2.489,42.7685],[-2.489,42.768],[-2.4885,42.768],[-2.487,42.7665],[-2.4865,42.7665],[-2.486,42.766],[-2.486,42.7655],[-2.4845,42.764],[-2.4835,42.763],[-2.482,42.762],[-2.4815,42.762],[-2.4765,42.762],[-2.476,42.763],[-2.477,42.7635],[-2.4765,42.7635],[-2.476,42.763],[-2.4765,42.7625],[-2.4765,42.762],[-2.4725,42.7585],[-2.4725,42.759],[-2.4715,42.759],[-2.4705,42.7615],[-2.471,42.7615],[-2.471,42.762],[-2.471,42.7625],[-2.4715,42.7625],[-2.4715,42.763],[-2.472,42.7635],[-2.4725,42.7645],[-2.4725,42.765],[-2.473,42.7655],[-2.474,42.7675],[-2.4745,42.7675],[-2.4745,42.768],[-2.4745,42.7685],[-2.475,42.7695],[-2.4755,42.7705],[-2.475,42.7705],[-2.475,42.771],[-2.475,42.7715],[-2.4745,42.7725],[-2.474,42.7735],[-2.4735,42.774],[-2.4735,42.7735],[-2.4735,42.774],[-2.474,42.7735],[-2.4745,42.7725],[-2.475,42.7715],[-2.475,42.771],[-2.4755,42.7705],[-2.475,42.7695],[-2.4745,42.7685],[-2.4745,42.768],[-2.4745,42.7675],[-2.474,42.7675],[-2.4735,42.7675],[-2.4725,42.7655],[-2.473,42.7655],[-2.4725,42.765],[-2.472,42.765],[-2.4715,42.765],[-2.471,42.7655],[-2.47,42.7655],[-2.47,42.766],[-2.4695,42.7665],[-2.4695,42.766],[-2.4675,42.7655],[-2.4675,42.766],[-2.4675,42.7655],[-2.4665,42.766],[-2.467,42.766],[-2.4665,42.766],[-2.466,42.766],[-2.466,42.7665],[-2.466,42.766],[-2.4665,42.766],[-2.4675,42.7655],[-2.4695,42.766],[-2.47,42.766],[-2.47,42.7655],[-2.471,42.7655],[-2.4715,42.765],[-2.472,42.7645],[-2.4715,42.7635],[-2.471,42.7625],[-2.471,42.762],[-2.4705,42.7615],[-2.4705,42.7595],[-2.4715,42.759],[-2.4725,42.7585],[-2.4685,42.7575],[-2.4665,42.7565],[-2.467,42.757],[-2.465,42.76],[-2.466,42.7615],[-2.4645,42.7625],[-2.4655,42.7635],[-2.464,42.764],[-2.4625,42.765],[-2.4625,42.7655],[-2.463,42.7655],[-2.462,42.7655],[-2.461,42.7645],[-2.4605,42.765],[-2.4585,42.763],[-2.459,42.763],[-2.459,42.7625],[-2.459,42.7635],[-2.46,42.764],[-2.4605,42.7635],[-2.4605,42.764],[-2.4615,42.764],[-2.462,42.764],[-2.4625,42.764],[-2.464,42.763],[-2.4645,42.763],[-2.465,42.763],[-2.4635,42.7625],[-2.4625,42.7625],[-2.463,42.762],[-2.464,42.762],[-2.4645,42.7615],[-2.4635,42.7605],[-2.463,42.761],[-2.4625,42.761],[-2.4625,42.7615],[-2.462,42.762],[-2.4625,42.762],[-2.4625,42.7615],[-2.4605,42.761],[-2.4615,42.7605],[-2.4625,42.7585],[-2.4615,42.753],[-2.4605,42.7535],[-2.46,42.7535],[-2.4575,42.7575],[-2.4565,42.7585],[-2.4565,42.759],[-2.456,42.7595],[-2.4555,42.76],[-2.455,42.7605],[-2.4505,42.762],[-2.449,42.7615],[-2.446,42.7605],[-2.445,42.76],[-2.449,42.7645],[-2.45,42.7645],[-2.451,42.7645],[-2.4505,42.7645],[-2.451,42.765],[-2.452,42.765],[-2.4535,42.7655],[-2.4545,42.7655],[-2.455,42.766],[-2.4555,42.766],[-2.4565,42.766],[-2.457,42.766],[-2.4575,42.766],[-2.4575,42.7665],[-2.458,42.7665],[-2.46,42.7665],[-2.461,42.767],[-2.4615,42.767],[-2.462,42.7665],[-2.4625,42.767],[-2.463,42.7675],[-2.463,42.768],[-2.4625,42.768],[-2.463,42.7685],[-2.4635,42.769],[-2.4635,42.7695],[-2.464,42.7695],[-2.4635,42.7695],[-2.464,42.7705],[-2.463,42.7705],[-2.4625,42.771],[-2.4625,42.7715],[-2.463,42.7715],[-2.462,42.772],[-2.4595,42.772],[-2.458,42.772],[-2.4575,42.772],[-2.454,42.7715],[-2.4535,42.7715],[-2.4515,42.771],[-2.45,42.771],[-2.4495,42.771],[-2.4485,42.771],[-2.4475,42.7705],[-2.447,42.7705],[-2.4475,42.7705],[-2.4485,42.77],[-2.449,42.7695],[-2.4495,42.7695],[-2.4495,42.769],[-2.449,42.769],[-2.449,42.7685],[-2.4485,42.7685],[-2.4485,42.768],[-2.4485,42.7675],[-2.449,42.7675],[-2.4495,42.7675],[-2.45,42.7675],[-2.4505,42.768],[-2.4505,42.7685],[-2.452,42.7685],[-2.453,42.7685],[-2.4565,42.769],[-2.457,42.769],[-2.4565,42.768],[-2.4575,42.7685],[-2.458,42.769],[-2.46,42.77],[-2.4605,42.7695],[-2.46,42.7695],[-2.4595,42.7685],[-2.461,42.769],[-2.4615,42.7695],[-2.463,42.7695],[-2.463,42.7685],[-2.4625,42.768],[-2.4615,42.7675],[-2.461,42.767],[-2.46,42.7665],[-2.458,42.7665],[-2.4575,42.7665],[-2.4585,42.7685],[-2.4585,42.769],[-2.4575,42.7665],[-2.4565,42.766],[-2.456,42.7665],[-2.4545,42.767],[-2.454,42.766],[-2.4545,42.766],[-2.4535,42.7655],[-2.452,42.765],[-2.4515,42.765],[-2.452,42.765],[-2.451,42.765],[-2.451,42.7645],[-2.4505,42.765],[-2.4505,42.7645],[-2.45,42.7645],[-2.4495,42.7645],[-2.449,42.7645],[-2.4485,42.764],[-2.4475,42.764],[-2.4465,42.7635],[-2.4455,42.763],[-2.445,42.7635],[-2.447,42.7635],[-2.4485,42.764],[-2.4485,42.7645],[-2.448,42.7645],[-2.4475,42.764],[-2.447,42.764],[-2.445,42.7635],[-2.445,42.763],[-2.4445,42.763],[-2.444,42.764],[-2.443,42.7635],[-2.444,42.761],[-2.436,42.7695],[-2.4355,42.7695],[-2.4355,42.77],[-2.435,42.77],[-2.435,42.7705],[-2.4345,42.771],[-2.4345,42.7715],[-2.4345,42.772],[-2.435,42.772],[-2.4355,42.7715],[-2.436,42.7715],[-2.4365,42.772],[-2.437,42.772],[-2.4375,42.7725],[-2.438,42.7725],[-2.4375,42.772],[-2.4385,42.772],[-2.4385,42.7725],[-2.4385,42.773],[-2.439,42.773],[-2.439,42.7735],[-2.4395,42.7725],[-2.44,42.773],[-2.441,42.7725],[-2.441,42.7715],[-2.4375,42.771],[-2.4375,42.7705],[-2.441,42.7705],[-2.4415,42.7705],[-2.442,42.771],[-2.4415,42.771],[-2.442,42.7715],[-2.4425,42.7715],[-2.442,42.771],[-2.442,42.7705],[-2.4425,42.77],[-2.4425,42.7695],[-2.4435,42.7685],[-2.4435,42.768],[-2.444,42.768],[-2.4445,42.768],[-2.4435,42.771],[-2.4445,42.7715],[-2.445,42.772],[-2.445,42.7725],[-2.4455,42.7725],[-2.4525,42.773],[-2.452,42.7745],[-2.4525,42.7745],[-2.453,42.774],[-2.4535,42.774],[-2.4545,42.774],[-2.4565,42.774],[-2.4575,42.774],[-2.459,42.774],[-2.4595,42.7745],[-2.46,42.7745],[-2.4595,42.774],[-2.46,42.7745],[-2.461,42.775],[-2.462,42.775],[-2.4625,42.775],[-2.4705,42.779],[-2.466,42.7815],[-2.4655,42.7815],[-2.465,42.783],[-2.466,42.783],[-2.466,42.784],[-2.4655,42.784],[-2.465,42.784],[-2.464,42.7835],[-2.463,42.7835],[-2.4625,42.783],[-2.462,42.783],[-2.4615,42.783],[-2.461,42.783],[-2.4605,42.7825],[-2.458,42.7835],[-2.459,42.784],[-2.458,42.7835],[-2.4575,42.784],[-2.4565,42.784],[-2.4565,42.786],[-2.4575,42.786],[-2.459,42.786],[-2.4595,42.786],[-2.46,42.786],[-2.4605,42.786],[-2.461,42.7865],[-2.4615,42.7865],[-2.461,42.7865],[-2.4605,42.786],[-2.46,42.786],[-2.4595,42.786],[-2.459,42.7865],[-2.4575,42.786],[-2.4565,42.786],[-2.4545,42.7855],[-2.451,42.7845],[-2.451,42.784],[-2.4505,42.784],[-2.45,42.7835],[-2.4495,42.7825],[-2.449,42.782],[-2.4485,42.782],[-2.4485,42.7825],[-2.4485,42.783],[-2.449,42.7835],[-2.449,42.784],[-2.449,42.7845],[-2.4495,42.785],[-2.4495,42.7855],[-2.45,42.7855],[-2.4505,42.786],[-2.453,42.7865],[-2.454,42.7875],[-2.454,42.788],[-2.4545,42.7885],[-2.4545,42.789],[-2.455,42.789],[-2.455,42.7895],[-2.455,42.79],[-2.455,42.7895],[-2.4545,42.789],[-2.454,42.7885],[-2.454,42.789],[-2.4535,42.7885],[-2.453,42.789],[-2.4525,42.7895],[-2.4505,42.791],[-2.451,42.7915],[-2.449,42.7915],[-2.4495,42.7915],[-2.4495,42.791],[-2.45,42.791],[-2.4475,42.7895],[-2.4475,42.79],[-2.447,42.79],[-2.447,42.7905],[-2.4465,42.791],[-2.446,42.791],[-2.446,42.7915],[-2.4455,42.792],[-2.4455,42.7925],[-2.4455,42.793],[-2.4435,42.792],[-2.446,42.7905],[-2.4485,42.788],[-2.4485,42.7875],[-2.4485,42.786],[-2.449,42.7855],[-2.449,42.785],[-2.4485,42.7845],[-2.4485,42.784],[-2.4485,42.7835],[-2.4485,42.783],[-2.4455,42.7865],[-2.4435,42.7875],[-2.4415,42.788],[-2.441,42.788],[-2.4415,42.7875],[-2.4415,42.787],[-2.442,42.7865],[-2.44,42.7855],[-2.4395,42.786],[-2.44,42.786],[-2.44,42.7855],[-2.4365,42.787],[-2.436,42.7865],[-2.441,42.7835],[-2.441,42.783],[-2.44,42.7825],[-2.44,42.782],[-2.4395,42.7815],[-2.439,42.7815],[-2.439,42.781],[-2.4385,42.7805],[-2.4385,42.78],[-2.437,42.78],[-2.4365,42.78],[-2.435,42.78],[-2.435,42.7805],[-2.4345,42.7805],[-2.434,42.781],[-2.434,42.7815],[-2.4345,42.782],[-2.4345,42.783],[-2.4345,42.7835],[-2.4345,42.784],[-2.434,42.7845],[-2.4335,42.785],[-2.433,42.7855],[-2.4325,42.786],[-2.4325,42.7865],[-2.432,42.7865],[-2.4335,42.7945],[-2.433,42.7945],[-2.426,42.7995],[-2.4255,42.805],[-2.42,42.8045],[-2.41,42.8075],[-2.3885,42.8055],[-2.373,42.805],[-2.36,42.806],[-2.3545,42.8055],[-2.3335,42.8155],[-2.336,42.818],[-2.337,42.819],[-2.338,42.8195],[-2.3385,42.819],[-2.3385,42.8195],[-2.339,42.82],[-2.34,42.8205],[-2.3425,42.822],[-2.343,42.816],[-2.3525,42.8195],[-2.352,42.82],[-2.3525,42.82],[-2.353,42.82],[-2.3535,42.8205],[-2.354,42.8205],[-2.3545,42.8205],[-2.355,42.8205],[-2.355,42.8215],[-2.3585,42.821],[-2.361,42.8215],[-2.364,42.8235],[-2.365,42.824],[-2.366,42.8235],[-2.3665,42.8235],[-2.367,42.823],[-2.3675,42.823],[-2.3675,42.8225],[-2.367,42.822],[-2.366,42.8195],[-2.366,42.8185],[-2.3665,42.818],[-2.3665,42.8175],[-2.3665,42.817],[-2.3665,42.816],[-2.3665,42.815],[-2.364,42.813],[-2.3625,42.8115],[-2.3605,42.811],[-2.3595,42.811],[-2.3605,42.811],[-2.366,42.8115],[-2.3665,42.811],[-2.366,42.8115],[-2.3665,42.815],[-2.3665,42.817],[-2.3665,42.8175],[-2.3665,42.818],[-2.366,42.8185],[-2.366,42.8195],[-2.367,42.822],[-2.3675,42.8225],[-2.3675,42.823],[-2.368,42.823],[-2.3695,42.8205],[-2.3695,42.82],[-2.3705,42.82],[-2.3715,42.82],[-2.372,42.8205],[-2.3695,42.817],[-2.373,42.8105],[-2.3735,42.8105],[-2.376,42.81],[-2.378,42.8105],[-2.3855,42.8145],[-2.385,42.8145],[-2.3855,42.8145],[-2.3855,42.8135],[-2.3855,42.813],[-2.385,42.8105],[-2.385,42.81],[-2.385,42.8095],[-2.391,42.8105],[-2.3905,42.8135],[-2.3905,42.814],[-2.391,42.8145],[-2.391,42.814],[-2.397,42.815],[-2.3965,42.8155],[-2.3965,42.816],[-2.3975,42.815],[-2.398,42.815],[-2.4005,42.8125],[-2.4015,42.814],[-2.4015,42.8145],[-2.4035,42.8165],[-2.404,42.8165],[-2.407,42.8165],[-2.4085,42.817],[-2.4095,42.8165],[-2.41,42.8165],[-2.4105,42.8165],[-2.4135,42.8165],[-2.4145,42.817],[-2.4165,42.814],[-2.42,42.8155],[-2.4205,42.813],[-2.421,42.813],[-2.424,42.813],[-2.4245,42.813],[-2.425,42.8135],[-2.428,42.8125],[-2.4285,42.8125],[-2.4305,42.812],[-2.4345,42.812],[-2.44,42.808],[-2.4395,42.808],[-2.433,42.8035],[-2.4325,42.8035],[-2.4325,42.803],[-2.432,42.803],[-2.431,42.8025],[-2.432,42.803],[-2.4325,42.803],[-2.433,42.8035],[-2.4395,42.808],[-2.44,42.808],[-2.4405,42.8095],[-2.444,42.8075],[-2.445,42.8075],[-2.4455,42.807],[-2.4465,42.806],[-2.4465,42.8055],[-2.446,42.805],[-2.446,42.8045],[-2.444,42.8005],[-2.446,42.8045],[-2.446,42.805],[-2.4465,42.8055],[-2.4465,42.806],[-2.4475,42.8065],[-2.448,42.8075],[-2.4495,42.8075],[-2.45,42.8075],[-2.45,42.807],[-2.45,42.8065],[-2.4565,42.8025],[-2.456,42.8015],[-2.4565,42.8015],[-2.456,42.8005],[-2.456,42.8],[-2.4555,42.8],[-2.4545,42.7995],[-2.4545,42.7985],[-2.454,42.7985],[-2.454,42.798],[-2.4535,42.7975],[-2.454,42.7975],[-2.4545,42.7975],[-2.455,42.7975],[-2.455,42.796],[-2.4555,42.796],[-2.456,42.7955],[-2.456,42.794],[-2.4565,42.794],[-2.456,42.791],[-2.458,42.79],[-2.4625,42.79],[-2.463,42.79],[-2.464,42.7905],[-2.463,42.79],[-2.4625,42.79],[-2.458,42.79],[-2.456,42.791],[-2.4565,42.7945],[-2.457,42.7945],[-2.4565,42.795],[-2.456,42.796],[-2.4575,42.8025],[-2.463,42.8045],[-2.4695,42.8005],[-2.47,42.8005],[-2.471,42.7995],[-2.471,42.799],[-2.471,42.7985],[-2.4705,42.7985],[-2.4705,42.798],[-2.4725,42.7945],[-2.4755,42.794],[-2.476,42.794],[-2.4755,42.794],[-2.4735,42.7945],[-2.4725,42.7945],[-2.4705,42.798],[-2.471,42.798],[-2.4705,42.798],[-2.4705,42.7985],[-2.471,42.7985],[-2.471,42.799],[-2.471,42.7995],[-2.4715,42.7985],[-2.472,42.7985],[-2.4725,42.799],[-2.473,42.799],[-2.4715,42.799],[-2.4715,42.7985],[-2.472,42.7985],[-2.4715,42.7985],[-2.4715,42.7995],[-2.471,42.7995],[-2.471,42.8],[-2.471,42.8005],[-2.4705,42.801],[-2.47,42.802],[-2.4745,42.805],[-2.475,42.8085],[-2.4755,42.809],[-2.479,42.8095],[-2.4795,42.8095],[-2.4825,42.8095],[-2.4835,42.81],[-2.4835,42.8095],[-2.484,42.803],[-2.485,42.8025],[-2.4865,42.8035],[-2.4875,42.8035],[-2.491,42.8075],[-2.491,42.808],[-2.4905,42.809],[-2.491,42.8095],[-2.491,42.81],[-2.4975,42.812]]],[[[-2.4415,42.8995],[-2.44,42.9],[-2.4385,42.9],[-2.437,42.9],[-2.4365,42.8995],[-2.445,42.897],[-2.446,42.893],[-2.4455,42.8925],[-2.4395,42.8925],[-2.4385,42.8925],[-2.4375,42.8925],[-2.4375,42.892],[-2.4385,42.892],[-2.439,42.8915],[-2.4395,42.891],[-2.4395,42.8905],[-2.4415,42.8895],[-2.4425,42.885],[-2.44,42.884],[-2.4395,42.884],[-2.4375,42.883],[-2.436,42.8845],[-2.4375,42.8875],[-2.437,42.8875],[-2.4355,42.8875],[-2.435,42.8875],[-2.435,42.887],[-2.4315,42.8875],[-2.431,42.888],[-2.431,42.8885],[-2.4305,42.889],[-2.4305,42.8895],[-2.4295,42.8905],[-2.4295,42.891],[-2.4305,42.8915],[-2.4305,42.8925],[-2.4305,42.893],[-2.431,42.8945],[-2.4305,42.8935],[-2.4305,42.893],[-2.4305,42.8925],[-2.4305,42.8915],[-2.4295,42.891],[-2.429,42.891],[-2.4295,42.8905],[-2.4295,42.89],[-2.43,42.8895],[-2.43,42.889],[-2.4305,42.889],[-2.431,42.8885],[-2.431,42.888],[-2.4315,42.8875],[-2.431,42.8875],[-2.43,42.888],[-2.43,42.8875],[-2.431,42.8875],[-2.4315,42.887],[-2.432,42.8865],[-2.4325,42.886],[-2.433,42.886],[-2.4335,42.8855],[-2.4335,42.885],[-2.434,42.885],[-2.434,42.8845],[-2.4345,42.8845],[-2.4345,42.884],[-2.4345,42.883],[-2.436,42.883],[-2.436,42.8825],[-2.436,42.882],[-2.433,42.883],[-2.4325,42.8805],[-2.432,42.88],[-2.4315,42.88],[-2.431,42.88],[-2.432,42.8795],[-2.4335,42.8795],[-2.4335,42.879],[-2.433,42.8785],[-2.433,42.879],[-2.432,42.879],[-2.4315,42.879],[-2.4305,42.879],[-2.4285,42.879],[-2.428,42.879],[-2.4275,42.879],[-2.428,42.879],[-2.4285,42.879],[-2.4305,42.879],[-2.4315,42.879],[-2.432,42.879],[-2.433,42.8785],[-2.4335,42.8785],[-2.4335,42.878],[-2.4335,42.8775],[-2.433,42.8775],[-2.424,42.8775],[-2.4225,42.8815],[-2.4235,42.8825],[-2.422,42.8835],[-2.4225,42.8855],[-2.421,42.8855],[-2.421,42.8845],[-2.4205,42.8845],[-2.42,42.8845],[-2.4175,42.884],[-2.4175,42.8825],[-2.418,42.882],[-2.4175,42.882],[-2.417,42.882],[-2.4165,42.882],[-2.4145,42.884],[-2.415,42.884],[-2.4145,42.884],[-2.4135,42.8835],[-2.4115,42.8825],[-2.411,42.8825],[-2.412,42.882],[-2.413,42.8815],[-2.4115,42.8785],[-2.411,42.8785],[-2.4095,42.878],[-2.41,42.878],[-2.4115,42.878],[-2.4135,42.878],[-2.4135,42.8775],[-2.4135,42.877],[-2.413,42.8765],[-2.4125,42.877],[-2.4095,42.8775],[-2.4085,42.878],[-2.4055,42.878],[-2.405,42.878],[-2.4045,42.878],[-2.4045,42.8775],[-2.4025,42.8785],[-2.405,42.879],[-2.4055,42.8795],[-2.406,42.88],[-2.4065,42.88],[-2.407,42.88],[-2.408,42.88],[-2.4085,42.8805],[-2.409,42.8805],[-2.409,42.881],[-2.4095,42.881],[-2.411,42.8815],[-2.4105,42.882],[-2.4095,42.8815],[-2.409,42.881],[-2.4085,42.8805],[-2.408,42.8805],[-2.408,42.88],[-2.407,42.88],[-2.406,42.8805],[-2.4055,42.881],[-2.4055,42.8815],[-2.4095,42.8835],[-2.411,42.8845],[-2.412,42.8855],[-2.4125,42.886],[-2.411,42.8875],[-2.412,42.8875],[-2.413,42.8875],[-2.414,42.888],[-2.4145,42.888],[-2.415,42.888],[-2.415,42.8875],[-2.4165,42.8875],[-2.417,42.888],[-2.418,42.888],[-2.4185,42.888],[-2.419,42.888],[-2.4195,42.888],[-2.42,42.888],[-2.4205,42.8885],[-2.4205,42.889],[-2.421,42.889],[-2.4215,42.8895],[-2.421,42.8895],[-2.419,42.888],[-2.418,42.888],[-2.4165,42.888],[-2.4165,42.8875],[-2.415,42.888],[-2.414,42.888],[-2.413,42.8875],[-2.412,42.8875],[-2.411,42.8875],[-2.413,42.8885],[-2.413,42.889],[-2.415,42.889],[-2.416,42.889],[-2.416,42.8895],[-2.4165,42.8895],[-2.417,42.8895],[-2.4165,42.8895],[-2.416,42.8895],[-2.416,42.889],[-2.413,42.889],[-2.4135,42.8925],[-2.415,42.8925],[-2.4155,42.8925],[-2.416,42.893],[-2.4165,42.893],[-2.4175,42.893],[-2.417,42.893],[-2.4165,42.8935],[-2.4175,42.8935],[-2.418,42.8935],[-2.4185,42.894],[-2.419,42.894],[-2.4195,42.894],[-2.4195,42.8945],[-2.4215,42.894],[-2.4215,42.8955],[-2.421,42.8965],[-2.422,42.899],[-2.422,42.8985],[-2.4225,42.898],[-2.4235,42.897],[-2.4245,42.8965],[-2.4245,42.897],[-2.422,42.8985],[-2.4225,42.8985],[-2.423,42.8985],[-2.4245,42.8985],[-2.4255,42.8985],[-2.426,42.8985],[-2.4255,42.8985],[-2.4245,42.8985],[-2.423,42.8985],[-2.423,42.8995],[-2.4235,42.9005],[-2.4245,42.9],[-2.4265,42.9005],[-2.427,42.9005],[-2.4275,42.901],[-2.429,42.901],[-2.4295,42.901],[-2.4295,42.9015],[-2.4285,42.9015],[-2.429,42.901],[-2.4275,42.901],[-2.427,42.9005],[-2.4265,42.9005],[-2.4255,42.9005],[-2.4255,42.901],[-2.425,42.901],[-2.4245,42.901],[-2.4235,42.9005],[-2.423,42.901],[-2.4225,42.9015],[-2.4235,42.905],[-2.424,42.905],[-2.4245,42.9045],[-2.425,42.904],[-2.4255,42.904],[-2.426,42.9035],[-2.4265,42.903],[-2.427,42.903],[-2.427,42.9025],[-2.427,42.903],[-2.4265,42.903],[-2.426,42.9035],[-2.426,42.904],[-2.426,42.9045],[-2.4255,42.905],[-2.426,42.905],[-2.4265,42.905],[-2.426,42.905],[-2.426,42.9055],[-2.426,42.906],[-2.4255,42.906],[-2.425,42.906],[-2.425,42.9065],[-2.426,42.908],[-2.4265,42.908],[-2.426,42.9085],[-2.4255,42.9085],[-2.4255,42.9115],[-2.4275,42.912],[-2.4285,42.912],[-2.4295,42.9115],[-2.4315,42.911],[-2.4355,42.9095],[-2.436,42.909],[-2.4365,42.909],[-2.4375,42.909],[-2.4355,42.9075],[-2.435,42.907],[-2.4335,42.907],[-2.432,42.9075],[-2.4315,42.9075],[-2.4315,42.908],[-2.431,42.908],[-2.431,42.9085],[-2.4305,42.9085],[-2.43,42.909],[-2.43,42.9085],[-2.4295,42.9085],[-2.4295,42.908],[-2.429,42.9085],[-2.4295,42.908],[-2.429,42.9075],[-2.4295,42.9075],[-2.43,42.9075],[-2.431,42.9075],[-2.431,42.907],[-2.4315,42.9075],[-2.432,42.9075],[-2.432,42.907],[-2.4325,42.907],[-2.433,42.907],[-2.4335,42.907],[-2.435,42.9055],[-2.434,42.9045],[-2.4345,42.905],[-2.433,42.9045],[-2.432,42.904],[-2.432,42.9045],[-2.4315,42.9045],[-2.431,42.9045],[-2.4305,42.905],[-2.43,42.905],[-2.4305,42.905],[-2.431,42.905],[-2.4305,42.9045],[-2.4315,42.9045],[-2.432,42.904],[-2.433,42.9045],[-2.434,42.9045],[-2.435,42.9055],[-2.4355,42.9075],[-2.4365,42.9075],[-2.437,42.908],[-2.4405,42.905],[-2.4415,42.9035],[-2.4445,42.9],[-2.4435,42.9],[-2.4435,42.8995],[-2.443,42.8995],[-2.4415,42.8995]]],[[[-2.4315,43.0865],[-2.432,43.087],[-2.4325,43.087],[-2.433,43.088],[-2.4335,43.0885],[-2.434,43.089],[-2.4345,43.0885],[-2.435,43.0875],[-2.435,43.087],[-2.4355,43.087],[-2.436,43.0865],[-2.4345,43.0855],[-2.4345,43.088],[-2.433,43.084],[-2.4325,43.084],[-2.432,43.084],[-2.4315,43.084],[-2.4305,43.0835],[-2.4295,43.083],[-2.422,43.0765],[-2.4215,43.076],[-2.421,43.076],[-2.4205,43.076],[-2.4195,43.0755],[-2.419,43.075],[-2.4045,43.077],[-2.4065,43.0805],[-2.407,43.081],[-2.406,43.0805],[-2.406,43.0845],[-2.4125,43.085],[-2.417,43.0825],[-2.4185,43.081],[-2.419,43.0815],[-2.4195,43.082],[-2.421,43.083],[-2.4215,43.083],[-2.424,43.0835],[-2.4245,43.0835],[-2.425,43.084],[-2.426,43.0845],[-2.4265,43.0845],[-2.4275,43.0845],[-2.428,43.085],[-2.4275,43.085],[-2.428,43.0855],[-2.4285,43.0855],[-2.431,43.0865],[-2.4315,43.0865]]],[[[-2.4165,43.229],[-2.4205,43.2285],[-2.4205,43.233],[-2.423,43.2305],[-2.422,43.2285],[-2.422,43.229],[-2.4215,43.2285],[-2.4215,43.228],[-2.4215,43.2275],[-2.421,43.2275],[-2.4185,43.2275],[-2.418,43.227],[-2.417,43.227],[-2.4165,43.227],[-2.415,43.226],[-2.4145,43.2255],[-2.412,43.225],[-2.4115,43.2245],[-2.411,43.224],[-2.411,43.2245],[-2.411,43.224],[-2.407,43.228],[-2.407,43.2285],[-2.4035,43.23],[-2.4035,43.2305],[-2.404,43.2305],[-2.4045,43.231],[-2.405,43.231],[-2.405,43.23],[-2.407,43.23],[-2.4075,43.23],[-2.41,43.2305],[-2.411,43.23],[-2.4115,43.23],[-2.412,43.2305],[-2.4125,43.2305],[-2.412,43.2305],[-2.4115,43.2305],[-2.4105,43.2305],[-2.4095,43.2315],[-2.406,43.231],[-2.409,43.2345],[-2.409,43.2365],[-2.4095,43.237],[-2.4105,43.237],[-2.41,43.2375],[-2.4095,43.237],[-2.4085,43.237],[-2.4085,43.2375],[-2.4055,43.24],[-2.407,43.241],[-2.4075,43.241],[-2.408,43.242],[-2.4085,43.242],[-2.4075,43.2425],[-2.4065,43.243],[-2.407,43.2415],[-2.407,43.241],[-2.4065,43.241],[-2.405,43.24],[-2.4025,43.2415],[-2.3985,43.243],[-2.398,43.2435],[-2.3975,43.2435],[-2.3975,43.244],[-2.397,43.244],[-2.3965,43.2445],[-2.397,43.2445],[-2.3955,43.2455],[-2.3945,43.247],[-2.3945,43.2475],[-2.3955,43.2495],[-2.396,43.2495],[-2.3965,43.2495],[-2.3975,43.2495],[-2.3975,43.25],[-2.398,43.25],[-2.3985,43.25],[-2.399,43.2485],[-2.3995,43.249],[-2.4,43.2495],[-2.4005,43.2485],[-2.402,43.2485],[-2.4025,43.2485],[-2.403,43.2485],[-2.4025,43.248],[-2.404,43.248],[-2.403,43.2485],[-2.4035,43.249],[-2.404,43.2485],[-2.405,43.248],[-2.4065,43.246],[-2.4065,43.2455],[-2.4065,43.246],[-2.405,43.2495],[-2.407,43.2505],[-2.4075,43.2495],[-2.4085,43.2485],[-2.4075,43.2495],[-2.407,43.25],[-2.407,43.2505],[-2.41,43.2515],[-2.4125,43.251],[-2.415,43.2515],[-2.4165,43.251],[-2.4175,43.2505],[-2.418,43.2505],[-2.4185,43.25],[-2.4185,43.2465],[-2.42,43.2495],[-2.4205,43.249],[-2.423,43.249],[-2.423,43.2485],[-2.4235,43.2485],[-2.4235,43.248],[-2.4235,43.2475],[-2.423,43.247],[-2.4225,43.2465],[-2.423,43.2465],[-2.423,43.247],[-2.4235,43.2475],[-2.4235,43.248],[-2.424,43.2485],[-2.426,43.2475],[-2.4265,43.247],[-2.427,43.247],[-2.4275,43.2445],[-2.4285,43.241],[-2.4295,43.2395],[-2.431,43.2385],[-2.426,43.236],[-2.4255,43.236],[-2.425,43.236],[-2.423,43.238],[-2.4225,43.237],[-2.4195,43.2345],[-2.419,43.234],[-2.419,43.2335],[-2.418,43.2335],[-2.418,43.233],[-2.414,43.234],[-2.412,43.2335],[-2.4115,43.233],[-2.417,43.233],[-2.4185,43.2295],[-2.418,43.23],[-2.4175,43.23],[-2.418,43.2295],[-2.4175,43.2295],[-2.417,43.229],[-2.4165,43.229]]],[[[-2.4065,42.826],[-2.407,42.821],[-2.405,42.8215],[-2.403,42.8215],[-2.4025,42.8215],[-2.401,42.823],[-2.401,42.8235],[-2.401,42.824],[-2.401,42.8245],[-2.401,42.825],[-2.4005,42.8255],[-2.4005,42.826],[-2.401,42.8265],[-2.4015,42.827],[-2.4015,42.8275],[-2.402,42.8275],[-2.402,42.828],[-2.4025,42.828],[-2.4025,42.8285],[-2.403,42.829],[-2.403,42.8295],[-2.4035,42.8295],[-2.4035,42.83],[-2.404,42.83],[-2.405,42.83],[-2.4055,42.83],[-2.4055,42.8295],[-2.4055,42.829],[-2.406,42.8285],[-2.4065,42.8285],[-2.4065,42.828],[-2.407,42.828],[-2.407,42.8275],[-2.4065,42.8265],[-2.4065,42.826]]],[[[-2.405,42.8355],[-2.406,42.8345],[-2.406,42.834],[-2.406,42.8335],[-2.4055,42.832],[-2.4055,42.8315],[-2.405,42.831],[-2.4045,42.83],[-2.404,42.83],[-2.4035,42.83],[-2.4035,42.8295],[-2.403,42.8295],[-2.403,42.8305],[-2.4,42.83],[-2.3995,42.83],[-2.3995,42.8305],[-2.399,42.8305],[-2.3985,42.8305],[-2.3965,42.832],[-2.3955,42.8325],[-2.395,42.833],[-2.395,42.8335],[-2.3945,42.8335],[-2.3945,42.834],[-2.394,42.834],[-2.394,42.8345],[-2.394,42.835],[-2.394,42.8355],[-2.394,42.836],[-2.3945,42.836],[-2.395,42.836],[-2.395,42.8365],[-2.3955,42.8365],[-2.396,42.8365],[-2.396,42.837],[-2.3965,42.837],[-2.3965,42.8375],[-2.397,42.8375],[-2.397,42.838],[-2.397,42.8385],[-2.3975,42.838],[-2.398,42.838],[-2.3985,42.838],[-2.399,42.8375],[-2.3995,42.8375],[-2.3995,42.837],[-2.4,42.8365],[-2.3995,42.836],[-2.3995,42.8355],[-2.399,42.8355],[-2.3995,42.835],[-2.3995,42.8345],[-2.399,42.8345],[-2.3985,42.834],[-2.398,42.8335],[-2.398,42.833],[-2.3985,42.833],[-2.3985,42.832],[-2.3985,42.833],[-2.398,42.833],[-2.3985,42.834],[-2.399,42.8345],[-2.3995,42.8345],[-2.3995,42.835],[-2.3995,42.8355],[-2.3995,42.836],[-2.4,42.8365],[-2.3995,42.837],[-2.3995,42.8375],[-2.399,42.8375],[-2.3985,42.8375],[-2.3985,42.838],[-2.398,42.838],[-2.3975,42.838],[-2.397,42.8385],[-2.3965,42.839],[-2.3965,42.8395],[-2.3965,42.8405],[-2.3975,42.8405],[-2.398,42.84],[-2.3985,42.84],[-2.399,42.8395],[-2.3995,42.8395],[-2.4,42.839],[-2.4005,42.839],[-2.4015,42.838],[-2.402,42.838],[-2.402,42.8375],[-2.4025,42.8375],[-2.403,42.837],[-2.4035,42.8365],[-2.404,42.8365],[-2.404,42.836],[-2.4045,42.836],[-2.4045,42.8355],[-2.405,42.8355]]],[[[-2.4115,42.937],[-2.4095,42.9325],[-2.409,42.9325],[-2.409,42.932],[-2.4095,42.932],[-2.4095,42.9325],[-2.4095,42.932],[-2.409,42.9315],[-2.4095,42.931],[-2.409,42.9305],[-2.407,42.9285],[-2.4075,42.925],[-2.4065,42.9245],[-2.4035,42.9265],[-2.403,42.9265],[-2.4015,42.9265],[-2.3995,42.925],[-2.399,42.925],[-2.3985,42.9255],[-2.3915,42.9255],[-2.387,42.9305],[-2.386,42.9315],[-2.3835,42.932],[-2.3825,42.9325],[-2.383,42.9325],[-2.3825,42.9325],[-2.382,42.933],[-2.382,42.9335],[-2.3815,42.934],[-2.382,42.935],[-2.3815,42.9365],[-2.3805,42.9385],[-2.38,42.939],[-2.378,42.94],[-2.38,42.9435],[-2.381,42.9435],[-2.3815,42.9435],[-2.3825,42.942],[-2.3825,42.943],[-2.3835,42.9435],[-2.3835,42.944],[-2.3915,42.944],[-2.393,42.9415],[-2.399,42.943],[-2.4055,42.943],[-2.4065,42.9395],[-2.406,42.9395],[-2.4055,42.939],[-2.405,42.939],[-2.404,42.939],[-2.4035,42.939],[-2.4025,42.9385],[-2.402,42.9385],[-2.402,42.938],[-2.4015,42.938],[-2.4,42.9365],[-2.398,42.9375],[-2.3975,42.9375],[-2.3975,42.937],[-2.398,42.9365],[-2.3975,42.937],[-2.4,42.9335],[-2.4,42.933],[-2.404,42.931],[-2.406,42.938],[-2.4035,42.939],[-2.402,42.938],[-2.4035,42.939],[-2.404,42.939],[-2.405,42.939],[-2.4055,42.939],[-2.406,42.9395],[-2.4065,42.9395],[-2.4065,42.94],[-2.406,42.9405],[-2.4065,42.9415],[-2.4055,42.943],[-2.405,42.944],[-2.403,42.945],[-2.3995,42.946],[-2.3965,42.946],[-2.3965,42.949],[-2.406,42.95],[-2.4105,42.947],[-2.4125,42.9405],[-2.4115,42.937]]],[[[-2.4175,42.944],[-2.4155,42.9365],[-2.4165,42.9305],[-2.4165,42.93],[-2.416,42.93],[-2.4155,42.9305],[-2.4115,42.9305],[-2.4105,42.9275],[-2.4105,42.927],[-2.408,42.925],[-2.408,42.9255],[-2.408,42.928],[-2.4095,42.9305],[-2.4095,42.931],[-2.409,42.9315],[-2.4095,42.932],[-2.4095,42.9325],[-2.4115,42.937],[-2.4125,42.9405],[-2.412,42.9475],[-2.4155,42.954],[-2.4205,42.9485],[-2.4205,42.948],[-2.42,42.9475],[-2.4195,42.9465],[-2.4175,42.949],[-2.415,42.9445],[-2.4175,42.944]]],[[[-2.41,43.047],[-2.4095,43.047],[-2.4105,43.0455],[-2.4105,43.0445],[-2.41,43.0425],[-2.4115,43.042],[-2.4105,43.0415],[-2.409,43.041],[-2.408,43.0415],[-2.408,43.042],[-2.4085,43.042],[-2.408,43.043],[-2.408,43.044],[-2.408,43.0445],[-2.4075,43.0445],[-2.408,43.045],[-2.408,43.0455],[-2.4075,43.0455],[-2.407,43.046],[-2.407,43.0465],[-2.4065,43.0465],[-2.4065,43.047],[-2.406,43.047],[-2.4055,43.0475],[-2.4055,43.048],[-2.405,43.048],[-2.404,43.049],[-2.4035,43.049],[-2.403,43.049],[-2.4025,43.0495],[-2.4015,43.05],[-2.401,43.05],[-2.401,43.0505],[-2.4,43.0505],[-2.3995,43.0505],[-2.3995,43.051],[-2.399,43.051],[-2.399,43.0515],[-2.3985,43.0515],[-2.398,43.052],[-2.3975,43.053],[-2.397,43.053],[-2.3965,43.0535],[-2.396,43.0535],[-2.3955,43.055],[-2.395,43.0565],[-2.395,43.057],[-2.3945,43.057],[-2.3925,43.0575],[-2.392,43.0575],[-2.3925,43.0575],[-2.3945,43.057],[-2.395,43.057],[-2.395,43.0565],[-2.3955,43.055],[-2.396,43.0535],[-2.3965,43.0535],[-2.397,43.053],[-2.3975,43.053],[-2.398,43.052],[-2.3985,43.0515],[-2.399,43.051],[-2.3995,43.051],[-2.3995,43.0505],[-2.4,43.0505],[-2.401,43.0505],[-2.401,43.05],[-2.4015,43.05],[-2.4025,43.0495],[-2.4025,43.049],[-2.403,43.049],[-2.4035,43.049],[-2.404,43.049],[-2.405,43.048],[-2.4055,43.0475],[-2.406,43.047],[-2.4065,43.047],[-2.4065,43.0465],[-2.407,43.0465],[-2.407,43.046],[-2.4075,43.0455],[-2.408,43.0455],[-2.4075,43.045],[-2.4075,43.0445],[-2.408,43.044],[-2.408,43.043],[-2.408,43.0415],[-2.4075,43.041],[-2.407,43.0405],[-2.4055,43.04],[-2.4055,43.0405],[-2.404,43.04],[-2.4035,43.0405],[-2.4075,43.0425],[-2.4025,43.046],[-2.401,43.0455],[-2.3985,43.05],[-2.3885,43.0555],[-2.377,43.057],[-2.376,43.06],[-2.38,43.0655],[-2.373,43.0715],[-2.3735,43.0715],[-2.369,43.075],[-2.37,43.079],[-2.37,43.0795],[-2.372,43.0815],[-2.372,43.082],[-2.3715,43.0815],[-2.3705,43.082],[-2.371,43.0825],[-2.3715,43.0825],[-2.3715,43.083],[-2.372,43.083],[-2.374,43.0835],[-2.3735,43.082],[-2.375,43.082],[-2.3745,43.0825],[-2.3745,43.083],[-2.3745,43.0835],[-2.376,43.084],[-2.378,43.085],[-2.376,43.0845],[-2.376,43.084],[-2.373,43.0855],[-2.373,43.086],[-2.3735,43.086],[-2.3735,43.0865],[-2.3745,43.0875],[-2.3745,43.088],[-2.375,43.088],[-2.377,43.09],[-2.3805,43.0885],[-2.3805,43.0855],[-2.38,43.0825],[-2.3855,43.077],[-2.3875,43.0755],[-2.388,43.0755],[-2.3885,43.0755],[-2.389,43.0755],[-2.3895,43.0755],[-2.39,43.0755],[-2.39,43.076],[-2.394,43.0755],[-2.3925,43.077],[-2.392,43.077],[-2.3915,43.077],[-2.3935,43.0795],[-2.397,43.0755],[-2.4005,43.0755],[-2.4005,43.076],[-2.401,43.076],[-2.4015,43.076],[-2.402,43.076],[-2.402,43.0765],[-2.4045,43.0755],[-2.409,43.0755],[-2.4085,43.075],[-2.409,43.075],[-2.409,43.0755],[-2.41,43.075],[-2.4165,43.0735],[-2.4175,43.0735],[-2.4165,43.0735],[-2.419,43.075],[-2.421,43.076],[-2.4215,43.076],[-2.422,43.076],[-2.4225,43.0765],[-2.425,43.0725],[-2.428,43.0705],[-2.4285,43.0705],[-2.429,43.07],[-2.4295,43.07],[-2.4295,43.0695],[-2.4295,43.069],[-2.43,43.069],[-2.4305,43.069],[-2.43,43.0695],[-2.4295,43.0695],[-2.4295,43.07],[-2.4295,43.0705],[-2.429,43.0705],[-2.4285,43.0705],[-2.428,43.0705],[-2.4275,43.0715],[-2.4315,43.0705],[-2.4365,43.066],[-2.436,43.0655],[-2.4355,43.0655],[-2.435,43.066],[-2.4345,43.066],[-2.434,43.066],[-2.4335,43.0665],[-2.433,43.0665],[-2.4335,43.0665],[-2.4335,43.066],[-2.434,43.066],[-2.4345,43.0655],[-2.4355,43.065],[-2.4345,43.0645],[-2.423,43.07],[-2.422,43.0705],[-2.42,43.0715],[-2.42,43.071],[-2.4205,43.0705],[-2.421,43.0705],[-2.4215,43.0705],[-2.4215,43.07],[-2.422,43.0705],[-2.4225,43.0695],[-2.427,43.0645],[-2.424,43.0655],[-2.4235,43.0655],[-2.422,43.067],[-2.4215,43.068],[-2.421,43.0685],[-2.421,43.068],[-2.42,43.069],[-2.4195,43.069],[-2.419,43.0695],[-2.4185,43.0695],[-2.4185,43.07],[-2.42,43.072],[-2.417,43.073],[-2.416,43.07],[-2.417,43.0685],[-2.417,43.068],[-2.4175,43.068],[-2.4175,43.0675],[-2.4205,43.064],[-2.421,43.0635],[-2.421,43.062],[-2.423,43.0615],[-2.423,43.061],[-2.4235,43.061],[-2.4245,43.0585],[-2.4255,43.0545],[-2.4255,43.0535],[-2.4245,43.053],[-2.424,43.0535],[-2.4235,43.056],[-2.4225,43.056],[-2.422,43.056],[-2.422,43.0565],[-2.4205,43.058],[-2.4195,43.0585],[-2.418,43.0595],[-2.4175,43.06],[-2.417,43.06],[-2.417,43.062],[-2.415,43.0615],[-2.4145,43.0615],[-2.415,43.0615],[-2.4145,43.0615],[-2.4145,43.062],[-2.414,43.062],[-2.414,43.0625],[-2.414,43.063],[-2.4135,43.063],[-2.4135,43.0635],[-2.4135,43.064],[-2.413,43.064],[-2.4125,43.064],[-2.413,43.065],[-2.412,43.0645],[-2.412,43.065],[-2.4115,43.065],[-2.4115,43.0645],[-2.4105,43.0645],[-2.4105,43.065],[-2.411,43.065],[-2.4105,43.065],[-2.41,43.0655],[-2.408,43.0655],[-2.4075,43.066],[-2.407,43.066],[-2.4045,43.067],[-2.404,43.0675],[-2.4035,43.0675],[-2.4035,43.068],[-2.403,43.068],[-2.4025,43.068],[-2.402,43.068],[-2.3985,43.069],[-2.4,43.0675],[-2.403,43.0675],[-2.4035,43.0675],[-2.404,43.067],[-2.407,43.0655],[-2.4075,43.0655],[-2.408,43.0655],[-2.4105,43.065],[-2.4105,43.0645],[-2.4115,43.0645],[-2.412,43.064],[-2.4125,43.064],[-2.413,43.0635],[-2.413,43.063],[-2.4135,43.063],[-2.414,43.063],[-2.414,43.0625],[-2.414,43.062],[-2.4145,43.0615],[-2.415,43.0615],[-2.415,43.061],[-2.4155,43.061],[-2.4155,43.0605],[-2.416,43.0605],[-2.4165,43.06],[-2.4165,43.0595],[-2.416,43.059],[-2.4175,43.0595],[-2.418,43.059],[-2.4185,43.059],[-2.4185,43.0585],[-2.4195,43.058],[-2.4155,43.055],[-2.415,43.054],[-2.4145,43.054],[-2.414,43.054],[-2.413,43.054],[-2.4125,43.0545],[-2.4115,43.0555],[-2.411,43.0555],[-2.4095,43.0595],[-2.406,43.062],[-2.405,43.062],[-2.4045,43.062],[-2.4035,43.062],[-2.394,43.0675],[-2.394,43.069],[-2.3975,43.0725],[-2.397,43.0725],[-2.399,43.0735],[-2.3945,43.074],[-2.3855,43.066],[-2.3865,43.062],[-2.388,43.0605],[-2.388,43.061],[-2.3935,43.0645],[-2.3975,43.0635],[-2.398,43.062],[-2.399,43.06],[-2.3975,43.0575],[-2.3985,43.0565],[-2.399,43.0565],[-2.3985,43.0575],[-2.4005,43.058],[-2.401,43.057],[-2.4015,43.0565],[-2.402,43.0565],[-2.4045,43.0535],[-2.4065,43.0535],[-2.4065,43.053],[-2.405,43.051],[-2.408,43.0515],[-2.4085,43.0495],[-2.4075,43.048],[-2.409,43.048],[-2.4105,43.049],[-2.41,43.047]]],[[[-2.402,43.0895],[-2.396,43.088],[-2.3955,43.0885],[-2.3955,43.089],[-2.3945,43.0905],[-2.394,43.091],[-2.394,43.0915],[-2.394,43.092],[-2.3935,43.0965],[-2.393,43.097],[-2.393,43.0975],[-2.393,43.098],[-2.393,43.0985],[-2.3925,43.0995],[-2.392,43.1],[-2.3935,43.1015],[-2.3955,43.102],[-2.3965,43.101],[-2.3965,43.1005],[-2.397,43.1],[-2.3965,43.1005],[-2.3965,43.101],[-2.4015,43.107],[-2.4035,43.107],[-2.409,43.105],[-2.4095,43.1045],[-2.41,43.1045],[-2.4115,43.105],[-2.412,43.105],[-2.4095,43.1015],[-2.409,43.1015],[-2.407,43.101],[-2.4065,43.1005],[-2.406,43.098],[-2.4065,43.098],[-2.407,43.0985],[-2.407,43.099],[-2.4075,43.099],[-2.4075,43.0985],[-2.407,43.098],[-2.4075,43.0965],[-2.408,43.096],[-2.4035,43.0975],[-2.4035,43.097],[-2.4025,43.098],[-2.402,43.099],[-2.402,43.0995],[-2.403,43.0995],[-2.404,43.1],[-2.4045,43.1005],[-2.4055,43.101],[-2.404,43.102],[-2.4035,43.102],[-2.4035,43.1015],[-2.4035,43.101],[-2.401,43.1025],[-2.4005,43.1025],[-2.401,43.101],[-2.4015,43.099],[-2.402,43.098],[-2.402,43.0975],[-2.403,43.096],[-2.403,43.0955],[-2.402,43.0895]]],[[[-2.42,43.1355],[-2.4205,43.135],[-2.4215,43.132],[-2.421,43.132],[-2.4205,43.1315],[-2.42,43.1315],[-2.4195,43.1315],[-2.4185,43.1315],[-2.4185,43.131],[-2.418,43.131],[-2.4175,43.131],[-2.417,43.131],[-2.4175,43.131],[-2.4165,43.131],[-2.416,43.131],[-2.4155,43.1305],[-2.415,43.1305],[-2.4145,43.1305],[-2.414,43.1305],[-2.413,43.13],[-2.4125,43.13],[-2.412,43.13],[-2.4115,43.13],[-2.4105,43.13],[-2.41,43.13],[-2.4095,43.13],[-2.409,43.13],[-2.4085,43.1305],[-2.408,43.1305],[-2.4075,43.1305],[-2.4055,43.1305],[-2.4055,43.131],[-2.4045,43.1325],[-2.404,43.1355],[-2.406,43.135],[-2.4045,43.133],[-2.408,43.134],[-2.407,43.134],[-2.409,43.1375],[-2.41,43.1375],[-2.409,43.138],[-2.408,43.137],[-2.408,43.1365],[-2.4075,43.1365],[-2.407,43.1365],[-2.4065,43.1365],[-2.406,43.136],[-2.405,43.136],[-2.4045,43.136],[-2.404,43.136],[-2.4035,43.136],[-2.402,43.1365],[-2.4015,43.1365],[-2.402,43.1355],[-2.403,43.1355],[-2.403,43.1345],[-2.4,43.131],[-2.3985,43.131],[-2.399,43.131],[-2.398,43.1325],[-2.398,43.132],[-2.3965,43.131],[-2.397,43.131],[-2.3975,43.1315],[-2.398,43.1315],[-2.3985,43.131],[-2.4,43.131],[-2.4005,43.131],[-2.401,43.131],[-2.402,43.1305],[-2.4045,43.13],[-2.404,43.1305],[-2.4035,43.1305],[-2.403,43.131],[-2.4035,43.131],[-2.404,43.131],[-2.4045,43.1305],[-2.4055,43.1305],[-2.4075,43.1305],[-2.408,43.1305],[-2.4085,43.1305],[-2.409,43.13],[-2.4095,43.13],[-2.41,43.13],[-2.4105,43.13],[-2.4115,43.13],[-2.412,43.13],[-2.4125,43.13],[-2.4125,43.1295],[-2.4145,43.1275],[-2.4125,43.1265],[-2.414,43.1265],[-2.411,43.125],[-2.41,43.1255],[-2.408,43.125],[-2.4075,43.125],[-2.407,43.125],[-2.406,43.1255],[-2.406,43.125],[-2.4055,43.1245],[-2.403,43.124],[-2.4025,43.124],[-2.4,43.123],[-2.3995,43.1235],[-2.399,43.1235],[-2.3985,43.1235],[-2.398,43.1235],[-2.398,43.124],[-2.3975,43.124],[-2.397,43.124],[-2.3965,43.124],[-2.396,43.124],[-2.3955,43.124],[-2.3955,43.1235],[-2.396,43.1235],[-2.3915,43.124],[-2.391,43.124],[-2.391,43.1235],[-2.3905,43.1235],[-2.389,43.126],[-2.389,43.1265],[-2.3895,43.127],[-2.3895,43.1275],[-2.39,43.128],[-2.39,43.1285],[-2.3895,43.128],[-2.389,43.128],[-2.389,43.1275],[-2.388,43.127],[-2.387,43.127],[-2.3865,43.127],[-2.3855,43.127],[-2.3845,43.127],[-2.3825,43.1275],[-2.382,43.1275],[-2.3775,43.1275],[-2.3785,43.128],[-2.38,43.128],[-2.383,43.128],[-2.383,43.1285],[-2.379,43.1285],[-2.3795,43.129],[-2.3775,43.1285],[-2.377,43.1285],[-2.376,43.129],[-2.3755,43.1295],[-2.3745,43.129],[-2.3735,43.1295],[-2.372,43.13],[-2.3715,43.1305],[-2.371,43.1315],[-2.3715,43.1325],[-2.3715,43.133],[-2.372,43.1335],[-2.3725,43.135],[-2.3725,43.136],[-2.3755,43.1395],[-2.376,43.14],[-2.37,43.141],[-2.3685,43.1415],[-2.37,43.1385],[-2.368,43.14],[-2.3675,43.14],[-2.367,43.14],[-2.367,43.1425],[-2.368,43.143],[-2.3685,43.1425],[-2.369,43.143],[-2.369,43.1435],[-2.3685,43.1435],[-2.3675,43.145],[-2.371,43.1445],[-2.3705,43.145],[-2.3695,43.1455],[-2.371,43.1465],[-2.3725,43.1475],[-2.3735,43.1495],[-2.3765,43.1505],[-2.3755,43.152],[-2.375,43.152],[-2.374,43.1515],[-2.3735,43.1515],[-2.373,43.1515],[-2.372,43.151],[-2.373,43.152],[-2.3735,43.152],[-2.372,43.1515],[-2.3725,43.156],[-2.3735,43.156],[-2.369,43.1595],[-2.3655,43.163],[-2.3745,43.164],[-2.3755,43.168],[-2.3735,43.1665],[-2.374,43.1715],[-2.377,43.1705],[-2.3775,43.167],[-2.377,43.167],[-2.3775,43.167],[-2.3785,43.1625],[-2.3795,43.162],[-2.3795,43.1625],[-2.38,43.163],[-2.381,43.163],[-2.383,43.1645],[-2.383,43.1635],[-2.383,43.164],[-2.3825,43.163],[-2.383,43.163],[-2.3835,43.1625],[-2.383,43.162],[-2.383,43.1615],[-2.3835,43.1615],[-2.384,43.162],[-2.3865,43.1615],[-2.3875,43.162],[-2.383,43.167],[-2.385,43.1685],[-2.39,43.169],[-2.39,43.1695],[-2.393,43.1705],[-2.39,43.17],[-2.3895,43.17],[-2.387,43.172],[-2.386,43.1695],[-2.385,43.1695],[-2.382,43.1705],[-2.3825,43.1705],[-2.3825,43.171],[-2.3825,43.1715],[-2.3835,43.1725],[-2.3855,43.1735],[-2.3865,43.1735],[-2.39,43.1735],[-2.3905,43.1735],[-2.391,43.1735],[-2.391,43.174],[-2.3905,43.174],[-2.391,43.174],[-2.392,43.174],[-2.3925,43.174],[-2.3925,43.1735],[-2.393,43.1735],[-2.393,43.173],[-2.393,43.1725],[-2.393,43.173],[-2.395,43.1735],[-2.3965,43.1735],[-2.3965,43.173],[-2.3985,43.1715],[-2.3985,43.171],[-2.399,43.1695],[-2.3975,43.169],[-2.397,43.169],[-2.3965,43.169],[-2.396,43.169],[-2.3955,43.1685],[-2.395,43.1685],[-2.394,43.168],[-2.393,43.1685],[-2.394,43.168],[-2.3945,43.168],[-2.3955,43.1675],[-2.3955,43.167],[-2.3955,43.1665],[-2.396,43.1665],[-2.396,43.167],[-2.3955,43.1675],[-2.395,43.168],[-2.396,43.168],[-2.397,43.1685],[-2.3975,43.168],[-2.398,43.168],[-2.401,43.1675],[-2.398,43.1595],[-2.398,43.159],[-2.3975,43.158],[-2.396,43.155],[-2.3965,43.155],[-2.394,43.1545],[-2.3925,43.1535],[-2.3925,43.153],[-2.391,43.1525],[-2.391,43.153],[-2.3905,43.153],[-2.3905,43.1525],[-2.3895,43.1515],[-2.3885,43.152],[-2.388,43.152],[-2.3875,43.152],[-2.387,43.152],[-2.387,43.1525],[-2.3865,43.153],[-2.3855,43.153],[-2.3855,43.1535],[-2.385,43.1535],[-2.3845,43.1535],[-2.384,43.1535],[-2.382,43.1545],[-2.381,43.155],[-2.3805,43.1555],[-2.381,43.1555],[-2.3805,43.156],[-2.3805,43.1555],[-2.379,43.1575],[-2.3785,43.158],[-2.3785,43.1585],[-2.378,43.159],[-2.378,43.1595],[-2.377,43.161],[-2.378,43.1595],[-2.378,43.159],[-2.3785,43.158],[-2.3795,43.1565],[-2.3805,43.1555],[-2.381,43.155],[-2.3805,43.155],[-2.381,43.155],[-2.382,43.1545],[-2.384,43.1535],[-2.3845,43.1535],[-2.385,43.1535],[-2.3855,43.153],[-2.3865,43.153],[-2.387,43.1525],[-2.387,43.152],[-2.3875,43.152],[-2.388,43.152],[-2.3885,43.1515],[-2.388,43.1505],[-2.3875,43.149],[-2.386,43.147],[-2.3835,43.1445],[-2.3835,43.144],[-2.3835,43.1445],[-2.3865,43.147],[-2.386,43.147],[-2.3875,43.149],[-2.388,43.1505],[-2.389,43.1515],[-2.3895,43.1515],[-2.3905,43.152],[-2.3905,43.1525],[-2.3905,43.153],[-2.391,43.153],[-2.391,43.1525],[-2.3925,43.153],[-2.394,43.1545],[-2.3965,43.155],[-2.3995,43.1535],[-2.396,43.1505],[-2.396,43.15],[-2.3955,43.15],[-2.395,43.1495],[-2.3945,43.1495],[-2.394,43.149],[-2.3925,43.146],[-2.392,43.1455],[-2.3925,43.1455],[-2.398,43.146],[-2.4,43.147],[-2.4005,43.147],[-2.402,43.1525],[-2.4045,43.152],[-2.404,43.1515],[-2.4035,43.151],[-2.404,43.151],[-2.405,43.1515],[-2.407,43.1515],[-2.407,43.151],[-2.4065,43.151],[-2.4065,43.1505],[-2.4055,43.1505],[-2.4045,43.1505],[-2.4035,43.1505],[-2.4035,43.15],[-2.4045,43.15],[-2.4055,43.15],[-2.4025,43.1475],[-2.4025,43.147],[-2.402,43.1465],[-2.403,43.1445],[-2.405,43.145],[-2.4055,43.1445],[-2.41,43.15],[-2.4105,43.15],[-2.4105,43.1495],[-2.4115,43.146],[-2.414,43.143],[-2.4145,43.1425],[-2.413,43.1415],[-2.412,43.1415],[-2.412,43.141],[-2.415,43.139],[-2.415,43.1395],[-2.416,43.14],[-2.4165,43.1395],[-2.4175,43.139],[-2.4175,43.1385],[-2.418,43.1385],[-2.418,43.138],[-2.4175,43.138],[-2.4185,43.137],[-2.419,43.137],[-2.4195,43.1365],[-2.42,43.1365],[-2.4205,43.1365],[-2.4205,43.136],[-2.42,43.136],[-2.42,43.1355]]],[[[-2.4355,43.194],[-2.436,43.194],[-2.435,43.1935],[-2.435,43.193],[-2.4325,43.192],[-2.4295,43.1915],[-2.429,43.192],[-2.429,43.1915],[-2.4265,43.193],[-2.426,43.1935],[-2.426,43.193],[-2.4255,43.193],[-2.4265,43.193],[-2.429,43.1915],[-2.4295,43.1915],[-2.4295,43.1895],[-2.429,43.1885],[-2.4285,43.184],[-2.4245,43.1825],[-2.422,43.1825],[-2.4225,43.1825],[-2.423,43.1825],[-2.4225,43.183],[-2.4225,43.1825],[-2.4215,43.1825],[-2.4205,43.183],[-2.4215,43.183],[-2.4195,43.183],[-2.417,43.186],[-2.4165,43.1845],[-2.4165,43.185],[-2.4165,43.1845],[-2.412,43.185],[-2.412,43.1855],[-2.412,43.185],[-2.4165,43.1845],[-2.4095,43.181],[-2.4065,43.178],[-2.406,43.178],[-2.4055,43.178],[-2.405,43.178],[-2.4055,43.1805],[-2.406,43.18],[-2.4065,43.18],[-2.4065,43.1815],[-2.4075,43.1825],[-2.408,43.1825],[-2.4095,43.1835],[-2.41,43.1835],[-2.4095,43.1835],[-2.41,43.1835],[-2.4105,43.1835],[-2.4095,43.185],[-2.408,43.186],[-2.4075,43.1875],[-2.4055,43.1875],[-2.41,43.1915],[-2.4115,43.1915],[-2.412,43.192],[-2.4125,43.192],[-2.413,43.1915],[-2.413,43.192],[-2.4135,43.192],[-2.4145,43.192],[-2.415,43.1925],[-2.415,43.193],[-2.4145,43.193],[-2.414,43.1925],[-2.413,43.1925],[-2.4105,43.192],[-2.401,43.1885],[-2.389,43.187],[-2.3815,43.1825],[-2.37,43.1795],[-2.377,43.186],[-2.378,43.1885],[-2.3775,43.1955],[-2.3835,43.1975],[-2.384,43.1975],[-2.387,43.1965],[-2.3875,43.196],[-2.39,43.1965],[-2.39,43.196],[-2.391,43.195],[-2.388,43.194],[-2.39,43.1925],[-2.3925,43.196],[-2.394,43.1975],[-2.393,43.1975],[-2.394,43.1985],[-2.3945,43.1985],[-2.395,43.1985],[-2.3955,43.1985],[-2.396,43.1985],[-2.397,43.199],[-2.3975,43.199],[-2.3975,43.2],[-2.399,43.199],[-2.3975,43.1985],[-2.4025,43.1965],[-2.402,43.2005],[-2.4025,43.2],[-2.4025,43.1995],[-2.4045,43.202],[-2.404,43.2025],[-2.4045,43.2025],[-2.405,43.202],[-2.4085,43.199],[-2.409,43.1995],[-2.4165,43.202],[-2.418,43.2045],[-2.4185,43.2045],[-2.419,43.2045],[-2.4275,43.2025],[-2.4285,43.2015],[-2.429,43.2015],[-2.433,43.1985],[-2.433,43.1975],[-2.435,43.195],[-2.435,43.1945],[-2.435,43.195],[-2.436,43.194],[-2.4355,43.194]]],[[[-2.386,42.7045],[-2.3855,42.706],[-2.3855,42.7065],[-2.3855,42.707],[-2.386,42.707],[-2.386,42.709],[-2.387,42.7085],[-2.388,42.708],[-2.388,42.7075],[-2.389,42.707],[-2.3955,42.7045],[-2.394,42.701],[-2.3935,42.7015],[-2.3935,42.702],[-2.3925,42.7025],[-2.3905,42.7025],[-2.39,42.7025],[-2.388,42.704],[-2.386,42.7045]]],[[[-2.394,42.7345],[-2.3935,42.729],[-2.395,42.7265],[-2.398,42.7225],[-2.4,42.72],[-2.3965,42.713],[-2.3895,42.714],[-2.389,42.714],[-2.378,42.712],[-2.3775,42.7125],[-2.3785,42.713],[-2.379,42.7135],[-2.3795,42.714],[-2.3795,42.7145],[-2.38,42.715],[-2.38,42.7155],[-2.3815,42.716],[-2.3825,42.716],[-2.3795,42.717],[-2.379,42.717],[-2.379,42.7165],[-2.3795,42.7155],[-2.3785,42.7135],[-2.3785,42.713],[-2.3775,42.7125],[-2.3735,42.714],[-2.374,42.715],[-2.3735,42.7195],[-2.3735,42.7225],[-2.373,42.722],[-2.373,42.7225],[-2.3725,42.7225],[-2.3725,42.722],[-2.3725,42.7215],[-2.372,42.725],[-2.3695,42.724],[-2.37,42.7225],[-2.3685,42.7225],[-2.369,42.7245],[-2.372,42.73],[-2.371,42.732],[-2.3705,42.732],[-2.3705,42.733],[-2.37,42.746],[-2.371,42.7445],[-2.3725,42.745],[-2.373,42.745],[-2.3735,42.7445],[-2.379,42.744],[-2.3835,42.7425],[-2.386,42.743],[-2.389,42.7415],[-2.3895,42.7415],[-2.39,42.7415],[-2.39,42.742],[-2.3905,42.742],[-2.391,42.742],[-2.391,42.7415],[-2.3905,42.7415],[-2.391,42.7415],[-2.3915,42.741],[-2.392,42.7395],[-2.394,42.738],[-2.394,42.736],[-2.394,42.7355],[-2.394,42.7345]]],[[[-2.383,42.7425],[-2.39,42.7455],[-2.397,42.744],[-2.395,42.739],[-2.392,42.741],[-2.391,42.7415],[-2.391,42.742],[-2.3905,42.742],[-2.39,42.742],[-2.39,42.7415],[-2.3895,42.7415],[-2.389,42.7415],[-2.386,42.743],[-2.383,42.7425]]],[[[-2.3785,42.8255],[-2.379,42.8315],[-2.3815,42.8335],[-2.3825,42.8345],[-2.382,42.8355],[-2.381,42.8375],[-2.38,42.838],[-2.3815,42.84],[-2.3815,42.8405],[-2.381,42.843],[-2.3805,42.8425],[-2.3815,42.844],[-2.3825,42.844],[-2.383,42.844],[-2.3835,42.844],[-2.388,42.8415],[-2.384,42.835],[-2.383,42.8255],[-2.38,42.8215],[-2.379,42.824],[-2.3785,42.8235],[-2.3785,42.824],[-2.3785,42.8245],[-2.379,42.8245],[-2.379,42.825],[-2.3795,42.825],[-2.379,42.8255],[-2.3785,42.8255]]],[[[-2.3775,42.8325],[-2.375,42.8335],[-2.382,42.835],[-2.3815,42.834],[-2.3785,42.8315],[-2.378,42.8325],[-2.3775,42.8325]]],[[[-2.384,42.9195],[-2.384,42.919],[-2.3865,42.9195],[-2.384,42.918],[-2.3835,42.9175],[-2.375,42.9145],[-2.371,42.9145],[-2.372,42.9155],[-2.371,42.9165],[-2.37,42.921],[-2.3835,42.9205],[-2.3845,42.9195],[-2.384,42.9195]]],[[[-2.3725,42.705],[-2.376,42.7035],[-2.3775,42.7035],[-2.376,42.7035],[-2.379,42.7075],[-2.3805,42.7065],[-2.381,42.7065],[-2.3815,42.706],[-2.383,42.705],[-2.3835,42.705],[-2.384,42.705],[-2.3845,42.705],[-2.385,42.7045],[-2.386,42.7045],[-2.388,42.704],[-2.39,42.7025],[-2.3905,42.7025],[-2.3925,42.7025],[-2.393,42.702],[-2.3935,42.701],[-2.3875,42.697],[-2.3865,42.6975],[-2.385,42.6975],[-2.385,42.6985],[-2.385,42.699],[-2.378,42.6995],[-2.3775,42.7],[-2.3775,42.6995],[-2.378,42.6995],[-2.385,42.699],[-2.385,42.6985],[-2.385,42.6975],[-2.3875,42.697],[-2.387,42.691],[-2.3875,42.6905],[-2.3875,42.69],[-2.3855,42.688],[-2.385,42.688],[-2.385,42.6875],[-2.3845,42.6875],[-2.3845,42.687],[-2.383,42.686],[-2.372,42.69],[-2.3715,42.69],[-2.3715,42.6905],[-2.3695,42.691],[-2.3695,42.6915],[-2.368,42.692],[-2.3675,42.6925],[-2.366,42.692],[-2.3655,42.692],[-2.3645,42.6925],[-2.3645,42.692],[-2.364,42.6925],[-2.3635,42.6925],[-2.363,42.6925],[-2.36,42.693],[-2.3595,42.6935],[-2.3595,42.694],[-2.359,42.694],[-2.356,42.695],[-2.3555,42.695],[-2.355,42.6955],[-2.3545,42.6955],[-2.354,42.6955],[-2.3535,42.696],[-2.3535,42.6965],[-2.353,42.6965],[-2.3525,42.6965],[-2.351,42.6975],[-2.3565,42.703],[-2.3565,42.7025],[-2.3585,42.7025],[-2.359,42.702],[-2.356,42.702],[-2.36,42.698],[-2.3605,42.6985],[-2.3685,42.697],[-2.369,42.6975],[-2.3695,42.6975],[-2.3695,42.698],[-2.364,42.7015],[-2.359,42.702],[-2.36,42.7025],[-2.3605,42.7025],[-2.361,42.703],[-2.3615,42.703],[-2.3605,42.7035],[-2.36,42.7035],[-2.361,42.703],[-2.3605,42.7025],[-2.36,42.7025],[-2.3585,42.7025],[-2.3575,42.7025],[-2.3565,42.7025],[-2.3565,42.703],[-2.3595,42.707],[-2.3595,42.7075],[-2.3625,42.7105],[-2.362,42.7095],[-2.3625,42.709],[-2.37,42.7105],[-2.37,42.711],[-2.37,42.7115],[-2.3705,42.7115],[-2.371,42.7115],[-2.372,42.7115],[-2.3725,42.7115],[-2.373,42.7115],[-2.3735,42.7115],[-2.3755,42.7115],[-2.376,42.7115],[-2.3765,42.7115],[-2.377,42.7115],[-2.3775,42.712],[-2.3775,42.7125],[-2.378,42.712],[-2.3745,42.7105],[-2.374,42.71],[-2.375,42.7085],[-2.377,42.7085],[-2.375,42.7065],[-2.3735,42.706],[-2.3725,42.705]]],[[[-2.3695,42.843],[-2.3655,42.841],[-2.366,42.8435],[-2.3655,42.8435],[-2.365,42.844],[-2.3645,42.845],[-2.3685,42.853],[-2.3695,42.8525],[-2.37,42.852],[-2.3705,42.852],[-2.371,42.852],[-2.371,42.8515],[-2.3715,42.8515],[-2.372,42.8515],[-2.372,42.851],[-2.3725,42.851],[-2.373,42.851],[-2.373,42.8505],[-2.374,42.8505],[-2.374,42.85],[-2.3745,42.85],[-2.375,42.8495],[-2.376,42.849],[-2.377,42.8475],[-2.377,42.847],[-2.3705,42.8435],[-2.369,42.843],[-2.3695,42.843]]],[[[-2.3745,42.9395],[-2.377,42.94],[-2.3785,42.94],[-2.379,42.9395],[-2.38,42.939],[-2.3815,42.9365],[-2.3815,42.934],[-2.382,42.9335],[-2.382,42.933],[-2.3825,42.9325],[-2.3825,42.932],[-2.383,42.932],[-2.386,42.9315],[-2.3875,42.929],[-2.3845,42.924],[-2.381,42.922],[-2.3695,42.924],[-2.3705,42.9315],[-2.366,42.931],[-2.3725,42.9345],[-2.3795,42.934],[-2.3795,42.939],[-2.3745,42.9395]]],[[[-2.403,43.1075],[-2.4,43.107],[-2.3995,43.107],[-2.396,43.1035],[-2.3955,43.1045],[-2.3945,43.1055],[-2.3935,43.105],[-2.3915,43.105],[-2.3915,43.1055],[-2.3915,43.106],[-2.392,43.106],[-2.3925,43.106],[-2.3935,43.106],[-2.3935,43.1065],[-2.396,43.107],[-2.3945,43.107],[-2.3935,43.1065],[-2.3935,43.107],[-2.393,43.107],[-2.393,43.1075],[-2.3925,43.1075],[-2.391,43.107],[-2.3905,43.107],[-2.39,43.107],[-2.39,43.1065],[-2.3905,43.108],[-2.39,43.108],[-2.3875,43.107],[-2.387,43.107],[-2.3875,43.1075],[-2.387,43.109],[-2.387,43.1095],[-2.3865,43.1095],[-2.3865,43.11],[-2.3865,43.1095],[-2.386,43.1075],[-2.385,43.107],[-2.3835,43.107],[-2.383,43.1065],[-2.3795,43.107],[-2.379,43.1075],[-2.3785,43.1075],[-2.378,43.106],[-2.3775,43.1055],[-2.3775,43.105],[-2.377,43.1045],[-2.3765,43.1045],[-2.376,43.1075],[-2.3755,43.108],[-2.375,43.1085],[-2.3745,43.109],[-2.3745,43.1095],[-2.374,43.11],[-2.3735,43.11],[-2.3735,43.1105],[-2.3725,43.1115],[-2.3725,43.112],[-2.372,43.112],[-2.3715,43.1125],[-2.3715,43.113],[-2.3705,43.113],[-2.3705,43.1125],[-2.371,43.1125],[-2.371,43.1115],[-2.372,43.1115],[-2.3725,43.111],[-2.373,43.1105],[-2.374,43.1095],[-2.3745,43.1095],[-2.3745,43.109],[-2.3745,43.1085],[-2.3745,43.108],[-2.375,43.108],[-2.375,43.1075],[-2.375,43.107],[-2.3755,43.1065],[-2.3755,43.1055],[-2.369,43.105],[-2.3755,43.102],[-2.375,43.102],[-2.374,43.1015],[-2.372,43.1],[-2.3705,43.099],[-2.369,43.098],[-2.3655,43.099],[-2.367,43.096],[-2.3665,43.096],[-2.365,43.0965],[-2.3655,43.096],[-2.365,43.0955],[-2.3665,43.095],[-2.3665,43.0955],[-2.367,43.0955],[-2.367,43.095],[-2.367,43.094],[-2.367,43.093],[-2.3655,43.093],[-2.3655,43.0925],[-2.365,43.0925],[-2.365,43.093],[-2.363,43.094],[-2.363,43.0945],[-2.3625,43.0945],[-2.3625,43.095],[-2.362,43.0955],[-2.3615,43.0955],[-2.361,43.0965],[-2.3605,43.0965],[-2.3615,43.097],[-2.3615,43.0975],[-2.3605,43.0975],[-2.3605,43.097],[-2.3595,43.097],[-2.3595,43.0975],[-2.359,43.0975],[-2.3585,43.099],[-2.3585,43.0985],[-2.358,43.0985],[-2.3585,43.098],[-2.359,43.0975],[-2.359,43.097],[-2.3595,43.097],[-2.36,43.097],[-2.3605,43.0965],[-2.361,43.0965],[-2.3615,43.096],[-2.3615,43.0955],[-2.3625,43.095],[-2.3625,43.0945],[-2.363,43.0945],[-2.3635,43.093],[-2.3625,43.093],[-2.362,43.093],[-2.362,43.0935],[-2.3615,43.094],[-2.362,43.094],[-2.362,43.0945],[-2.3615,43.095],[-2.3595,43.096],[-2.3585,43.096],[-2.357,43.0965],[-2.3565,43.097],[-2.35,43.095],[-2.345,43.095],[-2.3465,43.0935],[-2.3465,43.093],[-2.347,43.093],[-2.3445,43.09],[-2.341,43.09],[-2.3425,43.0905],[-2.3425,43.091],[-2.342,43.0915],[-2.342,43.092],[-2.341,43.092],[-2.3415,43.0915],[-2.3415,43.091],[-2.3405,43.092],[-2.34,43.0925],[-2.326,43.0965],[-2.3275,43.0975],[-2.3295,43.0995],[-2.323,43.1005],[-2.3225,43.1015],[-2.3245,43.102],[-2.3235,43.103],[-2.323,43.1025],[-2.322,43.102],[-2.3205,43.104],[-2.32,43.104],[-2.318,43.108],[-2.324,43.113],[-2.3245,43.1125],[-2.3305,43.114],[-2.333,43.111],[-2.334,43.111],[-2.3345,43.111],[-2.335,43.111],[-2.3375,43.112],[-2.3385,43.114],[-2.3435,43.114],[-2.3445,43.114],[-2.346,43.1135],[-2.345,43.114],[-2.3445,43.114],[-2.342,43.1155],[-2.3435,43.1175],[-2.3435,43.1185],[-2.3425,43.1195],[-2.3425,43.12],[-2.3425,43.1205],[-2.345,43.1225],[-2.346,43.123],[-2.3465,43.123],[-2.347,43.123],[-2.348,43.122],[-2.3485,43.1215],[-2.349,43.1215],[-2.35,43.1205],[-2.3505,43.1205],[-2.3505,43.12],[-2.3505,43.1205],[-2.351,43.12],[-2.3515,43.12],[-2.352,43.118],[-2.352,43.1175],[-2.3535,43.116],[-2.3535,43.1115],[-2.3535,43.112],[-2.352,43.115],[-2.3495,43.1175],[-2.3465,43.1195],[-2.3485,43.1175],[-2.3485,43.1165],[-2.3485,43.116],[-2.348,43.1155],[-2.347,43.115],[-2.349,43.1145],[-2.3505,43.1075],[-2.348,43.1045],[-2.3485,43.105],[-2.3535,43.1045],[-2.353,43.106],[-2.355,43.105],[-2.355,43.106],[-2.354,43.107],[-2.3545,43.107],[-2.355,43.107],[-2.3595,43.1065],[-2.36,43.1065],[-2.36,43.107],[-2.3605,43.1065],[-2.3605,43.106],[-2.36,43.1055],[-2.361,43.105],[-2.3655,43.1075],[-2.366,43.1185],[-2.3665,43.1185],[-2.3715,43.119],[-2.3725,43.1155],[-2.375,43.117],[-2.3795,43.1125],[-2.38,43.1095],[-2.38,43.109],[-2.381,43.1085],[-2.381,43.109],[-2.3805,43.1095],[-2.3815,43.1105],[-2.381,43.1105],[-2.3845,43.1105],[-2.3845,43.111],[-2.3845,43.1125],[-2.3885,43.1105],[-2.391,43.1105],[-2.3925,43.1115],[-2.392,43.112],[-2.392,43.113],[-2.3915,43.112],[-2.3905,43.1115],[-2.3845,43.116],[-2.385,43.1165],[-2.3855,43.1165],[-2.3855,43.118],[-2.3795,43.122],[-2.381,43.122],[-2.3815,43.122],[-2.381,43.1215],[-2.381,43.121],[-2.3815,43.121],[-2.3815,43.1215],[-2.382,43.1215],[-2.3845,43.1215],[-2.3845,43.122],[-2.385,43.122],[-2.385,43.1215],[-2.3855,43.1215],[-2.3855,43.121],[-2.3855,43.1205],[-2.386,43.1205],[-2.3865,43.1205],[-2.3865,43.12],[-2.387,43.1195],[-2.3875,43.1195],[-2.388,43.119],[-2.39,43.116],[-2.3905,43.116],[-2.3905,43.1165],[-2.39,43.117],[-2.3885,43.1185],[-2.3895,43.118],[-2.39,43.118],[-2.3905,43.1175],[-2.391,43.1175],[-2.3915,43.117],[-2.3925,43.117],[-2.393,43.117],[-2.3935,43.117],[-2.394,43.117],[-2.3955,43.1165],[-2.396,43.116],[-2.3965,43.1155],[-2.397,43.115],[-2.397,43.1145],[-2.398,43.113],[-2.3985,43.113],[-2.3985,43.1125],[-2.399,43.1125],[-2.3995,43.1115],[-2.3995,43.111],[-2.4,43.111],[-2.4,43.1105],[-2.4005,43.1095],[-2.4005,43.109],[-2.401,43.108],[-2.4005,43.1075],[-2.4015,43.108],[-2.4025,43.108],[-2.4025,43.1075],[-2.403,43.1075]]],[[[-2.376,43.2065],[-2.377,43.205],[-2.377,43.2045],[-2.377,43.204],[-2.3765,43.2035],[-2.372,43.203],[-2.372,43.2025],[-2.3715,43.2025],[-2.37,43.2025],[-2.37,43.203],[-2.369,43.2025],[-2.368,43.2025],[-2.3675,43.2025],[-2.367,43.202],[-2.3665,43.202],[-2.366,43.202],[-2.366,43.2025],[-2.3655,43.2025],[-2.365,43.2025],[-2.3645,43.2025],[-2.364,43.2025],[-2.3635,43.203],[-2.363,43.203],[-2.3625,43.203],[-2.362,43.2035],[-2.3615,43.2035],[-2.361,43.204],[-2.3605,43.204],[-2.364,43.2095],[-2.372,43.2085],[-2.375,43.215],[-2.3755,43.215],[-2.376,43.2155],[-2.3765,43.2155],[-2.377,43.2155],[-2.377,43.216],[-2.3785,43.217],[-2.378,43.215],[-2.3775,43.2145],[-2.377,43.214],[-2.3755,43.2115],[-2.379,43.2115],[-2.388,43.2185],[-2.3835,43.2205],[-2.383,43.22],[-2.3825,43.22],[-2.3825,43.2195],[-2.382,43.2195],[-2.382,43.219],[-2.3815,43.219],[-2.3815,43.2185],[-2.381,43.2185],[-2.3805,43.2185],[-2.3805,43.218],[-2.38,43.218],[-2.3795,43.218],[-2.379,43.2175],[-2.3785,43.217],[-2.377,43.216],[-2.3765,43.216],[-2.376,43.2155],[-2.3755,43.2155],[-2.375,43.2155],[-2.3745,43.215],[-2.374,43.215],[-2.3725,43.214],[-2.372,43.214],[-2.3715,43.214],[-2.371,43.2135],[-2.37,43.2125],[-2.36,43.2115],[-2.362,43.219],[-2.371,43.221],[-2.3655,43.223],[-2.368,43.2245],[-2.3655,43.2255],[-2.3655,43.228],[-2.3655,43.2285],[-2.3655,43.2275],[-2.3655,43.227],[-2.3655,43.2265],[-2.3655,43.226],[-2.3625,43.22],[-2.358,43.219],[-2.3585,43.2245],[-2.357,43.2235],[-2.358,43.217],[-2.355,43.213],[-2.359,43.217],[-2.359,43.2165],[-2.359,43.216],[-2.356,43.211],[-2.347,43.2095],[-2.347,43.21],[-2.347,43.2105],[-2.3475,43.211],[-2.348,43.2115],[-2.348,43.212],[-2.349,43.213],[-2.3475,43.2135],[-2.347,43.216],[-2.3475,43.2195],[-2.348,43.222],[-2.3495,43.224],[-2.35,43.2255],[-2.3515,43.228],[-2.352,43.228],[-2.3595,43.226],[-2.359,43.221],[-2.359,43.2205],[-2.359,43.221],[-2.3605,43.223],[-2.3605,43.2225],[-2.3605,43.223],[-2.3595,43.226],[-2.354,43.23],[-2.354,43.2305],[-2.3545,43.2305],[-2.355,43.231],[-2.355,43.2315],[-2.3555,43.232],[-2.3595,43.231],[-2.3595,43.2305],[-2.36,43.2305],[-2.3605,43.23],[-2.36,43.2305],[-2.3595,43.2305],[-2.3595,43.231],[-2.3565,43.2335],[-2.3555,43.232],[-2.355,43.2325],[-2.355,43.233],[-2.3535,43.2325],[-2.348,43.237],[-2.3505,43.239],[-2.3505,43.2385],[-2.351,43.2385],[-2.352,43.2385],[-2.353,43.2395],[-2.3525,43.238],[-2.354,43.2395],[-2.354,43.242],[-2.354,43.2415],[-2.353,43.2415],[-2.3485,43.243],[-2.3495,43.244],[-2.351,43.246],[-2.3515,43.2465],[-2.355,43.2465],[-2.355,43.247],[-2.3565,43.248],[-2.3565,43.2485],[-2.356,43.2485],[-2.3555,43.2485],[-2.3535,43.249],[-2.353,43.248],[-2.3525,43.248],[-2.352,43.248],[-2.351,43.2465],[-2.3495,43.247],[-2.35,43.247],[-2.349,43.2475],[-2.3485,43.2475],[-2.3525,43.2515],[-2.3535,43.252],[-2.354,43.2525],[-2.355,43.2525],[-2.3565,43.252],[-2.3565,43.253],[-2.355,43.2535],[-2.359,43.2575],[-2.36,43.2575],[-2.36,43.257],[-2.358,43.255],[-2.3575,43.255],[-2.358,43.2545],[-2.3585,43.2545],[-2.3605,43.2565],[-2.3605,43.257],[-2.3605,43.258],[-2.3595,43.258],[-2.3605,43.2595],[-2.361,43.26],[-2.3615,43.26],[-2.3615,43.2605],[-2.3615,43.261],[-2.3625,43.2625],[-2.363,43.2625],[-2.3635,43.263],[-2.364,43.2635],[-2.366,43.265],[-2.3665,43.265],[-2.3675,43.2665],[-2.369,43.2675],[-2.371,43.268],[-2.3715,43.266],[-2.372,43.2655],[-2.372,43.265],[-2.3725,43.265],[-2.3725,43.2645],[-2.373,43.2645],[-2.373,43.264],[-2.3735,43.264],[-2.3745,43.2635],[-2.375,43.2635],[-2.3755,43.2635],[-2.3755,43.263],[-2.376,43.263],[-2.3765,43.2625],[-2.377,43.2625],[-2.377,43.262],[-2.3775,43.2615],[-2.378,43.261],[-2.3785,43.261],[-2.3785,43.2605],[-2.379,43.2605],[-2.381,43.257],[-2.3805,43.257],[-2.378,43.2555],[-2.378,43.255],[-2.3755,43.2515],[-2.372,43.254],[-2.3755,43.251],[-2.377,43.247],[-2.377,43.2465],[-2.3765,43.2465],[-2.3755,43.2455],[-2.3745,43.245],[-2.3745,43.2445],[-2.374,43.2445],[-2.374,43.244],[-2.3735,43.244],[-2.373,43.244],[-2.373,43.2435],[-2.3725,43.243],[-2.371,43.2425],[-2.371,43.242],[-2.3705,43.2415],[-2.37,43.2415],[-2.3695,43.241],[-2.369,43.241],[-2.3685,43.2405],[-2.368,43.2405],[-2.3675,43.2405],[-2.3675,43.24],[-2.367,43.24],[-2.3655,43.2395],[-2.3645,43.239],[-2.3645,43.2385],[-2.364,43.2385],[-2.3635,43.238],[-2.3635,43.2375],[-2.3625,43.2365],[-2.3615,43.2365],[-2.361,43.2365],[-2.361,43.236],[-2.3605,43.236],[-2.36,43.236],[-2.3595,43.2355],[-2.3595,43.236],[-2.3595,43.2355],[-2.36,43.236],[-2.3605,43.236],[-2.361,43.236],[-2.361,43.2365],[-2.3615,43.2365],[-2.3625,43.2365],[-2.367,43.234],[-2.367,43.233],[-2.3675,43.233],[-2.367,43.2335],[-2.367,43.234],[-2.3635,43.2375],[-2.3635,43.238],[-2.364,43.2385],[-2.3645,43.239],[-2.367,43.24],[-2.3725,43.234],[-2.3725,43.2335],[-2.373,43.2335],[-2.3725,43.234],[-2.3685,43.2405],[-2.369,43.241],[-2.3695,43.241],[-2.37,43.2415],[-2.3705,43.2415],[-2.371,43.2415],[-2.3715,43.241],[-2.372,43.2405],[-2.3725,43.24],[-2.373,43.2395],[-2.374,43.2385],[-2.3745,43.238],[-2.375,43.2375],[-2.374,43.239],[-2.373,43.2395],[-2.3725,43.24],[-2.373,43.24],[-2.3725,43.24],[-2.372,43.2405],[-2.3715,43.241],[-2.3725,43.242],[-2.3725,43.243],[-2.373,43.2435],[-2.3735,43.244],[-2.374,43.244],[-2.3745,43.2445],[-2.375,43.2445],[-2.3755,43.244],[-2.3785,43.24],[-2.379,43.2395],[-2.3795,43.239],[-2.3795,43.2385],[-2.3795,43.239],[-2.379,43.2395],[-2.3785,43.24],[-2.3755,43.244],[-2.376,43.244],[-2.375,43.2445],[-2.3745,43.2445],[-2.375,43.2445],[-2.3765,43.2465],[-2.377,43.2465],[-2.3775,43.247],[-2.378,43.2465],[-2.379,43.246],[-2.3795,43.246],[-2.3795,43.245],[-2.3795,43.2445],[-2.3815,43.243],[-2.38,43.242],[-2.38,43.2415],[-2.3805,43.2415],[-2.383,43.242],[-2.382,43.244],[-2.385,43.2445],[-2.385,43.244],[-2.3845,43.244],[-2.385,43.244],[-2.385,43.2445],[-2.386,43.2445],[-2.387,43.245],[-2.3885,43.2445],[-2.3875,43.2445],[-2.387,43.244],[-2.387,43.2435],[-2.3865,43.2425],[-2.3865,43.242],[-2.386,43.2415],[-2.3865,43.242],[-2.3875,43.2425],[-2.387,43.2425],[-2.3865,43.2425],[-2.387,43.2435],[-2.3875,43.244],[-2.388,43.2435],[-2.388,43.243],[-2.388,43.2425],[-2.388,43.243],[-2.388,43.2435],[-2.388,43.243],[-2.3885,43.243],[-2.3885,43.2435],[-2.3885,43.244],[-2.3915,43.242],[-2.381,43.2375],[-2.3755,43.2405],[-2.3755,43.241],[-2.375,43.241],[-2.375,43.2405],[-2.3755,43.2405],[-2.3765,43.2395],[-2.377,43.2395],[-2.378,43.2345],[-2.3775,43.234],[-2.377,43.234],[-2.3755,43.231],[-2.3745,43.231],[-2.3735,43.231],[-2.371,43.2305],[-2.3705,43.2305],[-2.3705,43.23],[-2.37,43.2295],[-2.3695,43.229],[-2.369,43.229],[-2.3675,43.228],[-2.368,43.228],[-2.3685,43.228],[-2.3695,43.2285],[-2.37,43.2285],[-2.3705,43.2295],[-2.371,43.23],[-2.3715,43.2305],[-2.3725,43.2305],[-2.3735,43.2305],[-2.3735,43.231],[-2.3745,43.231],[-2.3765,43.231],[-2.377,43.233],[-2.377,43.2335],[-2.3775,43.234],[-2.378,43.234],[-2.3785,43.234],[-2.379,43.234],[-2.379,43.2345],[-2.385,43.231],[-2.386,43.2305],[-2.386,43.23],[-2.386,43.2305],[-2.3895,43.232],[-2.3895,43.2315],[-2.39,43.231],[-2.393,43.2295],[-2.393,43.229],[-2.384,43.2275],[-2.384,43.228],[-2.3835,43.228],[-2.383,43.228],[-2.3825,43.2285],[-2.3795,43.2285],[-2.3795,43.229],[-2.3785,43.2295],[-2.3785,43.229],[-2.379,43.229],[-2.379,43.2285],[-2.3805,43.2275],[-2.3805,43.225],[-2.3875,43.224],[-2.3885,43.223],[-2.388,43.223],[-2.3875,43.223],[-2.3865,43.2235],[-2.386,43.2235],[-2.3855,43.223],[-2.3835,43.2235],[-2.382,43.2235],[-2.3815,43.223],[-2.3815,43.2225],[-2.381,43.222],[-2.381,43.2225],[-2.381,43.222],[-2.3805,43.2215],[-2.38,43.221],[-2.38,43.2205],[-2.3795,43.2205],[-2.379,43.22],[-2.3785,43.2195],[-2.378,43.2195],[-2.3775,43.219],[-2.377,43.2195],[-2.377,43.219],[-2.3765,43.219],[-2.376,43.2185],[-2.376,43.218],[-2.3745,43.218],[-2.374,43.2175],[-2.3735,43.2175],[-2.373,43.217],[-2.3725,43.217],[-2.3695,43.218],[-2.369,43.218],[-2.3685,43.2185],[-2.3675,43.219],[-2.367,43.219],[-2.3675,43.219],[-2.3685,43.2185],[-2.369,43.218],[-2.3695,43.218],[-2.3715,43.2165],[-2.371,43.2165],[-2.371,43.216],[-2.3705,43.216],[-2.3705,43.2155],[-2.37,43.215],[-2.3695,43.215],[-2.368,43.2145],[-2.3675,43.2145],[-2.368,43.2145],[-2.3695,43.215],[-2.37,43.215],[-2.3705,43.215],[-2.3705,43.2155],[-2.371,43.2155],[-2.371,43.216],[-2.3715,43.216],[-2.3715,43.2165],[-2.3725,43.2165],[-2.373,43.2165],[-2.373,43.217],[-2.3735,43.217],[-2.3735,43.2175],[-2.374,43.2175],[-2.3745,43.2175],[-2.3755,43.2175],[-2.376,43.2175],[-2.376,43.218],[-2.376,43.2185],[-2.3765,43.219],[-2.377,43.219],[-2.3775,43.219],[-2.378,43.2195],[-2.3785,43.2195],[-2.379,43.2195],[-2.379,43.22],[-2.3795,43.22],[-2.3795,43.2205],[-2.38,43.2205],[-2.3805,43.221],[-2.3805,43.2215],[-2.381,43.222],[-2.3815,43.2225],[-2.3815,43.223],[-2.382,43.223],[-2.382,43.2235],[-2.3835,43.2235],[-2.386,43.223],[-2.3865,43.223],[-2.387,43.223],[-2.387,43.2225],[-2.3885,43.223],[-2.389,43.223],[-2.3895,43.223],[-2.3915,43.223],[-2.3905,43.2205],[-2.3895,43.2185],[-2.3865,43.217],[-2.386,43.2165],[-2.386,43.216],[-2.3855,43.216],[-2.385,43.2155],[-2.3845,43.2155],[-2.383,43.2145],[-2.383,43.214],[-2.3825,43.214],[-2.3815,43.213],[-2.3805,43.212],[-2.379,43.211],[-2.3785,43.211],[-2.377,43.211],[-2.3765,43.211],[-2.375,43.21],[-2.3765,43.211],[-2.377,43.211],[-2.3785,43.211],[-2.379,43.211],[-2.3795,43.211],[-2.3805,43.212],[-2.3815,43.213],[-2.3825,43.214],[-2.383,43.214],[-2.383,43.2145],[-2.3845,43.2155],[-2.385,43.2155],[-2.3855,43.216],[-2.386,43.216],[-2.386,43.2165],[-2.3865,43.217],[-2.388,43.2175],[-2.39,43.2185],[-2.391,43.2195],[-2.391,43.221],[-2.3925,43.2235],[-2.3955,43.2235],[-2.395,43.223],[-2.3945,43.223],[-2.394,43.2225],[-2.3935,43.2225],[-2.393,43.2225],[-2.393,43.222],[-2.3925,43.2225],[-2.3925,43.222],[-2.392,43.2215],[-2.3915,43.2205],[-2.3915,43.2195],[-2.391,43.219],[-2.391,43.2185],[-2.3905,43.2185],[-2.3905,43.218],[-2.39,43.218],[-2.389,43.2175],[-2.3885,43.217],[-2.3875,43.216],[-2.387,43.216],[-2.3865,43.2155],[-2.3835,43.2135],[-2.3835,43.213],[-2.383,43.213],[-2.382,43.212],[-2.376,43.2075],[-2.376,43.207],[-2.373,43.207],[-2.3725,43.205],[-2.372,43.205],[-2.372,43.2045],[-2.3715,43.2045],[-2.371,43.204],[-2.3705,43.204],[-2.366,43.2045],[-2.3655,43.2045],[-2.366,43.204],[-2.367,43.203],[-2.368,43.2035],[-2.37,43.2035],[-2.3705,43.204],[-2.371,43.204],[-2.3715,43.204],[-2.3715,43.2045],[-2.372,43.2045],[-2.372,43.205],[-2.3725,43.205],[-2.3725,43.2055],[-2.373,43.2055],[-2.3735,43.2055],[-2.3735,43.206],[-2.3745,43.206],[-2.375,43.206],[-2.3755,43.2065],[-2.376,43.2065]]],[[[-2.36,42.906],[-2.356,42.9075],[-2.3515,42.9075],[-2.35,42.918],[-2.351,42.92],[-2.3545,42.916],[-2.3575,42.915],[-2.3585,42.915],[-2.36,42.9135],[-2.36,42.912],[-2.3605,42.911],[-2.3595,42.91],[-2.359,42.9095],[-2.3595,42.9095],[-2.3595,42.909],[-2.3595,42.9085],[-2.3595,42.9075],[-2.3595,42.907],[-2.36,42.906]]],[[[-2.3515,43.1335],[-2.3495,43.129],[-2.3475,43.13],[-2.345,43.13],[-2.344,43.13],[-2.3435,43.13],[-2.343,43.13],[-2.341,43.1315],[-2.34,43.131],[-2.3445,43.136],[-2.338,43.138],[-2.338,43.1385],[-2.3395,43.1395],[-2.3405,43.14],[-2.3455,43.1425],[-2.35,43.14],[-2.3515,43.1335]]],[[[-2.345,43.1295],[-2.347,43.1295],[-2.3475,43.13],[-2.3495,43.129],[-2.3485,43.1255],[-2.3435,43.1225],[-2.3415,43.12],[-2.3405,43.114],[-2.338,43.114],[-2.338,43.1125],[-2.336,43.112],[-2.3335,43.1125],[-2.3325,43.114],[-2.3325,43.1145],[-2.332,43.1145],[-2.3315,43.1145],[-2.331,43.1145],[-2.3305,43.1145],[-2.3295,43.1145],[-2.33,43.1155],[-2.33,43.1165],[-2.33,43.1175],[-2.3305,43.118],[-2.3305,43.1185],[-2.3305,43.119],[-2.331,43.119],[-2.331,43.1195],[-2.3315,43.12],[-2.331,43.1195],[-2.331,43.119],[-2.3305,43.119],[-2.3305,43.1185],[-2.3295,43.1175],[-2.3295,43.117],[-2.329,43.1165],[-2.329,43.117],[-2.329,43.1175],[-2.329,43.118],[-2.3285,43.1185],[-2.3275,43.12],[-2.327,43.1205],[-2.327,43.122],[-2.329,43.123],[-2.33,43.1245],[-2.3295,43.128],[-2.3285,43.1275],[-2.3285,43.128],[-2.329,43.1285],[-2.3295,43.129],[-2.33,43.129],[-2.333,43.1265],[-2.3335,43.126],[-2.333,43.125],[-2.3345,43.121],[-2.3345,43.1205],[-2.3345,43.12],[-2.3345,43.1195],[-2.335,43.1195],[-2.3355,43.1185],[-2.3355,43.118],[-2.336,43.119],[-2.3355,43.1205],[-2.336,43.121],[-2.335,43.121],[-2.3345,43.121],[-2.3345,43.1215],[-2.335,43.125],[-2.3395,43.1285],[-2.341,43.1295],[-2.3415,43.1295],[-2.344,43.13],[-2.3445,43.1295],[-2.345,43.1295]]],[[[-2.3455,43.1425],[-2.342,43.141],[-2.3415,43.141],[-2.341,43.1405],[-2.3405,43.1405],[-2.3405,43.14],[-2.339,43.1395],[-2.334,43.138],[-2.3345,43.1385],[-2.334,43.1385],[-2.33,43.1415],[-2.3305,43.142],[-2.3305,43.1425],[-2.329,43.145],[-2.329,43.1455],[-2.3295,43.1455],[-2.33,43.1455],[-2.331,43.146],[-2.3315,43.146],[-2.332,43.146],[-2.3325,43.1465],[-2.333,43.1465],[-2.3335,43.1465],[-2.334,43.1465],[-2.337,43.148],[-2.3375,43.148],[-2.338,43.148],[-2.339,43.148],[-2.3435,43.1475],[-2.3455,43.1425]]],[[[-2.3355,43.2165],[-2.331,43.2115],[-2.3305,43.2115],[-2.33,43.2115],[-2.329,43.2115],[-2.3285,43.2115],[-2.328,43.2115],[-2.3275,43.212],[-2.327,43.2125],[-2.327,43.212],[-2.325,43.2125],[-2.324,43.2125],[-2.324,43.213],[-2.3235,43.2135],[-2.324,43.214],[-2.3255,43.214],[-2.326,43.215],[-2.326,43.2145],[-2.3265,43.2145],[-2.327,43.2145],[-2.3275,43.2165],[-2.3245,43.215],[-2.3225,43.2155],[-2.323,43.2125],[-2.321,43.213],[-2.319,43.2155],[-2.3185,43.217],[-2.3185,43.2175],[-2.319,43.218],[-2.3195,43.218],[-2.3195,43.2185],[-2.32,43.2185],[-2.3205,43.219],[-2.321,43.2195],[-2.3215,43.2205],[-2.3215,43.221],[-2.3215,43.2215],[-2.3215,43.222],[-2.322,43.223],[-2.323,43.223],[-2.3235,43.223],[-2.3225,43.2235],[-2.3235,43.2245],[-2.3235,43.224],[-2.324,43.224],[-2.3265,43.224],[-2.3255,43.2255],[-2.3255,43.225],[-2.325,43.225],[-2.3245,43.225],[-2.326,43.226],[-2.3265,43.2265],[-2.3285,43.2275],[-2.329,43.228],[-2.33,43.229],[-2.3305,43.229],[-2.331,43.229],[-2.3305,43.2275],[-2.3295,43.2235],[-2.3335,43.221],[-2.3315,43.2255],[-2.3335,43.231],[-2.333,43.231],[-2.333,43.2315],[-2.337,43.2325],[-2.3405,43.2345],[-2.345,43.236],[-2.347,43.2365],[-2.3475,43.2365],[-2.3535,43.2325],[-2.355,43.2325],[-2.3545,43.2315],[-2.355,43.231],[-2.3545,43.2305],[-2.354,43.2305],[-2.3535,43.2305],[-2.353,43.229],[-2.3525,43.229],[-2.352,43.2285],[-2.3515,43.228],[-2.35,43.2265],[-2.348,43.2275],[-2.3455,43.228],[-2.3415,43.2285],[-2.3405,43.228],[-2.339,43.2275],[-2.338,43.228],[-2.3365,43.228],[-2.3365,43.2285],[-2.3355,43.229],[-2.3355,43.2285],[-2.3355,43.229],[-2.3365,43.2285],[-2.3365,43.228],[-2.338,43.228],[-2.337,43.227],[-2.3365,43.2265],[-2.3335,43.2245],[-2.333,43.224],[-2.3325,43.2235],[-2.333,43.224],[-2.3335,43.224],[-2.3335,43.2245],[-2.3365,43.2265],[-2.3365,43.226],[-2.337,43.226],[-2.338,43.2255],[-2.341,43.228],[-2.3425,43.228],[-2.3415,43.223],[-2.3445,43.2215],[-2.344,43.2215],[-2.347,43.2175],[-2.339,43.215],[-2.3355,43.2165]]],[[[-2.3185,42.676],[-2.317,42.6775],[-2.317,42.6785],[-2.3165,42.682],[-2.3255,42.679],[-2.327,42.679],[-2.3265,42.6765],[-2.3265,42.676],[-2.326,42.6755],[-2.3255,42.6755],[-2.325,42.675],[-2.322,42.6745],[-2.3215,42.6745],[-2.3215,42.6775],[-2.321,42.6775],[-2.321,42.678],[-2.321,42.6785],[-2.3205,42.679],[-2.3205,42.6795],[-2.32,42.68],[-2.32,42.6805],[-2.32,42.68],[-2.3205,42.6795],[-2.3205,42.679],[-2.321,42.6785],[-2.321,42.6775],[-2.3195,42.673],[-2.3185,42.6755],[-2.3185,42.676]]],[[[-2.317,42.6835],[-2.3125,42.688],[-2.315,42.694],[-2.317,42.694],[-2.318,42.6945],[-2.319,42.6945],[-2.3195,42.694],[-2.32,42.693],[-2.3205,42.692],[-2.321,42.692],[-2.321,42.6915],[-2.326,42.6905],[-2.326,42.6915],[-2.324,42.691],[-2.323,42.6925],[-2.3245,42.6925],[-2.3275,42.694],[-2.328,42.6925],[-2.327,42.6885],[-2.3265,42.6865],[-2.3265,42.685],[-2.3265,42.6845],[-2.327,42.683],[-2.327,42.6825],[-2.327,42.6815],[-2.327,42.68],[-2.326,42.6805],[-2.3245,42.6805],[-2.3245,42.681],[-2.3235,42.681],[-2.323,42.681],[-2.3225,42.6815],[-2.322,42.6815],[-2.3215,42.6815],[-2.321,42.682],[-2.3205,42.682],[-2.32,42.682],[-2.3195,42.682],[-2.3195,42.6825],[-2.319,42.6825],[-2.3185,42.6825],[-2.317,42.6835]]],[[[-2.337,43.148],[-2.335,43.147],[-2.3345,43.147],[-2.334,43.1465],[-2.334,43.147],[-2.3335,43.147],[-2.333,43.1465],[-2.3325,43.1465],[-2.332,43.1465],[-2.3315,43.146],[-2.3305,43.146],[-2.329,43.146],[-2.33,43.146],[-2.329,43.1455],[-2.3285,43.1455],[-2.328,43.1455],[-2.328,43.145],[-2.3275,43.145],[-2.326,43.147],[-2.3255,43.146],[-2.325,43.1455],[-2.325,43.145],[-2.324,43.144],[-2.323,43.144],[-2.3235,43.1455],[-2.3225,43.146],[-2.3225,43.1455],[-2.3215,43.149],[-2.322,43.149],[-2.322,43.1485],[-2.3235,43.149],[-2.3235,43.1485],[-2.324,43.1495],[-2.3215,43.1495],[-2.3225,43.151],[-2.3205,43.151],[-2.3205,43.1505],[-2.317,43.151],[-2.315,43.1515],[-2.315,43.1545],[-2.3125,43.1555],[-2.311,43.155],[-2.3115,43.1555],[-2.311,43.155],[-2.3115,43.1515],[-2.308,43.1455],[-2.3075,43.145],[-2.306,43.1445],[-2.3065,43.1445],[-2.306,43.1445],[-2.305,43.144],[-2.301,43.146],[-2.3005,43.146],[-2.301,43.1455],[-2.304,43.1435],[-2.3035,43.1395],[-2.3035,43.139],[-2.305,43.1325],[-2.302,43.127],[-2.3005,43.1255],[-2.2995,43.125],[-2.2985,43.124],[-2.297,43.1225],[-2.296,43.122],[-2.2955,43.121],[-2.2925,43.121],[-2.292,43.123],[-2.291,43.1245],[-2.291,43.125],[-2.291,43.1255],[-2.2905,43.126],[-2.2905,43.1265],[-2.2915,43.127],[-2.292,43.127],[-2.2925,43.1265],[-2.2945,43.1255],[-2.295,43.1255],[-2.2945,43.1255],[-2.2925,43.1265],[-2.2925,43.127],[-2.292,43.127],[-2.291,43.1275],[-2.2905,43.1285],[-2.29,43.129],[-2.2905,43.129],[-2.291,43.1295],[-2.2925,43.1285],[-2.293,43.1275],[-2.294,43.1295],[-2.2945,43.1295],[-2.297,43.13],[-2.2975,43.13],[-2.2985,43.13],[-2.299,43.13],[-2.2985,43.13],[-2.2975,43.13],[-2.297,43.13],[-2.2945,43.1295],[-2.293,43.1305],[-2.2925,43.1305],[-2.292,43.13],[-2.2915,43.13],[-2.291,43.1295],[-2.2905,43.1295],[-2.2895,43.129],[-2.289,43.1295],[-2.289,43.129],[-2.2895,43.129],[-2.289,43.129],[-2.2885,43.13],[-2.2885,43.1305],[-2.288,43.131],[-2.288,43.1305],[-2.288,43.131],[-2.2875,43.131],[-2.288,43.1315],[-2.287,43.131],[-2.2865,43.131],[-2.286,43.131],[-2.285,43.131],[-2.285,43.1315],[-2.2845,43.1315],[-2.2855,43.1315],[-2.285,43.135],[-2.2845,43.1335],[-2.2835,43.1315],[-2.2825,43.1315],[-2.283,43.132],[-2.282,43.133],[-2.28,43.132],[-2.2795,43.1325],[-2.2795,43.132],[-2.279,43.132],[-2.2795,43.132],[-2.2785,43.132],[-2.278,43.1315],[-2.2765,43.1325],[-2.2755,43.1325],[-2.2755,43.132],[-2.2765,43.1315],[-2.275,43.132],[-2.2735,43.134],[-2.273,43.134],[-2.2725,43.135],[-2.272,43.136],[-2.2715,43.136],[-2.2715,43.1365],[-2.2735,43.138],[-2.277,43.1385],[-2.2775,43.1385],[-2.278,43.1385],[-2.2775,43.1385],[-2.278,43.1385],[-2.278,43.138],[-2.279,43.137],[-2.278,43.138],[-2.278,43.1385],[-2.278,43.139],[-2.2785,43.139],[-2.2785,43.1395],[-2.279,43.1395],[-2.2805,43.139],[-2.281,43.139],[-2.2805,43.14],[-2.281,43.14],[-2.2815,43.14],[-2.282,43.1405],[-2.2825,43.1405],[-2.2855,43.1405],[-2.2885,43.1395],[-2.289,43.1395],[-2.2885,43.139],[-2.289,43.139],[-2.289,43.1395],[-2.29,43.1395],[-2.291,43.1395],[-2.292,43.14],[-2.293,43.14],[-2.293,43.1375],[-2.2965,43.1385],[-2.297,43.1385],[-2.297,43.138],[-2.298,43.138],[-2.299,43.1375],[-2.2995,43.1375],[-2.299,43.138],[-2.298,43.1385],[-2.297,43.1385],[-2.2965,43.1385],[-2.296,43.1385],[-2.2945,43.1395],[-2.294,43.1395],[-2.2935,43.14],[-2.293,43.14],[-2.292,43.14],[-2.2915,43.1415],[-2.291,43.1395],[-2.2905,43.1395],[-2.29,43.1395],[-2.289,43.1395],[-2.2885,43.1395],[-2.2855,43.141],[-2.2825,43.141],[-2.282,43.1415],[-2.2815,43.142],[-2.282,43.1415],[-2.2825,43.141],[-2.282,43.1405],[-2.2815,43.1405],[-2.281,43.14],[-2.2805,43.14],[-2.28,43.14],[-2.2795,43.14],[-2.279,43.1395],[-2.278,43.1395],[-2.2775,43.1405],[-2.2775,43.141],[-2.278,43.142],[-2.2785,43.1425],[-2.2795,43.1415],[-2.281,43.144],[-2.291,43.1425],[-2.2925,43.1425],[-2.2925,43.143],[-2.291,43.1435],[-2.2895,43.1445],[-2.2925,43.1455],[-2.293,43.1455],[-2.2935,43.1455],[-2.295,43.145],[-2.296,43.1445],[-2.297,43.1445],[-2.298,43.1435],[-2.2985,43.1435],[-2.2995,43.143],[-2.3005,43.143],[-2.2995,43.143],[-2.2985,43.1435],[-2.298,43.1435],[-2.297,43.1445],[-2.2975,43.1495],[-2.292,43.15],[-2.292,43.151],[-2.292,43.1515],[-2.2925,43.152],[-2.293,43.151],[-2.2945,43.1505],[-2.295,43.151],[-2.2905,43.154],[-2.2935,43.154],[-2.294,43.153],[-2.2945,43.1525],[-2.295,43.1535],[-2.2945,43.1575],[-2.2945,43.158],[-2.2945,43.1585],[-2.2955,43.1585],[-2.2965,43.159],[-2.2995,43.1595],[-2.2985,43.158],[-2.2985,43.1575],[-2.298,43.157],[-2.2985,43.1555],[-2.3005,43.154],[-2.302,43.1525],[-2.3065,43.1535],[-2.306,43.157],[-2.3085,43.157],[-2.3085,43.159],[-2.3075,43.1595],[-2.3055,43.1585],[-2.3055,43.1605],[-2.3065,43.161],[-2.306,43.161],[-2.306,43.162],[-2.306,43.1625],[-2.307,43.1625],[-2.307,43.161],[-2.3075,43.161],[-2.308,43.161],[-2.3085,43.162],[-2.309,43.163],[-2.308,43.163],[-2.308,43.1635],[-2.3075,43.1635],[-2.307,43.1635],[-2.3065,43.164],[-2.307,43.164],[-2.3075,43.1645],[-2.31,43.1665],[-2.31,43.167],[-2.3095,43.1675],[-2.31,43.1675],[-2.31,43.167],[-2.31,43.1665],[-2.3105,43.1665],[-2.311,43.166],[-2.311,43.1655],[-2.311,43.165],[-2.3115,43.1645],[-2.3115,43.1655],[-2.3125,43.1655],[-2.3145,43.1675],[-2.315,43.1675],[-2.315,43.167],[-2.314,43.166],[-2.3165,43.165],[-2.317,43.1665],[-2.3175,43.1665],[-2.3195,43.1675],[-2.3185,43.1625],[-2.3215,43.164],[-2.322,43.1635],[-2.3235,43.1625],[-2.3235,43.161],[-2.3235,43.1595],[-2.324,43.16],[-2.325,43.16],[-2.325,43.1605],[-2.325,43.1625],[-2.326,43.162],[-2.328,43.1625],[-2.3285,43.1615],[-2.3285,43.1625],[-2.3295,43.163],[-2.3295,43.1625],[-2.33,43.163],[-2.331,43.1625],[-2.3315,43.162],[-2.3325,43.1605],[-2.334,43.16],[-2.3345,43.16],[-2.3335,43.1595],[-2.3335,43.159],[-2.3245,43.156],[-2.325,43.156],[-2.326,43.1555],[-2.3255,43.1555],[-2.325,43.1545],[-2.3245,43.154],[-2.3235,43.1535],[-2.323,43.1535],[-2.3215,43.1545],[-2.3215,43.155],[-2.3215,43.1555],[-2.32,43.156],[-2.3185,43.1515],[-2.3185,43.152],[-2.323,43.153],[-2.3235,43.1535],[-2.3245,43.154],[-2.325,43.1545],[-2.326,43.155],[-2.332,43.1585],[-2.3325,43.1585],[-2.334,43.1585],[-2.3335,43.1575],[-2.334,43.1565],[-2.335,43.1565],[-2.336,43.157],[-2.3365,43.1565],[-2.337,43.156],[-2.339,43.1555],[-2.34,43.1555],[-2.341,43.1545],[-2.3405,43.1535],[-2.341,43.153],[-2.343,43.1525],[-2.342,43.15],[-2.3405,43.1495],[-2.3405,43.149],[-2.339,43.148],[-2.3375,43.148],[-2.337,43.148]]],[[[-2.29,43.1595],[-2.2895,43.159],[-2.289,43.159],[-2.2855,43.16],[-2.2855,43.1595],[-2.2855,43.159],[-2.284,43.1575],[-2.2835,43.1565],[-2.2825,43.1565],[-2.281,43.159],[-2.2815,43.1595],[-2.2805,43.16],[-2.2795,43.1605],[-2.28,43.161],[-2.2795,43.1615],[-2.2795,43.162],[-2.2795,43.1625],[-2.2795,43.163],[-2.279,43.163],[-2.2795,43.1635],[-2.279,43.164],[-2.279,43.165],[-2.279,43.1655],[-2.279,43.166],[-2.2785,43.166],[-2.2785,43.1655],[-2.2785,43.166],[-2.2785,43.1665],[-2.279,43.1665],[-2.279,43.1675],[-2.279,43.168],[-2.279,43.1685],[-2.2795,43.1685],[-2.2795,43.169],[-2.2795,43.1695],[-2.2805,43.1695],[-2.28,43.169],[-2.2795,43.168],[-2.2795,43.1675],[-2.281,43.168],[-2.2815,43.168],[-2.2805,43.1695],[-2.2845,43.17],[-2.288,43.1705],[-2.2875,43.1695],[-2.2905,43.1695],[-2.2935,43.1655],[-2.293,43.1625],[-2.293,43.1605],[-2.294,43.161],[-2.2945,43.16],[-2.292,43.1595],[-2.291,43.16],[-2.2905,43.1605],[-2.29,43.161],[-2.289,43.1625],[-2.2895,43.1625],[-2.291,43.1625],[-2.2895,43.1625],[-2.288,43.164],[-2.2865,43.167],[-2.288,43.164],[-2.29,43.161],[-2.2905,43.1605],[-2.2905,43.16],[-2.29,43.16],[-2.29,43.1595]]],[[[-2.328,42.8545],[-2.331,42.8555],[-2.33,42.8545],[-2.3235,42.849],[-2.3205,42.849],[-2.319,42.8455],[-2.3245,42.8475],[-2.3185,42.844],[-2.316,42.8405],[-2.3055,42.8315],[-2.2995,42.834],[-2.305,42.839],[-2.305,42.8395],[-2.306,42.8395],[-2.3065,42.8395],[-2.307,42.84],[-2.3105,42.847],[-2.306,42.85],[-2.299,42.8515],[-2.2845,42.85],[-2.278,42.847],[-2.2775,42.847],[-2.27,42.8425],[-2.2585,42.848],[-2.253,42.8485],[-2.2365,42.852],[-2.24,42.8605],[-2.2425,42.862],[-2.2465,42.8615],[-2.249,42.862],[-2.251,42.864],[-2.2525,42.863],[-2.2525,42.8625],[-2.253,42.862],[-2.253,42.8625],[-2.253,42.863],[-2.2535,42.862],[-2.252,42.8605],[-2.2535,42.86],[-2.259,42.859],[-2.26,42.856],[-2.2615,42.855],[-2.2625,42.8545],[-2.264,42.8525],[-2.2735,42.856],[-2.275,42.8555],[-2.2775,42.8555],[-2.2845,42.86],[-2.2845,42.8605],[-2.2855,42.8615],[-2.2855,42.861],[-2.2855,42.8605],[-2.2855,42.86],[-2.286,42.86],[-2.286,42.8595],[-2.286,42.86],[-2.2855,42.8605],[-2.2855,42.861],[-2.287,42.863],[-2.2875,42.8615],[-2.2895,42.8595],[-2.29,42.8595],[-2.2995,42.8595],[-2.3015,42.863],[-2.303,42.8625],[-2.304,42.8625],[-2.3035,42.862],[-2.304,42.862],[-2.305,42.8615],[-2.305,42.862],[-2.3055,42.8615],[-2.3055,42.861],[-2.31,42.8585],[-2.3175,42.8605],[-2.3185,42.859],[-2.32,42.858],[-2.3205,42.858],[-2.323,42.857],[-2.326,42.8585],[-2.327,42.8575],[-2.327,42.857],[-2.3255,42.8555],[-2.326,42.855],[-2.328,42.8545],[-2.326,42.854],[-2.328,42.8545]]],[[[-2.3005,43.0865],[-2.301,43.086],[-2.3005,43.086],[-2.298,43.0855],[-2.2985,43.0815],[-2.298,43.0815],[-2.298,43.081],[-2.297,43.0815],[-2.297,43.082],[-2.297,43.083],[-2.2965,43.083],[-2.2965,43.0835],[-2.297,43.0845],[-2.2965,43.0855],[-2.2965,43.086],[-2.297,43.086],[-2.2975,43.086],[-2.2975,43.0865],[-2.298,43.087],[-2.2985,43.087],[-2.2985,43.0875],[-2.2985,43.088],[-2.299,43.0885],[-2.299,43.0895],[-2.298,43.093],[-2.298,43.094],[-2.298,43.093],[-2.299,43.0895],[-2.299,43.0885],[-2.2985,43.088],[-2.2985,43.0875],[-2.298,43.0875],[-2.298,43.087],[-2.2975,43.0865],[-2.297,43.086],[-2.2965,43.086],[-2.2955,43.087],[-2.295,43.0875],[-2.2945,43.0875],[-2.2945,43.088],[-2.294,43.0885],[-2.2935,43.0885],[-2.293,43.0885],[-2.293,43.089],[-2.2925,43.089],[-2.2925,43.0895],[-2.292,43.0895],[-2.2915,43.0895],[-2.291,43.0895],[-2.291,43.09],[-2.291,43.0895],[-2.2915,43.0895],[-2.292,43.0895],[-2.292,43.089],[-2.2925,43.089],[-2.293,43.0885],[-2.2935,43.0885],[-2.2935,43.088],[-2.294,43.088],[-2.2945,43.0875],[-2.289,43.0865],[-2.2875,43.0875],[-2.285,43.09],[-2.2845,43.09],[-2.2845,43.0905],[-2.2835,43.093],[-2.283,43.093],[-2.2825,43.093],[-2.2835,43.091],[-2.2845,43.088],[-2.2855,43.089],[-2.286,43.088],[-2.2885,43.0865],[-2.289,43.086],[-2.2895,43.086],[-2.288,43.082],[-2.2875,43.082],[-2.287,43.083],[-2.2875,43.082],[-2.2885,43.081],[-2.288,43.081],[-2.287,43.0815],[-2.287,43.082],[-2.2865,43.082],[-2.286,43.082],[-2.286,43.0825],[-2.2855,43.0825],[-2.2855,43.083],[-2.285,43.083],[-2.284,43.0835],[-2.2835,43.084],[-2.283,43.084],[-2.283,43.0845],[-2.283,43.085],[-2.283,43.0855],[-2.2835,43.086],[-2.283,43.0865],[-2.283,43.086],[-2.283,43.0855],[-2.282,43.086],[-2.2815,43.087],[-2.281,43.0875],[-2.2815,43.0875],[-2.282,43.0875],[-2.282,43.088],[-2.281,43.088],[-2.2805,43.0885],[-2.28,43.0885],[-2.2795,43.0885],[-2.2795,43.089],[-2.279,43.091],[-2.279,43.092],[-2.279,43.0925],[-2.281,43.0935],[-2.2815,43.0935],[-2.2815,43.094],[-2.281,43.094],[-2.281,43.0945],[-2.2805,43.0945],[-2.28,43.0945],[-2.2795,43.0945],[-2.28,43.0945],[-2.2805,43.094],[-2.28,43.094],[-2.2795,43.0945],[-2.279,43.0945],[-2.279,43.095],[-2.279,43.0955],[-2.279,43.096],[-2.2795,43.096],[-2.2795,43.0975],[-2.279,43.0975],[-2.278,43.0985],[-2.2785,43.0985],[-2.2785,43.099],[-2.2805,43.101],[-2.2795,43.102],[-2.278,43.1005],[-2.278,43.0985],[-2.2785,43.0975],[-2.2785,43.096],[-2.2785,43.0955],[-2.2785,43.095],[-2.276,43.094],[-2.276,43.0935],[-2.2755,43.0935],[-2.2745,43.0925],[-2.274,43.0925],[-2.273,43.092],[-2.2725,43.092],[-2.2725,43.0915],[-2.272,43.091],[-2.2665,43.0885],[-2.266,43.0885],[-2.2655,43.088],[-2.265,43.088],[-2.2645,43.088],[-2.2635,43.088],[-2.263,43.0875],[-2.2625,43.0875],[-2.262,43.0875],[-2.2615,43.087],[-2.261,43.087],[-2.2605,43.087],[-2.2605,43.0865],[-2.26,43.0865],[-2.2595,43.0865],[-2.259,43.086],[-2.2585,43.0855],[-2.258,43.0855],[-2.2575,43.0855],[-2.2575,43.085],[-2.257,43.085],[-2.256,43.0845],[-2.2565,43.0845],[-2.255,43.083],[-2.2545,43.083],[-2.254,43.083],[-2.2535,43.084],[-2.2545,43.0865],[-2.2585,43.089],[-2.2645,43.0905],[-2.2645,43.091],[-2.266,43.0905],[-2.266,43.091],[-2.267,43.0965],[-2.2675,43.0965],[-2.2665,43.0975],[-2.2675,43.098],[-2.2685,43.0975],[-2.269,43.0975],[-2.2765,43.096],[-2.269,43.0975],[-2.2705,43.0985],[-2.271,43.0985],[-2.273,43.1005],[-2.2775,43.102],[-2.277,43.102],[-2.276,43.102],[-2.2755,43.102],[-2.276,43.1025],[-2.2755,43.102],[-2.275,43.102],[-2.2745,43.101],[-2.273,43.101],[-2.2725,43.1005],[-2.273,43.1005],[-2.271,43.0985],[-2.2705,43.0985],[-2.2695,43.098],[-2.269,43.098],[-2.2675,43.0995],[-2.267,43.1],[-2.268,43.1005],[-2.2685,43.1015],[-2.268,43.101],[-2.2675,43.1005],[-2.267,43.1005],[-2.267,43.1],[-2.2675,43.0995],[-2.267,43.099],[-2.2665,43.0985],[-2.2665,43.098],[-2.266,43.098],[-2.2655,43.098],[-2.2655,43.0975],[-2.265,43.0975],[-2.2645,43.097],[-2.2645,43.0975],[-2.2645,43.097],[-2.2635,43.097],[-2.263,43.097],[-2.2625,43.097],[-2.2615,43.097],[-2.2595,43.097],[-2.2595,43.0965],[-2.257,43.0965],[-2.2565,43.0965],[-2.2555,43.096],[-2.255,43.096],[-2.2545,43.096],[-2.254,43.096],[-2.2535,43.096],[-2.253,43.096],[-2.252,43.096],[-2.2505,43.0955],[-2.25,43.096],[-2.2485,43.096],[-2.2485,43.0965],[-2.2485,43.097],[-2.248,43.0975],[-2.249,43.0975],[-2.2495,43.098],[-2.2505,43.099],[-2.2525,43.0985],[-2.2565,43.0985],[-2.257,43.0995],[-2.2555,43.1],[-2.2555,43.1005],[-2.256,43.101],[-2.256,43.1015],[-2.2565,43.1015],[-2.26,43.1],[-2.2605,43.1],[-2.2625,43.1005],[-2.2625,43.101],[-2.2655,43.103],[-2.2665,43.103],[-2.267,43.1035],[-2.2645,43.1055],[-2.2575,43.1055],[-2.255,43.106],[-2.2585,43.1065],[-2.259,43.1065],[-2.264,43.107],[-2.2645,43.1065],[-2.265,43.1065],[-2.265,43.106],[-2.269,43.1065],[-2.2685,43.1065],[-2.2665,43.1065],[-2.2655,43.1065],[-2.265,43.1065],[-2.2645,43.1065],[-2.264,43.107],[-2.2645,43.108],[-2.265,43.1085],[-2.2665,43.108],[-2.268,43.108],[-2.2685,43.108],[-2.269,43.108],[-2.2685,43.108],[-2.268,43.108],[-2.267,43.108],[-2.267,43.1085],[-2.2665,43.1095],[-2.267,43.11],[-2.268,43.1095],[-2.2685,43.11],[-2.268,43.11],[-2.2675,43.11],[-2.267,43.11],[-2.2665,43.1095],[-2.2665,43.11],[-2.2665,43.1105],[-2.2665,43.111],[-2.264,43.1085],[-2.2645,43.108],[-2.2595,43.107],[-2.262,43.1075],[-2.2615,43.1075],[-2.262,43.108],[-2.262,43.1085],[-2.261,43.109],[-2.266,43.1135],[-2.274,43.1155],[-2.2705,43.117],[-2.271,43.117],[-2.2715,43.1175],[-2.272,43.118],[-2.2725,43.118],[-2.2725,43.1185],[-2.273,43.1185],[-2.2735,43.119],[-2.274,43.1195],[-2.276,43.1195],[-2.2765,43.1195],[-2.2785,43.1195],[-2.2795,43.1195],[-2.281,43.1195],[-2.2795,43.1195],[-2.279,43.1195],[-2.2785,43.1195],[-2.279,43.1205],[-2.2745,43.12],[-2.276,43.1195],[-2.2745,43.1195],[-2.2745,43.1205],[-2.279,43.1205],[-2.278,43.122],[-2.275,43.1245],[-2.2775,43.124],[-2.2785,43.124],[-2.2795,43.1235],[-2.28,43.1235],[-2.2795,43.1235],[-2.2785,43.124],[-2.2775,43.124],[-2.275,43.1245],[-2.2815,43.1275],[-2.283,43.127],[-2.284,43.1295],[-2.284,43.1315],[-2.285,43.131],[-2.286,43.131],[-2.2875,43.131],[-2.288,43.1305],[-2.2855,43.1275],[-2.283,43.1235],[-2.283,43.123],[-2.2835,43.121],[-2.284,43.1205],[-2.2845,43.1205],[-2.2845,43.12],[-2.2845,43.1195],[-2.2875,43.114],[-2.2875,43.112],[-2.2865,43.111],[-2.287,43.111],[-2.2805,43.107],[-2.281,43.1065],[-2.2865,43.107],[-2.2885,43.1105],[-2.297,43.1105],[-2.2975,43.1105],[-2.2975,43.11],[-2.2985,43.109],[-2.299,43.1085],[-2.299,43.108],[-2.2995,43.108],[-2.3,43.108],[-2.3005,43.1075],[-2.301,43.107],[-2.301,43.1065],[-2.301,43.106],[-2.3005,43.106],[-2.3005,43.1055],[-2.2995,43.1055],[-2.299,43.1055],[-2.2985,43.1055],[-2.297,43.1055],[-2.2965,43.1055],[-2.295,43.1055],[-2.2945,43.1055],[-2.2945,43.106],[-2.2935,43.106],[-2.2925,43.1065],[-2.2925,43.107],[-2.2925,43.1065],[-2.2935,43.106],[-2.2945,43.1055],[-2.295,43.1055],[-2.2965,43.1055],[-2.299,43.1045],[-2.2995,43.105],[-2.3005,43.1055],[-2.301,43.106],[-2.302,43.1055],[-2.3025,43.1055],[-2.3025,43.105],[-2.303,43.1045],[-2.303,43.104],[-2.303,43.1035],[-2.302,43.103],[-2.3015,43.1025],[-2.301,43.102],[-2.3005,43.102],[-2.3,43.1015],[-2.2985,43.1015],[-2.298,43.1015],[-2.2965,43.101],[-2.296,43.101],[-2.2955,43.101],[-2.2955,43.1015],[-2.295,43.102],[-2.295,43.1015],[-2.2955,43.1015],[-2.2955,43.101],[-2.2925,43.101],[-2.292,43.1],[-2.2915,43.1],[-2.292,43.0995],[-2.2925,43.0995],[-2.2925,43.099],[-2.2935,43.0975],[-2.294,43.097],[-2.2945,43.0965],[-2.2975,43.0945],[-2.3005,43.095],[-2.301,43.0955],[-2.3015,43.0955],[-2.302,43.0955],[-2.3025,43.0955],[-2.303,43.0955],[-2.3035,43.0955],[-2.3065,43.0965],[-2.3065,43.096],[-2.306,43.096],[-2.306,43.0955],[-2.3015,43.092],[-2.3005,43.087],[-2.3005,43.0865]]],[[[-2.263,43.0115],[-2.2645,43.0125],[-2.2645,43.012],[-2.264,43.0115],[-2.264,43.011],[-2.2635,43.011],[-2.26,43.011],[-2.256,43.0155],[-2.2555,43.0165],[-2.254,43.0175],[-2.256,43.02],[-2.2565,43.02],[-2.258,43.02],[-2.2665,43.018],[-2.2665,43.0175],[-2.266,43.0145],[-2.2645,43.015],[-2.261,43.0135],[-2.2645,43.0145],[-2.266,43.0145],[-2.265,43.013],[-2.263,43.0115]]],[[[-2.278,43.1575],[-2.2735,43.1545],[-2.273,43.154],[-2.272,43.153],[-2.27,43.1535],[-2.271,43.1525],[-2.2705,43.152],[-2.2705,43.1525],[-2.27,43.1525],[-2.27,43.152],[-2.27,43.15],[-2.269,43.15],[-2.2685,43.15],[-2.2685,43.1505],[-2.2685,43.1515],[-2.268,43.151],[-2.268,43.1505],[-2.2675,43.15],[-2.266,43.15],[-2.267,43.1495],[-2.2665,43.149],[-2.2665,43.1485],[-2.266,43.148],[-2.266,43.1475],[-2.265,43.147],[-2.2645,43.147],[-2.264,43.147],[-2.2635,43.147],[-2.2635,43.1475],[-2.262,43.1485],[-2.262,43.149],[-2.2615,43.149],[-2.26,43.149],[-2.259,43.1495],[-2.2585,43.15],[-2.258,43.151],[-2.2585,43.151],[-2.258,43.1515],[-2.259,43.152],[-2.2595,43.1515],[-2.2625,43.151],[-2.263,43.1515],[-2.2645,43.154],[-2.2645,43.1545],[-2.2635,43.1545],[-2.2625,43.1535],[-2.2605,43.1525],[-2.26,43.153],[-2.26,43.1525],[-2.259,43.153],[-2.258,43.153],[-2.2585,43.152],[-2.257,43.1515],[-2.2565,43.1515],[-2.2555,43.1515],[-2.255,43.1515],[-2.2555,43.1515],[-2.255,43.1515],[-2.255,43.152],[-2.254,43.152],[-2.2535,43.152],[-2.2515,43.1525],[-2.251,43.1525],[-2.251,43.153],[-2.252,43.1575],[-2.252,43.1585],[-2.252,43.1605],[-2.253,43.16],[-2.2535,43.16],[-2.253,43.1595],[-2.2535,43.1595],[-2.2535,43.16],[-2.253,43.16],[-2.2535,43.162],[-2.254,43.1615],[-2.2545,43.1615],[-2.255,43.161],[-2.2555,43.1615],[-2.2555,43.162],[-2.257,43.163],[-2.257,43.164],[-2.2555,43.166],[-2.2555,43.1665],[-2.2535,43.168],[-2.2535,43.1675],[-2.254,43.1675],[-2.253,43.1675],[-2.2525,43.1675],[-2.253,43.168],[-2.2565,43.17],[-2.256,43.169],[-2.2565,43.169],[-2.259,43.169],[-2.259,43.1685],[-2.2595,43.1685],[-2.2595,43.168],[-2.26,43.168],[-2.26,43.1675],[-2.2605,43.167],[-2.2605,43.1645],[-2.261,43.164],[-2.26,43.164],[-2.261,43.1635],[-2.261,43.164],[-2.262,43.1635],[-2.2625,43.1635],[-2.2635,43.1635],[-2.2645,43.164],[-2.265,43.164],[-2.2655,43.1645],[-2.266,43.1645],[-2.2675,43.1655],[-2.2685,43.1635],[-2.269,43.1625],[-2.2695,43.1625],[-2.268,43.161],[-2.2665,43.161],[-2.267,43.1585],[-2.2645,43.159],[-2.265,43.159],[-2.2645,43.159],[-2.264,43.16],[-2.263,43.159],[-2.263,43.1585],[-2.267,43.158],[-2.268,43.158],[-2.27,43.1595],[-2.2705,43.1605],[-2.2705,43.161],[-2.2705,43.1615],[-2.2745,43.1615],[-2.277,43.1605],[-2.276,43.158],[-2.275,43.1565],[-2.2745,43.1555],[-2.274,43.155],[-2.2745,43.1555],[-2.275,43.1565],[-2.277,43.1575],[-2.278,43.1575]]],[[[-2.23,42.9495],[-2.229,42.951],[-2.2295,42.9515],[-2.23,42.952],[-2.2305,42.952],[-2.2365,42.953],[-2.2375,42.9535],[-2.239,42.954],[-2.2395,42.954],[-2.244,42.951],[-2.2555,42.952],[-2.2585,42.9545],[-2.2545,42.95],[-2.251,42.95],[-2.2465,42.945],[-2.245,42.943],[-2.24,42.9465],[-2.23,42.9495]]],[[[-2.23,42.952],[-2.2295,42.9515],[-2.2305,42.9525],[-2.231,42.9525],[-2.235,42.954],[-2.238,42.957],[-2.2385,42.9585],[-2.2385,42.9595],[-2.241,42.958],[-2.239,42.9635],[-2.2375,42.9645],[-2.237,42.965],[-2.237,42.9655],[-2.2375,42.9675],[-2.2395,42.969],[-2.2395,42.9695],[-2.2395,42.9705],[-2.2385,42.972],[-2.2385,42.9725],[-2.238,42.9725],[-2.2375,42.973],[-2.2375,42.9735],[-2.237,42.974],[-2.237,42.9745],[-2.2365,42.9745],[-2.2345,42.976],[-2.2365,42.976],[-2.2375,42.9755],[-2.238,42.975],[-2.2385,42.975],[-2.238,42.975],[-2.238,42.9755],[-2.2375,42.9755],[-2.2365,42.976],[-2.2355,42.9765],[-2.235,42.9765],[-2.2345,42.976],[-2.234,42.976],[-2.234,42.9765],[-2.235,42.9765],[-2.235,42.977],[-2.2355,42.977],[-2.2365,42.9775],[-2.238,42.978],[-2.241,42.9795],[-2.242,42.9795],[-2.2425,42.9795],[-2.243,42.9795],[-2.245,42.9795],[-2.2455,42.9795],[-2.2485,42.9765],[-2.2465,42.9765],[-2.2435,42.976],[-2.246,42.9765],[-2.247,42.975],[-2.25,42.9745],[-2.2565,42.971],[-2.2615,42.971],[-2.263,42.962],[-2.255,42.9575],[-2.2585,42.9545],[-2.2555,42.952],[-2.244,42.951],[-2.2395,42.954],[-2.24,42.955],[-2.238,42.9545],[-2.238,42.954],[-2.239,42.954],[-2.2375,42.9535],[-2.2365,42.953],[-2.231,42.952],[-2.2305,42.952],[-2.23,42.952]]],[[[-2.254,43.1135],[-2.251,43.111],[-2.25,43.111],[-2.25,43.1105],[-2.249,43.112],[-2.2485,43.1125],[-2.2465,43.1115],[-2.2425,43.1135],[-2.2385,43.114],[-2.238,43.114],[-2.235,43.1125],[-2.234,43.1125],[-2.233,43.113],[-2.2325,43.1135],[-2.23,43.1135],[-2.2295,43.114],[-2.229,43.1145],[-2.2285,43.115],[-2.229,43.115],[-2.2295,43.1155],[-2.2295,43.116],[-2.229,43.1165],[-2.229,43.117],[-2.2285,43.117],[-2.2285,43.1175],[-2.228,43.1175],[-2.228,43.118],[-2.2275,43.118],[-2.2275,43.1185],[-2.2275,43.119],[-2.2275,43.12],[-2.2275,43.1205],[-2.228,43.121],[-2.228,43.1215],[-2.228,43.122],[-2.2285,43.122],[-2.229,43.122],[-2.2295,43.122],[-2.2295,43.1225],[-2.23,43.1225],[-2.234,43.1225],[-2.2345,43.1225],[-2.235,43.1225],[-2.2345,43.123],[-2.2335,43.1225],[-2.23,43.1225],[-2.2295,43.123],[-2.229,43.123],[-2.2285,43.123],[-2.228,43.1235],[-2.228,43.1245],[-2.228,43.125],[-2.228,43.1255],[-2.2275,43.1255],[-2.2275,43.126],[-2.2275,43.1265],[-2.228,43.1265],[-2.2285,43.127],[-2.229,43.127],[-2.229,43.1275],[-2.2285,43.1275],[-2.2285,43.128],[-2.229,43.1285],[-2.23,43.1285],[-2.2305,43.129],[-2.231,43.129],[-2.231,43.1295],[-2.231,43.13],[-2.2315,43.13],[-2.232,43.13],[-2.2325,43.13],[-2.233,43.13],[-2.234,43.13],[-2.235,43.1305],[-2.2355,43.1305],[-2.236,43.1305],[-2.2395,43.1275],[-2.241,43.126],[-2.241,43.1265],[-2.24,43.1275],[-2.2395,43.1275],[-2.2395,43.128],[-2.2395,43.1275],[-2.237,43.1315],[-2.244,43.1285],[-2.2435,43.129],[-2.243,43.13],[-2.2395,43.134],[-2.2395,43.1345],[-2.24,43.136],[-2.2415,43.1355],[-2.242,43.1355],[-2.2425,43.135],[-2.2445,43.134],[-2.2445,43.1335],[-2.245,43.133],[-2.2455,43.1325],[-2.244,43.1315],[-2.2485,43.1305],[-2.2415,43.12],[-2.2425,43.121],[-2.243,43.121],[-2.245,43.1195],[-2.2445,43.1185],[-2.245,43.118],[-2.2455,43.119],[-2.2465,43.1175],[-2.247,43.1175],[-2.2485,43.1165],[-2.2475,43.1165],[-2.248,43.1155],[-2.248,43.115],[-2.2485,43.1145],[-2.251,43.1145],[-2.252,43.1145],[-2.253,43.1145],[-2.2535,43.1145],[-2.254,43.1135]]],[[[-2.256,43.202],[-2.256,43.196],[-2.258,43.194],[-2.2585,43.194],[-2.2525,43.187],[-2.2525,43.186],[-2.2525,43.185],[-2.253,43.183],[-2.253,43.182],[-2.2535,43.182],[-2.2535,43.1815],[-2.253,43.177],[-2.2525,43.1765],[-2.252,43.1765],[-2.251,43.176],[-2.2505,43.177],[-2.249,43.178],[-2.2485,43.1785],[-2.247,43.1795],[-2.246,43.18],[-2.245,43.18],[-2.2365,43.179],[-2.236,43.179],[-2.2345,43.18],[-2.235,43.1805],[-2.236,43.1815],[-2.2365,43.182],[-2.2365,43.1825],[-2.2375,43.1835],[-2.2385,43.185],[-2.2395,43.1855],[-2.2405,43.1865],[-2.24,43.1875],[-2.2375,43.187],[-2.238,43.1865],[-2.24,43.187],[-2.24,43.1875],[-2.2405,43.1865],[-2.2395,43.1855],[-2.2375,43.185],[-2.2365,43.1825],[-2.234,43.184],[-2.2385,43.188],[-2.243,43.192],[-2.243,43.1925],[-2.24,43.1955],[-2.245,43.1975],[-2.247,43.1985],[-2.247,43.199],[-2.2475,43.199],[-2.248,43.1995],[-2.249,43.2],[-2.2505,43.201],[-2.251,43.2015],[-2.2515,43.2015],[-2.252,43.2015],[-2.254,43.2025],[-2.2515,43.201],[-2.247,43.197],[-2.2515,43.196],[-2.2545,43.199],[-2.256,43.202]]],[[[-2.2425,43.233],[-2.244,43.231],[-2.2385,43.2305],[-2.2325,43.2315],[-2.2335,43.233],[-2.2325,43.2345],[-2.2315,43.2375],[-2.233,43.2395],[-2.2335,43.24],[-2.2345,43.24],[-2.235,43.2405],[-2.2355,43.241],[-2.2365,43.242],[-2.238,43.243],[-2.2385,43.243],[-2.239,43.243],[-2.24,43.2435],[-2.2435,43.2425],[-2.2435,43.245],[-2.2425,43.247],[-2.2415,43.248],[-2.2415,43.2485],[-2.242,43.2485],[-2.2425,43.249],[-2.2425,43.2495],[-2.243,43.2495],[-2.2435,43.2495],[-2.2435,43.25],[-2.244,43.251],[-2.245,43.251],[-2.2465,43.251],[-2.247,43.251],[-2.2465,43.2505],[-2.247,43.251],[-2.2475,43.251],[-2.248,43.251],[-2.2485,43.2505],[-2.2485,43.251],[-2.249,43.251],[-2.2495,43.251],[-2.2515,43.251],[-2.2515,43.2515],[-2.252,43.2515],[-2.2525,43.2515],[-2.253,43.2515],[-2.2535,43.2515],[-2.255,43.2505],[-2.255,43.25],[-2.2555,43.2495],[-2.256,43.2495],[-2.256,43.249],[-2.255,43.247],[-2.255,43.2465],[-2.252,43.244],[-2.2515,43.243],[-2.2505,43.2415],[-2.25,43.2415],[-2.248,43.236],[-2.248,43.2355],[-2.247,43.2355],[-2.2465,43.235],[-2.2485,43.2355],[-2.2495,43.2335],[-2.25,43.233],[-2.247,43.2335],[-2.245,43.234],[-2.245,43.2345],[-2.245,43.235],[-2.2445,43.235],[-2.244,43.235],[-2.2445,43.235],[-2.245,43.2335],[-2.2445,43.233],[-2.2455,43.2325],[-2.245,43.2325],[-2.2445,43.2325],[-2.2425,43.233]]],[[[-2.2295,42.9365],[-2.239,42.9385],[-2.244,42.942],[-2.2445,42.938],[-2.243,42.935],[-2.2365,42.9355],[-2.236,42.935],[-2.2355,42.9345],[-2.228,42.9335],[-2.2275,42.935],[-2.2285,42.9355],[-2.229,42.9365],[-2.2295,42.9365]]],[[[-2.222,43.0215],[-2.223,43.0195],[-2.2235,43.0195],[-2.2235,43.019],[-2.2235,43.0185],[-2.223,43.016],[-2.223,43.0155],[-2.222,43.015],[-2.216,43.0185],[-2.2135,43.0215],[-2.2135,43.022],[-2.213,43.022],[-2.2155,43.0245],[-2.2155,43.0255],[-2.2175,43.0265],[-2.218,43.0265],[-2.2185,43.0265],[-2.2195,43.027],[-2.223,43.023],[-2.2225,43.0225],[-2.222,43.0225],[-2.222,43.022],[-2.222,43.0215]]],[[[-2.2405,43.1705],[-2.24,43.171],[-2.2395,43.171],[-2.2385,43.171],[-2.238,43.17],[-2.2375,43.17],[-2.237,43.1695],[-2.2365,43.1695],[-2.2405,43.173],[-2.24,43.1755],[-2.23,43.175],[-2.2295,43.175],[-2.226,43.1745],[-2.2265,43.1705],[-2.2265,43.171],[-2.226,43.171],[-2.2265,43.171],[-2.2265,43.1705],[-2.2265,43.17],[-2.227,43.1695],[-2.2275,43.169],[-2.2275,43.1685],[-2.228,43.166],[-2.228,43.1665],[-2.2275,43.1665],[-2.2275,43.167],[-2.227,43.167],[-2.2265,43.1675],[-2.226,43.1675],[-2.226,43.168],[-2.2255,43.168],[-2.2255,43.1685],[-2.2255,43.168],[-2.224,43.1685],[-2.2225,43.1685],[-2.222,43.1685],[-2.222,43.168],[-2.222,43.1675],[-2.222,43.166],[-2.2215,43.1655],[-2.221,43.1655],[-2.22,43.1655],[-2.2195,43.1655],[-2.219,43.1655],[-2.2185,43.1655],[-2.2175,43.165],[-2.217,43.165],[-2.2165,43.165],[-2.216,43.165],[-2.2155,43.165],[-2.215,43.165],[-2.2145,43.165],[-2.2145,43.1645],[-2.213,43.164],[-2.2125,43.1635],[-2.2125,43.164],[-2.2125,43.1635],[-2.212,43.1635],[-2.2115,43.1635],[-2.211,43.1635],[-2.21,43.1635],[-2.2095,43.1635],[-2.2095,43.164],[-2.209,43.164],[-2.209,43.1645],[-2.2085,43.164],[-2.2075,43.1635],[-2.207,43.1635],[-2.207,43.163],[-2.206,43.162],[-2.2035,43.1615],[-2.2035,43.1605],[-2.2055,43.161],[-2.207,43.1625],[-2.207,43.162],[-2.2075,43.162],[-2.2075,43.1615],[-2.207,43.161],[-2.207,43.1605],[-2.207,43.1595],[-2.2075,43.159],[-2.2075,43.1585],[-2.2065,43.1585],[-2.206,43.158],[-2.206,43.1575],[-2.206,43.157],[-2.206,43.1565],[-2.2035,43.158],[-2.1955,43.156],[-2.198,43.154],[-2.198,43.1535],[-2.1975,43.153],[-2.192,43.1525],[-2.1915,43.152],[-2.1915,43.1525],[-2.191,43.1525],[-2.1905,43.152],[-2.188,43.154],[-2.19,43.156],[-2.187,43.1605],[-2.1875,43.161],[-2.189,43.166],[-2.1865,43.1625],[-2.182,43.1635],[-2.183,43.1645],[-2.185,43.1645],[-2.1855,43.165],[-2.186,43.1655],[-2.1875,43.166],[-2.1875,43.1665],[-2.1885,43.1665],[-2.189,43.1665],[-2.1895,43.167],[-2.19,43.1675],[-2.193,43.168],[-2.1935,43.1675],[-2.194,43.1675],[-2.1935,43.1665],[-2.194,43.167],[-2.1945,43.167],[-2.196,43.1655],[-2.1965,43.1655],[-2.197,43.1655],[-2.1975,43.1655],[-2.198,43.165],[-2.1975,43.1645],[-2.199,43.164],[-2.199,43.1645],[-2.1985,43.1645],[-2.198,43.165],[-2.1975,43.1655],[-2.197,43.1655],[-2.1965,43.1655],[-2.196,43.1655],[-2.1945,43.167],[-2.195,43.167],[-2.1945,43.167],[-2.194,43.1675],[-2.1935,43.1675],[-2.193,43.168],[-2.1935,43.168],[-2.1935,43.1685],[-2.195,43.1685],[-2.1955,43.1695],[-2.196,43.169],[-2.196,43.1685],[-2.197,43.169],[-2.1975,43.1695],[-2.198,43.1695],[-2.1985,43.1695],[-2.2005,43.17],[-2.2075,43.171],[-2.213,43.1715],[-2.2135,43.1715],[-2.214,43.173],[-2.215,43.174],[-2.221,43.1735],[-2.2225,43.1755],[-2.2225,43.176],[-2.2245,43.1765],[-2.224,43.177],[-2.224,43.1775],[-2.2245,43.178],[-2.225,43.178],[-2.2255,43.1785],[-2.227,43.1795],[-2.2295,43.179],[-2.2315,43.179],[-2.232,43.179],[-2.235,43.178],[-2.235,43.1785],[-2.236,43.1785],[-2.238,43.178],[-2.2395,43.178],[-2.24,43.178],[-2.2465,43.179],[-2.247,43.1785],[-2.249,43.1775],[-2.25,43.177],[-2.2505,43.1755],[-2.2515,43.1745],[-2.2505,43.175],[-2.249,43.175],[-2.2485,43.1755],[-2.2485,43.175],[-2.2475,43.1735],[-2.2475,43.173],[-2.247,43.173],[-2.2465,43.172],[-2.246,43.1715],[-2.2455,43.171],[-2.2445,43.17],[-2.244,43.1705],[-2.2435,43.1705],[-2.243,43.1705],[-2.2425,43.171],[-2.242,43.1705],[-2.2415,43.1705],[-2.241,43.1705],[-2.2405,43.1705]]],[[[-2.224,42.938],[-2.224,42.937],[-2.22,42.935],[-2.22,42.9345],[-2.218,42.936],[-2.2175,42.936],[-2.216,42.9375],[-2.2165,42.944],[-2.2115,42.9485],[-2.2185,42.955],[-2.2175,42.9555],[-2.219,42.956],[-2.221,42.9545],[-2.2215,42.9545],[-2.2225,42.954],[-2.223,42.954],[-2.2235,42.9535],[-2.2235,42.953],[-2.224,42.953],[-2.224,42.9525],[-2.2245,42.9525],[-2.2245,42.952],[-2.2265,42.9475],[-2.2265,42.947],[-2.2265,42.946],[-2.2265,42.9455],[-2.224,42.938]]],[[[-2.204,43.0655],[-2.205,43.064],[-2.2055,43.065],[-2.2065,43.065],[-2.207,43.064],[-2.2095,43.0645],[-2.2075,43.068],[-2.207,43.068],[-2.2075,43.0685],[-2.21,43.0685],[-2.211,43.069],[-2.2115,43.069],[-2.211,43.068],[-2.211,43.0675],[-2.211,43.067],[-2.212,43.0645],[-2.2125,43.0645],[-2.2125,43.064],[-2.212,43.064],[-2.2125,43.063],[-2.213,43.0605],[-2.213,43.06],[-2.213,43.0595],[-2.2135,43.0595],[-2.2135,43.058],[-2.2135,43.0575],[-2.213,43.0575],[-2.213,43.0565],[-2.213,43.056],[-2.213,43.0555],[-2.213,43.055],[-2.209,43.054],[-2.2085,43.0545],[-2.2075,43.055],[-2.209,43.054],[-2.206,43.0535],[-2.2025,43.054],[-2.2025,43.0545],[-2.2015,43.0545],[-2.2005,43.055],[-2.2005,43.0555],[-2.2005,43.055],[-2.1995,43.056],[-2.2,43.0565],[-2.1995,43.0565],[-2.1995,43.0575],[-2.1995,43.058],[-2.1985,43.058],[-2.1975,43.058],[-2.1975,43.0575],[-2.197,43.0575],[-2.197,43.057],[-2.1965,43.0585],[-2.1965,43.059],[-2.197,43.059],[-2.1975,43.06],[-2.198,43.06],[-2.198,43.0605],[-2.1985,43.061],[-2.198,43.061],[-2.198,43.0615],[-2.1975,43.0625],[-2.197,43.063],[-2.1975,43.0645],[-2.1975,43.065],[-2.198,43.0655],[-2.1985,43.066],[-2.199,43.066],[-2.1995,43.0665],[-2.2,43.0665],[-2.2005,43.0665],[-2.201,43.0675],[-2.2015,43.0675],[-2.202,43.0675],[-2.203,43.068],[-2.2035,43.0685],[-2.204,43.068],[-2.204,43.0685],[-2.205,43.0685],[-2.206,43.069],[-2.2065,43.0685],[-2.2065,43.068],[-2.2065,43.0675],[-2.206,43.0675],[-2.2055,43.0665],[-2.206,43.0665],[-2.2055,43.0665],[-2.205,43.0665],[-2.204,43.066],[-2.204,43.0655]]],[[[-2.2125,43.0715],[-2.2115,43.072],[-2.211,43.0725],[-2.2075,43.0695],[-2.2075,43.07],[-2.2075,43.0735],[-2.2075,43.074],[-2.2155,43.078],[-2.2165,43.078],[-2.2155,43.078],[-2.2095,43.0765],[-2.2085,43.077],[-2.2095,43.079],[-2.208,43.0845],[-2.208,43.0855],[-2.2085,43.0855],[-2.2095,43.086],[-2.212,43.0855],[-2.2165,43.0855],[-2.217,43.0855],[-2.2205,43.0855],[-2.222,43.085],[-2.2235,43.085],[-2.224,43.085],[-2.225,43.085],[-2.2255,43.0845],[-2.2265,43.0845],[-2.2275,43.084],[-2.2275,43.0835],[-2.227,43.083],[-2.226,43.083],[-2.2255,43.0835],[-2.225,43.083],[-2.2205,43.0815],[-2.22,43.081],[-2.219,43.08],[-2.2185,43.0785],[-2.217,43.079],[-2.2165,43.079],[-2.216,43.079],[-2.215,43.0785],[-2.216,43.0785],[-2.2165,43.0785],[-2.217,43.0785],[-2.2185,43.0775],[-2.219,43.077],[-2.219,43.0765],[-2.2195,43.0765],[-2.219,43.0765],[-2.2185,43.0765],[-2.219,43.0765],[-2.2195,43.0765],[-2.2205,43.075],[-2.221,43.0745],[-2.222,43.074],[-2.2205,43.073],[-2.2205,43.0735],[-2.2195,43.0735],[-2.2195,43.073],[-2.219,43.073],[-2.2125,43.0715],[-2.212,43.0715],[-2.2125,43.0715]]],[[[-2.241,43.103],[-2.244,43.099],[-2.2435,43.099],[-2.2425,43.098],[-2.242,43.098],[-2.2415,43.098],[-2.241,43.0975],[-2.241,43.098],[-2.2405,43.0975],[-2.2395,43.0975],[-2.24,43.0985],[-2.2405,43.0985],[-2.241,43.099],[-2.241,43.0995],[-2.2405,43.0995],[-2.24,43.0995],[-2.24,43.1],[-2.24,43.0995],[-2.24,43.099],[-2.24,43.0985],[-2.2395,43.0985],[-2.239,43.0985],[-2.2385,43.0985],[-2.2385,43.099],[-2.239,43.099],[-2.238,43.0995],[-2.237,43.099],[-2.2385,43.0985],[-2.238,43.0985],[-2.238,43.098],[-2.2375,43.098],[-2.2375,43.0985],[-2.2365,43.098],[-2.236,43.098],[-2.235,43.0975],[-2.2345,43.0975],[-2.234,43.0975],[-2.234,43.097],[-2.2345,43.097],[-2.234,43.096],[-2.2275,43.096],[-2.2225,43.0975],[-2.2205,43.092],[-2.219,43.0915],[-2.219,43.092],[-2.219,43.0935],[-2.218,43.094],[-2.218,43.0945],[-2.2175,43.0945],[-2.2175,43.095],[-2.213,43.0925],[-2.2095,43.0895],[-2.2095,43.089],[-2.209,43.089],[-2.206,43.0925],[-2.2105,43.0945],[-2.2145,43.095],[-2.2145,43.0945],[-2.2155,43.095],[-2.215,43.099],[-2.211,43.1015],[-2.2105,43.101],[-2.211,43.099],[-2.2045,43.094],[-2.201,43.098],[-2.205,43.0985],[-2.205,43.098],[-2.205,43.0975],[-2.2055,43.0975],[-2.2055,43.098],[-2.206,43.1005],[-2.207,43.1],[-2.207,43.0995],[-2.208,43.099],[-2.2085,43.099],[-2.209,43.0985],[-2.209,43.099],[-2.208,43.0995],[-2.2075,43.1],[-2.207,43.1],[-2.2065,43.1005],[-2.206,43.1005],[-2.207,43.1035],[-2.207,43.104],[-2.2075,43.1045],[-2.208,43.105],[-2.2075,43.105],[-2.2065,43.1035],[-2.206,43.1005],[-2.2055,43.1],[-2.205,43.1],[-2.2045,43.0995],[-2.2,43.1025],[-2.2005,43.1065],[-2.2075,43.112],[-2.2085,43.1125],[-2.2085,43.1135],[-2.211,43.115],[-2.214,43.116],[-2.2145,43.116],[-2.219,43.1165],[-2.217,43.1175],[-2.21,43.1165],[-2.2075,43.1215],[-2.2095,43.116],[-2.2045,43.1125],[-2.204,43.1125],[-2.194,43.108],[-2.192,43.109],[-2.19,43.11],[-2.1895,43.111],[-2.1895,43.1115],[-2.1895,43.112],[-2.1895,43.1125],[-2.1895,43.113],[-2.191,43.114],[-2.1905,43.1145],[-2.1865,43.1145],[-2.186,43.114],[-2.184,43.1145],[-2.1845,43.118],[-2.1875,43.12],[-2.186,43.1235],[-2.1865,43.1235],[-2.1895,43.124],[-2.19,43.124],[-2.194,43.1245],[-2.195,43.1245],[-2.1955,43.125],[-2.196,43.125],[-2.1965,43.126],[-2.1955,43.1265],[-2.197,43.1265],[-2.198,43.1255],[-2.198,43.124],[-2.1985,43.124],[-2.198,43.1235],[-2.199,43.124],[-2.198,43.124],[-2.198,43.1255],[-2.197,43.127],[-2.1965,43.1275],[-2.197,43.1285],[-2.1975,43.128],[-2.1975,43.1275],[-2.1985,43.127],[-2.198,43.128],[-2.1975,43.128],[-2.1975,43.1285],[-2.1995,43.128],[-2.2,43.1285],[-2.2015,43.129],[-2.202,43.129],[-2.2065,43.128],[-2.206,43.128],[-2.2055,43.127],[-2.2065,43.1255],[-2.206,43.1255],[-2.2065,43.1255],[-2.207,43.1255],[-2.2065,43.1255],[-2.206,43.128],[-2.2075,43.1275],[-2.209,43.127],[-2.2095,43.127],[-2.21,43.127],[-2.2065,43.128],[-2.206,43.1315],[-2.2065,43.132],[-2.2085,43.1305],[-2.209,43.1305],[-2.209,43.13],[-2.211,43.1295],[-2.2115,43.129],[-2.212,43.129],[-2.2125,43.1285],[-2.213,43.128],[-2.213,43.1275],[-2.2135,43.127],[-2.2135,43.1265],[-2.208,43.1235],[-2.2075,43.1235],[-2.205,43.1225],[-2.2045,43.1225],[-2.204,43.1225],[-2.2035,43.1225],[-2.203,43.122],[-2.203,43.1225],[-2.203,43.122],[-2.202,43.1205],[-2.2025,43.1195],[-2.203,43.1185],[-2.2025,43.1185],[-2.202,43.1175],[-2.202,43.117],[-2.2015,43.117],[-2.1985,43.1145],[-2.198,43.114],[-2.1985,43.1135],[-2.1985,43.1145],[-2.199,43.1145],[-2.2015,43.117],[-2.202,43.117],[-2.2025,43.1175],[-2.2025,43.1185],[-2.203,43.1185],[-2.2025,43.1195],[-2.202,43.1205],[-2.2045,43.1225],[-2.205,43.1225],[-2.2065,43.1205],[-2.207,43.12],[-2.2075,43.1185],[-2.207,43.12],[-2.2065,43.1205],[-2.206,43.1225],[-2.2065,43.1225],[-2.2075,43.123],[-2.2085,43.123],[-2.209,43.123],[-2.2115,43.123],[-2.212,43.1225],[-2.212,43.1235],[-2.2165,43.124],[-2.2175,43.1225],[-2.217,43.1225],[-2.217,43.122],[-2.2175,43.1235],[-2.2175,43.1245],[-2.2235,43.125],[-2.2245,43.12],[-2.225,43.12],[-2.225,43.1175],[-2.227,43.117],[-2.2275,43.116],[-2.2265,43.1155],[-2.226,43.1145],[-2.2255,43.1145],[-2.225,43.114],[-2.224,43.114],[-2.223,43.114],[-2.2225,43.114],[-2.222,43.114],[-2.2215,43.1135],[-2.2205,43.1135],[-2.22,43.1135],[-2.2175,43.112],[-2.216,43.1105],[-2.2105,43.108],[-2.2105,43.1075],[-2.2105,43.107],[-2.21,43.107],[-2.2095,43.1065],[-2.2075,43.1055],[-2.2065,43.1055],[-2.206,43.1055],[-2.205,43.1045],[-2.2045,43.1045],[-2.204,43.1045],[-2.2045,43.1045],[-2.205,43.1045],[-2.206,43.1055],[-2.2065,43.1055],[-2.2075,43.1055],[-2.2105,43.107],[-2.2105,43.1075],[-2.2105,43.108],[-2.216,43.1105],[-2.2175,43.112],[-2.2195,43.1125],[-2.22,43.1135],[-2.2205,43.1135],[-2.2215,43.1135],[-2.222,43.114],[-2.2225,43.1135],[-2.2235,43.114],[-2.224,43.114],[-2.225,43.114],[-2.228,43.1115],[-2.2265,43.1095],[-2.2255,43.108],[-2.223,43.106],[-2.2255,43.108],[-2.2265,43.1095],[-2.228,43.1115],[-2.2405,43.103],[-2.2395,43.1025],[-2.24,43.1025],[-2.2395,43.102],[-2.238,43.1025],[-2.236,43.102],[-2.2355,43.1015],[-2.235,43.101],[-2.2345,43.101],[-2.234,43.101],[-2.2335,43.101],[-2.23,43.102],[-2.22,43.1005],[-2.2195,43.098],[-2.219,43.097],[-2.2185,43.097],[-2.218,43.0965],[-2.2185,43.0965],[-2.219,43.097],[-2.2195,43.098],[-2.22,43.1005],[-2.23,43.102],[-2.2335,43.101],[-2.234,43.101],[-2.2345,43.101],[-2.235,43.101],[-2.2355,43.1015],[-2.236,43.102],[-2.238,43.1025],[-2.2395,43.102],[-2.24,43.1025],[-2.241,43.103]]],[[[-2.237,43.159],[-2.237,43.158],[-2.237,43.1575],[-2.2365,43.1575],[-2.2365,43.157],[-2.237,43.155],[-2.2375,43.152],[-2.2375,43.151],[-2.2375,43.1505],[-2.237,43.1505],[-2.237,43.15],[-2.2365,43.1485],[-2.235,43.1485],[-2.235,43.149],[-2.234,43.15],[-2.2335,43.1515],[-2.2335,43.151],[-2.233,43.1525],[-2.2325,43.1525],[-2.232,43.1525],[-2.232,43.153],[-2.232,43.1535],[-2.2315,43.1535],[-2.2295,43.154],[-2.2285,43.1545],[-2.2285,43.155],[-2.228,43.155],[-2.2275,43.155],[-2.2265,43.1555],[-2.226,43.1555],[-2.225,43.1555],[-2.224,43.1555],[-2.222,43.1555],[-2.2195,43.1555],[-2.219,43.1555],[-2.2195,43.1555],[-2.222,43.1555],[-2.22,43.154],[-2.222,43.1555],[-2.2225,43.1555],[-2.224,43.1555],[-2.225,43.1555],[-2.2275,43.155],[-2.228,43.155],[-2.2285,43.1545],[-2.2275,43.1545],[-2.2285,43.1545],[-2.2285,43.154],[-2.2295,43.154],[-2.229,43.151],[-2.231,43.1515],[-2.232,43.1515],[-2.233,43.1515],[-2.2335,43.1505],[-2.2335,43.15],[-2.234,43.15],[-2.234,43.1495],[-2.2345,43.1485],[-2.235,43.1485],[-2.235,43.148],[-2.2325,43.1465],[-2.232,43.146],[-2.2325,43.1435],[-2.232,43.1435],[-2.231,43.143],[-2.2305,43.143],[-2.2275,43.142],[-2.2285,43.141],[-2.227,43.139],[-2.222,43.143],[-2.2225,43.144],[-2.2195,43.1445],[-2.218,43.146],[-2.2175,43.146],[-2.217,43.146],[-2.216,43.1465],[-2.2145,43.1475],[-2.214,43.1475],[-2.212,43.149],[-2.2145,43.1515],[-2.211,43.15],[-2.2105,43.15],[-2.2095,43.1505],[-2.2095,43.15],[-2.2085,43.151],[-2.2085,43.1515],[-2.2085,43.152],[-2.2085,43.1515],[-2.2085,43.151],[-2.209,43.1505],[-2.2085,43.1505],[-2.209,43.1505],[-2.2095,43.1505],[-2.2095,43.15],[-2.2095,43.1505],[-2.2105,43.15],[-2.211,43.15],[-2.2115,43.1495],[-2.2115,43.149],[-2.2045,43.151],[-2.2065,43.1475],[-2.212,43.149],[-2.214,43.1475],[-2.215,43.1465],[-2.214,43.146],[-2.2135,43.146],[-2.213,43.146],[-2.211,43.146],[-2.2105,43.146],[-2.2085,43.146],[-2.208,43.146],[-2.2055,43.1445],[-2.2055,43.144],[-2.205,43.144],[-2.205,43.1435],[-2.205,43.143],[-2.2045,43.1415],[-2.204,43.139],[-2.2045,43.1415],[-2.205,43.143],[-2.205,43.1435],[-2.2055,43.144],[-2.2055,43.1445],[-2.208,43.146],[-2.211,43.146],[-2.213,43.146],[-2.2135,43.146],[-2.214,43.146],[-2.215,43.1465],[-2.216,43.1465],[-2.217,43.146],[-2.2175,43.146],[-2.218,43.146],[-2.2195,43.1445],[-2.22,43.1445],[-2.2205,43.144],[-2.221,43.144],[-2.221,43.1435],[-2.2215,43.143],[-2.22,43.1415],[-2.2195,43.1415],[-2.2195,43.1405],[-2.219,43.14],[-2.2185,43.1395],[-2.219,43.1395],[-2.2195,43.1395],[-2.219,43.139],[-2.2185,43.139],[-2.2185,43.1385],[-2.218,43.1385],[-2.2205,43.139],[-2.222,43.139],[-2.2225,43.1375],[-2.22,43.1375],[-2.22,43.135],[-2.221,43.1345],[-2.22,43.1335],[-2.219,43.133],[-2.2185,43.133],[-2.218,43.133],[-2.2175,43.133],[-2.2175,43.1335],[-2.217,43.133],[-2.2165,43.133],[-2.216,43.133],[-2.2155,43.133],[-2.215,43.133],[-2.2145,43.134],[-2.216,43.1335],[-2.2165,43.1345],[-2.217,43.1345],[-2.2175,43.1345],[-2.217,43.1345],[-2.2165,43.1345],[-2.2155,43.1335],[-2.2145,43.134],[-2.214,43.135],[-2.2115,43.133],[-2.212,43.1325],[-2.2115,43.1325],[-2.211,43.1325],[-2.2075,43.1335],[-2.205,43.1385],[-2.2045,43.1385],[-2.199,43.1395],[-2.1945,43.137],[-2.194,43.1365],[-2.193,43.136],[-2.193,43.1355],[-2.193,43.1305],[-2.1935,43.13],[-2.1945,43.1275],[-2.1955,43.127],[-2.1955,43.1265],[-2.1965,43.126],[-2.1955,43.125],[-2.196,43.1255],[-2.195,43.1245],[-2.194,43.1245],[-2.19,43.124],[-2.1895,43.124],[-2.1865,43.124],[-2.1855,43.1245],[-2.184,43.1245],[-2.184,43.1255],[-2.184,43.126],[-2.1845,43.126],[-2.1845,43.1265],[-2.184,43.1265],[-2.184,43.126],[-2.1835,43.126],[-2.182,43.125],[-2.176,43.127],[-2.1735,43.125],[-2.1725,43.125],[-2.172,43.125],[-2.1715,43.1255],[-2.171,43.1255],[-2.1695,43.131],[-2.169,43.131],[-2.1675,43.1305],[-2.1665,43.126],[-2.1705,43.124],[-2.17,43.124],[-2.1685,43.1245],[-2.1685,43.125],[-2.168,43.1245],[-2.1675,43.1245],[-2.1665,43.125],[-2.166,43.125],[-2.166,43.1245],[-2.166,43.124],[-2.1625,43.1235],[-2.162,43.1235],[-2.16,43.1225],[-2.16,43.122],[-2.1615,43.122],[-2.162,43.1225],[-2.162,43.123],[-2.162,43.1235],[-2.1635,43.122],[-2.162,43.122],[-2.1625,43.121],[-2.162,43.121],[-2.1615,43.1205],[-2.161,43.12],[-2.16,43.1215],[-2.1595,43.121],[-2.1595,43.1205],[-2.1585,43.1185],[-2.158,43.1185],[-2.1575,43.119],[-2.157,43.119],[-2.1565,43.1195],[-2.156,43.1195],[-2.156,43.12],[-2.156,43.1205],[-2.156,43.121],[-2.1555,43.122],[-2.1555,43.1225],[-2.156,43.1225],[-2.1565,43.123],[-2.156,43.123],[-2.1555,43.123],[-2.1555,43.1235],[-2.155,43.124],[-2.1555,43.124],[-2.1625,43.125],[-2.163,43.1255],[-2.1635,43.1255],[-2.1585,43.128],[-2.159,43.128],[-2.159,43.1285],[-2.159,43.129],[-2.1595,43.129],[-2.1605,43.129],[-2.163,43.1285],[-2.1625,43.1295],[-2.164,43.1305],[-2.162,43.131],[-2.162,43.1325],[-2.166,43.135],[-2.1665,43.1355],[-2.168,43.137],[-2.169,43.1365],[-2.169,43.136],[-2.169,43.1355],[-2.168,43.135],[-2.1665,43.134],[-2.167,43.1335],[-2.167,43.133],[-2.1675,43.1335],[-2.1695,43.1325],[-2.1705,43.133],[-2.1705,43.1345],[-2.1705,43.135],[-2.171,43.135],[-2.1715,43.135],[-2.172,43.135],[-2.1715,43.1355],[-2.171,43.135],[-2.1705,43.1355],[-2.17,43.1355],[-2.17,43.136],[-2.1695,43.1365],[-2.1705,43.137],[-2.171,43.136],[-2.172,43.1365],[-2.1715,43.1365],[-2.172,43.137],[-2.171,43.137],[-2.171,43.1375],[-2.1735,43.1395],[-2.174,43.1395],[-2.176,43.141],[-2.177,43.1405],[-2.1795,43.1395],[-2.1805,43.139],[-2.181,43.139],[-2.1805,43.139],[-2.18,43.139],[-2.1795,43.1395],[-2.179,43.1395],[-2.179,43.141],[-2.1765,43.1415],[-2.1755,43.141],[-2.175,43.141],[-2.1745,43.1405],[-2.1745,43.141],[-2.1745,43.1415],[-2.175,43.1425],[-2.1755,43.143],[-2.175,43.143],[-2.175,43.1435],[-2.1755,43.144],[-2.176,43.144],[-2.1765,43.1445],[-2.178,43.144],[-2.178,43.145],[-2.1785,43.1455],[-2.1785,43.1465],[-2.18,43.145],[-2.18,43.1445],[-2.1815,43.145],[-2.181,43.1455],[-2.19,43.139],[-2.19,43.1385],[-2.185,43.1355],[-2.175,43.1365],[-2.175,43.137],[-2.174,43.137],[-2.173,43.137],[-2.173,43.1365],[-2.174,43.1365],[-2.174,43.136],[-2.1745,43.136],[-2.1745,43.1355],[-2.174,43.1355],[-2.1745,43.135],[-2.175,43.135],[-2.175,43.1345],[-2.1755,43.132],[-2.185,43.133],[-2.1885,43.1345],[-2.1905,43.1355],[-2.1895,43.137],[-2.19,43.137],[-2.19,43.138],[-2.1915,43.1405],[-2.192,43.141],[-2.1945,43.142],[-2.192,43.147],[-2.1885,43.1475],[-2.184,43.148],[-2.1845,43.1485],[-2.185,43.1485],[-2.186,43.149],[-2.1865,43.149],[-2.1865,43.1495],[-2.187,43.1495],[-2.187,43.15],[-2.1875,43.1505],[-2.189,43.1505],[-2.1895,43.1505],[-2.19,43.1505],[-2.19,43.151],[-2.19,43.1515],[-2.1905,43.1515],[-2.1925,43.151],[-2.193,43.1505],[-2.194,43.1515],[-2.1945,43.1515],[-2.1945,43.152],[-2.1955,43.152],[-2.1955,43.1525],[-2.197,43.153],[-2.198,43.1535],[-2.198,43.154],[-2.197,43.151],[-2.1935,43.15],[-2.203,43.1395],[-2.203,43.14],[-2.2025,43.1405],[-2.2025,43.143],[-2.2025,43.1435],[-2.2015,43.1485],[-2.2045,43.1535],[-2.2125,43.155],[-2.212,43.155],[-2.221,43.1565],[-2.2145,43.1595],[-2.215,43.1625],[-2.2155,43.1625],[-2.2155,43.163],[-2.2155,43.1635],[-2.216,43.1635],[-2.216,43.163],[-2.2175,43.1635],[-2.218,43.1635],[-2.219,43.1635],[-2.22,43.163],[-2.219,43.163],[-2.2185,43.163],[-2.2175,43.1605],[-2.2195,43.1615],[-2.22,43.1615],[-2.2225,43.162],[-2.2225,43.1615],[-2.223,43.1615],[-2.2225,43.161],[-2.223,43.161],[-2.224,43.16],[-2.2245,43.1595],[-2.225,43.1595],[-2.225,43.159],[-2.224,43.1585],[-2.225,43.159],[-2.2265,43.159],[-2.2275,43.159],[-2.2285,43.159],[-2.231,43.159],[-2.2315,43.159],[-2.232,43.159],[-2.2355,43.1575],[-2.237,43.159]]],[[[-2.2245,43.1805],[-2.2255,43.179],[-2.222,43.1765],[-2.221,43.174],[-2.214,43.1755],[-2.206,43.1745],[-2.206,43.1755],[-2.2055,43.1755],[-2.2045,43.177],[-2.2045,43.1775],[-2.2045,43.178],[-2.2045,43.1785],[-2.204,43.1785],[-2.204,43.179],[-2.204,43.1795],[-2.2035,43.18],[-2.2025,43.183],[-2.202,43.183],[-2.202,43.1835],[-2.2005,43.1845],[-2.2005,43.185],[-2.1995,43.185],[-2.1995,43.1855],[-2.199,43.1855],[-2.1975,43.187],[-2.197,43.1875],[-2.1965,43.1885],[-2.196,43.189],[-2.1955,43.189],[-2.195,43.1905],[-2.195,43.19],[-2.196,43.19],[-2.1955,43.1905],[-2.1955,43.191],[-2.1975,43.191],[-2.1985,43.1905],[-2.1995,43.1895],[-2.2,43.189],[-2.201,43.189],[-2.2015,43.1885],[-2.202,43.1885],[-2.2025,43.1885],[-2.203,43.1885],[-2.205,43.186],[-2.2055,43.185],[-2.2085,43.184],[-2.2095,43.184],[-2.2145,43.182],[-2.214,43.1815],[-2.2145,43.181],[-2.217,43.1815],[-2.2175,43.1815],[-2.217,43.1825],[-2.2175,43.1825],[-2.2175,43.182],[-2.2175,43.1825],[-2.217,43.1825],[-2.2165,43.1825],[-2.209,43.186],[-2.2095,43.1915],[-2.2045,43.194],[-2.205,43.195],[-2.2055,43.196],[-2.2065,43.196],[-2.206,43.197],[-2.2065,43.1965],[-2.2075,43.196],[-2.208,43.1955],[-2.2085,43.1955],[-2.209,43.1955],[-2.209,43.195],[-2.2095,43.1945],[-2.2115,43.193],[-2.2125,43.1925],[-2.213,43.192],[-2.216,43.1885],[-2.216,43.1875],[-2.2165,43.1885],[-2.217,43.1885],[-2.2175,43.188],[-2.2175,43.187],[-2.2185,43.187],[-2.2195,43.1865],[-2.2195,43.186],[-2.2205,43.1855],[-2.221,43.1845],[-2.2215,43.1835],[-2.222,43.1835],[-2.2225,43.1825],[-2.2225,43.182],[-2.223,43.182],[-2.223,43.1815],[-2.2235,43.181],[-2.224,43.181],[-2.224,43.1805],[-2.2245,43.1805]]],[[[-2.229,43.259],[-2.229,43.2575],[-2.2285,43.2575],[-2.229,43.257],[-2.2285,43.2565],[-2.2245,43.256],[-2.217,43.2595],[-2.216,43.26],[-2.21,43.2565],[-2.2095,43.2565],[-2.2095,43.256],[-2.2075,43.255],[-2.2075,43.2545],[-2.209,43.253],[-2.2095,43.252],[-2.2085,43.2495],[-2.207,43.2495],[-2.207,43.2465],[-2.205,43.247],[-2.2045,43.247],[-2.2035,43.247],[-2.204,43.2485],[-2.204,43.251],[-2.2035,43.253],[-2.203,43.253],[-2.2025,43.2535],[-2.2025,43.253],[-2.201,43.2525],[-2.2,43.253],[-2.2,43.2535],[-2.2,43.253],[-2.1975,43.254],[-2.1935,43.2535],[-2.193,43.253],[-2.193,43.2535],[-2.1925,43.2535],[-2.192,43.254],[-2.1915,43.254],[-2.1915,43.2545],[-2.192,43.2545],[-2.19,43.2615],[-2.1905,43.259],[-2.185,43.268],[-2.185,43.2685],[-2.183,43.2715],[-2.1825,43.2715],[-2.182,43.271],[-2.182,43.272],[-2.1825,43.2725],[-2.1835,43.2725],[-2.1845,43.2725],[-2.1865,43.271],[-2.187,43.27],[-2.188,43.2695],[-2.19,43.266],[-2.19,43.2655],[-2.19,43.2645],[-2.1905,43.264],[-2.191,43.264],[-2.191,43.2635],[-2.1915,43.2635],[-2.192,43.2635],[-2.1925,43.263],[-2.193,43.263],[-2.1945,43.2625],[-2.1955,43.2625],[-2.1955,43.262],[-2.1965,43.2625],[-2.205,43.261],[-2.2055,43.2615],[-2.2065,43.262],[-2.207,43.262],[-2.2075,43.262],[-2.211,43.263],[-2.2105,43.2635],[-2.21,43.2635],[-2.2095,43.2635],[-2.209,43.2635],[-2.209,43.264],[-2.2095,43.2655],[-2.212,43.264],[-2.2125,43.263],[-2.2155,43.263],[-2.2165,43.2665],[-2.217,43.2665],[-2.2195,43.266],[-2.218,43.264],[-2.2165,43.2615],[-2.2205,43.262],[-2.221,43.2625],[-2.2215,43.2625],[-2.229,43.2625],[-2.2295,43.262],[-2.23,43.262],[-2.2305,43.262],[-2.23,43.2615],[-2.2295,43.2615],[-2.2295,43.261],[-2.229,43.2595],[-2.229,43.259]]],[[[-2.197,43.074],[-2.2025,43.073],[-2.2075,43.0735],[-2.2075,43.07],[-2.207,43.07],[-2.2055,43.0705],[-2.205,43.0695],[-2.206,43.0695],[-2.206,43.069],[-2.2045,43.0685],[-2.204,43.0685],[-2.203,43.069],[-2.203,43.0685],[-2.203,43.068],[-2.202,43.068],[-2.202,43.0675],[-2.2015,43.0675],[-2.201,43.0675],[-2.2005,43.068],[-2.2,43.0675],[-2.2005,43.0675],[-2.2,43.067],[-2.2,43.0665],[-2.1995,43.0665],[-2.199,43.066],[-2.1985,43.066],[-2.198,43.0655],[-2.1975,43.0655],[-2.1955,43.065],[-2.1975,43.065],[-2.1975,43.0645],[-2.197,43.063],[-2.1975,43.0625],[-2.198,43.061],[-2.198,43.0605],[-2.1965,43.06],[-2.197,43.059],[-2.1965,43.059],[-2.1965,43.0585],[-2.196,43.0585],[-2.1955,43.0585],[-2.1925,43.0595],[-2.1925,43.0585],[-2.191,43.0595],[-2.1905,43.0595],[-2.19,43.061],[-2.1895,43.0615],[-2.19,43.062],[-2.1905,43.063],[-2.19,43.0635],[-2.1905,43.064],[-2.191,43.064],[-2.1905,43.0645],[-2.1905,43.065],[-2.1905,43.066],[-2.191,43.066],[-2.191,43.0665],[-2.1915,43.067],[-2.1915,43.0675],[-2.191,43.0675],[-2.1905,43.068],[-2.1905,43.0685],[-2.1905,43.069],[-2.1905,43.0695],[-2.191,43.0695],[-2.191,43.07],[-2.1905,43.0705],[-2.1905,43.071],[-2.191,43.0715],[-2.191,43.072],[-2.191,43.0725],[-2.192,43.0735],[-2.1925,43.074],[-2.1925,43.0745],[-2.192,43.074],[-2.1915,43.0735],[-2.191,43.0725],[-2.191,43.0715],[-2.1905,43.071],[-2.1905,43.0705],[-2.191,43.07],[-2.191,43.0695],[-2.1905,43.0695],[-2.1905,43.069],[-2.19,43.0685],[-2.19,43.068],[-2.1905,43.0675],[-2.191,43.067],[-2.191,43.0675],[-2.1915,43.067],[-2.191,43.0665],[-2.1905,43.0665],[-2.1905,43.066],[-2.1905,43.065],[-2.1905,43.0645],[-2.1905,43.064],[-2.19,43.0635],[-2.1905,43.063],[-2.19,43.062],[-2.1895,43.0615],[-2.19,43.061],[-2.19,43.0605],[-2.19,43.06],[-2.189,43.06],[-2.1865,43.06],[-2.1875,43.0605],[-2.1895,43.0605],[-2.184,43.061],[-2.1835,43.061],[-2.1835,43.06],[-2.183,43.06],[-2.1825,43.06],[-2.182,43.0605],[-2.1805,43.063],[-2.1785,43.0645],[-2.181,43.0675],[-2.179,43.0665],[-2.179,43.066],[-2.178,43.065],[-2.176,43.0665],[-2.1775,43.068],[-2.1775,43.0685],[-2.178,43.0685],[-2.179,43.069],[-2.1785,43.07],[-2.178,43.0705],[-2.1785,43.072],[-2.1775,43.0725],[-2.1775,43.072],[-2.177,43.072],[-2.1765,43.072],[-2.1765,43.0715],[-2.177,43.0685],[-2.1755,43.0665],[-2.1735,43.0685],[-2.173,43.069],[-2.172,43.0705],[-2.1725,43.07],[-2.173,43.0695],[-2.1725,43.0705],[-2.1715,43.072],[-2.17,43.0725],[-2.1735,43.0725],[-2.174,43.0725],[-2.1805,43.073],[-2.1805,43.0705],[-2.1805,43.07],[-2.181,43.0695],[-2.182,43.068],[-2.1825,43.068],[-2.183,43.0675],[-2.183,43.067],[-2.1835,43.0735],[-2.1835,43.074],[-2.1855,43.0735],[-2.1865,43.076],[-2.1925,43.081],[-2.196,43.0795],[-2.2065,43.077],[-2.2045,43.0765],[-2.204,43.0765],[-2.2,43.077],[-2.2,43.0775],[-2.1995,43.0775],[-2.199,43.077],[-2.198,43.077],[-2.198,43.0765],[-2.1985,43.077],[-2.199,43.077],[-2.1995,43.077],[-2.2,43.077],[-2.199,43.0735],[-2.197,43.074]]],[[[-2.183,43.0775],[-2.178,43.0745],[-2.1725,43.075],[-2.172,43.0745],[-2.1695,43.0745],[-2.1675,43.0755],[-2.1675,43.076],[-2.168,43.0765],[-2.168,43.077],[-2.1705,43.077],[-2.171,43.077],[-2.168,43.0775],[-2.1675,43.079],[-2.1685,43.079],[-2.1725,43.079],[-2.173,43.079],[-2.1735,43.079],[-2.178,43.0795],[-2.179,43.0795],[-2.1795,43.0795],[-2.179,43.0795],[-2.178,43.0795],[-2.1735,43.079],[-2.173,43.0795],[-2.172,43.0795],[-2.1725,43.079],[-2.1685,43.079],[-2.1665,43.0805],[-2.166,43.081],[-2.1665,43.081],[-2.167,43.081],[-2.167,43.0815],[-2.167,43.083],[-2.168,43.0835],[-2.168,43.084],[-2.168,43.0865],[-2.1685,43.087],[-2.169,43.087],[-2.1685,43.0875],[-2.169,43.0885],[-2.1695,43.089],[-2.17,43.089],[-2.1705,43.0895],[-2.171,43.0895],[-2.1715,43.0895],[-2.1725,43.0895],[-2.1725,43.09],[-2.1735,43.0895],[-2.1735,43.09],[-2.174,43.0895],[-2.1745,43.0895],[-2.175,43.0895],[-2.1755,43.0895],[-2.177,43.089],[-2.178,43.089],[-2.1785,43.089],[-2.179,43.089],[-2.1825,43.089],[-2.186,43.089],[-2.1865,43.089],[-2.1875,43.089],[-2.188,43.089],[-2.1895,43.0895],[-2.19,43.0895],[-2.1905,43.0895],[-2.191,43.089],[-2.1925,43.089],[-2.194,43.0885],[-2.195,43.0875],[-2.1945,43.0875],[-2.195,43.0875],[-2.199,43.087],[-2.199,43.0865],[-2.1995,43.0865],[-2.201,43.086],[-2.2015,43.086],[-2.202,43.0865],[-2.2025,43.0865],[-2.2035,43.0865],[-2.203,43.0865],[-2.2025,43.0865],[-2.2005,43.0865],[-2.2,43.0865],[-2.2,43.087],[-2.199,43.087],[-2.195,43.0875],[-2.195,43.0885],[-2.194,43.0885],[-2.1925,43.089],[-2.191,43.089],[-2.191,43.0895],[-2.1915,43.0895],[-2.1895,43.0895],[-2.189,43.09],[-2.1855,43.0895],[-2.1855,43.089],[-2.1825,43.089],[-2.179,43.089],[-2.1785,43.089],[-2.178,43.089],[-2.177,43.089],[-2.1755,43.0895],[-2.175,43.0895],[-2.1745,43.0895],[-2.174,43.09],[-2.1735,43.09],[-2.173,43.0905],[-2.1725,43.0905],[-2.172,43.0905],[-2.172,43.09],[-2.172,43.0895],[-2.171,43.0895],[-2.17,43.0895],[-2.1685,43.0895],[-2.1685,43.089],[-2.1695,43.089],[-2.169,43.089],[-2.168,43.089],[-2.168,43.0895],[-2.17,43.09],[-2.169,43.0905],[-2.17,43.0905],[-2.17,43.091],[-2.174,43.093],[-2.181,43.0975],[-2.183,43.0975],[-2.188,43.0985],[-2.1885,43.0985],[-2.188,43.0985],[-2.185,43.098],[-2.1845,43.098],[-2.1805,43.0975],[-2.18,43.098],[-2.1805,43.0985],[-2.1805,43.0995],[-2.1805,43.1005],[-2.1805,43.101],[-2.181,43.101],[-2.181,43.1015],[-2.181,43.102],[-2.181,43.1025],[-2.181,43.102],[-2.181,43.1015],[-2.1805,43.101],[-2.1805,43.1005],[-2.1805,43.0995],[-2.1805,43.0985],[-2.18,43.098],[-2.18,43.0975],[-2.17,43.091],[-2.169,43.091],[-2.169,43.0905],[-2.1685,43.0905],[-2.168,43.09],[-2.167,43.0905],[-2.1665,43.091],[-2.1655,43.0915],[-2.1645,43.0925],[-2.1645,43.092],[-2.1645,43.0925],[-2.1635,43.093],[-2.163,43.0935],[-2.1615,43.0945],[-2.161,43.0955],[-2.161,43.096],[-2.161,43.0965],[-2.1605,43.097],[-2.164,43.0965],[-2.164,43.096],[-2.1665,43.0945],[-2.167,43.0945],[-2.1665,43.0945],[-2.165,43.096],[-2.1645,43.098],[-2.168,43.098],[-2.1675,43.099],[-2.164,43.098],[-2.163,43.0975],[-2.1625,43.0975],[-2.162,43.098],[-2.1615,43.098],[-2.163,43.099],[-2.161,43.1005],[-2.1615,43.101],[-2.162,43.1015],[-2.1625,43.1015],[-2.164,43.107],[-2.165,43.108],[-2.1655,43.108],[-2.166,43.1085],[-2.1665,43.1085],[-2.167,43.108],[-2.1675,43.108],[-2.168,43.1075],[-2.166,43.107],[-2.1695,43.1065],[-2.1695,43.105],[-2.172,43.0995],[-2.1725,43.0985],[-2.175,43.105],[-2.176,43.104],[-2.176,43.103],[-2.176,43.1025],[-2.1765,43.1015],[-2.1765,43.101],[-2.1775,43.101],[-2.1765,43.104],[-2.1775,43.107],[-2.177,43.1075],[-2.177,43.108],[-2.1775,43.108],[-2.178,43.108],[-2.181,43.1075],[-2.182,43.1085],[-2.179,43.1095],[-2.1845,43.112],[-2.1855,43.112],[-2.1895,43.11],[-2.1895,43.109],[-2.19,43.109],[-2.1905,43.109],[-2.1925,43.1075],[-2.192,43.104],[-2.1905,43.1035],[-2.19,43.1035],[-2.19,43.103],[-2.184,43.101],[-2.1835,43.1],[-2.183,43.1],[-2.183,43.0995],[-2.1845,43.1],[-2.1855,43.1005],[-2.1885,43.101],[-2.1905,43.1015],[-2.192,43.104],[-2.1965,43.103],[-2.199,43.102],[-2.199,43.1015],[-2.199,43.1],[-2.199,43.0995],[-2.1995,43.099],[-2.2,43.0985],[-2.2015,43.095],[-2.2,43.094],[-2.2025,43.093],[-2.202,43.0945],[-2.204,43.0935],[-2.2045,43.0935],[-2.2055,43.092],[-2.2055,43.091],[-2.205,43.0905],[-2.2055,43.09],[-2.2055,43.089],[-2.207,43.087],[-2.2,43.0835],[-2.1995,43.0835],[-2.196,43.0825],[-2.1895,43.083],[-2.189,43.0805],[-2.183,43.0775]]],[[[-2.197,43.186],[-2.1975,43.1855],[-2.198,43.1855],[-2.198,43.185],[-2.198,43.1845],[-2.2015,43.1815],[-2.202,43.1815],[-2.202,43.181],[-2.2025,43.1805],[-2.203,43.18],[-2.2035,43.1795],[-2.2035,43.179],[-2.204,43.1785],[-2.205,43.1755],[-2.2055,43.1745],[-2.205,43.1745],[-2.2045,43.1745],[-2.204,43.1745],[-2.2035,43.1745],[-2.203,43.1745],[-2.2025,43.1745],[-2.2025,43.174],[-2.202,43.174],[-2.201,43.174],[-2.2005,43.174],[-2.2,43.1735],[-2.1995,43.173],[-2.1985,43.171],[-2.198,43.171],[-2.198,43.172],[-2.199,43.1725],[-2.1985,43.173],[-2.1965,43.1725],[-2.197,43.171],[-2.196,43.1705],[-2.1955,43.1705],[-2.195,43.17],[-2.1945,43.17],[-2.194,43.1695],[-2.1935,43.1695],[-2.193,43.1695],[-2.193,43.169],[-2.1925,43.169],[-2.192,43.169],[-2.1915,43.169],[-2.189,43.168],[-2.1885,43.168],[-2.188,43.168],[-2.188,43.1675],[-2.1875,43.1675],[-2.187,43.1675],[-2.185,43.167],[-2.185,43.1665],[-2.1845,43.1665],[-2.184,43.1665],[-2.183,43.1665],[-2.1825,43.1675],[-2.1825,43.168],[-2.182,43.1685],[-2.1815,43.1685],[-2.1785,43.172],[-2.179,43.1735],[-2.18,43.1735],[-2.1805,43.1725],[-2.181,43.173],[-2.1815,43.1735],[-2.182,43.1755],[-2.1845,43.175],[-2.183,43.175],[-2.1845,43.1745],[-2.1855,43.173],[-2.1865,43.1735],[-2.1845,43.1745],[-2.185,43.175],[-2.187,43.1745],[-2.1875,43.174],[-2.188,43.1735],[-2.188,43.173],[-2.193,43.174],[-2.1935,43.176],[-2.1875,43.181],[-2.183,43.182],[-2.177,43.185],[-2.1775,43.1875],[-2.186,43.194],[-2.1865,43.194],[-2.1875,43.194],[-2.1905,43.1905],[-2.191,43.19],[-2.1905,43.19],[-2.1895,43.1885],[-2.1885,43.188],[-2.1895,43.188],[-2.19,43.1885],[-2.1905,43.1885],[-2.1905,43.188],[-2.1935,43.1875],[-2.1945,43.187],[-2.1935,43.1875],[-2.1945,43.187],[-2.195,43.1865],[-2.1955,43.1865],[-2.195,43.186],[-2.196,43.1865],[-2.1965,43.1865],[-2.1965,43.186],[-2.197,43.186]]],[[[-2.184,43.204],[-2.184,43.2035],[-2.1845,43.2035],[-2.1845,43.203],[-2.1845,43.2025],[-2.1845,43.202],[-2.185,43.2015],[-2.185,43.202],[-2.1845,43.202],[-2.185,43.202],[-2.1845,43.2025],[-2.19,43.2],[-2.1905,43.1995],[-2.189,43.1975],[-2.1885,43.1975],[-2.1875,43.196],[-2.186,43.197],[-2.1855,43.197],[-2.184,43.1975],[-2.184,43.198],[-2.1835,43.198],[-2.183,43.198],[-2.1825,43.1985],[-2.1815,43.199],[-2.1815,43.1995],[-2.181,43.1995],[-2.18,43.2],[-2.1795,43.201],[-2.1795,43.2],[-2.1825,43.196],[-2.179,43.1945],[-2.178,43.193],[-2.1775,43.193],[-2.175,43.193],[-2.171,43.193],[-2.1695,43.193],[-2.1685,43.1955],[-2.171,43.195],[-2.1705,43.197],[-2.1685,43.197],[-2.1685,43.1925],[-2.1685,43.191],[-2.165,43.1955],[-2.164,43.2025],[-2.1635,43.2025],[-2.164,43.2075],[-2.1715,43.2105],[-2.1735,43.209],[-2.1735,43.2085],[-2.173,43.2085],[-2.1735,43.2075],[-2.173,43.207],[-2.173,43.206],[-2.175,43.2065],[-2.178,43.2065],[-2.181,43.2075],[-2.182,43.206],[-2.182,43.2055],[-2.1825,43.2055],[-2.183,43.205],[-2.183,43.2045],[-2.1835,43.2045],[-2.1835,43.204],[-2.184,43.204]]],[[[-2.1565,43.0955],[-2.1555,43.0945],[-2.158,43.094],[-2.1585,43.094],[-2.1595,43.093],[-2.1595,43.0925],[-2.1585,43.0885],[-2.158,43.0885],[-2.1575,43.088],[-2.157,43.088],[-2.156,43.089],[-2.156,43.0895],[-2.1555,43.0895],[-2.1545,43.09],[-2.154,43.0925],[-2.1535,43.0925],[-2.1535,43.0905],[-2.1505,43.091],[-2.15,43.091],[-2.1495,43.091],[-2.149,43.091],[-2.1485,43.0915],[-2.148,43.0915],[-2.145,43.092],[-2.1445,43.0915],[-2.144,43.092],[-2.1435,43.093],[-2.143,43.0935],[-2.1435,43.094],[-2.144,43.095],[-2.1445,43.095],[-2.145,43.095],[-2.145,43.0955],[-2.1435,43.095],[-2.143,43.0945],[-2.1425,43.094],[-2.141,43.097],[-2.1405,43.0975],[-2.144,43.0995],[-2.1445,43.0995],[-2.145,43.0995],[-2.1455,43.0995],[-2.148,43.0995],[-2.1485,43.0995],[-2.15,43.0995],[-2.151,43.1],[-2.155,43.101],[-2.1555,43.101],[-2.157,43.103],[-2.151,43.1],[-2.15,43.0995],[-2.1485,43.0995],[-2.148,43.0995],[-2.1455,43.0995],[-2.145,43.0995],[-2.1445,43.0995],[-2.144,43.0995],[-2.14,43.098],[-2.1435,43.1],[-2.1505,43.101],[-2.15,43.104],[-2.1515,43.1065],[-2.1525,43.1045],[-2.1515,43.1045],[-2.1545,43.104],[-2.155,43.107],[-2.156,43.109],[-2.156,43.1095],[-2.1565,43.11],[-2.157,43.11],[-2.158,43.1105],[-2.1585,43.1105],[-2.159,43.1105],[-2.159,43.1115],[-2.1605,43.1105],[-2.161,43.1105],[-2.1615,43.1105],[-2.1625,43.1095],[-2.162,43.1065],[-2.1605,43.1045],[-2.1625,43.104],[-2.1625,43.1035],[-2.162,43.1025],[-2.162,43.1015],[-2.1615,43.1015],[-2.1615,43.101],[-2.161,43.101],[-2.161,43.1005],[-2.1605,43.1005],[-2.1605,43.1],[-2.16,43.0995],[-2.1595,43.0995],[-2.159,43.099],[-2.1585,43.0985],[-2.158,43.098],[-2.158,43.0975],[-2.1575,43.097],[-2.1565,43.097],[-2.1575,43.096],[-2.157,43.096],[-2.157,43.0955],[-2.1565,43.0955]]],[[[-2.144,43.102],[-2.143,43.1005],[-2.1415,43.1],[-2.142,43.101],[-2.1395,43.104],[-2.142,43.111],[-2.1435,43.1105],[-2.1455,43.1105],[-2.1455,43.1115],[-2.1435,43.111],[-2.143,43.1115],[-2.1395,43.1145],[-2.1395,43.115],[-2.14,43.1155],[-2.1395,43.1155],[-2.141,43.1175],[-2.1415,43.1175],[-2.142,43.117],[-2.143,43.1165],[-2.1445,43.115],[-2.145,43.115],[-2.147,43.1145],[-2.15,43.114],[-2.1505,43.114],[-2.151,43.114],[-2.1515,43.1135],[-2.1525,43.113],[-2.1525,43.112],[-2.153,43.112],[-2.153,43.1125],[-2.1565,43.1115],[-2.154,43.1115],[-2.154,43.111],[-2.1555,43.109],[-2.1515,43.1075],[-2.1515,43.107],[-2.147,43.1035],[-2.1465,43.1035],[-2.148,43.102],[-2.145,43.102],[-2.145,43.103],[-2.1445,43.103],[-2.144,43.102]]],[[[-2.157,43.1255],[-2.1545,43.124],[-2.154,43.1235],[-2.1525,43.1225],[-2.152,43.1215],[-2.1515,43.1215],[-2.15,43.122],[-2.149,43.122],[-2.1475,43.1225],[-2.1435,43.1255],[-2.145,43.127],[-2.1455,43.1275],[-2.1455,43.128],[-2.1455,43.1285],[-2.1455,43.129],[-2.1455,43.13],[-2.144,43.1315],[-2.1465,43.131],[-2.146,43.1325],[-2.1435,43.134],[-2.1415,43.1335],[-2.137,43.135],[-2.138,43.137],[-2.137,43.135],[-2.132,43.1345],[-2.1325,43.135],[-2.1315,43.135],[-2.1295,43.1345],[-2.128,43.1345],[-2.1305,43.1355],[-2.131,43.143],[-2.1325,43.144],[-2.133,43.1445],[-2.1395,43.148],[-2.1405,43.1465],[-2.1405,43.146],[-2.141,43.146],[-2.147,43.1475],[-2.1475,43.1475],[-2.148,43.147],[-2.1485,43.147],[-2.1505,43.147],[-2.1485,43.1485],[-2.1415,43.1475],[-2.1395,43.148],[-2.139,43.149],[-2.1395,43.1495],[-2.139,43.1505],[-2.139,43.15],[-2.139,43.1495],[-2.138,43.1505],[-2.1375,43.151],[-2.138,43.152],[-2.1425,43.1535],[-2.137,43.1535],[-2.138,43.156],[-2.138,43.1565],[-2.146,43.159],[-2.143,43.1545],[-2.1505,43.1555],[-2.151,43.1565],[-2.1515,43.1545],[-2.1535,43.1535],[-2.153,43.1535],[-2.154,43.1525],[-2.1545,43.151],[-2.1545,43.1505],[-2.1555,43.149],[-2.155,43.149],[-2.1545,43.149],[-2.1545,43.1495],[-2.154,43.15],[-2.1535,43.15],[-2.154,43.15],[-2.1535,43.1505],[-2.152,43.1515],[-2.1515,43.1515],[-2.1515,43.151],[-2.151,43.1515],[-2.151,43.152],[-2.151,43.1525],[-2.1515,43.1525],[-2.152,43.1525],[-2.1515,43.1525],[-2.151,43.1525],[-2.1475,43.151],[-2.147,43.151],[-2.1465,43.1515],[-2.147,43.151],[-2.1465,43.1505],[-2.146,43.1505],[-2.15,43.1505],[-2.1505,43.1505],[-2.1505,43.151],[-2.152,43.1505],[-2.1525,43.1505],[-2.1525,43.15],[-2.154,43.1495],[-2.1545,43.1495],[-2.1545,43.149],[-2.155,43.149],[-2.1555,43.1485],[-2.156,43.1485],[-2.1565,43.148],[-2.157,43.1475],[-2.1575,43.1475],[-2.1575,43.147],[-2.158,43.146],[-2.1575,43.1455],[-2.1505,43.1455],[-2.151,43.1455],[-2.151,43.1445],[-2.152,43.1445],[-2.1525,43.1445],[-2.1535,43.1445],[-2.155,43.144],[-2.154,43.143],[-2.1535,43.1425],[-2.153,43.1425],[-2.1535,43.142],[-2.153,43.142],[-2.1525,43.1415],[-2.1525,43.141],[-2.152,43.1405],[-2.152,43.14],[-2.1515,43.139],[-2.1515,43.1385],[-2.152,43.1375],[-2.1525,43.1365],[-2.1535,43.1355],[-2.154,43.135],[-2.1545,43.135],[-2.158,43.133],[-2.158,43.132],[-2.1585,43.1325],[-2.159,43.132],[-2.1585,43.132],[-2.1585,43.1315],[-2.158,43.13],[-2.1585,43.1295],[-2.1585,43.129],[-2.1575,43.1275],[-2.157,43.1255]]],[[[-2.104,43.119],[-2.0985,43.12],[-2.098,43.1205],[-2.0975,43.1205],[-2.0975,43.121],[-2.096,43.121],[-2.096,43.1215],[-2.0955,43.1215],[-2.095,43.1215],[-2.094,43.1215],[-2.0925,43.1215],[-2.0945,43.1235],[-2.095,43.1235],[-2.0955,43.124],[-2.096,43.124],[-2.0965,43.124],[-2.097,43.1235],[-2.0975,43.1235],[-2.0985,43.123],[-2.099,43.123],[-2.101,43.123],[-2.1015,43.123],[-2.102,43.123],[-2.1025,43.123],[-2.103,43.123],[-2.1035,43.123],[-2.1045,43.123],[-2.105,43.123],[-2.107,43.123],[-2.1105,43.124],[-2.116,43.1245],[-2.117,43.124],[-2.1195,43.1245],[-2.121,43.125],[-2.121,43.1255],[-2.124,43.126],[-2.123,43.1235],[-2.128,43.124],[-2.1325,43.124],[-2.133,43.124],[-2.134,43.1245],[-2.1345,43.124],[-2.137,43.124],[-2.137,43.1235],[-2.1375,43.1235],[-2.138,43.1235],[-2.1385,43.1235],[-2.139,43.1235],[-2.1395,43.1235],[-2.144,43.1235],[-2.1445,43.1235],[-2.145,43.123],[-2.1455,43.123],[-2.146,43.123],[-2.1475,43.1225],[-2.148,43.122],[-2.148,43.121],[-2.151,43.1215],[-2.152,43.1215],[-2.1525,43.1215],[-2.1545,43.12],[-2.1545,43.1195],[-2.1555,43.119],[-2.156,43.1185],[-2.1565,43.1185],[-2.1565,43.118],[-2.157,43.118],[-2.1575,43.1175],[-2.153,43.117],[-2.1525,43.117],[-2.152,43.119],[-2.146,43.1165],[-2.1425,43.1175],[-2.136,43.1175],[-2.1325,43.1225],[-2.128,43.122],[-2.122,43.116],[-2.1155,43.117],[-2.1125,43.117],[-2.1105,43.117],[-2.1045,43.118],[-2.104,43.119]]],[[[-2.121,43.211],[-2.116,43.2135],[-2.117,43.2145],[-2.1175,43.215],[-2.1175,43.216],[-2.117,43.2165],[-2.1175,43.2175],[-2.1175,43.218],[-2.121,43.211]]],[[[-2.138,43.239],[-2.1365,43.239],[-2.133,43.24],[-2.1325,43.2415],[-2.1315,43.2405],[-2.132,43.2405],[-2.1325,43.2395],[-2.133,43.2385],[-2.1315,43.238],[-2.129,43.2395],[-2.128,43.2405],[-2.127,43.2405],[-2.1265,43.2405],[-2.125,43.241],[-2.1245,43.2415],[-2.124,43.2415],[-2.1235,43.2415],[-2.1175,43.2445],[-2.118,43.248],[-2.1185,43.2485],[-2.1185,43.249],[-2.1185,43.2495],[-2.118,43.2495],[-2.1175,43.2495],[-2.116,43.2495],[-2.1155,43.2505],[-2.1155,43.251],[-2.116,43.251],[-2.1155,43.2515],[-2.1155,43.254],[-2.116,43.254],[-2.117,43.2545],[-2.119,43.2585],[-2.1205,43.261],[-2.1215,43.2615],[-2.1225,43.2615],[-2.123,43.2615],[-2.1235,43.262],[-2.126,43.264],[-2.1245,43.264],[-2.127,43.267],[-2.1335,43.268],[-2.134,43.2675],[-2.1345,43.2675],[-2.1345,43.2665],[-2.1335,43.266],[-2.1325,43.2645],[-2.13,43.264],[-2.13,43.265],[-2.1295,43.265],[-2.129,43.265],[-2.1275,43.264],[-2.128,43.264],[-2.1295,43.262],[-2.129,43.2615],[-2.129,43.261],[-2.1285,43.261],[-2.127,43.264],[-2.127,43.2635],[-2.127,43.2615],[-2.128,43.26],[-2.1275,43.26],[-2.127,43.26],[-2.127,43.2595],[-2.1265,43.2595],[-2.1265,43.259],[-2.126,43.259],[-2.1255,43.259],[-2.122,43.256],[-2.1215,43.256],[-2.1205,43.255],[-2.1215,43.2545],[-2.1215,43.255],[-2.122,43.2555],[-2.1235,43.255],[-2.125,43.2555],[-2.1265,43.256],[-2.1255,43.2565],[-2.1255,43.257],[-2.1255,43.258],[-2.125,43.258],[-2.1255,43.258],[-2.1305,43.256],[-2.13,43.255],[-2.13,43.254],[-2.13,43.2535],[-2.131,43.253],[-2.131,43.2535],[-2.131,43.254],[-2.131,43.251],[-2.13,43.251],[-2.1295,43.2505],[-2.129,43.2505],[-2.129,43.249],[-2.129,43.248],[-2.1295,43.2485],[-2.131,43.249],[-2.1325,43.2465],[-2.132,43.2475],[-2.1295,43.247],[-2.1285,43.2455],[-2.1285,43.245],[-2.1285,43.2445],[-2.129,43.2445],[-2.131,43.245],[-2.131,43.2455],[-2.1315,43.2455],[-2.132,43.246],[-2.1325,43.246],[-2.1325,43.2465],[-2.131,43.249],[-2.131,43.2495],[-2.131,43.25],[-2.131,43.2505],[-2.131,43.251],[-2.131,43.254],[-2.131,43.2545],[-2.131,43.255],[-2.1315,43.2555],[-2.1315,43.256],[-2.131,43.256],[-2.131,43.2565],[-2.1315,43.257],[-2.131,43.258],[-2.1305,43.258],[-2.131,43.2585],[-2.131,43.258],[-2.1315,43.258],[-2.131,43.258],[-2.131,43.2585],[-2.131,43.259],[-2.1305,43.2595],[-2.1305,43.259],[-2.1305,43.2585],[-2.13,43.2595],[-2.1295,43.26],[-2.1295,43.262],[-2.1305,43.262],[-2.131,43.2625],[-2.1315,43.263],[-2.131,43.263],[-2.1335,43.2635],[-2.1315,43.2625],[-2.1325,43.261],[-2.13,43.262],[-2.1295,43.2615],[-2.13,43.26],[-2.1325,43.2595],[-2.133,43.2585],[-2.133,43.2575],[-2.133,43.256],[-2.1335,43.2555],[-2.1355,43.253],[-2.1345,43.252],[-2.132,43.25],[-2.1355,43.248],[-2.136,43.248],[-2.1365,43.2475],[-2.137,43.2475],[-2.137,43.247],[-2.1375,43.247],[-2.1385,43.247],[-2.1395,43.2465],[-2.14,43.247],[-2.141,43.247],[-2.142,43.247],[-2.1425,43.247],[-2.1425,43.2475],[-2.1435,43.2485],[-2.146,43.2445],[-2.1465,43.2445],[-2.145,43.244],[-2.1445,43.245],[-2.144,43.245],[-2.1435,43.2455],[-2.1435,43.246],[-2.143,43.246],[-2.143,43.2465],[-2.1425,43.246],[-2.1425,43.2465],[-2.142,43.2465],[-2.1405,43.246],[-2.1405,43.2455],[-2.141,43.2455],[-2.1415,43.245],[-2.1415,43.2455],[-2.141,43.2455],[-2.1415,43.2455],[-2.144,43.244],[-2.143,43.244],[-2.143,43.2435],[-2.1425,43.243],[-2.142,43.2425],[-2.1425,43.243],[-2.142,43.244],[-2.142,43.2445],[-2.1415,43.2425],[-2.141,43.2415],[-2.1405,43.2415],[-2.1405,43.241],[-2.1405,43.2405],[-2.14,43.239],[-2.14,43.2385],[-2.139,43.2385],[-2.138,43.239]]],[[[-2.103,43.0845],[-2.1055,43.0825],[-2.106,43.081],[-2.106,43.0805],[-2.1055,43.0805],[-2.1055,43.0795],[-2.1055,43.079],[-2.1055,43.078],[-2.102,43.078],[-2.1015,43.0785],[-2.0955,43.0805],[-2.095,43.0805],[-2.095,43.081],[-2.094,43.082],[-2.094,43.0815],[-2.0945,43.0815],[-2.094,43.082],[-2.0935,43.082],[-2.0925,43.082],[-2.0925,43.0825],[-2.0935,43.0845],[-2.091,43.084],[-2.091,43.083],[-2.0905,43.084],[-2.0905,43.0845],[-2.09,43.0845],[-2.0895,43.0845],[-2.0895,43.085],[-2.089,43.085],[-2.089,43.0855],[-2.0885,43.087],[-2.088,43.0875],[-2.0875,43.088],[-2.087,43.0885],[-2.087,43.089],[-2.0865,43.0905],[-2.09,43.09],[-2.0905,43.09],[-2.0915,43.09],[-2.092,43.089],[-2.0925,43.0895],[-2.0945,43.091],[-2.095,43.091],[-2.0955,43.091],[-2.0955,43.0915],[-2.096,43.0915],[-2.097,43.091],[-2.0975,43.092],[-2.098,43.0925],[-2.0985,43.0925],[-2.099,43.0925],[-2.101,43.092],[-2.101,43.0915],[-2.101,43.089],[-2.104,43.0905],[-2.1045,43.091],[-2.105,43.091],[-2.106,43.0915],[-2.1065,43.0915],[-2.107,43.0915],[-2.107,43.091],[-2.1075,43.091],[-2.109,43.0915],[-2.1095,43.092],[-2.11,43.0915],[-2.1105,43.0915],[-2.1115,43.0915],[-2.112,43.091],[-2.112,43.0905],[-2.112,43.09],[-2.1085,43.0875],[-2.1075,43.0845],[-2.107,43.0845],[-2.107,43.085],[-2.1065,43.0875],[-2.106,43.088],[-2.1015,43.0875],[-2.101,43.0875],[-2.0985,43.087],[-2.1025,43.0855],[-2.103,43.0845]]],[[[-2.1135,43.164],[-2.1115,43.166],[-2.1055,43.1635],[-2.1095,43.1615],[-2.108,43.161],[-2.1085,43.1605],[-2.103,43.159],[-2.105,43.1585],[-2.0985,43.157],[-2.0975,43.1605],[-2.091,43.1595],[-2.09,43.159],[-2.0895,43.159],[-2.082,43.1605],[-2.0795,43.1615],[-2.0805,43.163],[-2.0825,43.162],[-2.085,43.163],[-2.086,43.164],[-2.0865,43.164],[-2.088,43.1645],[-2.0885,43.1645],[-2.0895,43.1645],[-2.09,43.1645],[-2.0915,43.165],[-2.092,43.165],[-2.0925,43.1655],[-2.0935,43.1655],[-2.0945,43.166],[-2.0985,43.168],[-2.1045,43.1685],[-2.1095,43.167],[-2.116,43.167],[-2.1165,43.1665],[-2.118,43.1665],[-2.118,43.166],[-2.1185,43.1655],[-2.1135,43.164]]],[[[-2.088,43.1645],[-2.0865,43.164],[-2.087,43.165],[-2.086,43.1645],[-2.0855,43.165],[-2.086,43.1655],[-2.086,43.166],[-2.0865,43.1665],[-2.086,43.1665],[-2.0865,43.1675],[-2.084,43.1685],[-2.0845,43.1695],[-2.08,43.166],[-2.0795,43.167],[-2.08,43.1685],[-2.0805,43.169],[-2.08,43.169],[-2.0825,43.1705],[-2.083,43.171],[-2.0815,43.173],[-2.081,43.1755],[-2.082,43.1755],[-2.0805,43.176],[-2.0785,43.1785],[-2.0785,43.179],[-2.0785,43.1795],[-2.0845,43.181],[-2.0825,43.183],[-2.0825,43.1835],[-2.083,43.184],[-2.0835,43.185],[-2.0835,43.186],[-2.084,43.186],[-2.0845,43.186],[-2.0845,43.1855],[-2.085,43.185],[-2.085,43.1845],[-2.0855,43.1835],[-2.0855,43.183],[-2.0865,43.1825],[-2.0875,43.182],[-2.088,43.182],[-2.0885,43.182],[-2.0885,43.1815],[-2.088,43.1815],[-2.0875,43.181],[-2.088,43.18],[-2.0885,43.18],[-2.0895,43.18],[-2.09,43.1795],[-2.092,43.179],[-2.0925,43.179],[-2.093,43.1785],[-2.0935,43.1785],[-2.094,43.1785],[-2.0945,43.1785],[-2.096,43.1775],[-2.0965,43.1775],[-2.0975,43.177],[-2.0975,43.1765],[-2.098,43.1765],[-2.0985,43.1765],[-2.099,43.176],[-2.1,43.173],[-2.1,43.1725],[-2.101,43.171],[-2.1025,43.1695],[-2.102,43.169],[-2.1015,43.1685],[-2.1005,43.1685],[-2.096,43.167],[-2.0945,43.166],[-2.0935,43.1655],[-2.0925,43.1655],[-2.092,43.165],[-2.0915,43.165],[-2.0905,43.165],[-2.09,43.165],[-2.0885,43.1645],[-2.088,43.1645]]],[[[-2.1005,43.176],[-2.1,43.175],[-2.099,43.176],[-2.0985,43.1765],[-2.098,43.1765],[-2.0975,43.177],[-2.0965,43.1775],[-2.096,43.1775],[-2.0945,43.1785],[-2.094,43.179],[-2.093,43.1785],[-2.093,43.179],[-2.0925,43.179],[-2.092,43.18],[-2.089,43.18],[-2.0885,43.1805],[-2.0885,43.181],[-2.0885,43.1815],[-2.089,43.182],[-2.088,43.182],[-2.0875,43.182],[-2.0865,43.1825],[-2.086,43.183],[-2.0855,43.183],[-2.0855,43.1835],[-2.0855,43.184],[-2.085,43.1845],[-2.085,43.185],[-2.0845,43.1855],[-2.084,43.186],[-2.0835,43.186],[-2.0835,43.185],[-2.083,43.184],[-2.083,43.1845],[-2.083,43.185],[-2.083,43.1855],[-2.083,43.186],[-2.0825,43.186],[-2.0825,43.1865],[-2.082,43.187],[-2.0825,43.1875],[-2.0825,43.188],[-2.0825,43.1885],[-2.0835,43.1895],[-2.085,43.189],[-2.0865,43.189],[-2.087,43.189],[-2.087,43.1885],[-2.087,43.188],[-2.087,43.1875],[-2.0875,43.1875],[-2.088,43.1875],[-2.088,43.187],[-2.0885,43.1865],[-2.089,43.1865],[-2.089,43.187],[-2.089,43.1865],[-2.089,43.186],[-2.0895,43.185],[-2.09,43.185],[-2.09,43.1845],[-2.0905,43.1845],[-2.091,43.184],[-2.0915,43.1835],[-2.101,43.1765],[-2.1005,43.176]]],[[[-2.1055,43.204],[-2.103,43.203],[-2.1035,43.2015],[-2.103,43.2015],[-2.1025,43.2015],[-2.1025,43.201],[-2.103,43.201],[-2.103,43.2],[-2.097,43.203],[-2.0965,43.203],[-2.096,43.203],[-2.0915,43.202],[-2.0915,43.2025],[-2.092,43.2025],[-2.092,43.203],[-2.0925,43.203],[-2.0925,43.2035],[-2.0925,43.204],[-2.093,43.204],[-2.0935,43.205],[-2.0935,43.2055],[-2.094,43.2055],[-2.098,43.2065],[-2.098,43.207],[-2.099,43.207],[-2.099,43.2075],[-2.1035,43.2065],[-2.1055,43.204]]],[[[-2.116,43.222],[-2.1165,43.2175],[-2.1145,43.214],[-2.1125,43.2135],[-2.1135,43.2135],[-2.114,43.2135],[-2.1125,43.213],[-2.111,43.2135],[-2.1105,43.214],[-2.11,43.214],[-2.1095,43.2145],[-2.1095,43.215],[-2.109,43.215],[-2.1085,43.216],[-2.108,43.2165],[-2.108,43.217],[-2.1075,43.216],[-2.109,43.2155],[-2.1085,43.215],[-2.108,43.2155],[-2.107,43.216],[-2.1035,43.218],[-2.103,43.219],[-2.103,43.2195],[-2.097,43.223],[-2.1005,43.223],[-2.1005,43.2235],[-2.1025,43.224],[-2.0965,43.225],[-2.096,43.225],[-2.0955,43.2265],[-2.093,43.229],[-2.0935,43.229],[-2.097,43.2295],[-2.0975,43.2295],[-2.1,43.2255],[-2.1,43.226],[-2.1005,43.2285],[-2.101,43.2285],[-2.1025,43.228],[-2.103,43.2285],[-2.101,43.2285],[-2.0995,43.2295],[-2.1015,43.233],[-2.104,43.2305],[-2.109,43.2325],[-2.1035,43.236],[-2.1025,43.236],[-2.101,43.236],[-2.1,43.2365],[-2.1,43.237],[-2.099,43.238],[-2.0975,43.2395],[-2.0975,43.239],[-2.0975,43.2385],[-2.093,43.239],[-2.0925,43.2385],[-2.0915,43.236],[-2.0915,43.2355],[-2.0915,43.238],[-2.092,43.2385],[-2.094,43.2405],[-2.0945,43.2405],[-2.094,43.2405],[-2.0905,43.24],[-2.09,43.24],[-2.088,43.2365],[-2.0875,43.2365],[-2.0845,43.236],[-2.084,43.2365],[-2.085,43.238],[-2.087,43.2435],[-2.0935,43.2425],[-2.094,43.2425],[-2.0945,43.2425],[-2.0975,43.241],[-2.102,43.244],[-2.102,43.2445],[-2.1015,43.2445],[-2.101,43.2445],[-2.101,43.245],[-2.0995,43.2455],[-2.099,43.245],[-2.0975,43.245],[-2.097,43.2455],[-2.0965,43.2455],[-2.091,43.245],[-2.092,43.248],[-2.093,43.2475],[-2.096,43.247],[-2.0945,43.249],[-2.095,43.249],[-2.0955,43.2485],[-2.0965,43.248],[-2.097,43.248],[-2.0975,43.2475],[-2.098,43.2475],[-2.0995,43.2475],[-2.1025,43.25],[-2.1085,43.25],[-2.109,43.25],[-2.1095,43.25],[-2.1095,43.2495],[-2.11,43.2495],[-2.1095,43.25],[-2.109,43.25],[-2.109,43.2505],[-2.1125,43.2495],[-2.113,43.2495],[-2.1135,43.2495],[-2.1175,43.249],[-2.1175,43.2485],[-2.1165,43.246],[-2.1145,43.2475],[-2.1145,43.248],[-2.1125,43.248],[-2.1115,43.248],[-2.109,43.2475],[-2.1085,43.2465],[-2.1075,43.246],[-2.107,43.246],[-2.107,43.2455],[-2.104,43.2435],[-2.106,43.2425],[-2.1065,43.2425],[-2.1065,43.242],[-2.108,43.2415],[-2.11,43.2395],[-2.111,43.24],[-2.1115,43.2395],[-2.114,43.239],[-2.115,43.239],[-2.115,43.2375],[-2.114,43.2375],[-2.114,43.238],[-2.1135,43.238],[-2.113,43.238],[-2.1125,43.2375],[-2.113,43.237],[-2.115,43.2375],[-2.115,43.236],[-2.114,43.2355],[-2.1135,43.2355],[-2.113,43.235],[-2.1125,43.235],[-2.1125,43.234],[-2.112,43.234],[-2.1115,43.2335],[-2.111,43.2335],[-2.111,43.233],[-2.1105,43.233],[-2.108,43.2265],[-2.107,43.226],[-2.1065,43.2255],[-2.106,43.2255],[-2.1075,43.225],[-2.108,43.225],[-2.109,43.2255],[-2.1095,43.225],[-2.11,43.225],[-2.1095,43.2255],[-2.109,43.226],[-2.109,43.227],[-2.1085,43.227],[-2.1085,43.2265],[-2.1105,43.233],[-2.112,43.2335],[-2.113,43.2345],[-2.1135,43.235],[-2.113,43.2345],[-2.1145,43.2355],[-2.1155,43.2355],[-2.1155,43.234],[-2.1185,43.231],[-2.119,43.231],[-2.119,43.2305],[-2.123,43.23],[-2.1235,43.23],[-2.1245,43.23],[-2.124,43.2265],[-2.124,43.224],[-2.116,43.2225],[-2.116,43.222]]],[[[-2.1105,43.28],[-2.1095,43.279],[-2.0985,43.2805],[-2.1,43.2845],[-2.111,43.28],[-2.1105,43.28]]],[[[-2.0845,43.2815],[-2.084,43.281],[-2.084,43.2815],[-2.0835,43.2825],[-2.078,43.285],[-2.0775,43.2855],[-2.0755,43.287],[-2.076,43.289],[-2.0755,43.289],[-2.0755,43.2895],[-2.0745,43.29],[-2.0755,43.2895],[-2.076,43.2895],[-2.0765,43.2895],[-2.077,43.2895],[-2.0775,43.289],[-2.078,43.289],[-2.089,43.2865],[-2.0885,43.2815],[-2.088,43.2815],[-2.0875,43.2815],[-2.087,43.2815],[-2.0845,43.2805],[-2.0845,43.281],[-2.0845,43.2815]]],[[[-2.115,43.2825],[-2.112,43.2825],[-2.1115,43.284],[-2.111,43.284],[-2.11,43.285],[-2.1075,43.2845],[-2.1065,43.285],[-2.1045,43.2855],[-2.1035,43.2865],[-2.103,43.288],[-2.1025,43.2885],[-2.102,43.289],[-2.102,43.2885],[-2.1015,43.2885],[-2.1015,43.288],[-2.1005,43.2875],[-2.1,43.2875],[-2.0995,43.2875],[-2.0985,43.2875],[-2.098,43.288],[-2.0975,43.288],[-2.1,43.289],[-2.101,43.2905],[-2.11,43.289],[-2.1125,43.2875],[-2.1145,43.283],[-2.115,43.2825]]],[[[-2.1165,43.283],[-2.113,43.2885],[-2.0885,43.2965],[-2.085,43.2995],[-2.0845,43.3035],[-2.09,43.304],[-2.091,43.3005],[-2.1005,43.2945],[-2.108,43.292],[-2.113,43.2975],[-2.1205,43.2915],[-2.1165,43.283]]],[[[-2.065,43.2],[-2.0645,43.1995],[-2.064,43.1995],[-2.064,43.2],[-2.0635,43.2],[-2.0625,43.2005],[-2.063,43.201],[-2.0645,43.201],[-2.065,43.202],[-2.065,43.203],[-2.066,43.2035],[-2.066,43.2045],[-2.0665,43.2045],[-2.0665,43.205],[-2.066,43.2055],[-2.066,43.206],[-2.0665,43.206],[-2.067,43.2065],[-2.0665,43.2065],[-2.0665,43.206],[-2.066,43.206],[-2.066,43.2055],[-2.0665,43.205],[-2.0665,43.2045],[-2.066,43.2045],[-2.065,43.2035],[-2.065,43.206],[-2.065,43.209],[-2.0675,43.2085],[-2.0675,43.208],[-2.067,43.2075],[-2.0665,43.2075],[-2.067,43.207],[-2.067,43.2075],[-2.0675,43.208],[-2.0675,43.2085],[-2.068,43.2095],[-2.065,43.209],[-2.0625,43.2105],[-2.063,43.211],[-2.0635,43.211],[-2.0635,43.2105],[-2.066,43.2125],[-2.0655,43.2125],[-2.0645,43.214],[-2.061,43.214],[-2.0605,43.213],[-2.062,43.2125],[-2.0625,43.2125],[-2.063,43.2115],[-2.0625,43.2115],[-2.062,43.2115],[-2.0615,43.212],[-2.061,43.212],[-2.0605,43.212],[-2.061,43.2115],[-2.0615,43.2115],[-2.061,43.2105],[-2.061,43.2095],[-2.061,43.209],[-2.059,43.2085],[-2.0585,43.2085],[-2.058,43.2095],[-2.0605,43.21],[-2.0605,43.2115],[-2.0585,43.2115],[-2.0585,43.2105],[-2.0585,43.21],[-2.058,43.21],[-2.054,43.21],[-2.055,43.2105],[-2.055,43.2115],[-2.056,43.2135],[-2.0565,43.214],[-2.0575,43.216],[-2.058,43.2165],[-2.058,43.217],[-2.058,43.2175],[-2.0575,43.218],[-2.058,43.2175],[-2.058,43.217],[-2.0575,43.2165],[-2.0575,43.216],[-2.0565,43.214],[-2.056,43.2135],[-2.0555,43.2135],[-2.055,43.2135],[-2.055,43.214],[-2.0545,43.214],[-2.054,43.214],[-2.0535,43.2145],[-2.053,43.214],[-2.0525,43.2145],[-2.0515,43.2145],[-2.051,43.2145],[-2.05,43.215],[-2.0505,43.215],[-2.0505,43.2145],[-2.051,43.2145],[-2.0515,43.2145],[-2.052,43.214],[-2.0505,43.214],[-2.0495,43.2145],[-2.0485,43.215],[-2.048,43.215],[-2.0475,43.2155],[-2.047,43.2155],[-2.0475,43.216],[-2.0475,43.2165],[-2.047,43.2165],[-2.0465,43.2165],[-2.045,43.2165],[-2.044,43.2165],[-2.0445,43.2165],[-2.045,43.2165],[-2.0455,43.2155],[-2.0465,43.2155],[-2.047,43.215],[-2.0475,43.215],[-2.048,43.2145],[-2.0485,43.2145],[-2.049,43.214],[-2.0495,43.214],[-2.05,43.2135],[-2.0505,43.2135],[-2.051,43.2135],[-2.0515,43.213],[-2.052,43.213],[-2.0525,43.2125],[-2.053,43.213],[-2.0525,43.214],[-2.0535,43.214],[-2.054,43.214],[-2.0545,43.2135],[-2.055,43.2135],[-2.0555,43.2135],[-2.056,43.2135],[-2.055,43.2115],[-2.055,43.2105],[-2.054,43.21],[-2.0535,43.21],[-2.0535,43.2095],[-2.0535,43.209],[-2.053,43.209],[-2.053,43.2085],[-2.05,43.209],[-2.05,43.2095],[-2.0505,43.21],[-2.0505,43.2105],[-2.0495,43.2095],[-2.0495,43.209],[-2.049,43.209],[-2.0485,43.209],[-2.0465,43.2085],[-2.046,43.2095],[-2.0455,43.2095],[-2.0455,43.209],[-2.0445,43.2095],[-2.044,43.21],[-2.0435,43.21],[-2.043,43.21],[-2.044,43.211],[-2.043,43.2115],[-2.042,43.211],[-2.0415,43.2115],[-2.0395,43.2155],[-2.0415,43.2165],[-2.04,43.2165],[-2.0395,43.2165],[-2.04,43.217],[-2.04,43.2175],[-2.0395,43.218],[-2.0395,43.2175],[-2.0395,43.217],[-2.039,43.217],[-2.0385,43.217],[-2.0375,43.217],[-2.037,43.2175],[-2.0375,43.218],[-2.037,43.218],[-2.037,43.219],[-2.037,43.2205],[-2.039,43.2205],[-2.039,43.221],[-2.039,43.2215],[-2.036,43.221],[-2.0355,43.2215],[-2.034,43.222],[-2.0345,43.2225],[-2.0345,43.222],[-2.035,43.222],[-2.0355,43.222],[-2.0375,43.223],[-2.036,43.223],[-2.0355,43.2235],[-2.035,43.224],[-2.0355,43.224],[-2.0355,43.2245],[-2.035,43.2245],[-2.0345,43.224],[-2.034,43.224],[-2.034,43.225],[-2.0375,43.2245],[-2.0385,43.2245],[-2.0385,43.224],[-2.039,43.224],[-2.04,43.224],[-2.04,43.2245],[-2.042,43.2245],[-2.0415,43.225],[-2.0415,43.2245],[-2.0395,43.2245],[-2.04,43.2245],[-2.04,43.224],[-2.039,43.224],[-2.0385,43.2245],[-2.0385,43.225],[-2.038,43.225],[-2.034,43.2255],[-2.0335,43.227],[-2.034,43.227],[-2.0345,43.227],[-2.034,43.227],[-2.0335,43.227],[-2.0325,43.2285],[-2.032,43.229],[-2.0265,43.232],[-2.0265,43.2325],[-2.027,43.233],[-2.0275,43.2335],[-2.028,43.2335],[-2.028,43.234],[-2.0285,43.234],[-2.033,43.2345],[-2.0325,43.2355],[-2.0305,43.2355],[-2.0305,43.236],[-2.031,43.236],[-2.031,43.237],[-2.031,43.238],[-2.031,43.2385],[-2.031,43.239],[-2.0305,43.239],[-2.0305,43.2395],[-2.0305,43.2415],[-2.032,43.2425],[-2.0325,43.2425],[-2.034,43.243],[-2.0345,43.2435],[-2.04,43.2455],[-2.04,43.246],[-2.0405,43.246],[-2.041,43.246],[-2.0415,43.2465],[-2.0435,43.246],[-2.044,43.246],[-2.046,43.2455],[-2.0475,43.245],[-2.048,43.245],[-2.049,43.2445],[-2.0525,43.242],[-2.053,43.2415],[-2.0535,43.2415],[-2.0545,43.241],[-2.0545,43.2405],[-2.0545,43.24],[-2.055,43.24],[-2.0555,43.24],[-2.056,43.2385],[-2.0555,43.238],[-2.0555,43.237],[-2.0565,43.2365],[-2.057,43.236],[-2.056,43.2335],[-2.0565,43.233],[-2.055,43.233],[-2.0565,43.233],[-2.056,43.2335],[-2.0585,43.2375],[-2.0605,43.2375],[-2.0615,43.2375],[-2.062,43.237],[-2.062,43.2365],[-2.064,43.2345],[-2.0655,43.234],[-2.066,43.234],[-2.0655,43.234],[-2.065,43.2345],[-2.064,43.2345],[-2.064,43.235],[-2.062,43.2365],[-2.062,43.237],[-2.0615,43.2375],[-2.0605,43.2375],[-2.0585,43.2375],[-2.058,43.2375],[-2.0575,43.2375],[-2.0555,43.238],[-2.056,43.2385],[-2.056,43.239],[-2.056,43.24],[-2.0555,43.24],[-2.055,43.24],[-2.0545,43.24],[-2.0545,43.2405],[-2.055,43.2415],[-2.0535,43.2415],[-2.053,43.2415],[-2.0525,43.242],[-2.052,43.2435],[-2.054,43.244],[-2.052,43.2435],[-2.049,43.245],[-2.048,43.245],[-2.0475,43.245],[-2.0465,43.2455],[-2.046,43.2455],[-2.045,43.246],[-2.041,43.2465],[-2.036,43.2455],[-2.0355,43.2465],[-2.035,43.247],[-2.0345,43.247],[-2.034,43.247],[-2.032,43.2465],[-2.0305,43.246],[-2.03,43.2455],[-2.0315,43.245],[-2.032,43.2455],[-2.036,43.245],[-2.0305,43.2425],[-2.0275,43.2435],[-2.028,43.245],[-2.0275,43.245],[-2.027,43.245],[-2.027,43.2455],[-2.027,43.246],[-2.031,43.248],[-2.031,43.2485],[-2.037,43.2525],[-2.0385,43.2485],[-2.046,43.25],[-2.0465,43.2495],[-2.0465,43.249],[-2.0465,43.2485],[-2.047,43.2485],[-2.053,43.2455],[-2.056,43.246],[-2.0565,43.246],[-2.0565,43.2465],[-2.057,43.2465],[-2.0575,43.247],[-2.058,43.247],[-2.059,43.247],[-2.059,43.2445],[-2.0585,43.243],[-2.0595,43.2425],[-2.0605,43.244],[-2.063,43.244],[-2.0625,43.244],[-2.0605,43.2405],[-2.062,43.241],[-2.0635,43.2445],[-2.0635,43.245],[-2.0645,43.246],[-2.0645,43.245],[-2.0645,43.2445],[-2.0645,43.244],[-2.064,43.244],[-2.064,43.2435],[-2.0635,43.2435],[-2.063,43.2425],[-2.064,43.243],[-2.065,43.2425],[-2.0655,43.242],[-2.0665,43.2395],[-2.0665,43.2385],[-2.067,43.2375],[-2.069,43.2385],[-2.071,43.238],[-2.0775,43.2375],[-2.0775,43.238],[-2.078,43.238],[-2.08,43.2385],[-2.0805,43.2385],[-2.09,43.23],[-2.09,43.2295],[-2.0905,43.2295],[-2.094,43.2265],[-2.095,43.2245],[-2.0955,43.224],[-2.0955,43.2235],[-2.0955,43.224],[-2.0945,43.2235],[-2.095,43.223],[-2.096,43.223],[-2.102,43.219],[-2.1035,43.2165],[-2.106,43.2155],[-2.1035,43.213],[-2.1015,43.2125],[-2.1015,43.2145],[-2.1035,43.2145],[-2.0985,43.2155],[-2.0975,43.2125],[-2.0975,43.212],[-2.096,43.212],[-2.096,43.214],[-2.0935,43.212],[-2.092,43.2105],[-2.0875,43.2115],[-2.0875,43.212],[-2.089,43.2165],[-2.0895,43.2165],[-2.09,43.217],[-2.0905,43.2175],[-2.086,43.2185],[-2.0855,43.218],[-2.0855,43.2175],[-2.087,43.2165],[-2.087,43.216],[-2.0865,43.216],[-2.086,43.216],[-2.0835,43.214],[-2.0835,43.2135],[-2.077,43.212],[-2.0745,43.212],[-2.0725,43.2095],[-2.07,43.2095],[-2.0685,43.208],[-2.0705,43.2075],[-2.071,43.2065],[-2.071,43.207],[-2.071,43.2065],[-2.069,43.2065],[-2.0675,43.206],[-2.066,43.201],[-2.066,43.2005],[-2.0655,43.2005],[-2.065,43.2]]],[[[-2.0615,43.2995],[-2.076,43.294],[-2.0855,43.293],[-2.0955,43.2935],[-2.1015,43.291],[-2.1,43.289],[-2.097,43.289],[-2.0965,43.288],[-2.0975,43.288],[-2.098,43.288],[-2.099,43.2875],[-2.0995,43.287],[-2.1,43.287],[-2.1005,43.2875],[-2.1015,43.288],[-2.1015,43.2885],[-2.102,43.2885],[-2.102,43.289],[-2.103,43.288],[-2.1035,43.2865],[-2.104,43.2855],[-2.1045,43.2855],[-2.106,43.285],[-2.1075,43.2845],[-2.11,43.285],[-2.111,43.284],[-2.098,43.285],[-2.0945,43.288],[-2.089,43.2865],[-2.0765,43.29],[-2.075,43.2905],[-2.0745,43.2905],[-2.074,43.291],[-2.074,43.2915],[-2.0735,43.291],[-2.073,43.291],[-2.0725,43.291],[-2.065,43.2935],[-2.064,43.294],[-2.0635,43.2945],[-2.0625,43.2945],[-2.062,43.295],[-2.0605,43.295],[-2.0525,43.295],[-2.0515,43.2945],[-2.051,43.2945],[-2.0465,43.294],[-2.04,43.293],[-2.04,43.2925],[-2.0395,43.2925],[-2.038,43.292],[-2.0375,43.291],[-2.037,43.2905],[-2.035,43.288],[-2.034,43.2875],[-2.033,43.287],[-2.0315,43.2865],[-2.031,43.2865],[-2.0295,43.2865],[-2.025,43.2865],[-2.0245,43.2865],[-2.024,43.2875],[-2.0235,43.288],[-2.023,43.288],[-2.022,43.289],[-2.0215,43.289],[-2.0195,43.2895],[-2.0195,43.29],[-2.017,43.293],[-2.017,43.2935],[-2.02,43.2955],[-2.0205,43.295],[-2.021,43.295],[-2.0225,43.295],[-2.023,43.295],[-2.023,43.2945],[-2.0245,43.295],[-2.025,43.295],[-2.0255,43.295],[-2.026,43.295],[-2.0265,43.295],[-2.0265,43.2945],[-2.0275,43.2945],[-2.0285,43.294],[-2.029,43.294],[-2.029,43.2935],[-2.0295,43.2935],[-2.03,43.2935],[-2.0325,43.294],[-2.0325,43.2935],[-2.0335,43.2935],[-2.034,43.294],[-2.0355,43.295],[-2.0355,43.2955],[-2.036,43.2955],[-2.037,43.2965],[-2.038,43.2965],[-2.039,43.296],[-2.0395,43.296],[-2.04,43.296],[-2.0405,43.296],[-2.041,43.2955],[-2.0415,43.2955],[-2.042,43.2955],[-2.0425,43.295],[-2.043,43.295],[-2.0435,43.2955],[-2.044,43.2955],[-2.0445,43.2955],[-2.045,43.296],[-2.0455,43.296],[-2.046,43.2965],[-2.0465,43.2965],[-2.047,43.297],[-2.0475,43.297],[-2.048,43.297],[-2.0485,43.2975],[-2.0485,43.298],[-2.049,43.298],[-2.049,43.2985],[-2.0495,43.2985],[-2.0505,43.2985],[-2.0515,43.2985],[-2.0525,43.298],[-2.056,43.297],[-2.0565,43.297],[-2.057,43.2965],[-2.0575,43.2965],[-2.0595,43.2965],[-2.06,43.2965],[-2.0605,43.2965],[-2.06,43.2965],[-2.06,43.297],[-2.0595,43.297],[-2.0595,43.2965],[-2.0575,43.2965],[-2.057,43.297],[-2.056,43.297],[-2.0525,43.298],[-2.052,43.2985],[-2.0515,43.2985],[-2.0505,43.2985],[-2.0495,43.2985],[-2.049,43.2985],[-2.049,43.298],[-2.0485,43.298],[-2.0485,43.2975],[-2.048,43.297],[-2.0475,43.297],[-2.047,43.297],[-2.0465,43.2965],[-2.046,43.2965],[-2.0455,43.296],[-2.045,43.296],[-2.0445,43.2955],[-2.0435,43.2955],[-2.043,43.295],[-2.043,43.2955],[-2.0425,43.295],[-2.042,43.2955],[-2.0415,43.2955],[-2.041,43.2955],[-2.0405,43.296],[-2.04,43.296],[-2.0395,43.296],[-2.0395,43.2965],[-2.0385,43.2965],[-2.038,43.2965],[-2.0365,43.2965],[-2.0365,43.296],[-2.036,43.2955],[-2.0355,43.2955],[-2.0355,43.295],[-2.035,43.295],[-2.035,43.2945],[-2.0345,43.2945],[-2.034,43.2945],[-2.034,43.294],[-2.0335,43.2935],[-2.033,43.2935],[-2.0325,43.294],[-2.032,43.294],[-2.0315,43.2935],[-2.031,43.2935],[-2.0305,43.2935],[-2.03,43.2935],[-2.029,43.294],[-2.0285,43.294],[-2.028,43.2945],[-2.0275,43.2945],[-2.027,43.2945],[-2.0265,43.295],[-2.0255,43.295],[-2.025,43.295],[-2.023,43.2955],[-2.022,43.2955],[-2.0215,43.295],[-2.021,43.2955],[-2.0205,43.296],[-2.0205,43.2965],[-2.021,43.2965],[-2.021,43.297],[-2.0215,43.297],[-2.0215,43.2975],[-2.0235,43.2985],[-2.024,43.299],[-2.0245,43.299],[-2.0255,43.3],[-2.0265,43.3],[-2.0255,43.3],[-2.0265,43.302],[-2.0265,43.3025],[-2.0265,43.3035],[-2.0265,43.304],[-2.0265,43.305],[-2.04,43.3035],[-2.044,43.3055],[-2.0445,43.3055],[-2.045,43.3055],[-2.0455,43.305],[-2.046,43.305],[-2.0465,43.3035],[-2.048,43.304],[-2.052,43.302],[-2.0525,43.302],[-2.054,43.3015],[-2.055,43.301],[-2.061,43.2995],[-2.0615,43.2995]]],[[[-2.0195,43.058],[-2.0225,43.065],[-2.0245,43.0665],[-2.029,43.0675],[-2.0275,43.0665],[-2.0295,43.0665],[-2.029,43.0675],[-2.0345,43.0715],[-2.035,43.0715],[-2.039,43.073],[-2.0415,43.074],[-2.0415,43.0745],[-2.0435,43.078],[-2.043,43.0785],[-2.043,43.081],[-2.055,43.0925],[-2.057,43.0955],[-2.0605,43.097],[-2.0675,43.0955],[-2.0675,43.095],[-2.0725,43.0955],[-2.073,43.0965],[-2.0745,43.096],[-2.0745,43.0955],[-2.075,43.0955],[-2.0755,43.0955],[-2.076,43.0935],[-2.074,43.093],[-2.074,43.0935],[-2.074,43.093],[-2.0755,43.0915],[-2.0785,43.095],[-2.079,43.095],[-2.079,43.0945],[-2.078,43.0935],[-2.0775,43.0925],[-2.078,43.091],[-2.08,43.091],[-2.083,43.0905],[-2.086,43.0905],[-2.0855,43.092],[-2.0865,43.091],[-2.086,43.09],[-2.0835,43.09],[-2.0835,43.0895],[-2.081,43.0895],[-2.081,43.09],[-2.0805,43.0895],[-2.079,43.09],[-2.078,43.0905],[-2.0765,43.09],[-2.074,43.09],[-2.0735,43.0895],[-2.071,43.0885],[-2.068,43.087],[-2.0715,43.088],[-2.074,43.0895],[-2.082,43.0875],[-2.0815,43.0865],[-2.082,43.086],[-2.0825,43.0855],[-2.075,43.081],[-2.0745,43.0805],[-2.073,43.0845],[-2.0725,43.0855],[-2.073,43.085],[-2.0725,43.084],[-2.071,43.0825],[-2.0685,43.079],[-2.068,43.078],[-2.0715,43.076],[-2.071,43.0775],[-2.071,43.078],[-2.071,43.0785],[-2.0715,43.0785],[-2.0715,43.079],[-2.0785,43.08],[-2.0825,43.0825],[-2.0845,43.089],[-2.088,43.087],[-2.0885,43.0845],[-2.089,43.0845],[-2.089,43.084],[-2.0875,43.083],[-2.0885,43.0825],[-2.0895,43.0835],[-2.0895,43.084],[-2.089,43.084],[-2.0895,43.084],[-2.0895,43.0835],[-2.088,43.0785],[-2.0875,43.077],[-2.087,43.076],[-2.087,43.075],[-2.0865,43.0745],[-2.086,43.0735],[-2.0775,43.0705],[-2.077,43.07],[-2.075,43.0695],[-2.0765,43.069],[-2.0765,43.066],[-2.0765,43.0655],[-2.0705,43.062],[-2.059,43.0615],[-2.044,43.06],[-2.071,43.063],[-2.0715,43.0645],[-2.0625,43.066],[-2.0565,43.0725],[-2.0615,43.0695],[-2.061,43.0695],[-2.0615,43.0695],[-2.0615,43.069],[-2.061,43.072],[-2.055,43.074],[-2.0525,43.0725],[-2.052,43.0725],[-2.0545,43.068],[-2.0495,43.065],[-2.0475,43.063],[-2.043,43.0605],[-2.042,43.0615],[-2.042,43.062],[-2.0415,43.0625],[-2.0425,43.0605],[-2.042,43.0605],[-2.0405,43.0605],[-2.04,43.0605],[-2.033,43.063],[-2.027,43.0595],[-2.022,43.062],[-2.021,43.058],[-2.0205,43.058],[-2.0195,43.058]],[[-2.061,43.0895],[-2.0615,43.0905],[-2.06,43.09],[-2.0605,43.0895],[-2.059,43.089],[-2.055,43.0815],[-2.0605,43.0835],[-2.0605,43.084],[-2.061,43.084],[-2.063,43.0865],[-2.0635,43.088],[-2.0635,43.089],[-2.062,43.0895],[-2.061,43.0895]]],[[[-2.051,43.174],[-2.044,43.164],[-2.0435,43.1635],[-2.043,43.1635],[-2.036,43.162],[-2.0355,43.171],[-2.036,43.1715],[-2.0355,43.1715],[-2.0355,43.172],[-2.0355,43.173],[-2.036,43.174],[-2.038,43.1755],[-2.038,43.176],[-2.0385,43.176],[-2.039,43.176],[-2.039,43.1765],[-2.0395,43.1765],[-2.0405,43.177],[-2.0405,43.1775],[-2.041,43.1775],[-2.042,43.178],[-2.0425,43.1785],[-2.043,43.179],[-2.043,43.1785],[-2.0435,43.1785],[-2.0435,43.179],[-2.044,43.1785],[-2.045,43.178],[-2.0455,43.1775],[-2.046,43.177],[-2.0465,43.1765],[-2.0465,43.176],[-2.0485,43.1755],[-2.0485,43.176],[-2.05,43.177],[-2.0515,43.176],[-2.052,43.1755],[-2.052,43.175],[-2.0515,43.174],[-2.0515,43.173],[-2.0515,43.1725],[-2.0525,43.1715],[-2.053,43.1705],[-2.0545,43.1685],[-2.051,43.1705],[-2.051,43.174]]],[[[-2.0725,43.291],[-2.073,43.2905],[-2.0735,43.2905],[-2.074,43.29],[-2.0745,43.29],[-2.075,43.2895],[-2.0755,43.289],[-2.076,43.289],[-2.0685,43.288],[-2.068,43.288],[-2.0675,43.2875],[-2.067,43.2875],[-2.058,43.2865],[-2.0575,43.286],[-2.0575,43.285],[-2.058,43.2845],[-2.057,43.282],[-2.056,43.2815],[-2.057,43.282],[-2.0555,43.2795],[-2.054,43.2805],[-2.054,43.281],[-2.0545,43.2815],[-2.0545,43.282],[-2.055,43.282],[-2.055,43.2825],[-2.0555,43.2835],[-2.056,43.284],[-2.056,43.285],[-2.056,43.2855],[-2.056,43.286],[-2.0565,43.286],[-2.056,43.286],[-2.056,43.2855],[-2.056,43.285],[-2.0555,43.284],[-2.056,43.284],[-2.0555,43.2835],[-2.055,43.2825],[-2.0545,43.2815],[-2.0515,43.28],[-2.051,43.28],[-2.0495,43.2805],[-2.0495,43.281],[-2.05,43.2815],[-2.05,43.282],[-2.0505,43.282],[-2.0505,43.283],[-2.051,43.2835],[-2.051,43.284],[-2.051,43.2845],[-2.0515,43.2845],[-2.0515,43.285],[-2.0515,43.2855],[-2.052,43.2855],[-2.052,43.286],[-2.052,43.2865],[-2.052,43.287],[-2.0525,43.287],[-2.0525,43.2875],[-2.053,43.2875],[-2.0535,43.288],[-2.0535,43.2885],[-2.0535,43.289],[-2.0535,43.2885],[-2.0535,43.288],[-2.053,43.2875],[-2.0525,43.2875],[-2.0525,43.287],[-2.052,43.287],[-2.052,43.2865],[-2.052,43.286],[-2.0515,43.2855],[-2.0515,43.2845],[-2.051,43.2845],[-2.051,43.2835],[-2.051,43.284],[-2.051,43.2835],[-2.0505,43.283],[-2.0495,43.281],[-2.0495,43.2805],[-2.047,43.281],[-2.046,43.2825],[-2.046,43.283],[-2.0465,43.283],[-2.0465,43.2835],[-2.047,43.284],[-2.0465,43.284],[-2.047,43.2845],[-2.0465,43.2845],[-2.0465,43.285],[-2.047,43.285],[-2.0475,43.2865],[-2.048,43.2865],[-2.0485,43.287],[-2.0485,43.2875],[-2.049,43.2875],[-2.0495,43.2885],[-2.049,43.2875],[-2.0485,43.2875],[-2.0485,43.287],[-2.0475,43.2865],[-2.047,43.2855],[-2.0465,43.285],[-2.0465,43.2845],[-2.0465,43.284],[-2.047,43.284],[-2.0465,43.2835],[-2.0465,43.283],[-2.046,43.283],[-2.0455,43.2825],[-2.045,43.283],[-2.045,43.2835],[-2.0445,43.284],[-2.045,43.284],[-2.0445,43.284],[-2.045,43.2855],[-2.045,43.286],[-2.0455,43.286],[-2.0455,43.287],[-2.0455,43.2875],[-2.0455,43.288],[-2.046,43.288],[-2.046,43.2885],[-2.0465,43.289],[-2.047,43.2895],[-2.047,43.29],[-2.0465,43.289],[-2.046,43.2885],[-2.046,43.288],[-2.0455,43.2875],[-2.045,43.2855],[-2.0445,43.285],[-2.0435,43.286],[-2.0435,43.2865],[-2.043,43.287],[-2.043,43.2875],[-2.043,43.288],[-2.043,43.2885],[-2.043,43.288],[-2.043,43.2875],[-2.043,43.2865],[-2.0435,43.2865],[-2.0435,43.286],[-2.0445,43.285],[-2.0445,43.284],[-2.0445,43.2835],[-2.045,43.2835],[-2.045,43.283],[-2.045,43.2825],[-2.045,43.282],[-2.042,43.2845],[-2.0415,43.2895],[-2.042,43.29],[-2.0415,43.291],[-2.039,43.292],[-2.0465,43.2935],[-2.051,43.294],[-2.053,43.2945],[-2.0535,43.295],[-2.0615,43.295],[-2.062,43.2945],[-2.0625,43.2945],[-2.063,43.2945],[-2.0635,43.294],[-2.064,43.294],[-2.0715,43.291],[-2.0725,43.291],[-2.0745,43.2905],[-2.0735,43.2905],[-2.0725,43.291]]],[[[-2.0445,43.306],[-2.0535,43.3065],[-2.0605,43.3035],[-2.0555,43.301],[-2.054,43.3015],[-2.0525,43.302],[-2.0485,43.304],[-2.0475,43.3045],[-2.0465,43.3055],[-2.0445,43.306]]],[[[-2.0675,43.307],[-2.065,43.304],[-2.056,43.3065],[-2.0445,43.309],[-2.0405,43.313],[-2.0485,43.313],[-2.0615,43.3095],[-2.0675,43.307]]],[[[-2.0255,43.069],[-2.021,43.068],[-2.018,43.068],[-2.0155,43.0695],[-2.0155,43.07],[-2.015,43.07],[-2.015,43.071],[-2.0145,43.0715],[-2.014,43.0725],[-2.0135,43.073],[-2.014,43.0735],[-2.0145,43.0735],[-2.0155,43.0735],[-2.0165,43.074],[-2.0185,43.0755],[-2.0185,43.076],[-2.019,43.0765],[-2.0295,43.0855],[-2.0325,43.0865],[-2.034,43.0925],[-2.0415,43.097],[-2.043,43.1045],[-2.0445,43.102],[-2.045,43.103],[-2.0455,43.103],[-2.0465,43.103],[-2.049,43.107],[-2.052,43.108],[-2.051,43.1105],[-2.054,43.1115],[-2.0545,43.1095],[-2.0565,43.1105],[-2.056,43.111],[-2.056,43.1115],[-2.0565,43.112],[-2.0545,43.112],[-2.0575,43.1135],[-2.058,43.113],[-2.058,43.1125],[-2.059,43.1115],[-2.059,43.11],[-2.061,43.111],[-2.061,43.11],[-2.0635,43.1075],[-2.064,43.1065],[-2.065,43.106],[-2.064,43.106],[-2.066,43.1055],[-2.067,43.1055],[-2.069,43.101],[-2.07,43.1],[-2.064,43.098],[-2.061,43.1],[-2.059,43.1],[-2.0565,43.0985],[-2.0575,43.098],[-2.057,43.0955],[-2.054,43.099],[-2.0565,43.099],[-2.0535,43.099],[-2.048,43.0885],[-2.0425,43.085],[-2.0385,43.076],[-2.033,43.075],[-2.0235,43.078],[-2.028,43.0725],[-2.0325,43.0745],[-2.026,43.0695],[-2.023,43.069],[-2.0255,43.069]]],[[[-2.055,43.1465],[-2.051,43.148],[-2.0485,43.145],[-2.0525,43.143],[-2.0525,43.1445],[-2.0545,43.142],[-2.048,43.141],[-2.043,43.1425],[-2.04,43.143],[-2.0395,43.142],[-2.038,43.142],[-2.037,43.142],[-2.0385,43.142],[-2.037,43.1425],[-2.038,43.1445],[-2.0385,43.145],[-2.038,43.145],[-2.0365,43.1485],[-2.0395,43.151],[-2.0375,43.1515],[-2.036,43.152],[-2.0335,43.1515],[-2.032,43.1505],[-2.0295,43.151],[-2.0285,43.151],[-2.028,43.151],[-2.0275,43.151],[-2.027,43.151],[-2.026,43.1505],[-2.025,43.152],[-2.021,43.1505],[-2.02,43.1495],[-2.019,43.1515],[-2.018,43.1495],[-2.0175,43.15],[-2.015,43.151],[-2.0145,43.154],[-2.013,43.155],[-2.012,43.156],[-2.0115,43.157],[-2.0115,43.1575],[-2.0115,43.157],[-2.012,43.156],[-2.012,43.1555],[-2.014,43.154],[-2.0125,43.155],[-2.013,43.155],[-2.0145,43.154],[-2.0145,43.152],[-2.008,43.1495],[-2.0035,43.148],[-2.0015,43.148],[-2.0025,43.149],[-2.003,43.1495],[-2.004,43.149],[-2.0045,43.152],[-2.0045,43.153],[-2.005,43.1535],[-2.0045,43.154],[-2.0045,43.1535],[-2.004,43.153],[-2.004,43.151],[-2.0035,43.15],[-2.003,43.1495],[-2.0015,43.149],[-2.0005,43.1485],[-2.003,43.1515],[-1.9965,43.154],[-1.998,43.158],[-1.9995,43.1565],[-1.999,43.158],[-2.001,43.1585],[-2.002,43.159],[-2.003,43.161],[-2.0065,43.1615],[-2.0095,43.162],[-2.01,43.162],[-2.0105,43.162],[-2.0155,43.1645],[-2.0155,43.165],[-2.0155,43.1655],[-2.016,43.1665],[-2.016,43.167],[-2.02,43.168],[-2.017,43.17],[-2.021,43.1755],[-2.022,43.171],[-2.0225,43.171],[-2.0225,43.1715],[-2.023,43.172],[-2.0235,43.172],[-2.0245,43.172],[-2.025,43.1725],[-2.025,43.173],[-2.0255,43.173],[-2.026,43.173],[-2.027,43.174],[-2.0255,43.1745],[-2.025,43.1745],[-2.0245,43.1745],[-2.0235,43.175],[-2.0235,43.1745],[-2.023,43.1755],[-2.024,43.1755],[-2.0245,43.1755],[-2.0245,43.176],[-2.026,43.1765],[-2.0265,43.1765],[-2.027,43.176],[-2.0275,43.1755],[-2.0275,43.175],[-2.0275,43.1745],[-2.028,43.1745],[-2.028,43.175],[-2.0285,43.1765],[-2.0305,43.175],[-2.035,43.1735],[-2.035,43.173],[-2.0355,43.173],[-2.0355,43.172],[-2.035,43.1715],[-2.0355,43.1715],[-2.0355,43.171],[-2.0335,43.1705],[-2.033,43.1705],[-2.0315,43.17],[-2.031,43.17],[-2.031,43.1695],[-2.0305,43.1695],[-2.0295,43.169],[-2.0295,43.1685],[-2.029,43.168],[-2.025,43.1665],[-2.0245,43.166],[-2.0235,43.165],[-2.0235,43.1655],[-2.0235,43.168],[-2.024,43.1685],[-2.024,43.169],[-2.0245,43.169],[-2.025,43.1695],[-2.0255,43.17],[-2.0255,43.1705],[-2.0245,43.17],[-2.0235,43.169],[-2.023,43.1685],[-2.016,43.1645],[-2.0225,43.1595],[-2.025,43.163],[-2.028,43.1655],[-2.024,43.165],[-2.0245,43.166],[-2.025,43.1665],[-2.029,43.168],[-2.0295,43.1685],[-2.03,43.169],[-2.0305,43.1695],[-2.031,43.1695],[-2.031,43.17],[-2.0315,43.17],[-2.033,43.17],[-2.033,43.1705],[-2.0335,43.1705],[-2.036,43.162],[-2.034,43.1625],[-2.028,43.163],[-2.0275,43.163],[-2.0255,43.161],[-2.0255,43.158],[-2.035,43.1565],[-2.05,43.157],[-2.048,43.159],[-2.048,43.1595],[-2.0485,43.1595],[-2.0485,43.16],[-2.049,43.1605],[-2.0495,43.161],[-2.05,43.161],[-2.0505,43.1615],[-2.051,43.1615],[-2.052,43.162],[-2.053,43.1615],[-2.054,43.1615],[-2.0535,43.162],[-2.054,43.162],[-2.0535,43.1625],[-2.053,43.162],[-2.0525,43.162],[-2.053,43.162],[-2.0535,43.1625],[-2.054,43.1625],[-2.0545,43.1625],[-2.0555,43.1625],[-2.0575,43.1635],[-2.06,43.1635],[-2.0625,43.162],[-2.0625,43.1615],[-2.0625,43.161],[-2.062,43.161],[-2.0615,43.161],[-2.059,43.16],[-2.0585,43.1595],[-2.058,43.1595],[-2.058,43.159],[-2.058,43.1595],[-2.0585,43.1595],[-2.059,43.16],[-2.0595,43.16],[-2.0615,43.161],[-2.0615,43.1605],[-2.0625,43.1605],[-2.0625,43.1595],[-2.063,43.159],[-2.068,43.1535],[-2.0675,43.1535],[-2.0675,43.152],[-2.067,43.152],[-2.0665,43.1515],[-2.0665,43.151],[-2.065,43.1515],[-2.065,43.152],[-2.0655,43.152],[-2.065,43.153],[-2.0645,43.1525],[-2.065,43.1495],[-2.0665,43.1485],[-2.066,43.1485],[-2.0655,43.1485],[-2.0645,43.149],[-2.064,43.149],[-2.063,43.149],[-2.062,43.1495],[-2.0605,43.151],[-2.0615,43.1505],[-2.0605,43.151],[-2.06,43.1505],[-2.0605,43.1505],[-2.06,43.1505],[-2.0605,43.1505],[-2.061,43.15],[-2.0615,43.1505],[-2.0625,43.1495],[-2.063,43.149],[-2.0635,43.149],[-2.064,43.149],[-2.0645,43.1485],[-2.065,43.1485],[-2.0655,43.1485],[-2.0655,43.148],[-2.063,43.1485],[-2.0635,43.148],[-2.0585,43.1445],[-2.0555,43.146],[-2.0555,43.1465],[-2.055,43.1465]]],[[[-2.008,43.074],[-2.003,43.076],[-2.0015,43.077],[-2,43.0765],[-1.9975,43.0765],[-1.9915,43.079],[-2.0005,43.084],[-2.0065,43.086],[-2.0075,43.086],[-2.016,43.0895],[-2.018,43.091],[-2.0265,43.097],[-2.033,43.0955],[-2.03,43.0875],[-2.019,43.0815],[-2.015,43.076],[-2.0145,43.076],[-2.014,43.076],[-2.0135,43.076],[-2.0105,43.0735],[-2.0085,43.074],[-2.008,43.074]]],[[[-1.9995,43.094],[-2.0005,43.0935],[-2.0055,43.0905],[-2.0085,43.0885],[-1.995,43.0835],[-1.9945,43.084],[-1.9925,43.085],[-1.992,43.085],[-1.9925,43.085],[-1.994,43.084],[-1.9945,43.084],[-1.995,43.0835],[-1.9895,43.079],[-1.989,43.079],[-1.9815,43.081],[-1.98,43.0815],[-1.979,43.0815],[-1.9785,43.082],[-1.9755,43.083],[-1.974,43.0835],[-1.9735,43.084],[-1.972,43.085],[-1.971,43.085],[-1.9705,43.0855],[-1.973,43.091],[-1.973,43.0915],[-1.972,43.092],[-1.9715,43.0915],[-1.968,43.094],[-1.9675,43.0945],[-1.967,43.095],[-1.966,43.0955],[-1.9635,43.0955],[-1.963,43.0955],[-1.9625,43.0955],[-1.962,43.0955],[-1.9615,43.0955],[-1.967,43.0975],[-1.9665,43.098],[-1.9665,43.0985],[-1.9665,43.098],[-1.966,43.098],[-1.962,43.102],[-1.9615,43.1025],[-1.9625,43.102],[-1.964,43.101],[-1.964,43.1005],[-1.9645,43.1005],[-1.965,43.0995],[-1.966,43.099],[-1.9705,43.1015],[-1.972,43.0945],[-1.9775,43.092],[-1.9825,43.094],[-1.99,43.0905],[-1.9905,43.0905],[-1.9925,43.091],[-1.9945,43.095],[-1.9995,43.094]]],[[[-2.0005,43.0995],[-2.005,43.1005],[-2.004,43.1075],[-2.0095,43.107],[-2.0125,43.1095],[-2.0195,43.107],[-2.022,43.104],[-2.0225,43.1045],[-2.023,43.104],[-2.0245,43.1035],[-2.0245,43.103],[-2.027,43.102],[-2.0275,43.1005],[-2.028,43.1],[-2.0285,43.0995],[-2.029,43.099],[-2.0285,43.0985],[-2.026,43.0985],[-2.0245,43.099],[-2.0245,43.0995],[-2.024,43.0995],[-2.0235,43.0995],[-2.023,43.1],[-2.0225,43.1],[-2.0225,43.1005],[-2.022,43.101],[-2.0215,43.101],[-2.022,43.101],[-2.0215,43.1005],[-2.022,43.1005],[-2.0225,43.1005],[-2.0225,43.1],[-2.023,43.1],[-2.023,43.0995],[-2.0235,43.0995],[-2.024,43.0995],[-2.026,43.0985],[-2.0255,43.0985],[-2.025,43.0985],[-2.0245,43.098],[-2.021,43.096],[-2.02,43.0965],[-2.0195,43.0975],[-2.0185,43.099],[-2.018,43.0995],[-2.015,43.1005],[-2.014,43.1005],[-2.0135,43.1005],[-2.0125,43.1005],[-2.012,43.1005],[-2.007,43.099],[-2.006,43.098],[-2.006,43.1],[-2.0065,43.1005],[-2.006,43.1005],[-2.0055,43.1],[-2.0055,43.0975],[-2.005,43.097],[-2.0045,43.0965],[-2.0045,43.095],[-2.0045,43.0945],[-2.0045,43.094],[-2.0045,43.0925],[-2.001,43.094],[-1.9985,43.096],[-1.999,43.096],[-1.9995,43.097],[-1.999,43.0975],[-1.9985,43.097],[-1.998,43.097],[-2.0005,43.0995]]],[[[-1.979,43.1045],[-1.9795,43.1055],[-1.9795,43.106],[-1.979,43.106],[-1.9835,43.109],[-1.9845,43.116],[-1.985,43.1155],[-1.9865,43.1165],[-1.986,43.117],[-1.986,43.118],[-1.988,43.119],[-1.988,43.1195],[-1.9895,43.1195],[-1.9885,43.12],[-1.9885,43.1205],[-1.9925,43.1205],[-1.991,43.1225],[-1.9915,43.123],[-1.9915,43.124],[-1.9925,43.124],[-1.993,43.1235],[-1.993,43.123],[-1.9935,43.123],[-1.9955,43.1205],[-1.9985,43.1215],[-2.0055,43.117],[-2.0145,43.117],[-2.0145,43.116],[-2.0105,43.1135],[-2.001,43.1135],[-1.9975,43.112],[-2.0005,43.1095],[-1.994,43.1085],[-1.987,43.111],[-1.988,43.1095],[-1.985,43.108],[-1.9855,43.108],[-1.9855,43.1075],[-1.986,43.107],[-1.9865,43.107],[-1.9875,43.1065],[-1.9865,43.107],[-1.987,43.1075],[-1.989,43.106],[-1.9815,43.1055],[-1.979,43.1045]]],[[[-2.025,43.124],[-2.008,43.119],[-2.0035,43.12],[-2.0025,43.121],[-1.9985,43.1215],[-1.9945,43.124],[-1.995,43.1245],[-1.9945,43.1245],[-1.994,43.125],[-1.9945,43.126],[-1.9915,43.126],[-1.991,43.1265],[-1.9935,43.127],[-1.994,43.127],[-2,43.1265],[-2.0005,43.1265],[-2.0015,43.126],[-2.002,43.1285],[-1.995,43.131],[-1.994,43.1335],[-1.9905,43.137],[-1.9895,43.133],[-1.987,43.136],[-1.9915,43.1395],[-1.996,43.1335],[-2.0015,43.133],[-2.0005,43.131],[-2.0025,43.1335],[-2.005,43.1345],[-2.007,43.133],[-2.008,43.1335],[-2.0065,43.1335],[-2.006,43.1345],[-2.0065,43.1355],[-2.0065,43.136],[-2.011,43.1395],[-2.012,43.139],[-2.0115,43.1395],[-2.015,43.1395],[-2.011,43.137],[-2.0155,43.1395],[-2.019,43.1405],[-2.018,43.1365],[-2.0225,43.14],[-2.023,43.14],[-2.023,43.1385],[-2.0235,43.136],[-2.0255,43.1375],[-2.0265,43.137],[-2.0275,43.1395],[-2.029,43.1395],[-2.029,43.139],[-2.0295,43.1375],[-2.0295,43.1365],[-2.0305,43.1345],[-2.0325,43.1325],[-2.0325,43.132],[-2.0265,43.1275],[-2.03,43.1265],[-2.0365,43.1285],[-2.042,43.128],[-2.04,43.124],[-2.0395,43.124],[-2.0385,43.1235],[-2.0375,43.1235],[-2.0365,43.1235],[-2.0375,43.123],[-2.0385,43.123],[-2.0415,43.122],[-2.041,43.1215],[-2.0385,43.1225],[-2.0395,43.1215],[-2.04,43.1215],[-2.034,43.1195],[-2.029,43.1195],[-2.0225,43.1225],[-2.025,43.1235],[-2.0255,43.124],[-2.025,43.124]]],[[[-1.9815,43.1315],[-1.978,43.1335],[-1.977,43.1375],[-1.979,43.143],[-1.982,43.1435],[-1.9885,43.149],[-1.99,43.152],[-1.996,43.154],[-1.9965,43.154],[-1.998,43.149],[-1.9975,43.1485],[-1.9945,43.146],[-1.994,43.1455],[-1.993,43.1455],[-1.9895,43.145],[-1.9885,43.145],[-1.9875,43.145],[-1.9865,43.1445],[-1.9835,43.1425],[-1.985,43.1435],[-1.986,43.144],[-1.987,43.1445],[-1.9875,43.1445],[-1.9885,43.145],[-1.992,43.145],[-1.9925,43.145],[-1.9885,43.1405],[-1.988,43.14],[-1.988,43.1395],[-1.9885,43.1395],[-1.9885,43.139],[-1.986,43.136],[-1.9875,43.133],[-1.984,43.1305],[-1.9815,43.1315]]],[[[-1.9775,43.241],[-1.9785,43.24],[-1.9785,43.2395],[-1.98,43.239],[-1.9805,43.239],[-1.9805,43.238],[-1.98,43.238],[-1.98,43.2385],[-1.9795,43.2385],[-1.9795,43.238],[-1.9795,43.2375],[-1.979,43.2375],[-1.9785,43.2375],[-1.978,43.2375],[-1.978,43.237],[-1.9775,43.237],[-1.9775,43.2365],[-1.978,43.2365],[-1.9775,43.2365],[-1.978,43.236],[-1.979,43.236],[-1.9795,43.2355],[-1.979,43.235],[-1.978,43.235],[-1.9775,43.2355],[-1.978,43.2355],[-1.9775,43.2355],[-1.9745,43.233],[-1.9745,43.2325],[-1.9745,43.232],[-1.975,43.232],[-1.9755,43.232],[-1.9755,43.2315],[-1.9765,43.232],[-1.979,43.233],[-1.9795,43.2345],[-1.98,43.234],[-1.9805,43.2335],[-1.9805,43.234],[-1.981,43.2345],[-1.981,43.235],[-1.981,43.2355],[-1.981,43.235],[-1.981,43.2345],[-1.9815,43.234],[-1.9815,43.2335],[-1.9815,43.233],[-1.982,43.233],[-1.982,43.2325],[-1.9805,43.231],[-1.9805,43.2305],[-1.98,43.23],[-1.9795,43.2305],[-1.979,43.231],[-1.978,43.232],[-1.9765,43.231],[-1.977,43.2305],[-1.9775,43.2305],[-1.978,43.2305],[-1.9785,43.23],[-1.978,43.23],[-1.9775,43.23],[-1.977,43.23],[-1.9775,43.2295],[-1.9775,43.229],[-1.978,43.229],[-1.978,43.2285],[-1.979,43.2285],[-1.979,43.228],[-1.978,43.228],[-1.978,43.2275],[-1.977,43.228],[-1.9765,43.228],[-1.975,43.2285],[-1.9745,43.2285],[-1.9715,43.23],[-1.971,43.23],[-1.97,43.231],[-1.9695,43.231],[-1.9685,43.233],[-1.9675,43.233],[-1.9675,43.2335],[-1.967,43.234],[-1.966,43.235],[-1.967,43.2375],[-1.966,43.238],[-1.9665,43.238],[-1.966,43.2385],[-1.965,43.239],[-1.9645,43.239],[-1.9645,43.2395],[-1.9645,43.239],[-1.965,43.239],[-1.966,43.2385],[-1.966,43.238],[-1.966,43.235],[-1.967,43.234],[-1.9675,43.2335],[-1.9675,43.233],[-1.9695,43.231],[-1.97,43.231],[-1.971,43.23],[-1.9715,43.23],[-1.9745,43.2285],[-1.975,43.2285],[-1.9765,43.228],[-1.977,43.228],[-1.978,43.2275],[-1.978,43.228],[-1.979,43.228],[-1.979,43.2255],[-1.9765,43.2255],[-1.9765,43.2235],[-1.976,43.223],[-1.9755,43.223],[-1.9725,43.2225],[-1.972,43.2225],[-1.971,43.2205],[-1.9655,43.2205],[-1.9685,43.2235],[-1.969,43.2235],[-1.969,43.224],[-1.9695,43.2245],[-1.971,43.2245],[-1.9715,43.2235],[-1.9735,43.2265],[-1.974,43.2265],[-1.9745,43.2265],[-1.9745,43.2275],[-1.9735,43.2285],[-1.973,43.227],[-1.973,43.2265],[-1.969,43.225],[-1.968,43.224],[-1.965,43.225],[-1.965,43.2245],[-1.963,43.2235],[-1.9625,43.223],[-1.9615,43.229],[-1.9575,43.231],[-1.957,43.231],[-1.9545,43.2325],[-1.962,43.2315],[-1.963,43.2325],[-1.9635,43.2325],[-1.963,43.2325],[-1.9635,43.2325],[-1.964,43.233],[-1.963,43.233],[-1.963,43.2325],[-1.9635,43.2335],[-1.9625,43.2375],[-1.961,43.238],[-1.961,43.2385],[-1.958,43.2375],[-1.958,43.237],[-1.958,43.2385],[-1.955,43.242],[-1.9585,43.242],[-1.959,43.242],[-1.9595,43.2425],[-1.9605,43.2425],[-1.961,43.2425],[-1.9615,43.2425],[-1.962,43.242],[-1.9625,43.2425],[-1.9615,43.2425],[-1.9625,43.244],[-1.9635,43.244],[-1.9635,43.2435],[-1.967,43.2465],[-1.968,43.2455],[-1.9675,43.246],[-1.967,43.2455],[-1.9675,43.2455],[-1.968,43.2455],[-1.9685,43.2455],[-1.969,43.2455],[-1.97,43.2455],[-1.9705,43.2455],[-1.97,43.2465],[-1.97,43.247],[-1.9695,43.2475],[-1.9695,43.248],[-1.9695,43.2485],[-1.9695,43.249],[-1.97,43.2495],[-1.97,43.25],[-1.97,43.2505],[-1.9705,43.2505],[-1.971,43.251],[-1.9715,43.2515],[-1.9715,43.252],[-1.972,43.252],[-1.973,43.25],[-1.9735,43.25],[-1.973,43.2505],[-1.973,43.2515],[-1.9735,43.2515],[-1.9735,43.252],[-1.974,43.252],[-1.975,43.2515],[-1.9755,43.2515],[-1.9765,43.2515],[-1.9775,43.2515],[-1.9775,43.2535],[-1.978,43.2535],[-1.9785,43.253],[-1.979,43.2525],[-1.9795,43.2505],[-1.9795,43.25],[-1.9815,43.248],[-1.981,43.2475],[-1.9805,43.247],[-1.981,43.247],[-1.9815,43.247],[-1.982,43.2475],[-1.982,43.247],[-1.982,43.2465],[-1.9815,43.246],[-1.981,43.2455],[-1.981,43.245],[-1.9805,43.2445],[-1.98,43.2445],[-1.9795,43.2445],[-1.9805,43.2435],[-1.981,43.242],[-1.9805,43.2425],[-1.98,43.242],[-1.9795,43.2415],[-1.979,43.2415],[-1.9785,43.244],[-1.978,43.244],[-1.9775,43.244],[-1.978,43.244],[-1.978,43.2445],[-1.9755,43.2445],[-1.976,43.2445],[-1.9765,43.2435],[-1.977,43.243],[-1.9765,43.242],[-1.976,43.242],[-1.976,43.2415],[-1.9765,43.242],[-1.978,43.2415],[-1.9775,43.241]]],[[[-1.9675,43.118],[-1.9685,43.118],[-1.971,43.115],[-1.9685,43.1125],[-1.968,43.1125],[-1.968,43.112],[-1.9675,43.112],[-1.9665,43.1105],[-1.9655,43.1105],[-1.965,43.1105],[-1.965,43.111],[-1.965,43.1115],[-1.965,43.113],[-1.965,43.1135],[-1.9655,43.1145],[-1.966,43.1145],[-1.966,43.115],[-1.9665,43.1155],[-1.967,43.116],[-1.967,43.1165],[-1.9675,43.1175],[-1.9675,43.118]]]]},"properties":{"APTITUD":"MUY BAJA"}}
]}