{"type":"FeatureCollection","features":[{"type":"Feature","id":1,"geometry":{"type":"Polygon","coordinates":[[[-2.4029012474161084,43.298204533860016],[-2.402952685187727,43.298283800530321],[-2.4029018094143582,43.298366950773179],[-2.4029293053301726,43.298556470720868],[-2.4029912521624182,43.298721179140358],[-2.4031119576965603,43.298886222077641],[-2.4032136330362279,43.299001138803035],[-2.4032428865945716,43.299011951061878],[-2.4033951883636751,43.298941287845615],[-2.4033848782227105,43.29899485008923],[-2.4032915046537067,43.299037264473874],[-2.4032415228314945,43.29908521338141],[-2.4032639458257661,43.299108815232636],[-2.4032065158861258,43.299198771290264],[-2.4032014854409556,43.299240530834211],[-2.4031760067895154,43.299347571399316],[-2.4031794459576545,43.299494088583849],[-2.4031636880095681,43.299604818615663],[-2.4030997344566649,43.299640190781318],[-2.4030267253027437,43.299596939818414],[-2.4030029192404259,43.299532481392703],[-2.4029356086444205,43.299410606841406],[-2.4027999017187427,43.299281272343201],[-2.4027415609808562,43.29923810678541],[-2.4026247975272956,43.299173144840012],[-2.4023601763689264,43.299214638752737],[-2.4022116461847789,43.299294018729363],[-2.4022094724657546,43.299517402183945],[-2.402219951460248,43.29956727573029],[-2.4022647152775454,43.299781521691386],[-2.4022668958289795,43.299870791055163],[-2.4022734390305684,43.300125103972256],[-2.4022739430444804,43.300144131496509],[-2.4024100701702884,43.300223089935571],[-2.4025544115318134,43.300389388779863],[-2.4025187891618902,43.300501373737276],[-2.4024485523615762,43.300610426051726],[-2.4023823355907163,43.30070263013404],[-2.4023509033571728,43.300778236788879],[-2.4023966696301762,43.300812099034196],[-2.4024618832908251,43.300818051393456],[-2.4025773867907012,43.300793405879823],[-2.4026545859835027,43.300754595903314],[-2.4027039556907654,43.300810923475254],[-2.4027377371342502,43.300889629766743],[-2.4027409253499843,43.300959788532467],[-2.4027363147615772,43.301035562354372],[-2.4027738695463072,43.301119885585486],[-2.4027846022313306,43.301206893498644],[-2.4027065662893832,43.301324325423302],[-2.4026602986964916,43.301383672545285],[-2.4027114298965424,43.301387946600379],[-2.4027597081350471,43.301391215231561],[-2.4032979216414283,43.301428007553156],[-2.4033268416167339,43.301429934123362],[-2.403335726962986,43.301406129130122],[-2.4033668231346978,43.301367067367345],[-2.4033715969733125,43.301277295847804],[-2.4033577651531726,43.301114515349965],[-2.40340051272835,43.30106983876221],[-2.4035620355688176,43.301045444884807],[-2.4036618653533326,43.301051562652667],[-2.4037652993619232,43.301082994802002],[-2.4039906976579108,43.301207634084008],[-2.4042271575912375,43.301379967491755],[-2.4043191137167819,43.301499327652856],[-2.4048125645634766,43.301534862202303],[-2.4048122280466004,43.301325561485179],[-2.4048162475694794,43.301249451336389],[-2.4048461710987783,43.301187675305016],[-2.4048955393111657,43.301137967527907],[-2.4049613387387301,43.301081137039006],[-2.4049975493506053,43.301040902025562],[-2.4050274698347156,43.300981558067029],[-2.4050345101405406,43.300929168190436],[-2.4050488421335565,43.300793547234939],[-2.4050430563949798,43.300715006156551],[-2.4050863898101755,43.300619953124084],[-2.4051390282058907,43.300570246937411],[-2.4051852955103588,43.300501512420048],[-2.4052414538745284,43.300428001956277],[-2.4052711257793522,43.300392460258983],[-2.4053116916539641,43.300242671872653],[-2.4053447995738773,43.300195228648001],[-2.4054419475737259,43.300149628383529],[-2.4055048950085913,43.300126075405345],[-2.4057302049095499,43.300093717650505],[-2.4058313768578925,43.300070751179895],[-2.4059794023873922,43.299960859050593],[-2.4061049617805219,43.29980386144149],[-2.4061928040921261,43.299730516807749],[-2.4063819029195672,43.29964769895912],[-2.4065477823604575,43.299588101120044],[-2.4066310168580367,43.299538309852267],[-2.4066963103309513,43.29943135438463],[-2.4067471044796473,43.299401429064019],[-2.4069724137941226,43.299372340219563],[-2.4072853161123748,43.299300168580295],[-2.4075202633783848,43.299224223697195],[-2.4077784299886105,43.299104942408192],[-2.4079351721170328,43.299055403790987],[-2.4081974478105015,43.298996474467479],[-2.4084324788542384,43.298903766095869],[-2.4084695255998416,43.298883481255743],[-2.4084993653327511,43.29886571013423],[-2.4085753082232029,43.298827151680975],[-2.4086245923655216,43.29878306160002],[-2.4086324716016514,43.298736624248811],[-2.4086180532969101,43.298688930733391],[-2.4084941653890186,43.298613744739527],[-2.4083360767268793,43.298536965282906],[-2.408158794175165,43.298386090177225],[-2.4080390006699677,43.298288900546069],[-2.4081010381422794,43.298245104504502],[-2.4084721065655796,43.29802054244432],[-2.4087085625092794,43.297844349390587],[-2.4091891842931767,43.297533452456534],[-2.4091931227961529,43.297526998498704],[-2.4093987399499315,43.297635041218264],[-2.4096484425892326,43.297754566849612],[-2.4099390502188891,43.29783880415939],[-2.4101009072828106,43.297839639917292],[-2.410344156932771,43.29780543858945],[-2.4103881635559157,43.297795043626536],[-2.4104479291616339,43.297959752106202],[-2.4104824657030735,43.298049607729915],[-2.4105821314310867,43.298309284276037],[-2.4107337681580283,43.298522941284332],[-2.4108214480633228,43.29867708779684],[-2.410883566431429,43.298943471758385],[-2.410962780503584,43.299133071538947],[-2.4110176018623859,43.299316639546618],[-2.4111373853423492,43.299488638815973],[-2.4112966494989698,43.299755607248926],[-2.4114885202291201,43.300004888923482],[-2.4115777109492527,43.300216283854034],[-2.4116103162583582,43.300214189631681],[-2.4118066234769544,43.30009792624405],[-2.4121959637006065,43.299751490693609],[-2.4124324148310237,43.299521483948823],[-2.4125246159443767,43.299411005701934],[-2.4126389462002131,43.299249984800795],[-2.4127960234895913,43.299155768575183],[-2.4129444674590141,43.29905518119795],[-2.413102046834787,43.298897511783096],[-2.4131074110823225,43.298893657428678],[-2.4131027996441161,43.298824755860579],[-2.4131547611581148,43.298470277641108],[-2.4132208106327733,43.2983464720092],[-2.4134504737801188,43.298022502287949],[-2.4136464425865634,43.297835662273279],[-2.4134377247256653,43.297673554924373],[-2.4132613605980198,43.297489318689983],[-2.413163624494548,43.297339196097688],[-2.4133688150852359,43.297259395511688],[-2.4138566472176413,43.297037098572332],[-2.4139719007531362,43.29701723068974],[-2.4141607469579558,43.296881186893501],[-2.4143352579318793,43.296693425340052],[-2.4143788410460858,43.296608179591267],[-2.4141469090167647,43.296575911640488],[-2.4140181618020478,43.296558058767729],[-2.4140948566105904,43.296592676309274],[-2.4141305654527621,43.29665336197904],[-2.4141398705616561,43.296763167524979],[-2.4140044191373602,43.296841960811335],[-2.4137963777041667,43.296924107137741],[-2.4135784457102285,43.296964594856149],[-2.4134017516135682,43.297024278033696],[-2.4133494496637673,43.297069374932306],[-2.413230087287173,43.297091503773522],[-2.4130642929562458,43.297101982720172],[-2.4130336126939875,43.297056385409903],[-2.4130657144690151,43.296950603005264],[-2.4131134870551914,43.296826042677964],[-2.4131196887466566,43.296720095843128],[-2.413125972869437,43.296606600878548],[-2.4131269784389411,43.296508194838971],[-2.4132100441969571,43.296485979854339],[-2.4135256293417187,43.296529230234825],[-2.4136601611140329,43.296544986429673],[-2.4137983823077493,43.296527550633535],[-2.4137159868872593,43.296516067089584],[-2.4130298264170276,43.296381877847232],[-2.4129403070524855,43.296364361027713],[-2.4128358651958139,43.296367797764709],[-2.4127362853406704,43.296272997642696],[-2.4126505332245003,43.296191356615566],[-2.4124580784718539,43.296013071352327],[-2.4123052712106361,43.295905864636623],[-2.4119264824813542,43.295732360465919],[-2.4116636173609338,43.295605038921074],[-2.41153159856982,43.29554116915034],[-2.4112409038253988,43.295299599926018],[-2.4112023451166205,43.295267496365625],[-2.4110931247665754,43.295183761344418],[-2.4109694038857796,43.295088876794203],[-2.4107178522553596,43.294798858662517],[-2.4105611021469477,43.294559970386103],[-2.4105177660354276,43.294493919857665],[-2.4105136587710985,43.294487633292356],[-2.4104246353027969,43.29424254209124],[-2.4104228754161969,43.294237513857937],[-2.4103947052487138,43.293934752069539],[-2.4103945351800182,43.293889321199799],[-2.4103920071735279,43.293147925424911],[-2.4103977026854642,43.292898053764532],[-2.4103983730666179,43.292867962950901],[-2.4104100132555919,43.292353637028924],[-2.4104364123508009,43.292156572368334],[-2.4104545983314765,43.292020951474257],[-2.4106012818915188,43.291847606163891],[-2.4107576053791591,43.291757665907014],[-2.4109032825699335,43.291682810940095],[-2.4109265836502032,43.291620700148052],[-2.4109311099216635,43.291608463694402],[-2.4109882727692673,43.291456242639995],[-2.4109643847223863,43.291443921094007],[-2.4108917085948893,43.291258424820441],[-2.4107598529153482,43.291041833314971],[-2.4107031058001067,43.290963043355937],[-2.4107663906548917,43.290983914278023],[-2.4111384728271386,43.291106959416062],[-2.4112606003215538,43.291147444248033],[-2.4117325967889931,43.291236288935991],[-2.411756905195197,43.29124081539949],[-2.4120052670719292,43.291249697676477],[-2.412150024923394,43.291273081091184],[-2.4125825425792544,43.291405346663758],[-2.4125837988639729,43.291403921383832],[-2.412903912430004,43.291503915837716],[-2.413246569918361,43.291422438255232],[-2.4135215021706458,43.291381195253891],[-2.4137340713382831,43.291349341630742],[-2.4140052300277128,43.291332323013826],[-2.4141795769291985,43.291321341706521],[-2.4145728636519297,43.291353607130304],[-2.4148275979085021,43.291434911988468],[-2.4148441109895193,43.291422337797826],[-2.4149092384730175,43.291384282538331],[-2.4150599427841559,43.291227368337324],[-2.4152052869707537,43.291107333690967],[-2.4154137478643856,43.291034071688927],[-2.4155518007257939,43.290950082575009],[-2.415605609862491,43.290917307911627],[-2.4158229558879571,43.290800795526195],[-2.4161125533121015,43.290669024978385],[-2.4163294805594724,43.290598947123847],[-2.4168630781337264,43.290391903767087],[-2.4169158004664903,43.290362314174104],[-2.4169867134192518,43.290326018800236],[-2.4167077539893183,43.290131307386865],[-2.4164090120101438,43.289970876636673],[-2.416240700102422,43.289896613146517],[-2.4161584735051482,43.289907929171889],[-2.4157625006399357,43.28975009888164],[-2.4153534497246416,43.289576593592571],[-2.4153034971999761,43.289690590479893],[-2.4152046750898566,43.289804336603332],[-2.4150378727482193,43.289853542085396],[-2.4145595897604797,43.289772492139321],[-2.4144251393414216,43.289737707980606],[-2.4143998972118692,43.289078790182437],[-2.4143546161361016,43.28827922221145],[-2.4143526048597495,43.288241922938624],[-2.414351261753906,43.288216692358624],[-2.414330224356076,43.288205377511595],[-2.414209519589734,43.288141758685484],[-2.4142018100989087,43.288131028033632],[-2.4141270402747335,43.288085347415112],[-2.4140346696126338,43.288059196720688],[-2.413996779461252,43.288012340739613],[-2.4140100244313043,43.287963390217072],[-2.4140553685305517,43.287900689309481],[-2.4141033969464627,43.287886944872582],[-2.4141734727367163,43.287901276241008],[-2.4142595574385268,43.287922733850358],[-2.4143368403103125,43.287949806624347],[-2.4143363373692126,43.287941843976832],[-2.4143360847054707,43.287936059924661],[-2.4143248489463875,43.287728352557082],[-2.4143166299442611,43.287430284083563],[-2.4143210643704776,43.287402335776555],[-2.4140794149252165,43.287308411980391],[-2.4140561115704435,43.28729935913772],[-2.4138391833267319,43.287310676756107],[-2.4138698631828386,43.287293745026155],[-2.4141620585457075,43.287132972590101],[-2.4142252586421189,43.287123081435261],[-2.4144834263519832,43.287082928926239],[-2.414478054809627,43.286831548593767],[-2.414697664447893,43.286786954344656],[-2.4149498782760319,43.286588210857587],[-2.4151304253030146,43.286543365545882],[-2.4152562395046244,43.286469685646232],[-2.4153990659856865,43.286264573931781],[-2.4155177549157814,43.286133728478212],[-2.4155033334836316,43.286007828871178],[-2.4155160744815651,43.286002716325392],[-2.41550014935904,43.285983017506553],[-2.4153952024917316,43.285853012900951],[-2.415306349747639,43.285740022734331],[-2.4155384460321607,43.285613536124231],[-2.4155468286232953,43.285606995685015],[-2.416405644461141,43.28494337804387],[-2.4170051181640626,43.284449077862284],[-2.4169625286719079,43.283991498488348],[-2.4169367903904719,43.283796113058088],[-2.4169321820571184,43.283760991384902],[-2.4169186847049002,43.283659652194991],[-2.4169146590453736,43.283545070474617],[-2.4169125600620736,43.283488154216506],[-2.4170879088516957,43.283145994644542],[-2.4172230226092957,43.282935099877598],[-2.4173982853925873,43.282610125565519],[-2.4175644972179269,43.282416665018239],[-2.4177538458977468,43.282251786487898],[-2.4180664078642335,43.282071568465291],[-2.4180762156859843,43.282087660986413],[-2.4182155295869232,43.282254128422395],[-2.4183322937080405,43.282345072762141],[-2.4186338857797423,43.282536516957791],[-2.4189573506427653,43.282696527394087],[-2.4191627976243946,43.282737177619339],[-2.4195848369801545,43.282786713007376],[-2.4200067060333574,43.282852171537286],[-2.4204172640951986,43.282973036927729],[-2.4209358650885262,43.283118125486205],[-2.4212714008092027,43.283151482037077],[-2.4215195085344949,43.283129099947608],[-2.4215208491014537,43.283129015780666],[-2.4217603234734857,43.28300361723025],[-2.4219796751851499,43.282719713597452],[-2.4221913121025098,43.282119300612898],[-2.4228677462442585,43.282235888287893],[-2.4228854324524773,43.282173610647391],[-2.4229064684561812,43.282099091918973],[-2.422929602671974,43.281948885558315],[-2.4229751939520869,43.281695828280029],[-2.4229561602555219,43.281418716906813],[-2.4228950535951936,43.281275970876273],[-2.4228661312721949,43.281155018094559],[-2.4227626928977215,43.280956698900226],[-2.4227268999053297,43.280769777784869],[-2.4227666245064832,43.280539269112417],[-2.4228972970954263,43.280237847790673],[-2.422951857874819,43.280034917594207],[-2.4229466569817393,43.279787644296633],[-2.4228926724032749,43.279604161232413],[-2.422889233814939,43.279593599472975],[-2.4228883972449329,43.279589658432059],[-2.4227860449915104,43.279281536033793],[-2.42302208371084,43.279178600147681],[-2.4229997807054464,43.27894205690076],[-2.4230031269899821,43.278585064830921],[-2.4230008533770082,43.278030337087344],[-2.4230261612318293,43.277744842594153],[-2.4230590112068668,43.277442919366131],[-2.4230833173634125,43.277260523628669],[-2.4226020194199953,43.277275868483024],[-2.4223620398741308,43.277270675022628],[-2.4222638029526631,43.27726866431825],[-2.4219262552477661,43.277190043256013],[-2.4216560153427444,43.277150231084853],[-2.4213172978976973,43.27719792818592],[-2.4209478171279235,43.277311426527085],[-2.4204711366686049,43.277633051952215],[-2.4200779363374583,43.277872784671395],[-2.4197623547472698,43.278001705393201],[-2.4197581633302283,43.278003381503105],[-2.4196576589897658,43.277799194266741],[-2.4196377872274248,43.277513532524814],[-2.4196789352970014,43.277140194372365],[-2.4197428025014709,43.276882526880179],[-2.4197727228746237,43.276761657399859],[-2.4198730519874689,43.276493009930149],[-2.420004057190388,43.276153114825867],[-2.4200591236462152,43.276006426825361],[-2.4200965903351768,43.275906428603946],[-2.4202264227359467,43.275669548295831],[-2.4202496413879491,43.275627050682161],[-2.4204187841255922,43.275226970509721],[-2.4206486944159797,43.274766707462199],[-2.4208258825035625,43.274311724730161],[-2.4209335874893054,43.27405967396939],[-2.421046906479861,43.273771580764922],[-2.4208702148325836,43.273885662844179],[-2.4206491823811143,43.274025729852369],[-2.4204099615668335,43.27423645904377],[-2.420347935861201,43.274293960767984],[-2.4202293301030045,43.274286920466999],[-2.4201024242034657,43.274234868848879],[-2.4200286600530463,43.274134955001358],[-2.4199342727022137,43.273896988306966],[-2.4198571543908378,43.273691125071444],[-2.4197364471185767,43.273452990487996],[-2.4196102106360668,43.273327092941066],[-2.4194878302688028,43.273252577233393],[-2.4193651166195225,43.273219888911576],[-2.4192422350938472,43.27320966345696],[-2.4188683110304687,43.273249482843113],[-2.4186617772572876,43.273264489542257],[-2.4181829095597238,43.27326206384884],[-2.4179125046643808,43.273255863467853],[-2.4178532424133805,43.273267012170002],[-2.4177762115366277,43.273281598415814],[-2.4175633075318061,43.273295430720722],[-2.4173749623719831,43.273309430943065],[-2.4170849414864799,43.273254111987718],[-2.4167955905560428,43.2731330781209],[-2.4165591302035847,43.273042218582354],[-2.4163691898338087,43.272909196716057],[-2.4161707002717852,43.272792687711821],[-2.415948403441829,43.272595710285692],[-2.4158103449976647,43.272344584696725],[-2.4157373338738406,43.27215481468275],[-2.4156854462506994,43.272080717065414],[-2.4156023798153088,43.272028916789026],[-2.4155059861390922,43.272005951420937],[-2.4154091722101927,43.272018273876384],[-2.4151221735898019,43.272164461125627],[-2.4148930923669933,43.272227579943035],[-2.4147434736661038,43.272255661763701],[-2.4147376897626032,43.272258428108643],[-2.4145977941502137,43.272325570250139],[-2.4144646876889451,43.272347532918616],[-2.4143337593981617,43.272369159906049],[-2.4141620122696512,43.272419622133746],[-2.413822456908941,43.272536723908104],[-2.4136903562574346,43.272567571195282],[-2.4135672239399972,43.27259640675004],[-2.4133684871324887,43.272694898782355],[-2.4132401591301131,43.272790539705085],[-2.4130309485432857,43.273068827796699],[-2.4129286056210018,43.273199841318515],[-2.4127913106836485,43.273318030123008],[-2.4125701097963566,43.2734805616141],[-2.4123796727298141,43.273624065450967],[-2.4121848764811444,43.273786847086782],[-2.4120165669010878,43.273930351459413],[-2.4119189177947393,43.274035798830631],[-2.4118826266434348,43.274141581412778],[-2.4119252938438556,43.274283070783802],[-2.4119851452442731,43.274450292752633],[-2.411974921899902,43.274604356199376],[-2.412001159291763,43.274655905695312],[-2.4120439090511212,43.274739474971028],[-2.4120451727977139,43.275040224301385],[-2.4120452563043178,43.27505740735932],[-2.4120257307078927,43.275259500481305],[-2.4119459348422434,43.275323288768092],[-2.4119471085468138,43.275326054719962],[-2.4119009240968841,43.275349190588699],[-2.4117567538302307,43.275421361531606],[-2.4117616149947345,43.275449441343426],[-2.4117715910748898,43.275507278031917],[-2.4117472855157867,43.275594451986841],[-2.4117219732765189,43.27568556568454],[-2.4116353079960193,43.275972988813216],[-2.4115181331254014,43.276276086834756],[-2.4113902293883225,43.276609444479412],[-2.4113738862388083,43.276681446898387],[-2.4112826330724957,43.276873527654686],[-2.4112246870686804,43.276862837170697],[-2.4111844550104995,43.276855293111872],[-2.4108726398497691,43.276742641665884],[-2.4101157310426262,43.276457992865744],[-2.410098882813708,43.276460675801665],[-2.4097307423936405,43.276521283177473],[-2.4091222074303338,43.27659647706038],[-2.4085145904345748,43.276580307034031],[-2.4078797342072042,43.276609733567639],[-2.4071016269072882,43.276657856037666],[-2.4068603048115222,43.276660204988879],[-2.4062255322185755,43.276666415156598],[-2.4056440690623271,43.276715623048588],[-2.4054321621569592,43.276446812514259],[-2.4053199253309203,43.276269448485877],[-2.4052121258306629,43.276099544334933],[-2.4050715545473311,43.275844058969128],[-2.4050259534093237,43.275666611669379],[-2.4050026494148007,43.275576000273794],[-2.4050073408094801,43.275535934284207],[-2.4050319819878245,43.275327889922714],[-2.4051871281400254,43.274995706626974],[-2.405522734872628,43.274487999239497],[-2.4058854983839022,43.273947852227607],[-2.4059582537325368,43.273811054486714],[-2.4060598385478524,43.273478453072102],[-2.4061743304732275,43.273149958030118],[-2.4061974639526809,43.273113829987508],[-2.4060182471663545,43.272913437060176],[-2.4060196352406256,43.272770713685809],[-2.4062030879407224,43.272557569374676],[-2.4064848954717091,43.272273571633391],[-2.4066268877415609,43.27201943221953],[-2.4070369277825572,43.271460832023386],[-2.4073230790384867,43.270728269988638],[-2.4074856456207061,43.270213860751127],[-2.4074817055092348,43.27020464120789],[-2.4076418874425429,43.270154766629481],[-2.4080029853678058,43.270126263375026],[-2.4084269498150377,43.270057441704154],[-2.4088161276621571,43.270003623195173],[-2.4089809180720811,43.269968250008326],[-2.4091721975864857,43.269906722574952],[-2.4093333834586539,43.26986430754696],[-2.4093949901821419,43.269837484780517],[-2.4095202181054249,43.269782832022777],[-2.4096856809021161,43.269712336009995],[-2.4100088024509754,43.269416361154136],[-2.4101151701082655,43.269327929522618],[-2.4101828093554363,43.269271600432006],[-2.4103615982133246,43.269207474490301],[-2.4104495257649865,43.269175958539655],[-2.4112417123836276,43.269014928776969],[-2.4116163900439163,43.268928338360496],[-2.4116280407797492,43.268914927352434],[-2.4118069142944827,43.268964463304279],[-2.4122033900643083,43.269180130913334],[-2.4125075786361276,43.269327232842912],[-2.4123737062689057,43.268744006474861],[-2.4124490565740189,43.268506542355503],[-2.4125052091306527,43.268200929733155],[-2.4124747764456322,43.26790948420409],[-2.4124260699477462,43.267621644793607],[-2.4124249913451474,43.26761540984436],[-2.4124355419991423,43.267618961440533],[-2.4124824792608943,43.267520637754664],[-2.4125118170422182,43.26746774661072],[-2.4125409847255153,43.267414855485633],[-2.4126117271015888,43.267322149526144],[-2.4126470149648487,43.267284261812812],[-2.4127068631027195,43.267170012983094],[-2.4125750093822202,43.267120978331739],[-2.4124264786417813,43.267071861467358],[-2.4120817173562576,43.266791988048574],[-2.4114984037423026,43.266365762353537],[-2.4108981515076655,43.265903162224895],[-2.4103691613864164,43.265942814349309],[-2.4098570992027,43.265861597423807],[-2.4093954097780466,43.265689938150615],[-2.4088512419521679,43.265505789084692],[-2.4085880408267615,43.265341166336924],[-2.4083835141726051,43.265110327367047],[-2.4080716132356845,43.264860879037847],[-2.4077430303098213,43.26461738199162],[-2.4079700085386309,43.264243705381475],[-2.4080349692985767,43.264174636483226],[-2.408145526129688,43.264057201809209],[-2.408230140011697,43.264037670875574],[-2.4081597080801629,43.264036611330269],[-2.407829399790641,43.264091025109124],[-2.4074444046498265,43.264194678396379],[-2.407339928135376,43.264253562385115],[-2.4071676639161166,43.264315396984721],[-2.4070139142118929,43.264331107371738],[-2.4066709183969737,43.264296314167886],[-2.4064951591170582,43.26425248355195],[-2.406206467540787,43.264208067391678],[-2.4059853773570121,43.264180507082223],[-2.4058371719783329,43.26409059950425],[-2.4057697028888523,43.263911099854788],[-2.4057324922763978,43.263925125779402],[-2.4053460807972513,43.264026051548008],[-2.4048855684051174,43.264016836526309],[-2.4047027554344855,43.263948523353875],[-2.4046518667067081,43.263949751480723],[-2.4046631911181864,43.26383787999994],[-2.4046670448392584,43.263799992308144],[-2.4046689724728223,43.263780463164302],[-2.4046783580079114,43.26368876279551],[-2.4046424771614614,43.263375272073006],[-2.4046376978689641,43.263355908824394],[-2.4046293149976785,43.263321961807634],[-2.4045982139478879,43.263196482293573],[-2.4045768391651046,43.263126157319128],[-2.4045398719271174,43.26300461829846],[-2.4045217692630882,43.263039906013411],[-2.4044749963714533,43.26308148188884],[-2.404450186431538,43.263119117301862],[-2.4044200934788256,43.263132948438908],[-2.4043765916107764,43.263122723176643],[-2.4043496851158057,43.263090787671906],[-2.4043472527308252,43.263054912207643],[-2.4043775960211891,43.263021214544949],[-2.4043996395220972,43.262993468951635],[-2.4044054235742545,43.26295373905851],[-2.4043894977827929,43.262911829560771],[-2.40436535618751,43.262877880608947],[-2.4043359336139321,43.26282599661463],[-2.4043280514265737,43.262796072754078],[-2.4043325788449166,43.262774782335079],[-2.4042908344319662,43.262726250525787],[-2.404265436526023,43.262699343845661],[-2.4042480860772728,43.262681238790925],[-2.4042174914178731,43.262678053886134],[-2.404187901452262,43.262642093695504],[-2.4041745744937026,43.262610159541204],[-2.4041423022486459,43.262574199774519],[-2.4040497649373593,43.262567747628609],[-2.4039842151939248,43.262587277558467],[-2.4039402937224397,43.262616951327871],[-2.4039097850119733,43.262672524800557],[-2.4039065166073854,43.262730193326746],[-2.403922276605909,43.262793982415957],[-2.4039434000333517,43.262855757196498],[-2.4039590749394546,43.262925497005682],[-2.4039612566148025,43.262981237219812],[-2.4039635208137411,43.263027003418443],[-2.4039984760871955,43.263075032630439],[-2.4040009891525491,43.263100848533306],[-2.4039546387078676,43.263100598021438],[-2.4039111347394808,43.263096407484028],[-2.4038808764202044,43.263126165032709],[-2.4038616813433791,43.263143933816195],[-2.4038097948791948,43.263153658554671],[-2.4037584976587412,43.263109569182582],[-2.4037428216961447,43.26303983024323],[-2.4037543037514686,43.262984172953516],[-2.4037001543017791,43.262950059340454],[-2.4036296612745889,43.262919800027618],[-2.4035776093002541,43.262947378208054],[-2.4035335205452033,43.262996916093577],[-2.4035329346033283,43.26305668046669],[-2.4035815512466261,43.263098673189617],[-2.4036274872237904,43.263140751867454],[-2.4036323482344724,43.263200432079273],[-2.4035830625735284,43.263228094919029],[-2.4034793764889333,43.263247458127459],[-2.4033840718207973,43.263244944050626],[-2.4033217925124131,43.263204795266375],[-2.4033334418941439,43.263129271946518],[-2.4033612689407469,43.263071686514742],[-2.4033646214641462,43.263007982633347],[-2.4033196927463742,43.262951488164688],[-2.4033027584487621,43.262930030007574],[-2.4032813850968338,43.262880157046254],[-2.403306529873821,43.262814609232912],[-2.4033551441583527,43.262748556206574],[-2.4033838131824381,43.26270957965437],[-2.4034254676973945,43.262628189603674],[-2.403427057638674,43.262467002136681],[-2.4033929402446508,43.262337413935704],[-2.4033582368869983,43.262267591002399],[-2.4033041733282978,43.262258958993051],[-2.4032254633122343,43.262236496009919],[-2.4031559768902615,43.262224258149075],[-2.4030982225064688,43.262191736369132],[-2.403080032964763,43.262156028077371],[-2.4030806192236565,43.262093248043236],[-2.4030977160308993,43.262010264895252],[-2.4031148986251458,43.261913703184447],[-2.4031340929481737,43.261849328269527],[-2.4031647700706813,43.261798616582922],[-2.4031816150513525,43.261732563541194],[-2.4031704663341422,43.26168671494397],[-2.4031618313894851,43.261622172307433],[-2.4031460729048915,43.261572969736655],[-2.4031373544294388,43.261515216164987],[-2.4031065907662286,43.261470120652938],[-2.4032201662895498,43.261419241777382],[-2.4035476521186681,43.261333823559262],[-2.4035166397504364,43.261310773837693],[-2.4033679370711911,43.261217230656271],[-2.4032646703561582,43.261110611843009],[-2.4031707041408898,43.260987563855494],[-2.4030589684745793,43.260814641764341],[-2.4030235918164853,43.260724953645813],[-2.4030065750239289,43.260608862456095],[-2.4029987764618799,43.260482962883501],[-2.4029813413502557,43.260413225433631],[-2.4029229165551014,43.260353291707347],[-2.4028339808682975,43.260173833048277],[-2.4027806686964404,43.260064195961135],[-2.4027360731107277,43.25998448268632],[-2.4027188862786333,43.259888256609294],[-2.4027154491471663,43.259782222420924],[-2.4027123464023354,43.259696808823584],[-2.4025195550715095,43.259629670054018],[-2.4019834390498098,43.259658175936401],[-2.4012975345727456,43.259646782835517],[-2.40080424828334,43.259654164526502],[-2.4005256299160838,43.25965835965642],[-2.3999135727512795,43.259780492486719],[-2.3991569273229087,43.259889467768673],[-2.3985633051224777,43.25974991334062],[-2.3987701676594444,43.259422001509577],[-2.3990004999518919,43.259044470906503],[-2.3993990652531507,43.258989813338758],[-2.3994199334367674,43.258751678755758],[-2.3993667065339426,43.258712200241604],[-2.3992590792579027,43.258758638446629],[-2.3991838930850156,43.258773979196292],[-2.3991412273102997,43.258750172813521],[-2.3991639398251854,43.258625027512998],[-2.3991105467384384,43.258601223302755],[-2.3989600048918036,43.258647411477796],[-2.3989388814599355,43.258615976908189],[-2.3990039260779419,43.258545818549472],[-2.3989190137210885,43.258459148358945],[-2.3988334330956098,43.258443057552149],[-2.3987045172986265,43.258473735973645],[-2.3986610153955246,43.258536184171739],[-2.3985326003017486,43.258511960971433],[-2.3984243070840758,43.258628891403525],[-2.3982722605239819,43.25883182372047],[-2.3982280899370783,43.258956969414534],[-2.3981741927284022,43.25898798422952],[-2.3980350510621538,43.258987230487456],[-2.3978747860176184,43.258931575693389],[-2.3977996806463175,43.258939035988007],[-2.3976615425094905,43.258901233838458],[-2.397548553601224,43.258868881222462],[-2.3975632212953588,43.258886735451853],[-2.3975877820757727,43.258923363348309],[-2.3975767190416319,43.258965023632094],[-2.3975263437126753,43.259006431847155],[-2.397490050065044,43.259071392035281],[-2.3974110929953891,43.259125709995622],[-2.3972898046425044,43.259119842904951],[-2.39722224313538,43.259103917870711],[-2.3971476417044566,43.259069636635139],[-2.3970409378916071,43.259042983268088],[-2.3969912332110019,43.259019262345888],[-2.3969703591626139,43.258969639336378],[-2.3969635700047993,43.25893049634945],[-2.3969460506322906,43.258901745790141],[-2.3969105932898915,43.258875426461259],[-2.3968717836844577,43.258836114645469],[-2.3968614711933913,43.258799568025147],[-2.3968936595688612,43.258789341868997],[-2.396929534771572,43.25877132000462],[-2.3969297023328493,43.258747851166575],[-2.3969085785189077,43.258724297091575],[-2.3967873733409299,43.258715831164615],[-2.3967053965192151,43.258712731671018],[-2.3966627332038133,43.258696888990741],[-2.3966127774681416,43.258696639001826],[-2.3965556919239193,43.258701500238686],[-2.3964836103633611,43.258774174694331],[-2.3964835241343412,43.258789765791846],[-2.3964048187261362,43.258812816639264],[-2.3963334043338209,43.258817678695664],[-2.3962479047882579,43.258811979550991],[-2.396208427629916,43.258835284127152],[-2.3961721347691616,43.258895046418083],[-2.3961184059846605,43.25892338046868],[-2.3960753204248912,43.258951880542057],[-2.396014302275066,43.258990606145225],[-2.3959780911050044,43.259042574378974],[-2.3959418812605557,43.259097144051132],[-2.3959024854253186,43.2591125662792],[-2.39585261314082,43.259112315498292],[-2.3958170736657021,43.259099072851065],[-2.3957635942460924,43.25909094191983],[-2.3957457405045388,43.259096055900351],[-2.3957348460516021,43.259116926058084],[-2.395706094017533,43.259134949157719],[-2.395673990982091,43.259137380104207],[-2.3956277205199537,43.259126735276524],[-2.395581621314149,43.259103013881841],[-2.3955211850648501,43.259084490730928],[-2.3954818737972099,43.259094717577952],[-2.3954636845072512,43.259125899103175],[-2.3954064370548958,43.259143836363137],[-2.3953378706075159,43.259162279255214],[-2.395307192046118,43.259191700962077],[-2.3952494404615714,43.259223467520705],[-2.3951718226102012,43.259223049945994],[-2.3950841483180447,43.259222548523013],[-2.3950501997577387,43.259239647113901],[-2.3950289092664363,43.259241072511912],[-2.3949792874529034,43.259244258849144],[-2.3949020879126093,43.259201846518096],[-2.3948217034890731,43.259137304566657],[-2.3947618538354711,43.259045773516185],[-2.3947458405879236,43.258959354905961],[-2.3946828063536807,43.258852901563856],[-2.3946393859676887,43.258808310379145],[-2.3945755965552857,43.258775871205508],[-2.3945016669004642,43.258741002894844],[-2.3944412319210358,43.258706134838306],[-2.3944014166748575,43.258644274618526],[-2.3943082037306165,43.258515525157705],[-2.3942952931889074,43.258453750625748],[-2.3943028352490101,43.258374874701097],[-2.3943372865974664,43.258303542177217],[-2.3944091189070118,43.258207735701561],[-2.3945179176255724,43.258124416201561],[-2.3945995556724555,43.258058280505651],[-2.394735091110745,43.258004716793053],[-2.394760992297988,43.257999099866481],[-2.394783709996287,43.258008152677697],[-2.3951433030547813,43.258073864305999],[-2.3951821088938861,43.258052154870484],[-2.3951852113161713,43.258050395556623],[-2.3953281230021299,43.25792692380724],[-2.3955744681861635,43.257718458760309],[-2.3955926563401979,43.257672022422234],[-2.3955540987697557,43.257638157497631],[-2.3954303772336445,43.257616785776008],[-2.3952000376017062,43.257625925319843],[-2.3949236806185263,43.257634811992759],[-2.3947430466975441,43.25764160397862],[-2.3946439708135112,43.257628194054014],[-2.3945452289768205,43.257583685543864],[-2.3943764130979273,43.257466255489604],[-2.394295776117763,43.257383104600095],[-2.3941627488385766,43.257227032059461],[-2.3940886497389617,43.257152433147809],[-2.3939280558997047,43.257461816086703],[-2.3938470887973322,43.257617807787312],[-2.3933015822353858,43.257505241899977],[-2.3929594223775754,43.25741723502977],[-2.3926006695461961,43.257366527247314],[-2.3923780397273622,43.2573350964675],[-2.3924100593982645,43.257372563815665],[-2.3924368002717418,43.257398966115176],[-2.39250846564557,43.257415814437216],[-2.392620702789849,43.257426208399231],[-2.3927059480501973,43.257439785274372],[-2.3927595951959075,43.257463085962854],[-2.3927951356075106,43.257499381477302],[-2.3929385527054108,43.257532990740273],[-2.3930683937798189,43.257579677286174],[-2.3932026748217767,43.257629634314334],[-2.393310131707747,43.257666263409433],[-2.3932649544903835,43.25769233178665],[-2.3932197755595119,43.257721670626374],[-2.3931614347598109,43.257711443421542],[-2.3930719169147729,43.25768143684072],[-2.3929999140240881,43.257694178168322],[-2.3929723366093332,43.257753188789529],[-2.3929220484677742,43.257841537596413],[-2.3929120757259086,43.25794329576307],[-2.3928935515254368,43.257999037095452],[-2.3927899488888267,43.258028039562156],[-2.3927139236403749,43.257991495809847],[-2.3926648861453552,43.257951849119578],[-2.392633957705578,43.257899124755838],[-2.3926030251556565,43.257849669950453],[-2.3924819895526661,43.25782611757058],[-2.3924590229025444,43.257871885099966],[-2.3924628787560782,43.25793760081477],[-2.3924357208415343,43.257953861247763],[-2.3924046237465215,43.257924189635119],[-2.3923960722446145,43.257881441453904],[-2.3923966573747855,43.257822347934002],[-2.3923656424337851,43.25777624595861],[-2.3922985040771678,43.257752861709015],[-2.3922271709769798,43.257699971201447],[-2.3921510616540167,43.257673316435877],[-2.3921239032738693,43.257692847282641],[-2.392127759208087,43.257711455175397],[-2.3921367283929738,43.257755294259731],[-2.3921628839494606,43.257840791039868],[-2.3921892854930507,43.257893513989387],[-2.3922030366357983,43.258032070489129],[-2.3924904611584892,43.258229465587121],[-2.3928199670621457,43.25851311196304],[-2.3928947343532112,43.258537082975842],[-2.3930120854790684,43.258592487326872],[-2.3936107358721417,43.258752327978968],[-2.3940057885791144,43.258895491043695],[-2.394326318752884,43.258999005114035],[-2.3944803852623977,43.259194475177942],[-2.3945803863714872,43.259321546826563],[-2.3946355412612084,43.259388267825074],[-2.3947816443515326,43.259565461813786],[-2.3948658866396801,43.259714748039443],[-2.3948945567286133,43.259877360676555],[-2.3948963175737767,43.259887167048909],[-2.3948490451684843,43.259937711298811],[-2.3946877737597569,43.260002338924473],[-2.3945704244937058,43.259992701538621],[-2.3944721846158319,43.259935704389278],[-2.3944326201242077,43.25987904210308],[-2.3943498902156697,43.259804106851583],[-2.3942363104599971,43.25973579317823],[-2.3941649795017708,43.2597647948839],[-2.3940968341499804,43.259787008605457],[-2.3939793186969118,43.259797656306034],[-2.3938093297687826,43.259805787268093],[-2.3936795747495894,43.259807383159114],[-2.3935221592237657,43.259797493601177],[-2.393429537005014,43.259790203085515],[-2.3932503293963787,43.259800597627212],[-2.393217301698443,43.259813590834611],[-2.3931541865549328,43.259838402404377],[-2.3930394375240684,43.259880732263362],[-2.392900461754909,43.25987771658928],[-2.3927059160325226,43.259874448962684],[-2.3925607377409812,43.259873696132011],[-2.3924809393752859,43.259825836767689],[-2.3924292195708601,43.259746542682095],[-2.3924115327030875,43.259653919670164],[-2.3923563754464663,43.259576135380115],[-2.3923907415511652,43.259521231088314],[-2.3924085952404375,43.259462389592478],[-2.3924033125158721,43.25942022787914],[-2.3923806797400493,43.25937387418962],[-2.3923407803339005,43.259331545699034],[-2.3923065800807333,43.259297681225547],[-2.392214881456177,43.259255101810155],[-2.392128542909302,43.259250491895003],[-2.3920882265500829,43.259254432391351],[-2.3920480778448545,43.259233225579763],[-2.3920198299352395,43.259182514340004],[-2.3919801782526897,43.259114956911588],[-2.3919805963259315,43.259077152211972],[-2.3919981992385613,43.259043539570882],[-2.3920158855331715,43.259001544941611],[-2.3919760673846797,43.258946642660327],[-2.3918728009304386,43.258912445141291],[-2.3917345800288081,43.25891588299595],[-2.3916658484983921,43.258908004018544],[-2.3915891517760794,43.258902724599686],[-2.3914924239826281,43.258892415732333],[-2.3914057497279897,43.258884705886317],[-2.3913424667130139,43.258867271153029],[-2.3912724748836887,43.258861991179039],[-2.3912123764220143,43.258861656942102],[-2.3911721427227044,43.258878589464715],[-2.3912015630592416,43.258942125274636],[-2.3912214305539754,43.258980515178834],[-2.3911491791830692,43.258986718440028],[-2.3911345940568416,43.259022091213893],[-2.3911632619250969,43.259039105907732],[-2.3911803604336166,43.259056037408122],[-2.3911799410401957,43.259093924940366],[-2.3911452417361687,43.259114796727133],[-2.3911106235292698,43.25911454582824],[-2.3910592399783916,43.259072216991427],[-2.3910132239481547,43.259067775855492],[-2.3909496874916174,43.259084288885845],[-2.3909148172068737,43.259117732884391],[-2.3909087826651461,43.259151345724675],[-2.3908968828112811,43.259189233356416],[-2.3908445804037588,43.259235250448917],[-2.3907929437554674,43.25921806833022],[-2.3907185937446203,43.259162998811505],[-2.3906104631809471,43.259036178535219],[-2.3905418145189596,43.258993681849155],[-2.3904962145428201,43.258942970528764],[-2.3904796142742928,43.258875495780316],[-2.3904800340128673,43.25883341748731],[-2.3904920192046397,43.258783040901996],[-2.3905269704492436,43.258749512818071],[-2.390556056380845,43.25872025859762],[-2.3905621755981428,43.258682370816778],[-2.3905164078755656,43.258652697973261],[-2.3904359404251054,43.258639623975832],[-2.3903667878963577,43.258639289672104],[-2.3903491875847305,43.25867700909869],[-2.3903717363648136,43.258719253024623],[-2.3903945370856357,43.258748843153413],[-2.3903882504382388,43.25879930322516],[-2.3903418980843734,43.258828472583822],[-2.3902667092469319,43.258861751021591],[-2.3902029234778839,43.258903494237835],[-2.3901388862502184,43.258974743413859],[-2.3900923654777859,43.259020760372152],[-2.3900522996506166,43.258991088931069],[-2.3900300853107779,43.258915231469949],[-2.3899962204882113,43.258847671793049],[-2.3899449224090294,43.258792685974342],[-2.389899321875415,43.258746166976699],[-2.3898536401957213,43.258708028155496],[-2.3898253073089353,43.258661591325215],[-2.3898087915271824,43.258581542833866],[-2.389797727464301,43.258539380771417],[-2.3897868283432313,43.258476262164336],[-2.3897702326761201,43.258408787332662],[-2.3897765172875638,43.258354136516601],[-2.3898000681290115,43.258307951229867],[-2.3898521222619014,43.25828297174909],[-2.389915573214259,43.258270649634156],[-2.3899614240246088,43.25828774636723],[-2.3899093711457384,43.258312727705366],[-2.3898745011181339,43.258346256936711],[-2.389879784134274,43.258392524895541],[-2.3898852333378979,43.258426221447252],[-2.3898733313870388,43.258464023421539],[-2.3898671304913037,43.258506102395721],[-2.3899244633255701,43.258531667126512],[-2.3899936994135844,43.258523618813761],[-2.3900057706139317,43.258460587599927],[-2.390018005180651,43.258389087481035],[-2.3900589926829219,43.258326136613249],[-2.3900822942805231,43.258301073048578],[-2.3901285634603395,43.258276012170938],[-2.3901687957131847,43.258284644209176],[-2.3902202640963508,43.258318591473831],[-2.3902778475044384,43.258323116196941],[-2.3903584838070566,43.25831934440501],[-2.3904394525470649,43.258281876223421],[-2.3904914219647768,43.25826536127213],[-2.3905433915093401,43.258257230528166],[-2.3905841254259923,43.258215319286904],[-2.390567360830532,43.258160500604639],[-2.3905448136542895,43.25811414970044],[-2.3905381899883795,43.258082799835996],[-2.3903282165712949,43.258028150074814],[-2.390142301304937,43.257967213279798],[-2.3900351781591933,43.257860261167025],[-2.3899466622726715,43.257753473021097],[-2.3899401220707195,43.257663448355281],[-2.3900008883210808,43.257551967956367],[-2.390150505443922,43.257430089030279],[-2.3901429639373788,43.257409134619266],[-2.3901260306257326,43.257375355235745],[-2.3900630789907558,43.257337133418254],[-2.3900347478567272,43.257294887403624],[-2.3900293823243484,43.257252809768296],[-2.3899778324424243,43.25722305364323],[-2.3899086779227154,43.257231100583361],[-2.3898566271774837,43.257256080113152],[-2.3898106101100511,43.257247446821872],[-2.3897937607275717,43.257205285405206],[-2.3897515149810222,43.257163458547545],[-2.3896872231658093,43.257206794414259],[-2.3896272938393137,43.257239151638061],[-2.3895264559793312,43.257246780756333],[-2.3894407923886161,43.257235465749986],[-2.3893400397686295,43.257237645543334],[-2.3887868245568522,43.257343768789447],[-2.3884236311640659,43.257478138212967],[-2.3879861746861502,43.257576716396919],[-2.3876060515275128,43.257706642490568],[-2.3875638863735102,43.257643859636104],[-2.3875618759912864,43.257640758476327],[-2.3875239037470943,43.257584096905404],[-2.3873937220623054,43.257203130659299],[-2.3877302604190924,43.257142275386791],[-2.3879095533536137,43.257085777116281],[-2.3887955356470449,43.256885854923439],[-2.3895349158289543,43.256905459527701],[-2.3896469021229505,43.256916524114679],[-2.3896968563111023,43.256921467660341],[-2.3901236734478739,43.256963458160754],[-2.3901732971064487,43.256979802327841],[-2.3902684330509603,43.257011402531937],[-2.3903159595874564,43.257027160962004],[-2.3902910642716728,43.256986172361096],[-2.3902913990458745,43.256949038957522],[-2.3902579554666596,43.256909224916335],[-2.3901768996352031,43.256879050463731],[-2.3901129414110254,43.256839152040982],[-2.3900691867949324,43.256809143964524],[-2.3899984419548521,43.256771677466382],[-2.3899581231354379,43.256739238403256],[-2.389880670449354,43.256689281723261],[-2.3898473124791604,43.256639577306018],[-2.3898136986761642,43.256612167935977],[-2.3897733809301416,43.256577297556319],[-2.3897907304304615,43.256535305058939],[-2.3898247598907458,43.25651812020697],[-2.3898755539316583,43.256523316683001],[-2.3899331416223957,43.256528597993558],[-2.3899941623413459,43.256521471160617],[-2.3900045574682824,43.256501773985889],[-2.3899946637733365,43.256474447932369],[-2.3899472219465476,43.256474196733187],[-2.3898726211023522,43.256473779048115],[-2.3898388422917667,43.256466234871169],[-2.3897917340985324,43.256438741807933],[-2.389757953020176,43.256423655297191],[-2.3897037220474879,43.256425835053804],[-2.3895816787682191,43.256437570666598],[-2.3894900624455726,43.256451988945983],[-2.3894053201598577,43.256454002114644],[-2.3893377602951178,43.256457522479693],[-2.3893313066359476,43.256430197624127],[-2.3889557052173349,43.256467334209511],[-2.3890901513142775,43.256339254243109],[-2.3890484926221109,43.256312013292096],[-2.3889935051053164,43.256308911944387],[-2.3889029794054211,43.256324167609328],[-2.3887032372070278,43.256450990767405],[-2.3885786824061888,43.256526432417097],[-2.3885158160671978,43.256560883154222],[-2.3884651903010838,43.256621486676018],[-2.3883433164170542,43.256736489934148],[-2.3882345204944175,43.256784604403919],[-2.3881341852400895,43.256829701542962],[-2.3880757637520187,43.256841604748594],[-2.3880048538236291,43.256853340259234],[-2.3879419870878218,43.256886534527382],[-2.3878709088119177,43.256916543996496],[-2.3878040184801321,43.256946635265074],[-2.3877201996751647,43.256997933689355],[-2.3876325238852378,43.257018807195408],[-2.3875239760235969,43.257045630813757],[-2.387419451265091,43.257087626200786],[-2.3871773785389743,43.257144207908297],[-2.3869353072182258,43.257194587606286],[-2.3867058048070833,43.257242115771227],[-2.3864796592148028,43.257305235024347],[-2.386442109015813,43.257374639580291],[-2.3865065671232921,43.257420153530013],[-2.3864721174281907,43.25743021245777],[-2.3861447986510558,43.257549494256168],[-2.3859031445627692,43.25763767552948],[-2.3858638339201308,43.257649244371223],[-2.3858497512735024,43.257653350523896],[-2.3851037550450358,43.257993420533047],[-2.3849793665512422,43.258060396561092],[-2.3848326815851402,43.258132398707048],[-2.3845929585026489,43.25822770666133],[-2.3844429181253162,43.258289651869063],[-2.3842701667535731,43.258381605093781],[-2.3841214708265337,43.258482444594932],[-2.3840105783586405,43.258573389663795],[-2.3839627986686875,43.258548077824038],[-2.3838979208074993,43.258503819939911],[-2.3839603653870212,43.258446403125234],[-2.3841091464975221,43.258336763146801],[-2.3843561637856054,43.25820507705933],[-2.3847425732249659,43.25803902481546],[-2.3850532109097213,43.257916055509455],[-2.3849475090789709,43.257803065057793],[-2.384540144188338,43.257991079257046],[-2.3835223221558346,43.258566691070627],[-2.3833328892440591,43.258673899595465],[-2.3827722190980825,43.258965517723354],[-2.3824732331326115,43.259121009066654],[-2.3822445725537205,43.259239953170095],[-2.3812192078424017,43.259955041414578],[-2.3810851806402367,43.260117069020325],[-2.3807742129956799,43.260493176930119],[-2.3806708645332368,43.260663251869232],[-2.3805170597145753,43.260874817918818],[-2.3801210195481834,43.261484451648265],[-2.380009373934489,43.261662572568582],[-2.3799053522138798,43.261787130956876],[-2.379816756648601,43.261890149132363],[-2.3796176880368649,43.262089308637485],[-2.379372599005213,43.262284782839174],[-2.3790669918679108,43.262519987872324],[-2.3790406736599174,43.262543877498985],[-2.3787899702200153,43.262770699334531],[-2.3784416196266411,43.263103135884386],[-2.3781474150616941,43.263425431139538],[-2.3780531191151191,43.263517803156127],[-2.3777597527646606,43.263900030530365],[-2.3773696590135835,43.26431302089123],[-2.3774537334681862,43.264339926014131],[-2.3773746096839456,43.264413018250032],[-2.3772033662299146,43.264583345273962],[-2.3771129249005751,43.264659287806062],[-2.3769569351942614,43.26480052788591],[-2.376816621061971,43.264872615580629],[-2.3766662493227293,43.264955600638203],[-2.376530714336397,43.26504227272229],[-2.3764005401043811,43.26509985917108],[-2.3762553661413719,43.26516096643644],[-2.3761399442372144,43.265240513399156],[-2.3759598981340644,43.265297848949707],[-2.3757096948017753,43.265391144965278],[-2.3755142288197768,43.265492067248552],[-2.3753087033452926,43.265603885700088],[-2.3750775273960465,43.265784774193577],[-2.3749166791693326,43.265915034375652],[-2.374805870852144,43.266027355055321],[-2.3747001763752507,43.266128779154535],[-2.3746147617661264,43.266197514641149],[-2.3744649763949033,43.266289048088417],[-2.3744183724932184,43.266342442848618],[-2.3744093217528031,43.266355099792875],[-2.3742771406626835,43.266559540250043],[-2.3741682597606317,43.266707568819434],[-2.374013279595947,43.266918297320679],[-2.3741322205744604,43.266870853501608],[-2.3741719497473412,43.266851824362234],[-2.3742573645065916,43.266861883379818],[-2.3743811707683586,43.266987612451011],[-2.3744062361623626,43.267117703533877],[-2.3743914857197979,43.267266736017504],[-2.3743966857207308,43.267406299378635],[-2.3743885567799103,43.267550555090857],[-2.3744072508588343,43.26766136661027],[-2.37443223292399,43.267786510070678],[-2.37446366713346,43.267931018154385],[-2.3744690343611374,43.268051383631168],[-2.3744153922731188,43.268152138474882],[-2.3743618328930256,43.268233612122295],[-2.3743810302613548,43.268291448525879],[-2.374412967211982,43.268387843103085],[-2.3744187515787845,43.268460011754478],[-2.3745160691952609,43.268600076129502],[-2.3746073535052088,43.268691943453277],[-2.3746854760649083,43.2687790329324],[-2.3746977147205248,43.268865703690608],[-2.3747033332802459,43.268961929992351],[-2.3747420589025285,43.269039128582925],[-2.3748072728734,43.269097214629774],[-2.3749054295891363,43.26915547076085],[-2.3749705587516905,43.269223196609218],[-2.3749765948686092,43.269280949281963],[-2.374949772932526,43.269324117702268],[-2.3749493549890883,43.269367368266842],[-2.3749619310786758,43.269425205300251],[-2.3749746699832874,43.269463761603681],[-2.3749445808026963,43.269531657796641],[-2.3750291571829334,43.269583205897064],[-2.3754059364042601,43.269812452504645],[-2.3761235258831288,43.269862067033259],[-2.377248150898549,43.269939924365758],[-2.3774041436803413,43.270127598001203],[-2.3776670961379409,43.270485260203678],[-2.3776033097761577,43.270499259328709],[-2.377373811850052,43.270627758987274],[-2.3770330018481509,43.27087922615295],[-2.3766933619122947,43.271025665068166],[-2.3764084566966495,43.271121391950679],[-2.3764961375512357,43.271296492185193],[-2.3765953021821788,43.271519456005144],[-2.3767611065591829,43.271841494272728],[-2.376634135600356,43.272687249083546],[-2.3766714450740087,43.273169301663906],[-2.3766880517322764,43.273620678782414],[-2.3766913227388589,43.273713134487394],[-2.3767067464129439,43.273855293506124],[-2.376899120011092,43.274060150465381],[-2.3773093450867022,43.274457792722217],[-2.3775012184904356,43.274718389950863],[-2.3774504212136214,43.274718055867865],[-2.376629902421302,43.274756874269386],[-2.3764985544379442,43.274769029597763],[-2.3762750894242779,43.274789734865763],[-2.3758102201881917,43.274832990299437],[-2.3757497864770682,43.274838607158934],[-2.375590107342767,43.274859062167515],[-2.3757077113022316,43.275030726186515],[-2.3757704146364942,43.275245559404894],[-2.3757833219602618,43.275247066079366],[-2.3757819845094232,43.275377911254523],[-2.3757355539412943,43.275675140871797],[-2.3756182952112392,43.275991734594811],[-2.3754948350388183,43.276391479010016],[-2.375482514492024,43.276530202664652],[-2.3755200704080837,43.276612429892175],[-2.3755825182664845,43.276689627940399],[-2.3756079128602217,43.276560460212835],[-2.3756799948708811,43.276399187400543],[-2.3757819187315521,43.276260127908486],[-2.3758334644100532,43.276139256511783],[-2.3759565094390163,43.275904808189416],[-2.3760479560042622,43.275813442796739],[-2.376190446745003,43.275645212214613],[-2.3762651314254168,43.275598438867704],[-2.3763068736078861,43.275572371177553],[-2.3764186052210157,43.275455438504103],[-2.3764848207484861,43.27537497126869],[-2.3765508701741149,43.275305566167809],[-2.376632006780484,43.275239849600439],[-2.3767131435897295,43.275174216718703],[-2.3767790282299659,43.275123085467747],[-2.3768022436966807,43.275077319891011],[-2.3768465002568488,43.275060219897135],[-2.3769040845794862,43.275065498739302],[-2.3769480090829083,43.275085531962809],[-2.3770822069489443,43.275124841353758],[-2.3771905864985818,43.275191478617032],[-2.3772171598527074,43.275197681610493],[-2.3774012295027469,43.275240428170854],[-2.3774966174973762,43.275255597844151],[-2.377597453172791,43.275223075280302],[-2.3777081823214337,43.27521267948304],[-2.37784447316408,43.275165655837121],[-2.3779142957428969,43.275217456485223],[-2.3780787542997812,43.275357936829757],[-2.3782075069682853,43.275553323032412],[-2.3782604869370476,43.275781399142716],[-2.3782838757029561,43.275957843069762],[-2.3783677006123431,43.276119951417044],[-2.3785751642312936,43.276481134777718],[-2.3788227785405023,43.276853463795376],[-2.37905211467092,43.277038370821941],[-2.3792072704266323,43.277112719500039],[-2.3793827914886112,43.277154040561378],[-2.3795026554881571,43.277235512705147],[-2.3795023197803435,43.277272310064319],[-2.3794113750764789,43.277308521321196],[-2.3793456636016788,43.277344901839584],[-2.3791940327441643,43.277421263893487],[-2.3791595828149377,43.27745169082413],[-2.3790824672955182,43.277519837921574],[-2.3790214500102023,43.277585637512331],[-2.3789302512089487,43.277654875948187],[-2.3788395585722646,43.277669125849748],[-2.3787193599681089,43.27762805492663],[-2.3785741820055462,43.27756477064829],[-2.3784588420982153,43.277531076317544],[-2.3783885996730971,43.277505930113776],[-2.3783383079455804,43.277487910496518],[-2.3783236391696483,43.277482629705851],[-2.3782586775509582,43.277441892709746],[-2.3781632061820237,43.277437703454964],[-2.3780219680695085,43.277484645629634],[-2.377865560473913,43.27753527355808],[-2.3777491341471473,43.27760811615854],[-2.3777083996170458,43.27766293529281],[-2.3776775525544238,43.277728902796859],[-2.3775882854416208,43.277783052624663],[-2.3776212294382479,43.277875925425569],[-2.3780081498498866,43.27806954745779],[-2.378414096350387,43.278277000909462],[-2.3786581823036848,43.27817817227443],[-2.3791854921872484,43.277878255997052],[-2.3794808731420871,43.277737181470144],[-2.3792235554116834,43.27829241389577],[-2.3793912832653055,43.278475141687423],[-2.3793484516013064,43.278484530727042],[-2.3791093988430476,43.278705654650636],[-2.3790060506565105,43.278884276507995],[-2.3790031192101826,43.278977653782071],[-2.3791677425336926,43.279004977752784],[-2.3793125855215345,43.279028865147751],[-2.3793629625567383,43.279037917097583],[-2.379731356960614,43.279104047135178],[-2.3798907838110668,43.279141430659408],[-2.3799057040519584,43.279145788737452],[-2.3800054509105575,43.279175126195973],[-2.3803191123228755,43.279267827438836],[-2.3806215363195045,43.279336305784732],[-2.3806725022197952,43.27938358044203],[-2.3807773625814326,43.27945030056528],[-2.3807968093648197,43.279520207825065],[-2.3807658813013837,43.279589778451033],[-2.3806288378593967,43.27972129537762],[-2.3803606147021013,43.279888856636674],[-2.3801686689833361,43.279975949359581],[-2.3798860262676751,43.280080978947616],[-2.3797096686875401,43.280116773266293],[-2.3795355734317223,43.280151141547229],[-2.3793620652479515,43.280188360007557],[-2.3792560326251233,43.280224488353099],[-2.3790847034958658,43.280263969370971],[-2.3790084280279911,43.280348042903015],[-2.378907174154528,43.2804172807231],[-2.3788465728637593,43.280446365226595],[-2.3787911656951937,43.28044972020566],[-2.3787057532157094,43.280445613044257],[-2.3786054209175651,43.280426670707044],[-2.3785759146972181,43.280432539001161],[-2.3785147272040148,43.280444609526064],[-2.378388576912295,43.280484259319856],[-2.3783778484115561,43.280554082229649],[-2.3784126357816739,43.280590962378305],[-2.3784065189296557,43.280697499651467],[-2.3783408037887903,43.280730189457216],[-2.3782706474037125,43.280767407818111],[-2.3782156155722096,43.280788093938213],[-2.3781919382357568,43.280719712953292],[-2.3781599163820935,43.280657686178614],[-2.3781072758855069,43.280556012535747],[-2.3780436562595502,43.280544027264121],[-2.3779458377541114,43.280543524160059],[-2.3778434068998102,43.280542938255699],[-2.3777965525091109,43.280569929561459],[-2.3778286557777859,43.280621144140326],[-2.377804267638572,43.280723069783825],[-2.3777244722896365,43.280783925617769],[-2.3776403169349809,43.280820891843618],[-2.3776247293966484,43.280973864760142],[-2.3776267400717859,43.280979984430402],[-2.3776518866884064,43.281055674463815],[-2.3776980733383088,43.281093393945518],[-2.37780436034183,43.281175619675082],[-2.3778691549262523,43.281216777412894],[-2.377915257879109,43.28126128492891],[-2.3778912862646693,43.281325827491102],[-2.3778351255401451,43.281352733075629],[-2.3778030209842065,43.281304872716348],[-2.3777575054269438,43.281202612759621],[-2.3776414121182321,43.281171347469837],[-2.3775769538842524,43.281099512714221],[-2.377433535212349,43.281003457098485],[-2.377270753654849,43.280982166552327],[-2.3771412510309213,43.280961214573189],[-2.3771306055923205,43.280974541963829],[-2.3770914620825723,43.281023659682461],[-2.3769885322833857,43.281152578250605],[-2.3769507300541859,43.281216618466622],[-2.3769779742706034,43.281254924811151],[-2.3769938157697883,43.28130261848505],[-2.3770368162393103,43.281350478982439],[-2.3770961623835389,43.281386606321071],[-2.3771341359165663,43.281398675783905],[-2.3771663207346418,43.281434634469214],[-2.3772203869933493,43.281466653003335],[-2.3772966625332765,43.281451230053229],[-2.377351146626911,43.281435638007764],[-2.3774107438213972,43.281455753645865],[-2.3774430170564806,43.281487774116592],[-2.3774099064078085,43.281535216599281],[-2.3773502268208544,43.281526919067034],[-2.377301108981305,43.281542510609981],[-2.3773007726611057,43.281574277954114],[-2.3773983398424123,43.281602609899721],[-2.3774523222061452,43.281638652028306],[-2.3774515702581041,43.281714089482314],[-2.3774401713915139,43.281765641882586],[-2.3774834233756628,43.28178575766475],[-2.3775483017334622,43.281821883358226],[-2.3776401695516816,43.281869996030665],[-2.3776939846517968,43.281921880749344],[-2.3776555944023192,43.281957421094098],[-2.3775144390963878,43.281944764220292],[-2.3773897966366371,43.281912328377537],[-2.3773249182781688,43.281876202594695],[-2.3772165403262693,43.281847871157808],[-2.3771295330359816,43.281851309005738],[-2.3770803307923454,43.281878886933214],[-2.3770280284254715,43.281947201930407],[-2.3771225788684625,43.281998247122047],[-2.3774483068015506,43.282035711976683],[-2.3776598715099313,43.282076615005856],[-2.3777245812341543,43.282120619616414],[-2.3778216467345832,43.282200583616699],[-2.3778789003750758,43.282260513660198],[-2.3779098274313277,43.282251377397948],[-2.3779792316061421,43.282240395518691],[-2.3780460367290415,43.282294712617116],[-2.3781011083608541,43.28233947051968],[-2.3781445280981446,43.282374760633687],[-2.3783992630448036,43.282471403209321],[-2.3783747857122233,43.282495796050313],[-2.3782948264600678,43.282770226345392],[-2.3781891326139717,43.282954716394691],[-2.3781329757480045,43.282989336387963],[-2.3775794207935856,43.282928403414957],[-2.3768184104151469,43.282839729983579],[-2.376515984461212,43.282807460849966],[-2.3764794382143357,43.282803522924567],[-2.3764542107741882,43.282916597675666],[-2.3764810395486706,43.283154564694499],[-2.3764816240801574,43.283159844582492],[-2.3764910957839995,43.283181723388566],[-2.3765546333371348,43.283159257433496],[-2.3765825461520453,43.283159425775324],[-2.3766148158163167,43.283190271349483],[-2.3766371993715696,43.283275431974701],[-2.3767895877668077,43.283405520823237],[-2.3768775166272813,43.283460423722246],[-2.3769657788357779,43.283484730704508],[-2.3770034976103758,43.283440723511539],[-2.376990421352501,43.283352209911172],[-2.3769539579043375,43.283270316076127],[-2.37698212055792,43.283250113651007],[-2.3770379463222149,43.283260592012553],[-2.3771076008085346,43.283281378492461],[-2.3771775073548884,43.283274924654975],[-2.3772614950514681,43.28326176426404],[-2.3773964475829468,43.283265953068806],[-2.3774617426201972,43.283262935328864],[-2.3775363428414642,43.28324969032721],[-2.3775320683208827,43.28321222229399],[-2.3774721339278448,43.283154050504479],[-2.3775051584276485,43.283116832284172],[-2.3775800116973147,43.283083221101926],[-2.3776404443229562,43.283090344807285],[-2.3778405266843623,43.283105012221029],[-2.3779150428766878,43.283105430110922],[-2.3779661725644927,43.283122696268642],[-2.3779751434675123,43.28315337513623],[-2.3779323126514584,43.283245076585246],[-2.3779551118683488,43.283292769229199],[-2.3779683575827155,43.283360916114887],[-2.3779203315451145,43.283500144450436],[-2.3778117863954202,43.283642471642779],[-2.377773817037554,43.283717156443124],[-2.377740707880712,43.283764599010688],[-2.3776798549524241,43.283791506894197],[-2.3775354329073748,43.283797460109923],[-2.3774468353220644,43.283807183763919],[-2.377423030239755,43.283858147253348],[-2.3774084466443037,43.283922690355546],[-2.3773752530619934,43.283976921831147],[-2.3773044273813033,43.284068457136989],[-2.3772429880016208,43.284156552413926],[-2.377209210414025,43.284275494981657],[-2.3771670519280885,43.28429905020608],[-2.3770925349734409,43.284302067982438],[-2.3770596758181388,43.284322269165976],[-2.3769882661924884,43.284478427164451],[-2.3768930483264299,43.284675239992637],[-2.3767978320100758,43.284878843117525],[-2.3768006823092831,43.284918992183393],[-2.3768575981085576,43.284957467392665],[-2.3768985038098123,43.28505972774289],[-2.3769301063953869,43.285155200154279],[-2.3769755397248344,43.285264334040484],[-2.3769651480023164,43.28537313323298],[-2.3770556778269021,43.285625434727329],[-2.3771034652287319,43.285969351269678],[-2.3771485608541112,43.286112517041765],[-2.3771865417271392,43.286500608041074],[-2.377286879864839,43.28670865014913],[-2.3773869664067142,43.286940580008633],[-2.3776265305822499,43.287197070639522],[-2.3777277051916501,43.287323556788181],[-2.3778519304066674,43.287477365727916],[-2.3779671869267101,43.287593625184371],[-2.3780452264705976,43.28770292690978],[-2.3781743103603326,43.287829578812783],[-2.3781866337947943,43.287933684091087],[-2.3782702070692392,43.28802680835468],[-2.3784615715460724,43.288182965244395],[-2.378711946762559,43.28822654984598],[-2.3789525955810271,43.288270132416358],[-2.3788960192537507,43.288382118917234],[-2.3790027231480919,43.288363090749549],[-2.3794277757887201,43.288287059364698],[-2.3797730330244415,43.288225279354535],[-2.3803623729750467,43.288136926345949],[-2.3812600937001163,43.288078242267375],[-2.3815308336711705,43.288045549311363],[-2.3816165000684659,43.288115455975763],[-2.3816160819638528,43.288157700611997],[-2.3816511242442862,43.288510251868821],[-2.3816336939538125,43.28870597352563],[-2.3817665469191103,43.288539085396486],[-2.3819222002102851,43.288413016615145],[-2.3821348539931018,43.288371941121426],[-2.3821980540720382,43.288363054574823],[-2.3824247045248748,43.288331201914907],[-2.3826280512591533,43.288247712196984],[-2.3826568852844638,43.288247460813672],[-2.3831296353506359,43.288243432569324],[-2.3835345729577315,43.288266731475929],[-2.3837637378857912,43.288288020473459],[-2.3836294615987623,43.288429342798516],[-2.3834824423134839,43.288654068044636],[-2.3832955306002339,43.289012405313258],[-2.3831674574458668,43.289286500054551],[-2.3831661191239468,43.289413321747915],[-2.3832626017530361,43.289579288048728],[-2.383289339735752,43.289625387194263],[-2.3834129793247194,43.289795206973551],[-2.3834412257164255,43.289787915129928],[-2.3835662068863304,43.289908700214824],[-2.3839668778268019,43.290354875649371],[-2.3841282377020305,43.290609437463949],[-2.3842031792361085,43.290842291978301],[-2.3842300047952221,43.29103977398335],[-2.3842776178067324,43.291110518293515],[-2.3845072878829141,43.291295005162155],[-2.384580131801727,43.29132375439287],[-2.3846841511369727,43.29136482749557],[-2.3848147457144542,43.291416374411959],[-2.3850170064957985,43.291438669682655],[-2.3850072056870797,43.291773952722863],[-2.3850719965311531,43.291734976180656],[-2.3853189321719932,43.291639502224527],[-2.3853844812922347,43.291614185952568],[-2.3855794441407929,43.291539247182321],[-2.3858661104494789,43.291429104452078],[-2.3859138071041368,43.291526671424457],[-2.3860078579809292,43.291718787861797],[-2.3861204352762564,43.292036468307145],[-2.3861916028745713,43.2922579239046],[-2.386195290731985,43.292269490289549],[-2.3862704787797746,43.292278625499833],[-2.386381795205577,43.292292203750428],[-2.3865167455633687,43.292308714486545],[-2.3868117941289864,43.292300749904371],[-2.3871932625616905,43.292295129550205],[-2.3873238540610799,43.292282554544279],[-2.3873243570472669,43.292289427746162],[-2.3875461452975864,43.292234353886194],[-2.3878940830381445,43.292172825799724],[-2.3881957535770528,43.292111550747471],[-2.3882142776609792,43.292107860691949],[-2.388503039620101,43.292049183847013],[-2.3885818284155635,43.292012553811027],[-2.3886677449966669,43.291972569783958],[-2.3888915430282771,43.291783635393216],[-2.3889076368650395,43.291758319404394],[-2.3890200353451996,43.291582128958069],[-2.3890482817349352,43.291537786311181],[-2.3892136590903403,43.291411801026918],[-2.3892616866921292,43.291386653702304],[-2.3894268954444948,43.291300233413772],[-2.3897169993045537,43.291231245886912],[-2.3899013193786249,43.291191009713387],[-2.3899007328097359,43.29119000347238],[-2.390199636880038,43.291205675176123],[-2.3903833708180682,43.291164349145795],[-2.3904492535681898,43.291133754149627],[-2.3906150557019448,43.291385466108387],[-2.3906748208241559,43.291370042656688],[-2.3907371827258141,43.291318240017816],[-2.3907383538503764,43.291207094383594],[-2.3906724684162626,43.291133751242512],[-2.3905733903491799,43.291046326316291],[-2.3905785869085685,43.291008104265131],[-2.390654611175147,43.291012042694653],[-2.3907304712888791,43.291040206173967],[-2.3908157172347866,43.2910754098612],[-2.390872631538008,43.2911000523954],[-2.3908957673242477,43.291162752162123],[-2.3908711264258651,43.291249505421796],[-2.3908419583247826,43.291311868119564],[-2.3909606505488843,43.291329889847525],[-2.3911035644700918,43.29131329164651],[-2.3911565349520787,43.291251012358806],[-2.3911769857537406,43.291105162960676],[-2.3911505771699133,43.290889574739857],[-2.3910421954209418,43.290791673366101],[-2.39104764197358,43.29072218504939],[-2.3911955002446836,43.290684800721046],[-2.3913289423678084,43.290657641651997],[-2.3914383291659065,43.290658226385254],[-2.3914996870984098,43.29071069755571],[-2.3915490649678071,43.291002897461624],[-2.3915285309476233,43.291155703440388],[-2.3915702752934811,43.291267100782143],[-2.3916695200388975,43.291333653068271],[-2.3916679302715731,43.291490062603408],[-2.3916530123936761,43.291555946452654],[-2.3915473178259514,43.291656197052099],[-2.3914565390765028,43.291697439633175],[-2.3912945972862252,43.291717391179503],[-2.3911943507976754,43.291748154041514],[-2.3910893223678205,43.291789310579958],[-2.3909626733185547,43.291928790171795],[-2.3911826251605781,43.292267927979353],[-2.3914198446756449,43.292670768396277],[-2.3914804505325655,43.292760540703455],[-2.3914821274330631,43.292763222188981],[-2.3915624280326524,43.292883002591694],[-2.3918092889568427,43.29327184447569],[-2.3919037592114494,43.293476703356291],[-2.3923086968689629,43.293507041612649],[-2.3925492638073189,43.293557582687633],[-2.3926413037502123,43.293797226303433],[-2.3924803669859154,43.293783062840497],[-2.3921290745885013,43.293693292718707],[-2.3920024196058454,43.293680385913042],[-2.3923237944566424,43.29398306061762],[-2.3926641136434377,43.294323789362295],[-2.3927466796382832,43.29443686350524],[-2.3928251387554789,43.294544321231669],[-2.3929089624038107,43.294751861021645],[-2.39293713060535,43.294865941147066],[-2.3929583377247852,43.294951857571434],[-2.3929585898815824,43.294953029506836],[-2.3931653737058554,43.294903908130308],[-2.3935526238845246,43.294830644838839],[-2.3937434847042001,43.294845143692953],[-2.3938188397855242,43.29485092781767],[-2.3938576499335622,43.294928880053732],[-2.3938597459408775,43.29493307109346],[-2.3939266335334755,43.29495259991036],[-2.3939876576387937,43.295031140743625],[-2.3940858963511853,43.295085790497374],[-2.3942214372875936,43.295125604559679],[-2.3943777618940469,43.295144546003208],[-2.3945624190646631,43.2952177196929],[-2.3945696300161305,43.295316963266906],[-2.394621351618536,43.295497764705367],[-2.3946285623945829,43.295603127791296],[-2.3946114641999547,43.295669177831968],[-2.3946108789452296,43.295723326553869],[-2.3946803664614542,43.295777893852438],[-2.3947334266526883,43.295829275701983],[-2.3947444083190064,43.295967747904072],[-2.3947265593041331,43.296103034795856],[-2.3946311729820007,43.296174702706622],[-2.3945273201899964,43.296258357655979],[-2.3945118142866573,43.296297838149847],[-2.3945191893062576,43.296294568902738],[-2.3947196039995271,43.296231783465409],[-2.3948014122263728,43.296163721115605],[-2.3948090182489414,43.296076741882082],[-2.3949093709234179,43.296087527230313],[-2.3949961255934658,43.296068246270615],[-2.3950643547773307,43.296004708749912],[-2.3951845513078154,43.295912421483727],[-2.3954478312472234,43.295829520430694],[-2.3956429640806722,43.295801520808837],[-2.3957582195797307,43.295810824557826],[-2.395825276529409,43.295863462143558],[-2.3958962734513509,43.29592196898124],[-2.3958956879954667,43.295977124420482],[-2.3958436367919158,43.296020459643138],[-2.395767109962863,43.296118780857448],[-2.3956504345840308,43.296254656955902],[-2.3955015701878524,43.296422384948954],[-2.3955202661537749,43.296544428434999],[-2.3956109617322889,43.296620453523339],[-2.3956981349922626,43.296658673963499],[-2.3958016534754143,43.296644674808704],[-2.3959409653155332,43.296630927625337],[-2.3960955301830422,43.296681133973244],[-2.3961906688790013,43.296716504718681],[-2.396225539155155,43.296806696882378],[-2.3962843829785743,43.296891271542265],[-2.3962888249833183,43.296894120628082],[-2.3963713081304836,43.296946928449366],[-2.3964469127931531,43.296941477131455],[-2.3965307318062283,43.296909961191083],[-2.3966263720749597,43.296890178398243],[-2.3967123719634746,43.296902163302036],[-2.3968510918870023,43.29681213850003],[-2.396856457382035,43.296808617182968],[-2.3968898190386358,43.296786991180397],[-2.3969184834223305,43.296768382152493],[-2.3970099302640167,43.296709203452181],[-2.3972496565497177,43.29658841513897],[-2.3973936575002597,43.29650501156442],[-2.397430706848831,43.296443236247356],[-2.3974293650368574,43.296439043844337],[-2.3974206460066947,43.296412389342784],[-2.397359707126689,43.296272577257817],[-2.3972198853120696,43.295951794775853],[-2.3971732807808288,43.295832350870683],[-2.3971679996576034,43.295818855768601],[-2.397151569593218,43.295776862701047],[-2.3971166980457386,43.295687591966185],[-2.3971042063036445,43.295602850533307],[-2.3970643078512772,43.295619613883709],[-2.3970362273468604,43.29550545060323],[-2.3970437684954962,43.295377791715794],[-2.3971010154899921,43.295254992576837],[-2.3971882721095308,43.29518458181154],[-2.397258344609325,43.29512816991555],[-2.3975023447216985,43.295074773226901],[-2.3976587548527877,43.295043673909497],[-2.3977596730882484,43.294939316190607],[-2.3978418154193268,43.294834873944815],[-2.3979864850459873,43.294708050259061],[-2.397994617963199,43.294702519219683],[-2.3980968769812923,43.294629090931707],[-2.3979371142851655,43.2946042816857],[-2.3977242914802424,43.294608139012951],[-2.3975869100524614,43.294612414904527],[-2.3974703991212034,43.294596741937021],[-2.3973261455214843,43.294611077266289],[-2.3971408186823084,43.294605043658962],[-2.3969492862346407,43.294543857208637],[-2.396668987112057,43.294427096836039],[-2.3965187784288164,43.294346043777487],[-2.3964023501107077,43.294315366701454],[-2.3962725959229272,43.2942545141089],[-2.3962113213976308,43.294204054891395],[-2.3961852478850307,43.294063570731943],[-2.3962215388237422,43.293858124354195],[-2.3962983179423998,43.293728201596579],[-2.3963818007601669,43.293618311568224],[-2.3966091202394413,43.293539349333933],[-2.3967677081777694,43.293464915486318],[-2.3969133018527664,43.293320322926732],[-2.3970520219096985,43.293175645319984],[-2.3970738137824092,43.293050417100638],[-2.3970749006830188,43.292945138378577],[-2.3970418706939447,43.292814627224587],[-2.3970222543262056,43.292709181732036],[-2.3970368394128783,43.292624020195632],[-2.3970028093211768,43.292593760043296],[-2.3970515899484481,43.292523854266349],[-2.3970593821646524,43.292428632097689],[-2.3970965942089069,43.292138024744716],[-2.3970842692109096,43.291997541168818],[-2.3970438659331283,43.291917156650001],[-2.3969406840670873,43.291936604702421],[-2.3967550215432016,43.291970722009694],[-2.396624930101948,43.291939960485287],[-2.3964820129870668,43.291813895802527],[-2.3964246777504856,43.291771314877394],[-2.396434402452976,43.291768464910469],[-2.3964833524001605,43.291683553194389],[-2.3964839380544825,43.291618342275733],[-2.3964162921996204,43.291522703169804],[-2.3963809198205701,43.291506357755352],[-2.3962522546377891,43.291446677857124],[-2.3961355753025422,43.291451037870623],[-2.3959844466935469,43.291460260232562],[-2.3958748080132031,43.291439640580784],[-2.3957106863772033,43.291383651982237],[-2.3955526003323473,43.29140284743039],[-2.395407927372625,43.291457248604488],[-2.3952221814068695,43.291501340982194],[-2.3950422216799465,43.291650878701681],[-2.3949248743947091,43.291720452456346],[-2.3948212738064587,43.291785078757826],[-2.3947173366039283,43.291884743678608],[-2.3944963057977247,43.292018944462491],[-2.394461102213322,43.292114079878843],[-2.3943367135614122,43.292198657927571],[-2.3942536490934918,43.292263368134215],[-2.3942254872688395,43.292333443149857],[-2.3941290936595498,43.292362948532244],[-2.3940113274192401,43.292477701489972],[-2.3940377327115319,43.292578117478705],[-2.3939614566144267,43.292657916416125],[-2.3938790631763616,43.292662527815068],[-2.3938318685275806,43.292572002126526],[-2.3938119181841673,43.292506704913208],[-2.3937780535701325,43.292461442118771],[-2.3936503941221994,43.292448115800816],[-2.3936603691410778,43.292415006546179],[-2.3936628775134499,43.292161281079359],[-2.3936543266272921,43.292091373576397],[-2.393649632198342,43.292052311956695],[-2.3937899462712493,43.291960109319568],[-2.3938944675855467,43.291800177859024],[-2.3939710778463095,43.291685259186799],[-2.3939790385114934,43.291575033746497],[-2.3939730010848876,43.291499762030156],[-2.3940832253975683,43.291455252738793],[-2.394303671344773,43.291371175545997],[-2.3945173287294246,43.291282073443661],[-2.3946345933675088,43.291227504929083],[-2.3947314871126411,43.291142761241773],[-2.3947532774851874,43.29102256158388],[-2.3947954389549815,43.290927507896441],[-2.3948308089945751,43.290817449913334],[-2.3949404456577366,43.290843098725233],[-2.3950360015571777,43.2908937237586],[-2.3951188179355714,43.290849046890301],[-2.395271116062013,43.290714429285359],[-2.3951282822591198,43.290588363328553],[-2.3950060696643201,43.290452323810719],[-2.3949667549415223,43.290261631629733],[-2.3950024585703069,43.290126428194519],[-2.3950584504384143,43.290016371141313],[-2.3951339717568563,43.290011757666072],[-2.3952231578426555,43.290017289839092],[-2.3952785615837384,43.28996741542371],[-2.3953210567702947,43.289832296411817],[-2.3953430146675547,43.289697009387361],[-2.3953773820202917,43.289692231321162],[-2.3954591060328987,43.289757779159181],[-2.3955749491248559,43.289838664681945],[-2.3957461125834296,43.289884680271562],[-2.3958764522051976,43.289890378904211],[-2.3959730973164026,43.28983572530899],[-2.3961108974446983,43.289781325836465],[-2.3960437543383577,43.289630529643688],[-2.3960238876753954,43.289555259726143],[-2.3960726702634041,43.289485268795566],[-2.3961420707667505,43.289405387080841],[-2.3962627717109695,43.289353332893526],[-2.3963439591749194,43.289327978508176],[-2.3964187620471837,43.289338831199885],[-2.3964679652713539,43.289351150690557],[-2.396566455195217,43.289380319363879],[-2.3968055157729817,43.289478975869606],[-2.3969146502316248,43.289517866816468],[-2.3969277251944776,43.289522476774394],[-2.3970760874608725,43.289516272228575],[-2.3971292303727845,43.2895140094369],[-2.3971333376052879,43.289514510129322],[-2.3971643523099315,43.289514678993285],[-2.3972335854614486,43.289515013236603],[-2.3973122945290206,43.289515431584633],[-2.3975122065867081,43.28948290658581],[-2.3978612353011228,43.289368907468436],[-2.3981635754027608,43.289318190912546],[-2.3983526733601868,43.289341574752882],[-2.3984953385927605,43.289398320194422],[-2.3985733769970916,43.289456155599837],[-2.3986833515920183,43.289537629342362],[-2.3988758902437155,43.289721781470867],[-2.3989229988345997,43.289759250457614],[-2.3989266054190956,43.289820858188605],[-2.3989765630429045,43.289863437828487],[-2.3991115167197559,43.289942396851366],[-2.3991289502329658,43.28994817934182],[-2.3989030591863871,43.290243399663979],[-2.3990265286035548,43.290334761699739],[-2.3992109394073799,43.290532496299448],[-2.3994871368078607,43.290874397127702],[-2.3995378486448917,43.290995686087044],[-2.3995701199655222,43.291041117117445],[-2.399819232609635,43.290930386568498],[-2.3998388491670561,43.290921668590229],[-2.3998720403954135,43.290904401726628],[-2.4004010287028863,43.290629546061112],[-2.4007238171831817,43.29045729038188],[-2.4011297579850366,43.29025502551319],[-2.4012396470886084,43.290255611606128],[-2.4012850788164974,43.290255863825166],[-2.4013103915535825,43.290254270134263],[-2.4013673061429808,43.290250582577961],[-2.40150267604134,43.29024186314706],[-2.4016455942195609,43.290462058407769],[-2.4017050295021618,43.290734811624901],[-2.4016737690669063,43.290919218117438],[-2.401422641972895,43.291005556807292],[-2.401185767933276,43.291142020733389],[-2.4009577786419833,43.291273285516475],[-2.4009539227215133,43.291275548888954],[-2.4009458747625949,43.291279908188571],[-2.4004956808822531,43.291530370772584],[-2.4003726337394142,43.291645374566784],[-2.400391158701463,43.291635734104261],[-2.4003367671486573,43.292120723025292],[-2.4004166485507747,43.292167158885142],[-2.4004506833469845,43.292243518893649],[-2.4004495964314034,43.29235466506092],[-2.4004395369483693,43.292398254019474],[-2.4004042512557482,43.292551226468625],[-2.4004161555175791,43.292665558120568],[-2.4004719829346697,43.292735632781451],[-2.4005585708512052,43.292761531785068],[-2.4006106239683884,43.292777624744097],[-2.4006058447429544,43.292822049996495],[-2.4005697211443127,43.292867816559124],[-2.4006215211198922,43.292890364482886],[-2.4009194249743224,43.293020617953729],[-2.4009603282589125,43.293038472184321],[-2.4012667781783681,43.293152465780921],[-2.4012662757202659,43.293205692927245],[-2.4012703009894145,43.293214828450687],[-2.401271223887806,43.293216756663512],[-2.4012312432792631,43.293329244416022],[-2.4010345203222121,43.293535278750738],[-2.400927314723833,43.293680038899758],[-2.400934527330997,43.293806776748944],[-2.4009293305582089,43.293905683930177],[-2.4008822258000087,43.293964193102262],[-2.4008149186132361,43.293923625111354],[-2.400773089526242,43.293867799001873],[-2.4007221267377608,43.293886072470137],[-2.4006870092602073,43.294015744655404],[-2.4006267428644437,43.294123621790852],[-2.4006169384938212,43.294161425735126],[-2.400499337564181,43.294163102896597],[-2.4002585202163655,43.294121698885071],[-2.4001237337160628,43.294062271309649],[-2.39997185018529,43.294008879715093],[-2.3999389074885413,43.293969230750974],[-2.3998826650522278,43.29405288463068],[-2.3998490544598265,43.294102843172581],[-2.3997921422042765,43.294206194645817],[-2.3997451215130798,43.294267552840722],[-2.399710672380285,43.294344334330319],[-2.3996929861411451,43.294427399847471],[-2.3997429447774414,43.29449537748777],[-2.3997635660082834,43.294538545675771],[-2.3997927376212091,43.29457257764215],[-2.3998177160055736,43.294600404143125],[-2.3998680937489083,43.294622281300796],[-2.3999226603875869,43.294647177141471],[-2.3999859447710792,43.294644409747669],[-2.4000406813590422,43.294647762029797],[-2.4000404280031056,43.294672404476081],[-2.3999938257692039,43.294693697217795],[-2.4000146126030009,43.294730829547589],[-2.4000519986978448,43.294786401204028],[-2.4000810846329914,43.294823533828577],[-2.4001399274631368,43.294839206975603],[-2.4002071533048839,43.294867286458974],[-2.4002404294982274,43.294907437744229],[-2.4002443723807927,43.294941384128613],[-2.4001894684574232,43.294947252671577],[-2.4001558549687365,43.294937780957611],[-2.400071448068517,43.294949684478595],[-2.4000081623975396,43.294958569634034],[-2.3999404371118076,43.294979778563658],[-2.3998840268705472,43.295021856436371],[-2.3996946753735262,43.294983048937745],[-2.399013713069913,43.294813234738029],[-2.3990252795902398,43.294846344172818],[-2.3990672734654619,43.294870317123987],[-2.3991678602053277,43.294899400904534],[-2.3993075059460218,43.294916751435196],[-2.3993689470926944,43.294950363169377],[-2.3994280419060767,43.294984393870919],[-2.3994562887819701,43.295000655000656],[-2.3995500857119749,43.295055806213902],[-2.3996371763938491,43.295125126897801],[-2.399691745382075,43.295203833412359],[-2.3996938423133645,43.295255719883194],[-2.3998876374524571,43.295328892415746],[-2.4000375123248219,43.295426542860156],[-2.4001862109954044,43.2955152237665],[-2.4002308888449435,43.295605749806107],[-2.4002499166116067,43.29571077650175],[-2.4000892345041023,43.295787893836113],[-2.4000101100375222,43.295819998004255],[-2.4000291372063103,43.295857969326775],[-2.4000488365437236,43.295917230128694],[-2.4000936824264465,43.295980263373892],[-2.4001438904010399,43.296021167120252],[-2.4002045760602169,43.296025189848784],[-2.400232741794853,43.29607850065586],[-2.4001930129654303,43.296172882872625],[-2.4001112049724083,43.296257458103824],[-2.4000190035410705,43.29630448453598],[-2.3999568937130107,43.296345472696807],[-2.399940381608308,43.296371540812203],[-2.3999077736162473,43.296380846175396],[-2.3998235347159995,43.296354276469515],[-2.3997321691315867,43.296377578154079],[-2.3995625179586284,43.296431310467383],[-2.3994417334583624,43.296482944410855],[-2.3993471022721335,43.296515719480915],[-2.399183485510191,43.296616978538147],[-2.3991369670340035,43.296716473538993],[-2.3991161815768951,43.296839942460885],[-2.3990605239086213,43.296882356135178],[-2.3989917103515421,43.296934325663955],[-2.3989588513430533,43.297006244661716],[-2.3989462796128023,43.297003059410081],[-2.3989138385797912,43.297083724948649],[-2.398792050139595,43.297024099401064],[-2.3987341273195524,43.296973557421211],[-2.3986224835937913,43.297140781851851],[-2.3985914708625917,43.297187302194487],[-2.3985901338166249,43.297322589138922],[-2.3985897137762615,43.297364582539586],[-2.3985894648043349,43.297387717625256],[-2.3987336427901846,43.297852755878786],[-2.398743534347259,43.297884608484019],[-2.3987694410547205,43.298180160028998],[-2.3986924128713882,43.298242608047836],[-2.3989273617835307,43.298276049655378],[-2.3990260213790311,43.298276550058119],[-2.3992019589133973,43.298277470717856],[-2.3994110079143876,43.298297082008979],[-2.3996345573006548,43.298318119716932],[-2.3996783963306014,43.298322225385988],[-2.3998923090784214,43.298360027182284],[-2.4002272579734796,43.298419284621033],[-2.4002264204395134,43.298419955573507],[-2.400437820034921,43.298701425352441],[-2.4005686689898265,43.298875602564785],[-2.4006768005027266,43.299015917699556],[-2.4011730204618225,43.299132088831811],[-2.4012126675368508,43.299146840602027],[-2.4013044547142317,43.299180955008872],[-2.4013692460283727,43.299205012206279],[-2.4014341241366006,43.299229149961938],[-2.4014007615569057,43.299156141758935],[-2.4013176926503901,43.299067545778854],[-2.4013028573800512,43.298979366337733],[-2.4013878483251592,43.298868637818664],[-2.4014129306796606,43.29883685322055],[-2.4013797339034482,43.298832547282856],[-2.4013204468313734,43.298777037057413],[-2.4012966776361857,43.298632013506165],[-2.4012685301214507,43.298612316308308],[-2.4012328552981308,43.298397081968702],[-2.4012993629488903,43.298358330378271],[-2.4014022301372111,43.298304818717021],[-2.4014701410887613,43.298288385041481],[-2.4014057693094077,43.298113828285622],[-2.4012983071603928,43.297833533767843],[-2.4012161573205111,43.297652982227525],[-2.4011667015056397,43.297547536195019],[-2.4012032478349088,43.297503782420719],[-2.4012180830175964,43.2974860111837],[-2.4013260406769179,43.297323145665615],[-2.40135889736638,43.297273439403114],[-2.401422599829564,43.297177296697541],[-2.4014839832669748,43.297078377410678],[-2.4015535265459849,43.297080399028104],[-2.4019062445911126,43.297169494794936],[-2.4019891437210004,43.297182905654992],[-2.4021629887325404,43.297210984872763],[-2.4024204018374737,43.297185584562861],[-2.4024336455836965,43.297181477423756],[-2.4024598830339752,43.297285918273673],[-2.4024797517671646,43.297387339923937],[-2.4025490710081931,43.297407372549344],[-2.4026414444042308,43.297468561256338],[-2.4026940007917799,43.297597560845333],[-2.4028053174520547,43.297723207748582],[-2.4029128595789686,43.297764948975527],[-2.4028322299647913,43.297906020777127],[-2.402837147771876,43.297990296097439],[-2.4029388896910895,43.298099212772584],[-2.4029012474161084,43.298204533860016]]]},"properties":{"OBJECTID":1,"SITE_CODE":"ES2120001","SITE_NAME":"ZEC Arno","AC":"PAÍS VASCO","TIPO":"B","HECTAREAS":1121.57876274,"SHAPE.AREA":0,"SHAPE.LEN":0}},{"type":"Feature","id":2,"geometry":{"type":"Polygon","coordinates":[[[-2.1836785902613776,43.291006479958448],[-2.183682614304022,43.291074457198391],[-2.1837163948939691,43.291110416728877],[-2.1837798467601219,43.291121564276615],[-2.1838629150062649,43.291129358885954],[-2.1839162257157012,43.291161880192156],[-2.1839450594450427,43.291201360265809],[-2.183954113644992,43.291258610214648],[-2.1839582220378837,43.291319380782781],[-2.1839868074271775,43.291376797085491],[-2.1840594786859566,43.291427339529704],[-2.1841225130883521,43.291467070730469],[-2.184195604739152,43.291492634696517],[-2.1842688670438939,43.291503867252374],[-2.1844313098245394,43.291426414813536],[-2.184500627486663,43.291366146186569],[-2.1845453867595448,43.291312919599797],[-2.1846097609327835,43.291252567936894],[-2.1846444591836902,43.291220715781776],[-2.1846841922340703,43.291170924573045],[-2.1846995286782764,43.291120967557077],[-2.1847249257652228,43.291056843315197],[-2.1847548498093001,43.291014179519991],[-2.1848189702545393,43.290975369372887],[-2.184887870770742,43.290943683456589],[-2.1849466289172681,43.290940498543335],[-2.1849902178306166,43.290969416678507],[-2.1850045509280593,43.290998083120535],[-2.1850089088467048,43.291033874940993],[-2.185033216258994,43.291048375315611],[-2.1850527471394772,43.291052063176551],[-2.1850870300725944,43.291045104675739],[-2.1851561811927072,43.290995567012807],[-2.1852007740548762,43.290956588719837],[-2.1853850907126158,43.290711327492431],[-2.1854247364234873,43.290672350794807],[-2.1854833269208656,43.29063312089648],[-2.1856194489062717,43.290448712962338],[-2.1856722548429852,43.290446197557728],[-2.1857636185072078,43.290419793737662],[-2.1858149999290641,43.290407723275891],[-2.1859471021224852,43.290380227987299],[-2.1861435767045747,43.290320880378616],[-2.1863107127885963,43.290261282302211],[-2.1864336775990845,43.29020855815876],[-2.18662612767148,43.290088440721611],[-2.1868432207344553,43.289947031242583],[-2.1869370153936227,43.289886930628342],[-2.1870292164440346,43.289855580128958],[-2.1871282917884143,43.289848958153996],[-2.1873292101340231,43.289821799027706],[-2.1874811774137983,43.289797907163347],[-2.187648064620817,43.289759765965535],[-2.1878198969576226,43.289710981109629],[-2.1879300344097006,43.289685331075809],[-2.1879027105877542,43.289654148727315],[-2.1879768041899599,43.289621962038346],[-2.188092142458828,43.289579043772989],[-2.1882735284101882,43.289441827256759],[-2.1883288479207774,43.289409470182719],[-2.1884237323108451,43.289399160584871],[-2.1885409156307949,43.289395888605775],[-2.1886313560425523,43.289395050739628],[-2.188831688327078,43.289410806934022],[-2.189090864445324,43.289416253719089],[-2.1892100545247617,43.289407786133125],[-2.1891515472355483,43.289307870798091],[-2.1892284920520235,43.289277360350091],[-2.1892534719492387,43.289273922076738],[-2.1892884264894059,43.289270486062598],[-2.1893382158299035,43.289278112850738],[-2.1894030077941671,43.289282218895778],[-2.1894645337235401,43.289299653748493],[-2.1894667103807195,43.289243325726126],[-2.1894708166937558,43.289138130023474],[-2.1894720730112782,43.289107200995439],[-2.1894801161979482,43.288902510081357],[-2.1894859826531472,43.288865544633971],[-2.1894883301572925,43.288850373245523],[-2.1895029969507962,43.288757582336991],[-2.1895062648317301,43.288736964296589],[-2.1895090310650294,43.288718942323349],[-2.1895186689249404,43.28869027340248],[-2.1896316592718437,43.288660768168228],[-2.1896335039453643,43.28866034901769],[-2.1898283870080748,43.288633944138866],[-2.1899712159243432,43.2885933725805],[-2.1900524377045452,43.288545508521544],[-2.1902562046876,43.288560762475818],[-2.1904271148179717,43.288548103436725],[-2.1906902287458756,43.288504514815436],[-2.1907369170200734,43.288561176903002],[-2.1908441236719294,43.288521948725005],[-2.1910022071574731,43.288458660783533],[-2.191130870132747,43.288407613403322],[-2.1913022001924829,43.288363771364253],[-2.1914199688658234,43.28836695595448],[-2.1914776377071243,43.288368463973661],[-2.1916550841795139,43.288376341924661],[-2.1916394144671174,43.28842076783512],[-2.1918381500841013,43.288407604578886],[-2.1922095619073505,43.288408187774102],[-2.1922212966542935,43.288408187805921],[-2.1924828157166516,43.288395191262303],[-2.1927302533168054,43.288370798492011],[-2.1928447525739041,43.288379430623586],[-2.1929351124680423,43.288381021821706],[-2.1929207805342785,43.288409269814373],[-2.1930213643592564,43.288409435623365],[-2.1930299982594028,43.288401474356782],[-2.1931728297637862,43.288402562105773],[-2.1934297383397703,43.288404318196051],[-2.1935959556411908,43.288405491082429],[-2.1938236968828981,43.288457876005545],[-2.1945957737052613,43.288644706119747],[-2.1950363392558496,43.288744866962091],[-2.1951836965365654,43.288778309591947],[-2.1952716234071175,43.288798258371258],[-2.1958136950309513,43.288921720113812],[-2.1960993593014337,43.288992127896876],[-2.1961429451582108,43.289002856124206],[-2.1961599610018676,43.289007045779179],[-2.1963283574163692,43.289048620051531],[-2.1968936476381011,43.289238720622052],[-2.1969760431993102,43.289266379494336],[-2.1970273436499985,43.289283646643653],[-2.1975840841628411,43.289470980601983],[-2.1977896972115376,43.289474832488473],[-2.1987331835908126,43.289492593449538],[-2.1987702325034335,43.289493346433041],[-2.1988052670720712,43.289494018660861],[-2.1993788589223313,43.289679507024658],[-2.1995759215615376,43.289720410023058],[-2.1997936865652457,43.289765587918339],[-2.1999929312973356,43.289807077254828],[-2.2003021469245359,43.289868766147968],[-2.2003693713871684,43.289882258555316],[-2.2005376023633865,43.28994110165641],[-2.2011305542659829,43.290148719232384],[-2.2018838565785934,43.290441330374577],[-2.201891397977731,43.290444264461385],[-2.2020539270341568,43.290486424181928],[-2.202178404581467,43.290518776110147],[-2.2023727839894374,43.290556326578958],[-2.2023717319104064,43.290555240493838],[-2.2023727203780035,43.290555911924784],[-2.202523408798339,43.290577700192181],[-2.2026933982743371,43.29058121654635],[-2.2028141865930908,43.290573672496066],[-2.2030565083324891,43.290508122145681],[-2.2032699154144835,43.290455061828283],[-2.2034020169896396,43.290460172654676],[-2.2037110645463898,43.290567291862871],[-2.2041642028676085,43.29064608047068],[-2.2042724157602263,43.290655801004903],[-2.2043380489031366,43.290661667538252],[-2.2045299985842433,43.290678933536832],[-2.2050869005064051,43.290670545491487],[-2.2056990442549278,43.290644135712355],[-2.205869536577036,43.290658298751652],[-2.2059747304054151,43.29066701611567],[-2.2062092630052277,43.29075267742423],[-2.2062252730579837,43.290759131356822],[-2.2065867110297992,43.29090640119383],[-2.206959297009651,43.291082587942633],[-2.2072285269551619,43.290887617829021],[-2.207329361388207,43.290772279173979],[-2.2073314555081867,43.290771441853423],[-2.2074213130708653,43.290735984097694],[-2.2074918858108417,43.29064579159089],[-2.2075734411650632,43.290606899473644],[-2.2076655625881423,43.290579908005789],[-2.2077739421173606,43.290553083099987],[-2.2078556659486934,43.290498432133703],[-2.2078103182667705,43.290433638079158],[-2.2078296793098597,43.290433217488861],[-2.2078389843876907,43.290432966773039],[-2.2080191140205092,43.290428773586171],[-2.2081798799625587,43.290284768838383],[-2.2085024137379339,43.289917041737489],[-2.2088459879115376,43.289469602113911],[-2.2091270329073733,43.289232133727978],[-2.2091976078097524,43.289145629333213],[-2.2091906508588708,43.289114030082359],[-2.2091774898008629,43.289054852827249],[-2.2091676807233416,43.289010678767319],[-2.2092464724722909,43.289020820593031],[-2.2093703608033581,43.289041438464828],[-2.2094521679410271,43.28898284741183],[-2.2095451244349795,43.288892737174521],[-2.2096435283329074,43.288798772720874],[-2.2098881962669426,43.288670273942614],[-2.2101275033214369,43.288533892824908],[-2.210352978095945,43.288390726205257],[-2.2103671436449632,43.288381671741199],[-2.2106587514785758,43.2882597094072],[-2.2107305873760947,43.288266750555458],[-2.2107618527887132,43.288269933304242],[-2.2107781128594519,43.288271528553949],[-2.2108476013420262,43.28827202961152],[-2.2108760997790711,43.288287870790604],[-2.2109020858915001,43.288266161728977],[-2.2108805425617497,43.288215953025116],[-2.2108678825484955,43.288135736601134],[-2.2110339288459935,43.28801679244161],[-2.2109528721944165,43.287926100131088],[-2.2108167471497722,43.287855019800325],[-2.21074868211078,43.287814535590108],[-2.2107358577822036,43.287744377032617],[-2.2107922658346126,43.287624595582486],[-2.2109162372102951,43.28757539351497],[-2.2109790993096659,43.287485702988953],[-2.2109759146048593,43.287434655644908],[-2.2109733994318042,43.287395511576264],[-2.2108371063494348,43.287339519987171],[-2.2107839593638263,43.287209012736895],[-2.2107787605846347,43.287078753466673],[-2.2107638406027945,43.287060481068153],[-2.2106842921397467,43.286962998698087],[-2.2105412929053365,43.286896866336185],[-2.210343140100453,43.286850515208087],[-2.2102326648538968,43.286909778824771],[-2.2099351869640675,43.287009442928138],[-2.2091436663404433,43.286964272596876],[-2.209032855782092,43.286957987463431],[-2.2088478628655084,43.286947427925845],[-2.2085114914359263,43.286928237025322],[-2.2076750414404493,43.286854985388466],[-2.2073854403779785,43.286829675970296],[-2.2073264325756541,43.286824478416356],[-2.2072516635396782,43.286817941569275],[-2.2070703581838935,43.28681031679708],[-2.2069022182577398,43.286801657451988],[-2.2066564460024116,43.28660940072875],[-2.206644542427239,43.286599845342138],[-2.2065350725769606,43.286511918916496],[-2.2065199846312566,43.28649984895759],[-2.2064546021978009,43.286414436211203],[-2.2063087552258334,43.28643941690499],[-2.2062150455350604,43.286495997053649],[-2.2060324854391449,43.286616197316235],[-2.2059386083484762,43.28668702672956],[-2.205837099741712,43.286593399176176],[-2.2057983729470445,43.2865645659408],[-2.205986212177673,43.28641217799025],[-2.2060319794549348,43.286369093590523],[-2.2062425336730001,43.286300357900949],[-2.2063212398221501,43.286253165353685],[-2.2063564440416359,43.286156939002694],[-2.206437747291806,43.286060040172686],[-2.2065303659073932,43.285916453562791],[-2.2065848491566991,43.285827101706715],[-2.2066279321931508,43.285796253685348],[-2.2067004378033923,43.285789630347445],[-2.2067410040763571,43.285739506719842],[-2.2068280078192455,43.285630201899821],[-2.2067424275389964,43.285606062322088],[-2.206667744170653,43.285605477718946],[-2.2065128417105733,43.285620064008135],[-2.2062778922608883,43.285630125426032],[-2.2062243314114083,43.285645297456746],[-2.206181082151025,43.285687878049231],[-2.2061966726442859,43.285723082522523],[-2.206442100972176,43.285724756713044],[-2.2064295284283775,43.285872869662207],[-2.2061735419995059,43.285859375687373],[-2.2061796585764308,43.285800952262136],[-2.2061320504484176,43.285769437163637],[-2.2061274360026757,43.285710930256059],[-2.2061441144744207,43.285660386212214],[-2.2061820018776146,43.285617719796953],[-2.2062304479270045,43.285586873125702],[-2.2062097444452258,43.285539933513945],[-2.2061404234928648,43.285531721077],[-2.2061358965708706,43.28547321387434],[-2.2061893751112343,43.285461897077163],[-2.2062924734527249,43.285333900077752],[-2.2060887877027122,43.285294339461643],[-2.2058673315134087,43.285198451177642],[-2.2056637283207507,43.285092167289342],[-2.2054908891716862,43.285012624246313],[-2.2052735391782994,43.284901983202474],[-2.2050876235456665,43.28484222091511],[-2.2049545156725827,43.284817913570443],[-2.2047945007675933,43.284808947420785],[-2.2046456339122305,43.284756224235423],[-2.2046107665490089,43.284783884293297],[-2.2045072486876953,43.284866031814694],[-2.2044472352898543,43.284962091367255],[-2.2044459779957259,43.285058568571529],[-2.2044686134153793,43.285153118386127],[-2.2045406181333225,43.285216487385135],[-2.2047346639088934,43.285317069948043],[-2.2048988695760294,43.285422096525338],[-2.2049134549237088,43.285435423848256],[-2.2049577144675894,43.285475740674187],[-2.2050717948906819,43.285611949037268],[-2.2050898207443326,43.285749916513261],[-2.2050384408761126,43.285877744208598],[-2.2048641812400751,43.286048238690007],[-2.2048046677438893,43.286084868921506],[-2.204679188790736,43.286141031545469],[-2.2045282300606681,43.286173304158446],[-2.204283473625265,43.286219995059909],[-2.2041759320029395,43.286245896842075],[-2.2039973952141101,43.286289653116349],[-2.2038895196841057,43.286337264159627],[-2.2037747695168286,43.286391414999429],[-2.2037173552125147,43.286416057964523],[-2.203651135366369,43.286422260337112],[-2.2035758638284237,43.286418406357654],[-2.2034188654678273,43.286388987362962],[-2.2033036958762717,43.286299383818793],[-2.2032657241655014,43.28627163913697],[-2.2032347928510641,43.286231069630389],[-2.2030672311899773,43.286011544708572],[-2.2027180255573264,43.285619769974325],[-2.2026713368146602,43.285586996501053],[-2.2025956464950478,43.285533853257959],[-2.20252020662558,43.285480796353689],[-2.2024995025645766,43.285466295088753],[-2.2023704996380626,43.285375518094291],[-2.2021503008114736,43.285209974609813],[-2.2019123290773455,43.285037389366465],[-2.2017479550069097,43.284893304432202],[-2.2017401573298359,43.284876370915235],[-2.2017003403558668,43.284789280707535],[-2.2017123248959991,43.284621388283007],[-2.2017875095532808,43.28448257960482],[-2.201877530886768,43.284336646418424],[-2.2019382959841804,43.284172692556965],[-2.2019655342999638,43.283962049177752],[-2.2019374505482086,43.283841934631383],[-2.2019053461263529,43.283704299708013],[-2.2018046731472412,43.283546382505143],[-2.2016994737305677,43.283359798125133],[-2.2016661966961686,43.28330699257743],[-2.2015963752979197,43.28327103255473],[-2.2012690473263135,43.282996354850852],[-2.2010244556549883,43.282852773885452],[-2.2009641054763418,43.282817317255493],[-2.2008521190224939,43.282751603700618],[-2.2003339364278127,43.282650520074611],[-2.2002584133149137,43.282640461594177],[-2.2000582503919306,43.282613810335484],[-2.1994353761189087,43.282525133516735],[-2.1993493758657325,43.282512895832319],[-2.1989555010197126,43.282494207184087],[-2.1988731057018756,43.282490354249191],[-2.1986368998107197,43.282509635296826],[-2.1980844369422505,43.282554820390736],[-2.1980457132451363,43.282563286050795],[-2.1979296208087078,43.282588601561898],[-2.1976761498658215,43.282643927391277],[-2.1975632416488993,43.282672174248219],[-2.1974392748518068,43.282784916306085],[-2.19740465723459,43.282893546994167],[-2.1974192443275209,43.282948199149281],[-2.1974362630695934,43.283012239439621],[-2.1976712170268309,43.283267806363135],[-2.1978708807097336,43.283440979160005],[-2.1982048300327053,43.283773409869241],[-2.1982181570253938,43.28378668420428],[-2.1981652661878432,43.283818756972252],[-2.1980682036113248,43.283882042395014],[-2.1981455720755205,43.283966868642828],[-2.1981041660614595,43.284006347125477],[-2.1980407129607413,43.284037782998134],[-2.1979049241129789,43.284045075464924],[-2.1978580419705542,43.284099726005479],[-2.1977750862533667,43.284077767327062],[-2.197735689606156,43.284065613957253],[-2.1971557316616299,43.283886745842388],[-2.1970615986611994,43.283857745844941],[-2.1969237978876452,43.283817680503866],[-2.1964797122506834,43.283688600123817],[-2.1963642074465741,43.283653146203285],[-2.1963299251874462,43.283642584274837],[-2.1962411571120062,43.283615260131661],[-2.1960593495757141,43.283564046582121],[-2.1958320257485542,43.283500764460555],[-2.1957181958015166,43.283483247996202],[-2.1956290126911258,43.283499342383685],[-2.1954980026983568,43.283568412761497],[-2.1954354735600279,43.283642929835992],[-2.1953681658324746,43.283713507969978],[-2.1953648981432039,43.283714178336169],[-2.1952498120232704,43.283737985427337],[-2.1952319579023132,43.283741589510356],[-2.1952255030904526,43.28373999710707],[-2.1952139383870235,43.28385357434319],[-2.1951148626044144,43.283841589053431],[-2.1950098363376176,43.283815939659981],[-2.1950692611271077,43.283700684931347],[-2.1950242498077581,43.283689370863634],[-2.194972447613063,43.283653160823931],[-2.1949192204940164,43.283616028566421],[-2.1948261764707837,43.283390467841592],[-2.194746122637369,43.283194075201862],[-2.1946788119717224,43.28302425561656],[-2.1946210558639989,43.282942195351033],[-2.1944403374430657,43.282809256742837],[-2.1942931462320416,43.282726525885607],[-2.1941206408059286,43.282661985850602],[-2.1940181289590837,43.282647906146714],[-2.1940001893418728,43.282648575740758],[-2.193894914753022,43.282652098439392],[-2.1938078228810483,43.282676489469132],[-2.1937431969996646,43.282736004512969],[-2.1936620618393383,43.282830471508952],[-2.1935826856235798,43.28294991696896],[-2.1934453926547302,43.283138934948227],[-2.1934122822151729,43.283184617663331],[-2.1933182367303479,43.283304986009917],[-2.1932166490167435,43.283388975670171],[-2.1930972903542658,43.283449829551628],[-2.1929942747740547,43.283475732950428],[-2.1928646041794639,43.283473386270629],[-2.1928654419157887,43.283472297224286],[-2.1928568091700549,43.283470620883783],[-2.1927889146753046,43.283457378657189],[-2.1927109592181093,43.283431814640203],[-2.1926331749166246,43.283391915573979],[-2.192580197474697,43.283330811075921],[-2.192503329896422,43.283223018396129],[-2.1924123853316115,43.283072308556243],[-2.1923305728697691,43.282971640391025],[-2.1922613357799259,43.282898297149949],[-2.1922389524561301,43.282874493031983],[-2.1921129698415487,43.282784302068706],[-2.1919865660022899,43.28272261291611],[-2.191826049255607,43.282657148299343],[-2.1917592420022403,43.282639045261966],[-2.1916506107843268,43.282609455714827],[-2.191494367424887,43.282583391596361],[-2.1912452540594098,43.282560174334321],[-2.1910519617457944,43.282571660614472],[-2.1910298336125646,43.282572917834607],[-2.1907947181580738,43.282599827186274],[-2.1907408197739549,43.282604855820317],[-2.1905512189801954,43.282622544519398],[-2.1905449314758929,43.28262313214632],[-2.1904031068231524,43.282618522956845],[-2.190339738699616,43.28260377152877],[-2.190329260058113,43.282597988445055],[-2.1902814833926771,43.282571249685653],[-2.1902281712823393,43.282531518616878],[-2.1902093090212134,43.282477789766162],[-2.1901958135229078,43.282388354291498],[-2.190188687403742,43.282282402668379],[-2.1901876789391128,43.282266812186542],[-2.1901741832589856,43.282173772167788],[-2.1901310140944599,43.282112751275903],[-2.1901157605345403,43.282104200570437],[-2.1900144184450676,43.282051142892023],[-2.1898924588220856,43.282028849156276],[-2.1897605238292877,43.282017198289502],[-2.1896724304828035,43.282020133747643],[-2.1895988336308458,43.282037484642316],[-2.1895151838503493,43.282072606850875],[-2.1894657296618467,43.282115187598656],[-2.1894397466563675,43.282132204040707],[-2.1894064703925311,43.28215408169546],[-2.1893065559575735,43.282224575571675],[-2.1892637246304147,43.282224493504415],[-2.1890241649168223,43.28221208969979],[-2.1890111726052903,43.282211838201178],[-2.1884129425424645,43.282200612906344],[-2.1882049829622128,43.282201788105098],[-2.1878454766773303,43.282203720319053],[-2.1875732266454788,43.282212021528132],[-2.1872786812432348,43.282220993897894],[-2.1872257058858162,43.282262234885671],[-2.1872254546993766,43.282262401486598],[-2.1871050075661524,43.282356032497894],[-2.1869912651951195,43.282444464063552],[-2.1867515363386065,43.282463326331417],[-2.186389936632358,43.28249191337612],[-2.1863164250524632,43.282498869666426],[-2.1859907003568337,43.282529553888338],[-2.185990029292844,43.282581270566496],[-2.186093552705044,43.282772548840583],[-2.1861623704407878,43.282899620499762],[-2.1858933929561255,43.283019404276779],[-2.1858380698145621,43.283036755842708],[-2.1858223137129267,43.283041701567079],[-2.1854928143542383,43.283145642230245],[-2.1855223193352042,43.283204819770006],[-2.1851798300440706,43.283150758989436],[-2.18498184272209,43.283118741821063],[-2.1848943333208117,43.283104576245414],[-2.1848347382613009,43.283118574190112],[-2.1848321402898589,43.283118742970444],[-2.184822334296963,43.283129723514392],[-2.1848600562496951,43.283273895551723],[-2.1846708724195221,43.283299211556638],[-2.1846075869443382,43.283307761414569],[-2.184389737881915,43.283336849930002],[-2.1843808519491064,43.283248418254054],[-2.1840193331369826,43.283305840962711],[-2.1841166492876258,43.283353532800909],[-2.1841469945622256,43.283368369997511],[-2.1838569774474754,43.283543307768134],[-2.1838193424312431,43.283529058704545],[-2.1837502756751612,43.283602067586138],[-2.1837391280682845,43.283610030930205],[-2.1837168309002561,43.283617991243673],[-2.1836864895721955,43.283611706517696],[-2.183645163549814,43.283593182691185],[-2.1836454166398038,43.283574993432424],[-2.1836567317186124,43.283554875101245],[-2.1836656159705359,43.2835290602276],[-2.1836588249856406,43.283533921060858],[-2.1836524510915547,43.283468140288726],[-2.1836696477192645,43.28345890725577],[-2.1836846039394704,43.283437572274956],[-2.1836995197847386,43.283419809123444],[-2.1837050801568871,43.283369819323021],[-2.1837055101879752,43.283337658008676],[-2.183706083505474,43.283294780457673],[-2.1836966827791118,43.283266124705662],[-2.1836584122987621,43.283201524607868],[-2.1836295462551361,43.283165581182416],[-2.1836201455837734,43.283136925423946],[-2.1836156351625982,43.283108303667852],[-2.1836208623304674,43.283083326233438],[-2.1836259915158256,43.283065491438258],[-2.1836409060169637,43.283047730984926],[-2.1836606580544702,43.283033576274455],[-2.1837097624854755,43.283019632840549],[-2.1837480034636378,43.283015729416007],[-2.1838077631513038,43.283009618529199],[-2.1840473238872304,43.283018502569526],[-2.1842183892126865,43.283032455242278],[-2.1842867225919398,43.283038042781939],[-2.184320865962031,43.283035386794019],[-2.1844361678692064,43.28302646061362],[-2.1842450568747069,43.282957142872725],[-2.1840940105561879,43.282909618065531],[-2.1839232667664898,43.282872653576511],[-2.1837621647486234,43.282850108248596],[-2.1836106141015752,43.282845414926484],[-2.183463510319422,43.282869390437696],[-2.183286816717485,43.282918176431153],[-2.1829777700801678,43.282983895441717],[-2.1827740019164676,43.283010217100767],[-2.1827741926755522,43.283010238273789],[-2.182589614971139,43.283034159220826],[-2.1825073705003928,43.283044837981585],[-2.1822891241061635,43.283081134132068],[-2.1820955248832137,43.283113349644225],[-2.1820057777091213,43.283128725214205],[-2.1819289658218426,43.283141902462511],[-2.1819316308856629,43.283148684868458],[-2.1819492939837142,43.283192955281173],[-2.1821386469999569,43.283330335355679],[-2.1821574471386387,43.283337587006066],[-2.1822162963348108,43.283358536427329],[-2.1822147304866588,43.283359679620048],[-2.1822303008599224,43.283365682642483],[-2.1820944870220806,43.283451171796202],[-2.182032564368273,43.283547377913656],[-2.1821638732934368,43.283620802877053],[-2.182145987982143,43.283721351667005],[-2.1820216565014836,43.283950003892805],[-2.1818698207545397,43.284174430596494],[-2.1818340512402528,43.284375526266466],[-2.1818202220061997,43.284584832561805],[-2.181797040181797,43.284669235992659],[-2.1817510026918607,43.284813878667016],[-2.1815890571347634,43.284969775290506],[-2.1815440999000435,43.285033883204051],[-2.1814928198860395,43.285158355803638],[-2.1814203548907956,43.285218242669501],[-2.1814194369706952,43.285286696146507],[-2.1814191130151701,43.285310854925925],[-2.1813167690761981,43.28554368962098],[-2.1812026989724189,43.28582879381576],[-2.1812002036577343,43.285836462264513],[-2.1812299988759043,43.285868362676638],[-2.1812834769238991,43.285925275342905],[-2.1813211130880079,43.285966432736885],[-2.1813213661097719,43.285966683074349],[-2.1813408143741215,43.28598797403712],[-2.1813974759488346,43.286050252753647],[-2.1814568233682627,43.286115296159366],[-2.1815372075663175,43.286192663360879],[-2.181473755802573,43.286193502365187],[-2.1813326863982563,43.2861954291565],[-2.181101173521772,43.286205658840892],[-2.1810842435251656,43.286206414676919],[-2.1810780399342771,43.286207420195957],[-2.1809568354833857,43.286226950432471],[-2.1807065463162632,43.286282360422454],[-2.1804475418358162,43.286385630700742],[-2.1803721033407584,43.286415806576606],[-2.1801307864509245,43.286539110206604],[-2.1799334747566981,43.286659226952139],[-2.17992593426069,43.286665513915139],[-2.1797850314704488,43.286783199280123],[-2.1796515104209884,43.28696140497042],[-2.1795951856702733,43.287183111568112],[-2.1795821113422753,43.287233824332425],[-2.1795802679346985,43.287272298485945],[-2.1795705478346306,43.287471372251836],[-2.1795503556268221,43.287884275572743],[-2.1796382027850503,43.287953426010873],[-2.1800118788717149,43.288195665109264],[-2.1799709795230684,43.288494991136076],[-2.1799558111337047,43.28860596916558],[-2.1799201103323553,43.288866318290353],[-2.1796425761688463,43.288782248666877],[-2.1796222925228799,43.288852071455544],[-2.1796181856584331,43.288878643322292],[-2.179586590241843,43.289083250125472],[-2.1795879315883289,43.289083417326644],[-2.1796067906553582,43.289105376989049],[-2.1796071266401618,43.289107892576375],[-2.1796089700428176,43.289122981261222],[-2.1796034411534779,43.289138236779706],[-2.1796191130653342,43.289144020269013],[-2.1796227178568128,43.289161958028707],[-2.1796217956378094,43.289180314448124],[-2.1796159302781932,43.289188779903611],[-2.179634286184132,43.28920956805856],[-2.1796451010205575,43.289227672788293],[-2.179643173240069,43.289243348536687],[-2.1796460232614123,43.289251227271876],[-2.1796647999563654,43.289274276787623],[-2.1796625377059726,43.289302273801248],[-2.1796528983219137,43.289320799117831],[-2.1796673141874026,43.289336305738459],[-2.1796627893870375,43.289351141643628],[-2.1796589360961187,43.289363797854406],[-2.1796539885762614,43.289378718972237],[-2.1796591018996581,43.289397410427021],[-2.1796503017873556,43.289419707476377],[-2.1796535696880905,43.289432447177354],[-2.1796670646617553,43.289444936062523],[-2.1796741086943974,43.2894678203875],[-2.1796732697825956,43.289480896219693],[-2.1796689095113955,43.289490368378033],[-2.1796653926689791,43.289565303553026],[-2.1796603636628489,43.289592798076633],[-2.1796534079760352,43.289647532932634],[-2.1796461162092724,43.289682149153975],[-2.1796438531077675,43.289718278191906],[-2.1796433505486354,43.289735125751292],[-2.1796405005919728,43.289773096517877],[-2.1796419272364167,43.289823137975581],[-2.1796477124257492,43.28987887907379],[-2.1796422661303305,43.289949706924425],[-2.1796312013300176,43.290004024206887],[-2.1796250843873812,43.290034869630496],[-2.179609745400886,43.290081976905725],[-2.1796092435279464,43.290082815233859],[-2.1795798208844381,43.290135539393873],[-2.1795702674182404,43.29015096234027],[-2.1795630585474814,43.29016253013603],[-2.1795586145985877,43.290169235483177],[-2.1795582799362752,43.290169739139792],[-2.1795888804626422,43.290409048115414],[-2.1795912279435381,43.290418184786837],[-2.180226418847524,43.290311556854896],[-2.1802018639635032,43.290532173047389],[-2.1803495557692032,43.29048405932695],[-2.1808386455056343,43.290341389153291],[-2.1807373963095995,43.290621520285207],[-2.1806638890038132,43.290824619605289],[-2.1811420891188953,43.290967109850783],[-2.1812330345532436,43.291017570608858],[-2.1812372262913908,43.291019916591182],[-2.1814614504840186,43.291144305109597],[-2.1816083880879664,43.29106458912122],[-2.1821540553517473,43.290814461342741],[-2.1822448309058298,43.290763748282302],[-2.1822506166649429,43.290760564208625],[-2.1822353606028408,43.290709434313165],[-2.1822289020681569,43.290665678129109],[-2.1822223636219071,43.29062963469206],[-2.1822335112110283,43.29058847974219],[-2.1822619272502566,43.290570709769391],[-2.1822938613799474,43.290552937926783],[-2.1823153200747676,43.290524773745808],[-2.182367873030612,43.29048613170243],[-2.182438117123644,43.290483030183125],[-2.1824722314318072,43.290490407444643],[-2.1825012348902137,43.290519239387613],[-2.1825398762889403,43.290555283534523],[-2.1825787701260575,43.290576992387564],[-2.182696201964089,43.290574224328566],[-2.1828281371069105,43.290582354451871],[-2.1829649332715695,43.290601128336931],[-2.1830577214841607,43.290612528158448],[-2.183155206921088,43.290634655283718],[-2.1832187422881337,43.290642282050051],[-2.1832821950774175,43.290649909091954],[-2.1833751504207677,43.290650578196555],[-2.1835120301473117,43.290658706815002],[-2.1835997934879599,43.290680751554248],[-2.1836582147593111,43.290706149021766],[-2.18371161151827,43.290735150250548],[-2.1837453077616646,43.29077823359227],[-2.1837397756832284,43.290824670326963],[-2.1837146311023306,43.290874545513482],[-2.1836942640621007,43.290931542291403],[-2.1836785902613776,43.291006479958448]]]},"properties":{"OBJECTID":2,"SITE_CODE":"ES2120007","SITE_NAME":"ZEC Garate/Santa Bárbara","AC":"PAÍS VASCO","TIPO":"B","HECTAREAS":160.53167421000001,"SHAPE.AREA":0,"SHAPE.LEN":0}},{"type":"Feature","id":3,"geometry":{"type":"Polygon","coordinates":[[[-1.9619592699070427,43.338132693663617],[-1.9620225538892866,43.338121796358131],[-1.9620798023178767,43.338085584907624],[-1.9621371359947071,43.338049289559791],[-1.962184494365663,43.33804283541398],[-1.9622533949437935,43.338068735283436],[-1.9623160927494265,43.338080804695643],[-1.9623604341482912,43.338072002651046],[-1.9624144975019242,43.338040402136315],[-1.9624714953593916,43.338027073972249],[-1.9625158370136593,43.338009052194387],[-1.9625669659281781,43.337968146782252],[-1.9625553137600527,43.337910645698791],[-1.9624958844464979,43.337880219844791],[-1.9624243005766178,43.337833615213434],[-1.9624186842479641,43.337794471358251],[-1.9624257241961707,43.33775088426561],[-1.9624734175934666,43.337723725462169],[-1.9625465080852504,43.337683071518676],[-1.9625693067080066,43.337641999146655],[-1.9625607558083198,43.337593635113883],[-1.9625862367911582,43.337558765036633],[-1.9625996478264058,43.337510567807271],[-1.962566034582474,43.337448288736795],[-1.9625200142813972,43.33737662250001],[-1.9625023271289088,43.337307470702086],[-1.9624525364158485,43.337270253748457],[-1.9623397975193098,43.337232535879124],[-1.9622364457076478,43.337192554713333],[-1.9622563098181012,43.337144441290135],[-1.9622919335598921,43.337078137761758],[-1.9623553845018293,43.337058020306209],[-1.9623739924570338,43.337005716489593],[-1.9623868997252312,43.33700202740669],[-1.962491172123888,43.336972353707651],[-1.9625203409503644,43.33692432374751],[-1.9625550426587033,43.336913091212956],[-1.9625903311257706,43.336879060169807],[-1.9625880669756728,43.336865900308688],[-1.9625788459854545,43.336812338215054],[-1.9624884856083593,43.336758610038373],[-1.9623923419510143,43.336668168518877],[-1.9622577247689355,43.336620894620943],[-1.9623466577283137,43.336575798572497],[-1.9624296387788709,43.336514524150445],[-1.9624778343518523,43.336457525476618],[-1.9626971114605112,43.336535308791404],[-1.9628629095692798,43.336596496815204],[-1.9629818525273681,43.336641255196064],[-1.9630105189201112,43.336623150511457],[-1.9630115232274334,43.33656573270607],[-1.9630032236139616,43.336501358325528],[-1.9630226701706959,43.336467075445434],[-1.9630820991096967,43.336492891639672],[-1.9632452984553572,43.336528765590778],[-1.9633549363688945,43.336566567018345],[-1.9633312145824284,43.336474448761884],[-1.963329117743333,43.336414684190004],[-1.9634117635483441,43.336369419564519],[-1.9635825061620311,43.33633429631945],[-1.9636711876306416,43.336305210509437],[-1.9636655706371184,43.336266065798092],[-1.9635878681449426,43.336201021109069],[-1.9634659903165526,43.336142515742445],[-1.9633129329372363,43.336067581697471],[-1.9632166213418953,43.33598627617534],[-1.9632531639837674,43.335876302671807],[-1.9633238233704835,43.33579885101333],[-1.9634109983902017,43.335859368752679],[-1.9635809883251001,43.33591628149356],[-1.9637414223921557,43.335983755184031],[-1.9638155211869184,43.336014936419986],[-1.9639625438136945,43.336076040083768],[-1.9640135057036472,43.336046618599312],[-1.9640586008212439,43.335989535338904],[-1.9640622889197688,43.335988613371974],[-1.96414401392238,43.335967406123586],[-1.9641585989350174,43.335968411659771],[-1.9643642950432236,43.335983162635529],[-1.9645371336306463,43.336003109381181],[-1.9646246432106469,43.336045187165411],[-1.9646960599888952,43.336101095041684],[-1.9647495375207706,43.33610612369916],[-1.9648004154121375,43.336083658858634],[-1.9648239695456118,43.336064212598799],[-1.9648419061081461,43.336049543685213],[-1.9650293321916474,43.336140821881621],[-1.9651227933554052,43.336201340275274],[-1.9651824736584416,43.336213409627099],[-1.9652365370208609,43.336188598036557],[-1.9652844823231677,43.336147693202832],[-1.9652981438750334,43.336085832722802],[-1.9653015789521282,43.336028833978858],[-1.9654016621305752,43.33606646956359],[-1.965399397890822,43.336018188712757],[-1.9653718191628013,43.335972003805516],[-1.9654160775385088,43.33595867507222],[-1.9655010714710943,43.335966217989416],[-1.96556427200632,43.335957668128692],[-1.9656342614713564,43.3359123198288],[-1.9656596578370196,43.335868480734653],[-1.965669967827371,43.335850627166423],[-1.9657232776153455,43.335864876231838],[-1.9659778422395393,43.335903934399219],[-1.9661376054186224,43.335907788372218],[-1.9662800165444168,43.335911223251593],[-1.9664538603740653,43.33588305718748],[-1.966608508363678,43.335861346500849],[-1.9664903163262031,43.335589180811795],[-1.9664753952670202,43.335536205922836],[-1.9664987787495849,43.335458335852472],[-1.9664999509084986,43.335391698037306],[-1.9664630687689397,43.335340735281953],[-1.9664104292071791,43.335287425810499],[-1.9664110989686061,43.335248448797643],[-1.9665303761171296,43.335270156866926],[-1.9666588737110344,43.335308127360697],[-1.9668185531371614,43.335364704416428],[-1.9669444525700099,43.335370403397434],[-1.9670450372976347,43.335385070766876],[-1.967161213513293,43.335406862726124],[-1.9672116731317817,43.33539814466225],[-1.9672913022375402,43.335352880592332],[-1.9673011928967186,43.335323123676822],[-1.9673124227789305,43.335258162357796],[-1.9672778882358,43.335227903436682],[-1.9672260856172565,43.335176270425606],[-1.967221139619143,43.335120696973171],[-1.9672223952801131,43.335043917260784],[-1.9671885298917551,43.33497535211955],[-1.9671894508373273,43.334919778520728],[-1.9672373958845701,43.334851966585603],[-1.9673087251345893,43.334784406306035],[-1.9673627880714193,43.334700165968925],[-1.9673803041480684,43.334575942619892],[-1.9673678942611632,43.334349123110186],[-1.9673655462617416,43.334307296834226],[-1.967359425176221,43.334208303996384],[-1.967402927753249,43.334150299164207],[-1.9674268152825152,43.334118363461826],[-1.9674743409991673,43.334059520590685],[-1.9675826374451602,43.334074607385709],[-1.9677095435892351,43.334135124851159],[-1.9677449152805726,43.334104361571647],[-1.9677729103008348,43.334048033728884],[-1.9678936118568253,43.334015174408201],[-1.9679604987838755,43.3339564151145],[-1.9679462476715781,43.333888520628712],[-1.9678852248629082,43.333825739099971],[-1.9678779326154034,43.333798832748151],[-1.9678706391407521,43.333771926384635],[-1.9678942768856624,43.333752311853388],[-1.9679674526493973,43.333775613068369],[-1.9681053395013643,43.333872928728134],[-1.9682205938606729,43.333927746015632],[-1.9683839637595784,43.334057666828897],[-1.968487147738271,43.334140648118975],[-1.9688495080458224,43.334256903993015],[-1.9690383568887233,43.334315158258455],[-1.9692589728964947,43.334331332469077],[-1.9694059949700562,43.334349520122245],[-1.9695600586532072,43.33439905708078],[-1.9697446342022209,43.334482708418243],[-1.9698604750103506,43.334514811042801],[-1.9699846128426255,43.334501817327578],[-1.9700784079308316,43.334457474884772],[-1.9701608027076372,43.334398799034709],[-1.9702498199638649,43.334402486518897],[-1.970342441954323,43.334425871261502],[-1.9704147809206707,43.334502818341491],[-1.9704410187523018,43.33458613613687],[-1.9704478932047582,43.334607761939644],[-1.9704618093352584,43.334695438625644],[-1.9705423614732807,43.334749921358025],[-1.970888711689238,43.334891575045923],[-1.9713529996904502,43.335151917574215],[-1.9718071458201551,43.335390886757509],[-1.9719215622080117,43.33546305520013],[-1.9721408380632566,43.335506389108403],[-1.9722653123414824,43.33552239665373],[-1.9723379011889333,43.335518037956014],[-1.9723745299963107,43.335498590563347],[-1.9724564228037775,43.335484340234309],[-1.9725673177525147,43.335500348804374],[-1.9724695823208609,43.33544083719508],[-1.9725910365625141,43.335387860989776],[-1.9725869295759109,43.335354081628388],[-1.9726174370531087,43.335198843919173],[-1.9726015913695356,43.335029777628989],[-1.9725844906106931,43.334948471175082],[-1.9725345313593585,43.334890635029758],[-1.9725124022948251,43.334826177584432],[-1.972441569061693,43.334629617307279],[-1.9722906877058743,43.334426102080847],[-1.9720814673494398,43.33419442307369],[-1.9720234602288214,43.334065506867653],[-1.9718826376168399,43.3339020568717],[-1.9717693091414563,43.333752354306185],[-1.97163141692778,43.333413216079151],[-1.9716144000568356,43.333318414303918],[-1.971643232976434,43.333261248416015],[-1.9716209354933087,43.333210368919815],[-1.9715381196917174,43.333175835807054],[-1.9714786899019414,43.333127974721677],[-1.9714483444359912,43.333006015304392],[-1.9714127191026563,43.332917920153889],[-1.9713220231487805,43.332802247796515],[-1.9712455768940751,43.332726642908604],[-1.9711765896095617,43.332590853405094],[-1.9711886581267715,43.332512983190618],[-1.9712440615717322,43.33239127459624],[-1.9715801846017305,43.332532090465705],[-1.9716135441420364,43.33245438824823],[-1.9712392809135357,43.332250874283226],[-1.9712303091264038,43.332146769337875],[-1.9714003828991353,43.332208040213082],[-1.9714494987379927,43.332047354902038],[-1.9714706180868886,43.331847440998139],[-1.9715097586503501,43.331700167256194],[-1.9716375820512593,43.331514083849839],[-1.9717178800983508,43.331397823248416],[-1.9717441139981058,43.331325317326332],[-1.9717424349107662,43.331216182336405],[-1.9717866070547676,43.331125571193326],[-1.9718415921235861,43.331037726169093],[-1.971877886125081,43.330999000916584],[-1.971998086062716,43.331057255370261],[-1.9720306077902989,43.331028923350061],[-1.9719529049029536,43.330984163272845],[-1.9718793091529514,43.330918448819133],[-1.9718624592591087,43.330853320107586],[-1.9718828252161502,43.330707974571993],[-1.9718925454645797,43.330546870033459],[-1.9718723432185925,43.330481657156071],[-1.9718294247966397,43.33036506308347],[-1.9717066270553396,43.330352742163541],[-1.9717041098433974,43.330203290155978],[-1.9716701532051262,43.329767001316995],[-1.9715046863399834,43.329556278032285],[-1.9714973098966457,43.329546135679514],[-1.971012230020543,43.329115216432577],[-1.9709643692444754,43.329110690566495],[-1.9708937071284902,43.329050256873778],[-1.9707684756206376,43.328884795404981],[-1.9707384660711091,43.328825534258222],[-1.9707473543346634,43.328949924748891],[-1.9707922015063555,43.329145981365478],[-1.9707741016494611,43.329406748590841],[-1.9707214676011606,43.329667181593081],[-1.9706770465136632,43.329857371576189],[-1.9705647306856664,43.330065165587051],[-1.9705421003318702,43.330106992104078],[-1.9704483937072255,43.330357030539879],[-1.9704376670112225,43.330476140701613],[-1.9705483959443166,43.330558367791994],[-1.9706167101030185,43.330604971278674],[-1.970792904624501,43.330725253197357],[-1.9710187196423199,43.33085123361564],[-1.9711962548894428,43.330965982913575],[-1.9712572786403297,43.331083331667458],[-1.9712606333717682,43.331175283181288],[-1.9711813400366378,43.331280730919325],[-1.9711162148927719,43.331393387187049],[-1.9710948418426824,43.331479387586512],[-1.9711369214769336,43.331571757718571],[-1.9711162199062413,43.331652980080193],[-1.9710665148425754,43.331723307210154],[-1.9710800118558114,43.331787094811546],[-1.9711658454967362,43.331869321521758],[-1.9712464003793757,43.331983234268044],[-1.9710864696578954,43.331974769338636],[-1.9708688706311663,43.331937387841187],[-1.9706801894557606,43.331903861689376],[-1.9705193559682863,43.331852321219117],[-1.9705390511565462,43.332069584788897],[-1.9705683950117094,43.332294959088415],[-1.9706894676027269,43.332521158982651],[-1.9708110078270125,43.332765371904912],[-1.9709324516046489,43.332924041284798],[-1.9709621558884221,43.333036863629758],[-1.970967538229857,43.333052618568729],[-1.9709474336446335,43.333069222016874],[-1.9708046054829631,43.333198810544843],[-1.9707290011555543,43.333324459354465],[-1.9706906978883367,43.333423955363834],[-1.9706526443297245,43.333516912754234],[-1.9705418352177992,43.333589167679683],[-1.9703489654203032,43.33366066931309],[-1.9702653132256238,43.333739881300112],[-1.9701899613591944,43.333879025220156],[-1.9701283752107708,43.33395666461594],[-1.970067792705154,43.33390674210451],[-1.9698795906247875,43.333729461590181],[-1.9697851364659937,43.333616055724526],[-1.9697538371810865,43.333597764820681],[-1.9697222224656472,43.333552457637467],[-1.9696909980917958,43.333529666053359],[-1.9695900648693128,43.333389188224118],[-1.9695159582898727,43.333257956502841],[-1.9693629224674307,43.333144022419368],[-1.9691180818101846,43.333033762883673],[-1.9688733078042824,43.332873978798638],[-1.9685668018519307,43.332763162085399],[-1.9683212783372483,43.332693413929611],[-1.9681062152195923,43.332691473668611],[-1.9678903147286171,43.332739050071723],[-1.9677974410401045,43.332805744560559],[-1.9677049579431898,43.332894954591723],[-1.9676729970169047,43.333052242644868],[-1.9676414254558539,43.333232046291293],[-1.9676098289944712,43.333276782552943],[-1.9674556770484608,43.333365434765362],[-1.9674437295165912,43.333365326896875],[-1.9674531204185874,43.333404208369394],[-1.9674735745009342,43.33344712467931],[-1.9672685434982358,43.33323111995216],[-1.9670274707739381,43.332999273706754],[-1.9667835504522992,43.332860552534882],[-1.966188499326385,43.332524519891351],[-1.9660178417450942,43.332570037199375],[-1.965922119295981,43.332638184745093],[-1.9658377137225254,43.332732316112498],[-1.965738470978208,43.332779927575004],[-1.9655932100001101,43.332813793410004],[-1.9655456843510348,43.332825276465712],[-1.9654382268211141,43.332851179206294],[-1.96533621702906,43.33289594058278],[-1.9652097338001435,43.332965177910609],[-1.9650874412105981,43.333069536260169],[-1.9650137637033922,43.33314271342536],[-1.9649263397665027,43.333184205440773],[-1.9647276859693426,43.333238690714197],[-1.9647210664541825,43.33331429720463],[-1.9647208141180956,43.333317315021617],[-1.9647157868511349,43.333375654534365],[-1.9647143637883813,43.333460145955904],[-1.964751580403491,43.333534327655371],[-1.9648510789094944,43.33367380446068],[-1.9651548494856244,43.333892322398263],[-1.965386787925095,43.334170438652073],[-1.9655477280880576,43.334447968083104],[-1.9657639961983286,43.334941754732455],[-1.9658494152146089,43.33520009022665],[-1.9653327442159469,43.335257094078848],[-1.9645392988617441,43.335318962876215],[-1.9636980748282458,43.335380412144538],[-1.9636754919848911,43.334927262712505],[-1.9634748492299694,43.334927706325644],[-1.9631358999932713,43.33491112711301],[-1.9628575335447982,43.334823060533182],[-1.9626423866508265,43.334825611464218],[-1.9624607878434619,43.33498604372825],[-1.9623189287431224,43.335574545116955],[-1.962013596207034,43.335666320352018],[-1.9616137479473124,43.335694205341632],[-1.9612775786857697,43.335785698618203],[-1.9612779658853206,43.335808213313818],[-1.9613454409153488,43.336101469654999],[-1.9613816939408983,43.336371930322727],[-1.9612286762766415,43.336393051746072],[-1.9608570825678584,43.336389675965684],[-1.9603051623235388,43.33638465976189],[-1.9601798880176176,43.336270965836576],[-1.9600194505495012,43.335958855460333],[-1.9599890033501,43.335981088860521],[-1.9599284137305737,43.336007551266981],[-1.9598062341680369,43.336073972690613],[-1.9595012051338736,43.336192757373837],[-1.9593169655490092,43.336191080998859],[-1.9590681988100882,43.33608526651561],[-1.9588480284343719,43.335840143429678],[-1.958661783433268,43.335775417346078],[-1.9583568225268904,43.335731270902251],[-1.958356773558015,43.335731176809738],[-1.9583151157223775,43.335805610126727],[-1.9582450431628404,43.335897646768487],[-1.9581870414628717,43.335974008489359],[-1.9581208207523251,43.335846014476864],[-1.958072119154231,43.335772671491171],[-1.9580079954068421,43.33572464271117],[-1.9578779057609799,43.335730762700663],[-1.9577478159315411,43.335744176161953],[-1.9576831059357294,43.335725316343378],[-1.9576994497970062,43.335648872368076],[-1.9576401866584845,43.335604530888986],[-1.9574857893371842,43.335577626493375],[-1.9573666777315146,43.335529095186672],[-1.9572229241161123,43.335458435696083],[-1.957009431651124,43.335376293250768],[-1.9569231786559735,43.335301022515253],[-1.9567213442770035,43.33560739102969],[-1.9567000550739064,43.335639662439732],[-1.9566154825418316,43.335768328357837],[-1.9565949464775498,43.335799258649153],[-1.956560413309963,43.335837145948311],[-1.9564532053232175,43.335784339822006],[-1.9561223614308876,43.335600859180758],[-1.9561345141923177,43.335586274809266],[-1.9561417227225752,43.335571186080308],[-1.9561735366047455,43.335504382340737],[-1.9558540476694171,43.335358125488163],[-1.9553897582373743,43.335232325237293],[-1.9549274733674529,43.335169573619162],[-1.9544081360835861,43.335376429974161],[-1.9539743771225038,43.335223890590576],[-1.9535406203576413,43.335071349580083],[-1.9529221689526948,43.334899108039508],[-1.9523657709337594,43.334794963343263],[-1.9517484755806849,43.334690258680126],[-1.9514395988196913,43.334628898977215],[-1.951100350487986,43.334585267933264],[-1.9509019710806268,43.334587078922368],[-1.9507391199912858,43.334547035887518],[-1.9506436476215656,43.334479141436965],[-1.9506353478126539,43.334401439531177],[-1.9505888245992533,43.334295238912986],[-1.9505240677518523,43.334216142798354],[-1.9505987230347539,43.334121441677645],[-1.9507803500876737,43.333961028522616],[-1.9507468286031329,43.33384816597362],[-1.950683551139675,43.33376204381954],[-1.9506812514107605,43.333626956525457],[-1.9506789474090627,43.33353689155512],[-1.9506781808404448,43.33349186215564],[-1.950715344940477,43.33339315483137],[-1.950888336712044,43.333299690655451],[-1.9507689346761932,43.333266082822824],[-1.9507553540984226,43.333216963986807],[-1.9509529193257298,43.333162729835955],[-1.9511565166844396,43.333038588602292],[-1.9512731105696057,43.332952083912758],[-1.9514275064674313,43.332897515198546],[-1.9514806654899703,43.332895950462124],[-1.9515556979923123,43.332851628582738],[-1.9515104038242075,43.332817715793716],[-1.9512954862561589,43.33276675550367],[-1.9511621261889696,43.332709506702237],[-1.9511500014217016,43.332708095259832],[-1.951074615644057,43.332721120383653],[-1.9510445530349958,43.332720844653927],[-1.9510445545158199,43.332695819431947],[-1.9509994298357551,43.332690565635339],[-1.9508708475201511,43.332636836944822],[-1.9508384073447824,43.332604568062784],[-1.9508156913830594,43.332546060197977],[-1.9508446426822517,43.332490867232828],[-1.9507778396514699,43.332415285824382],[-1.9508132987781013,43.33238812046983],[-1.9508817398489151,43.332349706724827],[-1.950930478759326,43.332328217113727],[-1.9509243405079433,43.332314544240347],[-1.9507240285241652,43.332038071903249],[-1.9503735416217887,43.331976326638163],[-1.9503257474109583,43.331957654818275],[-1.9499133036075396,43.33179651625008],[-1.9498852699233267,43.331784181142027],[-1.9494534563389108,43.331594195506142],[-1.9490561260820416,43.331387946079431],[-1.9488105591879534,43.331277636401872],[-1.9486579500565919,43.331186189731085],[-1.9484404493801948,43.331013105924796],[-1.9483819452010733,43.331008065741635],[-1.9482285544927329,43.331006655174797],[-1.9481520513336805,43.331010751868341],[-1.9481320557930362,43.331021217557129],[-1.9481048325890435,43.331013279148436],[-1.9477979778543137,43.331029707961711],[-1.9474900368779018,43.33104938557495],[-1.9470902785272048,43.331162762275383],[-1.9468123830759891,43.331272758533288],[-1.9465650506640735,43.33138159852254],[-1.9465043496601087,43.331441764665072],[-1.9463248080506963,43.331543776472444],[-1.9462234698591281,43.33159331556071],[-1.9461854976791584,43.331506561429002],[-1.9461852657249668,43.331504995214267],[-1.9460422195838154,43.331540298233833],[-1.9458999550944651,43.33157675544863],[-1.9459138362771433,43.331603042291313],[-1.945862376194861,43.331586385137669],[-1.945703045461338,43.331627215853189],[-1.9455171606654003,43.331855114402572],[-1.9453914605347393,43.332169109249257],[-1.9453278917952117,43.332456664409243],[-1.9453278753785948,43.332546708095762],[-1.9451427988996877,43.332549503412203],[-1.9450514691149148,43.332481127433617],[-1.9449176488798265,43.332615630883843],[-1.9449174793598549,43.332615946277386],[-1.9449171341726792,43.332616148394862],[-1.9448961179245883,43.332637271696818],[-1.9448957111779428,43.332749822962221],[-1.9449561907719606,43.332907958298193],[-1.9449672966088314,43.332959312411653],[-1.9450494212062486,43.332985427489355],[-1.9450634198320274,43.333046113499556],[-1.9450002192270983,43.333049048548517],[-1.9448158138996121,43.333043769811326],[-1.9447429726990302,43.333043099522435],[-1.9447184142460299,43.333060618931711],[-1.9447802744234246,43.33313203330875],[-1.9448953625249819,43.333214679267584],[-1.9449475012045152,43.333289530915906],[-1.9449313255217469,43.333385087525812],[-1.9448966241765879,43.333423729736751],[-1.9446625975229235,43.333481820247414],[-1.94449671721756,43.333526414823829],[-1.9444032588220821,43.33359640572295],[-1.9443871671526856,43.333684921528253],[-1.9444144101201406,43.33379145726645],[-1.9444563234233385,43.333898160815032],[-1.9444068702295099,43.33394736403045],[-1.9441882652416012,43.333955916434469],[-1.9439161845380701,43.33396765474712],[-1.943838231794246,43.333981066495177],[-1.9438425058608482,43.334016523253183],[-1.9438074707999542,43.334072935071575],[-1.9437537417572868,43.334093722723622],[-1.9437289316764848,43.334121803637913],[-1.9438062984772906,43.334143847061149],[-1.9438934728287369,43.334155245870377],[-1.9438927190344668,43.334197743614496],[-1.9438268362982889,43.334216854989123],[-1.9436100766898647,43.334258935267655],[-1.9434298619087542,43.334292717476231],[-1.9432255920225876,43.334312082476643],[-1.9428274428019991,43.334308398226057],[-1.9425166354934145,43.33431619683833],[-1.9422882245466018,43.334324749481972],[-1.9421374312841204,43.334341012523964],[-1.9420446429214684,43.334372110167422],[-1.9418883185918272,43.334427350690234],[-1.9418063431553922,43.33449021690295],[-1.9418130490887686,43.334512010339807],[-1.9418371082862609,43.334663056023437],[-1.9417668671460389,43.334709744391823],[-1.9416257132452024,43.334729695937725],[-1.9414606701033545,43.33472818825441],[-1.9413525435836523,43.334801616547573],[-1.941400154546034,43.334858782719145],[-1.9412781126482248,43.334896587415074],[-1.9410151681282046,43.33494026030634],[-1.9405865101459561,43.335017799599036],[-1.9403283424873423,43.335065077326945],[-1.940283500644326,43.335131966629021],[-1.9401954894594122,43.335166585457344],[-1.940088365952368,43.335183351316871],[-1.9400876131937261,43.335225848134499],[-1.9399409278123994,43.335284776201064],[-1.9397709400679943,43.335290226621815],[-1.9396252585778948,43.335288886776006],[-1.9396067338821592,43.335235576944662],[-1.939524505054222,43.335220657658866],[-1.9394658310869395,43.335224262832291],[-1.9395651561516314,43.335112863916947],[-1.9395903835622272,43.334958716212796],[-1.9395000252999368,43.335002304606775],[-1.9393931554600632,43.335090401068236],[-1.9392593781754883,43.33513365413117],[-1.9391589614885778,43.335169195313277],[-1.9390535153979553,43.335172214233062],[-1.9389701969732289,43.335162995074647],[-1.9389341528433919,43.335101722022578],[-1.9389502455825538,43.335016811514585],[-1.9390150364095429,43.334921757238028],[-1.9388542688131338,43.334952102748261],[-1.938664331101378,43.334982279979421],[-1.9385964367647572,43.33498161025998],[-1.9384716259524413,43.334898964093853],[-1.9383968577918989,43.3348665266182],[-1.938283028131403,43.3348552120313],[-1.9381012211241959,43.334850268041826],[-1.9380016424998856,43.334822775703266],[-1.9379206695781543,43.334772232640702],[-1.9378764946797546,43.334698806049047],[-1.937836092190961,43.334668546784215],[-1.9377453143770327,43.334661004320935],[-1.9376539507646089,43.334683385398748],[-1.9375485053978574,43.334732253695151],[-1.9374885743720485,43.334778188791631],[-1.9374609980845754,43.334835689953891],[-1.9373139772577599,43.334870896466199],[-1.9371753383768051,43.334911550950608],[-1.9369909335651021,43.334935023468617],[-1.936909125907305,43.335009792525391],[-1.9366103887808412,43.334998563585614],[-1.9363578363077956,43.334979454990652],[-1.936264209537935,43.335005357165429],[-1.9361650471287741,43.334926147233858],[-1.9360388123930978,43.334856576766704],[-1.9358697456740892,43.334844089454052],[-1.935811239310782,43.334839730759896],[-1.9356814001062028,43.334838558518094],[-1.9355163580458437,43.334837052169028],[-1.9352556739316806,43.334790534188535],[-1.935082163687309,43.334765724947964],[-1.9348545066797855,43.334733037395587],[-1.9344952503907173,43.334678808405862],[-1.9344400118076823,43.334670511185955],[-1.9342393444930492,43.334649055725158],[-1.9340109335635727,43.334676299513809],[-1.9339090911109489,43.334691388955271],[-1.9337609811779508,43.334713518863289],[-1.9337018031798792,43.334722320962818],[-1.9334738953404249,43.334720227308196],[-1.9333398649840297,43.334718971901644],[-1.9331444801446365,43.334770859260082],[-1.9328952823586478,43.334841858614162],[-1.9327650254680586,43.334874047020534],[-1.9327967072462802,43.334733394826749],[-1.9329161495129488,43.334606153357917],[-1.9328631739050464,43.334616715640152],[-1.9328005603100569,43.334596431397749],[-1.9326972089483907,43.334592157777919],[-1.9326482565881444,43.334558880533471],[-1.9326209350085162,43.334502427751936],[-1.9326401494293877,43.334495505256918],[-1.9327631870133943,43.334469640091655],[-1.9327940211612999,43.334469927828664],[-1.9327142829317165,43.334356628754627],[-1.9326984104052471,43.334338471688298],[-1.932666069800373,43.334248126077654],[-1.9326032719043176,43.334180007366555],[-1.9324768458071482,43.334003241076424],[-1.9322841175763212,43.333827350401357],[-1.9321747401414417,43.333857304567857],[-1.9319012330880974,43.333902319306716],[-1.9318868997514267,43.333910449742611],[-1.9319692933229968,43.333771054759964],[-1.9320339180025059,43.333679689308916],[-1.9320576373345499,43.33361095547469],[-1.9320356754513464,43.333577929999151],[-1.931958895979158,43.333593605625104],[-1.9318098636945642,43.333631662309799],[-1.9316698835045674,43.33365991104943],[-1.9315749155310475,43.333688579242413],[-1.9315116306297813,43.33370433831567],[-1.9314489319048185,43.333690676224094],[-1.9315443198862172,43.333639041657584],[-1.9315944427349121,43.333600064040986],[-1.9315817861625568,43.333550693152304],[-1.931578097340757,43.333507945087185],[-1.9315834599851351,43.333458741636072],[-1.9316156458834792,43.333419681078837],[-1.9316474967239894,43.333344073640617],[-1.9317372688207934,43.333333679147167],[-1.9321489929890745,43.33318195852776],[-1.9322396025572197,43.333149938218398],[-1.932092494733137,43.333021442243002],[-1.9319615631203242,43.332865201294169],[-1.9318948405159106,43.332785572031156],[-1.9321572815608226,43.332710632960776],[-1.9324369909783559,43.332639801142818],[-1.9326231550354991,43.332592775965864],[-1.9326247474622991,43.33259235681259],[-1.9324458722488866,43.332504681907295],[-1.9323338031306578,43.332480710342864],[-1.9321535892501518,43.332495380813484],[-1.9319364950697717,43.332562356622233],[-1.9317869597982262,43.332626648519117],[-1.9316421190623934,43.332677780818166],[-1.9313808497852767,43.332698320138469],[-1.9312226809976096,43.332739561118139],[-1.9311397838602298,43.332782395038905],[-1.9312106089485921,43.332660686191588],[-1.9310616603087734,43.33268549891487],[-1.9309438094379832,43.332740234956788],[-1.9308815297708131,43.33269698417692],[-1.9309422973884403,43.332569491548256],[-1.9309303098279482,43.332483994591421],[-1.9309000485364274,43.33241475816741],[-1.9307822941343451,43.33238492315116],[-1.9307937623629978,43.332336051446845],[-1.9307965278112951,43.332324316560914],[-1.9307811030242639,43.332218199626141],[-1.9307661809534902,43.332115351508598],[-1.9306338192440762,43.331701025674228],[-1.9306338024031835,43.331700930969795],[-1.9304861489064029,43.331634492930377],[-1.9301732954001249,43.331511993677111],[-1.930181853565456,43.331469265570306],[-1.9301136226890356,43.331450825446851],[-1.9300475305402396,43.331462749464585],[-1.9300267445318744,43.33145461035086],[-1.9296282951285153,43.331315815660659],[-1.9292297697045822,43.331181521105563],[-1.9287687900678601,43.331091662548708],[-1.928662608238896,43.331090667017762],[-1.9284920717915051,43.331089069355841],[-1.9282152314601702,43.331181022215752],[-1.9279681364888306,43.331291261278096],[-1.9276289177824995,43.331423146299912],[-1.9276226039607072,43.33142480064771],[-1.9276019332370518,43.331417910194389],[-1.9275136701108577,43.331424197852371],[-1.9274593555986363,43.331452278591293],[-1.9273951492558326,43.331483880025928],[-1.9273946185948205,43.331484525171838],[-1.9272271799721579,43.331528387640887],[-1.9265091598686999,43.331285820338891],[-1.9263231600988353,43.331206695259901],[-1.9262799098691483,43.331273836261374],[-1.9262593139504574,43.331475756376896],[-1.926175560166985,43.331451179288997],[-1.9260156355455984,43.331278670938367],[-1.9260001207002122,43.331261933598881],[-1.9259673233515644,43.3312318928268],[-1.9259950856837458,43.331206280096175],[-1.9260292847758,43.331206614762635],[-1.9260288655584417,43.331231593734614],[-1.9260333085688883,43.331256656185083],[-1.9260578687130989,43.331253303039418],[-1.9260733740793277,43.331206949545795],[-1.9260887959253736,43.331164284397751],[-1.9260896329522779,43.331117763446585],[-1.926095248315171,43.331078535964977],[-1.9261550954480651,43.331014747459058],[-1.9261556814544107,43.330979039421507],[-1.9260670000063749,43.331013994078027],[-1.926017043953113,43.331070657438438],[-1.9259524198857865,43.331123632560491],[-1.925906294301106,43.331175989888038],[-1.9259011583204819,43.331171282737714],[-1.9258691105714298,43.33114266808208],[-1.925763861652215,43.331147037182667],[-1.9257845332539139,43.331396833521502],[-1.9258023706360281,43.331641297790433],[-1.9257963562256883,43.33164751561447],[-1.9257709588665537,43.331697305904505],[-1.9257018915917683,43.331728823808383],[-1.9256716329968313,43.331751036338723],[-1.9256685309968118,43.331776350283995],[-1.9256736450128595,43.331803926794677],[-1.9256873928613734,43.331830917177939],[-1.9257433016634102,43.331854721616835],[-1.9258230988403207,43.331866204473627],[-1.9258669377715685,43.331867964193982],[-1.9258856294887607,43.331868718735706],[-1.9260056598352275,43.331854468161893],[-1.9261660935046949,43.331836528617913],[-1.9262130327181237,43.331831330746333],[-1.9262565348202698,43.331825463068711],[-1.9262561168801311,43.331849184126334],[-1.9262548610898262,43.331921019013684],[-1.9261336565735636,43.331934347571092],[-1.9261401956883959,43.33199880624953],[-1.9261505989209851,43.332480022717483],[-1.9262153103292767,43.332531655052207],[-1.9262762480239424,43.332548167802088],[-1.9263334129360921,43.332529642022344],[-1.9262990457516118,43.332490917108807],[-1.9262689539111628,43.332461999473871],[-1.9261996331137812,43.332429393558087],[-1.9262509231441383,43.331993021413567],[-1.9263085061321892,43.331955217394238],[-1.9264577064280319,43.331927890169553],[-1.9266943326412331,43.331898214596073],[-1.9274142685082849,43.331868450343237],[-1.9274673258838295,43.331830730257373],[-1.9274902911787759,43.33177348088946],[-1.927508564061565,43.331722685138793],[-1.9275793071041862,43.331685048010073],[-1.9277202089965835,43.331625785297895],[-1.927790282592913,43.331620085125955],[-1.9278774570940631,43.331636848403122],[-1.9280128277260844,43.331644474523031],[-1.9283101401989089,43.331653691057475],[-1.9283972307472055,43.331673556092866],[-1.9284449244643429,43.331696354775865],[-1.9284877574231474,43.331741366051894],[-1.9285349506738672,43.331792915789549],[-1.9288223721933981,43.331862568187141],[-1.9291185120262471,43.3319083306938],[-1.9293806204824324,43.33195074205036],[-1.9294411396747835,43.331989549672642],[-1.9295448274631217,43.332060712796761],[-1.9297358563967488,43.33214218484089],[-1.929773410597774,43.332244613670824],[-1.9297914364025825,43.332461709974865],[-1.9298114719697912,43.33256078636574],[-1.9298536348726021,43.332656760663006],[-1.9299101313098341,43.332676458922037],[-1.9300149066621339,43.332680648431591],[-1.9306952821550014,43.332761612176],[-1.9306922654462078,43.332796732921878],[-1.9308838786569784,43.332818189205241],[-1.9310216803113354,43.33284182463003],[-1.9310319924155148,43.332914832919023],[-1.9311001397031302,43.332971411947284],[-1.9311371071695891,43.333050203501998],[-1.931181114858139,43.333168222182067],[-1.9311719800541134,43.333246595461446],[-1.9311827931244236,43.333294289644904],[-1.931166785370739,43.333363357401829],[-1.9310887496016069,43.333429912166352],[-1.9311037539321549,43.333452376285543],[-1.9311533757611492,43.333455896177085],[-1.9311957889223792,43.333458913762144],[-1.9312950331710415,43.333490680624131],[-1.9312897541441478,43.333571819194624],[-1.9312618434303994,43.333633176858669],[-1.9312491042783233,43.333705849042204],[-1.931274837858973,43.333762092821004],[-1.9313516178610075,43.333765612487859],[-1.931651110426732,43.333768460148391],[-1.931858481768711,43.333767619264364],[-1.9318615842697704,43.333809697312844],[-1.9318027440391909,43.333876251750866],[-1.9317244571952976,43.333968036922144],[-1.9317177521970645,43.33398622634985],[-1.9316893384450791,43.334062922130173],[-1.9316840576445493,43.334076920672814],[-1.9316713176427307,43.334149593790904],[-1.9315818831430447,43.334213131256639],[-1.9315069488230514,43.33433014569794],[-1.9313977325031553,43.334424278170836],[-1.9313309296728567,43.334510529967872],[-1.9312899436675217,43.33465855861489],[-1.9312564174862268,43.334758725273076],[-1.9312622871938447,43.334865261560068],[-1.9313000075090343,43.334901974992711],[-1.9313974938705483,43.335031728158604],[-1.9314423388818234,43.335104987914448],[-1.9314488783267312,43.335172296178726],[-1.9314208831375748,43.33523365307498],[-1.9314238186558332,43.335284113623786],[-1.9314344633999991,43.335297189421439],[-1.9314764588777396,43.335349073845187],[-1.9315100720442697,43.335399701253792],[-1.9315057974684791,43.335427782267303],[-1.9313558429496056,43.335440356089478],[-1.9312287708723219,43.335458798366538],[-1.9310597051805289,43.33546273980469],[-1.9309443675483859,43.33547003315968],[-1.9309172100510605,43.335486630252099],[-1.9309359858076554,43.335514794351504],[-1.9310048030459066,43.335529545825864],[-1.9310930672776498,43.335533148701792],[-1.9311972549394782,43.335506073532969],[-1.9312972532280155,43.335492996183802],[-1.9313819959018961,43.335479836529622],[-1.9315658993134526,43.335503890354822],[-1.9316881099397822,43.335513444902169],[-1.9318688262457711,43.335498355765615],[-1.9319334534366697,43.335535403127388],[-1.9319282580413046,43.335613776308954],[-1.9319157707491399,43.335672450750266],[-1.931944606156248,43.335776388473896],[-1.9320518974267227,43.33579415764266],[-1.9321452739401772,43.335785522652117],[-1.9324673124181697,43.335756014048329],[-1.9330202777996683,43.335749973716055],[-1.9335739131594043,43.335715936666574],[-1.9340965350469839,43.335690029763924],[-1.9343762432474294,43.335658510345084],[-1.934396777892387,43.335585837532847],[-1.9343952667177848,43.335451388555924],[-1.9345221713029284,43.335441411700572],[-1.9348105984838999,43.335416095484455],[-1.9349641576246825,43.335417518429075],[-1.9351527543768732,43.33539119688124],[-1.9353652379430766,43.335325981982649],[-1.9355310353031547,43.335279878154473],[-1.9357850948012167,43.335251459909244],[-1.9361352132891245,43.335212647619841],[-1.9361920446554279,43.335223375636026],[-1.9363073819506786,43.335245083976162],[-1.9364606064207459,43.33527173772007],[-1.9366606024011299,43.335245583622239],[-1.9369652895119442,43.335178439720082],[-1.9374152369797517,43.335095619094211],[-1.9376859780377367,43.335068459162805],[-1.9377729839006588,43.3350597405868],[-1.9379495940075526,43.335076670409471],[-1.9379992166119027,43.335081447963759],[-1.9383097722543605,43.33510675792737],[-1.938451179473603,43.335144391904933],[-1.9385118660679697,43.335189822657831],[-1.9385837020119914,43.335252100665173],[-1.9386702063651011,43.335353774236381],[-1.9387431310182071,43.335362910670312],[-1.9389313092052982,43.335356202441183],[-1.93909685460064,43.335338095898976],[-1.9392390146729928,43.335331053012027],[-1.9393736294174699,43.335315545106447],[-1.9393842745877361,43.335315796005851],[-1.9395387567400326,43.335319817354666],[-1.9395840202530021,43.335362231198445],[-1.9396210716013531,43.335446554016428],[-1.9395929087709314,43.335519143539656],[-1.9395344865015882,43.335566251667395],[-1.9395068268244913,43.335608078466429],[-1.9393791695554965,43.335660048912203],[-1.9390708781643027,43.335724426646685],[-1.9390549521857152,43.335757955613779],[-1.9391548664148788,43.335753177233087],[-1.9394129493781602,43.335710843931878],[-1.9398137782490243,43.335622073728942],[-1.9401134375274511,43.335613688415137],[-1.9405288526863831,43.335575461497015],[-1.9407772962804224,43.335538074713853],[-1.9411279170828566,43.335474032072732],[-1.9411179402585907,43.335378811089839],[-1.9409651302662212,43.335116871646186],[-1.9416963799285847,43.335022816866044],[-1.9420002302557597,43.334994817633259],[-1.9418449914110452,43.334867327825528],[-1.9420258763090656,43.334846537865346],[-1.9421642641213193,43.334833795332003],[-1.9419659422397917,43.33475919742606],[-1.9418819543787871,43.334727513446225],[-1.9418748283444953,43.334691051447642],[-1.9419024882249534,43.334649307810302],[-1.9420147231143658,43.334600020166135],[-1.9421792631086519,43.334578476354636],[-1.9422867205732028,43.334576631127739],[-1.9423939277538427,43.334597166797188],[-1.9424970283450997,43.334626167314639],[-1.9425204974018437,43.33460403883214],[-1.9425945096618118,43.334548631621139],[-1.9426911545428274,43.334507558016085],[-1.9429294569424842,43.334498503501351],[-1.9435024541576977,43.334447785061577],[-1.9438180387530772,43.334408721146133],[-1.9441216373804282,43.334391954224323],[-1.9442031112843479,43.334376614518099],[-1.9442642161217885,43.33436521347133],[-1.9443875992571291,43.334335622835013],[-1.9445798834964683,43.334320533928008],[-1.9447073735628682,43.334274095663019],[-1.944785074029985,43.334218772386208],[-1.9448816361287311,43.33419169721342],[-1.9450123951647027,43.33417878810026],[-1.9451396349113836,43.334149197109461],[-1.9452093731280515,43.334113489278302],[-1.9452021640015835,43.334082642803502],[-1.9451495238939849,43.334054731467312],[-1.9450811251801496,43.334014916709101],[-1.9450050155646292,43.333969402983669],[-1.9449178408545136,43.333906873126452],[-1.9448802874429518,43.333859011872079],[-1.9449161610778212,43.333780890472866],[-1.9450051790194947,43.333742499007897],[-1.9450371129077095,43.333669909590903],[-1.9450078570813989,43.333585670312338],[-1.9450550474318431,43.333527330732501],[-1.9451282228064599,43.333508302120265],[-1.9452395368765363,43.333512156202211],[-1.9453057532182885,43.333459516232281],[-1.9453300608006396,43.333386927533304],[-1.9453006384469003,43.333311153695178],[-1.9452792617779247,43.333212832112665],[-1.9452961083531055,43.333129009963159],[-1.9453403641055533,43.333078046674316],[-1.9453901531039846,43.333020544919059],[-1.945430384344359,43.332911661027424],[-1.9455392643584908,43.332759273763678],[-1.9455978538877641,43.332703783615166],[-1.945596342362069,43.332566568513982],[-1.9456170445209515,43.332482662995176],[-1.9457216518021812,43.332427591626384],[-1.9458663232636211,43.332277633818983],[-1.9460182874028493,43.332150309146506],[-1.9460783865450488,43.332129436853066],[-1.9462230608148703,43.332079310321447],[-1.9463807265465956,43.332061202546129],[-1.946523221466691,43.33204007877891],[-1.9465617791596923,43.332021218397891],[-1.9466471072674723,43.331979641885816],[-1.9468020907931318,43.331908224843815],[-1.9469250552861872,43.331900930778644],[-1.9470512898165571,43.331927333519822],[-1.9471467627468411,43.331956250623143],[-1.9472389655655415,43.331951472513907],[-1.9472973866810801,43.331901597825919],[-1.9473330931765958,43.33183747425705],[-1.9474139802200454,43.331824229394449],[-1.9475444893460403,43.331828251591197],[-1.9476357708381942,43.331882315231809],[-1.9478417195998505,43.33195984773257],[-1.9478700521319918,43.331963284266116],[-1.9479375271869632,43.331971833438892],[-1.9480556316439208,43.331962108164184],[-1.9483134620431781,43.331922541982507],[-1.9484478274097521,43.331926564392731],[-1.9485623276820403,43.331966796500694],[-1.9486686967395219,43.332029410006562],[-1.9487634996356795,43.332103088050189],[-1.9487851275956778,43.332181712225946],[-1.948824609875929,43.33234742520095],[-1.9488616603905595,43.332423282667591],[-1.9488992960577942,43.332462930403345],[-1.9490136298290008,43.332514394509317],[-1.9491515151588115,43.332535265197762],[-1.949259057025764,43.332539035681847],[-1.9493169766935665,43.332514391298844],[-1.9494254393838149,43.332462169457898],[-1.9495797530873382,43.332415899202701],[-1.9496157952676083,43.332410115297932],[-1.9497453824668174,43.332389410133565],[-1.9498836027367472,43.332396281957571],[-1.9500250087463629,43.33242838368605],[-1.9501658291622377,43.332499714161322],[-1.9503143607522304,43.332573977761356],[-1.9503441187744985,43.332627454725802],[-1.9503377491547262,43.332676993810431],[-1.9503347319466524,43.332699122527742],[-1.9502966781649358,43.332775064565908],[-1.950283016276513,43.332802306467762],[-1.9502856170949328,43.332880762911586],[-1.9503070757711312,43.332967768403179],[-1.9503639070881031,43.333013115183434],[-1.9504094234295333,43.333047062880055],[-1.9504122741999437,43.333103138290966],[-1.9503693587311262,43.333147647935206],[-1.9503613953570309,43.33315586256554],[-1.9502643336304848,43.333219483346376],[-1.9502164723227122,43.333259718133867],[-1.9501785856824014,43.333291486612929],[-1.950143046353745,43.333352759974517],[-1.9501457304996401,43.333420068740601],[-1.950121675267648,43.333473043641],[-1.9500752389282634,43.333497855080338],[-1.9500285508010038,43.333531049154359],[-1.950023858816472,43.333581425724041],[-1.9500693761460739,43.33369558900845],[-1.9501490903599974,43.333755184838729],[-1.9502832035126569,43.333770438561501],[-1.9504020617664728,43.333785526011432],[-1.9504357592208688,43.333830620814837],[-1.9504270431284489,43.333894995739712],[-1.9503875642190525,43.333950652944111],[-1.9503366860603812,43.334014609384404],[-1.9502242001442811,43.334078062440049],[-1.950073407782831,43.334138247169669],[-1.9500188407312375,43.33418259027593],[-1.9500104596229766,43.334224416539975],[-1.9501868200467474,43.334242938772917],[-1.9503744940534531,43.334264227191419],[-1.9504314931783111,43.334301192306292],[-1.950357396724012,43.334370512135862],[-1.9503103746782677,43.334420554223215],[-1.950316914153903,43.334487778599701],[-1.9503661174537799,43.334533041849035],[-1.9504615898561144,43.334561958874744],[-1.9505492675882889,43.334599174851128],[-1.950609955034635,43.334641754692093],[-1.9505137281378404,43.334654915965508],[-1.9503599175347432,43.334670256313473],[-1.950144917124512,43.334668246819149],[-1.9500408955893953,43.334684174349626],[-1.9499023412029517,43.334699682058769],[-1.950105187411926,43.334737986409436],[-1.9504576556367013,43.334786012547603],[-1.9507641883536602,43.334833619776497],[-1.951021015255088,43.334852811398605],[-1.9511708876126672,43.334845769483898],[-1.9512627544932282,43.33486060399806],[-1.9513308192862586,43.334928498743039],[-1.9513873982431293,43.334968229301175],[-1.9513952777044936,43.33497392934229],[-1.9515026514159726,43.334986082041887],[-1.9516136315494941,43.33500393421464],[-1.951746571985524,43.335032180628602],[-1.9522955183548238,43.335282297280678],[-1.9524520975381763,43.335355973577123],[-1.952491410618957,43.335418839100647],[-1.9524225109914457,43.33549712858499],[-1.9523539466795141,43.335558989740733],[-1.9523010581179183,43.335645996273954],[-1.9524936794332508,43.335713469944793],[-1.9527046569513313,43.335751522700669],[-1.9528702044110029,43.335825366990349],[-1.9530002118118011,43.335859396575358],[-1.9530103521658169,43.335793764881544],[-1.9530602255307952,43.335781107343109],[-1.9531408608841756,43.335801558969919],[-1.9532753100483808,43.335848832155378],[-1.9532832753239024,43.335908009498468],[-1.9532867971798078,43.335967187592992],[-1.9533359162151365,43.33599392569073],[-1.9535420324800286,43.336061567021815],[-1.9537571185037637,43.336129292740942],[-1.9538558589191399,43.336153263657465],[-1.9538742987612023,43.336127111368057],[-1.9538302085365697,43.336077323038758],[-1.9537456322890294,43.336014205983687],[-1.9537382543828181,43.335922086690999],[-1.9537661657638159,43.335869782041783],[-1.9537581169635183,43.335813789748869],[-1.9537197253039429,43.335681939940578],[-1.9537175429608231,43.335547240109399],[-1.9539953268328913,43.33564178699983],[-1.9547702547921468,43.335908497035398],[-1.9552799734237871,43.33613665260139],[-1.9553127456232302,43.336067918300522],[-1.9552502986287572,43.336031205706078],[-1.9553287530238421,43.335923495051567],[-1.9554630348098236,43.335980575407682],[-1.9553510485456358,43.335871357523914],[-1.9553709117296845,43.33576314494487],[-1.9553937092828757,43.335697763715324],[-1.9554041027269191,43.335668091669227],[-1.9554595071428069,43.335589718550175],[-1.9555323463974514,43.335541101428568],[-1.9558812943677695,43.335692142974246],[-1.955987328797621,43.335763222501463],[-1.956050615014026,43.33580546749905],[-1.9562380393690666,43.335909067388748],[-1.9563904272844364,43.335956508736018],[-1.9564312486257445,43.335978385711364],[-1.9566271389865451,43.336083578565713],[-1.9571454081313024,43.336341323180491],[-1.9572543743784254,43.336286502549903],[-1.957411035739496,43.336353641859844],[-1.9574611607548007,43.336321202776233],[-1.9571480874518306,43.336180302664054],[-1.9573618281974687,43.3360672256876],[-1.9575893197115635,43.336197481691364],[-1.9576621590470416,43.336158755528743],[-1.957809349599281,43.336242155591442],[-1.9579626596149196,43.336319185631886],[-1.9581623226502169,43.336419600941674],[-1.9585203244801275,43.336567541026],[-1.9588871281389937,43.336770887178666],[-1.9594359926775156,43.337093005436643],[-1.9598672541961866,43.337299116679489],[-1.9602535044477911,43.337485362924916],[-1.9604845160495217,43.337602374367151],[-1.9605188832266862,43.337591560821124],[-1.9605700966844335,43.337575550822862],[-1.9606171207557572,43.33758745259798],[-1.9606482187460403,43.337613017970178],[-1.9607298599063792,43.337627517829581],[-1.9608025322437603,43.337612093523752],[-1.9607973342670757,43.337545372702252],[-1.9610818242988024,43.33767437027943],[-1.9612596107902234,43.337781742687454],[-1.9613750334773856,43.337851648152608],[-1.9615346284256576,43.337912919524257],[-1.9617564217105969,43.338022890536379],[-1.9619592699070427,43.338132693663617]]]},"properties":{"OBJECTID":3,"SITE_CODE":"ES2120014","SITE_NAME":"ZEC Ulia","AC":"PAÍS VASCO","TIPO":"B","HECTAREAS":42.220062040000002,"SHAPE.AREA":0,"SHAPE.LEN":0}},{"type":"Feature","id":4,"geometry":{"type":"Polygon","coordinates":[[[-1.7957553211240291,43.393181330365785],[-1.7957661330515537,43.393181496455149],[-1.7957777865327329,43.393177138614043],[-1.7957893520868129,43.393177220793383],[-1.7958009188397779,43.393177304785077],[-1.7958125710832462,43.393172946927386],[-1.7958241398988943,43.393173113778474],[-1.7958350356918669,43.393168670515031],[-1.7958465995331807,43.393168839112342],[-1.7958582530419773,43.393164479462435],[-1.7958691475608213,43.393160037983172],[-1.7958800478807011,43.393155677603154],[-1.7958908577051083,43.393155762619372],[-1.7959009998456452,43.393151404158353],[-1.795911899297072,43.393146962726938],[-1.7959219575067131,43.393142602479806],[-1.7959305924429179,43.393138159712272],[-1.7959383835974996,43.39313380170455],[-1.7959454256923648,43.393129359271846],[-1.7959546476827137,43.393129441069114],[-1.795961686054582,43.393124999496649],[-1.7959717439230276,43.393125083790927],[-1.7959795424978375,43.393120724958059],[-1.7959895991667796,43.393120807437263],[-1.7960003287431319,43.393120891598173],[-1.7960103862056995,43.393121058724844],[-1.7960181851825816,43.393116617053515],[-1.7960289962706708,43.393116700269083],[-1.7960390553724623,43.393116784570431],[-1.7960498660197364,43.393116952420343],[-1.7960591701647119,43.393112510385997],[-1.7960692301308085,43.393112675732972],[-1.7960777785840139,43.393108234745021],[-1.7960855738865709,43.393103791229507],[-1.796092613498371,43.393099348761595],[-1.7960996563539566,43.393094991868722],[-1.7961066960171825,43.393090546699156],[-1.7961130646109875,43.393081578780091],[-1.796117845356888,43.393072608550476],[-1.7961218679075286,43.393063641143414],[-1.7961220343809827,43.393054670957071],[-1.7961199404007522,43.393045619344399],[-1.7961131494238505,43.393036567804508],[-1.7961062779362289,43.393031957264746],[-1.7960971377793742,43.393027430891401],[-1.7960879187495615,43.393027262695021],[-1.7960709877198278,43.393022653392848],[-1.7960617674563657,43.393022485181369],[-1.7960524640052837,43.393022402535074],[-1.796044079947851,43.393017792273866],[-1.7960348604966179,43.393017707809292],[-1.7960233771840168,43.393013099131203],[-1.7960180938807075,43.393004046351713],[-1.7960198568901551,43.392995076767683],[-1.796026981174577,43.39298610780564],[-1.7960394700297817,43.392977222339361],[-1.7960534690655019,43.392972947694332],[-1.7960667962774941,43.392964063848446],[-1.796080791506613,43.392955178930315],[-1.7960878360749308,43.392950734713857],[-1.7960971382628357,43.392950818244358],[-1.79610493306709,43.392946461163966],[-1.7961227052511219,43.392946626663495],[-1.7961326779106075,43.392946710046459],[-1.7961419813325421,43.39294679358634],[-1.7961487701024248,43.392951403253157],[-1.7961580772285999,43.392951486830725],[-1.7961657031289886,43.392956098106261],[-1.796175759735692,43.392956182369268],[-1.7961879165021795,43.392965318308057],[-1.796193113413191,43.392974370170286],[-1.7961944554173936,43.392983422869669],[-1.7961927788842182,43.392992391565947],[-1.7961887563132832,43.393001360776275],[-1.7961817142508953,43.393005803224426],[-1.7961753423769238,43.393014688272842],[-1.7961682217785944,43.393023659083767],[-1.7961657044070258,43.393032626130925],[-1.7961655379401571,43.393041596317445],[-1.7961684727784175,43.393050648677729],[-1.7961751773326815,43.393059700204937],[-1.7961820500453793,43.39306431165388],[-1.7961889244343598,43.393068838479117],[-1.7961981447589026,43.393069003979683],[-1.7962050166628065,43.393073531678226],[-1.7962143213745076,43.393073613424932],[-1.796223542898729,43.393073780736962],[-1.7962382955518756,43.393069423058932],[-1.7962569031164697,43.393065064539684],[-1.796284899609496,43.393056345896298],[-1.796312728670435,43.393052155574402],[-1.7963414795686143,43.393043437654882],[-1.7963701460725636,43.393034803480703],[-1.7963988114717688,43.393030529196295],[-1.7964274764623318,43.393026337740409],[-1.7964561429464452,43.393017703544409],[-1.7964855648147848,43.393013512836802],[-1.7965149830113758,43.39300932028209],[-1.7965428989087371,43.393005045276631],[-1.7965707242084414,43.393000855752689],[-1.7965986391518172,43.392992136174016],[-1.7966219395362681,43.392987861198975],[-1.7966312432160489,43.392983501953047],[-1.7966398755919559,43.392979060005203],[-1.7966468336728056,43.392974616644992],[-1.7966524497860912,43.392965732621199],[-1.7966549671543735,43.392956761961372],[-1.7966535398485286,43.392947711070917],[-1.7966490985762233,43.392938657276723],[-1.7966423072823567,43.392934048513403],[-1.7966354328562182,43.392929522615347],[-1.796621605189042,43.392924828096383],[-1.7966078585960077,43.392920217269001],[-1.7966009858308538,43.392915607645847],[-1.7965957049002688,43.392906555818207],[-1.7965951168501906,43.392897586694581],[-1.7965976304847593,43.392888617797489],[-1.7966024926202595,43.392879648403728],[-1.7966072695387747,43.392870679913791],[-1.7966113754415138,43.392857184175675],[-1.7966146459573269,43.392848216039994],[-1.7966179140387895,43.392839246077706],[-1.7966205130977777,43.392825835330207],[-1.7966238670294938,43.392812339781855],[-1.7966278894878329,43.392803372355516],[-1.796633420847797,43.392794402799552],[-1.7966404603839992,43.392789960296767],[-1.7966498479771815,43.392785601932196],[-1.7966576456658985,43.392781158402457],[-1.7966668626498963,43.39278124098994],[-1.7966747426075864,43.39277688296567],[-1.7966839620065322,43.392776968278532],[-1.796693265422058,43.392777050872994],[-1.7967002234400056,43.392772609309532],[-1.7967081063388251,43.39276816487213],[-1.7967150627158273,43.392763806130553],[-1.7967221010080869,43.392759363609606],[-1.7967262098981924,43.392750395288353],[-1.7967293952113184,43.39274142625262],[-1.7967319075846926,43.392732457339037],[-1.7967375216156489,43.392723489548253],[-1.7967445660740202,43.392719047090772],[-1.7967523612783438,43.392714603528347],[-1.796760910456368,43.392710245336573],[-1.7967702138441168,43.392710328824926],[-1.7967771694154575,43.392705885430097],[-1.7967840446220149,43.392710495968934],[-1.79679335047886,43.392710579481374],[-1.7968025699037589,43.392710662984015],[-1.7968118720394057,43.392710747356233],[-1.7968210914822131,43.392710829957146],[-1.7968304802849195,43.39270647159038],[-1.7968422157505624,43.392697587113005],[-1.7968492577294133,43.392693144622932],[-1.7968592303497368,43.392693227942068],[-1.7968662723268438,43.392688785450929],[-1.7968755765241893,43.392688952679705],[-1.7968855515594615,43.392689038723276],[-1.7968948549799959,43.392689120400938],[-1.7969040768531239,43.3926892048216],[-1.7969109471296725,43.392693815300937],[-1.7969202505510065,43.39269389697656],[-1.7969270417864684,43.392698508424196],[-1.7969363476419338,43.392698591924983],[-1.7969463202634381,43.392698675236531],[-1.7969563817681424,43.392698759482357],[-1.7969656851547491,43.392698842954758],[-1.7969726415055942,43.392694484197158],[-1.7969889831210073,43.392690126930994],[-1.7969960275930386,43.39268568265723],[-1.7970060831454282,43.392681324087093],[-1.7970131250928005,43.392676882487002],[-1.7970217599020242,43.392672438734728],[-1.7970309768528931,43.392672522192939],[-1.7970411237883304,43.39266816278019],[-1.7970503407208043,43.392668247137081],[-1.7970581358610218,43.392663805353926],[-1.7970681957219601,43.39266397241267],[-1.7970782522833597,43.392664056595734],[-1.7970882286031375,43.392664139933814],[-1.797098286434744,43.39266422232761],[-1.7971083437913542,43.392664391157354],[-1.7971151342252092,43.392668918844933],[-1.7971244376611959,43.392668999603629],[-1.7971422092954343,43.392669251380603],[-1.7971505900907414,43.392673778687197],[-1.7971598119979704,43.392673861286696],[-1.797177579930441,43.39267411301924],[-1.7971868018021928,43.392674197417051],[-1.7972007165549058,43.392674363593102],[-1.7972129554736802,43.392678976499433],[-1.7972222588936952,43.392679058150442],[-1.7972298848426542,43.392683669355755],[-1.797239862400648,43.392683752693621],[-1.7972474883871605,43.392688362097275],[-1.7972551184819157,43.392692888703579],[-1.7972619887503367,43.392697500962683],[-1.7972726368021457,43.392706635324629],[-1.7972832790882773,43.392715686784911],[-1.7972947644377046,43.392720381799947],[-1.7973061648480924,43.392729434028482],[-1.7973184021836912,43.392734127946049],[-1.7973329050730817,43.392743265028081],[-1.797339690612487,43.392747791750359],[-1.7973489973077932,43.392747958066451],[-1.7973558693165879,43.392752482995924],[-1.7973650912008006,43.392752567379524],[-1.7973743929055812,43.392752736342374],[-1.7973813509074812,43.392748292936339],[-1.7973906567364006,43.392748378200736],[-1.7974039825432628,43.392739490581768],[-1.7974117776852356,43.392735047874105],[-1.7974189025126253,43.392726164371709],[-1.7974260290291912,43.392717195345256],[-1.7974323142756243,43.392708309315388],[-1.7974379294540257,43.392699340601652],[-1.7974482368365541,43.392685929861145],[-1.7974552812395479,43.392681487359184],[-1.7974623207391771,43.39267704300434],[-1.7974692770525635,43.392672684216045],[-1.7974785828701967,43.392672769473165],[-1.7974878023093337,43.392672852020247],[-1.7974955974188671,43.392668410206895],[-1.797503225874415,43.392673020519943],[-1.797518733455997,43.392673186299312],[-1.7975349077501093,43.39267335458544],[-1.7975427053075084,43.392668913695054],[-1.7975581289075089,43.392669080386831],[-1.7975743044708519,43.392669246879848],[-1.7975897292878031,43.392669414480594],[-1.7975976059013825,43.392664971716435],[-1.7976130282484009,43.392665139288077],[-1.7976285363905202,43.392660780369773],[-1.7976432043223782,43.392660947208121],[-1.7976510027196209,43.392656588258774],[-1.7976664238303466,43.392656755810215],[-1.7976734657452993,43.392652313268599],[-1.7976882181601497,43.392647957201248],[-1.7977029706619279,43.392643596630727],[-1.7977177218737326,43.392639238746021],[-1.7977316359588482,43.39263487926128],[-1.7977433731786912,43.392630520298653],[-1.7977525925766604,43.392630604624827],[-1.7977603876617667,43.3926261627931],[-1.797769688167939,43.39262632900985],[-1.7977796657182998,43.392626412300501],[-1.7977867051526009,43.392621969725788],[-1.7977967666652113,43.392622052997275],[-1.7978059835930971,43.392622137293174],[-1.7978130263078049,43.392617778491825],[-1.7978155413881842,43.392608726742417],[-1.797811851489433,43.392599757429181],[-1.7978034673533059,43.392595147295751],[-1.7977919036112444,43.392594978897556],[-1.7977817575720765,43.392599421226592],[-1.7977725406121146,43.392599338729262],[-1.7977632364421872,43.39259917067335],[-1.7977486501683866,43.392594561959882],[-1.7977418613499345,43.392589950586284],[-1.7977404384243896,43.392580982594779],[-1.7977429518942538,43.392572012769627],[-1.7977540160877126,43.392558601854311],[-1.7977626472724082,43.39254971615911],[-1.7977697724830168,43.392540747097129],[-1.7977775675552179,43.392536305264024],[-1.7977855319690492,43.392527419760285],[-1.7977940802521171,43.392522976840638],[-1.797802629347754,43.392518617669417],[-1.797812017202491,43.392514177272169],[-1.797821406505999,43.39250529143893],[-1.7978315476063571,43.392500848153922],[-1.7978393447173167,43.392496490078493],[-1.7978463828976052,43.392492047486812],[-1.7978473059943507,43.392483078047718],[-1.7978467194351069,43.392474024304398],[-1.7978399305867496,43.392469414737114],[-1.7978330561216449,43.392464888910283],[-1.7978261808615044,43.392460278433724],[-1.7978169614357189,43.392460196814525],[-1.7978076581362981,43.392460110711035],[-1.7977998630405347,43.392464554346923],[-1.7977882098374072,43.392468912397966],[-1.7977773147480554,43.392473271214904],[-1.7977664192186407,43.392477714667123],[-1.797755524143992,43.392482072581686],[-1.797748482237103,43.392486516029052],[-1.7977406847003097,43.392490957834312],[-1.7977305452682055,43.392495316487825],[-1.7977204873106243,43.392499675997094],[-1.7977126897701192,43.392504117800399],[-1.7977048106813085,43.392508562347466],[-1.7976932444872376,43.392508393913552],[-1.7976846961990434,43.392512836825595],[-1.7976738790757374,43.392512751902402],[-1.7976646621292491,43.392512669396538],[-1.7976560290620445,43.392517028574957],[-1.7976444611934383,43.392516944759414],[-1.7976328925290992,43.392516776293384],[-1.797623670644201,43.39251669373229],[-1.7976129405505674,43.392512082328366],[-1.7976060714745774,43.39250747190362],[-1.7976039743821555,43.39249850492525],[-1.7976079967105287,43.392489535661497],[-1.7976214081879418,43.392476123328308],[-1.7976315506903604,43.392467238227049],[-1.7976417771168847,43.392458354907752],[-1.797652756824395,43.392449466902036],[-1.7976644921213421,43.392440582337827],[-1.7976761403718597,43.39243622514774],[-1.7976887153425452,43.392427337704184],[-1.7977012037889877,43.392418454752097],[-1.797713691712215,43.392414094681079],[-1.7977269383202821,43.392405209792848],[-1.7977401818845531,43.392400850460369],[-1.7977472212952077,43.392396407887638],[-1.7977611365212189,43.392392050211932],[-1.7977681792298621,43.392387690512628],[-1.7977829316447789,43.392383330831045],[-1.7977976827875282,43.392378972935035],[-1.7978124351626907,43.392374615050045],[-1.7978271875713552,43.392370255362664],[-1.7978349801483682,43.392365813499232],[-1.7978496504791921,43.392365980336244],[-1.797865159359997,43.392361704233352],[-1.7978721987570951,43.392357261652748],[-1.7978830109155102,43.392357346504959],[-1.7978931528005258,43.392352986963104],[-1.797902374625858,43.392353071302665],[-1.7979094164882332,43.392348628745673],[-1.7979188018932748,43.392344185612423],[-1.797927353405919,43.392339827357532],[-1.7979366573325597,43.39233538336628],[-1.7979452890839678,43.392331025953531],[-1.7979569389843562,43.392326583210661],[-1.7979654880228702,43.392322224926886],[-1.7979725299126994,43.392317780565371],[-1.7979833445334019,43.392317865433967],[-1.7979934851525012,43.392313506770314],[-1.7980034589132448,43.392313591802413],[-1.7980104983303673,43.392309147412561],[-1.7980182966205815,43.392304790237596],[-1.7980253360355953,43.392300345846785],[-1.7980323791174535,43.392295903294972],[-1.7980395017891093,43.39228693418903],[-1.7980443619906012,43.392278049353287],[-1.7980538381843465,43.392264638824393],[-1.798060877538729,43.392260197132053],[-1.7980679169276614,43.392255753638743],[-1.7980772208312821,43.392251309635725],[-1.7980842622311075,43.392246951703932],[-1.798093565552203,43.392247035083784],[-1.7981006061361493,43.392242593401889],[-1.7981106644267291,43.392238151022347],[-1.7981207242222068,43.392238317987697],[-1.7981277660554631,43.392233875416821],[-1.7981348054187285,43.392229432819533],[-1.7981441100922038,43.39222507436051],[-1.7981519890945912,43.392220630682381],[-1.7981643966689513,43.392216271518308],[-1.7981737004884115,43.392211831108227],[-1.7981838410763771,43.392207472427238],[-1.7981940674321564,43.392198586355939],[-1.7982042109055294,43.392194143962932],[-1.7982141834485179,43.392194227162975],[-1.7982250809437781,43.392189867428932],[-1.798235975932958,43.392185509468369],[-1.7982468750440668,43.392181067809567],[-1.7982577713179877,43.392176707159138],[-1.7982693341861831,43.392176790859978],[-1.7982763767982419,43.392172432929016],[-1.7982855985974138,43.392172517237356],[-1.7982926379421607,43.392168074630078],[-1.7983045415805279,43.392154662577404],[-1.7983054621345964,43.39214569310731],[-1.7982985893425234,43.392141082684859],[-1.7982869395021659,43.392145525463398],[-1.798272937884638,43.392149885897247],[-1.7982651470392732,43.392154243168022],[-1.7982551707992462,43.39215415993359],[-1.798247291830753,43.39215860271883],[-1.7982365628186538,43.392158435934874],[-1.7982286838838495,43.39216287691832],[-1.7982179556676985,43.392162794781918],[-1.7982071402415709,43.392162627087004],[-1.7981955749073313,43.392162543353955],[-1.7981847627824568,43.392162458531672],[-1.7981694250783025,43.392157764536556],[-1.798162548556349,43.392153155867618],[-1.7981556766065687,43.392148628285526],[-1.7981543318565751,43.392139575578689],[-1.7981568476970538,43.392130606669006],[-1.7981616255609305,43.392121638122575],[-1.7981686656873339,43.392117281072494],[-1.7981778875311873,43.392117362688658],[-1.7981849293105479,43.392112921914467],[-1.7982127552689813,43.39211317114421],[-1.7982405849910539,43.392108981258978],[-1.7982675745740377,43.392109316231121],[-1.7982954887263956,43.392105039877556],[-1.798322478290431,43.392105375736968],[-1.7983503072051705,43.392101101175584],[-1.7983663985952134,43.392098333952859],[-1.7983522359631343,43.392083162255105],[-1.7983453594354029,43.39207855359701],[-1.7983424251656739,43.392069583236385],[-1.798345695820033,43.392060530410092],[-1.7983527384130731,43.392056172474128],[-1.7983597765048742,43.392051729849449],[-1.7983720987300067,43.392051812515255],[-1.7983807341136673,43.392047455107509],[-1.7983922981922187,43.392047538808605],[-1.7984008508995704,43.392043178729644],[-1.7984086458620454,43.392038736851831],[-1.7984202111735135,43.392038820563059],[-1.7984280069664969,43.392034461532717],[-1.7984350487537843,43.392030018942229],[-1.7984428424776207,43.392025577049033],[-1.7984529842677373,43.392021217456154],[-1.7984600235827106,43.392016774838119],[-1.7984701694755103,43.392012332446754],[-1.7984795561359828,43.392003446530687],[-1.7984881907081915,43.391999004465262],[-1.7984968253734281,43.391990120551007],[-1.798504619123251,43.391985676852975],[-1.7985117437200346,43.391976792378181],[-1.7985234763317186,43.391967907696603],[-1.7985305205732898,43.39196346512594],[-1.7985399042021017,43.391959106563554],[-1.798547701648231,43.391954662901391],[-1.7985547434175664,43.391950220303251],[-1.7985639602104613,43.391950306337371],[-1.7985740216323201,43.391950388638918],[-1.7985832417625216,43.391950555745744],[-1.7986241462577925,43.39195097470153],[-1.7986334495353284,43.391951058036902],[-1.7986442641287097,43.391951141041744],[-1.7986543231469454,43.39194678236219],[-1.7986636251894514,43.391946865682165],[-1.7986736001267842,43.3919469506681],[-1.7986869255356452,43.391938064694571],[-1.7986977409063893,43.391938233243913],[-1.7987093914926822,43.391933874171634],[-1.7987179420943167,43.391929431206613],[-1.7987295073861174,43.391929514886307],[-1.7987411604196908,43.391925156736917],[-1.7987504636936364,43.391925240062747],[-1.7987596817889857,43.391925322493009],[-1.7987689883293527,43.391925490492618],[-1.798780553620577,43.391925574167153],[-1.7987897753839313,43.391925658434388],[-1.7987990786581196,43.391925741756268],[-1.7988061179370725,43.39192129911644],[-1.7988153380639178,43.391921466204515],[-1.7988223835135797,43.391917023628466],[-1.7988294215553791,43.391912580974193],[-1.7988364608306111,43.391908138332411],[-1.7988419942161826,43.391899170489872],[-1.7988484500328161,43.391885759682012],[-1.7988533117549563,43.391876790186117],[-1.7988603510242851,43.391872347542808],[-1.7988673096149452,43.391867988692518],[-1.7988751860320187,43.39186354583741],[-1.7988837353773417,43.391859102846723],[-1.7988907758768828,43.391854660214427],[-1.798897818407432,43.391850302243967],[-1.7989056157782572,43.391845860357336],[-1.7989126550402061,43.391841417710673],[-1.7989159239611945,43.391832447689495],[-1.7989169313146698,43.391818953535733],[-1.7989179337652963,43.391805457529543],[-1.7989227954705684,43.391796488030366],[-1.7989298359599708,43.391792045395505],[-1.7989376329196409,43.39178768634239],[-1.7989447578489846,43.391778718103183],[-1.7989517970646864,43.391774277254427],[-1.7989573312895077,43.391765390454076],[-1.7989629461544787,43.391756421660332],[-1.7989677251040532,43.391747453090851],[-1.7989702371040464,43.391738484122165],[-1.798971913154229,43.391729517178483],[-1.7989720821050594,43.3917204623705],[-1.7989684777010435,43.391711409350116],[-1.7989671341319824,43.391697914815019],[-1.798969649851033,43.391688944984921],[-1.798976691558916,43.391684502359837],[-1.7989852379657942,43.391680143971477],[-1.7989930340738036,43.391675702065456],[-1.7990055229882769,43.391671341862896],[-1.7990186847927232,43.391666983323574],[-1.7990273192781236,43.391662541216164],[-1.7990403941400821,43.391662710052515],[-1.7990497818264921,43.391658266849618],[-1.7990590035501712,43.391658351094684],[-1.7990683920679242,43.39165399073908],[-1.7990814673471389,43.391654075834595],[-1.7990906886691969,43.391654242912956],[-1.7991014995079735,43.391654325835056],[-1.7991092943698368,43.391649883907995],[-1.7991193532393119,43.391649967935535],[-1.7991263932963706,43.391645608123959],[-1.7991364496962532,43.391645692124065],[-1.7991434938560171,43.391641249514421],[-1.7991527975523991,43.391636807221857],[-1.7991636948637859,43.391632448296235],[-1.7991714897361371,43.391628005464554],[-1.7991792854053144,43.391623647281698],[-1.7991879174396501,43.391619203335495],[-1.799195041024352,43.391610237767523],[-1.7992075324752788,43.3916014330186],[-1.7992139029237004,43.391592464943244],[-1.799225636593464,43.391583580199928],[-1.7992311686925373,43.391574610523527],[-1.7992382086973369,43.391570252505304],[-1.7992507807393783,43.391561367558644],[-1.7992578248632776,43.391556925841925],[-1.7992670404532449,43.391557007304463],[-1.7992763460881487,43.39155709331353],[-1.7992886677801454,43.391557260515818],[-1.7992875765532441,43.391570754693298],[-1.7992881674612209,43.391579723835576],[-1.7992934461978014,43.391588776418587],[-1.7993003215096235,43.391593385007262],[-1.7993095382863893,43.391593469180158],[-1.7993233724409141,43.391598080602961],[-1.799333430153913,43.391593720048675],[-1.7993442421816987,43.39159380476115],[-1.7993567297848758,43.391589446307194],[-1.7993659539680105,43.391589530553311],[-1.799372994000644,43.391585170726209],[-1.7993800356318643,43.391580729876232],[-1.7993856508999713,43.391567233674614],[-1.7993882485088812,43.39155373730383],[-1.7993907641062634,43.391544770164181],[-1.7993940329401203,43.391535800127855],[-1.7993980549390192,43.391526830795783],[-1.7994028309186609,43.391517945916981],[-1.7994084481459156,43.39150897802611],[-1.7994148161215857,43.391500008112537],[-1.7994211885970308,43.391491122886798],[-1.7994290678377374,43.391482154432602],[-1.7994369429720971,43.39147326877486],[-1.7994455778423326,43.391464301049496],[-1.7994549675194911,43.391459941574539],[-1.7994620079489876,43.391455498005456],[-1.7994712271742952,43.391455582191],[-1.7994805303787402,43.391455665456604],[-1.7994897529069931,43.391455832515419],[-1.7994981361845832,43.391460359676906],[-1.7995074393543029,43.391460444740801],[-1.7995166594500209,43.391460609971048],[-1.7995237010385492,43.391456170012084],[-1.799532920299695,43.391456252392153],[-1.7995399619398595,43.391451809731436],[-1.7995477567440805,43.391447367773623],[-1.7995547992161536,43.391443007960795],[-1.7995627599055584,43.391434040352351],[-1.799569802825983,43.391425154052627],[-1.7995769263848402,43.391416185758892],[-1.7995840482889405,43.391407301187861],[-1.7995927658726909,43.391398332518705],[-1.7996006434411858,43.391389446875017],[-1.7996099520394426,43.391385002795573],[-1.7996186666935483,43.391376119635019],[-1.7996288951333708,43.391367235256418],[-1.7996366875046397,43.39136279056563],[-1.7996452391932887,43.391358347542059],[-1.7996522803780561,43.391353989510485],[-1.799659319528736,43.391349546816187],[-1.799668538738608,43.391349630985616],[-1.7996763335381361,43.391345188118464],[-1.7998657713012618,43.391288691393818],[-1.7998790120038142,43.391284331782188],[-1.799891419665955,43.391279889590372],[-1.7999038256918831,43.391275530220128],[-1.7999163119382162,43.391271172590891],[-1.7999334135606051,43.391262372024002],[-1.7999427986875363,43.3912579269196],[-1.7999498402750391,43.391253484232834],[-1.7999568826605405,43.391249126194985],[-1.799963169000288,43.391240158094888],[-1.7999680305230883,43.391231187647811],[-1.7999721351284363,43.391217776411558],[-1.799976157002676,43.391208807957661],[-1.7999802657078583,43.391195313923959],[-1.7999852955679658,43.391177374200559],[-1.7999932586292202,43.391163963836128],[-1.8000002977331484,43.391159521120116],[-1.8000095193842096,43.391159605287662],[-1.8000188225450888,43.391159688508949],[-1.8000280441962351,43.391159772674975],[-1.8000349195169243,43.391164381219909],[-1.8000393611370085,43.391173436690238],[-1.8000462331742419,43.391177961459491],[-1.8000531084628337,43.39118257180386],[-1.8000623251797312,43.391182655915372],[-1.8000693680198077,43.391178211433449],[-1.8000771635498483,43.391173854087825],[-1.8000811854233936,43.391164884729719],[-1.8000882245033634,43.391160442908458],[-1.8000960192482927,43.39115600001189],[-1.8001038189476852,43.391151556266365],[-1.8001108588414949,43.391147198192783],[-1.8001201632352433,43.391147281418746],[-1.8001272010936586,43.391142838681823],[-1.8001342463577936,43.391138396022143],[-1.8001412002177406,43.391133955104273],[-1.8001491641193796,43.391125068527316],[-1.8001562056764746,43.391120625827377],[-1.8001631607850157,43.391116184020817],[-1.8001710394796993,43.391111741099536],[-1.8001779954210047,43.391107382140888],[-1.8001850394428784,43.391102939465021],[-1.8001920785258929,43.391098496736916],[-1.8001969424189788,43.391089529006003],[-1.800202473094803,43.39108055926669],[-1.8002057417474449,43.39107159100525],[-1.8002066632359359,43.391062621527631],[-1.8002084218274457,43.391053653629726],[-1.8002109373530015,43.391044682868589],[-1.8002157172958582,43.39103571425597],[-1.8002220850668158,43.391026746095214],[-1.8002292092818184,43.391017862407899],[-1.8002362532895049,43.391013419728651],[-1.8002440455536122,43.391008975895396],[-1.8002525954968682,43.391004616548209],[-1.8002603901743006,43.391000175440446],[-1.8002681849038689,43.390995731631371],[-1.8002906533130918,43.390991456181162],[-1.8003054039611999,43.390987097054214],[-1.8003124413348488,43.390982739842073],[-1.8003194852969246,43.390978298958046],[-1.8003265243911886,43.390973854420793],[-1.8003320550371389,43.390964884674666],[-1.8003338173104102,43.39095591681329],[-1.8003339868533554,43.390946946649045],[-1.800334906251106,43.390937894308159],[-1.8003374216996326,43.390928926244555],[-1.8003406903415702,43.390919957078424],[-1.8003454652996242,43.390910989308267],[-1.8003518375766012,43.39090210402744],[-1.8003582090520931,43.390893134096842],[-1.8003652505847378,43.390888690483123],[-1.8003723722935012,43.390879806760339],[-1.8003794150047303,43.390875365859422],[-1.8003864553170643,43.390870921331143],[-1.8003942499853278,43.39086647931358],[-1.8004020454876368,43.390862120144327],[-1.8004128573890785,43.390862204754264],[-1.8004229165368841,43.390857761278269],[-1.8004323035644749,43.390853402594999],[-1.8004415251705039,43.390853486727167],[-1.8004501594730422,43.390849042708595],[-1.800467930966144,43.390844768375707],[-1.8004765615266702,43.390840326116738],[-1.8004935761367034,43.390836051944035],[-1.8005022128841519,43.390831608847613],[-1.8005146138377943,43.390827249357379],[-1.8005270221963776,43.390822889943458],[-1.8005387567252171,43.390814006873619],[-1.8005504909624599,43.390809645788565],[-1.8005621428533622,43.390805202799321],[-1.8005793224148121,43.39079187556068],[-1.8005925703302648,43.390787517742353],[-1.8006003658261629,43.390783157658987],[-1.8006097507420546,43.390778716999257],[-1.8006175478867819,43.390774273191468],[-1.8006253409102997,43.390769913080469],[-1.8006323848071997,43.390765473076698],[-1.80063942385404,43.390761028519442],[-1.8006426948931937,43.390752060269939],[-1.8006521653356147,43.39073864946085],[-1.8006592067935214,43.390734207628967],[-1.8006677554341854,43.390729848236774],[-1.8006747944388,43.390725405477745],[-1.8006834287062881,43.390720961441026],[-1.800693403449277,43.390721046248416],[-1.8007011989117168,43.390716687058216],[-1.8007089935374454,43.39071224501857],[-1.8007160350059312,43.390707802282826],[-1.8007315399637474,43.390703442907814],[-1.8007408467604851,43.390703526108368],[-1.8007500642426231,43.390703693012483],[-1.8007593672651052,43.390703779773695],[-1.8007662442601224,43.390708303651571],[-1.8007730331049807,43.390712914847306],[-1.8007799075976518,43.390717440498975],[-1.8007892114935469,43.390717608306169],[-1.8007960007576809,43.390722135764399],[-1.8008053038718905,43.39072221802067],[-1.8008123465335859,43.390717777092355],[-1.8008216508395314,43.390713415708582],[-1.8008317901726194,43.390708973037356],[-1.8008395868049756,43.390704616551233],[-1.8008496455593668,43.390704698624276],[-1.8008566869813813,43.390700257680216],[-1.8008659061321426,43.390700339951493],[-1.8008759656684898,43.3907005075718],[-1.8008859403910253,43.390700593262629],[-1.8008959991449041,43.39070067533158],[-1.8009030393641772,43.390696232571173],[-1.8009130964133755,43.390696401062598],[-1.8009201353964741,43.390691958288166],[-1.8009301969486669,43.390687514792532],[-1.8009435225184511,43.390678714996859],[-1.8009505639661849,43.3906742722464],[-1.8009576054128937,43.390669829495479],[-1.8009668270282519,43.39066991178445],[-1.8009769683786097,43.390665553762396],[-1.8009862717934939,43.390661111316589],[-1.8009956603839603,43.390656669763104],[-1.8010049659020873,43.390652308377035],[-1.8010143507864995,43.390647866783169],[-1.8010221486858118,43.390643507596515],[-1.8010322904617797,43.390639064932998],[-1.8010415083338625,43.390639148977577],[-1.8010508146878679,43.39063931678924],[-1.8010600325600485,43.390639400832313],[-1.801069335644677,43.390639483967206],[-1.8010761261736465,43.390644010521662],[-1.8010829990133252,43.390648620778855],[-1.8010898743229404,43.390653231061528],[-1.8010967488329523,43.390657756694416],[-1.8011059679425305,43.390657840746734],[-1.8011222268523968,43.390653564860088],[-1.8011323698573771,43.390649122200614],[-1.8011416778460354,43.390649207181895],[-1.8011509796139562,43.390644847545495],[-1.8011578516232891,43.390649374949362],[-1.8011670740191505,43.390649542771754],[-1.8011778859387186,43.390649624608159],[-1.8011871889897919,43.390649709533996],[-1.8011964105673299,43.390649793604908],[-1.8012042051844381,43.390645349730434],[-1.8012135090712313,43.390645517502996],[-1.8012244915811892,43.390636631881087],[-1.8012307752190584,43.390627662781284],[-1.8012363921113219,43.390618693894851],[-1.8012389061963805,43.390609724896009],[-1.8012398299398109,43.390600758134113],[-1.801237735307605,43.39059170480288],[-1.8012332058141438,43.390582652959004],[-1.8012264152800375,43.39057812641375],[-1.8012157732350145,43.390568988877739],[-1.8012113289587648,43.390559936125456],[-1.8012176990016311,43.390550967932093],[-1.8012277575888329,43.390546609920442],[-1.8012363917734127,43.390542166741326],[-1.8012456935181704,43.390537807096862],[-1.8012550833053791,43.390533365534488],[-1.801264302432082,43.39053344777335],[-1.8012783009640645,43.390529088739697],[-1.8012875225236025,43.390529172803063],[-1.8012968263930069,43.390529340568634],[-1.8013083938967873,43.390529424010282],[-1.8013192883536107,43.390525066648834],[-1.8013308583610352,43.390525148313593],[-1.8013416702058098,43.390525232834989],[-1.8013532360233224,43.390525401795863],[-1.8013679877189455,43.390521042542218],[-1.8013765403986695,43.390516599398588],[-1.8013873493575494,43.390516767625947],[-1.8013981661920468,43.390516849492997],[-1.8014089792700241,43.390516934020944],[-1.8014181979613719,43.390517100883812],[-1.801443677205673,43.390517353542364],[-1.801477543073968,43.390522215187033],[-1.8014867646330823,43.39052229923432],[-1.8014938060412455,43.390517855549334],[-1.8015030251663582,43.390517937768934],[-1.8015155978964723,43.390509052578139],[-1.8015280849597566,43.390500253830339],[-1.8015367191339779,43.390495809727931],[-1.8015453506894774,43.390486924647263],[-1.801554654036233,43.390482482154255],[-1.8015640438282856,43.3904780387656],[-1.8015725947848253,43.390473682031015],[-1.8015812289520523,43.390469237925132],[-1.801589107308617,43.390460353951653],[-1.8016007561564833,43.390455995465189],[-1.8016154289496742,43.390456077203218],[-1.8016216271186885,43.390449875125995],[-1.8016287534499651,43.390442749923906],[-1.8016421647885292,43.39042933891205],[-1.8016393155589119,43.390415843933049],[-1.8016372184039358,43.390406790582333],[-1.8016342853539706,43.390397737475816],[-1.8016260705175153,43.390384160152585],[-1.8016192815243324,43.39037510625456],[-1.8016164287172411,43.390366053988515],[-1.8016158448800874,43.390357084930109],[-1.8016175205339031,43.39034811613999],[-1.8016192793279049,43.390339063580143],[-1.8016271588961232,43.390330179616534],[-1.8016341977850421,43.390325736796754],[-1.8016412416107055,43.390321294028269],[-1.8016482804975711,43.390316851207608],[-1.8016545673451367,43.390307964957657],[-1.8016694056706457,43.390299080080979],[-1.8016764445528852,43.390294637258528],[-1.801685748388193,43.390294804992045],[-1.8016927921710506,43.390290364020778],[-1.801699747073118,43.390285922117684],[-1.8017068702190875,43.390276951883706],[-1.8017171824184188,43.390263540801556],[-1.8017227938694351,43.390254654673633],[-1.8017298376803974,43.390250211899492],[-1.8017368765525688,43.390245769073118],[-1.801743833915179,43.390241327193074],[-1.8017508777230571,43.390236884417583],[-1.8017542287143991,43.390223472420949],[-1.8017528883840033,43.390214420699635],[-1.8017499553431238,43.390205366695447],[-1.8017455085079206,43.390196315737384],[-1.8017395603121442,43.390187263453406],[-1.8017326858413156,43.390182736058357],[-1.8017227944678207,43.390173599231773],[-1.8017160043390872,43.390168989879449],[-1.8017091310533018,43.390164465196705],[-1.8016998280747802,43.390164380314189],[-1.8016930392187327,43.390159769172953],[-1.8016859979023767,43.390164211070648],[-1.8016735925029534,43.390164045050739],[-1.8016589224417199,43.390168402498432],[-1.80166210686891,43.390159434211398],[-1.801669149403115,43.390154993228393],[-1.8016761928087091,43.390150633293317],[-1.8016848244177874,43.390146190953374],[-1.8016926188990994,43.390141748844549],[-1.8016996602478197,43.390137305145885],[-1.8017067866108085,43.390128421387288],[-1.8017130701239572,43.390119452258759],[-1.8017202807487884,43.39010604108951],[-1.8017227960097693,43.390097070290558],[-1.8017298372978665,43.390092629290685],[-1.8017390538549085,43.390092713265133],[-1.80174609394237,43.390088270450804],[-1.801752966807328,43.390092878867506],[-1.8017600105616409,43.390088437891613],[-1.8017716605957308,43.390084077598921],[-1.8017726672784915,43.390070583408125],[-1.801762189720721,43.390056920253485],[-1.8017553152272234,43.390052394660351],[-1.80174843991546,43.390047785317684],[-1.8017400583264165,43.390043173696903],[-1.8017308405069674,43.390043091510194],[-1.8017215375469404,43.390043006629675],[-1.8017123148253036,43.390042922589238],[-1.8017052722363875,43.390047367176187],[-1.8016982334384621,43.390051807300239],[-1.8016911945685461,43.390056251024845],[-1.8016841524627389,43.390060608273231],[-1.8016808840493601,43.390069578382196],[-1.8016736742218438,43.390083074198394],[-1.8016673046937208,43.390091959583287],[-1.801660262131308,43.390096402366822],[-1.8016533047795205,43.390100844242014],[-1.8016434146655882,43.390091707421661],[-1.8016443371054627,43.390082740641972],[-1.8016476055249471,43.390073770534123],[-1.8016501183085534,43.390064800611214],[-1.8016526360114014,43.390055831640232],[-1.8016528020308866,43.390046779495826],[-1.80165221572152,43.390037810411222],[-1.8016485245648262,43.390028758364132],[-1.8016424924578089,43.390019705195535],[-1.8016357035866151,43.39001509585151],[-1.8016289108931831,43.390006043715644],[-1.8016212824843203,43.390001431875518],[-1.8016121489629604,43.389996821369444],[-1.8016020891064315,43.389996738451629],[-1.8015952183350759,43.389992212887883],[-1.8015859972890789,43.389992044213841],[-1.801576691850705,43.389991960195999],[-1.8015688985972451,43.389996403210375],[-1.8015596770821107,43.389996320971122],[-1.801552637027559,43.390000761973518],[-1.8015416546817578,43.390009647629817],[-1.8015330222453154,43.390014007110288],[-1.8015251435067199,43.390022975717621],[-1.8015173469576955,43.390027334953309],[-1.8015103043921206,43.390031777727636],[-1.8015010878450348,43.390031693734841],[-1.8014932933643049,43.390036135830705],[-1.8014846592530029,43.390040579930933],[-1.8014746813134339,43.390040412319088],[-1.8014660472356721,43.390044854617358],[-1.8014553219041234,43.390044770114159],[-1.8014445080733024,43.390044602742712],[-1.801432939409074,43.39004452020319],[-1.8014260641585376,43.390039909040929],[-1.8014216248077188,43.390030857248128],[-1.8014210385325757,43.390021888162721],[-1.8014181042977682,43.390012835037723],[-1.8014129093159339,43.390003783428092],[-1.8014060340892215,43.38999917136443],[-1.8013991620625283,43.389994647576593],[-1.8013915311862203,43.389990036595727],[-1.801382396449944,43.389985426058573],[-1.8013731753046196,43.38998081461493],[-1.8013703245869708,43.389971847005093],[-1.8013727575487277,43.389962794311792],[-1.801386082929967,43.389953992660324],[-1.8013931217920185,43.389949549854805],[-1.8014023457329194,43.38994963393376],[-1.8014116487131293,43.389949717039578],[-1.8014208701852494,43.389949801091163],[-1.8014301718956283,43.389949885983043],[-1.8014393917710612,43.389950051055621],[-1.8014487789484099,43.389945611250305],[-1.801458000455497,43.389945693498369],[-1.801466551379254,43.389941334970032],[-1.8014773631562033,43.389941417676901],[-1.8014875043305996,43.389937060507393],[-1.801496727053203,43.389937143665527],[-1.8015068686764844,43.389932700957601],[-1.8015170099005673,43.389928341084683],[-1.8015262313697804,43.389928425127749],[-1.8015332702010431,43.38992398321367],[-1.8015737592649561,43.389906380833942],[-1.8016701474421279,43.389871427566788],[-1.8016926983922745,43.389862623511171],[-1.8017152451287997,43.389853907649638],[-1.8017385467427613,43.389845104247755],[-1.8017610963680784,43.389836303766437],[-1.8018146582913404,43.389823395394878],[-1.8018270626501323,43.389819035796798],[-1.8018449969902337,43.3898102355624],[-1.8018627697520457,43.389805876383683],[-1.8018813779661047,43.389801601592502],[-1.8018992297619771,43.389797241435339],[-1.8019178379709484,43.389792966638169],[-1.8019356909607447,43.389788608288676],[-1.801942733034678,43.389784250123768],[-1.8019413087785696,43.389775195723793],[-1.8019338468796464,43.389766142897336],[-1.8019309125442351,43.389757091584833],[-1.8019295734484018,43.38974803897738],[-1.8019226965432478,43.389743511567978],[-1.8019158262084376,43.389738901386878],[-1.8019028330589788,43.389734291884849],[-1.8018927769481936,43.389734209031943],[-1.8018851460482372,43.389729598983976],[-1.8018799510551504,43.389720545594109],[-1.8018801195253904,43.389711492574044],[-1.8018880782870517,43.389698081128053],[-1.8018944514439434,43.389689195768185],[-1.801903671608198,43.389689281567946],[-1.801911464815583,43.389684837629531],[-1.8019215221349596,43.389684921393879],[-1.8019323371385787,43.389685088732477],[-1.8019408847213738,43.389680645492376],[-1.8019517013558712,43.389680730006077],[-1.8019616756801937,43.389685340289994],[-1.8019716486260882,43.389685507806973],[-1.8019809515677141,43.389685590865987],[-1.801987995257855,43.389681149874995],[-1.8019972167265501,43.38968123207912],[-1.8020042554773053,43.38967679103537],[-1.8020112942979694,43.389672346390164],[-1.8020198451086382,43.389667989619824],[-1.8020324188204624,43.389659104380854],[-1.802040215718008,43.389654660472289],[-1.8020495172694233,43.389650300759492],[-1.8020565597160918,43.389645859751226],[-1.8020666170295048,43.389645943502707],[-1.8020765941051209,43.389646026412777],[-1.8020836316470825,43.389641583550578],[-1.8020929353843846,43.389641751249805],[-1.8021038337618724,43.389637309212738],[-1.8021109575550458,43.389628424500678],[-1.8021172458580312,43.38961945720007],[-1.8021190054096117,43.389610486578945],[-1.8021160723234229,43.389601433483172],[-1.8021091978538604,43.38959690791124],[-1.8021015694407698,43.389592297003261],[-1.8020931878509265,43.389587687208945],[-1.8020848037935078,43.38958307738816],[-1.8020733206872559,43.389578467516671],[-1.8020641005037927,43.389578383531294],[-1.8020548793311433,43.389573773942935],[-1.8020456616173106,43.389573689981944],[-1.8020332551020346,43.389573523989512],[-1.8020195101061334,43.389568912026618],[-1.8020150670137756,43.389559859316442],[-1.8020159881724098,43.38955089161901],[-1.8020230294463055,43.389546446998672],[-1.802031576967446,43.389542005551874],[-1.8020408848250105,43.3895420886575],[-1.802052447990256,43.389542257519636],[-1.8020640177956018,43.389542340008276],[-1.8020755834475921,43.389542507993681],[-1.802087152000913,43.389542591367309],[-1.8020994708304257,43.389542758236153],[-1.8021065145307618,43.389538315436937],[-1.8021135557257719,43.389533874411939],[-1.8021153164918322,43.389524904703876],[-1.8021100350357926,43.389515852219233],[-1.8020992187915115,43.389515686685378],[-1.8020900824749151,43.389511157227126],[-1.8020808638974997,43.389510992220686],[-1.8020715585488796,43.389510907343706],[-1.8020623420789441,43.389510823397096],[-1.8020522810668738,43.389510740506942],[-1.8020430621281773,43.389510656532892],[-1.8020337567619975,43.389510572553093],[-1.8020244552488065,43.389514931364737],[-1.80201514988203,43.389514847383424],[-1.8020059284739716,43.389514763380511],[-1.8019965405306493,43.389519122184808],[-1.8019873191220122,43.389519038180396],[-1.8019725652270924,43.389523398392441],[-1.8019579830760086,43.389518789356991],[-1.8019589047280657,43.389509734322843],[-1.8019659459657544,43.389505291506474],[-1.8019830440590525,43.389501017084719],[-1.8020000598760029,43.389496657157416],[-1.8020171579645625,43.389492382730502],[-1.8020280563026834,43.389487941600535],[-1.8020350950285444,43.389483500554448],[-1.802036019957036,43.389474529294503],[-1.8020291479942514,43.389470002843531],[-1.8020144783563026,43.389469835650523],[-1.8020005652959179,43.389474195670957],[-1.8019936888484185,43.389469583629435],[-1.801985474069691,43.389456005430148],[-1.8019871496413435,43.389447036632284],[-1.8019941933385031,43.389442593839881],[-1.8020012320969354,43.389438150995325],[-1.8020121288126647,43.389433791789521],[-1.8020261294715676,43.389429434486232],[-1.8020400424844114,43.389425076263016],[-1.8020532013078678,43.389425158291544],[-1.802067200330578,43.389420883806203],[-1.8020811146085041,43.389416523790359],[-1.8020951103209621,43.389412166426773],[-1.8021097803600765,43.389412249873068],[-1.8021198397070157,43.389412416481257],[-1.8021290586310639,43.389412500448948],[-1.802138361531421,43.389412583494696],[-1.8021459923939676,43.389417194426009],[-1.8021519430467794,43.389426246715722],[-1.8021563849158859,43.389435299407978],[-1.802163256866703,43.389439826751655],[-1.8021701321250239,43.389444436969661],[-1.8021769209746727,43.389449046282138],[-1.8021899967915613,43.389453656619125],[-1.8021992181909383,43.38945374060706],[-1.8022062594048232,43.38944929777557],[-1.8022133831605309,43.389440413056427],[-1.8022127984389236,43.389431359349302],[-1.8022114564060869,43.389422391354863],[-1.8022039947425053,43.389408812955914],[-1.8021980443709746,43.389395232378497],[-1.8021982942638139,43.389386180210316],[-1.8021999697842785,43.389377212309078],[-1.8022047492991193,43.389368243605745],[-1.8022118730807477,43.389359357085922],[-1.8022189118138046,43.389354914227582],[-1.8022259554835283,43.389350471420528],[-1.8022329941790738,43.389346030361793],[-1.8022400366123119,43.389341587540898],[-1.802249257598159,43.389341754360586],[-1.8022593123930881,43.389341838068709],[-1.8022687019392249,43.389337395518908],[-1.8022779233389425,43.389337478600041],[-1.8022872282650551,43.389337646295871],[-1.802296448377263,43.38933773206336],[-1.8023056672905513,43.389337816016635],[-1.8023127085186519,43.389333371377788],[-1.8023152248570113,43.38932440237663],[-1.8023028998985129,43.389324235466887],[-1.8022928438719283,43.389324151749683],[-1.8022836224919012,43.389324067769522],[-1.8022759965324782,43.389319458699582],[-1.8022691196488323,43.389314931310913],[-1.8022661865535046,43.389305878218437],[-1.8022609927016127,43.389296828458896],[-1.8022541174881925,43.389292216445853],[-1.8022450628598752,43.389283164064246],[-1.8022343379090167,43.389278553145765],[-1.8022291367285348,43.389269499706216],[-1.8022269591952789,43.389260450024771],[-1.8022279655631281,43.389251479615915],[-1.8022334969673426,43.38924251158349],[-1.8022405356851361,43.389238068723564],[-1.8022475781228875,43.389233625001715],[-1.8022567982546711,43.389233708971702],[-1.8022668538517816,43.389233876428094],[-1.80227767042569,43.389233960009804],[-1.8022884820619685,43.389234043538757],[-1.8022984573687992,43.389234212852728],[-1.8023078444442382,43.389229769373287],[-1.80231706334121,43.38922985332546],[-1.802327878265843,43.389230020625696],[-1.8023364282245289,43.389225577380437],[-1.8023472423106399,43.389225661829933],[-1.802355874576903,43.389221302285407],[-1.8023698704817825,43.389212417496935],[-1.8023800139400927,43.389208060271415],[-1.8023900749386248,43.389208141331672],[-1.802397866778902,43.389203699146186],[-1.8024056660245489,43.389199257037681],[-1.8024164747720739,43.389199424264845],[-1.8024265357161287,43.389199508022635],[-1.8024372609197048,43.389199591532744],[-1.8024526860836654,43.389199760280796],[-1.8024619926557717,43.389199843338616],[-1.8024703729869369,43.389204453092994],[-1.8024771632509939,43.389213505154665],[-1.8024840335706283,43.389218115302256],[-1.8024861295805183,43.389227168627365],[-1.802488308728978,43.389236138182092],[-1.8024873057421322,43.389245189667932],[-1.8024848758420497,43.38925415957825],[-1.8024838707818758,43.389263128202231],[-1.8024875595507071,43.389272180198603],[-1.8024944310766522,43.389276792159023],[-1.8025097700719781,43.389281400948143],[-1.802524437198423,43.389281568051231],[-1.8025352537994304,43.389281650708426],[-1.8025467368507364,43.389286262333982],[-1.8025575468488209,43.389286429560926],[-1.8025681952566612,43.389291041448438],[-1.8025790057228459,43.389291122236386],[-1.8025897356404255,43.389295733174578],[-1.8026004655951076,43.389300342311273],[-1.8026088471496562,43.389304953869114],[-1.8026157174896265,43.389309564008983],[-1.8026155507973729,43.389318532408481],[-1.8026091835609004,43.389327500711424],[-1.8026013884126377,43.389331860036457],[-1.8025943447720165,43.389336302867022],[-1.8025850394130323,43.38933621983265],[-1.8025758230034037,43.38933613412722],[-1.8025657657040766,43.38933605222158],[-1.8025565418348168,43.389335969137811],[-1.8025471539755591,43.389340327087972],[-1.802532402667125,43.389344685598736],[-1.8025261193564042,43.38935365477586],[-1.8025267033215544,43.389362623832611],[-1.8025396964410805,43.389367233263663],[-1.8025497569815612,43.389367401647405],[-1.8025605674258054,43.389367484237724],[-1.8025705431874997,43.389367568891743],[-1.8025806012947772,43.38936773544642],[-1.8025906597983754,43.389367819164228],[-1.8025998811859949,43.389367903119734],[-1.8026076730319791,43.389363460920102],[-1.8026201661197148,43.389359102164583],[-1.8026317321358258,43.389359187257341],[-1.8026417892441786,43.389354826403228],[-1.8026519327252408,43.389350468253497],[-1.8026619887573685,43.389350551939124],[-1.8026720474927118,43.389346108259261],[-1.8026821067958898,43.389346276618397],[-1.8026922494698239,43.389341833815607],[-1.8027014708538254,43.389341917762863],[-1.8027108562514225,43.389337558873812],[-1.8027240172731818,43.389333200797417],[-1.8027364241567307,43.389333282978093],[-1.8027449736694594,43.38932892433867],[-1.802753521143585,43.389324481036276],[-1.8027613179106359,43.389320038877663],[-1.8027691130461414,43.389315679541539],[-1.8027807644558234,43.3893112381203],[-1.802792495740738,43.389306878573365],[-1.8028018862533322,43.389297994138211],[-1.8028104361878348,43.389293550857261],[-1.8028190683782588,43.389289193978279],[-1.8028283739179358,43.389284751403324],[-1.8028376768009664,43.389284834391958],[-1.8028477363159459,43.389280475345693],[-1.8028571257928707,43.389276033647135],[-1.8028672668122465,43.389271673651564],[-1.8028773230155373,43.389267231727871],[-1.8028881379672483,43.389267398074949],[-1.802898279361111,43.389262956140826],[-1.8029083378484256,43.389263039830524],[-1.8029192320005383,43.389258680511148],[-1.8029284533903815,43.389258763539701],[-1.8029362476143895,43.389254324043776],[-1.8029432895906896,43.389249964014752],[-1.8029503307273047,43.389245521136381],[-1.802957371880624,43.389241077357305],[-1.8029683538635706,43.389232192460035],[-1.8029753912930484,43.389227749541277],[-1.8029824348581638,43.38922330848721],[-1.8029893920482805,43.389218864727617],[-1.80299726862636,43.389214506228399],[-1.8030058210038855,43.389210062958306],[-1.8030157955068218,43.389210147560263],[-1.8030251008124456,43.389210232359851],[-1.8030367505890321,43.389205871934536],[-1.8030483186507598,43.38920603984667],[-1.8030599663516658,43.389201596557122],[-1.8030715343772634,43.389201766267398],[-1.8030824322279275,43.389197406070714],[-1.8030940824113135,43.389192961903248],[-1.8031049789535329,43.389188605292425],[-1.8031213254087528,43.389184245395029],[-1.8031283665248869,43.389179802505403],[-1.8031346505324841,43.389170917943062],[-1.8031364123710201,43.389161948229784],[-1.803131970338806,43.389152897374174],[-1.8031250963086238,43.389148285425705],[-1.8031157934101352,43.389148204261204],[-1.8031090033221859,43.38914359319039],[-1.8031019597400693,43.389148036053037],[-1.80309265691256,43.389147951285658],[-1.8030825169961293,43.389156836905194],[-1.8030761461421416,43.389165805196633],[-1.8030691037894768,43.389170248070137],[-1.8030620606323897,43.389174606293743],[-1.8030550232153741,43.389179049218001],[-1.8030458018194984,43.389178967100065],[-1.8030357458144661,43.389178883448487],[-1.8030265244541237,43.389178799528459],[-1.8030172216221387,43.389178714754877],[-1.8030079994231114,43.389178547984471],[-1.8030002051432052,43.389182991086528],[-1.8029877133881043,43.389187348096904],[-1.8029783278574354,43.389196232599701],[-1.8029688579168794,43.389205202659959],[-1.8029586290946338,43.389214087337713],[-1.8029500766954474,43.389218531504476],[-1.8029408594815293,43.389218362079511],[-1.8029315566083393,43.389218279099381],[-1.802924682155127,43.389213751775529],[-1.8029233416868633,43.389204699164345],[-1.8029266098330041,43.389195730816311],[-1.8029360793470119,43.389186845396075],[-1.8029430365007841,43.389182403439797],[-1.8029500776117782,43.389177961461527],[-1.802957118739454,43.389173518582581],[-1.8029619821025811,43.389164548923972],[-1.8029644106587885,43.389155580790103],[-1.8029615622458799,43.38914661144171],[-1.8029548536186017,43.389133031969628],[-1.8029519204112456,43.389123979793609],[-1.8029490723973001,43.389114927608908],[-1.8029476442835883,43.389105874080329],[-1.8029463046171601,43.389096906118652],[-1.8029394318065171,43.389092295972645],[-1.802932557331304,43.389087770449805],[-1.8029234226094915,43.38908316003527],[-1.8029140348330188,43.389087517116259],[-1.8029048146858895,43.389087435000015],[-1.8028955116510006,43.389091877607619],[-1.8028862063638964,43.389091792797672],[-1.802876986647481,43.389091626042706],[-1.8028676800906178,43.389091543018843],[-1.8028584624295751,43.389091460024467],[-1.8028491571603735,43.38909137431127],[-1.8028415262838133,43.389086763426491],[-1.8028347394425384,43.389082239715677],[-1.8028271097849298,43.389077629743127],[-1.8028210776277271,43.38906857483375],[-1.8028181419389857,43.389059524429122],[-1.8028183098696708,43.389050554240995],[-1.8028247661460912,43.389037059464883],[-1.8028318068348865,43.389032701229951],[-1.8028388442507457,43.389028258319293],[-1.8028480668220859,43.389028342267096],[-1.802855107939521,43.389023899394196],[-1.8028644108004606,43.389023981479916],[-1.8028714494296532,43.389019539480408],[-1.8028769827553774,43.389010656077453],[-1.8028810065368495,43.389001686636838],[-1.8028827684072453,43.388992716927547],[-1.8028815084045005,43.388979137764679],[-1.8028810073133508,43.388965642183415],[-1.8028842729832684,43.388956673810327],[-1.8028867064618506,43.388947706629736],[-1.8028937450982125,43.388943263728422],[-1.8029007886712105,43.388938820878337],[-1.8029093381340691,43.388934461325292],[-1.8029172175628083,43.388930019120579],[-1.8029250105637018,43.388925576910999],[-1.802935070012583,43.388921217856009],[-1.802942865515319,43.388916773870505],[-1.8029499053429994,43.388912332779036],[-1.8029569476739142,43.38890788991246],[-1.8029640700214111,43.38889900513071],[-1.8029696840257867,43.388890036125765],[-1.8029737102541183,43.388881066707263],[-1.8029762252406996,43.388872097676597],[-1.802976391877096,43.388863129275244],[-1.8029765601789407,43.388854076250318],[-1.8029752156107504,43.388845106436428],[-1.8029730380153945,43.388836054966852],[-1.8029701023675679,43.388827001864883],[-1.8029664172553463,43.388817949921631],[-1.8029612209406718,43.388808896565543],[-1.8029499033163889,43.388795318368132],[-1.8029431134578446,43.388786181697107],[-1.8029402650641861,43.388777212347861],[-1.8029396777342082,43.388768160416902],[-1.8029421063119995,43.38875919048224],[-1.8029462140063854,43.388750221917341],[-1.8030074860950074,43.388656341826533],[-1.8030106677712316,43.388647373470526],[-1.8030139383593236,43.388638404244233],[-1.8030156976764831,43.388629437206902],[-1.8030158659887803,43.388620383281221],[-1.803014525122417,43.388611413506183],[-1.8030108375293672,43.38860236243849],[-1.8030048020825982,43.388593224663538],[-1.8029980128321399,43.388588700036422],[-1.8029919744887062,43.388579646871477],[-1.8029782298330563,43.388570508533704],[-1.802972278280792,43.388561374336504],[-1.8029678363504773,43.388552321673899],[-1.8029648990860914,43.388543351394624],[-1.8029643166915623,43.388534299515072],[-1.8029644833099572,43.388525332013494],[-1.8029654047940027,43.388516276967721],[-1.802971859313113,43.388502866804615],[-1.8029789003599741,43.388498423922861],[-1.8029859426402119,43.388493981053614],[-1.8029953291024163,43.388489623051953],[-1.8030022861710526,43.388485181090545],[-1.803008656997757,43.388476211000977],[-1.8030119213866391,43.388467242609998],[-1.8030098285941074,43.38845827396802],[-1.8029968345692782,43.388449138987596],[-1.802990047071638,43.38844452613553],[-1.8029831714303495,43.388440000603126],[-1.8029762986899998,43.388435390459676],[-1.8029726098960772,43.388426338477515],[-1.8029720234376736,43.38841736759457],[-1.8029752915318009,43.388408399243353],[-1.8029785620937404,43.388399430917865],[-1.8029840921088292,43.388390461032195],[-1.8029882022397516,43.388381492490687],[-1.8029899617614762,43.388367998061732],[-1.8029964138253656,43.388354586070307],[-1.8030034548176228,43.388350144987236],[-1.8030104958442901,43.38834570210318],[-1.8030221478882851,43.388341343503129],[-1.8030329618550074,43.388341426085425],[-1.8030407560056465,43.388336983879455],[-1.8030477978314849,43.388332625642462],[-1.8030555919799209,43.388328183435434],[-1.8030626330357054,43.388323738747587],[-1.8030711827776105,43.388319297245069],[-1.8030836704327797,43.388310496528582],[-1.8030900424454062,43.388301527347032],[-1.803098589748831,43.388297084016045],[-1.8031080615639938,43.388288198604087],[-1.8031166137664119,43.388283757123887],[-1.8031260843424561,43.388274871697455],[-1.8031393280064731,43.388265987043276],[-1.8031472081523205,43.388261628570199],[-1.8031557554637059,43.388257184334527],[-1.8031643052072146,43.388252741924568],[-1.8031728533019682,43.388248383237269],[-1.8031814869999554,43.388243940804259],[-1.8031907943901739,43.388239582859171],[-1.8032001800302262,43.388235138389973],[-1.8032094853620462,43.388230696681191],[-1.8032187876720207,43.388230863373217],[-1.8032288448932161,43.388226422328678],[-1.8032396613090138,43.388226504917029],[-1.8032402486625128,43.388235557748004],[-1.8032323695525048,43.388244444532681],[-1.8032259975845868,43.38825341282233],[-1.8032188749219327,43.388262382259207],[-1.8032125885722554,43.388271265902716],[-1.8032039548371355,43.388275710138522],[-1.8031999287200744,43.388284677766414],[-1.8032005164811042,43.388293646861172],[-1.8032073892229548,43.388298256991277],[-1.803222057332925,43.38829842491532],[-1.8032336268881566,43.388298508183141],[-1.8032445233121344,43.388294148855607],[-1.8032561753122116,43.388289791131591],[-1.8032669855850789,43.388289872752658],[-1.8032778856552432,43.388285516161396],[-1.8032887775845705,43.388281071241146],[-1.8032989245429358,43.388276713069317],[-1.803309734945582,43.388272269995149],[-1.8033198781800839,43.38826791268292],[-1.8033292650320398,43.388263469116239],[-1.8033401614076057,43.388259111579927],[-1.8033493801607281,43.388259195447162],[-1.8033586014181036,43.388259277539028],[-1.8033679073831945,43.38825944695845],[-1.8033771261364557,43.388259530823476],[-1.8033864288644226,43.388259613765634],[-1.8033956525553689,43.388259697680844],[-1.803404955283425,43.388259780621503],[-1.8034141765056397,43.388259864509365],[-1.8034242356327177,43.388260032801163],[-1.8034335385190394,43.388255589247727],[-1.8034428399944713,43.388255673072621],[-1.8034498834473547,43.388251230186775],[-1.8034576783604259,43.388246872601236],[-1.8034654737028091,43.388242430378618],[-1.803477209842469,43.388233543417243],[-1.803484333662883,43.388224575777144],[-1.8034913730109681,43.388220215685912],[-1.8034992549263567,43.388211246972929],[-1.8035070477923345,43.388206804721563],[-1.8035163512989949,43.388206973202728],[-1.8035241466497118,43.388202530075738],[-1.8035311888561167,43.388198087171787],[-1.8035411632302667,43.388198169925467],[-1.8035504683827555,43.388198254680518],[-1.8035575076699726,43.388193897285852],[-1.8035667264315958,43.388193980235222],[-1.8035760328533408,43.388194063200586],[-1.8035828195999404,43.38819858956834],[-1.8035936343296599,43.388198757647004],[-1.8036082175294039,43.388203366485556],[-1.8036236399786707,43.388203535046905],[-1.8036382276893315,43.388208228569844],[-1.8036528945633008,43.388208395525226],[-1.8036682345811579,43.388213005971053],[-1.8036829039075355,43.388213173848662],[-1.8036983263951325,43.388213340599464],[-1.8037190330583439,43.388218034196278],[-1.8037320246406441,43.388227170870337],[-1.8037287541991669,43.388236139219046],[-1.8037193673445233,43.388240584619432],[-1.8037107327613238,43.388249468035866],[-1.8037028545749303,43.388258436802417],[-1.8036948916072164,43.388267321841298],[-1.8036846641630175,43.388280732193181],[-1.8036695761020038,43.388298587570745],[-1.8036498818450537,43.38832088343031],[-1.8036294294732578,43.388343180359037],[-1.8036261614789117,43.38835214873022],[-1.8036251553348455,43.388361119155341],[-1.8036350430412096,43.38837025398086],[-1.8036419182939201,43.388374864111128],[-1.8036487087686051,43.388379390513848],[-1.8036580114803451,43.388379475234629],[-1.8036672327569332,43.388379557301803],[-1.8036765363084508,43.388379724870013],[-1.8036857575497072,43.388379808736218],[-1.8036950627304429,43.388379893479815],[-1.8037043655982949,43.388375450804645],[-1.803714508840375,43.388371092557087],[-1.8037300129927567,43.388366732764204],[-1.8037392342322243,43.388366816626061],[-1.8037461082581876,43.38837142673723],[-1.8037554110044334,43.388371509649573],[-1.8037622010573298,43.388376120682175],[-1.8037690767150953,43.388380647968873],[-1.8037751114882099,43.388389699254986],[-1.8037826533234724,43.388398836540297],[-1.8037886065942923,43.388407888773934],[-1.8037930486551199,43.388416940505955],[-1.8037983302538614,43.388425993816654],[-1.8038042810430917,43.388435046923917],[-1.8038135837992519,43.388435129831656],[-1.8038228038149484,43.388435213673986],[-1.8038299309178634,43.388426328887107],[-1.8038386446927466,43.388412917095657],[-1.80384795238325,43.388413000052211],[-1.8038571736301039,43.388413083904638],[-1.8038640464359146,43.388417693995919],[-1.8038724271636057,43.38842222081211],[-1.8038816458357732,43.388426830228553],[-1.803890698886228,43.388435968907352],[-1.8038998385245701,43.388440579296471],[-1.803909811600003,43.388445187597377],[-1.8039205427432266,43.388449796623199],[-1.803930515890122,43.388449881130981],[-1.8039381443385949,43.388454490117304],[-1.803948871747022,43.388459100902267],[-1.80395968323366,43.388459185171868],[-1.8039711699808356,43.388463794892708],[-1.8039827366717034,43.388463962695781],[-1.8039943025579541,43.388464045848274],[-1.8040089706945992,43.38846421457211],[-1.8040235552246038,43.388468823371497],[-1.8040327748164178,43.388468991833463],[-1.8040427516100244,43.38847360016166],[-1.8040503816633169,43.388478128117995],[-1.8040563325306802,43.388487179412053],[-1.8040632016391878,43.388491790353122],[-1.8040676461980811,43.388500843000941],[-1.8040698263970218,43.388509895378],[-1.8040742685070519,43.388518947099513],[-1.8040839898751886,43.388532527401324],[-1.8040914543268542,43.388546105709089],[-1.804091285387954,43.388555074088671],[-1.8040880174139473,43.388564044273892],[-1.8040824851107364,43.388573012388107],[-1.8040754441342424,43.388577455338627],[-1.8040668079833702,43.38858189781326],[-1.8040582623726178,43.388586256593143],[-1.8040512188886175,43.388590701316801],[-1.8040412457182324,43.388590616819236],[-1.8040319417385613,43.388590532116339],[-1.8040227216986715,43.388590448290621],[-1.8040140872062498,43.38859480613759],[-1.8040033596350606,43.388594722750781],[-1.8039954815446941,43.388599165945166],[-1.803987681650594,43.388603525315908],[-1.8039783787676846,43.388607968013787],[-1.8039705846489575,43.388612410283855],[-1.8039572550311664,43.388621210394277],[-1.8039486261339199,43.388630180329429],[-1.8039430065554243,43.388639064683765],[-1.8039305172898117,43.388647950117864],[-1.8039241503003343,43.388656919398414],[-1.8039109054281661,43.388665804130312],[-1.8039038636238887,43.388670162420482],[-1.8038967385412981,43.388679131873708],[-1.8038897000078442,43.388683574838211],[-1.8038826602743674,43.388688015988841],[-1.8038756192169314,43.388692461627386],[-1.8038669833739769,43.388701344141282],[-1.8038591030760347,43.388710230055644],[-1.8038520645362348,43.388714673017709],[-1.8038472013764064,43.388723640916325],[-1.8038416689875025,43.38873261081855],[-1.803836810726881,43.388741580568819],[-1.8038327862992065,43.38875046539593],[-1.8038295183292143,43.388759432872142],[-1.8038278413855053,43.388768486325077],[-1.8038260821302281,43.388777456076802],[-1.8038259144206377,43.388786422667579],[-1.803824153817851,43.38879991799778],[-1.8038216389591211,43.388808887048718],[-1.8038168597270292,43.388817855823817],[-1.8038097395515817,43.388826825322724],[-1.8038048755363705,43.388835710370259],[-1.8037978369779557,43.388840153328672],[-1.8037907934808601,43.388844596234996],[-1.8037838364270613,43.388849038244317],[-1.8037759582876345,43.388853481422821],[-1.8037681608139418,43.388857840803638],[-1.8037611222857115,43.38886228195922],[-1.8037540786481194,43.388871251354786],[-1.803747040117307,43.388875692509473],[-1.8037429349649132,43.388884662930572],[-1.8037381573795643,43.388893547078474],[-1.8037356400351936,43.388902516101354],[-1.8037347187117077,43.388911568453238],[-1.8037337989815658,43.388920539782511],[-1.8037336300230877,43.388929506359858],[-1.8037334655367021,43.388938559425846],[-1.8037332113326017,43.388947528713132],[-1.8037337163161318,43.38896102433165],[-1.8037343011421656,43.388974603625542],[-1.8037394988738555,43.388983654259917],[-1.8037487202068769,43.388983738122093],[-1.8037555934270668,43.388988267184587],[-1.8037626340801056,43.388983907090967],[-1.8037696751090346,43.388979465061098],[-1.8037744519278562,43.388970494462114],[-1.8037746159960188,43.388961525132295],[-1.803776379344932,43.3889524734848],[-1.8037796473691525,43.388943504210097],[-1.8037829153569693,43.388934536735796],[-1.8037923873249599,43.388921123876301],[-1.8038016934286902,43.388921291461109],[-1.803809486365175,43.388916849190458],[-1.8038187089226916,43.388916933059775],[-1.8038255817816329,43.388921543153629],[-1.8038324550538514,43.388926069510809],[-1.8038400810671524,43.388930679378326],[-1.8038493011580377,43.388930763219385],[-1.8038586089278168,43.388930846175988],[-1.8038678240811346,43.388930929963912],[-1.8038786401945441,43.38893109712982],[-1.8038856824256759,43.388926656005772],[-1.8038949012816836,43.388926739830232],[-1.8039042065467561,43.388926824557792],[-1.8039110794487916,43.388931432846064],[-1.8039178687883879,43.388935958320175],[-1.8039247428738046,43.388940569321335],[-1.80392692219031,43.388949540651936],[-1.8039259145207236,43.388958590301293],[-1.8039242392494248,43.388967559131835],[-1.803924823418485,43.388976528184415],[-1.8039277592157055,43.388985581263405],[-1.8039345481327098,43.388990191373082],[-1.8039414226729469,43.388994716836507],[-1.803948298018843,43.388999326948927],[-1.8039575143995292,43.388999411642892],[-1.803964389729485,43.389004022654639],[-1.8039737766503257,43.388999579036408],[-1.8039829980218987,43.388999661079218],[-1.8039900414526082,43.388995221762215],[-1.8039970783690169,43.388990862515477],[-1.8040041206340729,43.388986419583659],[-1.8040128356882392,43.388973007793616],[-1.8040184544838123,43.388964038787201],[-1.8040270854230858,43.388955155310541],[-1.8040365564041467,43.388946185172863],[-1.8040428427595114,43.388937298783752],[-1.8040498862494219,43.388932855861867],[-1.8040578504895324,43.388923970812606],[-1.8040648075323658,43.388919528786559],[-1.8040726819565545,43.388915085549307],[-1.8040812341792731,43.388910643997647],[-1.8040891107684642,43.388901758029498],[-1.8040976629881265,43.388897316476545],[-1.8041070506876842,43.388892957496402],[-1.8041155979671557,43.38888851589045],[-1.8041249881683132,43.388884155134079],[-1.8041350466331929,43.388879715824238],[-1.8041521444397359,43.388875439273306],[-1.8041613682264797,43.388875523127837],[-1.804170671051134,43.388875606007296],[-1.804177545596491,43.388880131456659],[-1.8041843332867509,43.388884741538774],[-1.8041912037014864,43.388889351585128],[-1.8041980819531662,43.388893877071993],[-1.8042017672185553,43.388902930778144],[-1.8042015995281782,43.388911899170445],[-1.8041997550287905,43.388925395429787],[-1.8041972414894905,43.388934362701789],[-1.8041955645950178,43.388943416160451],[-1.8041930510189086,43.388952385232813],[-1.8041905374420188,43.388961354305088],[-1.8041912093292658,43.388970322472815],[-1.8041979957783811,43.388974933441503],[-1.8042073010871831,43.388975016343998],[-1.804216522438074,43.388975099268173],[-1.8042222235810568,43.388961689260846],[-1.8042201274033092,43.388948110372546],[-1.8042218853716805,43.388939140601494],[-1.8042274164545584,43.388930172468321],[-1.8042345398552708,43.388921287618267],[-1.8042415833295558,43.388916844684388],[-1.8042509710221049,43.388912485692352],[-1.8042580120253533,43.388908042731615],[-1.8042650530098658,43.388903600670659],[-1.804274271881275,43.388903683564259],[-1.8042834932038629,43.388903767383148],[-1.8042927984666497,43.388903852079061],[-1.804303610838665,43.388904020966507],[-1.804314340840637,43.388908630843645],[-1.8043243153515778,43.388908712630119],[-1.8043351269194259,43.388908796865167],[-1.8043505483527094,43.388908963517167],[-1.8043683201421781,43.388909215972014],[-1.8043774566138346,43.388913741648594],[-1.804386760232576,43.388913910060239],[-1.8043959815747559,43.388913992969833],[-1.8044052844060467,43.3889140758303],[-1.8044144192176996,43.388918686127582],[-1.8044236405429932,43.388918769935231],[-1.8044329458085331,43.388918854619753],[-1.8044469437477397,43.388914495189915],[-1.8044578426674653,43.388910135773308],[-1.8044679011661213,43.388905693733193],[-1.8044756927831025,43.388901253204125],[-1.8044827346096923,43.388896893078254],[-1.8044897780456215,43.388892451029072],[-1.8044983253330793,43.3888880075937],[-1.8045053675501319,43.388883564630333],[-1.8045117353021962,43.388874679066248],[-1.8045250616232804,43.388865794216045],[-1.8045305976102046,43.38885682521888],[-1.804545516319048,43.388843497153154],[-1.8045518856889262,43.38883452876351],[-1.8045575002601688,43.388825644327099],[-1.8045630350218531,43.388816674415018],[-1.8045670597769021,43.388807704924609],[-1.804572000698202,43.38879421041473],[-1.804576864637119,43.388780800641257],[-1.8045816388525344,43.388771829980868],[-1.8045865043775882,43.388762862075652],[-1.8045912785547342,43.388753893215295],[-1.8045968980855971,43.388745007027801],[-1.8046016722243823,43.388736039967448],[-1.8046112303901629,43.388722627940467],[-1.8046182714336789,43.388713657564111],[-1.804626150300088,43.388709298975961],[-1.8046418208310564,43.388695972453512],[-1.8046543124909711,43.38868708606622],[-1.8046675571941582,43.38868272773955],[-1.8046816390682445,43.388673842664879],[-1.8046948801106308,43.388664958703949],[-1.8047089619943202,43.388656072725531],[-1.8047167569069833,43.388651713253523],[-1.8047237978108273,43.388647272063629],[-1.8047315919155666,43.388642827941133],[-1.8047386365559213,43.388638384988532],[-1.804745677063371,43.388634026633284],[-1.8047527179630656,43.388629585441585],[-1.8047597588971183,43.388625142448895],[-1.8047667158903526,43.388620698578414],[-1.8047800421183671,43.388611813697018],[-1.8047925312366639,43.38860292906876],[-1.8048051879119231,43.388589601636816],[-1.804815411423363,43.388580716736932],[-1.8048240451246484,43.388571746786283],[-1.804831844920546,43.388567389158254],[-1.8048389636633309,43.388558420480535],[-1.8048460918684268,43.388549535641843],[-1.8048532168144009,43.388540565227174],[-1.8048595860888648,43.388531597719279],[-1.8048651166822762,43.388522710588646],[-1.8048707328058073,43.388513743312373],[-1.8048755958670937,43.388500247974825],[-1.8048804572655373,43.388491361052758],[-1.8048836423430679,43.388482393579984],[-1.8048877485340322,43.388473423127905],[-1.8048909348438977,43.38846445566778],[-1.8048934499585125,43.388455401954232],[-1.8048967189539988,43.388446436258519],[-1.8048992287539734,43.388437464428989],[-1.8049009087854093,43.388428496533322],[-1.8049034234685029,43.388419527456016],[-1.8049051800495421,43.388410559459871],[-1.8049068601323335,43.388401588863339],[-1.8049086183397225,43.388392538043966],[-1.8049095378516808,43.388383568502825],[-1.804911385877932,43.388370072267421],[-1.8049130609855752,43.388361103419605],[-1.804916328791464,43.388352135009434],[-1.8049195990651752,43.388343166624942],[-1.80492286441798,43.388334197288479],[-1.8049268902857594,43.388325229597065],[-1.8049309137189133,43.388316260079151],[-1.804939795196731,43.388298321661438],[-1.8049478428426413,43.388280468174074],[-1.8049558921641633,43.388262529162148],[-1.8049599155533216,43.388253561443534],[-1.8049687142289927,43.388240150452482],[-1.8049742476408734,43.388231180505379],[-1.8049812885122747,43.388226737498016],[-1.8049883293649618,43.388222295390484],[-1.8049961217152484,43.388217936772655],[-1.8050031638002364,43.388213494677061],[-1.8050102034330899,43.388209051654961],[-1.8050202642219382,43.388209135182663],[-1.8050280594476338,43.388204692852113],[-1.805037279021678,43.388204860332394],[-1.8050473373234261,43.388204944732152],[-1.8050565560737302,43.388205028461705],[-1.8050658637362711,43.388205111318754],[-1.8050736577237729,43.388200668972139],[-1.8050814525163765,43.388196311274434],[-1.8050893305286779,43.388187340609811],[-1.8050919291294014,43.388173846811618],[-1.8050936067086025,43.388164876185776],[-1.8050953681910666,43.388155908237508],[-1.8050955345107149,43.388146939828268],[-1.8050933517370642,43.388137885642259],[-1.8050912602741653,43.38812883421123],[-1.8050914241254745,43.388119865776176],[-1.8050931856244974,43.388110896927593],[-1.8050972077839693,43.388101927390174],[-1.8051034942884088,43.388092958102547],[-1.8051091128047685,43.388083990838837],[-1.8051161532564737,43.388079630658794],[-1.8051231928301423,43.388075189429884],[-1.8051302361059838,43.388070748239201],[-1.8051372745139489,43.388066303395483],[-1.8051464944779096,43.388066387130429],[-1.8051566363330411,43.388062028739995],[-1.8051682873315176,43.388057587069632],[-1.8051813639730179,43.388057752519991],[-1.8051945232662123,43.388057921533779],[-1.8052076814039075,43.388053561338921],[-1.8052215992035177,43.388053645529993],[-1.80523467334029,43.38805381274895],[-1.8052478314161924,43.388053980843445],[-1.8052617467472598,43.388054065003836],[-1.8052748233531255,43.388054232244009],[-1.8052879839335008,43.388054398559177],[-1.8053010621664674,43.388054482973196],[-1.8053171537727286,43.388059176687079],[-1.8053264564761915,43.388059259471085],[-1.805333247850319,43.388063870424524],[-1.8053433086162118,43.388063953923513],[-1.8053509333875173,43.388068564578383],[-1.8053585610565577,43.388073090621972],[-1.8053661908031322,43.388077699526946],[-1.8053722245169688,43.388086752519236],[-1.8053798529611644,43.388091365011434],[-1.8053858040090296,43.388100415338542],[-1.8053910006288674,43.388109468589043],[-1.8053939353717718,43.388118521620925],[-1.8053952765804331,43.388127491372806],[-1.8053951074616017,43.388136541693036],[-1.8053941880257123,43.388145511239365],[-1.8053932661560921,43.388154478959372],[-1.8053930957316704,43.388163532867658],[-1.8053936850677035,43.388172501067757],[-1.8053965346402407,43.388181553209677],[-1.8054002237472679,43.388190606918592],[-1.8054046635477023,43.388199659465407],[-1.805412209738154,43.388208712048275],[-1.8054190851099479,43.388213322073149],[-1.8054273819614728,43.388222375293459],[-1.8054342573536402,43.388226984417216],[-1.8054449008558215,43.388236122480052],[-1.805454706524164,43.388245172551109],[-1.8054645993572456,43.388254310874181],[-1.805474408289331,43.388263446519062],[-1.805483543491643,43.388272499488529],[-1.8054918412029033,43.388281635553227],[-1.805500138109833,43.388290686967906],[-1.8055076838980475,43.388299824181182],[-1.8055152288816838,43.38830887674451],[-1.8055219330772123,43.388322455122115],[-1.8055278840975293,43.388331509042985],[-1.8055330820274103,43.388340560499529],[-1.8055382774353448,43.388354141124381],[-1.8055449026212773,43.388367719575669],[-1.8055523624088317,43.388381299540974],[-1.8055560503692674,43.388390350531296],[-1.805564348499386,43.388399403754818],[-1.8055680376616945,43.388408456558182],[-1.8055770050214777,43.388422034260316],[-1.8055868152157404,43.388435697302505],[-1.8055974604565346,43.388444749827599],[-1.8056026542754808,43.38845388587891],[-1.8056140551196647,43.38846293909134],[-1.8056200045406086,43.388472075830677],[-1.8056322420676316,43.38848121341708],[-1.8056381931725374,43.388490264631585],[-1.8056450702549378,43.388494790019564],[-1.8056556335702649,43.388508455519272],[-1.8056562192617174,43.388517422779046],[-1.8056537022514447,43.388526390047737],[-1.8056519440619883,43.38853544538086],[-1.8056502690753968,43.388544413340199],[-1.8056508535318807,43.388553380587069],[-1.8056537870991747,43.388562433599375],[-1.8056582319011187,43.388571486188098],[-1.8056658579939542,43.388576096835486],[-1.8056755822158328,43.388589676131659],[-1.8056792689368839,43.38859872890567],[-1.8056806138999641,43.388607698692759],[-1.8056804460374165,43.388616749926307],[-1.805678766061829,43.388625720535146],[-1.8056747440220478,43.388634686491827],[-1.8056676179680622,43.38864365604568],[-1.8056612504084106,43.388652541676791],[-1.8056542095357677,43.388656984725699],[-1.8056464155305851,43.388661427111344],[-1.805639372187019,43.388665870133522],[-1.805630152558064,43.388665701800676],[-1.8056207633385017,43.388670145531407],[-1.8056107901499032,43.388670061170586],[-1.8056037517404131,43.388674504242083],[-1.8055890822920364,43.388674336609562],[-1.8055743289044157,43.38867869459169],[-1.8055596594375238,43.388678527855625],[-1.8055449084979918,43.388682886759987],[-1.8055286479816985,43.388687161460489],[-1.80551858711211,43.388687077976606],[-1.8055115486940134,43.388691521042297],[-1.8055045065716508,43.388695964068901],[-1.8054967104741231,43.388700323582277],[-1.8054889165050914,43.388704763256214],[-1.8054818731451443,43.388709206268445],[-1.8054755039248047,43.388718174711848],[-1.805467622622817,43.388727060726893],[-1.8054651919842717,43.388736028893298],[-1.8054641894144563,43.388745082211877],[-1.8054739975748006,43.388758661501193],[-1.8054905947707098,43.388776849907991],[-1.8055126393189624,43.388795038487785],[-1.8055194295539756,43.388799649417813],[-1.8055223618782785,43.388808702420128],[-1.8055221956176004,43.388817670829667],[-1.8055196785565475,43.388826638994836],[-1.8055126388523774,43.388831083847897],[-1.8055071080023557,43.388840050245221],[-1.8054999822913973,43.388848936951703],[-1.8054959614089567,43.388857904714669],[-1.8054934443245703,43.388866873779364],[-1.8054925244621229,43.388875927961948],[-1.8054931076630369,43.388884895195964],[-1.8054989772730794,43.388898473859832],[-1.8055057679233888,43.388907527547516],[-1.8055126409113982,43.388912137541432],[-1.8055195130936408,43.388916662885521],[-1.8055271441561158,43.388921273593851],[-1.8055433174996893,43.388921440735764],[-1.8055555588261643,43.388926050975911],[-1.8055656156046356,43.388926219054873],[-1.8055755086336562,43.388930827274649],[-1.8055855670218837,43.38893091342895],[-1.8055956229590131,43.388930998656349],[-1.8056047616394864,43.388935605297284],[-1.8056148175774438,43.38893569052302],[-1.8056247106118115,43.388940298738575],[-1.8056340133979669,43.38894038419987],[-1.8056431507953479,43.388944993525662],[-1.8056569807537046,43.388949686980169],[-1.8056638566543022,43.388954212354427],[-1.8056706444496458,43.388958823249894],[-1.8056775190825247,43.388963350410933],[-1.8056843896565262,43.388967958568415],[-1.8056895888612265,43.388977011831187],[-1.8056917668489598,43.388986064153798],[-1.8056907609966431,43.388995034599603],[-1.8056836390322122,43.389003919555556],[-1.8056788600570501,43.389012888411258],[-1.8056857305659655,43.3890175001697],[-1.8056926077107127,43.389022025555178],[-1.8057035880605072,43.389013138576288],[-1.8057113804631897,43.389008779910895],[-1.8057184238064914,43.389004338685474],[-1.8057276451842525,43.389004420587604],[-1.8057399655497552,43.389004504239935],[-1.8057452458454097,43.389013641187184],[-1.8057419756193471,43.38902261139576],[-1.8057309953263621,43.389031495677585],[-1.8057239536071426,43.389035854080596],[-1.8057230325768028,43.38904490645173],[-1.8057266378064338,43.38905396107377],[-1.8057335125071881,43.389058485530803],[-1.8057428165815259,43.389058569195861],[-1.8057536265192577,43.389058737920749],[-1.8057675404239875,43.389054379252443],[-1.8057744188134559,43.389058904646006],[-1.8057837216005523,43.389058990995558],[-1.8057905094696918,43.389063599183338],[-1.8057973862356551,43.389068207398658],[-1.8058010709430494,43.389077176406474],[-1.8058001474192278,43.389086230553005],[-1.8057991416162487,43.389095199199254],[-1.8057989799051226,43.389104252297358],[-1.8058004001950003,43.389113222869],[-1.8058077799435142,43.389126799278934],[-1.8058130619212487,43.389135851599434],[-1.8058190118277406,43.389144905492429],[-1.8058281468196584,43.389154041271205],[-1.8058372003072181,43.389163177998924],[-1.8058440725419986,43.38916770332392],[-1.8058509480185676,43.389172315124242],[-1.8058577362794506,43.389176841372368],[-1.8058692179857256,43.389181784911464],[-1.8058853971129634,43.389179271466773],[-1.8059158243550595,43.389168458012414],[-1.805936780438373,43.389159655372225],[-1.8059569771811412,43.389155381196908],[-1.8059778480735786,43.389151105953488],[-1.8059995610143493,43.38914683049429],[-1.8060205183104028,43.389142556145266],[-1.8060413879244437,43.38913828267772],[-1.8060630959187314,43.389134007154802],[-1.8060731519617119,43.389134088739588],[-1.8060809484665485,43.389129646351321],[-1.8060887449349048,43.389125205763023],[-1.8060979671751158,43.38912537048445],[-1.8061050055667325,43.389120929183562],[-1.8061120464615086,43.389116486107511],[-1.8061214356803306,43.389112044137676],[-1.8061331728075822,43.389103158715798],[-1.8061402083691771,43.389098798422445],[-1.8061494297272329,43.389098882091254],[-1.8061594906316827,43.389098967320933],[-1.8061665315199795,43.389094524241436],[-1.8061757504086253,43.389094607882313],[-1.8061833766061823,43.389099218496],[-1.806192681940276,43.38909930123716],[-1.8062018193869278,43.389103911419198],[-1.8062164050317462,43.389108605491828],[-1.8062256251571118,43.389108689141608],[-1.8062349279886019,43.389108773654065],[-1.8062441493484687,43.389108857315264],[-1.8062534559186461,43.389108940064389],[-1.8062626711064997,43.389109023659614],[-1.8062728167625974,43.389104665210738],[-1.8062820331842808,43.389104748817303],[-1.8062898321391978,43.389100306440341],[-1.806296873018294,43.389095863352701],[-1.8063039134698684,43.389091504901188],[-1.8063086886565944,43.389082535979817],[-1.8063143046400263,43.389073567731366],[-1.8063190835270231,43.389064598848179],[-1.806321598030024,43.389055629738507],[-1.8063256237427441,43.389046661997078],[-1.8063304001923868,43.389037691287051],[-1.8063360145251359,43.389028806760805],[-1.8063430565916168,43.389024365483515],[-1.806350935764111,43.389015394745215],[-1.8063579774368459,43.389011036303017],[-1.8063657702020848,43.389006593856166],[-1.8063749927812764,43.389006677519511],[-1.8063836251251382,43.389002234830926],[-1.8063906659859965,43.388997791737211],[-1.806399885668746,43.388997960009313],[-1.8064091884838551,43.38899804450741],[-1.80641614787086,43.388993600561712],[-1.8064247789754913,43.388989157857068],[-1.8064355938418619,43.388989326568897],[-1.8064433903373087,43.388984882354812],[-1.806451937463047,43.388980440572411],[-1.8064589783164595,43.388975997474382],[-1.8064660174904774,43.38897163989985],[-1.8064762461919166,43.388962670264902],[-1.8064848780104765,43.388953786611395],[-1.8064926744977703,43.388949342393815],[-1.8064997161527983,43.388944983942615],[-1.8065090189081432,43.388940541038323],[-1.80651689682811,43.388936099469859],[-1.8065269560282604,43.38893174009587],[-1.8065347500055224,43.388927297650056],[-1.8065425464504874,43.38892285522946],[-1.8065541157103051,43.388923022799275],[-1.8065627492461178,43.388918581009953],[-1.8065735608058175,43.388918665933652],[-1.8065813568737688,43.388914305446157],[-1.8065960251688076,43.388914472038962],[-1.8066038216077127,43.388910029614102],[-1.8066192442356863,43.38891019867382],[-1.8066346644656224,43.388910364104674],[-1.8066501722059651,43.388906006654786],[-1.806660985033486,43.388906089782559],[-1.8066710459430826,43.388906173166355],[-1.8066780011714254,43.388901813802207],[-1.8066880620273922,43.388901899885269],[-1.8066989583377289,43.388897539327104],[-1.8067081734949579,43.388897622886077],[-1.8067152167890912,43.388893179797655],[-1.8067282919876553,43.388896952204043],[-1.8067371782053627,43.388892090733691],[-1.8067460619528424,43.388887229236872],[-1.8067544444302404,43.388882619132886],[-1.806762824437536,43.388878009002561],[-1.8067707056792135,43.38887364849046],[-1.8067760704288351,43.388862251821855],[-1.8067831133234398,43.388857891565181],[-1.8067900689287986,43.388853449357946],[-1.8068002946681874,43.388844564303852],[-1.8068081737147241,43.388835595333212],[-1.8068152145432412,43.388831151312388],[-1.8068239327203865,43.388822267633685],[-1.8068317241933709,43.388817825141359],[-1.8068387674692741,43.388813382045043],[-1.8068535216291197,43.38880910764837],[-1.8068651702182978,43.388804663979634],[-1.8068768208489192,43.388800304972001],[-1.806886124346091,43.388795947586033],[-1.8068947578752814,43.388791503970531],[-1.8069040630475568,43.388787061059126],[-1.8069111038458523,43.388782617932463],[-1.8069181429830574,43.388778259429046],[-1.8069253539264061,43.388764765089959],[-1.8069356630791258,43.388751437240629],[-1.806942703870972,43.388746994111941],[-1.8069496606864339,43.388742551907498],[-1.8069590473184294,43.388738109841455],[-1.8069660876814633,43.388733751347836],[-1.8069753077523594,43.388733834936545],[-1.806982351008116,43.388729391831063],[-1.8069916562881509,43.388729474506569],[-1.8070016282566497,43.388729558734191],[-1.8070094242170325,43.388725200917477],[-1.8070187307309222,43.388725283603655],[-1.8070257690095943,43.388720842244439],[-1.8070349890787325,43.388720925828302],[-1.8070435386288584,43.388716482225803],[-1.8070521729267026,43.388712124147816],[-1.8070599681076225,43.388707679877612],[-1.8070670100844999,43.388703238554442],[-1.8070741305781164,43.388694353496184],[-1.8070811738044941,43.388689911284722],[-1.8070913142818761,43.388681026215238],[-1.8070961794669498,43.388672056398178],[-1.8071039733697853,43.388667613912475],[-1.8071118494543139,43.388658729530668],[-1.8071188914393952,43.388654287303893],[-1.8071259334410965,43.388649844176413],[-1.807133813648649,43.388640875195073],[-1.8071439566963603,43.388636516641107],[-1.807172036577801,43.388618829644969],[-1.8072008688688537,43.388605586039823],[-1.8072305426596702,43.388587899447657],[-1.8072594595817497,43.388570213057001],[-1.8072898006137295,43.388556968058126],[-1.8072968421666458,43.388552609556385],[-1.807303882909254,43.388548166404696],[-1.8073116792499642,43.388543723930134],[-1.8073242493302313,43.388530313375526],[-1.8073384179087215,43.388516985223674],[-1.8073526678010565,43.388499132324917],[-1.8073597923570042,43.388490162649838],[-1.8073660769124693,43.388481277858702],[-1.8073716927012886,43.388472308654656],[-1.8073749626213047,43.388463340195969],[-1.8073797364005935,43.388454369413104],[-1.8073830087872136,43.388445400979897],[-1.8073871140304063,43.388431989475407],[-1.8073920604506444,43.388418495799733],[-1.8073960847629884,43.388409526203915],[-1.8073993534414396,43.38840055773148],[-1.8074048852781024,43.388391587650077],[-1.8074089082816958,43.388382621641881],[-1.8074160311913692,43.38837373478605],[-1.8074208938168139,43.388364765828378],[-1.8074295279339148,43.388355879425028],[-1.8074365661397962,43.388351438039386],[-1.8074443649143039,43.388346995580982],[-1.8074514031533824,43.388342552393915],[-1.8074584422009674,43.388338193855873],[-1.8074676634478579,43.388338277417041],[-1.8074747065865593,43.388333836080484],[-1.8074840081044175,43.388333918676601],[-1.8074925612706616,43.388329475077839],[-1.8075033735208377,43.388329645462129],[-1.8075265085813548,43.388329893927867],[-1.8076361463688151,43.388326541334834],[-1.8076462047169723,43.388326624605988],[-1.8076554234938971,43.388326708126264],[-1.8076654818068481,43.388326793196235],[-1.8076732768585599,43.388322350683339],[-1.8076824952633204,43.388322516137244],[-1.8076926386260619,43.388318073796988],[-1.807751814724091,43.388291670507549],[-1.807763382635484,43.388291837940791],[-1.80777025738791,43.388296363176956],[-1.8077793098113881,43.388305499741314],[-1.8077822424688184,43.38831455178984],[-1.8077828321231326,43.388323521782041],[-1.8077819080979289,43.388332491299899],[-1.8077778023944802,43.388341459160458],[-1.8077737806469645,43.388350426995764],[-1.8077667374924684,43.388354870151431],[-1.80776045258407,43.388363839602221],[-1.8077509826978395,43.388372723619639],[-1.8077423449038506,43.388381610909398],[-1.8077320343848433,43.388395020758097],[-1.8077264186561672,43.388403989980667],[-1.8077223980958836,43.38841295962731],[-1.8077190444330737,43.388426454617097],[-1.8077196316276094,43.388435423683333],[-1.8077265047338118,43.388440033545926],[-1.8077380730977766,43.388440116345457],[-1.8077474583920372,43.388435674200345],[-1.8077552554963741,43.388431316344374],[-1.8077616243876287,43.388422345968742],[-1.8077695866062242,43.388408935044971],[-1.8077767110551088,43.388399967143435],[-1.8077822461152586,43.388391081718346],[-1.8077900399325448,43.38838663918466],[-1.8077978362175151,43.388382196676176],[-1.8078057140073878,43.388377753216041],[-1.8078142642637081,43.388373394203889],[-1.8078244064088935,43.388368950938847],[-1.8078322034991596,43.388364593077405],[-1.8078415060345345,43.388360151862557],[-1.8078515656586238,43.388360233328086],[-1.8078608690373283,43.38835587496061],[-1.8078702530753035,43.388351432792248],[-1.8078788057921682,43.38834707380088],[-1.8078873552288686,43.388342630133685],[-1.8079006008145149,43.388338274142292],[-1.8079083933820781,43.388333831587452],[-1.8079154340551444,43.388329388397139],[-1.8079233149503753,43.388320502207975],[-1.8079318643624736,43.388316059437578],[-1.8079397402982966,43.388307174096006],[-1.8079477042809928,43.388298205931143],[-1.807955585132129,43.388289321540107],[-1.8079611168768619,43.388280351430552],[-1.8079659793970146,43.38827138334878],[-1.8079700023805427,43.388262413718572],[-1.8079732709663345,43.388253445228386],[-1.807978883588961,43.388240033207737],[-1.8079844992650032,43.388231063971908],[-1.807989277820633,43.388222095914202],[-1.8079963217715198,43.388217736493559],[-1.8080041155333517,43.388213294844952],[-1.8080111574198168,43.388208851661282],[-1.808018951197077,43.388204409111395],[-1.8080283360105145,43.388200051578984],[-1.8080383966407949,43.388195607445063],[-1.8080679036845544,43.388186973684341],[-1.8081586775849532,43.388160904943994],[-1.808165718219773,43.38815646173768],[-1.8081750258494054,43.388156546142099],[-1.8081818969147325,43.388161071315224],[-1.8081911164788105,43.388161239441501],[-1.8081979912137993,43.388165766452744],[-1.8082048643268582,43.38817037628683],[-1.8082077180048362,43.388179429302447],[-1.8082121585956885,43.388188399809302],[-1.8082181936282657,43.388197533704826],[-1.8082218794550811,43.388206587289005],[-1.8082310161158766,43.388211112660336],[-1.8082403221311811,43.388211279882782],[-1.8082495433613048,43.388211363380698],[-1.8082597675458962,43.388202478178485],[-1.8082730092049641,43.388193593808005],[-1.8082823144070985,43.388193676377526],[-1.8082916206048274,43.388189234263585],[-1.8082986583233067,43.388184876560153],[-1.8083057001500238,43.388180435158546],[-1.8083074599612947,43.388171465341884],[-1.8083122384823593,43.388162496369752],[-1.8083178541021867,43.388153527116756],[-1.8083270740541113,43.388153612395932],[-1.8083341159456878,43.388149167391475],[-1.8083471888497025,43.388149336042524],[-1.8083549875151657,43.388144894421018],[-1.8083673900505799,43.388145060585984],[-1.8083759418924568,43.38814061690708],[-1.8083875088968533,43.388140703228366],[-1.8083953035021072,43.388136342601065],[-1.808406201177903,43.388131899053363],[-1.8084170159015076,43.38813206757608],[-1.8084262321825622,43.388132151008143],[-1.8084331081665217,43.38813667801832],[-1.8084367965260657,43.388145729821211],[-1.8084327736543961,43.388154697668433],[-1.8084264024214152,43.388163668057629],[-1.8084186062097845,43.388168110609989],[-1.808412239135293,43.388176994599824],[-1.8084067049975454,43.388185964706516],[-1.8084057835355909,43.388194934256447],[-1.8084063692073302,43.388203986143928],[-1.80842187789681,43.388199627562216],[-1.8084310991257391,43.388199711045459],[-1.8084379722605672,43.388204320865761],[-1.8084448445502459,43.388208847836694],[-1.8084517201206778,43.388213459482415],[-1.8084595114334869,43.388209015075908],[-1.8084703278289056,43.388209098969995],[-1.8084795474368514,43.388209265272586],[-1.8084887661633378,43.38820935052599],[-1.8084932953396926,43.38821840208383],[-1.8084915330854561,43.388227371877853],[-1.8084882608740525,43.388236340345181],[-1.8084849960856975,43.38824530798933],[-1.8084809719268757,43.388254278525984],[-1.8084746032119023,43.38826324624263],[-1.8084667224039921,43.388272132470902],[-1.8084619438965981,43.3882811014495],[-1.8084502085353245,43.388289985329877],[-1.808438476838562,43.388298871048086],[-1.8084328616460155,43.388307755670205],[-1.8084258185437765,43.388312198867155],[-1.8084164298088887,43.388321168426579],[-1.8084077131519223,43.388330053144152],[-1.8084021802687777,43.388339021462578],[-1.8083942179696106,43.388347906836536],[-1.8083879306849364,43.388356876297195],[-1.8083830719050933,43.388365845336274],[-1.8083775382041454,43.388374729003907],[-1.8083727621440944,43.388383698004077],[-1.8083685690545719,43.388397193269952],[-1.8083691588135944,43.38840616235975],[-1.8083760319489959,43.38841077308409],[-1.8083853371493899,43.388410857446111],[-1.8083953115390767,43.388410941577348],[-1.8084039432472636,43.388406582469415],[-1.8084124951237253,43.388402138788351],[-1.8084202888973628,43.388397696211207],[-1.8084288407713938,43.3883932525289],[-1.8084358797562095,43.38838889392995],[-1.8084436735088065,43.388384452251415],[-1.8084507978739026,43.388375483406385],[-1.8084578417750665,43.388371125757743],[-1.8084648799619398,43.388366681607238],[-1.8084712511583094,43.388357713917145],[-1.80848457617264,43.388344385836845],[-1.8084916192744456,43.388339942636293],[-1.808498657402329,43.388335501184358],[-1.8085064561340376,43.388331056852032],[-1.8085165965650707,43.38832669814861],[-1.8085259830205997,43.388322255951529],[-1.80857325818527,43.388309263593371],[-1.8085865875008762,43.388300378299149],[-1.8085988252380278,43.388304988176621],[-1.8086080472946178,43.388305156295246],[-1.808614919643692,43.388309681455645],[-1.8086209526327608,43.388318734269269],[-1.8086277442895204,43.388323345030074],[-1.8086362101702285,43.38832795432441],[-1.8086440063341342,43.388323514458136],[-1.8086539783120721,43.388323594939905],[-1.8086641223995152,43.388319238062337],[-1.8086711630166761,43.388314794824822],[-1.8086803817950439,43.388314878262442],[-1.8086874223928935,43.388310435924147],[-1.8086944666929348,43.388305993623966],[-1.8086984883375821,43.388297023954074],[-1.8087017580527749,43.38828805545478],[-1.808701168210159,43.388279088166428],[-1.8086991587286068,43.388265508459803],[-1.8087040205173397,43.388252096685044],[-1.8087110611237591,43.388247653444886],[-1.8087180992250842,43.388243211979052],[-1.8087273204615526,43.388243295438485],[-1.8087366264840326,43.388243462620615],[-1.8087458452517835,43.388243546052813],[-1.8087527188035668,43.388248073018389],[-1.8087595931677201,43.388252684633017],[-1.808766465522416,43.388257209784442],[-1.8087732535333108,43.388261817797357],[-1.8087801304046571,43.388266427636026],[-1.8087894330801879,43.388266513739715],[-1.8087986518515982,43.3882665971677],[-1.8088079583009564,43.388266679707456],[-1.8088203630542541,43.388262321153327],[-1.8088335234192656,43.388257962365039],[-1.8088405652514994,43.388253519129684],[-1.8088506198530843,43.388253604056693],[-1.8088576629179818,43.388249160833091],[-1.8088676356254045,43.388249329546582],[-1.8088785333057373,43.388244885053496],[-1.8088885903748348,43.38824497000288],[-1.8088994039217285,43.38824513666686],[-1.8089094647294,43.388245219852486],[-1.808920190986135,43.388245304565999],[-1.8089310044979805,43.388245473027503],[-1.8089410628370097,43.388245556184636],[-1.8089486916120321,43.38825016664147],[-1.8089587524206976,43.388250249822747],[-1.8089663774944529,43.388254860239854],[-1.8089824686007108,43.388259470592686],[-1.8089916086077686,43.388264080579148],[-1.808999988082628,43.388268689847116],[-1.8090099651767388,43.388273300446784],[-1.8090168387870917,43.388277825596226],[-1.8090227874712588,43.388286962151717],[-1.809026476315043,43.388295931100366],[-1.8090270645486826,43.388304983011331],[-1.8090253912825693,43.38831395193948],[-1.8090213671806483,43.388322923396174],[-1.8090188506736264,43.38833189074515],[-1.8090194388711041,43.388340944456601],[-1.8090263137241243,43.388345469618358],[-1.8090331844522687,43.388350079377751],[-1.8090399753325359,43.388354605465011],[-1.8090492764358366,43.388354772570452],[-1.8090570725913147,43.38835033177547],[-1.8090701509378786,43.388350413958676],[-1.8090771898902018,43.388346054419365],[-1.8090880062944985,43.388346139155608],[-1.8090957975437181,43.388341696505989],[-1.809106612343206,43.388341863163447],[-1.8091181782070138,43.388341946697686],[-1.8091297477388453,43.388342032069822],[-1.8091405600697394,43.388342198698382],[-1.8091521271505087,43.388342283142293],[-1.8091683053166234,43.388342448920973],[-1.8091813797705303,43.388347143986728],[-1.8091913541523963,43.38834722804841],[-1.8091998200623967,43.388351838201807],[-1.8092065260352661,43.388360890789308],[-1.8092134021390804,43.38836541595284],[-1.8092170893587869,43.388374469519391],[-1.8092192678534664,43.388383521781641],[-1.8092190181831493,43.388392490229762],[-1.809216588075266,43.388401460283596],[-1.8092060259696618,43.388428366988435],[-1.8091955459197746,43.388450829992564],[-1.8091864974619078,43.388477738051066],[-1.8091840649119895,43.388486706277767],[-1.8091815508551421,43.388495675456468],[-1.8091785350606877,43.388510343674689],[-1.8091756859379446,43.38851813879657],[-1.8091786150927072,43.388527191673198],[-1.8091815508428517,43.388536159977399],[-1.8091828922317663,43.388545212526971],[-1.8091958868983209,43.388549823019503],[-1.8092027601311058,43.388554432794692],[-1.8092087957006673,43.38856348560391],[-1.8092155849608607,43.388568096304759],[-1.8092255596691622,43.388572705960193],[-1.8092339408433311,43.388577231487957],[-1.809240814064476,43.388581842161159],[-1.8092491960354438,43.388586453237565],[-1.8092592556663167,43.388586536380167],[-1.8092661264392718,43.388591146125947],[-1.8092761033302454,43.38859123020638],[-1.809286161727589,43.388591313333826],[-1.809293790572065,43.388595923768165],[-1.8093038465014271,43.388596006868319],[-1.8093138233933235,43.388596090945484],[-1.8093238793227786,43.388596174043919],[-1.8093346941333572,43.388596342480845],[-1.8093424891006173,43.388591899853353],[-1.8093548114426794,43.388592067777573],[-1.8093641166739283,43.388592152060298],[-1.8093710732977941,43.38858770970613],[-1.809378951002051,43.388583266136735],[-1.8093890099436436,43.388578906507611],[-1.8093960480352413,43.388574465000161],[-1.809403091098702,43.388570021743192],[-1.8094101329267172,43.388565578472907],[-1.8094172530646468,43.388556693264341],[-1.8094243822282479,43.388547725309131],[-1.8094291556787598,43.388538756237899],[-1.8094324253356839,43.388529785916447],[-1.8094333490861394,43.388520818183267],[-1.8094343543248768,43.388511850398046],[-1.8094345216810841,43.38850279645154],[-1.8094346910486552,43.388493828967874],[-1.8094333484239882,43.388484774607385],[-1.8094320075407746,43.38847127931259],[-1.8094299104823883,43.388462227902373],[-1.8094269763553594,43.388453174980278],[-1.8094225334662548,43.388444122557118],[-1.8094119725535094,43.388430543871216],[-1.8094052678119927,43.388421489507778],[-1.8094023311864125,43.38841243835985],[-1.8094001551322747,43.388403386126477],[-1.8094003208363461,43.388394416803706],[-1.8094020816925818,43.388385448782081],[-1.8094061044733247,43.388376479099115],[-1.8094093728547349,43.388367510565693],[-1.8094164121897178,43.388363067268884],[-1.8094235364101143,43.388354098361496],[-1.8094313346382858,43.388349739502239],[-1.8094383751687786,43.388345298017391],[-1.8094461688616239,43.388340855369314],[-1.8094547218887116,43.388336411622099],[-1.8094633534943891,43.388332053333393],[-1.8094703100809675,43.388327610972567],[-1.8094789433407632,43.388323168058889],[-1.8094883314991299,43.388314283047002],[-1.8094953695878029,43.388309839732308],[-1.8095031682095906,43.38830539713161],[-1.8095124705418832,43.388305564212168],[-1.8095195098269605,43.388301122709294],[-1.8095287335435326,43.38830120612991],[-1.8095387906593481,43.388301289221708],[-1.8095487662692771,43.388301373264973],[-1.8095580673667588,43.388301540328996],[-1.8095680442111939,43.388301624383409],[-1.8095773493986886,43.38830170864825],[-1.8095843874618813,43.388297266228228],[-1.8095936894929749,43.388292906805042],[-1.8096007324563435,43.388288466235863],[-1.8096077767059471,43.388284022978368],[-1.809615737267072,43.388270611907885],[-1.809626047387995,43.388257200083437],[-1.8096330879289078,43.388252756785718],[-1.8096423067185055,43.388252839245453],[-1.8096493497089123,43.388248396872669],[-1.8096586507635126,43.38824856572888],[-1.8096655293578523,43.388253090891276],[-1.8096747493291574,43.388253176061987],[-1.809681620097036,43.388257785782983],[-1.8096892480829128,43.388262313342068],[-1.8096961237905449,43.388266923113605],[-1.8097045033203101,43.388271532330542],[-1.8097137245641723,43.388271615710515],[-1.8097237816404699,43.388271700586493],[-1.8097306585862136,43.388276310368816],[-1.8097398748932629,43.388276393695264],[-1.8097476697900077,43.388271951039059],[-1.8097577306049148,43.388272034150113],[-1.8097646038148718,43.388276645692372],[-1.809773822590883,43.388276729041785],[-1.8097806983066436,43.388281338808305],[-1.8097875682730538,43.388285863873548],[-1.8097943575473516,43.388290474540383],[-1.8097972917395864,43.388299526553588],[-1.8097985511950536,43.388313022797917],[-1.8097976275022272,43.388321990535026],[-1.8097974602187705,43.388331043582724],[-1.8098043350943724,43.388335570498903],[-1.8098189208443822,43.388340264113701],[-1.8098281408646204,43.388340347471676],[-1.8098396255432887,43.388344958382781],[-1.8098511926623404,43.388345040955514],[-1.8098604937678575,43.388345207994995],[-1.8098674527962899,43.388340765635384],[-1.8098760860296195,43.388336322691401],[-1.8098831289954642,43.388331881204444],[-1.8098855589671077,43.388322912935642],[-1.809884969020042,43.388313942050431],[-1.8098843855785474,43.388304891094052],[-1.8098814513906867,43.388295838182657],[-1.8098778455467985,43.388286785484254],[-1.8098725654996695,43.388277733369684],[-1.8098782653505114,43.388264322163117],[-1.8098874841250114,43.388264405503357],[-1.8098943598481652,43.388269015263155],[-1.8099027385453927,43.388273541616762],[-1.8099087750411798,43.388282677239339],[-1.8099108737508223,43.388291647619056],[-1.8099122930466203,43.388300699170522],[-1.8099158144329854,43.388314194642703],[-1.8099187486620494,43.388323245752737],[-1.8099256255933405,43.38832785732405],[-1.8099324992791246,43.388332382419279],[-1.809946242962805,43.388337078059436],[-1.809955548192153,43.388337160493059],[-1.8099625886835817,43.388332718975455],[-1.809971809937531,43.388332802334723],[-1.8099788479936942,43.388328358989874],[-1.8099866473963551,43.38832400100533],[-1.8099936854152043,43.388319559460044],[-1.8100032423166434,43.38830614786697],[-1.810008773763113,43.388297177654877],[-1.8100127988823054,43.38828820977551],[-1.8100198393991125,43.388283766453718],[-1.8100268770247956,43.388279407742445],[-1.8100346743702109,43.388274965092108],[-1.8100440631783263,43.388270522794663],[-1.8100510197161248,43.388266080397884],[-1.8100603232969055,43.388266246546408],[-1.81006736498929,43.388261805935208],[-1.8100773393953102,43.38826188811894],[-1.8100859725670928,43.38825744695923],[-1.8100937670506396,43.388253087115217],[-1.8101030694428883,43.388248643913677],[-1.8101117026109328,43.388244202751977],[-1.8101187439287314,43.388239844073397],[-1.8101265400632487,43.388235399603296],[-1.8101328258110112,43.388226431831377],[-1.8101360965459685,43.388217463301288],[-1.8101454837175859,43.388213103818558],[-1.8101547049539766,43.388213187162847],[-1.8101545344422187,43.38822215553666],[-1.8101450640133232,43.388235567142019],[-1.8101425488745257,43.388244536331172],[-1.8101400362037721,43.388253505545926],[-1.8101391133756011,43.388262557935995],[-1.810142049220778,43.388271528017953],[-1.8101471617527163,43.388285105771573],[-1.8101522767204552,43.388298685351131],[-1.8101582287930758,43.388312264636411],[-1.8101640944599378,43.388325843022308],[-1.8101677843060082,43.388334895685304],[-1.8101737360596837,43.388343947571947],[-1.8101806084964112,43.388348474440136],[-1.8101874793139203,43.388353084131211],[-1.8101943529871103,43.388357611011443],[-1.8102090211503763,43.388357778039548],[-1.8102158956743242,43.388362387767472],[-1.8102304786296102,43.388362555707147],[-1.8102451504798813,43.388362723669388],[-1.8102597329717527,43.388367333453495],[-1.8102751555007357,43.388367501118331],[-1.8102898273700481,43.388367668174645],[-1.8103044943018551,43.388367835177696],[-1.8103191628538706,43.388367919355559],[-1.8103338310203041,43.388368086367706],[-1.8103416283552562,43.388363643696394],[-1.8103524381918144,43.388363811985229],[-1.8103624125802644,43.388363895944806],[-1.8103702099126275,43.388359453271505],[-1.8103802690888633,43.388359620951746],[-1.8103873071012846,43.388355178481739],[-1.8103958600455781,43.388350735563627],[-1.81040289930785,43.388346292205192],[-1.8104106961966611,43.388341935065974],[-1.8104184873682974,43.388337491424849],[-1.810428044197347,43.388324078894968],[-1.8104328224024941,43.388315110731192],[-1.8104369298380112,43.388301615398234],[-1.8104471574259988,43.388292730035523],[-1.8104564601461159,43.38829281420314],[-1.8104656821916785,43.388292983072219],[-1.810469368816024,43.388301950150641],[-1.8104645070076562,43.388315445741235],[-1.8104573845639051,43.388324331892072],[-1.8104510112103736,43.388333298770377],[-1.8104439731874793,43.388337742144685],[-1.8104369302259331,43.388342185467167],[-1.8104352559317549,43.38835115440547],[-1.8104442231264102,43.388364732626044],[-1.8104549534946517,43.388369342831943],[-1.8104616592371492,43.388378479984631],[-1.8104638395728281,43.388387447601559],[-1.8104682825786409,43.388396501786609],[-1.8104751558924908,43.388401111486367],[-1.8104820283936327,43.38840563653622],[-1.8104888177346694,43.388410247162504],[-1.8104981229417028,43.388410331352617],[-1.8105073442090887,43.388410414668812],[-1.8105166469473957,43.388410498831746],[-1.8105258690286772,43.388410666795941],[-1.8105329058198383,43.388406223403862],[-1.8105406994422824,43.388401780680383],[-1.81054631722753,43.388392811340402],[-1.8105495866768402,43.388383842785274],[-1.8105458992220707,43.388374791059924],[-1.8105422949694303,43.388361295645559],[-1.810546316346803,43.388352325907626],[-1.8105526872548485,43.388343357197705],[-1.8105604833365265,43.388338914498362],[-1.8105668526213157,43.388330028610895],[-1.8105731370627705,43.388321061701689],[-1.8105811863298871,43.388307649685608],[-1.8105875539820087,43.388294238186269],[-1.8105945969271247,43.388289794854281],[-1.8106038996648539,43.388289878109667],[-1.810612451314779,43.388285436962661],[-1.810621671293978,43.388285522057096],[-1.8106370089907511,43.388290216185275],[-1.8106422916574976,43.388299266491067],[-1.8106436307909684,43.388308319000679],[-1.810645813584876,43.388317288440675],[-1.8106493334981633,43.388330867615707],[-1.8106522678199448,43.388339919608441],[-1.8106551996561697,43.388348972475647],[-1.8106611514842827,43.388358024337776],[-1.8106680251939185,43.388362551189921],[-1.8106748972673721,43.388367161765252],[-1.8106817722310751,43.388371687729176],[-1.8106886443242212,43.388376297403433],[-1.8106978655870465,43.388376380704223],[-1.8107047388811528,43.388380992190847],[-1.8107139576759306,43.388381075464686],[-1.8107247753441433,43.388381159158762],[-1.810734078113871,43.388381241503446],[-1.810741032960322,43.388376883688153],[-1.8107496661188494,43.388372441577793],[-1.8107589697348039,43.388367997435203],[-1.810766850171152,43.388359113746063],[-1.8107738906246169,43.388354671277604],[-1.8107802614996329,43.388345702554588],[-1.8107927505320094,43.388336901008927],[-1.810799121402348,43.388327932284781],[-1.8108108539996273,43.388319046333265],[-1.8108164717374118,43.388310076979351],[-1.8108274511656075,43.388301192197865],[-1.8108329849245275,43.38829222377062],[-1.8108425367179688,43.388278811153519],[-1.810853599279497,43.388265484480442],[-1.8108576243077659,43.388256514769317],[-1.8108601393067676,43.388247547363733],[-1.8108603076659644,43.38823849432535],[-1.8108589668469584,43.388229526441634],[-1.8108536842063714,43.38822047344469],[-1.8108468133522588,43.388215863793135],[-1.8108361657205552,43.388211252683455],[-1.8108292948688085,43.388206643030834],[-1.8108356616315704,43.388197757101899],[-1.8108426205905648,43.388193313781542],[-1.8108475662268,43.388179819946643],[-1.8108446327148913,43.388170851707685],[-1.8108425379590689,43.388161798545731],[-1.8108403567605078,43.388152746285648],[-1.8108382603865332,43.388143775946908],[-1.8108544372224813,43.388143944174359],[-1.8108613096885005,43.38814847100214],[-1.8108680990480954,43.38815308070582],[-1.8108749752369793,43.388157606671051],[-1.8108771539720667,43.388166658904851],[-1.8108800031291326,43.388175710906836],[-1.8108868793038404,43.388180237771572],[-1.8108937513562868,43.388184849234122],[-1.8109006238298404,43.388189376059557],[-1.8109074996227683,43.388193985759258],[-1.8109167183898411,43.388194069016429],[-1.8109259396257689,43.388194152298482],[-1.8109421992158095,43.388194319573188],[-1.8109492404693524,43.388189960842659],[-1.810956280872275,43.388185519262713],[-1.8109632373699966,43.388181075008987],[-1.810968099441987,43.388172106794102],[-1.8109705317160383,43.388163138525755],[-1.8109699419946157,43.388154084807873],[-1.8109608899578977,43.388145031339526],[-1.8109564468606745,43.388135978973096],[-1.8109650828322121,43.388127095922684],[-1.8109813424221688,43.388127262291356],[-1.8109982736498957,43.388127429338347],[-1.8110153748363915,43.388123070755299],[-1.811032306063167,43.388123237797224],[-1.811048566442806,43.388118879471136],[-1.8110655812232603,43.388119130217063],[-1.8110733759871367,43.388114688369249],[-1.8110903096807258,43.388114855428221],[-1.8110981871647578,43.388110413538342],[-1.8111144471518532,43.388106138038935],[-1.8111299580990121,43.388101779112972],[-1.8111454641063813,43.388097420133512],[-1.8111609676427562,43.388093061126277],[-1.8111764761321634,43.388088701267968],[-1.8111835161048324,43.388084343410029],[-1.81119826647487,43.388079985571892],[-1.8112060649449657,43.388075542853095],[-1.8112131065856518,43.388071099469187],[-1.8112271050245876,43.388066742814544],[-1.8112341454635241,43.388062297615967],[-1.8112411833622324,43.388057855992301],[-1.8112482245787374,43.388053497242836],[-1.811261387199149,43.38804913819807],[-1.8112738728175486,43.388040251922668],[-1.8112864472914867,43.388031367470042],[-1.8112934901556192,43.388026924093865],[-1.8112997769448869,43.388017956268037],[-1.8113068991946593,43.388009071862925],[-1.8113117612371612,43.388000101831892],[-1.811315030551699,43.387991133252712],[-1.8113167046701468,43.387982166099846],[-1.8113161210703064,43.387973112447042],[-1.811311762309944,43.387959616416104],[-1.8113097484974638,43.38794603941016],[-1.8113129338877512,43.387937069058125],[-1.8113162007648995,43.38792809865258],[-1.8113232435795852,43.387923657074843],[-1.8113333837456658,43.387919298118177],[-1.8113404253236738,43.387914856526493],[-1.8113504860847791,43.387914939496703],[-1.8113574424876362,43.387910497018588],[-1.811367501594267,43.387910664611169],[-1.8113835927994575,43.387915274627424],[-1.8113880384140237,43.38792432700383],[-1.8113863576636908,43.387933381431253],[-1.8113792354345368,43.387942265841687],[-1.8113728659250865,43.387951234613048],[-1.8113680878698739,43.387960203718897],[-1.8113663260821682,43.387969171762144],[-1.8113677533791332,43.387978140539303],[-1.8113745427414494,43.387982751113526],[-1.8113813329404764,43.387991804449868],[-1.8113906368871044,43.387991886753305],[-1.8113974237839021,43.387996497300541],[-1.8114136857926828,43.387996664533283],[-1.8114493111918295,43.387988030464093],[-1.8114840965875989,43.387983841212119],[-1.8114911378135199,43.387979480646841],[-1.8114989337808161,43.387975037881922],[-1.8115059704159209,43.387970596228698],[-1.8115130145091529,43.387966151951268],[-1.8115178727970953,43.387957182772794],[-1.8115203049810511,43.387948214491367],[-1.8115189641051956,43.387939244813367],[-1.8115168663255057,43.387925666037859],[-1.8115186292888632,43.387916699805288],[-1.8115226492929395,43.387907728216966],[-1.8115259210224435,43.387898760557107],[-1.8115398371586751,43.387898928602631],[-1.8115457866256945,43.387907979494486],[-1.8115534130562256,43.387912591554468],[-1.8115602880534134,43.387917116565845],[-1.8115671589292897,43.387921726175023],[-1.8115763800907916,43.387921811204663],[-1.8115840090645536,43.387926419687268],[-1.8115978396159949,43.38793103139102],[-1.8116070595797769,43.387931114604868],[-1.8116171203444515,43.387931197551666],[-1.8116271769517385,43.387931366896289],[-1.8116410902266595,43.387927005703986],[-1.8116503978322116,43.387927089825155],[-1.8116572703343758,43.387931616605648],[-1.8116617122878651,43.387940668933396],[-1.8116685016687279,43.387945279490424],[-1.8116753750248895,43.387949889118829],[-1.8116822487658817,43.387954415910684],[-1.8116915526725688,43.387954499990073],[-1.8117021966583391,43.387959109181558],[-1.8117130113671893,43.387959277392319],[-1.8117238227918404,43.387959360926864],[-1.8117353898443143,43.387959443308134],[-1.8117462045357948,43.387959612415997],[-1.8117577691019933,43.387959695669608],[-1.8117685825592316,43.387959864762514],[-1.8117793952361751,43.387959947404397],[-1.8117902115987705,43.38796003098399],[-1.8117980026045462,43.387955588147058],[-1.8118088173132445,43.387955756348731],[-1.8118157737231408,43.38795131204192],[-1.8118258344566691,43.387951396770923],[-1.8118328711007399,43.387946953296741],[-1.8118420931001336,43.387947122054278],[-1.8118491358969311,43.387942679543464],[-1.8118561762415077,43.387938236106308],[-1.8118716821570293,43.387933877027159],[-1.8118661510527525,43.387942845533018],[-1.8118621261942269,43.387951815282115],[-1.8118596125548854,43.387960784525376],[-1.8118586891369306,43.387969754083805],[-1.8118592790247503,43.387978805998429],[-1.8118613743453484,43.387987774507053],[-1.8118650619394681,43.387996827993128],[-1.811872607458491,43.388005962984195],[-1.8118808217675997,43.388019542274868],[-1.8118822441688254,43.388028512795621],[-1.8118866874147384,43.38803756422751],[-1.8118934768236064,43.388042174771435],[-1.811901104950695,43.388046702184759],[-1.8119104097582681,43.388046867294989],[-1.811919632209396,43.388046950509498],[-1.8119266725259737,43.388042508868679],[-1.8119383214235201,43.388038149325972],[-1.8119492187949251,43.388033707237767],[-1.8119593614046687,43.388029348250981],[-1.8119664017163317,43.388024906607647],[-1.811976545557793,43.388020547632109],[-1.8119858477798902,43.388016104275181],[-1.8119944811341562,43.388007220218988],[-1.812007808657093,43.387998334506058],[-1.8120180322634829,43.387989448960617],[-1.8120259141028763,43.387980481457816],[-1.8120344640071411,43.387976122125593],[-1.8120439360996667,43.387967153133744],[-1.8120524859831906,43.387962794700407],[-1.812061955619751,43.387953824781071],[-1.8120712586414192,43.387949466066452],[-1.8120807315403198,43.387940581720912],[-1.8120900361938534,43.387936139281109],[-1.8120994256714318,43.387931778761022],[-1.8121095668790248,43.38792281221243],[-1.8121197069901154,43.38791845318535],[-1.812129850802964,43.387914094195807],[-1.812139906120916,43.387909651445938],[-1.8121501321618636,43.387900765913798],[-1.8121610278934441,43.387896405727936],[-1.8121719276746311,43.387891964543812],[-1.8121828246023464,43.387887606169187],[-1.8121937207123733,43.387883163143975],[-1.8122046189065295,43.387878802979515],[-1.8122155980556058,43.387869918060808],[-1.8122272493685465,43.38786555851356],[-1.8122381442018789,43.38786111727169],[-1.8122497120537051,43.387861284250242],[-1.8122613620930539,43.38785692648716],[-1.8122730138184469,43.387852482298477],[-1.8122846675576725,43.38784812457142],[-1.8122963163928067,43.387843764991366],[-1.8123079639391564,43.387839408098067],[-1.8123195359260624,43.387839489571014],[-1.8123366357063837,43.387835130775265],[-1.8123544869892962,43.387830855418798],[-1.8123630384665499,43.387826413238052],[-1.8123722571473242,43.387826498177709],[-1.812389356519954,43.387822223110447],[-1.8123985752353324,43.387822306247472],[-1.8124079662908026,43.38781786287813],[-1.8124195316137255,43.387818032514531],[-1.812428836241746,43.387813589146305],[-1.8124396509282434,43.387813757288036],[-1.8124482839022475,43.387809314146367],[-1.812459098091278,43.387804954886022],[-1.8124723408270631,43.387800595633038],[-1.8124793798407133,43.38779615394435],[-1.8124941313207565,43.387791794149244],[-1.8125011740350021,43.387787352497654],[-1.8125159267457895,43.387782992712516],[-1.8125237213798473,43.38777854986359],[-1.8125376332881207,43.387774190348587],[-1.81255087721097,43.38776983289965],[-1.8125647908896401,43.387769998993981],[-1.812578708929933,43.387765641338511],[-1.8125927035358904,43.387761282675548],[-1.8126067030774426,43.387756924062117],[-1.8126205352482563,43.38775709110417],[-1.8126345310837397,43.387752732448803],[-1.8126485318548295,43.387748373843003],[-1.812662444294725,43.38774853991255],[-1.8126771969497828,43.387744181906847],[-1.8126864156542355,43.387744265020537],[-1.8126934558803207,43.387739823331202],[-1.8126982337056827,43.387730855067403],[-1.8127015028012696,43.387721886445632],[-1.8127032631853333,43.387712916565725],[-1.8127087941453948,43.387703948017325],[-1.8127158356346831,43.387699504538809],[-1.8127250580005247,43.387699589488278],[-1.8127343614891787,43.387699756318568],[-1.8127451728887958,43.387699838855788],[-1.812755231395353,43.387695481626082],[-1.8127660452103567,43.387695566887707],[-1.8127738386159256,43.387691122207997],[-1.8127901826987214,43.387686764502611],[-1.8128056905720953,43.387682488156898],[-1.8128125668377191,43.387687014907279],[-1.8128217855339324,43.387687098009962],[-1.8128286601495247,43.387691709383262],[-1.812835531480337,43.38769623608102],[-1.8128447510302155,43.387696402030883],[-1.8128540586042934,43.38769648605367],[-1.8128663774619653,43.387696570722845],[-1.812874928501405,43.387692211339242],[-1.8128880881560239,43.387692295730446],[-1.8128981467040712,43.387687935787298],[-1.8129051881427587,43.387683494097431],[-1.8129129802848376,43.387679050295539],[-1.8129200229733935,43.38767460771728],[-1.812927064026866,43.387670248862214],[-1.8129303330853968,43.387661280233374],[-1.8129336855492559,43.387647785074982],[-1.8129361989816202,43.387638817606131],[-1.8129454189053071,43.387638900711572],[-1.8129547215684829,43.387638982874329],[-1.8129605927036436,43.387652562976591],[-1.8129682192295011,43.387657174043014],[-1.8129774404080423,43.387657256258478],[-1.8129867467421603,43.38765734025759],[-1.8130014147520779,43.387657506925621],[-1.8130152435812057,43.38765759104502],[-1.8130245470296131,43.387657759652129],[-1.813031420875415,43.387662284563369],[-1.8130406432366133,43.387662369487323],[-1.8130466756282411,43.387671420262016],[-1.8130534663206819,43.387676030750725],[-1.8130563997202449,43.387685083574006],[-1.813059835232784,43.387707631950221],[-1.8130640300759329,43.387730179203608],[-1.8130674643766622,43.38775272666642],[-1.8130699798213283,43.387779717250389],[-1.8130719102986586,43.3878022662117],[-1.8130732522538828,43.387811318723358],[-1.8130761868968681,43.38782037155886],[-1.8130828921604647,43.387829423913061],[-1.8130897610570813,43.387833950570204],[-1.8130966369792321,43.387838560140011],[-1.8131035095810912,43.387843086834792],[-1.8131103842709253,43.387847696390956],[-1.813119520833733,43.387852306012284],[-1.8131295790864139,43.38785239060077],[-1.8131403102260222,43.387852474968909],[-1.8131479368607755,43.387857082422613],[-1.8131572395228195,43.387857166369777],[-1.813167131682248,43.387861776626167],[-1.8131755978333139,43.387866386488312],[-1.8131823848363897,43.387870997831392],[-1.8131908526236094,43.387875523968745],[-1.8131984816812197,43.387880134145547],[-1.8132077004079101,43.38788021721745],[-1.813217003073669,43.387880301159804],[-1.8132262267029042,43.38788038608196],[-1.8132354462648779,43.387880552900931],[-1.8132440792092135,43.387876108798366],[-1.8132532991347123,43.387876193679915],[-1.8132643639834676,43.387862782154585],[-1.8132738354796178,43.387853896794788],[-1.8132808769108664,43.387849455081842],[-1.8132879171418137,43.387845011555115],[-1.8132957088431694,43.387840653264128],[-1.8133026700354982,43.38783621071709],[-1.813311972694839,43.387836294651628],[-1.8133190128868826,43.387831852923419],[-1.8133253833683365,43.38782288225228],[-1.8133355252494658,43.387813997541222],[-1.8133481823389732,43.387800670964253],[-1.8133552237937618,43.38779622744601],[-1.8133621825078785,43.387791784869606],[-1.8133777722212752,43.387787426455461],[-1.8133855667942456,43.387782983547048],[-1.8133963777767383,43.38778315155983],[-1.8134071935460452,43.387778707585049],[-1.8134164970147582,43.387778876160503],[-1.813425042271936,43.387774432034718],[-1.8134351054503388,43.387774516647418],[-1.8134428987831264,43.387770073722209],[-1.8134529554075194,43.387770241105507],[-1.8134607512072611,43.387765798204683],[-1.813467793814038,43.387761358293162],[-1.8134747500823751,43.387756913883599],[-1.8134818744196357,43.387748031164662],[-1.8134937763248928,43.387734617496953],[-1.8135017421324087,43.387721206207893],[-1.8135088631922671,43.387712237911735],[-1.8135167431615662,43.387703353126142],[-1.8135245414168693,43.387698910246399],[-1.8135315816126729,43.387694466704133],[-1.8135401313356956,43.387690109057907],[-1.8135495198028446,43.387685666468116],[-1.8135595758348464,43.387681306440605],[-1.8135697186541795,43.387676864472446],[-1.813576589658275,43.387681473962523],[-1.8135834647477884,43.387686000654391],[-1.813589416952365,43.387695052369409],[-1.813598720409116,43.387695220929913],[-1.8136055090942507,43.387699746723975],[-1.813617078156569,43.387699913576697],[-1.8136294834605053,43.387699997259645],[-1.8136387045949205,43.387700082122613],[-1.8136431431256828,43.387709134338571],[-1.8136468359078892,43.387718187821726],[-1.8136589893022119,43.387727325479361],[-1.8136658628227131,43.387731933189293],[-1.813672735473373,43.387736458950009],[-1.8136796064744876,43.387741069334247],[-1.8136895820061754,43.387741153015249],[-1.8136996427111525,43.387741237578986],[-1.8137096980975749,43.387741404926835],[-1.8137167407187667,43.387736963199238],[-1.8137259606597751,43.387737046241909],[-1.8137345095569612,43.387732603931568],[-1.8137415522104581,43.387728160401885],[-1.8137508548195462,43.387728246101041],[-1.8137600768471627,43.387728412002787],[-1.8137693794914647,43.387728495899928],[-1.8137777629312588,43.387733106660448],[-1.8137846343736903,43.387737631501494],[-1.8137914238959261,43.387742241934248],[-1.813798299008484,43.387746768613404],[-1.8138057568920467,43.38776034712361],[-1.8138055914604523,43.387769399297532],[-1.8138023225242872,43.387778367952698],[-1.8137983004300386,43.387787337799267],[-1.813791259424107,43.387791696708454],[-1.8137842192706188,43.387796138466193],[-1.8137771778466065,43.387800582011224],[-1.8137701339878842,43.387805023729683],[-1.8137661131214702,43.387813993587805],[-1.8137697997912383,43.387823045202552],[-1.8137774280336216,43.387827572492185],[-1.8137867340153979,43.387827739262711],[-1.8137975472610857,43.387823297025697],[-1.8138116259386285,43.387814497231815],[-1.8138194217360171,43.387810053406113],[-1.8138287268617812,43.387810137324166],[-1.8138387869791202,43.387805694474366],[-1.8138543775169289,43.3878014188439],[-1.8138620057981678,43.387805944327447],[-1.8138687940819322,43.387810555643156],[-1.8138709744694357,43.38781960873856],[-1.8138669474799338,43.387828576735821],[-1.8138599089427685,43.387832935674837],[-1.8138521155965537,43.38783738042919],[-1.8138443173818402,43.387841821530735],[-1.8138372759918777,43.387846263278902],[-1.8138302370345771,43.387850706852731],[-1.8138177485534777,43.38785950783695],[-1.8138128844738381,43.387868475252802],[-1.8138134720955019,43.387877531636512],[-1.8138203485118718,43.387882055626498],[-1.8138317464079428,43.387891190831226],[-1.8138480052988644,43.387886832091013],[-1.8138596595363139,43.387887001603616],[-1.813871308269577,43.387882641861893],[-1.8138828753151166,43.387882724025793],[-1.81389452769646,43.387878367020868],[-1.8139060922373536,43.387878450957317],[-1.8139153975872795,43.38787409211654],[-1.813924702723142,43.387874176026905],[-1.8139317453796204,43.387869732485626],[-1.8139387830623666,43.387865290693213],[-1.8139459073981927,43.387856405244115],[-1.81395227963393,43.387842908061401],[-1.8139547929428406,43.387833939668532],[-1.8139595705734954,43.387824972250336],[-1.8139666132216847,43.387820528706804],[-1.8139752469062511,43.387816170098084],[-1.8139845514230932,43.387811726601925],[-1.8139937701067672,43.387811811410863],[-1.814000811100829,43.387807452489092],[-1.8140101162267679,43.38780753639238],[-1.814017153931708,43.387803092794449],[-1.8140241965381017,43.387798651047746],[-1.8140311527357238,43.387794208404443],[-1.8140367699518534,43.387785238885414],[-1.8140400388539941,43.387776270223185],[-1.814047247705092,43.387762859149305],[-1.814054285367019,43.38775841734946],[-1.8140613280006024,43.387753973799846],[-1.8140683664792323,43.387749616648634],[-1.8140775901264501,43.387749699701402],[-1.8140868100705185,43.387749782715034],[-1.8140946860579461,43.387745340602507],[-1.8141039072358001,43.387745423627557],[-1.8141109506480062,43.38774106652486],[-1.8141164839085215,43.387732096131138],[-1.8141189984051884,43.387723128647188],[-1.8141168994714099,43.387714075500632],[-1.8141100284571401,43.387709464242043],[-1.8141031533251255,43.387704937581368],[-1.8140809415672439,43.38769571906758],[-1.814074068088996,43.387691107781251],[-1.8140712172415061,43.387682055840052],[-1.8140767488522538,43.387673170072077],[-1.8140853001840931,43.387668727760641],[-1.8140923403361504,43.387664284183323],[-1.8140992138128096,43.387668895468543],[-1.8141085189178643,43.387668979363582],[-1.8141184907359638,43.387669062968627],[-1.8141277958411053,43.387669146862123],[-1.8141377725968615,43.387669230516671],[-1.8141470760872649,43.387669397232003],[-1.8141548717891536,43.387664956083547],[-1.8141680304206655,43.387660596662087],[-1.8141750692963288,43.387656154867258],[-1.8141790950293717,43.387647185044912],[-1.8141800995695236,43.387638216308048],[-1.814174820201367,43.387629162596639],[-1.814168952463928,43.387615584392435],[-1.8141706261860362,43.387606615391675],[-1.8141770001866699,43.387597646509896],[-1.8141840402886937,43.387593204727203],[-1.8141910779560146,43.387588761117954],[-1.8142003820068551,43.387584402240215],[-1.8142090184902879,43.387579960802448],[-1.8142160573886537,43.387575517204397],[-1.8142230135466484,43.387571074548823],[-1.8142293822178954,43.38756218844896],[-1.8142341597860872,43.387553221018173],[-1.8142366779782266,43.387544252669237],[-1.8142453940585086,43.387535284658625],[-1.8142546993667774,43.387530923988585],[-1.8142639204775279,43.387531008800849],[-1.8142707915189151,43.387535618249721],[-1.8142776641759732,43.387540144874777],[-1.8142798458676259,43.387549197075934],[-1.8142842869350833,43.387558250194083],[-1.8142964416647203,43.387567385997222],[-1.8143033155616497,43.387571912633568],[-1.8143101026368744,43.38757652301031],[-1.8143194077635645,43.387576605087524],[-1.8143286288638931,43.387576690794909],[-1.8143379315043386,43.387576773745266],[-1.8143471526574118,43.387576856750407],[-1.8143549467184312,43.387572498411345],[-1.8143619892735374,43.38756805664309],[-1.8143697837125108,43.387563615466775],[-1.8143768263356959,43.387559170096523],[-1.8143838639325516,43.387554729175932],[-1.8143878892127212,43.38754584398238],[-1.8143935063528909,43.387536874444557],[-1.814397528307329,43.387527906375965],[-1.8144000415542973,43.387518937071654],[-1.8144002106166581,43.387509884033555],[-1.8143987853499244,43.387500915314057],[-1.81439593449732,43.387491861579669],[-1.8143906538395453,43.387482809665485],[-1.8143837778923402,43.38747819837203],[-1.8143769891726464,43.387473672623614],[-1.8143701193643658,43.387469063193826],[-1.8143579634084288,43.387459927385649],[-1.8143526840285105,43.387450873682035],[-1.8143458940797887,43.38744634791901],[-1.8143398569750542,43.387437213422828],[-1.8143361699146532,43.387428241960599],[-1.8143293796956415,43.387419106858481],[-1.8143226767575855,43.387410054600714],[-1.8143142106155798,43.387405443022388],[-1.8143082583297043,43.3873963913437],[-1.8143013832351056,43.387391863794669],[-1.8142937566039523,43.387387254616677],[-1.8142868806573169,43.387382644217794],[-1.8142816864497064,43.387373592294402],[-1.814280343942301,43.3873646226305],[-1.8142820188571538,43.387355654540514],[-1.8142868840948843,43.387346685314924],[-1.8142938402212605,43.387342242654469],[-1.8143024729951795,43.387337799370094],[-1.8143110201447585,43.387333441639122],[-1.8143202424952454,43.3873335246588],[-1.814327282556004,43.387329082866607],[-1.8143373431949537,43.387329167373451],[-1.8143451364229546,43.387324723484745],[-1.8143544390073574,43.387324807333577],[-1.8143613959455096,43.387320449318437],[-1.8143732167085431,43.387311563913052],[-1.8143818487965548,43.387302595020756],[-1.8143904829355879,43.387293710790104],[-1.8143975230217357,43.387289267192919],[-1.8144045655405281,43.387284825421418],[-1.8144116031558555,43.387280381797737],[-1.8144186465269418,43.387276022874346],[-1.8144257711024387,43.387267054556609],[-1.8144344885585213,43.387253641989844],[-1.8144439585371053,43.387244757416568],[-1.8144510023168336,43.387240313854328],[-1.8144587967068999,43.38723587267112],[-1.8144658343125952,43.387231429043972],[-1.814475055413717,43.387231512038198],[-1.8144842748654353,43.387231679655599],[-1.8144911512079729,43.387236206306241],[-1.8144980234158059,43.387240818455069],[-1.8145072445184409,43.387240901446717],[-1.8145141171781431,43.387245427157325],[-1.8145241761544846,43.387245596271555],[-1.8145342343466055,43.387245678934818],[-1.814543455414998,43.387245763724039],[-1.8145504942852575,43.387241318303921],[-1.8145597153530515,43.387241403091842],[-1.8145675093556504,43.387237044737368],[-1.8145753074576647,43.38723260268425],[-1.81458234750584,43.38722815997567],[-1.8145926588107535,43.387214748612003],[-1.8146043906439484,43.3872058622606],[-1.8146114331381316,43.387201420476003],[-1.8146192296006789,43.387197062143464],[-1.8146262696590907,43.387192618531799],[-1.8146363278076849,43.387192702986503],[-1.8146433678292586,43.387188261174266],[-1.8146525889243932,43.387188344154083],[-1.8146596285645711,43.387183985177082],[-1.8146666698178442,43.387179543376185],[-1.8146737123395495,43.387175099787129],[-1.8146800800480685,43.387166130811281],[-1.814685613135989,43.387157162188032],[-1.8146888819070541,43.387148193504764],[-1.8146898048754283,43.387139224817474],[-1.8146884635640697,43.387130254269927],[-1.814685528658605,43.387121204173084],[-1.8146795788653283,43.387112149837819],[-1.8146727028844951,43.387107541262417],[-1.8146658318597708,43.387102931837561],[-1.8146582036396666,43.387098404606938],[-1.8146513277146465,43.387093793329527],[-1.8146406836669129,43.387089183510795],[-1.8146338085462792,43.387084657782154],[-1.814630120590373,43.387075604379817],[-1.8146302871470461,43.387066551314703],[-1.8146319632531629,43.387057582330947],[-1.8146313774809681,43.387048615112448],[-1.8146255109637219,43.387035035142077],[-1.8146194771970605,43.387025982634384],[-1.8146126037167727,43.387021373180843],[-1.814605812596324,43.387016845619925],[-1.8145965092036307,43.387016678943041],[-1.8145888809994668,43.387012151707935],[-1.8145796599312516,43.38701206872328],[-1.8145703540706497,43.387011902018678],[-1.8145603811244191,43.387011818441479],[-1.8145440361109888,43.387016176391185],[-1.8145354898422166,43.387020618790054],[-1.8145262679534815,43.387020451151542],[-1.81451696418069,43.38702036730443],[-1.8145077443458342,43.387020284326759],[-1.8145008667917231,43.387015757664443],[-1.8144939945560874,43.387011148216637],[-1.8144895547473401,43.387002094218467],[-1.8144844389096049,43.386988514819883],[-1.8144838531420737,43.386979548501053],[-1.8144855292670603,43.386970579519549],[-1.8144903067844291,43.386961610275648],[-1.8144951658044901,43.386952640075613],[-1.8145022107455304,43.386948198322891],[-1.8145169606097886,43.386943840049803],[-1.814526181667476,43.386943923039382],[-1.8145354026901006,43.386944007828752],[-1.8145454616518109,43.386944175140009],[-1.814554766647416,43.386944258997474],[-1.814563986470896,43.386944341971208],[-1.8145725327267925,43.38693989957001],[-1.8145818401905829,43.38693998345083],[-1.8145888785722337,43.386935624464925],[-1.8145959223052728,43.386931180893001],[-1.8145999429536315,43.386922212802752],[-1.8146071528286014,43.38690880080155],[-1.8146135198243671,43.386895306226492],[-1.8146198908348696,43.386886420127958],[-1.8146269332904297,43.386881978341727],[-1.8146339732937673,43.386877535629168],[-1.8146410157472748,43.38687309384202],[-1.8146488101287448,43.386868649944105],[-1.8146566028248181,43.386864292470115],[-1.8146651540002265,43.386859850112913],[-1.8146721964845223,43.38685540652326],[-1.814679236463941,43.386850964708067],[-1.8146840139431379,43.386841995455448],[-1.8146880391302362,43.386833110249142],[-1.8146897983386594,43.386824057484581],[-1.8146907188497294,43.386815087870858],[-1.8146932344379714,43.386806121284515],[-1.8146965032230054,43.386797150799737],[-1.8147012806777263,43.386788182446494],[-1.8147068952308318,43.386779212865179],[-1.8147124291331207,43.386770327088612],[-1.8147156978606653,43.386761359303947],[-1.8147158668714765,43.386752306263638],[-1.8147137691133259,43.386743253138675],[-1.8147039616389218,43.386729675542853],[-1.8146933170028774,43.386720537426172],[-1.8146881178688157,43.386711484568742],[-1.8146821655925112,43.386702432908599],[-1.8146752954668577,43.386697906333552],[-1.8146676664414934,43.386693296254776],[-1.8146576891466941,43.386688687045798],[-1.8146508194392137,43.386684075832548],[-1.8146463746221351,43.386675025389799],[-1.8146450333083881,43.386666055741458],[-1.8146475464805776,43.386657086429537],[-1.8146499781658356,43.386648117173294],[-1.8146570205912631,43.386643675384668],[-1.8146641450558187,43.386634707049815],[-1.8146712679042003,43.386625821537955],[-1.8146760453661528,43.386616852285123],[-1.8146785585315917,43.386607882972378],[-1.8146794830880506,43.386598832361067],[-1.8146788973819474,43.386589861541061],[-1.8146730271578502,43.38657628333457],[-1.8146685848838897,43.386567229317116],[-1.8146664056349795,43.38655817714718],[-1.8146658198959857,43.386549208127569],[-1.814666742874284,43.386540238539197],[-1.8146700091266783,43.38653127072984],[-1.8146748705182929,43.386522302346904],[-1.8146796504575324,43.38651333221901],[-1.8146860180762165,43.386504364141267],[-1.8146900423848822,43.386495396085081],[-1.8146925580116009,43.386486426797347],[-1.8146927228888032,43.38647745925531],[-1.814690543691847,43.386468404384907],[-1.8146876088684856,43.386459351586709],[-1.8146809059793012,43.386450299349058],[-1.8146732777862156,43.386445774820629],[-1.8146656488448476,43.386441162041123],[-1.8146580222856539,43.386436553788002],[-1.8146511472539515,43.386432027160474],[-1.8146442775404639,43.386427417747498],[-1.8146350553614241,43.386427332955023],[-1.8146258312175427,43.386422724346858],[-1.8146150200735607,43.386422640189565],[-1.8146042932815443,43.386422472264577],[-1.8145974182730262,43.386417944733658],[-1.8145866046086125,43.386417863248845],[-1.8145797337024014,43.386413252018727],[-1.8145689200739725,43.386413168731757],[-1.8145590292731968,43.386408558609794],[-1.8145498101105939,43.386403948246247],[-1.8145429342362041,43.386399338763283],[-1.8145337990483414,43.386394727468165],[-1.8145254153173205,43.386390201400253],[-1.8145161961600771,43.386385591034056],[-1.8145085696543939,43.386380980970607],[-1.8145009415005082,43.38637645553063],[-1.8144934797868921,43.386367317977381],[-1.8144850978112581,43.386358268130074],[-1.8144976727401396,43.386349381524504],[-1.814504709004684,43.386344937880253],[-1.8145117526393117,43.386340496112837],[-1.8145187086328691,43.386336053436416],[-1.8145319509040911,43.386331693938338],[-1.8145427653373489,43.38633186187819],[-1.814549805264607,43.386327420069996],[-1.8145613720168241,43.386327502161841],[-1.8145721889006614,43.386327671024766],[-1.8145799819819104,43.386323227117586],[-1.8145907115872753,43.386323313134206],[-1.8146023606616617,43.386323478915479],[-1.8146154385587165,43.386323562259975],[-1.8146246582532335,43.386323647028242],[-1.8146339606854296,43.386323730852574],[-1.8146431008430723,43.386328340390413],[-1.8146546684153797,43.386328507122393],[-1.8146639708484242,43.386328590944274],[-1.8146723504637245,43.386333201600479],[-1.8146807354325167,43.386337727670508],[-1.8146923017373433,43.386337896186397],[-1.8146999299009745,43.386342421613733],[-1.8147075564166701,43.386347031664556],[-1.8147151854022676,43.386351641740482],[-1.8147220591954876,43.386356168351362],[-1.8147289338269723,43.386360778711143],[-1.8147373159379674,43.386365388487981],[-1.8147456139102396,43.386374442848741],[-1.8147524873638274,43.386379050493588],[-1.8147592741931537,43.386388103597199],[-1.8147659820249147,43.386397155881596],[-1.8147705058049943,43.386406208939434],[-1.8147772952568213,43.386410819313852],[-1.8147841702957153,43.38641534593387],[-1.814791043721746,43.386419955376958],[-1.8147986719030258,43.386424480797857],[-1.8148087282762553,43.386424649859926],[-1.8148163564770003,43.386429174379394],[-1.8148340436489414,43.386429426130263],[-1.8148487982836792,43.386425068763678],[-1.8148688304265752,43.386425234959681],[-1.8148889473266359,43.386425486671655],[-1.8149097350439531,43.386425653487677],[-1.8149311082875039,43.386430683324278],[-1.8149415035504413,43.386429173870738],[-1.8149518148407149,43.386427665346872],[-1.8149622084539268,43.386426240515426],[-1.8149738571101406,43.386423894035786],[-1.814983917319575,43.386421965104354],[-1.8149939729082722,43.386422047700037],[-1.8150054574977454,43.386420708006199],[-1.81501526593922,43.386419534630789],[-1.8150268320662812,43.38641819217802],[-1.8150365553355468,43.38641701791817],[-1.8150458577413777,43.386409055405217],[-1.8150560010960608,43.386404696149583],[-1.8150652232729876,43.386404780908052],[-1.8150753633016248,43.386400338776056],[-1.8150847523134719,43.386395978904638],[-1.8150948121053054,43.386391535939502],[-1.8151080555656989,43.386387177287425],[-1.8151306848283209,43.38637393312986],[-1.8151532324747475,43.3863651317779],[-1.815175780970099,43.38635641327047],[-1.8151983285510354,43.38634761461018],[-1.8152061240587967,43.386343170685407],[-1.8152139203682494,43.386338812309923],[-1.8152217146043159,43.38633437017176],[-1.81522875330144,43.386329925607633],[-1.8152335306399539,43.38632095723009],[-1.8152391483596224,43.386312072295617],[-1.8152424186145155,43.386303020770285],[-1.8152433390346159,43.386294051150266],[-1.8152443451534328,43.386280555021649],[-1.815245435208602,43.386267059762616],[-1.8152463580612643,43.386258091968621],[-1.8152534774909137,43.386249121743248],[-1.8152605198262415,43.386244679916111],[-1.8152697416007135,43.386244847494076],[-1.815279046491634,43.386244931291372],[-1.8152859190813226,43.386249457855982],[-1.8152927085556505,43.386254068200167],[-1.8152963965985833,43.386263119782463],[-1.815308552427324,43.386272257292127],[-1.8153154250573478,43.386276782054523],[-1.8153247287189331,43.386276865835342],[-1.8153339492642098,43.38627703339543],[-1.8153432516564605,43.386277118962497],[-1.8153571691610821,43.386272760961418],[-1.8153649634309306,43.386268316112456],[-1.815376531374109,43.386268399935034],[-1.8153802181609673,43.386277453302498],[-1.8153870903832365,43.38628206269739],[-1.8153939654539721,43.38628658928122],[-1.8154023451200643,43.386291199884539],[-1.8154116512528691,43.386291283683903],[-1.8154208697456977,43.386291366574639],[-1.8154309286036339,43.386291533806798],[-1.8154401495302357,43.386291618522044],[-1.8154479425271492,43.386287175455145],[-1.8154595100605639,43.386287343906133],[-1.8154703261384142,43.386287427134214],[-1.8154818903825127,43.386287510907806],[-1.8154934603848771,43.386287679380949],[-1.81550502466417,43.386287761351689],[-1.815516594666708,43.38628792982248],[-1.8155311770612872,43.386292539835019],[-1.8155380529999789,43.386297149259356],[-1.8155417410470089,43.38630620263465],[-1.8155437524174267,43.386319697605856],[-1.815544340753243,43.386328666648346],[-1.8155488683831424,43.38633771791465],[-1.8155556554362504,43.386342327317656],[-1.8155625268233599,43.386346853853155],[-1.8155694027354703,43.386351465076196],[-1.815587173041654,43.386351631129664],[-1.8156310118088301,43.386356576572375],[-1.815635035968624,43.386347608480982],[-1.8156399800086795,43.38633419725668],[-1.8156455931961042,43.38632078665961],[-1.8156512100350319,43.386311817054633],[-1.815656826099922,43.3862983218457],[-1.8156648727419442,43.386284909438146],[-1.8156728354084124,43.386271497961118],[-1.8156815536433617,43.386258087105432],[-1.8156903546119683,43.386244675304972],[-1.8156973104748209,43.386240234356166],[-1.8157066166358158,43.386240316330948],[-1.8157157518917006,43.386244927533276],[-1.8157225413549247,43.386253978806479],[-1.8157254750717799,43.386263032467589],[-1.8157306718732058,43.386272084354061],[-1.8157375453036888,43.386276696441762],[-1.8157467662640536,43.386276779331773],[-1.8157536401446071,43.386281304981246],[-1.8157628606924827,43.386281472506745],[-1.8157698980401089,43.386277031496959],[-1.8157807153690948,43.386277113808191],[-1.8157900190321878,43.386277197551195],[-1.8157992375240761,43.386277280411392],[-1.8158085407740907,43.386277448789677],[-1.8158153319393207,43.386281974479282],[-1.8158276550098105,43.386286584468316],[-1.815834444529989,43.386291194780817],[-1.8158437469610522,43.386291278506675],[-1.8158529679239594,43.386291361388153],[-1.8158622715894777,43.386291445125288],[-1.8158722452431488,43.386291613237162],[-1.8158792875040555,43.386287173171972],[-1.8158863286347386,43.386282727691992],[-1.8158933684599157,43.386278285799833],[-1.8159004107528069,43.38627384393277],[-1.8159029237229913,43.386264874590317],[-1.8159108031890654,43.386255987830786],[-1.8159178454780893,43.386251545962615],[-1.8159248013604801,43.38624710319926],[-1.8159318411436804,43.386242663105101],[-1.8159389674820303,43.386233776649085],[-1.8159422335477202,43.386224807900284],[-1.8159416504692283,43.386215756073831],[-1.8159348573442777,43.386206701173869],[-1.8159264751446782,43.386202092384124],[-1.8159158303780167,43.38619295617989],[-1.8159183458110679,43.38618398686247],[-1.8159254696580587,43.386175101281829],[-1.8159325107021631,43.386170659399767],[-1.8159396349584875,43.386161689181392],[-1.8159481842950458,43.386157331349438],[-1.8159574866884614,43.386157415966053],[-1.8159619328824643,43.38616646727354],[-1.8159601705589505,43.386175437186544],[-1.8159584946754348,43.386184406193642],[-1.8159590839280495,43.386193458083994],[-1.8159620168385961,43.386202427990185],[-1.8159724932668488,43.386216089843707],[-1.8159769369809453,43.386225142025253],[-1.8159760142014338,43.386234111627004],[-1.8159696443318341,43.386243079753974],[-1.8159570733132646,43.386256407517074],[-1.8159453344897032,43.38626529213596],[-1.8159336005651268,43.386274178605198],[-1.8159225365960194,43.386287590402723],[-1.8159123114102915,43.386296474483771],[-1.8159075366244681,43.386305443816724],[-1.8158948775261325,43.386318855301816],[-1.8158916089794044,43.386327824023418],[-1.8158921948978803,43.386336793039156],[-1.8159028421543757,43.386345929271208],[-1.8159097148025598,43.386350455798905],[-1.8159188501080952,43.386355066085045],[-1.8159281574866548,43.386355149855284],[-1.8159381311686087,43.386355317061287],[-1.8159474336097938,43.386355400778825],[-1.8159566558171223,43.386355483664836],[-1.8159698991925011,43.386351125812382],[-1.8159807943430901,43.386346767055478],[-1.8159916911394212,43.386342323673482],[-1.8160017516792426,43.386337965277193],[-1.8160126484724943,43.386333521893164],[-1.8160227879738509,43.386329166113427],[-1.8160329292261261,43.386324720307258],[-1.8160469269481863,43.386315922098156],[-1.816054724877348,43.386311477240035],[-1.8160617646938269,43.38630703533741],[-1.8160765192667527,43.386302675110173],[-1.8160843097508306,43.386298231973825],[-1.8160921096784119,43.386293874476188],[-1.8160999853490523,43.386289431320279],[-1.8161077832359309,43.386284988258971],[-1.8161240423605374,43.386280713836591],[-1.8161318377758224,43.38627627074802],[-1.8161481010122751,43.386271911723703],[-1.8161567334651081,43.386267470095675],[-1.8161729925641947,43.386263196566475],[-1.8161815435984237,43.386258751392354],[-1.8161962956475184,43.386254392924343],[-1.8161907653345524,43.386263361651181],[-1.8161837230286748,43.386267805336914],[-1.8161766807568029,43.386272247221662],[-1.8161688869922739,43.386276605689297],[-1.8161618471870458,43.386281047598679],[-1.8161548073457354,43.386285491308115],[-1.8161455864178189,43.38628540665048],[-1.8161369514578309,43.38628985005257],[-1.8161269790375703,43.386289681976578],[-1.8161183416069102,43.386294125351668],[-1.8161105461883305,43.386298568439273],[-1.8161035088450719,43.38630301037049],[-1.8160965496436372,43.386307370270139],[-1.816089509829601,43.386311812174938],[-1.8160824675458207,43.38631625405371],[-1.8160651193559765,43.386334108388397],[-1.8160727451195111,43.386338635500316],[-1.8160803717407976,43.386343245460772],[-1.8160896766493269,43.386343329192279],[-1.8160996540156698,43.386343497322756],[-1.8161065242097456,43.386348023813269],[-1.8161173403006099,43.386348106980265],[-1.8161311672325455,43.386348273542929],[-1.8161270599456167,43.38636176998866],[-1.8161253866022338,43.386370736322966],[-1.8161213637120952,43.386379706245712],[-1.8161165012748821,43.386388676480692],[-1.8161117216090155,43.386397643970675],[-1.81610535583995,43.386406528406802],[-1.8160942062474432,43.386424466730652],[-1.8160830557566061,43.386442324004719],[-1.8160726642642357,43.386460259370047],[-1.8160631929438262,43.386473671462419],[-1.8160606800054124,43.386482639907989],[-1.816062856169685,43.38649160737873],[-1.8160633597660367,43.386505187578514],[-1.8160631094344009,43.38651868253482],[-1.8160690618653594,43.386527735926066],[-1.8160766910135575,43.386532344111934],[-1.8160859934472056,43.386532429619031],[-1.8161001568815991,43.386536368898007],[-1.8161123123655936,43.386528153099839],[-1.8161240477478058,43.386522871976801],[-1.8161321805281447,43.386517843495518],[-1.8161358666794749,43.3865059400649],[-1.8161429921457639,43.386496971647766],[-1.8161485249564668,43.386488002949477],[-1.8161517934745943,43.386479034220436],[-1.8161543063994445,43.386470065772684],[-1.8161615158780131,43.386456653667828],[-1.8161655399669225,43.386447685557094],[-1.816172579826496,43.386443241847324],[-1.8161796196499873,43.386438799937636],[-1.8161866606717902,43.38643435984077],[-1.8161937013850393,43.38642999897872],[-1.816203676709975,43.386430082437947],[-1.8162130610877059,43.386425639585639],[-1.8162230384681224,43.386425807705507],[-1.8162324265469081,43.386421364889934],[-1.8162417306872309,43.386416921204635],[-1.8162533814048591,43.386412563039954],[-1.8162642790155581,43.386408204281508],[-1.8162729115147136,43.386403760844438],[-1.8162807069002838,43.386399319546385],[-1.816287747567777,43.386394960478896],[-1.8163009926125651,43.386386075208875],[-1.816310462219032,43.386377188674444],[-1.8163182600672119,43.386372747399292],[-1.8163260542286572,43.38636830518498],[-1.8163330927979866,43.386363863252775],[-1.8163430668781677,43.386363946686942],[-1.8163532101523128,43.38635958641477],[-1.8163610055439265,43.386355144210832],[-1.8163718199901706,43.386355311977773],[-1.816380368501991,43.386350869464081],[-1.8163896734126344,43.386350953171167],[-1.8163967132272625,43.386346510347487],[-1.8164029974618647,43.386337625951477],[-1.8164101228688523,43.386328657516742],[-1.8164172503651814,43.386319771943349],[-1.8164242914260451,43.386315328230395],[-1.8164335938276237,43.386315413708829],[-1.8164428123273029,43.386315496517234],[-1.816449688338841,43.38632010588757],[-1.8164565634942966,43.386324632408432],[-1.8164579009889108,43.38633368483702],[-1.8164569807469819,43.386342654468827],[-1.8164575692177338,43.386351623508162],[-1.8164644415313369,43.386356232839326],[-1.8164736637053609,43.386356317484122],[-1.8164891664465992,43.386351956843278],[-1.8164970482556368,43.386343072768945],[-1.8165040905128564,43.386338630864302],[-1.8165112130593006,43.38632974523383],[-1.816518250376467,43.386325303277232],[-1.8165261313730889,43.386316333650917],[-1.8165346806905505,43.38631197577498],[-1.8165425628998528,43.386303007060512],[-1.8165511953815516,43.38629856270169],[-1.8165589878702093,43.386294205095162],[-1.8165691290259074,43.386289761941633],[-1.8165799438898735,43.386285402296608],[-1.8165909257842783,43.386276518783404],[-1.8166018224895739,43.386272077143069],[-1.8166134731892574,43.386267717140463],[-1.816625123869775,43.386263358036892],[-1.8166368585030503,43.386258998900495],[-1.8166485108091135,43.38625455607071],[-1.8166609146055297,43.386250196653165],[-1.8166701355472601,43.386250280368934],[-1.8166771724492619,43.386245922138777],[-1.8166842146821649,43.386241480222694],[-1.81669201252101,43.386237037120921],[-1.8166991378736754,43.3862280686674],[-1.8167062615779357,43.386219184837394],[-1.8167119613727134,43.38620568864166],[-1.8167090271166322,43.386196718740656],[-1.8167021535675694,43.386192109411304],[-1.8166952808595003,43.386187583830875],[-1.8166815321991767,43.386182888048445],[-1.816681029235697,43.386169395199381],[-1.8166873163259405,43.386160424375028],[-1.816694354844983,43.386155982419808],[-1.8167014822618717,43.386147097727999],[-1.8167107859079845,43.386147181395863],[-1.8167208438963502,43.386142822909619],[-1.8167278873834076,43.386138379202869],[-1.8167379416615468,43.386138463432417],[-1.8167471626040952,43.386138546241504],[-1.8167573069939316,43.386134188646096],[-1.8167665279358811,43.386134271453628],[-1.81677591346175,43.386129828566673],[-1.8167859739104655,43.386129912855836],[-1.8167952787888437,43.386125553773851],[-1.8168060898700331,43.386125638624698],[-1.816813129645876,43.386121194874264],[-1.8168201702432822,43.386116835773002],[-1.8168272124507812,43.386112393847718],[-1.8168327426738635,43.386103424188363],[-1.8168368497335157,43.386089930415409],[-1.816844057781255,43.386076518251599],[-1.8168496744213751,43.386067548585068],[-1.8168567150099164,43.386063189481384],[-1.816863754704755,43.386058749328676],[-1.816872978104322,43.386058832153054],[-1.8168821978008618,43.386058914938346],[-1.8168892362765121,43.386054473871049],[-1.8168984580544196,43.38605908317296],[-1.8169084345552016,43.386059166582768],[-1.8169196630497353,43.386077271683341],[-1.8169366809705723,43.386077523388131],[-1.8169448961672707,43.386091102329601],[-1.8169462378099637,43.386100071955632],[-1.8169407051526025,43.386109040694876],[-1.8169288875001748,43.38611792459966],[-1.816921931669744,43.386122369225724],[-1.8169126243236648,43.386122285536764],[-1.8169055846248836,43.386126725692385],[-1.8168985440323129,43.386131084798969],[-1.8168922582279714,43.386140054747905],[-1.8168873947243445,43.386149023204311],[-1.816884963372059,43.386157993413221],[-1.816885551922292,43.386166961551105],[-1.8168921744734978,43.386180540225823],[-1.8168990455671976,43.386185149518397],[-1.8169059215993919,43.38618975886164],[-1.8169135486432346,43.386194285930856],[-1.816920420921933,43.386198897935685],[-1.8169296418742114,43.386198980730185],[-1.8169372710306524,43.38620358975944],[-1.8169465759205232,43.386203673420979],[-1.8169536156604156,43.386199231462463],[-1.8169628353784859,43.38619931424153],[-1.8169729760954374,43.386194954788138],[-1.816984545229789,43.38619504026115],[-1.8169937661816717,43.38619512305047],[-1.8170006360154349,43.386199734124759],[-1.8170097763206432,43.386204344375628],[-1.817016649054392,43.386208869937448],[-1.8170210904555524,43.386217922054676],[-1.8170209271049473,43.386226892318028],[-1.8170200016339904,43.38623594474074],[-1.8170190815116838,43.386244912577666],[-1.8170189120238207,43.386253880976589],[-1.8170202545033916,43.386262935251253],[-1.8170246103423473,43.386276513879793],[-1.8170274616036615,43.386290007609425],[-1.8170272954083808,43.386299060683427],[-1.8170262888452549,43.386308029426957],[-1.8170238575065336,43.386316999638744],[-1.8170190001792985,43.386325968164364],[-1.8170127131549516,43.386334937206584],[-1.8170070957077988,43.386343821330897],[-1.8169999703861912,43.386352789803809],[-1.8169929305965848,43.386357233565391],[-1.8169889066353062,43.386366201706892],[-1.8169841286924799,43.386375087311606],[-1.816977756486353,43.38638405547055],[-1.8169846325117549,43.386388666609726],[-1.8169915077153653,43.386393193098939],[-1.8170007237248083,43.386393277637481],[-1.8170077684555652,43.386388833926546],[-1.8170132995186239,43.386379948008177],[-1.8170158953936526,43.386366453903165],[-1.8170207601309156,43.386357485454376],[-1.8170277159465027,43.386353042623227],[-1.8170378591535452,43.386348683189972],[-1.8170407104033319,43.386362177819414],[-1.8170350937630231,43.386371147494899],[-1.8170295623274941,43.386380116250677],[-1.817021767374456,43.386384474764164],[-1.8170177409292749,43.38639344378138],[-1.8170136354657358,43.386402412881388],[-1.8170104522850401,43.386411380717327],[-1.8170086897314268,43.386420433484133],[-1.8170085227097132,43.386429401908288],[-1.8170098651735411,43.386438457083074],[-1.8170190861955042,43.386442981726177],[-1.8170276355314792,43.386438622012768],[-1.8170368540166659,43.386438706573998],[-1.8170462432738412,43.386434263703734],[-1.8170554629928062,43.386434348276232],[-1.8170625011411752,43.386429989134918],[-1.817070296473666,43.386425547782423],[-1.8170828722795123,43.386416660901183],[-1.8170922590402458,43.386407775245758],[-1.8171009757720438,43.386398807021706],[-1.8171088550301204,43.386389922878763],[-1.8171167359490994,43.386380953210924],[-1.8171195016349699,43.386394531594291],[-1.8171147245668229,43.38640350005371],[-1.8171114561593804,43.386412470612591],[-1.8171097780042622,43.386421437812075],[-1.8171087714508647,43.386430406556251],[-1.8171086052668437,43.386439459630289],[-1.8171091938343895,43.386448428667265],[-1.8171113733917961,43.386457483495761],[-1.8171179105040176,43.386480030524588],[-1.8171278817257244,43.3864801985018],[-1.8171362656668442,43.386484724381205],[-1.8171455718347136,43.386484808039839],[-1.8171524417474414,43.386489417304766],[-1.8171594839748539,43.386484975359558],[-1.8171688719346488,43.386476091511199],[-1.81718345702513,43.386480698639609],[-1.8171871453112753,43.38648975286479],[-1.8171877322801189,43.386498804724944],[-1.8171883183909756,43.386507773736014],[-1.8171943524932301,43.386516826112796],[-1.817201984143199,43.386521436950865],[-1.817218914961177,43.38652160307177],[-1.8172297286179839,43.386521686108367],[-1.817239787487446,43.386521854982412],[-1.8172490915539738,43.386517412114792],[-1.8172583964928302,43.386517495751526],[-1.8172675319277669,43.386522105931249],[-1.8172775899742446,43.38652219015237],[-1.8172868105655069,43.386522357555464],[-1.8172960315679605,43.386522440320967],[-1.8173053340214778,43.3865225248286],[-1.8173145549890053,43.386522609393154],[-1.8173215947399417,43.386518167412348],[-1.817328636993613,43.386513723656094],[-1.8173356767424966,43.386509281674407],[-1.817339699052424,43.386500396343976],[-1.8173438035774816,43.386486901626959],[-1.8173448125661305,43.386477932905919],[-1.8173488340492137,43.386468962925527],[-1.8173558762601465,43.386464520967969],[-1.81736283206411,43.386460078116372],[-1.817369874290488,43.386455635257697],[-1.8173791792027725,43.386455719784735],[-1.8173884001954128,43.386455802542699],[-1.8173977035149547,43.386455968991527],[-1.817406086203897,43.386460496639117],[-1.8174129586027528,43.386465105914155],[-1.8174207539147187,43.386460664537545],[-1.8174231827325671,43.386451694291409],[-1.8174241892400693,43.386442725543951],[-1.8174212552438025,43.386433672823912],[-1.8174098583035025,43.386424537984382],[-1.8174116985361399,43.386411042358709],[-1.8174209219908455,43.386411125139503],[-1.8174308114322819,43.386420261496212],[-1.8174375998388956,43.386424872602504],[-1.8174444738639814,43.386429398151854],[-1.8174505067627558,43.386438450502837],[-1.8174541975726715,43.386447503845162],[-1.8174547821122722,43.386456555678933],[-1.8174584721003719,43.386465524371509],[-1.8174652642347155,43.386470134614243],[-1.817472135387324,43.386474744773267],[-1.8174814403028539,43.386474829292034],[-1.8174906612986994,43.386474912041784],[-1.8174999637280749,43.386474997433758],[-1.8175069195229192,43.386470554573272],[-1.817515638296398,43.386461669178935],[-1.8175235191655357,43.386452699482582],[-1.8175305597518865,43.386448340337672],[-1.8175376850074652,43.386439371831045],[-1.8175417064245851,43.386430403643942],[-1.8175426289770649,43.386421434027262],[-1.8175396937296933,43.386412381297276],[-1.8175391091952167,43.386403328563453],[-1.8175416219127976,43.386394360082726],[-1.8175486624735175,43.386390001836773],[-1.8175578834217236,43.386390086381468],[-1.8175696195690749,43.386381201569243],[-1.8175744780895833,43.386372231231647],[-1.8175670182883166,43.386358652943471],[-1.8175602310406151,43.38634960000168],[-1.8175619898069146,43.38634054718699],[-1.8175682763233003,43.386331663650743],[-1.817575316103645,43.386327218052671],[-1.8175846185456925,43.386327301636989],[-1.8176070021896948,43.386327552898052],[-1.8176208295006251,43.386327636444243],[-1.8176339934053745,43.386327804973789],[-1.8176408633032946,43.386332416010234],[-1.8176570409317374,43.386332583282716],[-1.8176646693196277,43.386337108514823],[-1.8176715429240478,43.386341719587762],[-1.8176854578316735,43.386337360375791],[-1.8176918250267995,43.386328390324493],[-1.8176996236111502,43.386324032703193],[-1.8177028923202103,43.386314978389727],[-1.8177162206181481,43.38630618115846],[-1.8177255246348791,43.386301737350877],[-1.8177340706086793,43.38629729290863],[-1.8177433763392834,43.386297461155081],[-1.817752597309066,43.386297543883401],[-1.8177664267424507,43.386302154830638],[-1.8177655075527841,43.386311207324333],[-1.817761396425867,43.386320092652291],[-1.8177550289533693,43.386333587400024],[-1.817754863276571,43.386342555839434],[-1.8177600579023416,43.38635160851188],[-1.8177676858724652,43.386356219274326],[-1.8177769068337262,43.386356302901021],[-1.8177862092808696,43.386356386468997],[-1.8177932489784865,43.386351944458404],[-1.8178002911788178,43.386347500672372],[-1.8178035618801316,43.386338533719005],[-1.8178130348740547,43.386325205239544],[-1.8178200708804895,43.38632076228869],[-1.8178286217527193,43.386316319690884],[-1.8178356639288231,43.386311876802814],[-1.8178449688380889,43.386311960391453],[-1.8178541885410211,43.386312044899356],[-1.8178634091205463,43.386312211355332],[-1.8178734646480497,43.386312296398366],[-1.8178827720437261,43.386312379109214],[-1.8178927461205421,43.386312462408121],[-1.8179028053512807,43.38631254748686],[-1.8179136160942915,43.3863127150697],[-1.8179214113856694,43.386308271857658],[-1.8179313866613125,43.386308356966488],[-1.8179392642782646,43.386303997444443],[-1.8179462200217711,43.386299554556537],[-1.8179556104268202,43.386295111623198],[-1.8179672610019111,43.386290753282069],[-1.8179750562865993,43.386286310066311],[-1.8179828515351639,43.386281868650507],[-1.8179921572995339,43.386282035076192],[-1.8180038082796803,43.38627759209448],[-1.8180153745896175,43.386277760274197],[-1.8180262699597083,43.386273318484136],[-1.8180379242637892,43.386268958373485],[-1.8180464726618475,43.386264514833321],[-1.8180535131718356,43.386260156555593],[-1.8180598851897831,43.386251189234791],[-1.8180616413179234,43.386237693629177],[-1.8180610566893176,43.386228641797139],[-1.8180635693748832,43.386219670602912],[-1.818068349599518,43.386210785876642],[-1.8180754735135665,43.386201817322139],[-1.8180825119204524,43.386197376180668],[-1.8180918179530083,43.386193017005048],[-1.8181004502907578,43.386188573427916],[-1.8181082455176685,43.386184132003216],[-1.8181174677057796,43.386184214714682],[-1.8181267713620424,43.386184298267409],[-1.8181359906715671,43.386184465588691],[-1.8181430327926726,43.386180023581417],[-1.818150071209651,43.386175581535433],[-1.8181571157974299,43.386171139552744],[-1.8181603828031865,43.3861621689489],[-1.8181605508878538,43.386153200533421],[-1.8181622243525521,43.386144148628354],[-1.8181662489682813,43.38613526419239],[-1.8181718654379291,43.386126293558526],[-1.8181766423459802,43.386117324152202],[-1.8181836819875665,43.386112882116763],[-1.8181907240968385,43.386108440106341],[-1.8181977662400797,43.386103996294977],[-1.8182055598398439,43.386099637686961],[-1.818213355065186,43.386095195354564],[-1.8182272683213798,43.386095364356635],[-1.8182364892620317,43.386095447045591],[-1.8182433620765519,43.386099972534673],[-1.8182470529855939,43.386109025853045],[-1.8182514970326695,43.386118077950222],[-1.8182583681717439,43.386122689863008],[-1.8182652397915617,43.386127213537534],[-1.8182744607021788,43.386127298024007],[-1.818284519511344,43.386127466805398],[-1.8182944960278804,43.386127550094436],[-1.8183037959729362,43.386127633594398],[-1.81831301691873,43.386127716277215],[-1.8183225716282856,43.386114304858708],[-1.8183312892425931,43.386100894693804],[-1.8183383338086108,43.386096452699682],[-1.8183535873599403,43.386105671421276],[-1.8183604626356997,43.38611019782919],[-1.818368844976143,43.38611480824305],[-1.8183780634514599,43.386114890895115],[-1.8183873658635787,43.386114974413779],[-1.8183989333788686,43.386115142567121],[-1.8184151988852557,43.386110783243339],[-1.8184245000275134,43.38611086854673],[-1.8184337209711308,43.386110951219798],[-1.8184431096156932,43.386106595570382],[-1.8184523280899967,43.386106678216443],[-1.8184587000680303,43.38609770907177],[-1.8184650704353065,43.386088822750303],[-1.8184668264681891,43.386075327137],[-1.818467078731353,43.38606183219369],[-1.8184688398224527,43.38605277938845],[-1.8184736174883849,43.38604389551891],[-1.8184799894740125,43.386034925472593],[-1.8184855194128215,43.386025957530777],[-1.8184925615077501,43.386021514601083],[-1.8184996036191283,43.386017070770691],[-1.8185043763577242,43.386008185948448],[-1.8185084000718645,43.385999217750197],[-1.8185101635710696,43.385990167670421],[-1.8185088217343766,43.385981196259408],[-1.818504296190504,43.385972143329987],[-1.8184975065170497,43.385967532273554],[-1.818490631229331,43.385963006774091],[-1.8184837612720244,43.385958397588652],[-1.8184768823007527,43.385953871149852],[-1.8184669099246422,43.385953703278474],[-1.818460037126987,43.385949176902479],[-1.8184415138558332,43.385949008918075],[-1.8184344746265035,43.385953368133649],[-1.8184252512730168,43.385953283634912],[-1.818418375974858,43.385948759031429],[-1.8184090736230356,43.385948673715077],[-1.8184022839070502,43.385944065353875],[-1.8183954941101319,43.385935012434572],[-1.8183949094687153,43.385925958802744],[-1.8184050478104841,43.385917074501592],[-1.8184120923671185,43.385912631602238],[-1.818421394748404,43.38591271511774],[-1.8184284376769693,43.385908355941162],[-1.818435476024139,43.385903914777025],[-1.8184418445862425,43.38589041730016],[-1.818446708665465,43.385881533423927],[-1.8184529941973775,43.385872564286416],[-1.8184622990064157,43.385872649624588],[-1.8184715199315289,43.385872731393924],[-1.8184808223069109,43.385872814904552],[-1.8184908801085282,43.38586845716064],[-1.8185001874207454,43.385868540720701],[-1.8185072257755868,43.385864098651773],[-1.8185172823570381,43.38585973999249],[-1.8185266726527765,43.38585529701065],[-1.8185337147422087,43.385850853177772],[-1.8185423468539992,43.385841967708942],[-1.818547963170605,43.385833000656241],[-1.8185496411309841,43.385824031631579],[-1.8185459526617693,43.385814978347696],[-1.8185453638862781,43.385806009314763],[-1.8185509802514637,43.385797039561034],[-1.8185579358573389,43.385792598434833],[-1.8185672406894502,43.385792681963771],[-1.8185781355234123,43.385788324756163],[-1.8185897046561679,43.385788406464883],[-1.8186005177780653,43.385788574007236],[-1.8186104917363746,43.385788659043072],[-1.8186182844761238,43.385784213955731],[-1.8186283448737688,43.38578429808215],[-1.8186353877377393,43.38577994069292],[-1.8186455286417011,43.385775498252322],[-1.8186555026329843,43.385775581483706],[-1.8186648888109833,43.385771222188502],[-1.8186719333143753,43.385766780172837],[-1.8186804815957645,43.385762336583525],[-1.8186945615650505,43.385753536197086],[-1.8187069691939308,43.385749093756246],[-1.8187163578154297,43.385744735382495],[-1.8187256592053815,43.385740291465737],[-1.8187349663217076,43.385735934049343],[-1.8187443541139114,43.385731491023606],[-1.8187544958622475,43.385727131422236],[-1.8187645540120188,43.38572268991706],[-1.8187746932887565,43.385718330288363],[-1.8187847524416565,43.385718414388137],[-1.818795650985108,43.385714055397152],[-1.8188065474672741,43.385709611742726],[-1.8188172753706793,43.385709780185159],[-1.8188274162499081,43.385705337728112],[-1.8188374766351942,43.385705421835993],[-1.8188445186847371,43.38570097798339],[-1.8188544910211846,43.385701145821358],[-1.8188638787994469,43.38569670278563],[-1.8188731846999866,43.385692343544505],[-1.8188825712062284,43.385687902294968],[-1.8188911219125969,43.385683459615286],[-1.8189067129990255,43.385674658602781],[-1.8189191994397991,43.385665774196582],[-1.8189309375006257,43.385661414859314],[-1.8189378930984947,43.385656971908865],[-1.8189503830182814,43.385652613131626],[-1.8189604399422896,43.385648169795573],[-1.8189698285303413,43.385643811400541],[-1.8189791298516682,43.385639369263203],[-1.818987764515305,43.385634925642513],[-1.818996313563551,43.385630567578865],[-1.8190041941061823,43.385621597775391],[-1.8190119875867845,43.385617239110658],[-1.8190190295784971,43.385612797047479],[-1.8190276632111837,43.385603827816603],[-1.8190332803121279,43.385594942687433],[-1.8190396521499363,43.385585973507993],[-1.8190459350774428,43.385577005210827],[-1.8190507990778833,43.385568119506594],[-1.8190532279562679,43.385559068185422],[-1.8190602720157654,43.38555470988166],[-1.81906730909423,43.385550265963829],[-1.8190743498397652,43.385545823884328],[-1.8190835718991656,43.385545908317262],[-1.8190928767126764,43.385545990902791],[-1.819099746653561,43.385550600952186],[-1.8191065354843174,43.385555128223814],[-1.8191133262250518,43.385564263051059],[-1.8191170163726691,43.385573233494235],[-1.8191176036230798,43.385582285349123],[-1.819116681318024,43.385591254982671],[-1.8191149219808838,43.385600223175743],[-1.8191132449363905,43.385609276859689],[-1.819117689078223,43.385618328925027],[-1.8191221307526491,43.385627380964735],[-1.819129004798969,43.385631907314107],[-1.819135874734725,43.385636518261677],[-1.8191450956086703,43.385636600876559],[-1.8191544004187572,43.385636684357479],[-1.8191612765462661,43.385641294467042],[-1.8191751887210115,43.385636935044658],[-1.8191860875960602,43.385632493179521],[-1.8191968994587671,43.385632660652433],[-1.819207042766726,43.385628218186675],[-1.8192171004943487,43.38562385947742],[-1.8192279968953438,43.385619417582696],[-1.8192373854951813,43.385615057364888],[-1.8192474411231991,43.38561061579103],[-1.8192568297202938,43.385606255571581],[-1.8192661347009456,43.385601814349066],[-1.8192755232778977,43.385597455028304],[-1.819284072708981,43.385593012305939],[-1.8192926184357665,43.385588569544701],[-1.8193013368220923,43.385579684008363],[-1.8193083787886635,43.385575241927057],[-1.8193161738845247,43.385570798617117],[-1.8193232157965664,43.385566359235618],[-1.8193324375215052,43.385566524684386],[-1.819341739852772,43.385566608124449],[-1.819350960681813,43.385566692523099],[-1.8193601790421818,43.385566776895566],[-1.8193670552127073,43.385571385192378],[-1.819373925568273,43.385575911488964],[-1.8193808016535062,43.385580524286247],[-1.8193900225197157,43.385580606881284],[-1.8194023410082951,43.385580689040943],[-1.8194201119040674,43.38558094094639],[-1.8194294166715705,43.38558102620533],[-1.8194362068348828,43.385585549869411],[-1.819446267202361,43.385585633923476],[-1.8194563246931224,43.385585802588075],[-1.8194655406229605,43.385585885126062],[-1.8194756009905919,43.385585969177562],[-1.8194887624866145,43.38558161007105],[-1.8194989016891012,43.38557725037716],[-1.819535450630279,43.385564091415802],[-1.8195432444391371,43.385559649877926],[-1.8195517959414427,43.385555289997086],[-1.8195588378871959,43.385550847900078],[-1.8195666317276153,43.385546404560039],[-1.8195752636285436,43.38553751991077],[-1.8195830561967665,43.385533078357362],[-1.8195901835459605,43.385524107941649],[-1.8195979806758571,43.385519749274515],[-1.8196050189110651,43.385515307136323],[-1.8196120608482971,43.385510865035911],[-1.819621363171932,43.385510948453124],[-1.819631420833612,43.385506590606994],[-1.8196430752684112,43.385502146592472],[-1.8196555626385917,43.385497787711657],[-1.8196672154103744,43.385493429219032],[-1.8196781117558563,43.385488987280695],[-1.8196897596219013,43.385484626934279],[-1.8197006568257632,43.385480267842858],[-1.819711639392231,43.385471382233945],[-1.8197209455539782,43.385466940986426],[-1.8197333477063051,43.385462583018352],[-1.8197403871594502,43.385458140884367],[-1.8197481822266668,43.385453696644063],[-1.8197552249905808,43.385449338283955],[-1.819763020038131,43.385444894942857],[-1.8197777740757377,43.385440537832899],[-1.8197855691205262,43.385436094490224],[-1.8197926085668308,43.385431652352906],[-1.8198004044361655,43.385427293658836],[-1.8198074451147106,43.385422851533299],[-1.8198152413894289,43.385418408201318],[-1.8198286501006304,43.385404995010859],[-1.8198373697664696,43.385391583849689],[-1.8198500261656283,43.385378256537805],[-1.8198593273831964,43.385373814327465],[-1.819868801217811,43.385364929340426],[-1.8198781049006756,43.38536048715396],[-1.8198851439589294,43.385356127847061],[-1.8198921833712467,43.385351686603627],[-1.8199030797100784,43.38534724284272],[-1.8199108780294031,43.385342884166327],[-1.8199186730170629,43.385338442614795],[-1.8199264680385199,43.385333999262187],[-1.8199435698857667,43.385329723987553],[-1.8199521192310912,43.385325281214044],[-1.8199606648895876,43.385320837501403],[-1.8199684598533603,43.38531639684664],[-1.8199770137599902,43.38531203695851],[-1.8199933554717243,43.385307678195602],[-1.8200011504489151,43.385303236638293],[-1.8200089487905748,43.385298876154486],[-1.8200167437655079,43.385294434596091],[-1.820024536305543,43.385289991211131],[-1.8200315806549565,43.385285549109526],[-1.8200393740024101,43.385281191273421],[-1.8200464158984868,43.385276748245154],[-1.8200535381767999,43.385267779548606],[-1.8200605825564531,43.385263335644609],[-1.8200676182597124,43.38525889345155],[-1.8200745770252285,43.385254535105247],[-1.8200863965409058,43.385245649992008],[-1.8200981321000655,43.38523676491166],[-1.8201051715005616,43.385232322754419],[-1.8201129664949018,43.385227879388687],[-1.8201221872750255,43.385227963724603],[-1.820129230410735,43.385223519803532],[-1.8201392866104864,43.385223688394632],[-1.8201470828356079,43.385219245039281],[-1.8201578937673071,43.385219329571399],[-1.8201656887561868,43.385214886202014],[-1.8201765030180994,43.385215053606949],[-1.8201834584399397,43.385210612379261],[-1.8201936040753879,43.385206169849482],[-1.8202037456342162,43.385201810116953],[-1.8202138863293513,43.385197367534403],[-1.8202231920583467,43.385193008180998],[-1.8202380264244546,43.385184122641419],[-1.8202458222304283,43.385179763916042],[-1.8202536171729609,43.385175322341006],[-1.8202621664741827,43.385170879543686],[-1.8202707981033244,43.385166520435313],[-1.820280104195563,43.385162078240775],[-1.8202886547273531,43.385157635454135],[-1.8202980431286686,43.385153277847976],[-1.8203072614642875,43.385153360342848],[-1.8203197499681087,43.385149000500299],[-1.8203321569335305,43.385144643416972],[-1.8203438899688407,43.385135758285138],[-1.8203586451602749,43.38513139931085],[-1.820368031508159,43.385126956136176],[-1.8203780890711312,43.385122597322457],[-1.8203882346779074,43.385118154775],[-1.8203991280638889,43.385113795577219],[-1.8204100267575183,43.385109353592888],[-1.8204209238434204,43.385104994431174],[-1.8204317369574485,43.385100636203092],[-1.8204433886321454,43.385100720376393],[-1.8204541980757214,43.385096360307408],[-1.8204657645799318,43.38509644359987],[-1.8204775036045617,43.38509208681436],[-1.8204890701254888,43.385092169204192],[-1.8204968646675725,43.385087810448567],[-1.8205060817595475,43.385087892914555],[-1.820513126050709,43.38508345078246],[-1.820521760198996,43.385074566984393],[-1.8205320673617271,43.385061155035288],[-1.8205413733225113,43.385061238415084],[-1.8205483287352815,43.385056795364072],[-1.8205576346605385,43.385056880543033],[-1.82056450467738,43.385061489605221],[-1.8205737279023853,43.385061573929903],[-1.8205807672831529,43.385057129942076],[-1.8205855461496061,43.385048164054879],[-1.8205787560631821,43.385043635056824],[-1.8205703737395385,43.385034501908542],[-1.8205713797904715,43.385025531325056],[-1.8205784191671674,43.385021087337293],[-1.8205862165340092,43.385016645764416],[-1.8205947629486838,43.385012285752495],[-1.820601804721008,43.385007845389758],[-1.8206080898620558,43.384998875227431],[-1.8206083427834483,43.384989905880282],[-1.8206014715019438,43.384985298608491],[-1.8205945962516281,43.384980768732987],[-1.8205877250071116,43.384976159659871],[-1.8205785017601008,43.384976077137004],[-1.8205698698082409,43.384980519105703],[-1.8205552014786566,43.384984794362261],[-1.8205458955644354,43.384984709183222],[-1.8205357549287144,43.384989151796077],[-1.8205265341485755,43.384989069294456],[-1.8205163902142878,43.384993427230462],[-1.8204994598368782,43.384993259802116],[-1.8204925873639648,43.384988650710653],[-1.8204857132860393,43.384984124442411],[-1.820478839615765,43.384979513536905],[-1.8204728891036617,43.38497046219296],[-1.8204660162985193,43.384965934135806],[-1.8204583895088813,43.384961324464903],[-1.8204437221426675,43.384961156960209],[-1.8204323201105217,43.384952020566139],[-1.8204371780577944,43.384943051898986],[-1.8204528565264786,43.384929723276919],[-1.8204621584594707,43.384925365665524],[-1.820471545984736,43.384920923394731],[-1.8204816059747859,43.384916564596743],[-1.8204917466021395,43.384912121988528],[-1.8205018905244594,43.384907764054503],[-1.8205089323610091,43.384903320096306],[-1.8205159716929318,43.384898877912718],[-1.8205229270886991,43.384894434862915],[-1.8205315598942562,43.384890075746696],[-1.8205401103345171,43.384885634740918],[-1.8205479077214206,43.384881191369864],[-1.8205557014041756,43.384876747960078],[-1.8205627440610579,43.384872388648098],[-1.8205697808818952,43.384867948236128],[-1.8205768251426671,43.384863506099592],[-1.8205860471382682,43.384863588609676],[-1.8206155487124196,43.384854870505215],[-1.8206450539812646,43.384846152431237],[-1.8206822696821456,43.384837602111773],[-1.8206893114626044,43.384833159942666],[-1.8206962668383186,43.384828716882048],[-1.8207033914364577,43.384819748168056],[-1.8207074986980731,43.3848107798513],[-1.8207084207544755,43.384801810200848],[-1.8207031418443771,43.384792758591303],[-1.8206916557488957,43.384788148754026],[-1.8206816843815266,43.38478806572757],[-1.8206716257825599,43.384787897159498],[-1.82066164700927,43.384787814054896],[-1.8206515904727312,43.384787730147437],[-1.8206414478153914,43.384792088107915],[-1.8206322270648037,43.384792005615161],[-1.8206205778270124,43.384796447083581],[-1.8206089252560458,43.384800805676228],[-1.8205981143622592,43.384800722988111],[-1.8205872173436657,43.384805082167716],[-1.8205764040154317,43.384804997651578],[-1.820569365070428,43.384809357002752],[-1.8205577949174361,43.384809273683203],[-1.8205462297367592,43.384809188612898],[-1.8205354180313471,43.384809020368948],[-1.8205238466267366,43.384808937933492],[-1.8205122818353632,43.384808769123104],[-1.820501468454351,43.384808687300627],[-1.8204898995709788,43.384808602186432],[-1.8204830258850146,43.384803993081768],[-1.8204762394664007,43.384799467717066],[-1.8204671029582369,43.384790329482804],[-1.820464168581712,43.384781276833969],[-1.8204651721396907,43.3847723080262],[-1.8204684411256893,43.384763340975908],[-1.8204717114148488,43.384754370337227],[-1.8204757347359821,43.384745402963745],[-1.8204781630481182,43.384736431743782],[-1.8204791706778714,43.384727380137591],[-1.8204793371777888,43.384718411699779],[-1.8204779102067616,43.384709360192993],[-1.8204750643327661,43.38470039129745],[-1.8204683547450471,43.384686811027848],[-1.8204670995202472,43.384673232093377],[-1.8204703710038999,43.384664263267794],[-1.8204773247347854,43.384659904844476],[-1.8204851183938857,43.384655461439067],[-1.820492158950225,43.384651018368906],[-1.8204992847736752,43.384642050580467],[-1.8205063274244397,43.38463769037125],[-1.8205119433734376,43.384628721415048],[-1.8205190655057724,43.384619752686817],[-1.8205238443804086,43.384610785000717],[-1.8205278685640924,43.384601899573859],[-1.8205303823856023,43.384592847294776],[-1.8205313044466223,43.384583878545939],[-1.8205322264898967,43.384574910697346],[-1.8205302132321965,43.384561331148085],[-1.8205335646914609,43.384547918587295],[-1.8205406064485938,43.38454347642687],[-1.8205475667387105,43.384539033425753],[-1.8205568689166809,43.384539116765161],[-1.8205660871251306,43.384539201038621],[-1.8205761457174123,43.384539367814973],[-1.8205862046813079,43.38453945175408],[-1.820595425358561,43.384539536050632],[-1.8206054002271419,43.384544148319883],[-1.8206146209749992,43.384544229013848],[-1.8206238439972517,43.384548840730638],[-1.8206330634940802,43.384548922310664],[-1.8206421988633446,43.384553534022395],[-1.8206498272574245,43.384558059056715],[-1.8206598845839619,43.384558227613539],[-1.8206691064986362,43.384558311916919],[-1.8206791617978839,43.384558394009183],[-1.8206884688991001,43.38455847828908],[-1.8206962637119015,43.384554037582355],[-1.8207048125218162,43.384549677586477],[-1.820712606150324,43.384545234165117],[-1.8207196466774282,43.384540791080525],[-1.8207266884203723,43.38453634890849],[-1.8207299586063241,43.38452738096224],[-1.8207386742418914,43.384513969688378],[-1.8207457172495716,43.384509525727296],[-1.8207535945130862,43.384500640408319],[-1.8207606337802356,43.384496198208616],[-1.8207676755150073,43.384491756033938],[-1.8207747172487647,43.38448731385877],[-1.8207810031371996,43.384478428334887],[-1.8207888832139769,43.384469461102633],[-1.8207952530679012,43.384460574642922],[-1.8208000318890616,43.384451606944445],[-1.8208048897757836,43.384442636459305],[-1.820806564857689,43.384433669170136],[-1.8208067354167317,43.38442461613208],[-1.8208092475833877,43.384415646669702],[-1.8208162918087925,43.384411202716734],[-1.8208255095925625,43.384411371605971],[-1.8208315452734685,43.384420423810646],[-1.8208384180804589,43.38442495004535],[-1.8208500705628896,43.384420591428025],[-1.8208556024888882,43.384411622488564],[-1.8208596257822978,43.384402652399338],[-1.8208637329740438,43.384393684975983],[-1.8208646549997716,43.384384715323328],[-1.8208648214408227,43.38437574688372],[-1.8208616361242644,43.384339704651957],[-1.8208610511256316,43.384330651026175],[-1.8208589533542647,43.384321682650203],[-1.8208537572687316,43.384308104502402],[-1.8208500685070499,43.3842990530881],[-1.8208472193338581,43.384289997725162],[-1.8208450392370179,43.384280945659718],[-1.8208436970526445,43.384271976070444],[-1.8208431095535735,43.384262924219541],[-1.8208425253864327,43.384253955243196],[-1.8208434449266053,43.384244986465298],[-1.8208428574277336,43.38423593461436],[-1.820839924271799,43.384226881086448],[-1.820833049000653,43.384222355726735],[-1.8208271838193058,43.384208776080527],[-1.8208296144729135,43.384199807577659],[-1.8208336377554455,43.384190837488958],[-1.820836152341498,43.384181869851425],[-1.8208370735391599,43.384172815549],[-1.8208349757762636,43.384163847172445],[-1.8208328846650765,43.384150268625554],[-1.8208338881563304,43.384141299812804],[-1.8208363187885883,43.384132332209894],[-1.8208411778778004,43.384123361735135],[-1.8208474678094355,43.384114392507996],[-1.8208545906416742,43.384105509306714],[-1.8208617176331949,43.384096538805423],[-1.8208687568451827,43.384092096598124],[-1.8208743734998254,43.384083213171962],[-1.8208791498796812,43.384074241842633],[-1.8208846817339206,43.384065274701307],[-1.8208879519221768,43.384056304048492],[-1.8208904640605124,43.384047334583435],[-1.8208922230865343,43.384038366357103],[-1.8208962487475242,43.384029399892164],[-1.8209025361924434,43.384020430636212],[-1.8209095779135671,43.384015985750885],[-1.8209182105485502,43.384011627503291],[-1.8209251657776968,43.38400718622735],[-1.8209360605658806,43.384002742350617],[-1.8209461190362912,43.384002910893955],[-1.8209561791470352,43.384002994812214],[-1.8209669096344296,43.384003078438113],[-1.8209778052473438,43.383998719207014],[-1.8209871073440367,43.383998802510483],[-1.8209970859540707,43.383998887385701],[-1.821007224785036,43.383994527552552],[-1.8210212253068796,43.383990169714991],[-1.8210304459546047,43.383990251274739],[-1.8210397467635042,43.383990337261956],[-1.8210467896881253,43.383985893280965],[-1.8210545852818836,43.383981534497124],[-1.8210623800459869,43.38397709106308],[-1.8210694216982148,43.383972648868429],[-1.8210742832288436,43.383959154611517],[-1.8210791456207265,43.383945743203498],[-1.8210861848343305,43.383941299181807],[-1.8210932252463206,43.383936856972895],[-1.8211002644229652,43.383932414750795],[-1.8211094850098397,43.38393249900485],[-1.8211187904289858,43.383932665172068],[-1.8211280085298607,43.383932750299444],[-1.8211373155367914,43.383932834541731],[-1.8211511444154069,43.383933000516642],[-1.8211612872808078,43.383928558771551],[-1.821170507884736,43.383928642120409],[-1.8211798124399583,43.38392872543352],[-1.8211890338901333,43.383928892530314],[-1.8211938916415271,43.3839199238272],[-1.8212048736539312,43.38391104076748],[-1.8212134227249597,43.383906596994933],[-1.8212219742284923,43.3839021550477],[-1.8212313623862966,43.38389779646068],[-1.8212383200833213,43.383893353390114],[-1.8212462814982537,43.383884386063286],[-1.8212495516230989,43.38387541539911],[-1.8212565052252114,43.383871056025889],[-1.8212635455993156,43.383866614706456],[-1.8212705872590333,43.383862170698528],[-1.8212798917695248,43.383862255803905],[-1.8212891123812185,43.383862338242821],[-1.8212983329580543,43.383862422481521],[-1.8213076387029901,43.383862507597364],[-1.8213146775199058,43.38385814639765],[-1.8213217166714399,43.383853704161567],[-1.821328760759229,43.383849261975918],[-1.8213320271678595,43.38383576747384],[-1.821333788625658,43.383826797464486],[-1.8213385648823239,43.383817827915053],[-1.8213456064960485,43.383813385702851],[-1.8213541563372071,43.383809028369612],[-1.8213666436439349,43.383804584658257],[-1.8213736860830811,43.383800227093921],[-1.8213829054513495,43.38380030951248],[-1.8213907013678741,43.383795867868585],[-1.8213970726666544,43.383786898548799],[-1.8214011793961191,43.383773488342378],[-1.8214082210350366,43.383769044325668],[-1.8214160157113768,43.383764602667256],[-1.8214230561138831,43.383760158636846],[-1.8214322742070217,43.383760242839131],[-1.8214415795838359,43.383760409880068],[-1.8214508038312178,43.383760495044712],[-1.8214617821267263,43.383751609220361],[-1.8214665583584888,43.383742639665158],[-1.8214753588845296,43.38372922920793],[-1.8214808931225279,43.38372026026078],[-1.8214826496174266,43.383711290197773],[-1.8214757796800864,43.383706681190638],[-1.8214650505380559,43.383702070227358],[-1.8214534818267649,43.383701987013588],[-1.821448284379259,43.383692935375883],[-1.8214538186178029,43.383683966430006],[-1.8214601874440857,43.383674996180581],[-1.8214634550046349,43.383666028184798],[-1.8214659719782622,43.383657058756221],[-1.8214729271619132,43.383652615645232],[-1.8214822300363847,43.38365278355748],[-1.8215007550961291,43.383652951066772],[-1.8215099756419051,43.383653035288056],[-1.8215170159548058,43.383648594852595],[-1.8215240563713386,43.383644149015133],[-1.8215280819471973,43.383635180725463],[-1.8215328581597272,43.383626211167105],[-1.8215384746561469,43.38361732860627],[-1.8215455162320211,43.383612886381172],[-1.8215547368241864,43.383612967897982],[-1.8215640388637093,43.38361305115383],[-1.8215725899128561,43.383608692916077],[-1.8215818104521493,43.383608777131506],[-1.8215866730566481,43.383599808461135],[-1.821588348032509,43.383590839357076],[-1.8215854122906998,43.383581787621459],[-1.8215794642484018,43.383572734557525],[-1.8215725906509532,43.383568123717509],[-1.8215665537064021,43.383559071537604],[-1.8215589270058463,43.383554461940101],[-1.8215482805829373,43.383549851837003],[-1.8215368798767255,43.38354071556472],[-1.8215347030341138,43.383531746384968],[-1.8215364595150572,43.383522776320703],[-1.8215427492635341,43.383513807952767],[-1.8215497883583212,43.383509365701741],[-1.8215568299207139,43.383504923475677],[-1.8215754373166357,43.383500647262373],[-1.8215854936434539,43.383500731086151],[-1.8215954721737637,43.383500815908199],[-1.8216025124975566,43.383496373666596],[-1.8216125709222732,43.383496540349832],[-1.8216196087757182,43.383492098081717],[-1.8216274071388268,43.383487654645712],[-1.8216367087669545,43.383483296934159],[-1.821644503407317,43.383478854359055],[-1.8216522980639835,43.38347441088316],[-1.8216602639295327,43.383465526412841],[-1.8216673030552861,43.383456556755569],[-1.821672918704049,43.383447588637551],[-1.821676188706477,43.383438619760014],[-1.8216778636642121,43.383429650654229],[-1.8216843184534475,43.383416239419923],[-1.8216906871996872,43.3834072700568],[-1.8216977312086136,43.383402827847156],[-1.8217047727478854,43.383398385611656],[-1.8217117262626972,43.383394026209395],[-1.8217210331890548,43.383394110403223],[-1.821731175940648,43.383389667705394],[-1.8217403964821191,43.383389750107114],[-1.8217496145201295,43.383389834283157],[-1.821758918589987,43.38339000218518],[-1.8217681366280931,43.383390086359739],[-1.8217774448057722,43.383390169661439],[-1.8217874159475802,43.38339025258972],[-1.8217989841960509,43.383390420406002],[-1.8218082861674514,43.383390505442136],[-1.8218127305577223,43.383399557408936],[-1.8218102160977241,43.383408527771984],[-1.8218039280560694,43.383417410630905],[-1.8217975630282239,43.383426380038657],[-1.8217927831678813,43.38343534957086],[-1.8217871675378308,43.383444317695009],[-1.8217823880443924,43.383453204390285],[-1.8217745082300769,43.383462172596033],[-1.8217681395250458,43.383471140163323],[-1.8217610995859903,43.383475499578914],[-1.8217533049369687,43.383479943062312],[-1.8217462646433531,43.383484384413123],[-1.8217384699921166,43.383488827895512],[-1.8217292494705106,43.383488743692944],[-1.8217222070580346,43.38349310308061],[-1.8217121494977164,43.383493019256164],[-1.8217051079478672,43.383497461491928],[-1.8216965577183668,43.383501906190141],[-1.8216895162012223,43.383506346624401],[-1.8216878412428552,43.383515315730229],[-1.8216899366429238,43.38352428406791],[-1.8216968102445397,43.383528894900948],[-1.8217036838820622,43.383533503933066],[-1.8217129043754967,43.383533589938281],[-1.8217238002564906,43.38352914599718],[-1.8217332735289267,43.383520260846367],[-1.8217424915866882,43.383520345023236],[-1.8217517121480005,43.383520427424251],[-1.8217593376249241,43.383525036996318],[-1.8217646214897094,43.383534090411032],[-1.8217652066527301,43.383543142234409],[-1.8217673057331658,43.383552112409419],[-1.8217694822409443,43.383561164421536],[-1.8217715760154276,43.383570217381994],[-1.8217714109471452,43.383579185838457],[-1.8217697347642652,43.383588154932781],[-1.8217664672531162,43.383597122937999],[-1.8217639503263288,43.383606092373846],[-1.8217615198356851,43.383615060899352],[-1.8217605148523,43.383624114346951],[-1.8217595930073811,43.383633082209151],[-1.8217609336758969,43.383642136414323],[-1.821765292006398,43.383655632054733],[-1.8217689808679798,43.383664683441658],[-1.8217704092097997,43.38367373674911],[-1.8217702416721049,43.383682705179943],[-1.8217692342200504,43.383691758602083],[-1.8217599307022119,43.383736686410664],[-1.8217520543381756,43.383781613615831],[-1.8217487019537413,43.383799551803044],[-1.8217425844666868,43.383835510765515],[-1.821735711411163,43.38387147004601],[-1.8217324389067417,43.383880439799228],[-1.8217291738421144,43.383889407828129],[-1.8217251494775533,43.383898377937854],[-1.8217195325590514,43.383907346044658],[-1.8217124110578011,43.383916232015359],[-1.821706876835238,43.383925200973579],[-1.8216998351994036,43.383929645008635],[-1.8216934656210249,43.383938527020426],[-1.8215484583238402,43.384058646692353],[-1.8215326988727107,43.384071973732198],[-1.8215233119386722,43.384080857053924],[-1.8215139221332384,43.38408530028893],[-1.8215037808128753,43.384094186639651],[-1.821480227826497,43.384111957148903],[-1.8214615362756084,43.384120758076577],[-1.8214427631910439,43.384134085559573],[-1.8214232296142301,43.384147412404793],[-1.8214161920576895,43.384151770922628],[-1.8214090651754173,43.384160739658732],[-1.8214035333540706,43.384169708626601],[-1.8214002657386068,43.384178677519706],[-1.8213993450298795,43.384187647190721],[-1.8213974971183817,43.384201142807697],[-1.8213911282610353,43.384210111251562],[-1.821386349934129,43.384218995239685],[-1.821379313213022,43.384223437504488],[-1.8213722690325993,43.384227882393247],[-1.8213620461852789,43.384241292588136],[-1.8213602847183161,43.384250262597213],[-1.8213570146232529,43.384259231463396],[-1.8213522383681005,43.384268199212059],[-1.8213482127050795,43.384277168394014],[-1.8213441919607167,43.384286138526981],[-1.8213409243647991,43.384295105617554],[-1.8213384085786675,43.384304075054608],[-1.8213398344005625,43.384313128340438],[-1.8213426828543318,43.384322097241785],[-1.8213518194616505,43.384331233606979],[-1.8213631342184282,43.384344811768244],[-1.8213729449157179,43.384353947876221],[-1.8213819938774551,43.384363084236057],[-1.8213865197201886,43.384372137957932],[-1.8213933110980287,43.384376663320076],[-1.8214001847716894,43.384381274171112],[-1.8214070601034671,43.384385799497295],[-1.8214139350135337,43.384390410360254],[-1.8214231544713666,43.384390492776575],[-1.8214324565944773,43.384390577845018],[-1.8214493868446229,43.384390743332816],[-1.82145869390518,43.384390828450023],[-1.8214695043676916,43.384386469195199],[-1.8214803176246217,43.384386553626065],[-1.821491887295325,43.384386721488269],[-1.8215027833461923,43.384382277570879],[-1.8215135949629986,43.384382446622773],[-1.8215244107403457,43.384382528374097],[-1.821535973392203,43.38438261241884],[-1.8215467874778861,43.384382781493059],[-1.8215544159194434,43.38438730646768],[-1.8215612896241475,43.384391916408937],[-1.8215640553596948,43.384405411850764],[-1.8215646429147418,43.384414466399775],[-1.8215644741254087,43.384423433915828],[-1.8215627999845476,43.38443248586703],[-1.8215602854592465,43.384441455321813],[-1.8215570153826586,43.384450424193652],[-1.8215522366376442,43.384459393725592],[-1.8215466225140065,43.384468277210644],[-1.8215387424956402,43.384477247197182],[-1.8215324567171205,43.384486132764003],[-1.8215254162721688,43.384490574999198],[-1.8215183745918497,43.384495017221198],[-1.8215113341448346,43.38449945945549],[-1.8215049640201693,43.384508428792586],[-1.8214979214897067,43.384512787263866],[-1.8214939007858615,43.38452175560132],[-1.8214883689429313,43.384530724572478],[-1.8214850988507085,43.384539693441958],[-1.8214825867778623,43.384548662920103],[-1.8214816648401531,43.38455763257852],[-1.8214822499675538,43.384566684401378],[-1.8214835906471527,43.384575736807577],[-1.8214872786205372,43.384584707153678],[-1.8214941548456147,43.384589315323915],[-1.8215010260646152,43.384593927043902],[-1.8215102467529984,43.384594011266806],[-1.821519548942399,43.384594094528026],[-1.8215303635056224,43.384594177166754],[-1.8215389138673956,43.384589734284233],[-1.8215489724376661,43.384589902775659],[-1.8215567672627595,43.384585458408573],[-1.8215645632687267,43.38458101675446],[-1.8215716037389365,43.384576573616783],[-1.8215785598508698,43.384572215150847],[-1.8215879472240828,43.384567773686804],[-1.82159582929345,43.384558889259694],[-1.8216091558883056,43.384550003310345],[-1.8216183741365886,43.384550085698471],[-1.8216276762847206,43.384550170751325],[-1.8216360611168347,43.384554781852998],[-1.8216405018770778,43.384563832886975],[-1.8216555068380633,43.38458646422314],[-1.8216696735222624,43.384609095923615],[-1.8216764607934157,43.384618233265968],[-1.8216824151272821,43.384631811085292],[-1.8216829994207837,43.384640780058227],[-1.8216812429604068,43.384649748322374],[-1.821678812412554,43.384658716843902],[-1.8216778073962567,43.384667770288807],[-1.8216846815292067,43.384672296486229],[-1.8216915515552443,43.384676907282014],[-1.8217007722916927,43.384676989689169],[-1.8217109988344289,43.384668105100516],[-1.8217196294687663,43.384659135633321],[-1.8217289374355756,43.384659303578125],[-1.821738159368929,43.384659387795459],[-1.8217474603346961,43.384659471025536],[-1.8217542517366103,43.384663998167206],[-1.8217571825975858,43.384673050747104],[-1.8217608739501605,43.384682103959328],[-1.8217677452698131,43.384686712062567],[-1.821775373713437,43.384691239723622],[-1.8217845932179837,43.38469132211133],[-1.821793897452133,43.384691491813264],[-1.8218040379482836,43.38468704908697],[-1.8218171990873371,43.384682689707581],[-1.8218257494412085,43.384678246803574],[-1.821835052878803,43.384678330051969],[-1.8218488831300814,43.384678497757697],[-1.8218557581416939,43.384683106794128],[-1.8218571831838826,43.384692077224784],[-1.8218508106552005,43.384701044755261],[-1.8218437714073172,43.38470548882308],[-1.8218344642625266,43.384705405537183],[-1.8218266723674728,43.384709762610896],[-1.8218197170866295,43.384714205741474],[-1.8218126754011763,43.384718647981373],[-1.8218056361484811,43.384723092046798],[-1.8217985944609751,43.384727534285815],[-1.8217914667357167,43.384736418395086],[-1.8217850954095347,43.384745386834666],[-1.8217810771480487,43.384754357908335],[-1.821778560224123,43.384763324641433],[-1.8217776383260671,43.38477229430238],[-1.821778225932716,43.384781347949875],[-1.8217780596239186,43.384790316391694],[-1.8217763821704072,43.384799285471175],[-1.8217731133395112,43.384808254361502],[-1.8217674988097607,43.384817222493801],[-1.8217627175969249,43.38482619200856],[-1.8217556771285679,43.384830634257398],[-1.8217486366591955,43.384835076505794],[-1.8217415949544491,43.384839518741018],[-1.8217322930892426,43.384843878258266],[-1.8217229031797064,43.384848321508684],[-1.8217159479102329,43.384852762832047],[-1.8217066448512393,43.38485259493671],[-1.8216965845626472,43.384852512883398],[-1.8216887873140022,43.38485695363304],[-1.8216788134634201,43.384856870667953],[-1.8216695112682297,43.384856785618709],[-1.8216602044579535,43.384861145079128],[-1.8216531664468334,43.384865587346923],[-1.8216513222183912,43.384879085705798],[-1.8216573581029389,43.384888136067609],[-1.8216665763677289,43.384888220252982],[-1.8216804918701868,43.384888387056712],[-1.8216897978081501,43.384888470342766],[-1.821696586392169,43.384893080298902],[-1.8217042148733806,43.384897607064531],[-1.8217102482640701,43.384906659198734],[-1.8217146914763289,43.38491571295588],[-1.8217215627661241,43.384920323762749],[-1.8217307835395495,43.384920406167915],[-1.8217400882133521,43.384920491237693],[-1.8217493089868717,43.384920573641352],[-1.8217563494313511,43.384916133193627],[-1.8217633920432863,43.384911772006269],[-1.8217681682907938,43.384902804241314],[-1.8217669099160274,43.384889309029433],[-1.8217648173580996,43.384875729585602],[-1.8217680849248421,43.384866762483462],[-1.8217737007633279,43.384857790762958],[-1.8217807432800062,43.384853434075666],[-1.8217877825148929,43.384848991812603],[-1.8217947402823291,43.384844548709708],[-1.8218040425109323,43.384844631948205],[-1.8218132657069526,43.384844716172523],[-1.8218225667012902,43.384844799396809],[-1.8218348059823797,43.384849409677166],[-1.8218369862454686,43.384858461724797],[-1.8218344717589303,43.384867430284935],[-1.8218274300565407,43.384871872525459],[-1.8218203858844479,43.384876314740062],[-1.8218133490824955,43.384880758831066],[-1.8218085691403942,43.384889726559891],[-1.8218060570820778,43.384898696945235],[-1.8218082364954813,43.384907665243915],[-1.8218134312058964,43.384916802376907],[-1.8218203066112031,43.384921328579161],[-1.8218340521178082,43.384925938170646],[-1.821844110745052,43.384926106636776],[-1.8218541710462846,43.384926188677262],[-1.8218612102495684,43.384921748210289],[-1.8218704310410916,43.38492182970392],[-1.8218797332817482,43.38492191293642],[-1.82188753138972,43.384917555022838],[-1.8218960793032686,43.384913112088647],[-1.8219031210055765,43.384908669843938],[-1.8219123417429386,43.38490875403496],[-1.8219193834784293,43.384904309988713],[-1.8219286865462938,43.384904477866826],[-1.8219354755202029,43.384909004972577],[-1.8219486379412879,43.384909171188767],[-1.8219555108524341,43.384913699158083],[-1.8219700918116863,43.38491386557866],[-1.8219831694102215,43.384918475475011],[-1.8219900444240347,43.384923086304127],[-1.8219992651638544,43.384923170488143],[-1.8220063044261237,43.384918726411058],[-1.8220218113034066,43.384914367761787],[-1.8220296908699545,43.384905484179882],[-1.8220367313448711,43.384901041013876],[-1.822046037268455,43.384901125171183],[-1.8220560934423493,43.38489676619519],[-1.8220708447370679,43.384892407859766],[-1.8221290166151429,43.38487949781608],[-1.8221359755959798,43.384875054704921],[-1.8221452778303189,43.384875137915699],[-1.822152317041615,43.384870695629949],[-1.8221608681760388,43.384866340051445],[-1.8221694185663262,43.384861895321357],[-1.8221772108613206,43.384857453587422],[-1.8221842525718031,43.384853009524562],[-1.8221912951113584,43.384848650110847],[-1.8221983367849235,43.3848442078476],[-1.8222038660847493,43.384835238816258],[-1.8222172798765375,43.384821911837761],[-1.822224321545113,43.384817469572802],[-1.8222321965712081,43.384808499488045],[-1.822239996260808,43.384804057825932],[-1.8222478745816988,43.384795172415075],[-1.8222557504315868,43.384786286978219],[-1.8222635476479436,43.384781845289019],[-1.8222722670905804,43.384772876694839],[-1.8222808133524995,43.384768516554928],[-1.8222894476038909,43.384759547982455],[-1.8222980802315276,43.384755190531592],[-1.8223066305613491,43.384750747591383],[-1.8223160175401949,43.384741861505468],[-1.8223254073908572,43.384737418205596],[-1.8223347091632938,43.384733060439821],[-1.8223503036432183,43.384728700847099],[-1.8223570897570411,43.384733312539609],[-1.8223639627143882,43.384737838684082],[-1.8223622027049251,43.384751331619164],[-1.8223558314257502,43.384760301891994],[-1.8223502173724639,43.384769186317335],[-1.8223446831280772,43.384778157105842],[-1.8223414181197022,43.384787124251055],[-1.822341247769415,43.384796178193717],[-1.8223433470265595,43.384805145656927],[-1.822348627382911,43.384814199006826],[-1.8223538225713751,43.384823251479339],[-1.8223544077955065,43.384832305099366],[-1.8223527366320791,43.384841272451233],[-1.8223471209148234,43.384850242400681],[-1.8223408290419967,43.384859127948744],[-1.822333707147028,43.384868096792893],[-1.822328761865007,43.384881591139411],[-1.8223301857467589,43.384890561552041],[-1.8223369756495695,43.384895169682899],[-1.8223438510921113,43.384899695854088],[-1.8223531533308577,43.38489977904802],[-1.8223623777364435,43.38489986504139],[-1.8223694166008095,43.384895503778047],[-1.8223764557984248,43.384891061478314],[-1.8223797233111045,43.384882092557163],[-1.8223821537481422,43.384873124920254],[-1.8223870175748502,43.384864156230321],[-1.8223933036737758,43.38485518597917],[-1.8224003453336357,43.384850743703268],[-1.8224073869576132,43.384846303227476],[-1.822414427046857,43.38484194197391],[-1.8224207958227532,43.384832973473024],[-1.8224279226206961,43.384824005574337],[-1.8224319440563572,43.384815120952574],[-1.8224336205660066,43.384806068113008],[-1.8224322781022009,43.384797100340855],[-1.8224278385112509,43.384788045748095],[-1.8224202905983491,43.384778908721344],[-1.8224166036576057,43.384769941117391],[-1.8224121615847841,43.384760887398883],[-1.8224092268841359,43.384751836597111],[-1.8224055391336151,43.384742783442896],[-1.8224034427592684,43.384733730468874],[-1.822401263280959,43.384724761280062],[-1.8224045324188014,43.384715707733577],[-1.8224109044641705,43.384706824808276],[-1.8224201252073897,43.384706907157451],[-1.8224294273994794,43.384706991245118],[-1.8224362172723074,43.38471160027035],[-1.8224430927019089,43.384716126435556],[-1.822443677938655,43.38472518005544],[-1.8224420005851012,43.38473414914592],[-1.8224425886943576,43.384743118154269],[-1.8224431752004038,43.384752169986292],[-1.822446109871271,43.38476122258777],[-1.8224489605905398,43.384770275225094],[-1.8224542409946594,43.384779326769788],[-1.8224655535427225,43.384792908400293],[-1.8224738558371179,43.384802043287507],[-1.8224767884499795,43.384811011225835],[-1.822477373692363,43.384820064845456],[-1.8224756148744117,43.384829033097418],[-1.8224723473788347,43.384838002021596],[-1.8224668131807049,43.38484697101552],[-1.8224596904402768,43.384855857018593],[-1.8224525636257143,43.384864825819506],[-1.8224446840908373,43.384873711231869],[-1.8224289258968507,43.384891564003766],[-1.8223752811211384,43.384949568794305],[-1.8223210522226605,43.385003049149404],[-1.8223170291543098,43.385012016590373],[-1.8223183715702889,43.385020986163909],[-1.822325242953206,43.385025595134543],[-1.8223344661782979,43.385025679317167],[-1.8223437684362906,43.385025762512065],[-1.822356171550567,43.385021404268684],[-1.8223670684851272,43.385017044919621],[-1.8223762892403716,43.385017129073418],[-1.8223855939658711,43.385017212290343],[-1.8223915472030281,43.385026265363955],[-1.8223906253904341,43.385035235030472],[-1.8223835010477292,43.385044202051304],[-1.8223787223752772,43.385053171617756],[-1.822371680655263,43.385057615692382],[-1.8223646418591883,43.385061972454253],[-1.822356843327078,43.385066416837873],[-1.8223482979281937,43.385070858031447],[-1.8223404981768347,43.385075301500954],[-1.8223327062344707,43.385079660409239],[-1.8223240743929794,43.38508410251162],[-1.8223170314659207,43.385088544769538],[-1.8223092366474114,43.385092988287681],[-1.8223014385288332,43.385097347130213],[-1.8222911330156961,43.385110757455358],[-1.8222824986787067,43.385119727827345],[-1.8222731116877982,43.385128611208422],[-1.8222637246452311,43.385132969891458],[-1.8222534989152708,43.385141940078768],[-1.8222463711885304,43.385150825116234],[-1.8222394158692214,43.38515526917206],[-1.8222267575492084,43.385168597630368],[-1.8222164483217234,43.385182007009874],[-1.8222062230078249,43.385195418153181],[-1.8221975034762092,43.38520438764111],[-1.8221927288706963,43.385213272600268],[-1.8221863550830237,43.385222241036139],[-1.822182335665322,43.385231209410023],[-1.8221783087880368,43.385240180408225],[-1.8221750412776934,43.385249146621732],[-1.8221726107416867,43.385258116953892],[-1.822171604956881,43.385267085753306],[-1.8221706815036913,43.385276138240933],[-1.8221705164841457,43.385285106695967],[-1.8221711053869736,43.385294160354086],[-1.8221724428841937,43.385303128077346],[-1.8221752935934112,43.38531670721801],[-1.8221821690358031,43.385321235199513],[-1.8221890404416567,43.385325844178375],[-1.8222052202627708,43.385326012630344],[-1.8222144410991907,43.385326094997218],[-1.8222214815927946,43.385321652720783],[-1.8222300283230086,43.38531720884933],[-1.8222409253023737,43.385312850413499],[-1.8222487225881319,43.385308408726509],[-1.8222565989059758,43.385303966052078],[-1.8222635587571054,43.385299607583548],[-1.8222706004784266,43.385295165316727],[-1.8222910503095266,43.385277311363808],[-1.8223114195092809,43.385259540317413],[-1.8223318701640814,43.385241770106227],[-1.8223522384747632,43.385223916203039],[-1.8223733619864249,43.385210672207819],[-1.8223944817447459,43.38519290257284],[-1.8224015259477042,43.385188458522506],[-1.8224086503399937,43.385179489700391],[-1.8224165286863212,43.385170604278784],[-1.8224260823435361,43.385157192502952],[-1.8224331265051783,43.385152750251109],[-1.8224401620253747,43.385148307909787],[-1.8224479617442106,43.385143866234102],[-1.8224580191649369,43.385139507235749],[-1.8224658139788326,43.385135063707452],[-1.8224758718131056,43.385135147468738],[-1.8224829143304022,43.385130789837959],[-1.8224907103757293,43.38512634632059],[-1.822497750826074,43.385121904026519],[-1.8225047900236349,43.385117462619526],[-1.8225172808034455,43.385108576062485],[-1.8225290995013022,43.385095248830972],[-1.8225368942695144,43.38509080709818],[-1.8225439335303155,43.385086362087634],[-1.8225509727203832,43.385081920677692],[-1.8225602798901739,43.385082005706465],[-1.8225688298788725,43.385077645583614],[-1.8225788864347954,43.385077731123552],[-1.822585845441224,43.385073286184529],[-1.8226005140458237,43.385073455228053],[-1.8226136744060928,43.385073538506269],[-1.8226259961032778,43.385073704992585],[-1.8226390696210861,43.385073873815713],[-1.8226515583504457,43.38506942907938],[-1.8226842434363919,43.384894243377325],[-1.8227601012587766,43.384662562082895],[-1.8227839880783612,43.384672954121974],[-1.8228022608865797,43.38467647565389],[-1.8228623595774327,43.384657951936504],[-1.8228584216456667,43.384666416929143],[-1.8227653016937428,43.384971611457495],[-1.8227792973833621,43.384967253355704],[-1.8227885206358796,43.384967335701063],[-1.8227953936519727,43.384971861820105],[-1.8228046967689662,43.384972027826578],[-1.8228139174839151,43.384972113745548],[-1.8228248172497614,43.384967669740803],[-1.8228340367646054,43.384967753844897],[-1.8228433398463122,43.384967921648752],[-1.8228518901674333,43.384963478667821],[-1.822862703531688,43.384963562969133],[-1.8228704991248443,43.384959204062142],[-1.8228782938683903,43.384954761405204],[-1.8228860886108131,43.384950318747741],[-1.8228953908415915,43.384950402797905],[-1.8229046975967262,43.384946042335898],[-1.8229117392305838,43.384941600028284],[-1.8229209550387291,43.38494168408721],[-1.8229279979052491,43.384937241791292],[-1.8229380557083352,43.384937325511572],[-1.8229481159801491,43.384937409256366],[-1.8229574190091482,43.384933049652119],[-1.8229668088090893,43.384928608100047],[-1.8229767798037957,43.384928775564489],[-1.8229861696365184,43.384924332210261],[-1.8229993270424965,43.38491997265649],[-1.8230171832571009,43.384915614642239],[-1.8230351217474625,43.384906812913933],[-1.8230475272406597,43.384902455520283],[-1.8230599302808306,43.384898097199581],[-1.8230732579578035,43.384889211991428],[-1.8230856622626568,43.384884851880045],[-1.823098904822678,43.384880493191183],[-1.8231113103234533,43.384876134890199],[-1.8231243903760073,43.384876219083942],[-1.8231352847621825,43.384871859635211],[-1.8231445894678429,43.384871942790141],[-1.8231538101686857,43.384872028681507],[-1.8231631149092653,43.384872110034408],[-1.823172334428105,43.384872193210818],[-1.823181471276683,43.384876804734887],[-1.8231883426752431,43.384881415454835],[-1.8231976498512095,43.384881498630875],[-1.8232068705885134,43.384881582717476],[-1.8232161728271967,43.384881665841185],[-1.8232239675533732,43.384877222259945],[-1.8232325186659732,43.38487286389968],[-1.823239559033399,43.384868421558764],[-1.8232467642582022,43.384855010758315],[-1.8232522959090405,43.384846039899408],[-1.8232593399749157,43.384841597595297],[-1.8232686421728286,43.38484168251518],[-1.8232771933120788,43.384837322350933],[-1.823284063847175,43.384841850216063],[-1.8232932846135594,43.384841932495121],[-1.8233001609542243,43.384846543259258],[-1.8233046007321099,43.384855595118793],[-1.8233081225049947,43.384873618492534],[-1.8233094646969195,43.384882670892743],[-1.823310049232131,43.384891639859774],[-1.8233067818555173,43.384900608809097],[-1.8233012502423513,43.384909577870054],[-1.8232919484304326,43.384921981120485],[-1.8232877540204098,43.384927432426323],[-1.8232743442466754,43.384945285169195],[-1.8232672200090647,43.384954254047408],[-1.8232561579229567,43.384967664778529],[-1.8232505390256313,43.3849765500985],[-1.823245762954482,43.384985519728247],[-1.8232362082699709,43.384998931562642],[-1.8232314310127882,43.385007898478207],[-1.8232242207935685,43.385021311026804],[-1.8232209546313234,43.385030279985919],[-1.8232176835306977,43.385039248894124],[-1.8232160074808756,43.385048219809903],[-1.8232150032254393,43.385061712431209],[-1.8232147490506248,43.385070766412696],[-1.8232138273933043,43.385079734286649],[-1.8232113970521575,43.385088702842488],[-1.8232081321185387,43.385097671813789],[-1.8232079619127726,43.385106724858488],[-1.8232233014237054,43.385111334479149],[-1.8232402318154033,43.385111503305147],[-1.8232471057655595,43.385116111346392],[-1.8232593464290292,43.385120722388876],[-1.8232653800395295,43.385129776244113],[-1.8232667209955611,43.385138828631725],[-1.8232642067415046,43.38514779542465],[-1.8232579194696139,43.385156767512207],[-1.8232523055266987,43.385165651082062],[-1.8232459343852412,43.385174618704085],[-1.823241912657577,43.385183587091724],[-1.8232402341730238,43.38519255618175],[-1.8232408220002503,43.385201609823611],[-1.8232459363596727,43.385215104180382],[-1.8232503785890142,43.385224157867604],[-1.8232572525350936,43.385228766808567],[-1.8232665584952419,43.385228851767408],[-1.823281979033363,43.385229019456993],[-1.8232911998236059,43.385229103537384],[-1.8232989945894897,43.38522465995176],[-1.8233083828083525,43.38522030119583],[-1.823318441784016,43.385215859297581],[-1.8233270744399273,43.385211499968726],[-1.823334032138997,43.385207056771605],[-1.8233466042852449,43.38519817096121],[-1.8233599302204293,43.385184845646513],[-1.8233669731014315,43.385180402423451],[-1.8233747666212172,43.385175958819787],[-1.8233818908698052,43.38516698993535],[-1.823389683984211,43.385162630967571],[-1.8233974836718123,43.385158187425823],[-1.823406115447288,43.385153745241674],[-1.8234146641003359,43.385149387743148],[-1.8234217032179663,43.385144947179249],[-1.8234302535577838,43.385140502354488],[-1.823439643391209,43.385136058963198],[-1.8234489476160576,43.385131701132252],[-1.8234582523624452,43.385131784262093],[-1.8234675557534621,43.385127341779985],[-1.8234776982701837,43.385122983567364],[-1.8234877556155926,43.385118624477528],[-1.8234978972626901,43.385114183413926],[-1.823507285485265,43.385109822840697],[-1.8235142431247906,43.385105381432766],[-1.8235236304780662,43.385100938009018],[-1.8235306720857245,43.385096495663092],[-1.8235384663974765,43.385092137597859],[-1.8235455092547934,43.385087694363456],[-1.8235525496249738,43.385083252003426],[-1.8235617679600955,43.385083334235851],[-1.8235711577404206,43.38507889263402],[-1.8235797063886756,43.385074534222554],[-1.8235896827498297,43.385074617047678],[-1.8236013344308915,43.38507470089916],[-1.8236091262835834,43.385070341903358],[-1.8236206952279521,43.385070426702583],[-1.8236284899496644,43.38506598309386],[-1.8236393042017547,43.385066150171092],[-1.8236462618615701,43.385061706954424],[-1.8236541404809492,43.385057266007898],[-1.823664114370817,43.385057348801098],[-1.8236774419616502,43.385048465322683],[-1.8236844819678291,43.385044104890532],[-1.8236944545516562,43.385044191269401],[-1.8237014961752145,43.385039747112188],[-1.823710800908328,43.385039830221331],[-1.8237175908643,43.38504444187253],[-1.823719015006779,43.385053409569231],[-1.8237165008055698,43.385062377273286],[-1.8237132334789217,43.38507134623454],[-1.8237061893837982,43.38507579036704],[-1.8236991527285396,43.385080232774754],[-1.8236899331939385,43.385080148740201],[-1.8236766055630342,43.385089034020474],[-1.8236695614980285,43.385093476350114],[-1.8236640290876631,43.385102360779094],[-1.8236592530668347,43.385111330426504],[-1.8236567376199191,43.385120298116348],[-1.8236573242743814,43.385129351744226],[-1.8236602591610356,43.385138403415979],[-1.8236654582582894,43.385147456769324],[-1.8236753500324523,43.385156510672921],[-1.823682221517658,43.385161120463529],[-1.8236914410993257,43.38516120269832],[-1.8237006618631517,43.385161287645843],[-1.8237099678492095,43.385161370767968],[-1.8237170082162428,43.385156928397841],[-1.8237248839016971,43.385148042858411],[-1.8237351127020922,43.385139158112352],[-1.8237420678948146,43.38513471486452],[-1.8237491069872569,43.385130274280129],[-1.8237561486170086,43.385125830119691],[-1.8237662101222241,43.38512591560611],[-1.8237754305659335,43.385126080683207],[-1.8237832227454693,43.385121640639568],[-1.8237925275261813,43.385121721941708],[-1.8237995691169873,43.385117279579056],[-1.823809038492775,43.385103868621073],[-1.8238130638695682,43.385094898449914],[-1.823820105455765,43.385090456085919],[-1.8238308362580968,43.385095066844684],[-1.8238401393637789,43.385095234567693],[-1.8238445817085183,43.385104286432409],[-1.8238413119296035,43.38511325537204],[-1.8238057743750726,43.385153406815448],[-1.8238002419614117,43.385162292151371],[-1.823793117774513,43.385171261062609],[-1.8237890924069031,43.385180230332608],[-1.8237858250842052,43.38518919929578],[-1.8237833108867674,43.385198167001171],[-1.8237816337157755,43.385207136112712],[-1.8237806268997727,43.385216106716932],[-1.8237812136081328,43.385225158543712],[-1.8237833941739618,43.385234210557144],[-1.8237855738732716,43.385243179721385],[-1.8237892631280685,43.385252231045222],[-1.8237937054413365,43.385261284712215],[-1.8237989033517525,43.385270337146721],[-1.8238033456851357,43.385279389913102],[-1.8238016685145919,43.38528835902482],[-1.8237991551474064,43.385297411380051],[-1.8237921127030992,43.385301769092642],[-1.8237850710900958,43.38530621145447],[-1.8237780319099572,43.385310655641717],[-1.8237688111058272,43.385310571600435],[-1.8237617694901311,43.385315013960771],[-1.8237548979990692,43.385310403274545],[-1.8237456771602436,43.385310321031902],[-1.8237318475165469,43.385305709003916],[-1.8237193568702015,43.385314595694929],[-1.8237100537315369,43.385314427961738],[-1.8237032645786571,43.385309900959619],[-1.8236895174677028,43.385300765979224],[-1.8236816343855953,43.385309649638984],[-1.8236797931293667,43.38532314445893],[-1.8236765232789558,43.385332115193613],[-1.8236733399191647,43.38534108231574],[-1.8236692342545728,43.38535005255607],[-1.8236652113424918,43.385359020946211],[-1.8236619415227158,43.38536798987986],[-1.8236609372548496,43.385381487906947],[-1.8236622783268206,43.385390537589487],[-1.8236691502218532,43.385395063644303],[-1.8236760217157169,43.385399674335659],[-1.8236899348598741,43.385399841771118],[-1.823699158163397,43.385399924944068],[-1.8237061997935582,43.385395482587818],[-1.8237154181416513,43.385395566608906],[-1.8237225436012434,43.385386597716],[-1.8237303404058596,43.385382239663571],[-1.8237450917212039,43.385377880212239],[-1.823743414539057,43.385386849322835],[-1.8236854108629943,43.385431273615325],[-1.8236751858096261,43.385444685792919],[-1.823668813832908,43.385453570589334],[-1.8236640390184287,43.385462540248753],[-1.8236630342813789,43.385471593713127],[-1.8236690655522247,43.385480645721699],[-1.8236759386921577,43.385485171788844],[-1.8236828151339943,43.385489782530634],[-1.8236920359998376,43.385489864778648],[-1.8237005875340875,43.385485423547998],[-1.8237130709165774,43.385481064182528],[-1.8237224602413649,43.385472179807103],[-1.8237295018783364,43.385467737449574],[-1.823738805301941,43.385463294945986],[-1.8237458453350537,43.385458935411137],[-1.8237528894723147,43.385454491276974],[-1.8237599298706764,43.385450048904772],[-1.8237669677644825,43.385445608307265],[-1.8237756040163273,43.38543672158378],[-1.8237833987396588,43.385432279765716],[-1.8237904391332278,43.385427837391596],[-1.8237997451603309,43.385427920506849],[-1.8238089659823322,43.385428004545858],[-1.8238158350567599,43.385432613403033],[-1.8238227114861219,43.385437225036767],[-1.8238319310926743,43.385437308160988],[-1.8238502882346594,43.385446443717846],[-1.8238462653076366,43.385455413914968],[-1.8238451747088555,43.385468909254691],[-1.8238520487280319,43.385473518160531],[-1.8238589218462238,43.385478046017347],[-1.8238674729997633,43.385473687610464],[-1.8238784500275509,43.385464801543499],[-1.8238854916872853,43.385460357375663],[-1.8238932864058208,43.385455915550097],[-1.823901081123223,43.385451473723919],[-1.8239097162408382,43.385447114376582],[-1.8239166739254409,43.38544267114402],[-1.8239246351921186,43.385433701830358],[-1.8239255567512553,43.385424733950082],[-1.8239249721043882,43.385415765886172],[-1.8239227915289151,43.385406712975161],[-1.8239183466652511,43.385397661988407],[-1.8239070328128246,43.385383997648859],[-1.8239002422501567,43.38537494504682],[-1.8239004107182795,43.385365976624605],[-1.8239036805029232,43.385357007683723],[-1.8239107196446744,43.385352565289217],[-1.8239185143822323,43.385348121661117],[-1.8239255559905865,43.385343679291076],[-1.8239325975979028,43.385339236920572],[-1.8239373744124203,43.385330352811764],[-1.8239407292560259,43.385316856446089],[-1.8239432434704157,43.385307886936708],[-1.8239480218995801,43.385298919103327],[-1.8239536374253091,43.385289949073687],[-1.8239606765382048,43.385285507576206],[-1.823967718136188,43.385281065203372],[-1.8239769373351493,43.385281232052328],[-1.8239862407296998,43.385276788627692],[-1.8239956292581925,43.385272347878683],[-1.8240048484559699,43.385272514725386],[-1.8240142382690439,43.385268071286731],[-1.8240235416414852,43.385263628759247],[-1.8240321767235743,43.385259269402113],[-1.8240413925485326,43.385259355171819],[-1.8240507823569498,43.385254911730108],[-1.824059333465333,43.385250553308225],[-1.8240678837397815,43.385246110235997],[-1.8240764327960626,43.385241666250188],[-1.8240850666195272,43.385237307776492],[-1.8240936143867545,43.385232866477445],[-1.8241021646562521,43.385228423402594],[-1.8241107997103669,43.385224064939614],[-1.8241185919308238,43.385219622172308],[-1.8241263866362536,43.385215178529563],[-1.8241349402023976,43.385210820127256],[-1.8241427336363523,43.385206378271171],[-1.8241497739776484,43.385201935874115],[-1.8241575699128969,43.385197492241907],[-1.8241653658122063,43.385193050409612],[-1.8241724045492698,43.385188690834902],[-1.8241795311341484,43.385179722825065],[-1.8241865727214144,43.385175279538117],[-1.8241936118215731,43.385170837125578],[-1.8242005678005659,43.385166479399466],[-1.8242076943960475,43.385157510487517],[-1.8242202651371955,43.385148626367197],[-1.8242296531368849,43.385139740134974],[-1.8242352685713699,43.385130771891134],[-1.8242408001034121,43.385121800983427],[-1.8242433167337053,43.385112831491909],[-1.8242442357713458,43.385103863582593],[-1.824242894670236,43.385094811204716],[-1.8242384560043774,43.385085757592336],[-1.8242324197486353,43.385076705561893],[-1.824225544143377,43.385072179502565],[-1.8242187540755781,43.385067571482097],[-1.8242118834619505,43.385063042771947],[-1.8242035007777171,43.385058434582653],[-1.824191093940599,43.385058265590061],[-1.8241812026105191,43.385053656293501],[-1.8241711447841025,43.385053572682331],[-1.8241610881920878,43.385053489082999],[-1.8241426441907551,43.385053321036928],[-1.8241256298395807,43.385053153282101],[-1.8241187583148084,43.385048544418062],[-1.8241118818885131,43.385043933702356],[-1.824108279903959,43.385034964325342],[-1.8241092030646529,43.385025911818296],[-1.8241163255519695,43.385017027510692],[-1.8241241226999614,43.385012583893058],[-1.8241319148746438,43.385008142024589],[-1.8241411356688644,43.385008224235563],[-1.8241504428324247,43.385008309134776],[-1.8241596595395995,43.385008475042888],[-1.8241665338462205,43.385013003794199],[-1.8241766750954214,43.385008643705476],[-1.8241866514128982,43.385008728278905],[-1.8241967117006346,43.385008811913998],[-1.8242037507805247,43.385004369500493],[-1.8242115462848401,43.385000010501052],[-1.8242200940441269,43.384995567391329],[-1.8242271355894704,43.384991125001733],[-1.8242341771337987,43.384986682611654],[-1.8242389555288594,43.384977712964336],[-1.8242429758616547,43.384968744526788],[-1.8242454937191477,43.384959775047584],[-1.8242511937749533,43.384946364015015],[-1.8242567252524995,43.384937394906586],[-1.824263764319719,43.38493295248918],[-1.8242708046202432,43.384928510083995],[-1.8242778469870944,43.384924152340737],[-1.8242870690033894,43.384924234552479],[-1.8242941080668789,43.384919792133154],[-1.824306427639274,43.384919875576223],[-1.8243179974253885,43.384920043153741],[-1.824329647258309,43.384915685955519],[-1.8243412125076306,43.384915768842937],[-1.8243559686044146,43.384911409361408],[-1.8243630076614594,43.384906966937734],[-1.8243700491861685,43.384902524539015],[-1.8243770890917013,43.384898165863866],[-1.8243788517189528,43.384889113880902],[-1.8243797732360032,43.384880144194724],[-1.8243753283929294,43.384871090523831],[-1.8243684568691794,43.384866481674685],[-1.8243615824939845,43.384861956536461],[-1.8243523605390983,43.384861871630072],[-1.8243454890529558,43.384857260979039],[-1.8243384475317965,43.384861703376338],[-1.8243237776994328,43.384861536344111],[-1.8243169070137881,43.384857012141573],[-1.8243076863115433,43.384856926344],[-1.8243008098920288,43.384852315639577],[-1.8242939383761125,43.384847706785997],[-1.8242825403316003,43.384838654556752],[-1.8242780979746576,43.384829600907594],[-1.8242775074918172,43.384820549043852],[-1.8242791870466333,43.384811579948867],[-1.8242840493558967,43.384802611162151],[-1.8242895783464346,43.384793642026288],[-1.824296620730941,43.384789282481051],[-1.8243082721757129,43.38478484066038],[-1.8243153112213399,43.38478039823945],[-1.8243223536024837,43.384776038692557],[-1.824331574292515,43.384776124488823],[-1.8243386133702488,43.384771680265878],[-1.8243456536464817,43.384767237855691],[-1.8243527801727082,43.384758268933304],[-1.8243598176112701,43.384753909333305],[-1.8243630872935801,43.384744940377168],[-1.8243671926075529,43.38473144540999],[-1.8243705472853402,43.384717950829348],[-1.8243753231697684,43.384708981150055],[-1.8243824504830122,43.384700098675786],[-1.8243880658879306,43.384691128622492],[-1.8243951049168319,43.384686686196389],[-1.8244020649471056,43.384682242957659],[-1.8244091048419462,43.384677883379794],[-1.8244200031722133,43.384673441008644],[-1.8244317379957444,43.384664555474053],[-1.8244418766469404,43.384660198036066],[-1.8244528583973614,43.38465131106053],[-1.8244606554390057,43.384646869219338],[-1.8244731433360923,43.384637984218642],[-1.8244824455414919,43.384638067238924],[-1.8244909965145646,43.384633709683193],[-1.8244987935511958,43.384629267839316],[-1.8245088488572534,43.384629350495246],[-1.8245189072652748,43.384624992225504],[-1.8245289650219632,43.384625075805268],[-1.8245360089703608,43.384620633420944],[-1.8245430504490632,43.384616191010828],[-1.8245500919267279,43.384611748600257],[-1.8245571309346982,43.384607306163844],[-1.8245611561672921,43.384598335963936],[-1.8245651748260565,43.384589450337387],[-1.8245661003793068,43.384580397850485],[-1.8245617388597664,43.384566904086185],[-1.8245612358403971,43.384553323922937],[-1.8245682785437256,43.384548881523777],[-1.8245768282811619,43.384544523048376],[-1.8245838697480057,43.384540080635539],[-1.824593088004018,43.384540162783907],[-1.8246001294691852,43.384535720370025],[-1.8246079248500939,43.384531363142735],[-1.8246158019589283,43.384522392914235],[-1.8246207487725845,43.384508983124078],[-1.8246247703034002,43.384500011983263],[-1.82462879546643,43.384491044481372],[-1.8246335737283503,43.384482076616209],[-1.8246383520410105,43.384473106050038],[-1.8246470670057378,43.384464220968404],[-1.82465033662938,43.384455252002972],[-1.8246536037833581,43.384446283012018],[-1.8246529367184474,43.384437230362416],[-1.824650084432754,43.384428178663505],[-1.8246394395110537,43.384419126106216],[-1.8246342415273087,43.38441007460829],[-1.8246266145367058,43.384405462511388],[-1.8246205794876076,43.384396412313698],[-1.8246147134578867,43.384382831951974],[-1.8246148785126222,43.384373778850872],[-1.8246181481358281,43.384364809886193],[-1.8246236791040731,43.384355925394836],[-1.8246284585900128,43.384346957542249],[-1.824635498830431,43.384342513312575],[-1.8246471497989127,43.384338154292223],[-1.8246541912364842,43.384333711874554],[-1.8246634933959376,43.384333794879574],[-1.8246720434621164,43.384329353560013],[-1.8246812641551413,43.384329435726244],[-1.8246883051885097,43.384325077943458],[-1.824695429142795,43.384316108972449],[-1.8247026376835025,43.384302698112577],[-1.8247059060554576,43.38429372913243],[-1.8247130300033985,43.384284760160227],[-1.8247209078803983,43.384275875473492],[-1.8247249342654988,43.384266907079969],[-1.8247351591025844,43.384258020401106],[-1.824743039824763,43.384249052001358],[-1.8247516695554837,43.384240166935825],[-1.8247587109740737,43.38423572451142],[-1.8247665055060365,43.384231280822306],[-1.8247743045735476,43.384226921820385],[-1.8247820978341385,43.384222479917987],[-1.8247907293591028,43.384218038526164],[-1.8248000358685084,43.384213677906459],[-1.8248093404439312,43.384213762725295],[-1.8248185610850762,43.384213846680787],[-1.8248261897538518,43.384218371439836],[-1.8248330612059325,43.384222982062063],[-1.8248359134751999,43.38423203555746],[-1.8248427865818091,43.38423656065455],[-1.8248496580198035,43.384241172176083],[-1.8248565323106225,43.384245699985819],[-1.8248657489228348,43.384245864935458],[-1.8248743853998823,43.384241422687801],[-1.8248836885523674,43.384236980086989],[-1.824891568884411,43.384228094513183],[-1.8248933297962835,43.38421912624419],[-1.8248950042872478,43.384210157987518],[-1.8248951730196152,43.384201104023042],[-1.8248961771479668,43.384192135180477],[-1.8249031321476099,43.384187691859097],[-1.8249101735491819,43.384183249425135],[-1.8249172174183794,43.384178807016099],[-1.8249265195201774,43.384178891799976],[-1.8249357410251141,43.384179058595123],[-1.8249449616613949,43.384179142540376],[-1.8249543487508861,43.384174699895851],[-1.8249635669179018,43.384174783814217],[-1.8249706107822774,43.384170341401813],[-1.8249815886113929,43.384161457035574],[-1.8249933244880712,43.384152571453157],[-1.8250011222951346,43.384148212422694],[-1.8250104244272973,43.3841482953992],[-1.8250204818685869,43.384143853334216],[-1.8250297864688063,43.384143936334468],[-1.8250390079341328,43.384144104921766],[-1.8250483100310195,43.384144189695675],[-1.8250551855951838,43.384148715705763],[-1.8250619755915733,43.384153325477342],[-1.8250688486891291,43.384157851461246],[-1.8250725355700377,43.384166904521948],[-1.8250716129685558,43.384175872402935],[-1.8250668360128071,43.38418484120082],[-1.8250627294174533,43.384193810583319],[-1.8250557719946754,43.38419825208868],[-1.8250463848913387,43.384202695641811],[-1.8250385870803945,43.384207054675244],[-1.8250307926058287,43.38421149658268],[-1.8250251773234381,43.384220467570131],[-1.8250181365465321,43.384229351875021],[-1.825011766998677,43.384238319613679],[-1.8250069887773368,43.384247289296411],[-1.825003721686574,43.384256258298493],[-1.8250019607897363,43.384265226569298],[-1.8250017933246041,43.384274279646426],[-1.8250016262770696,43.384283247186318],[-1.8250038081764746,43.384292301893105],[-1.8250074938732022,43.384301352242204],[-1.8250142805104528,43.384305880942669],[-1.8250210711592343,43.384314931680208],[-1.8250294537359049,43.384319543410705],[-1.8250387608664747,43.384319624635403],[-1.8250478965607422,43.384324235098497],[-1.8250579517659977,43.384324320406307],[-1.8250671749281109,43.384324402566811],[-1.8250757233643879,43.384320044040507],[-1.8250850279395618,43.384320129737347],[-1.8250942486150674,43.384320212770525],[-1.8251020431339733,43.384315769058439],[-1.8251167965631907,43.384311409450596],[-1.825125431397272,43.384307051808236],[-1.8251333083486267,43.384298084243298],[-1.8251403497466505,43.38429364179521],[-1.8251473056095435,43.384289281308106],[-1.8251536751430679,43.384280313561803],[-1.8251607190409749,43.384275869337252],[-1.825164740424251,43.38426690087676],[-1.8251695185893004,43.384257932987737],[-1.8251743807568555,43.384248962359777],[-1.8251768107384343,43.384239995557721],[-1.8251785716435136,43.384231025483338],[-1.8251795742290877,43.384217531924783],[-1.8251889621769011,43.38421317211003],[-1.8251981828539174,43.384213254234396],[-1.8251980182521976,43.384222224501137],[-1.8251939919395925,43.384231192912225],[-1.8251922310715503,43.38424016118632],[-1.8251928173308904,43.384253657561771],[-1.8251956696900136,43.384262709248247],[-1.8252001121447492,43.38427176286374],[-1.8252046385699683,43.384280815540869],[-1.8252114285924181,43.38428542530378],[-1.8252151155193446,43.384294477459775],[-1.8252227441760169,43.384299004893556],[-1.8252296181537071,43.384303614617416],[-1.8252364912806944,43.384308140591493],[-1.8252433677465036,43.384312749439651],[-1.8252525834666848,43.384312833309622],[-1.8252618905273594,43.384312918117175],[-1.825271108751064,43.38431300021049],[-1.8252781525748423,43.384308559579686],[-1.8252867859572717,43.384299673610805],[-1.8252970919261913,43.384286262117008],[-1.8253041333110829,43.384281819658668],[-1.8253133547985452,43.384281988224053],[-1.8253203949474301,43.384277545752028],[-1.8253296995690358,43.384277628728114],[-1.8253389214558156,43.384277712654438],[-1.8253457917197098,43.384282323233677],[-1.82535501487635,43.384282405370868],[-1.8253618879757016,43.384286933137986],[-1.8253711938332,43.384287016123416],[-1.8253779826348302,43.384291625863924],[-1.8253872847553443,43.384291710610505],[-1.8253943261691763,43.384287266346028],[-1.8254035467885139,43.384287352054983],[-1.8254105856972338,43.384282909564654],[-1.8254176279603438,43.384278549048133],[-1.8254261779822212,43.384274106771137],[-1.8254348088522301,43.384265221665608],[-1.8254418526934335,43.384260779223993],[-1.8254511548441874,43.384260862164822],[-1.8254603754944791,43.384260946068657],[-1.8254696825478722,43.384261030859214],[-1.8254789007295817,43.384261114736177],[-1.8254865265860005,43.384265724063447],[-1.8254934021621212,43.384270251848136],[-1.8255010292551181,43.384274861187116],[-1.8255102499424412,43.384274943286407],[-1.8255171239222323,43.384279553893528],[-1.8255271828246604,43.384279639198056],[-1.8255342229579383,43.384275196712643],[-1.8255434411767582,43.384275278783939],[-1.8255528290907712,43.384270919839452],[-1.8255652367648636,43.38426656129365],[-1.8255744573816144,43.384266646988792],[-1.8255813305653552,43.384271171141876],[-1.8255882020815524,43.384275781719424],[-1.8255926470993655,43.384284833545188],[-1.8255970896150591,43.384293887145937],[-1.8256007790514239,43.384302940215747],[-1.8256044647858745,43.384311993247422],[-1.8256081546412168,43.384320960779739],[-1.8256125947278572,43.384330012554017],[-1.8256194711729499,43.384334624080708],[-1.8256263418816323,43.384339149106061],[-1.8256331319430015,43.384343758844317],[-1.8256424377579004,43.384343844508543],[-1.8256516559700788,43.38434392747147],[-1.8256632231846706,43.384344094886295],[-1.825672530286196,43.384344177859994],[-1.8256795667136365,43.384339735327629],[-1.8256866105286575,43.38433529377113],[-1.8256935654708171,43.384330851301534],[-1.8257006093011714,43.384326408843897],[-1.8257046339297898,43.384317524138382],[-1.8257087404397339,43.384308554732037],[-1.8257096621148086,43.384299502195404],[-1.8257099127553966,43.38428600721339],[-1.825713182212811,43.384277038215359],[-1.8257187109446493,43.384268069006588],[-1.8257243294163379,43.384259183559351],[-1.825731368298763,43.384254741048913],[-1.8257384096488061,43.384250298563408],[-1.8257477127410788,43.384245855891614],[-1.8257578561847707,43.384241497485156],[-1.825769508290116,43.384237138361883],[-1.8257787289378085,43.38423722224001],[-1.8257880323203528,43.384237305166067],[-1.825794906716562,43.384241831119681],[-1.8258016930772256,43.384246440810017],[-1.8258085670763151,43.384251051399815],[-1.8258154414408549,43.384255579152743],[-1.8258175346064729,43.384264632032604],[-1.8258204709938215,43.384273684566416],[-1.8258226509977835,43.384282651895859],[-1.8258239923191248,43.384291704258978],[-1.8258245771868604,43.384300675018807],[-1.8258244135816595,43.384309726335999],[-1.8258242441691463,43.38431869475334],[-1.8258201354867845,43.384332190640052],[-1.8258137651752022,43.384341075575335],[-1.8258066413813103,43.384350044617825],[-1.8257996000244554,43.384354487107387],[-1.8257926438702083,43.384358928670544],[-1.8257856024765389,43.384363372959747],[-1.8257769689149324,43.384367730665055],[-1.825766074439231,43.38437217320557],[-1.8257582766567975,43.384376532288329],[-1.8257504821769943,43.384380976045563],[-1.8257434432811313,43.38438541855691],[-1.8257348920665264,43.384389859044425],[-1.8257231562326168,43.384398745603562],[-1.8257139346908493,43.384398578871512],[-1.8257061402397594,43.38440302082514],[-1.825699098869481,43.384407463308321],[-1.8256920599668263,43.384411905816407],[-1.8256872842996623,43.384420875553637],[-1.8256862741116509,43.384429844340694],[-1.8256960836810734,43.384443421924139],[-1.8257037108111531,43.384448031249882],[-1.8257113379076335,43.384452642375635],[-1.8257189666389211,43.384457168876587],[-1.8257281873197932,43.384457252759169],[-1.8257350613714505,43.38446186155295],[-1.8257442820183261,43.384461947234755],[-1.8257535842007973,43.384462030151312],[-1.8257612113376203,43.384466639473288],[-1.8257704320200703,43.384466723352489],[-1.8257804922233629,43.384466806847236],[-1.8257890393955722,43.384462448254666],[-1.8257991007978054,43.384462533560956],[-1.8258092397709937,43.384458088662264],[-1.8258184637387491,43.384458258112851],[-1.8258262581889688,43.384453816151613],[-1.825834805737905,43.384449373818789],[-1.8258449504788652,43.384445013617253],[-1.8258534992595585,43.384440571295677],[-1.8258612949393078,43.384436129344635],[-1.825870598352517,43.384436212264333],[-1.8258776380804576,43.384431854394833],[-1.8258876118750189,43.384431936992954],[-1.8259658189130319,43.384419195589139],[-1.8260246589255267,43.384410813316876],[-1.8260362277878952,43.38441089606976],[-1.8260454468295544,43.384411064551038],[-1.8260523200302921,43.384415590476806],[-1.8260552564595098,43.384424643004849],[-1.8260603697513025,43.384438221868336],[-1.8260617127094347,43.38444719140503],[-1.8260622972665519,43.384456244100058],[-1.8260621279229665,43.384465210717394],[-1.8260612066613344,43.384474180420682],[-1.8260602862696302,43.38448323297311],[-1.8260585255209412,43.384492201261558],[-1.8260576030239404,43.384501170952085],[-1.8260581900320811,43.384510224572672],[-1.8260603688098174,43.384519193685556],[-1.8260632200757803,43.384528245338949],[-1.8260699259831221,43.384541824343835],[-1.8260758788095677,43.384555402820702],[-1.8260757131182821,43.384564372176726],[-1.8260731951833693,43.384573424536612],[-1.8260714344162945,43.384582393725381],[-1.8260697600869795,43.384591362000613],[-1.8260695919085368,43.384600332231443],[-1.8260701801881838,43.384609384063985],[-1.826075291029289,43.384622962901233],[-1.8260805756326439,43.384632016123284],[-1.8260873649256995,43.384636541185429],[-1.8260942352872442,43.384641151720508],[-1.8261011109859773,43.38464567766885],[-1.8261087381549923,43.384650287868354],[-1.8261187134874317,43.384654898761319],[-1.82612793543387,43.384654982624667],[-1.8261379894977761,43.384655066024976],[-1.8261479666340705,43.384655233275815],[-1.8261664895596348,43.384655400007489],[-1.8261835062804597,43.384655567482767],[-1.8261903770154584,43.384660095175661],[-1.8261971696242636,43.38466470490642],[-1.8261985949436403,43.384673758126858],[-1.8261999354926997,43.384682725836008],[-1.8262012768604488,43.384691779095085],[-1.8262042108383276,43.384700832494204],[-1.8262071440160947,43.384709799443044],[-1.8262100804816965,43.384718851967101],[-1.8262160317955043,43.384727904822938],[-1.8262212275215504,43.384736958926943],[-1.8262280991389308,43.384741569466819],[-1.8262349724250453,43.38474609358142],[-1.8262441952214241,43.384746262085237],[-1.8262520711796926,43.384741819130966],[-1.826260623659137,43.384737377717578],[-1.8262669955816444,43.384728408133384],[-1.8262755427569646,43.384724049504669],[-1.82628241600997,43.384728575416972],[-1.8262768009135739,43.384737543765887],[-1.8262720228368294,43.384746513502407],[-1.8262664077371993,43.38475548185076],[-1.8262586099401472,43.384759840967206],[-1.8262515685675988,43.384764283484095],[-1.826244613597841,43.384768726887458],[-1.8262359808459423,43.384773169276528],[-1.8262274324265404,43.384777527889476],[-1.826220388581004,43.38478197037908],[-1.826211085439575,43.384786413088385],[-1.8262017832060835,43.384786330208449],[-1.8261932298797952,43.384790686967577],[-1.8261846822905785,43.384795130226934],[-1.8261760483136347,43.384799571698458],[-1.8261674974176054,43.38480393028145],[-1.8261589498246686,43.384808373538853],[-1.8261511528488334,43.38481281729743],[-1.8261433583752875,43.38481725928029],[-1.8261354806494845,43.384826143165519],[-1.8261284367569013,43.384830587449805],[-1.8261235771842492,43.384839556343337],[-1.8261211472811996,43.384848524966458],[-1.8261209816295949,43.384857492521625],[-1.8261246661871802,43.384866548225077],[-1.8261344752570559,43.384875682107051],[-1.8261413497158823,43.384880209840972],[-1.8261505692626001,43.384880291877039],[-1.826159872345932,43.384880459411001],[-1.8261690930576053,43.384880545059261],[-1.8261824202843335,43.384871659483416],[-1.8261949928607561,43.38485824776533],[-1.8262036286418122,43.384849362653],[-1.8262122601726332,43.384844920253926],[-1.8262216466026382,43.384836033841111],[-1.8262318725210167,43.38482714884104],[-1.8262411769015994,43.384822706142806],[-1.8262521559019171,43.384813821667471],[-1.8262623843155148,43.384804934889374],[-1.8262732808869506,43.384800577864979],[-1.8263107478833613,43.384778449697102],[-1.8263348901787297,43.384765205337253],[-1.8263519044625898,43.384765372762494],[-1.8263587777259971,43.384769898670307],[-1.8263600358670871,43.384783394731244],[-1.8263613773127125,43.384792445287793],[-1.8263682489470774,43.384797055819405],[-1.8263814104617049,43.384797140476543],[-1.8263944852088903,43.38479730708189],[-1.8264028679575763,43.384801918713293],[-1.826409741246271,43.384806443717828],[-1.8264126727743981,43.384815497986779],[-1.8264131778756612,43.384828991721179],[-1.8264091529335391,43.384837960188371],[-1.8264027847577664,43.384846928017886],[-1.8263957449833266,43.384851287719812],[-1.8263871088313397,43.384860257483979],[-1.8263793143858933,43.384864698582753],[-1.8263715202682571,43.384869058644981],[-1.8263666570250079,43.384878027511185],[-1.8263587776906305,43.384886996036336],[-1.8263524950355587,43.384895881900491],[-1.826351485771992,43.384904935343393],[-1.8263599517009133,43.384909459588748],[-1.8263691724523412,43.384909543420427],[-1.826378394057119,43.384909711000795],[-1.8263876999609538,43.384909796605356],[-1.8264023661133377,43.384909963334962],[-1.8264132643440785,43.384905520772811],[-1.826422485095089,43.384905604600199],[-1.8264317033774466,43.384905688401496],[-1.8264409232368495,43.384910297815949],[-1.8264477973591633,43.384914908368245],[-1.8264545866763975,43.384919435209532],[-1.8264598664761311,43.38492848566311],[-1.8264604547812699,43.384937539294356],[-1.8264617937239771,43.384946592525139],[-1.8264686695019428,43.384951117551616],[-1.8264755411622464,43.384955728076918],[-1.8264901265344993,43.384960338524635],[-1.8264994330224422,43.384955978667335],[-1.8265094896060061,43.384956062060887],[-1.826516529748212,43.384951619515597],[-1.8265257505065318,43.384951703334728],[-1.8265327943500975,43.384947260826401],[-1.826539163388567,43.384938375838871],[-1.8265462035265816,43.384933933291705],[-1.8265502259691959,43.384924965694566],[-1.8265565950496527,43.384911470467628],[-1.8265622134613118,43.384902584979429],[-1.826566235916772,43.384893616481371],[-1.8265740328733913,43.384889172694336],[-1.826579647940759,43.384880204330706],[-1.8265866053333535,43.384875762732783],[-1.8265944858580991,43.384871402642077],[-1.8266343813777794,43.384840305720843],[-1.8266743645469563,43.384809206983547],[-1.8267126656653465,43.384782550839404],[-1.8267393240896417,43.384760338642842],[-1.8267471197474974,43.384755896631397],[-1.826754159849189,43.384751454070837],[-1.826761198715505,43.384747011497204],[-1.826768993170456,43.38474256767104],[-1.826776790929431,43.384738208519352],[-1.8267868486601626,43.384738294601519],[-1.8267969073600225,43.38473384969226],[-1.8268077190474967,43.384734019144702],[-1.8268186197037135,43.384729575668125],[-1.826827922749656,43.384729744047767],[-1.8268386521682787,43.384729826211263],[-1.8268479543604057,43.384729910839816],[-1.8268587676968562,43.384729994762793],[-1.8268656418313052,43.384734605290248],[-1.8268748588895236,43.384734687242322],[-1.8268856746956021,43.384734771188107],[-1.8268942230628247,43.3847304125253],[-1.8269050363995347,43.384730496443922],[-1.8269150941814902,43.38473057981404],[-1.8269228898229068,43.384726137790395],[-1.8269306863346102,43.384721778615386],[-1.8269384807741542,43.384717334777434],[-1.826947030732432,43.384712893286746],[-1.8269540695630344,43.384708451601256],[-1.8269611117501188,43.384704091889539],[-1.8269666452420497,43.384695124470589],[-1.8269730158223931,43.384686154833084],[-1.8269794695899038,43.384672743290842],[-1.8269874320284136,43.384659331016302],[-1.8269938025671324,43.384650363178025],[-1.8270008414044057,43.384645920589215],[-1.8270086382977588,43.384641476771606],[-1.8270240587082558,43.384641643954929],[-1.8270332806207945,43.384641729545791],[-1.8270401510905692,43.384646338224343],[-1.8270430876777661,43.384655390728469],[-1.8270428385292266,43.384668887529138],[-1.8270387285212109,43.384677855146322],[-1.8270324410495726,43.384686740998895],[-1.8270254009754405,43.384691183576955],[-1.8270168534597979,43.384695626899436],[-1.8270074664534279,43.384700068813437],[-1.8270004243047961,43.384704426727545],[-1.8269911212309524,43.384708869501175],[-1.8269824873065983,43.384713311934718],[-1.8269755290723879,43.384717671608499],[-1.8269684877909176,43.384722112369744],[-1.8269621172060415,43.384731082006887],[-1.8269557490879302,43.384740051668956],[-1.8269524797866068,43.38474902070363],[-1.8269508031304871,43.384757988067371],[-1.826948286913979,43.384766957623796],[-1.8269442669572971,43.384775927962053],[-1.826943343385937,43.384784895847588],[-1.8269524792969956,43.384789506160587],[-1.8269632102905584,43.384794116627752],[-1.8269700844749128,43.384798725348524],[-1.8269768729325533,43.384807779548865],[-1.8269835799603775,43.384816831112587],[-1.8269904516454327,43.384821441607343],[-1.8269997538520473,43.384821526223718],[-1.827006627170749,43.38482605209316],[-1.8270305177502564,43.384826302559375],[-1.827032530017874,43.384839881084822],[-1.8270308508673363,43.384848850224877],[-1.8270283396306379,43.38485781803314],[-1.8270235616542112,43.384866787802061],[-1.8270179466531091,43.384875756188286],[-1.8270109056842205,43.384880115915848],[-1.8270046165898517,43.384889084590156],[-1.8269968221327606,43.384893528432244],[-1.826984332962359,43.384897886296933],[-1.8269726009463476,43.384906771221992],[-1.8269608664755839,43.384915655220183],[-1.8269498825691364,43.384924542414552],[-1.8269389036489383,43.384933426957666],[-1.82692876176703,43.384942311982591],[-1.8269185334259808,43.384951198820922],[-1.8269090640317351,43.384960166379578],[-1.826900428353857,43.384969050645758],[-1.8268917988277922,43.384977935874801],[-1.8268822424731921,43.384991347997847],[-1.8268866852659784,43.3850003997497],[-1.8268967414604693,43.385000567746289],[-1.8269059634617271,43.385000651547507],[-1.8269137566701541,43.384996209499782],[-1.8269230638753458,43.384996292372833],[-1.8269301027582843,43.384991849789152],[-1.8269371465775675,43.384987407255664],[-1.8269472036242675,43.38498304965885],[-1.8269598600275807,43.384969636915748],[-1.8269676578026217,43.384965277751377],[-1.8269754510020446,43.384960835699303],[-1.8269833314905557,43.384951867143506],[-1.8269918798644149,43.384947509374086],[-1.8270012669452076,43.384943065661489],[-1.8270580967584407,43.384916662496799],[-1.827114927791778,43.38489025751533],[-1.827170331598724,43.384859242035247],[-1.8272256534335392,43.384828313029828],[-1.8272803024095794,43.384797381599078],[-1.8273341167250754,43.38476645148738],[-1.8273871733594511,43.384735436142826],[-1.8274387224643815,43.384704423323861],[-1.8274645402531371,43.38468673693994],[-1.8274715790609328,43.384682294321834],[-1.827474008758311,43.384673325667393],[-1.8274741783266213,43.384664272608347],[-1.8274674712762133,43.384655219271977],[-1.8274536414537277,43.384650609492617],[-1.8274435828458169,43.3846504415203],[-1.8274367934832971,43.384645914737007],[-1.8274267332449468,43.384645831387623],[-1.8274166746379519,43.384645663412961],[-1.8274096358305154,43.384650106027728],[-1.827399659526572,43.384650023536636],[-1.8273895194519847,43.384654465863747],[-1.8273740121903019,43.384658739696434],[-1.8273592613004521,43.384663099621477],[-1.8273500405485616,43.384663017670562],[-1.8273415750447999,43.384658405259785],[-1.8273316823001016,43.384653796220782],[-1.8273248077763411,43.384649268557524],[-1.8273180167802563,43.384640216152413],[-1.8273143319703666,43.384631164986487],[-1.8273129892208244,43.384622110825561],[-1.8273146646198577,43.384613141642483],[-1.8273195289191424,43.384604173646636],[-1.8273243043273395,43.3845952056394],[-1.8273329386727575,43.384586320426401],[-1.8273399811812148,43.384581877854274],[-1.8273477755385996,43.384577435788295],[-1.8273564065863663,43.384573076137762],[-1.8273650413209654,43.384564106285168],[-1.8273735920990293,43.384559747611036],[-1.8273806308984388,43.384555304998351],[-1.8273876721655031,43.384550862410499],[-1.8273947134315294,43.384546419822215],[-1.8273979826563891,43.384537450773692],[-1.8274035160686752,43.384528483332431],[-1.8274075359408308,43.384519512976674],[-1.8274108051622755,43.384510543927739],[-1.8274178476562448,43.384506101350546],[-1.8274248897522554,43.384501743410013],[-1.827434191511484,43.384497301487784],[-1.8274428278412467,43.384492859044563],[-1.8274521292529797,43.384488499057127],[-1.8274606791420522,43.384484057527061],[-1.8274693138715132,43.384479697905654],[-1.8274778637928015,43.384475254573744],[-1.8274857404405194,43.384466285942999],[-1.8274935380786286,43.384461928541732],[-1.8275013324441716,43.384457484664395],[-1.8275083736911004,43.384453042068799],[-1.8275154960144111,43.38444407290504],[-1.8275225380962781,43.384439714958255],[-1.8275319258697889,43.384430745610466],[-1.827539047790194,43.384421861082167],[-1.8275516241046803,43.384412974849894],[-1.8275608423159233,43.384413058559325],[-1.8275702300757029,43.38440870124839],[-1.8275794507897274,43.384408783181108],[-1.827588672651367,43.38440886962703],[-1.8275955447517096,43.384413394548453],[-1.8276048469325286,43.384413477314368],[-1.8276116396232271,43.384418086962214],[-1.8276169195023289,43.384427140065391],[-1.8276237936615027,43.384431750547755],[-1.827630580545943,43.384436277294689],[-1.8276398864333794,43.384436360095776],[-1.8276491058827775,43.384436443810785],[-1.8276584113736802,43.384436611247366],[-1.8276676308231632,43.384436694960904],[-1.8276746708213969,43.384432252342265],[-1.8276810400007668,43.384423284451238],[-1.8276913528739769,43.384409872812014],[-1.8276991480563773,43.384405513570584],[-1.8277054345116046,43.384396545730546],[-1.8277132288534956,43.384392101838436],[-1.8277202713118892,43.384387659242151],[-1.8277235392108628,43.384378691971314],[-1.8277244602432496,43.384369721351391],[-1.8277216099530693,43.384360670649308],[-1.8277147391354358,43.384356143047277],[-1.827704761241489,43.384351533167404],[-1.8276940302328681,43.384346924570266],[-1.8276802848280898,43.384342229241589],[-1.8276734139635888,43.384337704337881],[-1.8276588302949528,43.38433300851667],[-1.8276505306172552,43.384323956871462],[-1.8276436577023552,43.384319346403387],[-1.8276423145129497,43.384310376882397],[-1.8276455849223403,43.384301407838556],[-1.8276518689230019,43.384292439075693],[-1.8276589126084275,43.384287996495665],[-1.8276659525898284,43.384283553877246],[-1.8276783588683916,43.384279195988064],[-1.827690763130551,43.38427936277472],[-1.8277031685513905,43.384274921133354],[-1.827715571139958,43.38427056230185],[-1.8277280625985644,43.384266204380033],[-1.8277397145718266,43.384261845054432],[-1.8277521196238375,43.384257486244188],[-1.8277637707211702,43.384253044066902],[-1.8277755049812232,43.384244158181943],[-1.8277871544782756,43.384239798826094],[-1.8277965462946415,43.38423535689688],[-1.8278143127462501,43.384231080052196],[-1.8278252091233691,43.384226721976766],[-1.8278330058686143,43.384222279901834],[-1.827844658635972,43.384222363331766],[-1.8278524492076107,43.38421792119221],[-1.8278616707315938,43.384218087751535],[-1.82787022055299,43.38421364618987],[-1.827878014859341,43.384209202285959],[-1.8278858115985457,43.384204760207325],[-1.8278928536262951,43.384200402236942],[-1.8279006479293249,43.384195958331439],[-1.8279076891169204,43.384191515710384],[-1.8279125483569421,43.384182547636655],[-1.827919591195365,43.384173662273604],[-1.8279252907464976,43.384160167309105],[-1.8279340059873657,43.384146755479705],[-1.8279403788009949,43.384137787610989],[-1.8279474183830893,43.384133427811221],[-1.8279544595599944,43.384128985187118],[-1.8279669493156565,43.38412009982224],[-1.8279801938043971,43.384115742387337],[-1.8279941050016353,43.384111382779771],[-1.8280011486412677,43.384106940178022],[-1.8280158993164555,43.384102581968193],[-1.8280229392505161,43.384098139327108],[-1.8280300660318662,43.384089253016533],[-1.8280340857469746,43.384080284437189],[-1.8280312362472078,43.384066705450621],[-1.8280408756892932,43.384048767581511],[-1.8280487555051548,43.384039883584762],[-1.8280566353533876,43.384030997786887],[-1.8280644332910112,43.384026555708203],[-1.8280730629057176,43.384017585748595],[-1.8280817797242932,43.384008703124017],[-1.8280910847021865,43.384004344021101],[-1.8281004740435645,43.383999899339976],[-1.8281075127251785,43.383995456680751],[-1.8281167333435324,43.383995540369938],[-1.8281259539619388,43.383995624058393],[-1.8281352593702354,43.383995792355712],[-1.8281421326655933,43.384000319057698],[-1.8281557937296753,43.384009454424209],[-1.828155629204024,43.384018507537071],[-1.8281500975454132,43.384027392193424],[-1.8281430539257992,43.384031834804645],[-1.8281360152424666,43.384036277466045],[-1.8281282209770013,43.384040721388118],[-1.8281218473629541,43.384049604618191],[-1.8281240260348628,43.384058658332833],[-1.8281393677427562,43.384063351958417],[-1.8281493414495569,43.38406343615911],[-1.8281586484812298,43.38406352073045],[-1.8281686222227944,43.384063603128943],[-1.8281756633756554,43.384059160490885],[-1.8281857206549101,43.38405932838505],[-1.8281927593373937,43.384054885720623],[-1.8281998017218131,43.384050443093706],[-1.8282068416365687,43.384046000440996],[-1.8282137988504275,43.384041556940431],[-1.8282201699816394,43.384032673679783],[-1.8282484999426714,43.384005932847764],[-1.8282775039242207,43.383979193512431],[-1.8283065046081748,43.383956982435777],[-1.8283136263941926,43.383948096056031],[-1.8283228470060235,43.383948179728542],[-1.8283298906029248,43.383943737105902],[-1.8283391926795425,43.383943821611808],[-1.8283484120564821,43.383943905269589],[-1.8283577166365081,43.383943987998713],[-1.8283645092988909,43.383948599402771],[-1.8283775012428134,43.383957735090632],[-1.8283843745696027,43.383962260877993],[-1.8283888174980041,43.383971313475037],[-1.8283901591613716,43.38398036761334],[-1.8283899889294137,43.383989334226179],[-1.8283874729587033,43.383998303818274],[-1.8283842915816544,43.384007271995308],[-1.8283810212628091,43.3840162428627],[-1.8283769991343692,43.384025211429694],[-1.8283775852506228,43.384034265030358],[-1.8283905779944454,43.384038873325373],[-1.8284050761171216,43.384048010034853],[-1.8284018095540004,43.384056978239961],[-1.8283947708862736,43.384061420917433],[-1.8283855502397279,43.384061338150801],[-1.8283786744678303,43.384056810537651],[-1.8283693715004103,43.384056643185588],[-1.8283624142959634,43.384061086695738],[-1.8283499253577145,43.384065446513823],[-1.8283436390493597,43.384074413491028],[-1.8283372699698373,43.384083383221551],[-1.8283324922659039,43.384092352149018],[-1.8283292207696418,43.384101319400976],[-1.8283274628009869,43.384110289554755],[-1.828327294992981,43.384119257992992],[-1.8283287181502981,43.384128311165952],[-1.8283308170199792,43.384137279417764],[-1.8283345031705063,43.384146331465999],[-1.8283450622376036,43.384159995741484],[-1.8283519417561129,43.384164521594101],[-1.8283587282706717,43.384169132935376],[-1.8283656016195886,43.384173658723952],[-1.8283749070735364,43.384173826101822],[-1.8283918384694609,43.384173994174887],[-1.8284072587693041,43.384174161170357],[-1.828414302386679,43.384169718542928],[-1.8284251131602662,43.384169802291375],[-1.8284329098898882,43.384165358374375],[-1.8284430531327747,43.384160999727314],[-1.8284516004358717,43.384156558096208],[-1.8284586440480013,43.38415211546598],[-1.8284664366744543,43.384147756145772],[-1.8284734802844862,43.384143313514599],[-1.8284782554859325,43.384134345456097],[-1.8284846282533114,43.384125375755545],[-1.8284886503729052,43.384116407184834],[-1.8284919181783097,43.3841074380896],[-1.8284974513899677,43.384098470592448],[-1.8285044884942756,43.384094108932032],[-1.8285137962678806,43.384089667883558],[-1.8285230984020657,43.384089750574212],[-1.8285323190360188,43.384089834230089],[-1.8285391907595403,43.384094444632744],[-1.8285475760818477,43.384099054332992],[-1.828557633730111,43.384099139357964],[-1.8285676938817574,43.384099222606842],[-1.8285769145172848,43.38409930625911],[-1.8285839531763943,43.384094863570361],[-1.8285987038085136,43.384090505284838],[-1.8286141302599932,43.384090672315416],[-1.8286233496600448,43.384090755951298],[-1.8286302226250124,43.384095366361201],[-1.8286339100348916,43.384104419313246],[-1.828632236114611,43.384113386730974],[-1.8286234345938426,43.384126799530925],[-1.8286155556885793,43.384135768217689],[-1.8286084290210654,43.38414465276508],[-1.828604406917083,43.384153621340161],[-1.8286042399886806,43.384162674428929],[-1.8286111133207927,43.384167202003482],[-1.8286179850936872,43.384171810600996],[-1.8286248608965125,43.384176338200028],[-1.8286340815439075,43.384176421847819],[-1.8286474045572556,43.384167535939753],[-1.8286606506084471,43.384158735683755],[-1.8286707083016207,43.384158818898392],[-1.8286785050122372,43.384154374964403],[-1.8286884762670637,43.38415445909294],[-1.8286977841881902,43.384154626469808],[-1.8287069998951917,43.384154710061118],[-1.8287163081769113,43.384154794599901],[-1.8287255263526607,43.384154878215035],[-1.8287325662419704,43.384150435529747],[-1.8287396073645688,43.384145992856674],[-1.8287466509548052,43.384141550208454],[-1.828754530663613,43.384132667062389],[-1.8287570441350249,43.384123696536335],[-1.8287594760880168,43.38411472787655],[-1.8287613186279343,43.384101233884145],[-1.8287607324540907,43.384092180284895],[-1.8287523487085162,43.384083127858091],[-1.8287425394352312,43.38407399059534],[-1.8287357532260029,43.384064938322446],[-1.8287305546751034,43.384055886103226],[-1.8287283771470779,43.384046832411748],[-1.8287215847712963,43.384037780074806],[-1.8287147969742097,43.384033170542686],[-1.8287056576625109,43.38402411937755],[-1.8287028944869703,43.38401053768991],[-1.8287098475110168,43.384006181458567],[-1.8287191521190407,43.384006263258165],[-1.8287260279457498,43.384010789050585],[-1.8287336552216031,43.384015399977102],[-1.8287428758449444,43.384015483615855],[-1.828754359954831,43.384020092625029],[-1.8287627427803315,43.38402470408483],[-1.8287696161437579,43.384029229849396],[-1.8287764903474755,43.384033840263278],[-1.8287778321044952,43.384042892597122],[-1.8287753976886532,43.384051861232187],[-1.8287736373532564,43.384060829567844],[-1.8287765729040248,43.384069883818903],[-1.8287834475078564,43.384074409595307],[-1.8287910748306853,43.384079018717543],[-1.82880029542917,43.38407910415232],[-1.8288080896688412,43.384074659283677],[-1.8288173905153189,43.384074744638518],[-1.8288229270362575,43.384065859099188],[-1.8288345768037555,43.384061415898401],[-1.8288438801342806,43.384061500376099],[-1.8288498326549143,43.384070635948838],[-1.8288465636698239,43.384079605042338],[-1.8288395216886437,43.384083964873028],[-1.8288354996227787,43.384092933456763],[-1.8288260290571654,43.384106343922362],[-1.8288266152408146,43.38411539752137],[-1.8288334886191684,43.384119923282192],[-1.8288427101326969,43.384120089762284],[-1.8288520969178748,43.3841156476946],[-1.8288668499705991,43.384111291200121],[-1.8288760681748901,43.384111373002511],[-1.8288852888132101,43.384111456629938],[-1.8288921630176835,43.384116067937256],[-1.8289014663740908,43.384116151510106],[-1.8289106882822157,43.384116233347612],[-1.8289199928557007,43.38411631783184],[-1.8289269475232253,43.384111876062661],[-1.8289325654800777,43.384102992252494],[-1.8289365875497454,43.38409402276492],[-1.828938347896899,43.384085052626006],[-1.8289431230254638,43.384076084547139],[-1.8289479031245708,43.384067114718121],[-1.8289549417533002,43.384062672006159],[-1.8289619852836534,43.384058231144813],[-1.8289697782573786,43.384053787152574],[-1.8289775732691904,43.384049429622685],[-1.828984616831028,43.384044986959395],[-1.828994590572242,43.384045069285804],[-1.8290054038116552,43.384045152104164],[-1.8290154598581383,43.384045319912687],[-1.8290255199850578,43.384045404021442],[-1.8290347418481754,43.384045487649367],[-1.8290438765771848,43.384050097783771],[-1.8290414471027896,43.384059068276017],[-1.8290321425376781,43.384058983801765],[-1.829022923141179,43.384058900198909],[-1.8290128633894298,43.384058732353068],[-1.8290058222966539,43.384063175043394],[-1.8289966016652759,43.384063091425752],[-1.8289895642911407,43.384067533252704],[-1.8289803399041622,43.384067452296613],[-1.8289732988080432,43.384071894984885],[-1.8289623191361404,43.384080777915599],[-1.8289567044939132,43.38408974640236],[-1.8289550256495946,43.38409871557532],[-1.8289594711069355,43.384107769976879],[-1.8289663408261814,43.384112293891377],[-1.8289779080131097,43.384112460970485],[-1.8289847838712541,43.384116986747614],[-1.8289947600236032,43.384117072700441],[-1.8290048161165842,43.38411723870955],[-1.8290118596844283,43.384112796044683],[-1.8290210753860823,43.384112879610619],[-1.8290288744996468,43.384108437478147],[-1.8290390176913887,43.384104078777547],[-1.8290491575560408,43.384099636301301],[-1.829062402695437,43.384090751348097],[-1.8290717044542015,43.384090917730965],[-1.8290787491964966,43.384086477775284],[-1.8290879649290319,43.384086559535248],[-1.829095764034381,43.384082117398137],[-1.8291065747947439,43.384082201081966],[-1.8291166333164726,43.384082368906988],[-1.829127362576676,43.384082453555209],[-1.8291366659460082,43.384082536208602],[-1.8291444625787001,43.38407809404282],[-1.8291515045030831,43.384073735993589],[-1.82914940539769,43.384060155713563],[-1.8291427852872642,43.384046575965023],[-1.8291483989927546,43.384033164701037],[-1.8291554425404326,43.384028722027018],[-1.8291646631670964,43.384028805631807],[-1.8291739652420329,43.384028890970193],[-1.8291839389638935,43.384028974180325],[-1.8291939974771843,43.384029141998418],[-1.8292033045415454,43.384029224684184],[-1.8292132782462283,43.384029308792023],[-1.8292225828420265,43.384029391450959],[-1.8292341491398887,43.384029475654771],[-1.8292433706068527,43.384029643902913],[-1.8292526726821652,43.384029729234911],[-1.8292642415008289,43.384029810760197],[-1.8292734621280089,43.384029894356168],[-1.8292820126964713,43.38402553553648],[-1.8292920691353307,43.384025618683594],[-1.8293021292079059,43.384025705468751],[-1.8293113498692333,43.384025787261194],[-1.8293182228800096,43.384030397630298],[-1.829321156076777,43.38403945004255],[-1.8293155406163475,43.384048335698424],[-1.8293029639545653,43.384061747720814],[-1.8292420273568719,43.384061077028015],[-1.8292319721466404,43.384060993889079],[-1.8292219120511357,43.384060907997942],[-1.8292141178428847,43.384065352895156],[-1.8292048972451707,43.384065267493803],[-1.8291978565252058,43.384069627359537],[-1.8291893055501187,43.384074070809831],[-1.8291815113898093,43.384078513003999],[-1.8291706151338567,43.384082871210225],[-1.8291665918822979,43.384091839793534],[-1.8291794987755028,43.384100976320255],[-1.8291903103793561,43.384101144645939],[-1.8292003705334028,43.384101227839167],[-1.8292103467185334,43.384101311972657],[-1.8292189803959662,43.384096869367546],[-1.8292289549863521,43.38409703632334],[-1.8292383442090645,43.384092594248841],[-1.8292475623770275,43.384092677821741],[-1.8292546034559183,43.384088235116408],[-1.8292638216405872,43.384088317787764],[-1.8292731258338939,43.38408848598003],[-1.8292823440013324,43.384088569550123],[-1.8292939152479741,43.384088653798585],[-1.8293054791233485,43.384088736169524],[-1.8293169665648408,43.384093431598274],[-1.8293255977648659,43.384088988959739],[-1.8293371641090796,43.384089071352726],[-1.8293494893092939,43.384089238950843],[-1.8293603000717777,43.384089322610734],[-1.829371196315696,43.384084964386304],[-1.8293811712643919,43.384085048492231],[-1.829392068775048,43.384080688477894],[-1.8294021288570743,43.384080775254368],[-1.8294122687439531,43.384076330044763],[-1.8294223304033026,43.384071972276331],[-1.8294323856159593,43.384072055398555],[-1.8294425275391102,43.384067696649105],[-1.8294541784973919,43.384063253397315],[-1.8294681750376471,43.384054452625804],[-1.8294797462784638,43.384054536855366],[-1.8294922326501541,43.384050177787906],[-1.8295007848172169,43.384045735227531],[-1.8295100029788858,43.384045818779214],[-1.8295186350332642,43.384041458975062],[-1.8295264341019526,43.38403701680808],[-1.8295373290905215,43.384032658554872],[-1.8295451244537451,43.384028216348703],[-1.8295551828214183,43.384023772092817],[-1.8295622238355203,43.384019331168624],[-1.8295692645239583,43.384014971280081],[-1.8295778154635056,43.38401052780091],[-1.8295857765002987,43.384001645429613],[-1.8295927336100895,43.383997201843897],[-1.829597595073039,43.383988232820222],[-1.8296038799891592,43.383979263958558],[-1.8296094969947443,43.383970295463918],[-1.8296142753593303,43.383961410230086],[-1.8296175417563028,43.383952441087807],[-1.8296200591376992,43.38394338864255],[-1.8296217329420792,43.383934419407858],[-1.8296242487285064,43.383925449786396],[-1.8296312872921294,43.38392100703193],[-1.8296383307920154,43.383916564327542],[-1.82964537266272,43.383912206247153],[-1.8296545932732509,43.383912289812216],[-1.8296768856645427,43.383916984135304],[-1.8296665819861093,43.383930394248644],[-1.8296625563145892,43.383939364625881],[-1.8296555128137637,43.383943807331718],[-1.8296484742838521,43.38394824828714],[-1.8296414298712016,43.3839526099434],[-1.8296366548896947,43.383961576252375],[-1.8296333860263503,43.383970545369934],[-1.829633974798049,43.383979598991665],[-1.8296384969288697,43.38398865145053],[-1.8296477175509778,43.383988735016274],[-1.8296545934460313,43.383993260753634],[-1.8296616353245903,43.383988902672385],[-1.8296709380968115,43.383984459677457],[-1.8296757155957737,43.383975490691505],[-1.8296918944357889,43.383980184572607],[-1.829701115056779,43.383980268134046],[-1.8297104196119574,43.383980352553735],[-1.8297173767103367,43.383975908960245],[-1.8297244152385492,43.383971468000595],[-1.8297292775553087,43.383962581820235],[-1.8297317093411152,43.383953614038084],[-1.8297227401168141,43.383939949952591],[-1.8297129322058048,43.383926371829027],[-1.8297130986087171,43.383917401572937],[-1.829714856726391,43.38390834855857],[-1.8297188835704612,43.383899380892771],[-1.8297236619133725,43.383890495654022],[-1.8297307029343983,43.383886052918541],[-1.8297416812602314,43.383877168098898],[-1.829748722278413,43.383872725362259],[-1.8297565163714384,43.3838682831285],[-1.8297657369756593,43.383868366684517],[-1.8297757970930941,43.383868449826686],[-1.8297850148351207,43.383868617992974],[-1.8297950749180223,43.383868702933981],[-1.829808151671624,43.383873311927793],[-1.8298063914938838,43.383882280281462],[-1.8297993517130497,43.383886723034294],[-1.8297900427934648,43.383891165976905],[-1.8297784768789229,43.383890998993046],[-1.8297692557139169,43.383886388032593],[-1.829762218398582,43.383890830808383],[-1.829754424268401,43.383895274843034],[-1.8297488900428758,43.383904241490789],[-1.8297533319024921,43.383913295825053],[-1.8297602078144655,43.383917820655853],[-1.8297711027652295,43.383913462379873],[-1.8297833399953396,43.383918072689916],[-1.829778560048186,43.383927041655383],[-1.8297683347779077,43.383935927881964],[-1.8297689211527841,43.383944978777237],[-1.829775797017511,43.3839495063079],[-1.8297826688385961,43.383954115736607],[-1.8297926450188355,43.383954198918765],[-1.8298050507841508,43.383954284451953],[-1.8298078988817565,43.383963335981065],[-1.8298093271940052,43.383972389188848],[-1.8298161179310044,43.383976914045078],[-1.8298254183894755,43.383977083054596],[-1.829834640244725,43.383977166617889],[-1.8298463741527407,43.383968280515887],[-1.8298581919914358,43.383959395271532],[-1.8298674150784409,43.383959478844773],[-1.8298742884835963,43.383964006344364],[-1.8298811603312046,43.383968614866973],[-1.8298801532557147,43.38397758282396],[-1.8298684218020762,43.383986469854953],[-1.829859869687015,43.38399091154303],[-1.8298528286629367,43.383995354286355],[-1.8298436105251643,43.383995269862105],[-1.8298367362261405,43.383990660411769],[-1.8298274316343532,43.383990577802855],[-1.8298182110460539,43.383990492451055],[-1.8298089064543499,43.383990409840649],[-1.8297996028676602,43.38399476729694],[-1.8297903846955057,43.383994684668963],[-1.8297802411809301,43.383999128074215],[-1.829770853604743,43.384003487369959],[-1.8297638953246356,43.38400792825324],[-1.8297560184621988,43.384012372341665],[-1.8297460447585177,43.384012288281212],[-1.8297359016488557,43.384016646145085],[-1.8297259267102159,43.384016562070229],[-1.8297188844391987,43.384021004792508],[-1.8297088246904711,43.384020837007967],[-1.8296980151732909,43.384020753393798],[-1.8296871994672077,43.384020670615719],[-1.8296779788574573,43.384020586152829],[-1.8296679203433137,43.384020418377325],[-1.8296587021850019,43.384020334838411],[-1.829649395120581,43.384020252189714],[-1.8296362371710491,43.384024610703953],[-1.8296291961269908,43.384029053433224],[-1.8296305380110416,43.384038105758542],[-1.8296374114416458,43.384042631471686],[-1.8296442832451119,43.384047241808886],[-1.8296535038587973,43.384047326274519],[-1.8296675037962868,43.384042967371315],[-1.8296776436059561,43.384038524838651],[-1.8296846879915056,43.384034164980818],[-1.8296914749882454,43.384038691606975],[-1.8297007820556292,43.384038774252311],[-1.8297076538289105,43.38404338638626],[-1.8297105043845237,43.384052437942799],[-1.8297080713396832,43.38406140661192],[-1.8297031281327427,43.384074817562016],[-1.8296991012222277,43.384083787927615],[-1.829692062644386,43.384088230685975],[-1.8296828420070717,43.38408814712362],[-1.8296736213697866,43.384088063560519],[-1.8296667507938402,43.384083453237679],[-1.8296598761567704,43.384078925713105],[-1.8296505690833837,43.384078843064387],[-1.8296413500757791,43.384078674874267],[-1.8296265995183629,43.384083033295184],[-1.8296195559980954,43.384087475998491],[-1.8296132723070679,43.3840964448734],[-1.8296122651722753,43.384105413727603],[-1.8296159552155531,43.384114465774658],[-1.8296228282423797,43.38411907702605],[-1.8296297028811055,43.384123604552833],[-1.8296389210549868,43.38412368809427],[-1.829650402803626,43.384128296088839],[-1.829658200263329,43.384123937637163],[-1.8296682603880221,43.384124022589781],[-1.8296774810307406,43.384124106153365],[-1.8296845196138354,43.384119663395978],[-1.8296923137434886,43.384115221167185],[-1.8297001112158737,43.384110861812324],[-1.829707152264445,43.384106419078783],[-1.8297141908433383,43.384101976319513],[-1.8297212318898688,43.384097533585049],[-1.8297252550604626,43.384088564981298],[-1.8297308732930588,43.3840795964934],[-1.8297372424543059,43.384066183927395],[-1.8297442834603452,43.384061742991953],[-1.8297506535660601,43.38405277319324],[-1.8297576942451597,43.384048413293002],[-1.8297647328136251,43.384043970530456],[-1.8297739533925417,43.384044056786898],[-1.8297809969139593,43.384039613173606],[-1.829793401744167,43.384035255940042],[-1.8298058905760983,43.384030895963036],[-1.8298182957963851,43.384026454089621],[-1.8298299463784529,43.384022092735449],[-1.8298415956379428,43.38401773586871],[-1.8298595377989444,43.384008934905047],[-1.829867330702021,43.384004490850806],[-1.8298765525615666,43.384004574410753],[-1.8298858571210019,43.384004658816217],[-1.8298950765119826,43.38400474234939],[-1.8299019495654185,43.384009352683954],[-1.8299088205447187,43.384013878355759],[-1.8299156973032169,43.384018488727364],[-1.8299169537711164,43.384031983834284],[-1.8299099127116902,43.384036428381592],[-1.8299028742237902,43.38404086755218],[-1.8298936523240259,43.384040785794809],[-1.8298866088278687,43.384045228514886],[-1.8298795690682939,43.384049669471871],[-1.829872529631958,43.38405402939236],[-1.8298669990597929,43.384062998784295],[-1.8298637277385308,43.384071968783601],[-1.8298635610499658,43.38408101917571],[-1.8298594536541548,43.384094431481813],[-1.8298524113835746,43.384098874212256],[-1.8298431105128015,43.384098789841801],[-1.8298345583799747,43.384103231527689],[-1.8298244998168036,43.384103065566293],[-1.8298068141189661,43.384102897189933],[-1.8297974273691588,43.384107341137337],[-1.8297882067632569,43.384107255782943],[-1.8297788191707713,43.384111615079085],[-1.8297625574849365,43.384115974261114],[-1.8297555176735441,43.384120417010742],[-1.8297538377114941,43.3841293861841],[-1.8297606280678895,43.38413399568077],[-1.8297721944048808,43.384134078930117],[-1.8297854412578503,43.384129720409668],[-1.8297946594331322,43.384129803938549],[-1.8298047195592566,43.384129888879201],[-1.8298139402032778,43.384129972431786],[-1.8298215676298757,43.384134580585979],[-1.8298284419091235,43.384139191837839],[-1.8298377452719985,43.384139275334547],[-1.8298469671518829,43.384139358897123],[-1.8298585310042181,43.384139443012756],[-1.829867083998616,43.384135085074618],[-1.8298749596175325,43.384130641866378],[-1.8298819166869116,43.384126200063598],[-1.8298907179321675,43.384112787163559],[-1.8298931497180475,43.384103818477747],[-1.8298980111458241,43.384094849441063],[-1.8299020355246374,43.384085880843415],[-1.8299084031412203,43.384076911010453],[-1.8299162839251537,43.384068026894575],[-1.8299210626466309,43.38405905701056],[-1.8299327131585859,43.384054699246953],[-1.8299419313229697,43.384054782763826],[-1.829949558698194,43.384059393610329],[-1.8299532466966917,43.384068361885021],[-1.8299522426864345,43.384081856372994],[-1.8299497302508132,43.384090910676896],[-1.8299449519589892,43.384099794124467],[-1.8299385806596149,43.384108763021295],[-1.8299322957613353,43.384117732801862],[-1.8299244983043568,43.384122092172731],[-1.8299167041904274,43.384126534417533],[-1.8299110872148894,43.384135502927371],[-1.8299070653199454,43.384144470650234],[-1.8299099973754833,43.384153523035636],[-1.8299168745084606,43.384158050570697],[-1.8299306176163661,43.384162743806371],[-1.8299522416401492,43.384162911040796],[-1.8299562660157151,43.384153942441309],[-1.8299602916243962,43.384144973854255],[-1.8299635591980237,43.38413600561482],[-1.8299660749431863,43.384127035985664],[-1.8299685017812861,43.384118067247606],[-1.8299695934606584,43.384104571855701],[-1.8299721073624993,43.384091076608847],[-1.8299791483892549,43.38408663385826],[-1.829986190255946,43.384082275756981],[-1.8299932312806479,43.384077833005506],[-1.8300071457668614,43.384077915944836],[-1.8300139361024981,43.384082527227172],[-1.8300208095324453,43.384087054718123],[-1.8300276814050458,43.384091663232113],[-1.8300353112601222,43.384096274098255],[-1.8300421822765127,43.384100798861901],[-1.8300498096824904,43.384105408801567],[-1.8300590327922286,43.38410549235963],[-1.8300683336646941,43.384105576712521],[-1.8300775543058627,43.384105660243826],[-1.8300868564127437,43.384105744607837],[-1.8300946538561977,43.384101385225726],[-1.8301046300096484,43.384101471081713],[-1.8301124216382136,43.384097028798642],[-1.8301194651588852,43.384092584264074],[-1.8301265074095772,43.384088141516933],[-1.8301305305200752,43.384079172898204],[-1.8301384897192958,43.384065760368749],[-1.8301425994857614,43.384052349877621],[-1.8301458682789828,43.384043380744814],[-1.8301514827253891,43.384034413097794],[-1.830156260175321,43.384025443190872],[-1.8301626301822345,43.38401647516892],[-1.8301697566440247,43.384007588721147],[-1.8301767951781565,43.384003145932816],[-1.830183083731437,43.383994176175996],[-1.8301916341791693,43.38398981998823],[-1.8301986751783019,43.383985377223745],[-1.8302088174437801,43.383980932868084],[-1.8302166123765189,43.383976574352275],[-1.8302244051805732,43.383972133874359],[-1.8302360569582616,43.383967772490927],[-1.8302477932406922,43.383958888172799],[-1.830259444103596,43.383954445738226],[-1.8302703402432445,43.383950088327246],[-1.8302819895275142,43.38394572781403],[-1.8302929702535684,43.383936842965994],[-1.8303000124735405,43.383932400207698],[-1.8303085608804943,43.383927956647831],[-1.8303164413433635,43.383923515259355],[-1.8303311103316073,43.383919156815246],[-1.830338149685254,43.38391479866641],[-1.8303459450105015,43.383910354604147],[-1.8303614522556413,43.383905996626432],[-1.8303693327464683,43.383901553433724],[-1.830377126798828,43.383897111157196],[-1.8303856772711058,43.383892752253715],[-1.8304019351512044,43.383888392943824],[-1.8304097291995067,43.38388395066503],[-1.8304252401364804,43.383879592716383],[-1.8304330350581897,43.383875233285167],[-1.8304409143055258,43.383870790074745],[-1.8304478688355332,43.383866348211271],[-1.8304556666152938,43.383861904166565],[-1.8304704195302999,43.383857545662487],[-1.8304774601012466,43.383853187517438],[-1.8304844998295164,43.383848744722194],[-1.830491538322452,43.383844301913882],[-1.830498581751645,43.383839859155628],[-1.8305056214768376,43.383835416359041],[-1.8305181108046329,43.383826530710067],[-1.8305251505268727,43.38382208791225],[-1.8305376419078276,43.383813287823678],[-1.8305440106017552,43.383804319766668],[-1.8305557456081289,43.383795433602636],[-1.8305721746285206,43.383782105860043],[-1.8305847466005887,43.383773222849761],[-1.8305917888150491,43.383768778272383],[-1.8305987457910513,43.383764336424633],[-1.8306080478819882,43.383764418945155],[-1.8306150887901984,43.383759977954725],[-1.8306236392090174,43.383755619933233],[-1.8306329443625566,43.383751175983605],[-1.8306399828333906,43.383746733165808],[-1.8306470237718475,43.383742290372844],[-1.8306526426956224,43.383733405586668],[-1.8306574175442494,43.38372443743247],[-1.8306621961463245,43.383715466615122],[-1.83066705988048,43.383706498468982],[-1.8306718347247977,43.383697530314087],[-1.8306788765317394,43.383693170368225],[-1.8306844093842523,43.383684202760463],[-1.8306914503121756,43.383679759964586],[-1.8306984887358269,43.383675318943546],[-1.8307062864728547,43.383670874881126],[-1.8307140801134461,43.383666515417424],[-1.8307226321213865,43.383662073663984],[-1.8307296730439837,43.38365763086567],[-1.830736712731226,43.383653188054289],[-1.8307460185085624,43.383653270601236],[-1.8307553182907037,43.38364891212818],[-1.8307653808091064,43.383648997008649],[-1.8307754349141112,43.38364463814294],[-1.830785494980532,43.383644722096108],[-1.83079631060621,43.383644805669825],[-1.8308062842530728,43.383644889638006],[-1.8308141630859187,43.383640529237631],[-1.8308241367148357,43.383640614104507],[-1.8308319331867391,43.383636170920994],[-1.8308451773712593,43.383631813150288],[-1.8308582522833987,43.383631894605386],[-1.8308675551624944,43.383632063554842],[-1.8308743446732034,43.383636590136838],[-1.8308842369355767,43.383645726265243],[-1.8308911104173811,43.38365025190388],[-1.8308979847251499,43.383654863092104],[-1.8309072028492464,43.383654945630248],[-1.8309181013756559,43.383650587281139],[-1.8309375469875511,43.38364178531026],[-1.8309490311639489,43.383646395900911],[-1.8309566577240928,43.38365092203108],[-1.8309635295683622,43.383655533190193],[-1.8309704030745619,43.383660057923883],[-1.830977111386616,43.383669195710794],[-1.8309800427036602,43.383678165221831],[-1.830984487252332,43.383687216835021],[-1.8309913628403436,43.383691826229821],[-1.8310035131342539,43.383700962920706],[-1.8310111405476899,43.383705573697064],[-1.8310187695885192,43.383710099848457],[-1.8310256426957849,43.383714710116287],[-1.8310324353996852,43.383723761420114],[-1.8310393072752007,43.383728371674543],[-1.8310445024420487,43.383737423755065],[-1.8310481930183051,43.383746393822285],[-1.831052632644663,43.383755445382405],[-1.8310595094625488,43.383760055686089],[-1.8310709936705929,43.383764666264781],[-1.8310801272814134,43.383769276225401],[-1.8310870044601821,43.383773803690872],[-1.8310884268223024,43.383782855021501],[-1.8310882569199991,43.383791825244288],[-1.8310865002789547,43.383800876494405],[-1.8310769413293124,43.383814288945665],[-1.8310706570380715,43.383823173254129],[-1.8310636161205036,43.383827616073368],[-1.8310565752019206,43.383832058892168],[-1.831049536733655,43.383836502636036],[-1.8310424933443661,43.383840945428709],[-1.8310354524918933,43.383845384645113],[-1.8310306768117643,43.383854269966243],[-1.8310351176427382,43.383863323340059],[-1.8310410715200762,43.383876901571966],[-1.8310393114889987,43.383885871747196],[-1.8310323520618423,43.383890313596645],[-1.8310267389405646,43.383899284002169],[-1.8310212036492595,43.383908251601291],[-1.8310194436488632,43.383917219975622],[-1.8310207028116501,43.383930715998929],[-1.8310197831844943,43.38393976770044],[-1.831016512039545,43.383948737734933],[-1.8310117363655263,43.383957622154725],[-1.8310046084399498,43.383966591480508],[-1.8309982409956127,43.383975561376644],[-1.8309912000722661,43.383980003290795],[-1.8309880128896359,43.383988972381907],[-1.8309970685709127,43.383998024310976],[-1.8310041070445993,43.383993581470975],[-1.831013327671696,43.383993664926642],[-1.8310203673780283,43.383989222098265],[-1.8310305079421481,43.383984863193803],[-1.8310414885676047,43.383975978272773],[-1.831050711626208,43.383976063551131],[-1.831060016219586,43.383976146060483],[-1.8310908616519956,43.383976481179722],[-1.8310925376923253,43.38396751284656],[-1.831095050778073,43.383958544065329],[-1.8310990749545402,43.383949576323467],[-1.8311038522586509,43.383940606375091],[-1.831107875215547,43.383931637720011],[-1.8311156704532747,43.383927195405207],[-1.8311227967663781,43.38391830889617],[-1.8311305907323752,43.383913868368232],[-1.8311376341585042,43.383909423769687],[-1.8311446750457712,43.383904982746493],[-1.8311548155870514,43.383900623830698],[-1.8311649589872598,43.383896180302095],[-1.8311742612462771,43.383891821820448],[-1.8311820552743616,43.383887377687849],[-1.831193625220586,43.383887463531529],[-1.8312052744113068,43.383883103823564],[-1.8312138239809148,43.383878660207735],[-1.8312231285253082,43.383878744504173],[-1.8312316764670631,43.383874385511518],[-1.8312394766258036,43.383869943238487],[-1.831249613451603,43.383865584276251],[-1.8312566567943374,43.383861143271247],[-1.8312636977019956,43.383856700440013],[-1.8312714916845279,43.383852258101669],[-1.8312786179487512,43.383843372482701],[-1.8312857433681118,43.383834402213537],[-1.8312920267693082,43.383825434143439],[-1.8312999085887449,43.383816548141219],[-1.8313047697519211,43.383807580842166],[-1.8313134021737474,43.383798695306815],[-1.8313189337435785,43.383789725854392],[-1.831325304789339,43.3837807577777],[-1.8313323432140018,43.383776314916773],[-1.8313394719462273,43.383767428418686],[-1.8313465116026251,43.383762985569476],[-1.831353552457726,43.383758544532952],[-1.8313614317561562,43.383749660301483],[-1.8313699812956301,43.383745216673532],[-1.8313777752560958,43.383740774327592],[-1.8313870811791995,43.383736415865918],[-1.8313957121628779,43.383731973968814],[-1.8314051001381588,43.383723087143338],[-1.8314175071312939,43.383723170713154],[-1.8314267264843851,43.383723254122415],[-1.8314327620287787,43.383732392210945],[-1.8314363638084163,43.383741360457876],[-1.8314346911545525,43.383750412571764],[-1.8314321731560934,43.383759383111538],[-1.8314251347924715,43.383763823277945],[-1.8314180949788701,43.383772708889182],[-1.8314087879468521,43.383772626384079],[-1.8314009952187946,43.383777068744699],[-1.831386996696885,43.3837814278751],[-1.8313784463105653,43.383785786854489],[-1.8313706523788993,43.383790227399849],[-1.831363611452131,43.383794672038441],[-1.8313565681248662,43.38379911305028],[-1.8313495284649461,43.38380355590003],[-1.8313362008143457,43.383816884835539],[-1.83132832234618,43.383825853714768],[-1.8313219516874804,43.383834737154402],[-1.8313155818351339,43.383843707043901],[-1.8313092130962625,43.383857117001845],[-1.8313035950640852,43.383866088271326],[-1.8312995746263951,43.383875056058756],[-1.8312978986020652,43.383884025295728],[-1.8313030950547862,43.383893077377451],[-1.8313099669527173,43.383897688516164],[-1.83131918758354,43.38389777104674],[-1.8313284921311872,43.383897855334645],[-1.8313416524046884,43.383893496649087],[-1.8313588326000889,43.383884694865898],[-1.8313658735031888,43.383880252028327],[-1.8313728304711887,43.38387580833254],[-1.8313868277470313,43.383871450992118],[-1.8313938711152074,43.383867008178022],[-1.8314016651243394,43.383862564030217],[-1.8314087068647091,43.383858205839665],[-1.8314180119262524,43.383853764526513],[-1.8314258058800663,43.383849323077797],[-1.8314344377720415,43.383844963126919],[-1.8314414786650524,43.383840520284565],[-1.8314484380570928,43.383836078409786],[-1.831454810357837,43.383827108537879],[-1.83146185124728,43.38382266569419],[-1.8314698125542159,43.383809254893471],[-1.8314808775675757,43.383795843392264],[-1.8314880013087818,43.383786958634779],[-1.8314958797830536,43.383777987943638],[-1.8315044301254517,43.383773630755861],[-1.8315191817123599,43.383769272102647],[-1.8315284862755679,43.383769354573531],[-1.831533683987723,43.383778406657868],[-1.831534269729471,43.383787375598338],[-1.8315333464264338,43.383796429968051],[-1.8315331815615243,43.383805398442163],[-1.8315383792773472,43.383814450526245],[-1.8315452524362794,43.383819060763329],[-1.8315553100481323,43.383819145524157],[-1.8315667918718344,43.383823754227791],[-1.8315735798310966,43.383828365393505],[-1.8315772701344164,43.38383741828109],[-1.8315755941867002,43.383846385722144],[-1.8315723256146297,43.383855354898685],[-1.8315675459347869,43.383864323942127],[-1.8315642773605252,43.383873293118356],[-1.8315625174411339,43.383882261502023],[-1.8315600883788576,43.383891230251855],[-1.8315583284236894,43.38390020043596],[-1.8315581632052829,43.383909251746545],[-1.8315421514305488,43.383900031536179],[-1.8315329308159873,43.383899948123336],[-1.8315258874539166,43.383904390946064],[-1.8315188490281233,43.383908833818786],[-1.831511808132646,43.383913276665815],[-1.8315047647675027,43.383917719487179],[-1.8314999891495944,43.383926604828524],[-1.8314913563794868,43.383935573214494],[-1.8314843179475597,43.383940016084978],[-1.831477276202909,43.383944374280063],[-1.831470235300281,43.383948817124441],[-1.8314610146785595,43.383948733705708],[-1.8314517101227155,43.383948649428511],[-1.8314424895010712,43.383948566008272],[-1.831433183710981,43.383948481716956],[-1.8314261440390436,43.383952924571169],[-1.8314189345633636,43.383966334947722],[-1.8314187659430312,43.383975305183881],[-1.831422458734882,43.383984356300765],[-1.8314292477727308,43.383993410244599],[-1.8314361222121049,43.383998018700346],[-1.8314429941146837,43.384002630731501],[-1.8314521294153421,43.384007156038457],[-1.8314613500458907,43.384007239458008],[-1.8314706529851046,43.384007408359047],[-1.8314798761189972,43.384007490001807],[-1.8314899325274614,43.38400757475614],[-1.831499992673546,43.384007657746885],[-1.8315139060369172,43.384003299533568],[-1.8315232106013157,43.384003383805819],[-1.8315324312315133,43.384003467219635],[-1.8315417317364093,43.384003634289122],[-1.8315533005062969,43.384003718283537],[-1.8315641137297711,43.384003801760151],[-1.831575680908891,43.384003968576316],[-1.8315834748881874,43.383999526216755],[-1.8315942905796807,43.383999609715723],[-1.8316066940416782,43.383995252271227],[-1.8316236254071585,43.383995419865251],[-1.8316304998271526,43.384000030110009],[-1.8316373734049192,43.384004555704614],[-1.8316442453583293,43.384009165923331],[-1.8316511214068147,43.384013691542343],[-1.8316579106277895,43.38401830271583],[-1.831664781741015,43.384022828283612],[-1.8316740871867672,43.384022995392826],[-1.831681045348966,43.384018553491451],[-1.8316880850103225,43.38401411062145],[-1.8316921066349969,43.384005142832613],[-1.8316900138524259,43.383996089162309],[-1.8316761838477034,43.383991479891186],[-1.8316615949868631,43.383986785427446],[-1.8316548078466806,43.383982258916554],[-1.8316479346611281,43.383977648685871],[-1.8316419010863385,43.383968597971567],[-1.8316405564696689,43.383959543840596],[-1.8316484357532767,43.383950659589473],[-1.8316554778776659,43.383946216746608],[-1.8316646984996219,43.383946300149653],[-1.8316715704486519,43.383950910366707],[-1.8316737496817692,43.383959962219372],[-1.8316781930850361,43.383969015594467],[-1.8316874112418577,43.38396909897051],[-1.8316967182702193,43.383969183253804],[-1.8317067764403288,43.383964740607233],[-1.8317185100419608,43.383955856110461],[-1.8317278146343197,43.383955938565421],[-1.8317385433851623,43.383960548562328],[-1.8317352735616288,43.383969519531441],[-1.8317335157939039,43.383978569879424],[-1.8317309998012763,43.383992066044868],[-1.8317276459519642,43.384005476212614],[-1.83172513664278,43.384014445946832],[-1.8317186786606259,43.384027942357946],[-1.8317116402687357,43.384032383441919],[-1.8317046824635295,43.384036742508542],[-1.8316960489722314,43.384041185303559],[-1.8316890080739401,43.384045628161381],[-1.8316812140961978,43.384050070528112],[-1.8316787801068188,43.384059039229882],[-1.8316856574150937,43.384063563959231],[-1.8317018332355184,43.384063731926275],[-1.8317088715972072,43.384059292643514],[-1.8317190151604934,43.384050404508002],[-1.8317306667802409,43.384046046572315],[-1.8317399688832057,43.384046130801764],[-1.8317468445521445,43.384050741052256],[-1.8317466759796461,43.384059711289325],[-1.8317449161156936,43.38406867787522],[-1.8317439087995957,43.384082172345671],[-1.831745250965328,43.384091226450202],[-1.8317521258135749,43.384095751150419],[-1.8317589990203067,43.384100361374998],[-1.831765873462426,43.384104971611798],[-1.8317750916401212,43.384105054980999],[-1.8317843122865294,43.384105138374686],[-1.8317913556536241,43.384100695536247],[-1.8318046818479461,43.384091811993308],[-1.8318118068295066,43.384082926328304],[-1.8318188452374158,43.384078484337927],[-1.8318267236675065,43.384069515424834],[-1.831834520984114,43.384065155922571],[-1.8318423174214935,43.384060713570527],[-1.8318515380613789,43.3840607969587],[-1.8318593307939961,43.384056354567647],[-1.8318679630068904,43.384051913548113],[-1.8318796146511713,43.384047553796606],[-1.8318896736649524,43.384043195783732],[-1.8318998182712198,43.384038752202294],[-1.8319076122318316,43.384034309820464],[-1.8319170021148294,43.384029951273106],[-1.8319857326832159,43.383985608040383],[-1.8319974674831403,43.383976723527212],[-1.8320092010452982,43.383967839000142],[-1.8320201790926165,43.383958952157684],[-1.8320366078070223,43.383945626002422],[-1.8320429825022206,43.383936656122216],[-1.8320500208591179,43.383932215017381],[-1.8320578168733428,43.383927857287297],[-1.832064856497049,43.383923414393614],[-1.8320741603567152,43.383918969413024],[-1.8320827958816761,43.383914611251193],[-1.8320898367363605,43.383910168368516],[-1.8320998128995933,43.383910252249592],[-1.8321076068292359,43.383905809853673],[-1.8321169113805882,43.383905894077451],[-1.8321268834844266,43.38390606075496],[-1.8321346786459118,43.383901618369777],[-1.8321439832312751,43.383901700790801],[-1.8321517771566465,43.383897258391826],[-1.8321588204729953,43.38389281552999],[-1.8321658612505249,43.383888376243554],[-1.8321736536170996,43.383884014866567],[-1.832181453709679,43.383879572528507],[-1.8321869863943454,43.38387060304543],[-1.8321972944661717,43.383857191848499],[-1.8322013160225659,43.383848223140291],[-1.8322076840866908,43.383839339625013],[-1.8322148118211599,43.383830370221844],[-1.8322210959819691,43.383821484048049],[-1.8322281392498929,43.383817042982294],[-1.8322359356614621,43.383812598801995],[-1.8322445690813989,43.383808155965234],[-1.8322515259434498,43.383803714015613],[-1.832258565183061,43.383799353946181],[-1.8322656059424898,43.383794914653336],[-1.8322726492386621,43.383790471784202],[-1.8322797720550257,43.383781500525792],[-1.8322884055665445,43.383772614927693],[-1.832297960489669,43.38375920503492],[-1.8323050820296778,43.383750235562722],[-1.8323120422280856,43.383745876483673],[-1.8323190830465266,43.383741433586344],[-1.832327716415749,43.38373699254354],[-1.8323377753810082,43.383732632689558],[-1.8323448161614826,43.383728191591118],[-1.8323518569755095,43.383723748691686],[-1.832359650862917,43.383719306277953],[-1.8323674447837563,43.383714862063165],[-1.8323753263638853,43.383705979585727],[-1.8323823647390232,43.383701534858602],[-1.8323863887261314,43.383692566168406],[-1.8323927608741919,43.383683596242257],[-1.8323998820012652,43.383674711400893],[-1.8324077627615976,43.383665742470775],[-1.8324148887698097,43.38365686037961],[-1.8324226851126717,43.383652417986596],[-1.8324312321284268,43.383647972452451],[-1.8324405375203143,43.383648139498661],[-1.8324497555963284,43.383648224613225],[-1.8324566316655679,43.383652750184304],[-1.8324602352293236,43.38366632865786],[-1.8324553717439658,43.383675297783675],[-1.8324490876326682,43.383684183971113],[-1.8324420468648321,43.383688625076161],[-1.8324364315005559,43.383697595528588],[-1.8324378556520069,43.383706564020819],[-1.8324447276339573,43.38371117419198],[-1.8324593964413143,43.383706814572086],[-1.8324642599287024,43.383697845446186],[-1.8324729753075095,43.383684435070656],[-1.832479343383755,43.383675547938296],[-1.8324863865814685,43.383671108656614],[-1.832494937298293,43.383666663155523],[-1.8325019768254422,43.383662222034509],[-1.8325111998756243,43.383662305394033],[-1.8325205019050756,43.383662390459591],[-1.8325275435951163,43.383658029498029],[-1.832536764158827,43.383658113730547],[-1.832543802482212,43.383653670793784],[-1.8325508457073005,43.383649229707487],[-1.8325601506896965,43.383644786499424],[-1.8325697030813535,43.383631375657259],[-1.8325828632109291,43.383627016826921],[-1.8325914147246249,43.383622657768711],[-1.8326007167655429,43.383622741927418],[-1.8326099398446061,43.383622823478397],[-1.8326175673897245,43.383627433248698],[-1.8326244372459193,43.383631961447598],[-1.8326313117025834,43.383636571632856],[-1.8326405298119952,43.383636654931507],[-1.832649836792497,43.383636739136641],[-1.8326590573706332,43.383636822458996],[-1.8326684422191319,43.383632462897637],[-1.8326793422082714,43.383628021555111],[-1.832687889167657,43.383623577802041],[-1.8327041513651727,43.383619302849425],[-1.8327119476824552,43.383614860436346],[-1.8327205810400193,43.38361041756275],[-1.8327344110723982,43.383610585749921],[-1.8327437168148779,43.383610669934797],[-1.8327513443861034,43.383615278796],[-1.8327565409998916,43.383624332614843],[-1.8327548627635752,43.38363330005037],[-1.8327507573349511,43.383642269723268],[-1.8327438005274281,43.383646711704003],[-1.8327367597505648,43.383651154628033],[-1.8327303892801723,43.383660039949504],[-1.8327233460321364,43.383664482847479],[-1.8327169789235933,43.383673450142318],[-1.8327051586085072,43.383686863958516],[-1.8326926687967171,43.383695664300561],[-1.8326856304790708,43.383700107246504],[-1.8326785896917726,43.383704550166811],[-1.8326715477036681,43.383708991273558],[-1.8326623258802355,43.383708907939493],[-1.8326475768554371,43.383713266766506],[-1.8326383550314302,43.383713183430501],[-1.8326282965543246,43.383713015915902],[-1.8326174846132262,43.383712932553095],[-1.8326074270154398,43.383712847885882],[-1.8325982064086694,43.383712765459521],[-1.8325881463077689,43.383712682565914],[-1.8325803516102679,43.383717039445401],[-1.832570377945792,43.383716955631805],[-1.8325633371482388,43.383721398544878],[-1.8325562963496711,43.383725841457512],[-1.8325491678331527,43.383734726233108],[-1.8325451488042859,43.3837436949796],[-1.83255579319562,43.383752830538349],[-1.8325626651745253,43.383757441602832],[-1.8325694535930253,43.383761968073088],[-1.8325763268256099,43.383766578249087],[-1.8325823629724829,43.383775629841203],[-1.832585216397099,43.383784682256724],[-1.832585046750042,43.383793650683728],[-1.8325826178073263,43.383802621257708],[-1.8325808531027301,43.383811589608491],[-1.8325822818253816,43.383820642786553],[-1.8325882327754281,43.383829695309402],[-1.8325951060169918,43.383834305484321],[-1.8326043265903538,43.383834390611938],[-1.8326111965549732,43.383838914310445],[-1.8326197468279315,43.383834557038483],[-1.8326290538731915,43.383834639445141],[-1.8326368477551498,43.383830197012529],[-1.8326515980435432,43.383825838199897],[-1.8326624989480718,43.383821479708786],[-1.8326695372816004,43.383817036764526],[-1.8326780866853785,43.38381259573859],[-1.8326873097761802,43.383812678183929],[-1.8326943505755404,43.383808235263309],[-1.8326999630198351,43.38379935121052],[-1.8327054980896818,43.383790381726492],[-1.8327102726248607,43.383781414383492],[-1.8327143830065353,43.383772444762855],[-1.8327213398653028,43.383768000983672],[-1.8327283806224293,43.383763559861357],[-1.8327354223097101,43.383759198887034],[-1.8327432161569963,43.38375475734717],[-1.8327563750021723,43.38375484124284],[-1.832768026492799,43.383750483199705],[-1.8327795923953492,43.38375064988098],[-1.8327888949257449,43.383746205728855],[-1.8328004661024981,43.383746290522026],[-1.8328097690078708,43.383746459313713],[-1.8328189908374608,43.383746542635933],[-1.8328305533914047,43.38374662643762],[-1.8328398616236414,43.383746710640089],[-1.8328474892191271,43.383751319495076],[-1.832856036149485,43.383746877530086],[-1.8328652579792812,43.383746960848605],[-1.8328746477678211,43.383742601320826],[-1.8328838683281556,43.383742686425741],[-1.832894848624965,43.38373380222302],[-1.8328997071653017,43.383724830326742],[-1.8329059952387972,43.383715863115569],[-1.8329123656897703,43.383706977784186],[-1.8329156340566106,43.383698008566796],[-1.8329212485239677,43.383684512482304],[-1.8329222551113449,43.383675546293411],[-1.832921584386628,43.383666491851116],[-1.8329194897902741,43.383657523725638],[-1.8329142931493418,43.383648469913958],[-1.8329074161663461,43.383643861520781],[-1.8329006294131196,43.383634807687301],[-1.8328906561708167,43.383630198306683],[-1.8328822730795518,43.383625587146199],[-1.8328753994670386,43.383621060725311],[-1.8328709558915925,43.383612008294726],[-1.8328696135325055,43.38360295600134],[-1.8328712917855587,43.383593986763366],[-1.8328745601519998,43.383585017546942],[-1.8328816009112312,43.383580574614157],[-1.832891825620006,43.383571690803507],[-1.8329010461717694,43.383571775006487],[-1.8329103506917961,43.383571858264865],[-1.8329171387614764,43.383576467551343],[-1.8329240148235544,43.383580994895198],[-1.8329308868289904,43.383585605037482],[-1.8329385160005767,43.383590131062348],[-1.8329453867738301,43.383594741191182],[-1.8329554468563911,43.383594824053127],[-1.8329622349320727,43.383599433336975],[-1.8329738035956096,43.383599518987332],[-1.8329831056687438,43.383599601314373],[-1.8329899801494405,43.383604211478378],[-1.8329967722863967,43.38360873796136],[-1.8329997047448234,43.383617792073849],[-1.8329994544928836,43.383631287079382],[-1.8329977750750293,43.383640253606018],[-1.8329945079405852,43.383649223738892],[-1.8329912383537732,43.383658192946193],[-1.8329864613839193,43.383667161176774],[-1.8329776621689282,43.383680571636475],[-1.8329736370005301,43.38368954213643],[-1.8329703686426777,43.383698511355625],[-1.8329663472094839,43.383707480092532],[-1.8329623232891437,43.383716449704352],[-1.8329621545604666,43.383725501882139],[-1.8329690281739222,43.383730029198226],[-1.832981265634464,43.383734638268237],[-1.8329982796697155,43.383734804701412],[-1.8330052397830172,43.383730447380124],[-1.8330138731707644,43.383726002683893],[-1.8330209139019926,43.38372156154324],[-1.8330294633189237,43.383717117789736],[-1.8330499984162933,43.383690379055786],[-1.8330697807514456,43.383667998858087],[-1.8330888063186093,43.383641176279184],[-1.8331078339657068,43.383614437458924],[-1.8331260187689469,43.383592055356146],[-1.8331355775567817,43.383574120733201],[-1.8331480648461018,43.383565318515849],[-1.833155105583413,43.383560875565955],[-1.8331637389015751,43.383556432658395],[-1.8331715351778148,43.383551990213462],[-1.8331784919436849,43.383547548206153],[-1.8331871236695876,43.383543188120818],[-1.8331941644014949,43.383538745168444],[-1.8332011236328378,43.383534303184902],[-1.8332067400693239,43.383525334506309],[-1.8332115170298453,43.383516364465287],[-1.8332185586023246,43.383512006161084],[-1.8332278606283028,43.383512090268596],[-1.8332348186025438,43.383507649170575],[-1.8332441243481321,43.383507732414266],[-1.8332587083186171,43.383512424825682],[-1.8332654967628419,43.383516951255082],[-1.8332723712561125,43.383521561402304],[-1.8332768136337254,43.383530614705727],[-1.8332774847990685,43.383539584509556],[-1.8332795803247461,43.383548635478455],[-1.8332864539425253,43.38355316277562],[-1.833293328441445,43.38355777292162],[-1.8333025490268853,43.383557855291699],[-1.8333195604941634,43.383558024352105],[-1.8333265197532822,43.383553580560331],[-1.8333351514351588,43.383549222264257],[-1.8333437876178271,43.383540251972001],[-1.8333523377970429,43.383535894643963],[-1.8333594603904586,43.383526925116264],[-1.8333658298751485,43.383517956909081],[-1.8333713657012125,43.383509070240216],[-1.8333746339375987,43.383500103709274],[-1.8333756396779473,43.383491049264485],[-1.8333850272949832,43.383482164072859],[-1.8333942478519709,43.383482247335678],[-1.833401117414029,43.383486857424892],[-1.8334071536231915,43.383495910775544],[-1.8334147009497779,43.383504963334062],[-1.8334237515999989,43.383514099661788],[-1.8334306227562156,43.383518626925209],[-1.8334398433188777,43.383518710184411],[-1.8334523354595789,43.383514351642809],[-1.8334623078939238,43.383514433565978],[-1.8334716148583006,43.383514517704008],[-1.8334784868985641,43.383519127813855],[-1.833485276206007,43.383523738880193],[-1.8334921486368063,43.383528264352037],[-1.8335014556033853,43.383528348487687],[-1.8335084938423827,43.383523905490456],[-1.8335162909356066,43.383519547671426],[-1.8335256776909361,43.38351057781837],[-1.8335349821862907,43.383510661926053],[-1.833544201125354,43.38351082980143],[-1.8335534216871918,43.38351091305146],[-1.8335602953215051,43.38351544033236],[-1.8335671686030171,43.38352005044954],[-1.833569349321996,43.383529103182639],[-1.8335691823074332,43.383538070738076],[-1.833571275390687,43.38354712257722],[-1.8335749638444796,43.383556093442415],[-1.8335792413540599,43.383574198052095],[-1.8335907232551176,43.383578808354414],[-1.8335983508532714,43.383583418960377],[-1.8336084927919236,43.383578975199526],[-1.8336162865706243,43.383574532698781],[-1.8336255071423297,43.383574615943076],[-1.8336318774392999,43.383565732370542],[-1.8336351456924591,43.383556763131047],[-1.8336368238314438,43.383547793880439],[-1.8336438657659566,43.383543350912603],[-1.8336509089337598,43.38353890795689],[-1.8336602097308901,43.383538992016668],[-1.8336694302628227,43.383539077057925],[-1.8336763023210645,43.383543687156056],[-1.8336831784887486,43.38354821175411],[-1.8336837641752584,43.383557264424461],[-1.8336812502362601,43.383566234155431],[-1.8336742070674268,43.383570677112971],[-1.8336678367760526,43.383579560687949],[-1.833677730653918,43.38358869839255],[-1.8336870351271757,43.383588784288548],[-1.8336962557530534,43.383588864826407],[-1.8337054750756072,43.383588948951989],[-1.8337157009359155,43.383580063278373],[-1.8337167065698894,43.383566568771698],[-1.8337146097441053,43.383557517797527],[-1.833721651320553,43.383553157661481],[-1.8337286920152951,43.383548714675776],[-1.833735480499098,43.383553241077678],[-1.8337469636427419,43.383557851377027],[-1.8337522456035238,43.383566904220416],[-1.8337535880935154,43.38357595650497],[-1.8337541762765854,43.38358500829996],[-1.8337633125461814,43.383594060832863],[-1.8337739586754882,43.383598670696927],[-1.8337799912483299,43.383607723990686],[-1.8337821707848907,43.383616775807162],[-1.8337811642734967,43.383625744705974],[-1.8337778972721841,43.383634713962316],[-1.8337747093009171,43.383643682223678],[-1.8337706040211683,43.383652651934881],[-1.8337680885118666,43.383666147250992],[-1.8337694309715737,43.383675201335784],[-1.8337763022064262,43.383679726778283],[-1.8337855252632218,43.383679810035069],[-1.8337948273166342,43.383679894096758],[-1.8338012844139984,43.383666482199025],[-1.8337954126599088,43.383648460387178],[-1.833800194446974,43.383639492171753],[-1.8338050552636356,43.383630522961226],[-1.8338129308757061,43.383621553881355],[-1.8338208123035564,43.383612667700554],[-1.8338278553977689,43.383608228334985],[-1.8338357331532327,43.383599340314781],[-1.8338442836771178,43.383594899212767],[-1.8338520774410079,43.383590456695785],[-1.833860627626281,43.383586097528905],[-1.8338676670805918,43.383581654521983],[-1.8338732846583532,43.38357268582223],[-1.8338765504078132,43.383563716550277],[-1.8338758795072794,43.383554663912335],[-1.8338721946601555,43.383545695794901],[-1.8338701809168991,43.383532116469503],[-1.8338742034396838,43.383523147711472],[-1.8338812465885967,43.38351870474132],[-1.8338890399865606,43.383514345058288],[-1.8338960818472869,43.383509904775401],[-1.8339053036616506,43.383509987109385],[-1.833919970717756,43.383510154684267],[-1.8339270113932293,43.383505711686063],[-1.8339348076082629,43.383501269188343],[-1.8339418458129984,43.383496826164034],[-1.8339451164853393,43.383487856940178],[-1.833944530338,43.383478890708339],[-1.8339408421699521,43.383469837917943],[-1.8339339676654256,43.383465226009832],[-1.8339270952082112,43.3834607005642],[-1.833919467599856,43.383456089979973],[-1.8339102458108747,43.383456006746961],[-1.8339009413227039,43.383455922669867],[-1.8338917220024533,43.383455839460538],[-1.8338846788616645,43.383460282431479],[-1.8338783110468018,43.383469167844488],[-1.8338742054582808,43.383482663156066],[-1.8338755446670965,43.383491629864302],[-1.8338623028197572,43.383500515410702],[-1.8338552621402526,43.383504958404856],[-1.8338460415783915,43.383504875179192],[-1.8338366502897772,43.383509318512466],[-1.833826591858061,43.383509150203345],[-1.8338198021206373,43.38350462469446],[-1.8338104976425724,43.383504539709683],[-1.8338036292813158,43.383499929657276],[-1.8337968383295755,43.383495403234178],[-1.8337899613301574,43.383490793092868],[-1.8337840117920581,43.383477215947217],[-1.8337841812950031,43.383468245715392],[-1.8337882001230326,43.383459276922586],[-1.8337930646294216,43.383450307749918],[-1.8337970871578488,43.383441338994501],[-1.8337972541555116,43.383432370537953],[-1.8337912194817927,43.383423234383145],[-1.8337843458402541,43.383418707115936],[-1.8337751265259987,43.383418623897285],[-1.8337604570241199,43.383418456278918],[-1.8337466257955948,43.383418288203721],[-1.8337387493127872,43.38342273167089],[-1.8337295275294234,43.383422648423377],[-1.8337203082147429,43.383422565200284],[-1.8337102482099674,43.38342247970516],[-1.833701111960895,43.383417870827756],[-1.8336918099478403,43.383417786758905],[-1.8336849329306457,43.383413178411928],[-1.8336741223080879,43.383413093361703],[-1.8336664947078967,43.383408483661114],[-1.833658866755163,43.383403956796649],[-1.833652077447506,43.383399345740564],[-1.8336460424106744,43.383390294215481],[-1.8336423530580332,43.383381241403342],[-1.8336425225295083,43.383372273872624],[-1.8336442788290892,43.383363219877253],[-1.8336467100136224,43.383354252004011],[-1.8336492251825707,43.383345282286008],[-1.8336540045321597,43.383336312250506],[-1.8336596184148146,43.383327343523192],[-1.8336666599336071,43.383322985190638],[-1.8336737009562503,43.383314016611827],[-1.8336731967520519,43.383300521112339],[-1.8336773048404897,43.383287025833113],[-1.8336843430385501,43.383282582824407],[-1.8336913845503524,43.383278224490233],[-1.8336977564282912,43.383269256288507],[-1.8336910489771188,43.383255675909574],[-1.8336841757155176,43.383251065799868],[-1.833673449020494,43.383250983406512],[-1.83365961534282,43.383246373436897],[-1.8336527433189815,43.383241763337942],[-1.8336458721422546,43.383237237888324],[-1.8336445297092328,43.383228183801741],[-1.833647797906792,43.383219216361645],[-1.8336525772462844,43.383210246325902],[-1.8336596154371185,43.383205803318575],[-1.8336688371873948,43.383205886571382],[-1.8336758774569819,43.383201528225406],[-1.8336851794369105,43.383201612295174],[-1.8336922225616437,43.383197169336157],[-1.8336977549263447,43.383188201576203],[-1.8337041268281618,43.383179231573351],[-1.8337104106693101,43.383170347114024],[-1.8337174537885632,43.383165904153365],[-1.8337244944381785,43.383161461167077],[-1.833733796412139,43.383161545232845],[-1.8337430193902347,43.383161628492161],[-1.8337522398652522,43.383161713526057],[-1.833760118393428,43.383157354719742],[-1.8337693376680442,43.38315743793914],[-1.8337748700522354,43.383148468374706],[-1.833780569073133,43.383135056849497],[-1.8337792265874364,43.383126004564659],[-1.8337739433906597,43.383116953510147],[-1.8337641372093652,43.383107816707586],[-1.83375483526079,43.383107731744133],[-1.8337479616398933,43.383103205375228],[-1.8337387399049359,43.383103122129],[-1.8337365616604588,43.383094068523256],[-1.8337429335291735,43.383085099418182],[-1.8337499729331577,43.383080656417583],[-1.8337592798054811,43.383076298672087],[-1.8337663179729475,43.383071855657818],[-1.8337756236362763,43.383071939757762],[-1.8337826617675466,43.383067498543028],[-1.8337918822629229,43.383067581773069],[-1.8337989228956648,43.383063138781942],[-1.8338059643736628,43.383058780440138],[-1.8338145954792471,43.383049810059653],[-1.8338202150773326,43.383040926923819],[-1.8338271692860617,43.383036483949994],[-1.8338342123812306,43.383032040981817],[-1.8338435143702581,43.383032123237861],[-1.8338505574292265,43.383027682069134],[-1.8338597779187906,43.38302776529364],[-1.8338698366417416,43.383027849862017],[-1.8338790567779963,43.383028015921624],[-1.8338883612006562,43.383028099999756],[-1.833895149639277,43.383032626392058],[-1.8339044552969981,43.383032710481473],[-1.8339120828863082,43.383037319265888],[-1.833920379562201,43.383046374030542],[-1.8339287602208214,43.383050983289657],[-1.8339380671157686,43.383051067388962],[-1.8339464465420723,43.3830556766342],[-1.8339563395085181,43.383060286905447],[-1.8339656414677303,43.383060370952165],[-1.8339748644312193,43.383060454192609],[-1.8339841663905265,43.383060538237821],[-1.8339919634247757,43.383056178584404],[-1.8339990015041883,43.383051739156642],[-1.8340075557277749,43.383047293577448],[-1.8340154345481303,43.383038409156491],[-1.8340224751614003,43.383033966151352],[-1.8340318617147366,43.383024998955058],[-1.8340437639021478,43.383011671376018],[-1.834049293763814,43.383002701772298],[-1.8340563368390879,43.382998258790138],[-1.8340634625975043,43.382989372990522],[-1.8340712562499208,43.382984931357306],[-1.8340829893193089,43.382976046610288],[-1.8340954767194642,43.382967160548652],[-1.8341041123538819,43.382962717593095],[-1.8341110689845368,43.38295827552701],[-1.8341203718098891,43.382958442410235],[-1.8341289259425297,43.382954000422679],[-1.8341382278860316,43.382954084455157],[-1.8341474458794658,43.382954168531413],[-1.8341544864906436,43.382949724617617],[-1.8341615295176501,43.382945283429301],[-1.8341639581912694,43.382936312817399],[-1.834160270021566,43.382927260033249],[-1.8341505476888804,43.382913682259144],[-1.8341476150556955,43.382904629974014],[-1.8341455203019117,43.382895661868055],[-1.834144849366542,43.382886609230276],[-1.8341451015112298,43.382877639839521],[-1.8341475313841509,43.382868671040974],[-1.8341507970533066,43.382859701759216],[-1.8341564157549568,43.382850733055768],[-1.8341634566498672,43.38284176444462],[-1.8341690712920387,43.382832878539425],[-1.8341768649338488,43.382828435998327],[-1.8341839055109235,43.382823992982686],[-1.8341917040877229,43.382819550490893],[-1.8341994964918877,43.382815107935613],[-1.8342087190314735,43.382815275793952],[-1.8342180234226357,43.382815359844891],[-1.8342264056945388,43.382819884457653],[-1.8342308469316382,43.382828937713555],[-1.8342377189540733,43.382833547778056],[-1.8342469393809127,43.382833632771536],[-1.8342562462781058,43.382833715044022],[-1.8342656336472964,43.382824830676725],[-1.8342697400129817,43.38281586185785],[-1.834275272291753,43.382806892267475],[-1.8342823128592378,43.382802449245645],[-1.8342893542554151,43.382798091773381],[-1.8342985747115348,43.382798174962112],[-1.8343109818294905,43.382793732618865],[-1.834321040162455,43.382793899983831],[-1.8343310939110364,43.382793984460847],[-1.8343410723671514,43.382794068169503],[-1.8343511286189416,43.382794150869422],[-1.8343626967815987,43.382794319214241],[-1.8343742653315702,43.382794402920659],[-1.8343857471486789,43.382799013142794],[-1.8343973140781415,43.382799181471512],[-1.834409638195603,43.382799263871625],[-1.8344235495512085,43.382799430882287],[-1.8344328539578656,43.382799514015439],[-1.8344398129973749,43.382795072854194],[-1.8344476066149056,43.382790630294338],[-1.8344546480153237,43.382786271911513],[-1.8344564917330322,43.38277277693421],[-1.8344589219427532,43.382763723491117],[-1.8344668040375853,43.382759366472897],[-1.8344760232885826,43.38275944783414],[-1.8344852412708219,43.382759530982575],[-1.8344945480884369,43.382759616836601],[-1.8345015862005321,43.382755171975269],[-1.834510138655709,43.382750814583027],[-1.8345171767311683,43.38274637152125],[-1.8345204448076926,43.382737402253191],[-1.8345213663783442,43.382728349640388],[-1.8345161695738121,43.382719295898234],[-1.8345186848738115,43.382705800561133],[-1.8345326840784,43.382701445555],[-1.8345340230172422,43.382710495094344],[-1.8345385519282087,43.382719549232064],[-1.8345452573986716,43.382728600340585],[-1.8345521319027822,43.38273321041158],[-1.834559005526083,43.382737737632908],[-1.83456587756367,43.382742347677933],[-1.83457426069942,43.382746956915206],[-1.8345811318573251,43.382751484110081],[-1.834591109072983,43.382751567784268],[-1.8346010823047065,43.382756177017093],[-1.8346111406328107,43.382756344356451],[-1.8346242190050184,43.382756429017611],[-1.8346388858834404,43.382756596498233],[-1.8346465134607852,43.38276120703464],[-1.8346517078541762,43.382770258945385],[-1.8346515409863824,43.382779227405685],[-1.8346482753953306,43.382788196702791],[-1.8346427419386315,43.382797166299333],[-1.8346409825066867,43.382806134737585],[-1.834646181527851,43.382819714096641],[-1.8346513771430564,43.382828766920191],[-1.8346606791035511,43.382828849109437],[-1.8346674696432654,43.382833461019089],[-1.834674510202984,43.382829017072588],[-1.8346838170663073,43.382829101110779],[-1.8346932861459591,43.382815690140013],[-1.8346973915051907,43.382802194794877],[-1.8347030101213202,43.382793226063505],[-1.8347101357442266,43.382784341122196],[-1.8347156679555492,43.38277537150968],[-1.8347227060191373,43.382770928435136],[-1.8347297465158237,43.382766487185826],[-1.8347367879280567,43.382762126984801],[-1.8347445802857598,43.382757684391791],[-1.8347517075193491,43.382748714823066],[-1.8347572405343768,43.382739831658711],[-1.8347605089274643,43.382730779546669],[-1.8347622696082131,43.382721809318284],[-1.8347654536975604,43.382712840087727],[-1.8347694772665386,43.382703871307385],[-1.8347750917731704,43.382694987171568],[-1.834781463429682,43.38268601890605],[-1.8347877487176849,43.382677047959184],[-1.8347955447636044,43.382672605400231],[-1.8348026703585982,43.382663720452648],[-1.834820439566534,43.382663890707455],[-1.8348273116505367,43.382668498936411],[-1.8348325109661066,43.38267755269014],[-1.8348346897816337,43.382686519839595],[-1.83483452132044,43.38269557292525],[-1.8348327619199614,43.382704541366969],[-1.8348310864687303,43.382713509763619],[-1.8348316711037853,43.38272256151842],[-1.834835359327629,43.382731616082744],[-1.8348422354580536,43.38273614241217],[-1.8348490260360533,43.382740752510614],[-1.8348583279492174,43.382740836484182],[-1.8348675483984302,43.38274091962694],[-1.8348800365763476,43.382736560888048],[-1.8348855687582966,43.382727591266885],[-1.8348926092554656,43.382723149107051],[-1.8349020807238117,43.382709739043449],[-1.834905347507451,43.382700769751068],[-1.8349124755930299,43.382691883021167],[-1.8349149871955017,43.382682830397442],[-1.8349229500602793,43.382669419368376],[-1.8349300756364506,43.382660534412629],[-1.8349392935706279,43.382660619324838],[-1.8349461697182574,43.382665144747804],[-1.8349530417775874,43.382669754769864],[-1.8349558943537934,43.382683250780019],[-1.8349595826284566,43.382692303540033],[-1.8349632721729507,43.382701354511994],[-1.8349661221860893,43.382710407735779],[-1.8349721560523073,43.38271946278217],[-1.8349790281714236,43.382724070101922],[-1.8349881635167686,43.382728596928693],[-1.8349974700138569,43.382728763777898],[-1.8350066916959669,43.382728846921992],[-1.8350299064167519,43.38272457313461],[-1.8350392107966091,43.382724657118573],[-1.8350461686013799,43.38272021320639],[-1.8350532127718406,43.38271577197451],[-1.8350610051008736,43.38271132935958],[-1.8350680464833313,43.382706969137772],[-1.8350775994091382,43.382693558088469],[-1.8350839737348683,43.382680064233],[-1.8350879948379708,43.382671092714858],[-1.8350951203732295,43.382662208648824],[-1.8351007339805645,43.382653239846597],[-1.8351093681551962,43.382644354039826],[-1.8351171617052591,43.382639911433429],[-1.8351242046268885,43.382635470184347],[-1.8351335114620295,43.38263555418564],[-1.8351411378282776,43.38264016467685],[-1.8351439878997899,43.382649216096041],[-1.835142312478808,43.382658185398135],[-1.8351351844650254,43.382667070342336],[-1.8351311609522427,43.382676039136264],[-1.8351255473471901,43.382685007939969],[-1.835122279328004,43.382693979026982],[-1.8351182546116471,43.382702946007271],[-1.8351158261228646,43.382711914840982],[-1.8351133074947714,43.38272088455728],[-1.8351116345873932,43.3827298511831],[-1.8351106266687847,43.382738904722032],[-1.8351097043374203,43.382747872690786],[-1.835109455761059,43.382761369521447],[-1.8351072744979937,43.382792886033897],[-1.8351044302728015,43.382824402996029],[-1.8351050153009931,43.382833371913058],[-1.8351102134719144,43.382842423841403],[-1.8351170843120921,43.382847034741538],[-1.8351239555567227,43.382851560103767],[-1.8351361954788159,43.382856168968878],[-1.8351454142742143,43.382856339414836],[-1.8351547211949073,43.382856420713992],[-1.8351646947267179,43.382856504300598],[-1.8351801159134686,43.382856673092469],[-1.8351879959046027,43.382852230461509],[-1.8351972188403318,43.382852313603017],[-1.8352042581127204,43.382847870511171],[-1.8352112961325366,43.382843428306558],[-1.8352183399540398,43.382839069901308],[-1.8352263019253099,43.382825574201163],[-1.8352334274763604,43.382816689226445],[-1.8352404682098504,43.382807720547056],[-1.8352468382246454,43.382798835079235],[-1.835253878687036,43.382794393797269],[-1.8352616722806838,43.382789949380708],[-1.8352687151923304,43.382785509023186],[-1.8352757557032826,43.382781065039069],[-1.8352835500902973,43.38277670797153],[-1.8352913461136631,43.38277226537857],[-1.8352983890728158,43.382767822318385],[-1.8353054271109617,43.38276337830721],[-1.8353139786626163,43.382758936204404],[-1.8353226128217832,43.382750050381489],[-1.8353297374669191,43.382741082551135],[-1.8353367788339654,43.382736722312622],[-1.8353423084287268,43.38272775534427],[-1.8353501044415537,43.38272331274711],[-1.835357147407978,43.382718868782888],[-1.8353665343417127,43.382714511721481],[-1.8353743278824683,43.38271006909752],[-1.8353836288155134,43.38270562561722],[-1.8353930206997819,43.382701267703595],[-1.8354015698022195,43.382696823768342],[-1.8354101164003414,43.382692381607811],[-1.8354187527499786,43.38268802320097],[-1.8354265462835513,43.382683580573335],[-1.8354343422846118,43.382679137970293],[-1.8354413852225804,43.382674694900977],[-1.835450014413911,43.382665809017681],[-1.8354586510085016,43.382656923209154],[-1.8354657756225783,43.382647955369805],[-1.8354721472074707,43.382638985263974],[-1.8354808629884043,43.38262557556024],[-1.835487317147757,43.382612162633933],[-1.8354928491946132,43.382603194782575],[-1.8354992191335497,43.382594310199991],[-1.835505672419516,43.382580813522978],[-1.8355119571702685,43.382571928972546],[-1.8355183299400391,43.382562960676943],[-1.8355254520999476,43.382553991007846],[-1.8355325800436419,43.382545106038357],[-1.8355397835228007,43.382531694436324],[-1.8355476636386279,43.382522727081565],[-1.835554790358283,43.382513841197706],[-1.8355634247981736,43.382504872518737],[-1.8355713033560881,43.382495986185845],[-1.8355799340880921,43.382487017467831],[-1.8355886545702282,43.382478132503365],[-1.8355972836773182,43.382469248408626],[-1.8356067588334548,43.382460279282668],[-1.8356161434976084,43.382451393875598],[-1.8356256170111698,43.382442510272924],[-1.8356350033067759,43.382433539339281],[-1.8356428843134764,43.382424653026256],[-1.8356507615804909,43.382415768475454],[-1.8356555417261071,43.382406801964265],[-1.8356626663330009,43.382397831410806],[-1.8356690349736622,43.382388947705607],[-1.8356738127147441,43.382379977567361],[-1.8356770806005827,43.382371008263505],[-1.8356811039776866,43.38236204124928],[-1.8356852140573765,43.382348544114514],[-1.8356885661057738,43.382335048265787],[-1.8356918339524306,43.382326080761921],[-1.8356951005982654,43.382317111444813],[-1.8357006347046423,43.382308226444145],[-1.8357054950977552,43.382299258946858],[-1.8357102740087483,43.38229029152015],[-1.8357150493015892,43.382281319554217],[-1.835723767265492,43.382272434553443],[-1.8357292992457672,43.382263466689373],[-1.8357403630403173,43.382250054758451],[-1.8357474896820485,43.382241169761748],[-1.8357545288088177,43.382236728434798],[-1.835761653398039,43.382227756974274],[-1.8357687800339888,43.382218871976157],[-1.8357757339904359,43.382214429780753],[-1.8357836128298908,43.382205460595273],[-1.8357914910729594,43.382201102545437],[-1.8357993711598659,43.382192132471097],[-1.8358079201264514,43.382187690304455],[-1.835815798555247,43.382178806654125],[-1.8358243524903823,43.382174362735924],[-1.8358330679542609,43.382165477701143],[-1.8358416193832319,43.382161035556997],[-1.8358510064349705,43.38215215015444],[-1.835859636889859,43.382147707012592],[-1.8358674352589814,43.382143264403567],[-1.835875227070412,43.382138906368439],[-1.8358831071196109,43.382129937188282],[-1.8358901487266499,43.382125494077229],[-1.8358971899475927,43.382121135603015],[-1.8359034774291025,43.382112167317324],[-1.8359129484131873,43.382103281863557],[-1.8359184803842969,43.382094312189061],[-1.8359263604212648,43.382085343005706],[-1.8359334832789338,43.382076459759453],[-1.8359382597042131,43.382067490496674],[-1.835942369491137,43.382058520750576],[-1.835947901419273,43.38204955287501],[-1.8359511692460735,43.382040583562144],[-1.8359536815147903,43.382031615562312],[-1.8359568666423656,43.382022645407432],[-1.8359593838466099,43.382013677457692],[-1.8359619790577475,43.382000181099357],[-1.835963740916529,43.38198668706314],[-1.835966253215459,43.38197771726238],[-1.835969525972621,43.381968747999075],[-1.835974303600872,43.381959779647254],[-1.8359790787418833,43.381950812170352],[-1.8359839399827516,43.381941925708631],[-1.835991817521371,43.381932956495078],[-1.8359981046012921,43.381924071940503],[-1.8360044772645006,43.381915101814677],[-1.8360122731244968,43.381910659170025],[-1.83602014903564,43.381901774579056],[-1.8360286979452078,43.38189733239502],[-1.8360374182761361,43.381888447393685],[-1.836046720269267,43.381884003869402],[-1.8360561086610654,43.381879561223784],[-1.8360631486072021,43.3818752027261],[-1.8360732061171252,43.38187075968623],[-1.8360802489144101,43.381866316575355],[-1.8360872892076359,43.38186187523943],[-1.8360988584359335,43.381862043419211],[-1.8361058987617898,43.381857600281577],[-1.8361136921384886,43.381853157604667],[-1.8361252588966754,43.381853325756666],[-1.8361354028157146,43.381848882690306],[-1.8361446231337095,43.381848965728565],[-1.8361547629458588,43.381844608160293],[-1.8361640698609836,43.381840164676504],[-1.8361733741091435,43.381840248566661],[-1.8361826769347516,43.381835889680886],[-1.8361920653093575,43.381831447023878],[-1.836200615430936,43.381827004839231],[-1.8362091664353632,43.381822645503227],[-1.8362177140858917,43.381818203292127],[-1.8362263469008127,43.381813761947136],[-1.8362341435814877,43.381809403936778],[-1.8362419369772016,43.381804959450385],[-1.8362490638773608,43.381795989783079],[-1.8362568580855614,43.381791631745962],[-1.8362662441694622,43.381782661657574],[-1.8362771419845314,43.381778302788049],[-1.8362841847218987,43.381773861464765],[-1.8362934025604161,43.381773944465778],[-1.8363004428275473,43.381769503116367],[-1.8363097470997634,43.381769585194782],[-1.8363189707246572,43.381769752893781],[-1.836326594991224,43.381774278644023],[-1.8363359016983687,43.381774362545961],[-1.8363442823362097,43.38177897342964],[-1.8363502348914118,43.381788025776544],[-1.8363571069613076,43.381792635715009],[-1.8363607953943228,43.381801688432986],[-1.8363606262811751,43.38181065867559],[-1.8363589535679647,43.381819626223695],[-1.8363556845793407,43.381828595536824],[-1.8363531686414278,43.381837565309411],[-1.8363583640644043,43.38184670179588],[-1.8363659932806196,43.381851227593806],[-1.8363768073721884,43.381851310623581],[-1.8363899654352525,43.381851478733708],[-1.8363968412353577,43.381856087807257],[-1.8363996868729437,43.381865056311113],[-1.8363980125107189,43.381874110284997],[-1.8363909738225352,43.381878468816105],[-1.8363839310461145,43.381882911946384],[-1.8363747107566732,43.381882827126823],[-1.8363654077356624,43.381882743265535],[-1.8363561874118708,43.381882660245005],[-1.836349144666898,43.381887101572552],[-1.836342104355033,43.381891544725278],[-1.836336571615192,43.381900429771719],[-1.8363285285511717,43.381913924726518],[-1.8363245043469463,43.381922812517431],[-1.8363243361464396,43.381931863808497],[-1.8363312098146571,43.381936390924366],[-1.8363380843681878,43.381941000889157],[-1.8363558534433531,43.381941167301967],[-1.8363735373184078,43.381941334645894],[-1.8363828415826888,43.381941418519169],[-1.836390469193832,43.381946028940256],[-1.8363972612595265,43.381955080822706],[-1.8363986016103782,43.381964134858222],[-1.8363991880927089,43.381973101984052],[-1.8364028765595839,43.38198215380033],[-1.8364097486207136,43.381986765536304],[-1.8364189714290318,43.381986848577796],[-1.8364258426419673,43.381991375662977],[-1.8364390021474069,43.381987016380435],[-1.8364483938803182,43.381982656576923],[-1.836455431692233,43.381978215193158],[-1.8364609635549245,43.381969246391428],[-1.8364627226922849,43.381960277920527],[-1.83646373142016,43.381946781615817],[-1.8364662448436662,43.381937813616226],[-1.8364710224310394,43.381928843442239],[-1.8364773937568633,43.381919875077266],[-1.8364852720705687,43.381910990478595],[-1.8364923123744414,43.38190654731698],[-1.8365001906842282,43.38189766271725],[-1.8365079865064897,43.381893220038329],[-1.8365150292752233,43.381888776900361],[-1.8365213141902623,43.381879807653654],[-1.8365291924922977,43.3818709230518],[-1.8365363181069141,43.381861954253971],[-1.8365426878319666,43.381853068709205],[-1.836546711046213,43.381844101661876],[-1.836551487379853,43.381835131471568],[-1.8365540020542133,43.381826161681722],[-1.836557272213444,43.381817194175703],[-1.8365589465158199,43.381808141999642],[-1.8365599526167626,43.381799171268014],[-1.8365601216660039,43.381790202825286],[-1.8365595353293449,43.381776708299526],[-1.8365597850255349,43.38176765423524],[-1.8365607070909631,43.381758688051178],[-1.8365608740726442,43.38174963404574],[-1.8365617949377355,43.381740666048572],[-1.8365627170712355,43.381731696263401],[-1.8365644761860056,43.381722727790311],[-1.8365669933220328,43.381713758025043],[-1.8365710165574933,43.38170478917597],[-1.836577303878874,43.381695821751222],[-1.8365829209142757,43.381686851108384],[-1.8365907130004164,43.381682408385615],[-1.836597754120131,43.381678049866736],[-1.8366070584749341,43.381673608121503],[-1.8366164467939818,43.381669165428882],[-1.836626505063168,43.381664807889393],[-1.8366358068346031,43.381664890816253],[-1.8366426826156501,43.381669500775409],[-1.8366494711132875,43.381674027005865],[-1.8366563456621252,43.381678636951648],[-1.8366569321461936,43.381687605877545],[-1.8366536632088306,43.381696575199975],[-1.8366283512773067,43.381732365821279],[-1.8366180408239259,43.381745778300434],[-1.8366155262142052,43.381754745391184],[-1.8366169521778946,43.381763713853424],[-1.8366237402999073,43.381768324722692],[-1.8366306139381554,43.381772853621285],[-1.8366399190965976,43.381773018522132],[-1.8366491393702209,43.381773103320086],[-1.8366584436440678,43.38177318537015],[-1.836665397485064,43.381768743118975],[-1.8366795654075878,43.381755416701161],[-1.8366866897520564,43.381746447880843],[-1.836693730022193,43.38174200470629],[-1.8367015270446794,43.381737562026238],[-1.8367086497828105,43.38172867692888],[-1.8367164430652214,43.381724236010655],[-1.8367234858336041,43.381719791058778],[-1.8367312815823804,43.381715350164583],[-1.836739915350964,43.381706466029556],[-1.8367477111656934,43.381702021533151],[-1.8367555028581355,43.381697663436327],[-1.8367648095549192,43.381697747303228],[-1.8367741114667269,43.38169330371867],[-1.8367834181628959,43.38169338758405],[-1.8367902087929946,43.381697996668144],[-1.836799512969719,43.381698083207901],[-1.8368063842309506,43.381702607569608],[-1.8368156053793712,43.381702775203344],[-1.8368248256428925,43.381702859987037],[-1.8368318658980081,43.381698416803786],[-1.8368412542049146,43.381693974092563],[-1.8368498879717272,43.381685089048688],[-1.8368592762924827,43.381680645435686],[-1.8368662325769054,43.38167620319706],[-1.8368731034398407,43.381680813092323],[-1.8368824101172083,43.381680897849897],[-1.836887607208048,43.381689950588857],[-1.8368905401958202,43.381699002809583],[-1.836897414748814,43.381703613641371],[-1.8369042020524025,43.381708138944127],[-1.8369188699249657,43.381708306142066],[-1.8369296851928612,43.381708390932332],[-1.8369397425251,43.381708472514902],[-1.8369497191765758,43.381708641518877],[-1.8369660636188185,43.381704283953802],[-1.8369799785774379,43.381699923287705],[-1.8369939761965901,43.381695565261495],[-1.8370079750824724,43.381691205445556],[-1.8370180324944481,43.381686762321294],[-1.8370274191512912,43.381682405119584],[-1.8370344618580439,43.381677961948746],[-1.8370415020779767,43.381673519652622],[-1.8370462783251622,43.38166454944043],[-1.8370526504236024,43.381655663890982],[-1.8370596066740505,43.381651222540619],[-1.8370674036241588,43.381646781635645],[-1.837074440152449,43.381642338399473],[-1.8370837480760338,43.381642422252881],[-1.837092967131404,43.381642505201782],[-1.8371022713522347,43.38164258901601],[-1.8371114924928833,43.38164275662578],[-1.837120712748239,43.381642841385521],[-1.8371300169692149,43.381642925197504],[-1.8371370571954064,43.381638481995076],[-1.8371433444613625,43.381629512737547],[-1.8371466120887399,43.381620543387598],[-1.8371445169317817,43.381611575330062],[-1.8371378101158813,43.381597995155282],[-1.8371348783300041,43.381588942952924],[-1.837132779856252,43.381579890220252],[-1.8371329488197643,43.381570921775328],[-1.8371331169322387,43.38156186868062],[-1.8371347920266321,43.38155289934398],[-1.8371373065682892,43.381543931340282],[-1.837145185988204,43.381535045806224],[-1.8371575901939352,43.381530602222455],[-1.8371668943806416,43.381530686931505],[-1.8371737689533825,43.381535296846565],[-1.8371751094637288,43.381544348174025],[-1.8371772070572463,43.381553318056781],[-1.8371840791303489,43.381557929746648],[-1.8371909491535847,43.381562454973221],[-1.8372047823618178,43.381567148252614],[-1.8372202057191056,43.381567315890557],[-1.8372294259977835,43.381567398840879],[-1.8372387276873785,43.381567485319557],[-1.8372465258825053,43.381563042614061],[-1.8372597668332653,43.381554155762046],[-1.8372637899388433,43.381545187787324],[-1.8372701595243344,43.381536302199976],[-1.8372765306909424,43.381527333788043],[-1.8372843276438637,43.381522891067277],[-1.8372913690447721,43.38151844966805],[-1.8373006742454956,43.381514088914152],[-1.8373092205571482,43.381509645707041],[-1.8373162632234117,43.381505202518255],[-1.8373255649381899,43.381505287189256],[-1.8373363786296089,43.381500930964819],[-1.8373502946755902,43.381501095865808],[-1.8373539807717767,43.381510148528584],[-1.8373538142753489,43.381519118799922],[-1.8373497912019876,43.381528085877761],[-1.8373427497697321,43.381532529081149],[-1.8373349552882836,43.381536971831011],[-1.8373279142025567,43.38154133219669],[-1.8373208752701444,43.381545773623266],[-1.8373123240514875,43.381550214980457],[-1.8373037752485246,43.381554659062864],[-1.8372967350785314,43.381559100475336],[-1.8372889360019315,43.381563460335038],[-1.8372825685360794,43.381572428785255],[-1.8372747715766091,43.381576871505771],[-1.8372707484532396,43.381585840381085],[-1.8372643788624907,43.381594725968355],[-1.8372596026701937,43.381603695289925],[-1.8372555795599348,43.38161266326437],[-1.8372514723492666,43.381626160486938],[-1.8372456902419694,43.381644096045648],[-1.8372393168726531,43.38165750629377],[-1.8372327804056601,43.381675444986456],[-1.8372262402662685,43.381693381840485],[-1.8372190344081314,43.381706878168266],[-1.8372166037680753,43.381715848827554],[-1.8372155966000361,43.381724815952587],[-1.8372170222857402,43.381733868145375],[-1.8372207111755285,43.381742838900657],[-1.8372274190292823,43.381751974519119],[-1.8372342878431231,43.38175649973067],[-1.8372411624118135,43.381761111442366],[-1.8372487916843714,43.38176563718207],[-1.8372642126236465,43.381765804789559],[-1.8372880192443222,43.381770581459953],[-1.8372908723191632,43.381784076519089],[-1.8372883536862101,43.381793130025827],[-1.8372828260472143,43.381802014269809],[-1.8372757833437237,43.381806457455895],[-1.8372679875876814,43.381810900187965],[-1.8372586824076382,43.381815257337365],[-1.8372485410255308,43.381819701429748],[-1.8372399097825474,43.381828585628789],[-1.8372312770034449,43.381833028851638],[-1.8372227257203393,43.38183747110164],[-1.8372149290710027,43.381841830980711],[-1.8372070517230161,43.381850800280858],[-1.837200009042776,43.38185524166159],[-1.8371936394127246,43.38186412724405],[-1.8371873545977011,43.381873096528899],[-1.8371802290940604,43.381882064468066],[-1.837173859475459,43.38189094914906],[-1.8371698350812355,43.381899918007385],[-1.8371665674413822,43.381908887357447],[-1.837162544279124,43.381917856228029],[-1.837160864240472,43.381926825514242],[-1.8371591085264301,43.381935878672053],[-1.8371581840256475,43.381944847537312],[-1.8371580175494242,43.381953815106534],[-1.8371592764267799,43.381967395706617],[-1.8371597777315976,43.38198088936435],[-1.8371604494578211,43.381989859154118],[-1.837159441858391,43.381998912715872],[-1.8371585223108675,43.382007880730995],[-1.8371560053003329,43.382016847808885],[-1.837154330194809,43.382025817145028],[-1.8371510613112243,43.382034786481789],[-1.8371470406065533,43.382043755376586],[-1.8371445260440888,43.382052723379509],[-1.8371389942564089,43.382061693115503],[-1.8371333785353492,43.382070661997666],[-1.8371270891012852,43.382079548391594],[-1.8371222277004169,43.382088515939678],[-1.8371143503061664,43.38209748523257],[-1.8371095728337348,43.382106453633597],[-1.8371032044149873,43.382115338322471],[-1.8370999342845122,43.382124307644929],[-1.837096750587879,43.382133276045408],[-1.8370942359796216,43.38214224584749],[-1.8370917197873093,43.382151298473673],[-1.8370908002270385,43.382160266487872],[-1.8370906312193978,43.382169236732224],[-1.8370904630969769,43.382178289825845],[-1.8370894594746956,43.382191784386769],[-1.8370876979535111,43.382200752842849],[-1.8370867758887253,43.382209722632318],[-1.8370912200143441,43.382218774007001],[-1.8370980921893199,43.382223383901774],[-1.8371073125326265,43.382223468663604],[-1.8371166143737647,43.382223552452565],[-1.8371258371857491,43.382223637237985],[-1.8371328774975693,43.382219193136763],[-1.8371399165568698,43.382214749922831],[-1.8371469576831783,43.382210392271048],[-1.8371532425056161,43.382201424789919],[-1.8371596987370165,43.38218801088837],[-1.8371637231526932,43.382179042031062],[-1.8371707659079426,43.382174598852771],[-1.8371778048904617,43.382170159237404],[-1.8371848427409094,43.382165714207474],[-1.8371918854414557,43.382161273728606],[-1.8372058004724998,43.382156913936655],[-1.837205549932198,43.382170408952952],[-1.8372046287707919,43.382179461592941],[-1.8372029524331388,43.38218843091699],[-1.8371996835818558,43.382197398454366],[-1.8371956579358906,43.382206367300384],[-1.8371916359571638,43.38221533798442],[-1.8371845095275445,43.382224223073607],[-1.8371781382550789,43.3822331923786],[-1.8371710155586662,43.382242075704006],[-1.8371693388652679,43.382251127864173],[-1.8371761299353284,43.382255654089214],[-1.8371901276696851,43.382251296040693],[-1.837202450068854,43.3822514627633],[-1.8372093238391562,43.382255989827279],[-1.8372186256855909,43.382256073608033],[-1.8372255844795244,43.382251631373528],[-1.837233460141672,43.382247274098404],[-1.8372398339944702,43.38223377741491],[-1.8372470407640613,43.382220365737524],[-1.8372534120078634,43.382211397328803],[-1.8372626307667892,43.382211564902249],[-1.837269673484353,43.382207123518349],[-1.8372789753579022,43.382207205493572],[-1.8372857676829302,43.382211730824466],[-1.8372950728253823,43.382211900174077],[-1.8373042894991045,43.38221198308181],[-1.8373135913390961,43.382212066854748],[-1.8373206340874664,43.382207623667156],[-1.8373275928684825,43.382203181426263],[-1.8373346331462186,43.382198738212658],[-1.8373386538341179,43.382189769311296],[-1.8373427631173631,43.382176358550019],[-1.8373452780392585,43.382167305905384],[-1.8373523191627732,43.382162947340433],[-1.837359443475175,43.38215397757795],[-1.837367236800598,43.382149534815213],[-1.8373742770347872,43.382145093399579],[-1.8373820761808624,43.38214073353528],[-1.8373891164129725,43.382136292118695],[-1.837396154209864,43.382131848876035],[-1.8374063805770213,43.382118438173833],[-1.8374143452882543,43.382105026987965],[-1.8374176129028872,43.382096057630839],[-1.8374254062166357,43.38209161486396],[-1.8374325313611395,43.382082729746422],[-1.8374395740513931,43.382078288351671],[-1.8374428416952082,43.382069317193192],[-1.8374453562145663,43.382060349183234],[-1.8374446847942334,43.382051296558011],[-1.8374409986534226,43.382042243898454],[-1.8374342088210758,43.382037717701586],[-1.837425072610595,43.382028580818748],[-1.8374159350636909,43.382023971323406],[-1.8374090600521016,43.382019445159479],[-1.8374030283389307,43.382010391162616],[-1.8374001779407443,43.382001340695517],[-1.8373995917279435,43.381992287135333],[-1.837401266796346,43.381983317795154],[-1.8374052899281166,43.381974348915918],[-1.8374132521514746,43.381960937704484],[-1.8374203788648535,43.381951969763151],[-1.8374275843258576,43.381938558060348],[-1.8374385673571429,43.381929672544615],[-1.8374456075948469,43.381925229323549],[-1.8374534033186001,43.381920788379979],[-1.837461194989886,43.381916430234966],[-1.8374689932487673,43.381911985714346],[-1.8374790493649147,43.381912068137574],[-1.8374882721308141,43.381912152893243],[-1.8374953098943285,43.381907709643919],[-1.8375091431703801,43.381912404687924],[-1.8375183635022441,43.381912487615516],[-1.8375275837997591,43.381912572342941],[-1.8375344560086722,43.381917180411172],[-1.8375413272983057,43.381921707430259],[-1.8375482043776374,43.381926319148931],[-1.837555075703736,43.381930844366671],[-1.8375618639508373,43.381935453380621],[-1.837568737713158,43.381939980423184],[-1.8375780444495442,43.381940064224317],[-1.8375872656374099,43.381940231796257],[-1.8375965674367325,43.381940315545691],[-1.8376057877387095,43.381940400266842],[-1.8376128304342438,43.381935957060421],[-1.8376213792348981,43.381931514756076],[-1.8376307684079123,43.381927154829256],[-1.837634790267846,43.381918185928882],[-1.8376395676479371,43.381909217504571],[-1.8376429204719389,43.381895721604842],[-1.8376476966147062,43.381886753167578],[-1.8376533143460863,43.381877868020929],[-1.8376603546143431,43.381868899185768],[-1.8376681491155431,43.381864456414164],[-1.8376760271988937,43.381860097331931],[-1.8376829859141139,43.381855655068392],[-1.8376900260911977,43.38185121363243],[-1.8376993303802172,43.381851295597897],[-1.8377071236076539,43.381846854611602],[-1.8377171006851023,43.381846938011364],[-1.8377295056850096,43.381847106417055],[-1.8377305116438667,43.381833610972841],[-1.8377368828096279,43.381824640734756],[-1.8377438390478043,43.38182019844232],[-1.8377508800853763,43.381815840752012],[-1.8377601818833973,43.381815923587695],[-1.8377694046699993,43.38181600651999],[-1.837778706433699,43.381816091154654],[-1.8377854962849267,43.381820616431014],[-1.8377948026213191,43.381820784851577],[-1.8378040204716202,43.381820867730916],[-1.8378110606359512,43.38181642628733],[-1.8378181033022274,43.381811983067855],[-1.8378244731841562,43.381803014612657],[-1.8378269049212865,43.381794046652956],[-1.8378224620011372,43.381784992617042],[-1.8378142476266375,43.381771414268862],[-1.8378129042173852,43.38176244485949],[-1.8378130722298256,43.381753391762921],[-1.8378155039492985,43.381744424703605],[-1.8378180208680066,43.381735456709293],[-1.8378274902989173,43.381726570179687],[-1.8378344477879052,43.38172212609345],[-1.8378437495546596,43.381722209822406],[-1.8378529710586262,43.381722294535798],[-1.8378622728254701,43.381722378263255],[-1.837872251117296,43.381722461661809],[-1.8378815553527832,43.381722545412778],[-1.8378885963864142,43.381718186813465],[-1.8379048568355962,43.381713828260494],[-1.8379165051403599,43.381709467856901],[-1.8379257254083519,43.381709552551861],[-1.8379325991730493,43.381714079572717],[-1.8379347792502563,43.381723132219527],[-1.8379353659404569,43.381732100240676],[-1.8379352004148977,43.381741153362768],[-1.8379357870880761,43.381750122284153],[-1.8379402312742259,43.38175917542813],[-1.837947103463456,43.381763785272391],[-1.8379539748016487,43.381768310466413],[-1.8379608506614216,43.381772922148009],[-1.8379700709735616,43.38177300503898],[-1.8379793764513659,43.381773088794631],[-1.8379885955292936,43.381773171671547],[-1.8379978957146894,43.381768814411878],[-1.8380072839150656,43.381764373404678],[-1.8380158351661198,43.381759929294617],[-1.8380243847995639,43.381755569808668],[-1.8380322644600118,43.381751126076594],[-1.838040060153604,43.381746683291638],[-1.838047101201981,43.381737799081471],[-1.8380558178628315,43.381728831047973],[-1.8380667130578463,43.381724472881437],[-1.8380736717465003,43.381720029693248],[-1.8380829760166397,43.381720111627303],[-1.8380922811243823,43.381715754409917],[-1.8381015005225976,43.381720280041932],[-1.8381114722614571,43.381720447994184],[-1.8381183485443999,43.381724973228621],[-1.838128407065923,43.381725057420006],[-1.8381384652399431,43.381725224447244],[-1.8381553972123417,43.381725392880199],[-1.8381624373746697,43.381720949613971],[-1.8381724131986668,43.381721032961231],[-1.8381825528478888,43.381716675211152],[-1.8381926125853325,43.381716760309672],[-1.838200405846006,43.381712314787698],[-1.8382074484205562,43.381707874244491],[-1.838214488594283,43.381703430074708],[-1.8382237924559592,43.381699072833939],[-1.8382324288741894,43.381690103071158],[-1.838240305669395,43.381681218335423],[-1.838247347054732,43.381676775076343],[-1.8382529625751165,43.381667806136569],[-1.8382592493164116,43.381658920552908],[-1.8382711506434879,43.381645510580583],[-1.8382781908282171,43.381636539905145],[-1.8382845614764971,43.381627656072915],[-1.8382916040866508,43.381623212823492],[-1.838333176600879,43.381587589721057],[-1.8383433186849951,43.381583231981331],[-1.8383511983345682,43.381574260824706],[-1.8383589915138323,43.381569817992251],[-1.8383667904817416,43.381565459859289],[-1.8383738305757678,43.38156101838004],[-1.8383808719546209,43.381556574212084],[-1.8383871577784481,43.381547605771573],[-1.8383904252185295,43.381538636383816],[-1.8383905939792149,43.381529668835135],[-1.8383869052755588,43.381520615278689],[-1.8383801129927624,43.381511561710376],[-1.8383709766829466,43.381506952303575],[-1.8383641069582035,43.381502342509613],[-1.8383572331844074,43.381497815514422],[-1.838350442455601,43.381493206522144],[-1.8383444081660147,43.381484153448298],[-1.8383399639385909,43.381475100319129],[-1.8383385377090657,43.381466132775387],[-1.8383380365260982,43.381452554481378],[-1.838339039855067,43.381443585505927],[-1.8383399617213712,43.381434615702958],[-1.8383416391200433,43.381425645471175],[-1.8383441550430228,43.381416595514672],[-1.838348178884228,43.381407709448695],[-1.8383522018372154,43.381398740533236],[-1.8383562223204355,43.381389771592531],[-1.8383618403004216,43.38138080087105],[-1.8383689618682981,43.381371832817166],[-1.8383752522125243,43.381362949964547],[-1.8383823762964251,43.381353979234049],[-1.8383894138959724,43.381349537728319],[-1.8383972955947958,43.381340651230133],[-1.8384058430205463,43.38133620885251],[-1.8384145629259754,43.381327323664159],[-1.8384238646285462,43.381322881743628],[-1.8384332548848454,43.381318521761273],[-1.8384433120988199,43.381314080309991],[-1.838453452929349,43.381309720746586],[-1.8384604954557098,43.381305279286465],[-1.8384682898265317,43.381300836458436],[-1.8384791025931255,43.381300919275766],[-1.8384860611859111,43.381296476961509],[-1.8385155667423727,43.381287842510353],[-1.8385443133866943,43.381279126507437],[-1.8385722292529323,43.381270407462026],[-1.8386009771497984,43.381261689656696],[-1.838628889245786,43.381252973260409],[-1.8386568865616284,43.381239727618947],[-1.8386841283087343,43.381231010704205],[-1.8387113675867675,43.381217766355348],[-1.838738527854378,43.381209048600141],[-1.8387650165353242,43.381195803819473],[-1.838773565114145,43.381191363226783],[-1.8388046606331339,43.381178201236068],[-1.8388350034072429,43.381164957757335],[-1.8388645914922916,43.381151799352459],[-1.8388942660086531,43.381134111713529],[-1.8389238507612486,43.38112086771774],[-1.8389526845347792,43.381103180531383],[-1.8389808495256086,43.381085410910707],[-1.8390088450737876,43.381072249805683],[-1.8390370075998053,43.381054478345128],[-1.8390643364074801,43.381036792959392],[-1.8390909063493461,43.381019023325777],[-1.8391174750757953,43.381001251872661],[-1.8391432903303173,43.380983566409924],[-1.8391691096874758,43.380965794540892],[-1.8391965173980058,43.380943581620912],[-1.8392105973545123,43.380934696755311],[-1.8392199886468918,43.380925812016883],[-1.8392292926985612,43.380921370054217],[-1.8392387654649931,43.38091248524082],[-1.8392489065356301,43.380908041868125],[-1.8392582953153873,43.380899158901869],[-1.8392684348193351,43.380894797451361],[-1.8392784919031986,43.380890355924812],[-1.8392887189665315,43.380881469759274],[-1.8392996164083706,43.380877110596707],[-1.8393097598857338,43.380872669944289],[-1.8393206560902362,43.380868310767148],[-1.8393314699432306,43.380863867912772],[-1.8393424463315955,43.380854982144477],[-1.8393533462334435,43.380850623001734],[-1.8393642427767725,43.380846180983518],[-1.8393758932124646,43.380841824053647],[-1.8393875424809412,43.380837463508982],[-1.8393984402880958,43.380833019699431],[-1.8394100907532209,43.380828660965498],[-1.8394209881598957,43.380824302691352],[-1.8394318032792014,43.380824387243216],[-1.8394403517919893,43.380819944798716],[-1.8394511616278026,43.380820112135432],[-1.8394627298204078,43.380820195322862],[-1.839471278330395,43.380815752876067],[-1.8394828473764846,43.380815920711292],[-1.8394944130998825,43.38081600387045],[-1.8395037196703414,43.380816087512933],[-1.8395121004227983,43.380820698166445],[-1.8395229155417929,43.380820782709677],[-1.8395344808862895,43.380820950502141],[-1.8395452084623762,43.380825559756929],[-1.8395528402623429,43.380830085369325],[-1.8395636513347595,43.380830252707938],[-1.8395735431619515,43.380834861582898],[-1.8395827625064822,43.380839388896426],[-1.8395895532239637,43.3808439996168],[-1.8395971809812404,43.380848608025502],[-1.8396040510737803,43.380853134909295],[-1.839610925758884,43.380857744679602],[-1.8396217384162612,43.380857829188542],[-1.8396286131032562,43.380862438957763],[-1.8396378307796886,43.380862523488204],[-1.8396478903806961,43.3808626084571],[-1.8396571105772572,43.380862690310224],[-1.8396671701955256,43.380862774377171],[-1.8396763915749235,43.380862858942052],[-1.8396864471450785,43.380863025806526],[-1.8396957524224042,43.380858582017346],[-1.8397050564971453,43.380858667419005],[-1.8397120989151836,43.380854224079307],[-1.8397221568496271,43.38084986536257],[-1.8397299498368174,43.380845422433943],[-1.8397385847642902,43.380840979043072],[-1.8398136022386564,43.380787752606693],[-1.8398222371175419,43.3807833110098],[-1.8398314572854588,43.380783393748985],[-1.8398407625833872,43.380783479151994],[-1.8398499824062069,43.380783644726506],[-1.8398592012713253,43.380783731052013],[-1.8398660763821912,43.380788254369293],[-1.8398729510459384,43.380792865924533],[-1.8398781460260165,43.380801919408384],[-1.8398779799745824,43.380810886087673],[-1.8398747103257929,43.380819855496974],[-1.8398699320936187,43.380828825809097],[-1.8398597063916968,43.380837710239746],[-1.8398510740716203,43.380846678367888],[-1.8398424383742347,43.380855564521205],[-1.8398338051771712,43.380864448898357],[-1.8398259258554093,43.380873419261519],[-1.839818801254246,43.380882301834852],[-1.8398116774541486,43.380891271758358],[-1.8398053067269091,43.380900240317544],[-1.8397996907266914,43.380913652091955],[-1.8397940730361813,43.380922621087208],[-1.8397892985209456,43.380931589632603],[-1.839782007375633,43.380949528020835],[-1.8397803302207039,43.380958497376803],[-1.8397793246621383,43.380967465442815],[-1.8397815049733661,43.380976518958661],[-1.8397851913857772,43.380985572447912],[-1.8397911443817543,43.380994624621877],[-1.8397980182252021,43.380999150631553],[-1.8398056459834466,43.381003760827141],[-1.8398125157981253,43.381008368734967],[-1.839820145138132,43.381012896105346],[-1.8398293653408335,43.381012978845064],[-1.839838667842955,43.381013147960694],[-1.8398462972026988,43.381017674429081],[-1.8398562729168444,43.381017757628165],[-1.8398633137289249,43.381013398904166],[-1.8398733733384383,43.381013484753773],[-1.8398804108255036,43.381009041353799],[-1.8398896359648853,43.381009124138792],[-1.8398966734502613,43.381004680737782],[-1.8399037158717011,43.381000237386431],[-1.8399155336496231,43.380986910133949],[-1.8399188032504168,43.380977943424561],[-1.8399259245939117,43.38096897256915],[-1.8399322952937553,43.380960004903486],[-1.8399401754491862,43.380951120083196],[-1.8399472177416338,43.380942151125794],[-1.839955932429624,43.380933265765982],[-1.839964568121901,43.380924379604146],[-1.8399732004538594,43.380915410567233],[-1.8399826731120066,43.380906525690953],[-1.8399928988079937,43.380897641249341],[-1.8400029558751276,43.38089319785793],[-1.8400139346407083,43.380884312049233],[-1.8400249183401434,43.380875426289492],[-1.8400358156953014,43.380871068856649],[-1.8400475474922868,43.380862183479763],[-1.8400591982971752,43.380857740041883],[-1.8400716029955348,43.380853381687629],[-1.8400841779596875,43.380844495855214],[-1.8400965814021484,43.380840138385935],[-1.8401097428369682,43.380835780499751],[-1.8401167827547786,43.380831337109711],[-1.8401260893295284,43.38083142070159],[-1.8401346353251957,43.380826978179577],[-1.8401439401858786,43.380822618990813],[-1.840153328120185,43.380818176002663],[-1.8401626329438676,43.380813818612864],[-1.8401712653673672,43.380809375163835],[-1.8401798187622702,43.380804932713495],[-1.8401883668741394,43.380800573049179],[-1.8401969140952343,43.380796130534932],[-1.8402055489479661,43.380791688908815],[-1.8402140982904136,43.380787329255071],[-1.8402226467420524,43.380782886751362],[-1.840230444621809,43.380778443838103],[-1.8402389926920435,43.380774085970479],[-1.8402467856324125,43.380769643006026],[-1.8402545835087176,43.380765200091098],[-1.8402624628453743,43.380760758001784],[-1.8402694200133416,43.380756315563865],[-1.8402772988930516,43.38074742890614],[-1.8402843387026733,43.380742990006745],[-1.8402913810999191,43.38073854483013],[-1.840298422210386,43.380734102341322],[-1.840305545524406,43.380725217923846],[-1.840312587883717,43.380720774546369],[-1.8403251614030762,43.380707363070314],[-1.8403321988218264,43.3807029196415],[-1.8403440201504755,43.380689592379902],[-1.8403558381499048,43.380676180442073],[-1.8403669030720033,43.38066276987049],[-1.8403771262366724,43.380653883567454],[-1.8403819068144169,43.380644915058419],[-1.8403914631645075,43.380631504493714],[-1.8403962375670038,43.380622535921404],[-1.8404049532234674,43.380609124934296],[-1.840412164002081,43.380595714894135],[-1.8404193686747796,43.380582301189811],[-1.8404226406986177,43.380573331788533],[-1.8404290926398208,43.380559836614601],[-1.8404315251919625,43.380550867704876],[-1.8404380617915823,43.380532930626792],[-1.8404413313413313,43.380523961199813],[-1.8404453563774121,43.380514993130475],[-1.8404486234565411,43.380506023678215],[-1.840454155468835,43.380497138422392],[-1.8404612815618513,43.380488170282227],[-1.8404653041411576,43.380479201286768],[-1.8404731816872095,43.380470316402388],[-1.8404818163476473,43.380461347349836],[-1.8404905345908407,43.380452461984412],[-1.8404968175371972,43.380443492496084],[-1.8405038622839307,43.380439050931663],[-1.8405108996584107,43.380434607491154],[-1.840517940356065,43.380430248725098],[-1.8405250652317815,43.380421278767621],[-1.8405328618086951,43.380416835820178],[-1.8405406570815999,43.380412396460727],[-1.8405492063638385,43.380408035880521],[-1.8405570041372639,43.380403594744436],[-1.8405656364909022,43.380399150364042],[-1.8405749412381911,43.380394792039048],[-1.8405834883740417,43.380390349494604],[-1.8405935454487177,43.38039043345416],[-1.8406028502098772,43.380386074226571],[-1.8406123218029673,43.380377106445991],[-1.8406216240922333,43.380372747191814],[-1.8406310143908715,43.380368304187961],[-1.8406395636433632,43.380363944501056],[-1.8406481144729694,43.380359501989211],[-1.8406559935893601,43.380350532466728],[-1.840663788535102,43.380346174134949],[-1.8406715826238398,43.380341731152747],[-1.840679548132397,43.380332762504466],[-1.8406865023739805,43.38032840465231],[-1.8406928729106713,43.380319436040978],[-1.8407023453703093,43.3803105511019],[-1.8407086319733414,43.380301581638726],[-1.8407165094778115,43.380292695836395],[-1.840721371437162,43.380283728137549],[-1.8407284110675888,43.380274759103784],[-1.8407356217684385,43.380261347240648],[-1.8407413193390723,43.38024785160421],[-1.8407445875595041,43.380238883955464],[-1.8407517132693891,43.380229996832256],[-1.8407588375275032,43.380216585892114],[-1.8407668005208877,43.380207618112458],[-1.8407708255216051,43.380198648229879],[-1.8407794560182615,43.380189763753279],[-1.8407842364819536,43.380180796125913],[-1.8407937064721818,43.380171909353109],[-1.8408038504647881,43.380163024009306],[-1.8408149163932308,43.380149615204004],[-1.8408258937054145,43.380140727500304],[-1.8408368733971121,43.380131844321816],[-1.8408447537071426,43.380122873897577],[-1.8408525465197236,43.380118430889873],[-1.840860428898953,43.380109546027136],[-1.8408674686777304,43.380105102588743],[-1.8408745921946954,43.380096134395949],[-1.8408817153657842,43.380087249039541],[-1.8408887575746242,43.380082807425296],[-1.8408950428747464,43.380073838838697],[-1.8409076997156379,43.380060510981671],[-1.8409139899647744,43.380051541543715],[-1.8409258064786,43.38003812953017],[-1.8409321753367331,43.380029245529137],[-1.840936199032275,43.380020277428059],[-1.8409387142328093,43.380011306642992],[-1.8409388793012484,43.380002253508742],[-1.8409359482537337,43.379993201408276],[-1.8409307507131889,43.379984147945216],[-1.8409238768456271,43.379979624703971],[-1.8409170034599895,43.379975011423362],[-1.840910128394541,43.379970486368279],[-1.8409025006617605,43.379965877146333],[-1.8408932819001129,43.37996579180659],[-1.840881716333399,43.379965708790742],[-1.8408716560033043,43.379965540182411],[-1.8408616829269033,43.379965457098869],[-1.8408516234530983,43.379965373138646],[-1.8408424046059395,43.379965292296141],[-1.8408323451665189,43.379965206533726],[-1.8408229553232331,43.379969564917928],[-1.8408129797778185,43.379969481805112],[-1.8408035944913421,43.379973924875102],[-1.8407942873736978,43.37997828229468],[-1.8407827242734589,43.379978199293781],[-1.8407741701831137,43.379982557141822],[-1.8407655403897996,43.379987000663853],[-1.8407577463537852,43.379991443653331],[-1.8407499486138879,43.379995886604725],[-1.8407421524853667,43.380000244930713],[-1.8407351127442093,43.380004686560987],[-1.8407288261766521,43.380013656026463],[-1.8407201939414468,43.380018097719407],[-1.8407146619784867,43.380026984790298],[-1.8407076197808687,43.380031425493513],[-1.8407028442208617,43.380040394968503],[-1.8406972242774677,43.380049363986871],[-1.8406916931984587,43.380058333905872],[-1.8406860785670531,43.380067218336322],[-1.8406790402065165,43.380076186480274],[-1.840671913304665,43.380085071786205],[-1.8406641204834859,43.380089514781531],[-1.8406570757549432,43.380093958157232],[-1.8406500384652,43.380098399807004],[-1.8406422407037215,43.380102842750716],[-1.8406336915228245,43.380107200637916],[-1.840623631974867,43.380107119358165],[-1.8406165897613209,43.380111560055539],[-1.8406057809359273,43.380111475679733],[-1.8405949650492208,43.380111308390966],[-1.8405857449807872,43.380111225714487],[-1.8405749349213183,43.380111141323233],[-1.8405657148872796,43.380111056844619],[-1.8405588377432553,43.380106447106243],[-1.8405487831841383,43.380106363169212],[-1.8405403999459207,43.380101754366841],[-1.8405327706641061,43.380097227044509],[-1.8405251429276015,43.380092618697894],[-1.8405160066967075,43.380088007661385],[-1.8405075404244045,43.380083480854999],[-1.8404968109750608,43.380083312632536],[-1.8404899408663438,43.380078787602535],[-1.8404806356398233,43.380078704054064],[-1.8404738424693607,43.380074093361202],[-1.8404637879158616,43.380074009416745],[-1.8404544814559096,43.380073925853651],[-1.8404445921685195,43.380069316179728],[-1.8404352869435763,43.38006923262764],[-1.8404274932519582,43.380073590956776],[-1.8404182731897736,43.38007350826684],[-1.8404082136995399,43.380073424267437],[-1.8403989936717531,43.380073339775436],[-1.8403919538631006,43.380077783184689],[-1.8403827313318752,43.380077700466835],[-1.840375689087355,43.38008214204951],[-1.8403670583958232,43.380086500891032],[-1.8403569990550359,43.380090942491336],[-1.8403492041208591,43.380095300802495],[-1.8403414100410052,43.380099743763019],[-1.8403343677566202,43.380104187143594],[-1.8403265699717979,43.380108630065493],[-1.8403209573723101,43.380117599139659],[-1.8403139178973948,43.380121959707118],[-1.8403098916522038,43.380130926859728],[-1.8403043617773875,43.380139894971137],[-1.8403003379637366,43.380148863948911],[-1.8402978214632968,43.380157832905532],[-1.840293718801834,43.380171326686032],[-1.8402904455305509,43.380180296972007],[-1.8402849143968376,43.380189265970046],[-1.8402800514573965,43.380198152601011],[-1.8402745216062117,43.380207118910192],[-1.840268987981972,43.38021608878261],[-1.840261948147242,43.380220532183422],[-1.8402548261390128,43.380229415711803],[-1.8402477000126347,43.380238385640055],[-1.8402399059069596,43.380242828593239],[-1.8402312716219247,43.380251712990464],[-1.8402218837814894,43.38025615598648],[-1.8402125777795124,43.380260515170569],[-1.8402031911706316,43.380264958177548],[-1.8401961513597807,43.380269399773653],[-1.8401860935552696,43.380273758533988],[-1.8401751971393741,43.380278202433317],[-1.8401681564526071,43.380282560278062],[-1.8401596031311476,43.380287002728743],[-1.8401479552911646,43.380291361566321],[-1.8401401599372218,43.380295804499994],[-1.8401323658507303,43.380300245645088],[-1.8401244852622198,43.380304691314898],[-1.8401175294047838,43.380309131956764],[-1.8401104849904095,43.380313490660541],[-1.8401026920994268,43.380317933616595],[-1.8400963214422699,43.380326903994607],[-1.8400892816508254,43.380331343783375],[-1.8400845034900253,43.380340314106007],[-1.8400788875094132,43.380349198492397],[-1.840073356311666,43.380358168379651],[-1.8400638023875877,43.380371579843398],[-1.8400567601971929,43.38038054790956],[-1.8400503886886947,43.38038943273461],[-1.8400433463666137,43.380393875196141],[-1.8400355522261471,43.380398318134866],[-1.8400277556160303,43.380402761048032],[-1.8400191225114093,43.380411645440915],[-1.8400083124004922,43.380411560995512],[-1.8400012700556265,43.380416004354629],[-1.8399920490879074,43.380415836979878],[-1.8399827450456538,43.380415753402858],[-1.8399758737388927,43.380411226529198],[-1.8399690805707303,43.380406615806606],[-1.8399622079631084,43.380402092520676],[-1.8399553382730403,43.380397481020964],[-1.8399531566861729,43.380388429295486],[-1.8399541622420872,43.380379459426116],[-1.8399589391566018,43.380370490897249],[-1.8399676573742909,43.380357078168061],[-1.8399762904784422,43.380348193778993],[-1.8399850913842186,43.380334781887228],[-1.8399929705941001,43.380325812411478],[-1.8400009344957555,43.380312401032114],[-1.8400080590535515,43.380303515744714],[-1.8400152677922148,43.380290021067069],[-1.8400223911109863,43.380281135766168],[-1.8400287615958038,43.380267642489258],[-1.8400352144793843,43.380254230186814],[-1.8400415838690574,43.380245261600109],[-1.8400471997513386,43.38023184981099],[-1.8400552461946291,43.380213913662281],[-1.8400585145825044,43.380204942433174],[-1.8400632914674737,43.380195973899362],[-1.8400681535488224,43.380187004428613],[-1.8400729325545604,43.380178118756184],[-1.8400777106351538,43.380169152034718],[-1.8400833269950736,43.380160182110323],[-1.8400888581384103,43.380151214022568],[-1.8400952271642925,43.380142328269336],[-1.840100762006964,43.380133360218501],[-1.8401071289055031,43.380124391602685],[-1.840113499539237,43.380115421223501],[-1.8401206277598106,43.380106535965901],[-1.8401276674569422,43.380097566969624],[-1.8401347882678043,43.380088681635954],[-1.8401419143583448,43.380079713515016],[-1.8401497943666631,43.380070828677312],[-1.8401569180186925,43.380061858729825],[-1.8401647955368123,43.380052974766215],[-1.8401733488246361,43.380048532314554],[-1.8401813078506319,43.380039646475169],[-1.8401899424911419,43.380030677443777],[-1.8401985779500118,43.380021794862074],[-1.8402079657898993,43.380017350066872],[-1.8402165975758034,43.380008465645645],[-1.8402259848915494,43.379999579882089],[-1.840235372691696,43.379995136885071],[-1.8402447611853963,43.379986253833195],[-1.8402549867375224,43.379977366663724],[-1.8402642930373723,43.379972924638651],[-1.8402745160987568,43.379964038342571],[-1.8402854124165084,43.379959596233334],[-1.8402956391753056,43.379950709972874],[-1.8403056968839349,43.379946353002467],[-1.8403166754149143,43.379937468061065],[-1.8403275766962011,43.379933024197229],[-1.8403580007189169,43.379915338371745],[-1.8403869186673925,43.379897651672401],[-1.8404165937086305,43.379879880798249],[-1.8404446721638303,43.379862194575708],[-1.8404727493685007,43.379844508333512],[-1.8405009133498551,43.37982673742259],[-1.8405283225273079,43.379804524192686],[-1.8405548939713823,43.379786754229137],[-1.8405861605030742,43.37976462511768],[-1.8405995707500877,43.379751213088127],[-1.8406128157048016,43.379742328585834],[-1.840625468833609,43.379729000721674],[-1.8406387137968547,43.379720115316012],[-1.8406505302705212,43.379706705130609],[-1.8406630221822013,43.379697820191282],[-1.840674921374736,43.379684409041054],[-1.8406858208471968,43.379675521461301],[-1.8406977233375619,43.379662195883697],[-1.8407087880300823,43.379648783473201],[-1.8407206057428136,43.379635371492036],[-1.8407346858667508,43.379622044575477],[-1.8407474267717305,43.379604107343013],[-1.8407600846310406,43.379586252107522],[-1.8407726562005076,43.379572925200712],[-1.8407846428254138,43.379554987521018],[-1.8407957069501764,43.379537132333226],[-1.8408067703294155,43.379523721700465],[-1.8408179162797875,43.379505782698686],[-1.8408283124733509,43.379487930641602],[-1.8408379498616865,43.379469992553567],[-1.840847505801654,43.379452052738586],[-1.8408594918293204,43.379429673182109],[-1.8408635118083949,43.379420704144508],[-1.8408675367232368,43.379411735156808],[-1.8408708098145319,43.37940276755247],[-1.8408748285558656,43.379393798501894],[-1.8408780979595083,43.379384829959506],[-1.8408837975371799,43.37937141717449],[-1.8408862274684459,43.379362450027486],[-1.840888827634376,43.379348953600001],[-1.8408952789590531,43.379335543031615],[-1.8409000605873462,43.379326574509363],[-1.8409071840402325,43.379317604511726],[-1.8409143071130178,43.379308719150991],[-1.8409205948125966,43.379299749685607],[-1.8409276344577912,43.379295308042288],[-1.8409346741362396,43.379290864598005],[-1.8409424726277348,43.379286506282156],[-1.8409510195455825,43.379282065507866],[-1.8409619169434834,43.379277622443915],[-1.840968957490889,43.37927326274707],[-1.8409767538699726,43.379268820666702],[-1.8409860577399453,43.379268904160902],[-1.8409938504316801,43.379264461141567],[-1.8410038283305579,43.379264544262305],[-1.8410138873111461,43.379264712845199],[-1.8410247822329873,43.379260269750141],[-1.8410347551771928,43.379260353718436],[-1.8410455684462896,43.379260520938885],[-1.8410556278042012,43.37926060488072],[-1.8410632554615203,43.379265214092136],[-1.8410740678236903,43.379265299360796],[-1.8410840420202668,43.379265382437033],[-1.8410993835301475,43.379270076125728],[-1.8411163141553062,43.379274686868797],[-1.8411339147667038,43.379279380035904],[-1.841142381866838,43.379283989645145],[-1.8411592319134411,43.379288683305994],[-1.841167612586025,43.379293293838394],[-1.8411837927047698,43.379297902368535],[-1.8411921733633672,43.379302513799409],[-1.8411998010364081,43.379307123001873],[-1.8412081808579845,43.379311648881469],[-1.8412235223551074,43.379316344354244],[-1.8412311516269209,43.379320869830025],[-1.841238779288096,43.379325479930188],[-1.8412456539290303,43.379330089602853],[-1.8412532782329865,43.379334616827713],[-1.8412601528760499,43.379339226499525],[-1.8412677821191819,43.379343753773433],[-1.8412745703849558,43.379348361668683],[-1.8412814425112727,43.379352974014999],[-1.8412883150675445,43.379357499022774],[-1.8412951897158627,43.379362108692497],[-1.8413035695178805,43.379366636365745],[-1.8413104466368617,43.37937124605962],[-1.8413180743104056,43.379375856154581],[-1.8413256986255124,43.379380383374702],[-1.841335758055584,43.379380464591328],[-1.8413425487305157,43.379385076108669],[-1.8413533636005641,43.379385160475898],[-1.8413617418671218,43.379389769168803],[-1.8413710481909751,43.379389854457401],[-1.8413818606449248,43.379389936096167],[-1.8413910830235496,43.379390021433032],[-1.8414003865703235,43.37939018773055],[-1.8414111975078038,43.379385746449174],[-1.8414205038654845,43.379385829933206],[-1.8414304752371837,43.379385997591847],[-1.8414375173586848,43.379381554141375],[-1.8414453137011422,43.37937711292917],[-1.8414553731139149,43.379377195035538],[-1.8414624102613752,43.379372753333996],[-1.8414702087264458,43.379368394981924],[-1.8414780038648961,43.379363951954403],[-1.8414843741817963,43.379354983295038],[-1.8414913298649225,43.379350540766353],[-1.8414976986013001,43.379341654930506],[-1.8415048244371617,43.379332684919696],[-1.8415088504517632,43.379323717721171],[-1.8415128715625051,43.379314748671909],[-1.8415153878639861,43.379305778784548],[-1.8415163091719178,43.379296811647755],[-1.8415157186608051,43.379287758060308],[-1.8415151314753948,43.379278789147747],[-1.8415121979059059,43.379269737035365],[-1.8415085137851372,43.379260684522663],[-1.8415024742994099,43.379251631559143],[-1.8414935076588674,43.379238052150846],[-1.8414874718802607,43.379228999224061],[-1.8414830298085081,43.379219946235125],[-1.8414785877380639,43.379210893246004],[-1.8414742293608499,43.379197315501159],[-1.841471290898492,43.379188261537166],[-1.841467606771376,43.379179209923393],[-1.8414655085836324,43.379170241909961],[-1.8414640835678875,43.379161188871869],[-1.8414627449488452,43.379152136709038],[-1.8414614022502613,43.379143169146062],[-1.8414607327574448,43.379134114757917],[-1.8414602268397471,43.379120619263794],[-1.841460395133667,43.379111651701663],[-1.8414613995854774,43.379102597164376],[-1.8414615678962658,43.379093628701924],[-1.8414632447465282,43.379084659315041],[-1.8414650055240089,43.3790756907784],[-1.8414674345172413,43.379066638067293],[-1.8414691940593046,43.379057669518041],[-1.8414716276279885,43.379048700593948],[-1.8414756475080594,43.379039730632662],[-1.8414796698210905,43.379030762496768],[-1.8414845315638024,43.379021794761108],[-1.8414869663629236,43.379012825849095],[-1.8414918281030701,43.37900385811308],[-1.8414981128743859,43.378994971425989],[-1.8415037276628923,43.37898600231415],[-1.841510854295022,43.378977117852081],[-1.8415179751653354,43.3789681468891],[-1.8415250169914406,43.378959177826189],[-1.8415328965997322,43.378950295588268],[-1.8415416132698954,43.378941408323172],[-1.8415502475184187,43.378932440983839],[-1.8415596359149922,43.378928082524205],[-1.8415690257123505,43.378919112032207],[-1.8415784113929179,43.378910227939798],[-1.8415886390198544,43.378901341570426],[-1.8415995338181126,43.378896899319379],[-1.8416105156899407,43.37888801338508],[-1.8416214101072506,43.3788836557693],[-1.841633061275866,43.378879296813814],[-1.8416471441013953,43.378870411673063],[-1.8416611405269203,43.378861525655324],[-1.8416752220757437,43.378852642299016],[-1.8416883817683829,43.378848282410452],[-1.841702462984744,43.378839480987267],[-1.8417157939756217,43.378830597226859],[-1.8417305421629793,43.378821711611693],[-1.8417361593693857,43.378812742512636],[-1.8417409355694219,43.378803855839116],[-1.8417403499478333,43.378794803202013],[-1.8417335623257163,43.378785753477501],[-1.841726685307906,43.378781140207963],[-1.8417174654375525,43.378781057624998],[-1.8417082480356859,43.378780975066284],[-1.8416989418038932,43.378780889806173],[-1.8416872894246397,43.378785248756188],[-1.8416755582705748,43.378794134311775],[-1.8416623148777829,43.378803020755747],[-1.8416483158166534,43.37880737754147],[-1.8416412737776275,43.378811821006302],[-1.8416342354402482,43.378816264508195],[-1.8416271934334556,43.378820706171581],[-1.8416124400820921,43.378825064316445],[-1.8416046453830179,43.378829423617269],[-1.8415976885170506,43.37883386704177],[-1.841582098183365,43.378838225708343],[-1.8415665893064688,43.378842585197951],[-1.841558796761851,43.378847025556944],[-1.8415432915666172,43.378851385981143],[-1.8415270275938955,43.378855659477679],[-1.8415107681615597,43.378860018559543],[-1.8414944222967546,43.378864378564316],[-1.8414858733514747,43.378868736518804],[-1.8414689396857706,43.378868568562879],[-1.8414572893648447,43.378873012151431],[-1.8414457231468622,43.378872844545057],[-1.8414348258735804,43.378877286756378],[-1.8414231746915817,43.378881645691507],[-1.8414122802265462,43.378886005088766],[-1.8414014654450248,43.378885920728081],[-1.8413905685092558,43.378890280098268],[-1.8413796699946778,43.378894722291733],[-1.8413696125021315,43.378899081160746],[-1.84135946946907,43.378903523803359],[-1.8413493317145457,43.37890788365825],[-1.8413399406869986,43.378916852318866],[-1.8413305522768271,43.378921210760282],[-1.8413212511524222,43.37892565292573],[-1.8413126171803267,43.378934539211073],[-1.8413039826731574,43.378938980926129],[-1.8412954336696559,43.378943340666602],[-1.8412875548847445,43.378952307537652],[-1.8412805152712943,43.378956751004665],[-1.8412726331057616,43.378965635900521],[-1.8412655085143683,43.378974605910045],[-1.8412561215442957,43.378983489963524],[-1.8412497512340904,43.378992458610846],[-1.8412418739963001,43.379001343554435],[-1.841236259133705,43.379010314453474],[-1.8412314788147697,43.379019283003657],[-1.8412274564489863,43.379028252030707],[-1.8412234316478111,43.379037219232025],[-1.8412186562274244,43.379046189632128],[-1.8412130405347655,43.379055074079439],[-1.8412067516869339,43.379064042649276],[-1.8411997095861261,43.379068486086041],[-1.8411919169688296,43.379072927319477],[-1.8411833691726835,43.379077287063645],[-1.8411739815831809,43.3790817301416],[-1.841166939512243,43.379086171775718],[-1.8411569620197239,43.379086004032125],[-1.8411469026903589,43.379085920099548],[-1.8411368470637335,43.379085836203593],[-1.841127624680559,43.379085753547542],[-1.8411207525786897,43.379081142092481],[-1.8411115326647405,43.379081059460162],[-1.8411030664857171,43.37907653269815],[-1.84109543884867,43.379071923489477],[-1.8410887328382497,43.37906287005211],[-1.8410818594734002,43.37905826038277],[-1.8410774162228905,43.379049208266402],[-1.8410752382496689,43.379040154795867],[-1.8410746510965579,43.379031187681981],[-1.8410763255333706,43.379022218276276],[-1.8410795973718992,43.379013248851749],[-1.8410828642382353,43.379004281177586],[-1.8410853805890721,43.378995311299789],[-1.8410863011152896,43.378986258616457],[-1.8410857139952055,43.378977289701979],[-1.841082780537713,43.378968235778494],[-1.8410783360419776,43.378959184549835],[-1.8410715485699412,43.378950131186144],[-1.8410646739847545,43.378945521503347],[-1.84105788672165,43.378940993744607],[-1.8410510121213748,43.378936384961257],[-1.8410441383957303,43.378931859927164],[-1.8410372662831493,43.378927250267765],[-1.8410272921764508,43.378927165387545],[-1.8410196645809001,43.378922555273697],[-1.8410103595295386,43.378922471770352],[-1.8410011396742776,43.378922387328849],[-1.8409910803724585,43.378922303382865],[-1.8409818592487635,43.378922220727837],[-1.8409725529633501,43.378922137208896],[-1.8409647619266054,43.378926495602677],[-1.8409555383338814,43.378926412920485],[-1.8409484999681989,43.378930854578833],[-1.840940704865166,43.378935296670498],[-1.8409329072753886,43.37893973963687],[-1.8409251112966636,43.378944097977801],[-1.8409187409423036,43.378953066606236],[-1.8409116175692422,43.378962034805134],[-1.8409051662552276,43.378975447176288],[-1.8409011425760713,43.378984417979417],[-1.8408941819904365,43.378988858621895],[-1.840887144812946,43.37899330208932],[-1.840880104309772,43.378997660881375],[-1.8408730622276224,43.379002102497317],[-1.840863843560647,43.379002019857673],[-1.840854538497636,43.379001936341503],[-1.840845313693892,43.379001851837273],[-1.8408360098651864,43.37900176833211],[-1.8408291414635489,43.378997158697878],[-1.8408223517441336,43.378992630900314],[-1.8408154747049574,43.378988021177705],[-1.840808603459843,43.378983496154618],[-1.8408049145580598,43.378974441769607],[-1.8408043265891636,43.378965390004794],[-1.8408060060006404,43.378956420653417],[-1.8408100284061177,43.378947452541986],[-1.8408170655666054,43.378943009979551],[-1.8408265402924602,43.378934123249927],[-1.8408366840186114,43.378925240599713],[-1.8408453998952057,43.378916270539428],[-1.840854117669348,43.378902859535224],[-1.8408627480175435,43.378893972347349],[-1.8408706277472004,43.378885088355474],[-1.8408777535854579,43.378876120184003],[-1.8408848769874373,43.378867150186501],[-1.8408881438740337,43.378858182517945],[-1.840894517581628,43.378849296765374],[-1.840900048517196,43.378840326833107],[-1.8409049114033449,43.378826831728901],[-1.8409097728696435,43.378817946855015],[-1.8409137964845332,43.378808978751962],[-1.8409154688134131,43.3787999264866],[-1.8409187418971196,43.378790957078962],[-1.8409220921968383,43.378777545690461],[-1.8409246060927771,43.378768575791007],[-1.8409262821214794,43.378759523562934],[-1.8409303045128278,43.378750554546357],[-1.840934329371398,43.37874158555465],[-1.8409375962436081,43.378732617884296],[-1.8409432144481732,43.378723731674633],[-1.8409494996127735,43.378714762180998],[-1.8409566241847992,43.378705793991493],[-1.8409637508624022,43.378696909563637],[-1.8409716296778382,43.378687941814384],[-1.8409786677041022,43.378683581190423],[-1.8409850380206314,43.378674612557816],[-1.8409976109607613,43.378661200996589],[-1.8410031427199394,43.378652315708592],[-1.8410149626385786,43.378638903716798],[-1.8410292089311788,43.378621050140318],[-1.8410339904814341,43.378612081610477],[-1.84103801161254,43.378603112577089],[-1.8410421179380285,43.378594142606119],[-1.8410445477953776,43.378585176354179],[-1.8410463111211488,43.378576206048223],[-1.8410472316626287,43.378567152464321],[-1.84104739754571,43.378558184877583],[-1.8410460590172826,43.378549131809528],[-1.8410438794358825,43.378540163863036],[-1.8410409459528825,43.378531112638868],[-1.8410380952149223,43.378522059551948],[-1.8410320595904943,43.378513005701357],[-1.8410268633915292,43.378503952254114],[-1.8410193204627896,43.378494900234465],[-1.8410063265387275,43.378485764153069],[-1.8409994507760545,43.378481154454136],[-1.8409926611005325,43.378476626666775],[-1.8409857915110317,43.378472017029573],[-1.8409764877114525,43.378471936237553],[-1.8409672654904179,43.378471849968562],[-1.8409579592739311,43.378471766449223],[-1.8409487394528241,43.37847168380479],[-1.8409386818378271,43.37847151523016],[-1.840931726234091,43.378475956826293],[-1.8409246854167733,43.378480400259612],[-1.8409176433985031,43.378484841879413],[-1.8409136197894986,43.378493810883604],[-1.8409071672935442,43.378507223244029],[-1.8409062458932337,43.378516191276532],[-1.8409044859077728,43.378525244454572],[-1.8409028089924839,43.37853421383339],[-1.8408995396580119,43.378543181478079],[-1.8408955172765162,43.378552150493995],[-1.8408930009346542,43.378561119467911],[-1.8408874675387192,43.378570090275787],[-1.8408818542776197,43.378578976533042],[-1.840875567917678,43.378587944210189],[-1.8408684420966077,43.378596913282607],[-1.8408613166686163,43.378605796816885],[-1.8408526872696174,43.378614765954666],[-1.8408456451961239,43.378619209370228],[-1.8408362567977978,43.37862356777142],[-1.8408292986835082,43.378628010236177],[-1.8408199973804531,43.378627926755371],[-1.8408107751019707,43.378627842274014],[-1.8408014688621188,43.378627758741665],[-1.8407946819977015,43.378623148130835],[-1.8407878062360452,43.378618538419254],[-1.8407809363026932,43.378614011606722],[-1.840778001638566,43.378604959463566],[-1.8407712117815702,43.378595906057441],[-1.840766769826903,43.378586854841956],[-1.840761572410214,43.378577802270911],[-1.8407555392731882,43.3785687493315],[-1.8407464832923472,43.378559613522143],[-1.8407404488907984,43.378550562369945],[-1.8407335753002574,43.378546033716574],[-1.8407261154986041,43.378536896978744],[-1.8407185713596921,43.378527845827527],[-1.8407109438373834,43.378523235693599],[-1.8407024777483878,43.378518709803011],[-1.8406911613535077,43.37850504617942],[-1.8406890649141405,43.378495993527395],[-1.8406899863803612,43.378487023696451],[-1.8406940112216232,43.378478056513515],[-1.840698032427633,43.378469085691805],[-1.8407050744426394,43.378464644985947],[-1.840712869140398,43.378460286646607],[-1.8407206654495045,43.378455843681856],[-1.8407284580719698,43.378451399778754],[-1.8407362568472339,43.378446956837919],[-1.8407486609862358,43.378442599302517],[-1.8407572930276941,43.378438155803117],[-1.8407704551448472,43.378433796944897],[-1.8407836962500947,43.378429438885888],[-1.8407930006950195,43.378425079637786],[-1.8408023882093238,43.378420636589773],[-1.8408116104563881,43.378420721071457],[-1.8408558679395508,43.378407645113263],[-1.8408999564764266,43.378399094830357],[-1.8409434572474743,43.378386016570609],[-1.8409868789416384,43.378372941094533],[-1.8410303817665408,43.378359947463665],[-1.8410730454607631,43.378346872376326],[-1.8411149549108066,43.378333795932335],[-1.8411576198718875,43.378320717224412],[-1.8411988575017286,43.378303116441181],[-1.841240015121054,43.378290039535962],[-1.8412812539923689,43.378272436034109],[-1.8413216558538876,43.378254833941149],[-1.8413527520990145,43.378241590216149],[-1.8413605504593398,43.378237230068613],[-1.8413683429562209,43.378232788821691],[-1.84138384798773,43.378228429319364],[-1.8413908899767784,43.37822398586939],[-1.8413986874066199,43.378219544670365],[-1.8414057290163086,43.378215185856831],[-1.8414127672995881,43.378210742367955],[-1.8414198092502065,43.37820630071667],[-1.8414268512340803,43.378201857264401],[-1.841433888211492,43.378197417362728],[-1.8414408463010872,43.378192971258748],[-1.8414534217101597,43.378184087076185],[-1.8414604587521592,43.378179643571762],[-1.8414729510861723,43.378170843186602],[-1.8414846870841026,43.378161957699845],[-1.8414965042802176,43.378148548330643],[-1.8415042967901591,43.378144105273606],[-1.8415121788474593,43.378135218558384],[-1.8415192207820914,43.378130776900733],[-1.8415262602815554,43.378126333417107],[-1.8415333009799197,43.378121891746048],[-1.8415410959521854,43.378117448711428],[-1.8415488884549081,43.378113005651251],[-1.8415597889418824,43.378108646301186],[-1.8415714374624419,43.378104289125325],[-1.8415830863926641,43.378099845510263],[-1.8415923906793781,43.378095488896435],[-1.8416016968574151,43.378095571463241],[-1.8416110003363373,43.378091127497186],[-1.8416210578915997,43.378091296011988],[-1.8416302776571425,43.378091378601553],[-1.8416404230026879,43.378086935957519],[-1.8416504805402494,43.378087105369971],[-1.8416597027908121,43.37808718708191],[-1.8416743701592786,43.378087270823244],[-1.8416882853790668,43.378087438788683],[-1.8417028696786999,43.378087606326162],[-1.8417167836645141,43.378087774275642],[-1.8417307813371497,43.378083416566298],[-1.8417446105554971,43.378083498112112],[-1.8417585245405959,43.378083666056511],[-1.8417655664857837,43.378079222582855],[-1.8417793965093707,43.378079391475175],[-1.8417864384525717,43.378074948000211],[-1.8417995985382074,43.378075032666914],[-1.8418066388685264,43.378070673815586],[-1.8418197987241343,43.378066231072374],[-1.8418329572314187,43.378066398559632],[-1.8418461204444918,43.378062038687766],[-1.8418585219419314,43.378057681905126],[-1.8418710985139619,43.37804879678766],[-1.8418835025096465,43.378044438226702],[-1.8418951526404101,43.378039994591958],[-1.8419075591010412,43.378035636053355],[-1.8419161095092009,43.378031193440123],[-1.8419239003974153,43.378026833178239],[-1.8419410014630453,43.378022474456046],[-1.8419495518498046,43.378018032740528],[-1.8419589400759622,43.378013674245501],[-1.8419759547236445,43.378009315543331],[-1.8419853429465975,43.378004957046116],[-1.8419938933448354,43.378000514426901],[-1.8420031130977677,43.378000596986254],[-1.8420209634700946,43.377996237735985],[-1.8420302689615347,43.377991880198159],[-1.8420395763421793,43.377991963641904],[-1.8420488797738663,43.377987519639582],[-1.8420581809485856,43.377987604819857],[-1.8420674040260576,43.377987772048918],[-1.8420775443862296,43.377983329315455],[-1.8420867641025607,43.377983413668581],[-1.842096152347988,43.377979053361543],[-1.8421053720466014,43.377979138613419],[-1.8421154312132519,43.377979221559386],[-1.8421246534317703,43.377979304133859],[-1.8421347934101986,43.377974946032708],[-1.8421440168280703,43.377975030418668],[-1.8421533180354333,43.377975113790662],[-1.8421632957266245,43.377975196807867],[-1.8421733536414904,43.377975280636498],[-1.8421825708884727,43.377975364956875],[-1.8421926284272574,43.3779755334212],[-1.842201850611185,43.377975617790014],[-1.8422188679761113,43.377975785584077],[-1.8422280852747113,43.377975867199986],[-1.8422367220461338,43.377971425437082],[-1.8422536530325742,43.377971591450979],[-1.8422706679111482,43.377971760112615],[-1.8422876858865622,43.377967484238027],[-1.8423046168036805,43.377967653845438],[-1.8423217153752536,43.3779632941405],[-1.842337975779383,43.37795893315122],[-1.8423549931233341,43.377959101825226],[-1.8423627864055452,43.377954743358494],[-1.8423790479531299,43.37795038687711],[-1.8423953095840668,43.377946025892079],[-1.84241081320297,43.377941668036669],[-1.8424186114501095,43.377937307815451],[-1.8424341990256214,43.377932949005867],[-1.8424419963430649,43.377928507734147],[-1.8424566630239034,43.377924148603924],[-1.8424637049003179,43.377919705086349],[-1.8424784604405211,43.377915346852802],[-1.8424854986117203,43.377910903296382],[-1.8424963940601222,43.377906543805757],[-1.8425049431736618,43.377902101135199],[-1.8425134968470886,43.377897743151372],[-1.8425213765988149,43.377888773502292],[-1.842530007165758,43.377884331654336],[-1.8425378041286162,43.377879973212792],[-1.8425455952778693,43.377875530971103],[-1.8425533926141653,43.377871087891059],[-1.8425611874637724,43.377866645685756],[-1.8425683113569842,43.377857760227577],[-1.8425761086893315,43.377853317145927],[-1.8425831505488584,43.377848873620756],[-1.8425901911217897,43.377844432783426],[-1.8425972322820299,43.377835548286924],[-1.8426042716695481,43.377831104735399],[-1.8426169280042675,43.377817693837585],[-1.8426238846621994,43.377813251248391],[-1.8426357061530312,43.377799923743616],[-1.8426476045691782,43.377786510574026],[-1.8426585857256119,43.377773100725911],[-1.8426696521058159,43.377759688137459],[-1.8426792050375895,43.377746276438778],[-1.8426879234543734,43.377732866198322],[-1.8426966394159847,43.377719455031865],[-1.8427046838296515,43.377706044271925],[-1.8427087083898335,43.377697073411845],[-1.842715078909346,43.377683661918553],[-1.8427215349614445,43.377670166649253],[-1.8427240460410028,43.377661198480538],[-1.842728910551616,43.377647786152224],[-1.8427314240975259,43.377638818008279],[-1.8427355297742147,43.377625322363251],[-1.842738043002794,43.377611827710666],[-1.8427405590141412,43.377602859591406],[-1.8427430750589815,43.37759388967153],[-1.842747098337308,43.377584920597819],[-1.8427511216144228,43.377575951523944],[-1.8427566521241538,43.377566983296013],[-1.842763020484949,43.377558097382718],[-1.8427709038235511,43.377549129553024],[-1.8427795361498551,43.377540243138277],[-1.8427866590790873,43.377531274815837],[-1.8427937008857422,43.377526831276811],[-1.8428014953153333,43.377522472791348],[-1.8428092888506613,43.377518031455921],[-1.8428179251934149,43.377509063138959],[-1.8428273108111561,43.377504704545665],[-1.8428358598439776,43.377500261849136],[-1.8428459189167123,43.377500345630217],[-1.8428552230739477,43.377495986210292],[-1.8428622648886657,43.377491541766702],[-1.8428723239429188,43.377491626445703],[-1.8428792817789543,43.377487183852587],[-1.8428893392402959,43.377487352254775],[-1.8428963810344396,43.377482908709275],[-1.8429071931204184,43.37748299200053],[-1.8429180076406257,43.377483077116267],[-1.8429288202560221,43.377478718546719],[-1.8429388793597383,43.377478800519043],[-1.8429497733958682,43.377474444572215],[-1.8429599136582726,43.377469999057617],[-1.8429698912178847,43.377470084704314],[-1.8429800347885639,43.377465724763077],[-1.8429901774643886,43.377461281971527],[-1.8429994779029064,43.377456922502212],[-1.8430086975423456,43.377457006780112],[-1.843018084747831,43.377452563545916],[-1.8430273913198103,43.377448205937235],[-1.8430360254729055,43.377443764987333],[-1.8430454107609664,43.377434878066438],[-1.843057818251737,43.377430519412727],[-1.8430665360197829,43.37742155100014],[-1.8430750834488239,43.377417191109764],[-1.8430836324515025,43.377412748394299],[-1.8430921826871287,43.377408305690686],[-1.8431008177234469,43.37740394758513],[-1.8431101234399139,43.377399504419344],[-1.8431195106120881,43.377395062076857],[-1.8431280592336208,43.377390703995445],[-1.8431373649289833,43.377386261727651],[-1.8431467493052949,43.377381901294562],[-1.8431568092296844,43.377377459451829],[-1.8431661951780176,43.377373016192699],[-1.8431762547590091,43.377368657185123],[-1.8431856419045429,43.377364215737352],[-1.8431957854423557,43.377359855776518],[-1.8432057605334105,43.377359940477206],[-1.8432159015664673,43.377355582290129],[-1.8432260417385904,43.37735113945218],[-1.8432361037801346,43.377346780464237],[-1.8432461628288062,43.377346864209812],[-1.8432562190719066,43.377342420520186],[-1.8432671180323481,43.377338062791907],[-1.8432771770796736,43.37733814653474],[-1.843288071135325,43.377333786953947],[-1.8432988831790185,43.377333871108128],[-1.8433096957069397,43.377329514302339],[-1.8433197535530264,43.377329596228414],[-1.8433345089244684,43.377325236081106],[-1.8433437297792021,43.377325320344234],[-1.8433537888246658,43.377325404080302],[-1.843363007211096,43.377325488316913],[-1.8433730646821924,43.377325654875733],[-1.8433823682625099,43.377325738171635],[-1.8433923458169683,43.377325822880927],[-1.8434016493973777,43.377325906175237],[-1.8434116244835312,43.377325990857912],[-1.8434208444710201,43.377330601611582],[-1.8434300641439685,43.377330683154497],[-1.8434384447256489,43.377335293520886],[-1.843447750776033,43.377335376836434],[-1.8434561337938968,43.37733998902705],[-1.8434645144130843,43.377344597591055],[-1.8434721435764363,43.377349124718464],[-1.8434805253809818,43.377353735994582],[-1.8434873966296617,43.377358261758793],[-1.8434950242221473,43.377362871709153],[-1.8435034072816248,43.377367482095856],[-1.843510281019082,43.377372006983407],[-1.8435163156884462,43.377381059795134],[-1.8435262047816334,43.377385669203186],[-1.8435330818169358,43.377390280564839],[-1.8435399530907846,43.377394805425709],[-1.8435475806576163,43.377399417173159],[-1.843555208259835,43.377404027119582],[-1.8435628374716448,43.377408552440514],[-1.8435704650761779,43.377413162385949],[-1.8435788469141419,43.377417772754718],[-1.84358723032757,43.377422300298463],[-1.8435956949107348,43.377426908801453],[-1.8436086885754148,43.377431520783603],[-1.8436179079071797,43.377431686048737],[-1.8436263752852298,43.377436212637811],[-1.8436355949234842,43.377436296865099],[-1.843644814961976,43.377440906700727],[-1.843654790067778,43.377440991362413],[-1.843664010108466,43.37744560119652],[-1.8436732297824783,43.377445683620294],[-1.8436832872406463,43.377445851952594],[-1.8436925093489327,43.377445936200296],[-1.843702482426024,43.377450544641448],[-1.8437117020666751,43.377450628862647],[-1.8437217611340622,43.377450712566585],[-1.8437317387101118,43.377450797246503],[-1.8437410423106775,43.377450880513429],[-1.8437510993961501,43.377446521430095],[-1.8437604042303188,43.377446604707899],[-1.8437704632972045,43.377446688407538],[-1.8437796841716914,43.377446772635743],[-1.843796696961403,43.377442496483397],[-1.8438075102603531,43.377442580602192],[-1.8438176528734349,43.37743813773649],[-1.8438284670320007,43.377438306503237],[-1.843839280330309,43.377438390619027],[-1.8438500060005218,43.377438473847832],[-1.8438609049540959,43.377434115162465],[-1.8438717145491774,43.377434199237747],[-1.8438825299757173,43.377434366211325],[-1.8438933444734875,43.377434452134978],[-1.8439032336558632,43.37743905881004],[-1.8439140481887559,43.377439142931223],[-1.8439248577848941,43.377439227001517],[-1.8439356731954872,43.377439394870322],[-1.8439464029743351,43.377444004637113],[-1.8439563756303263,43.377444088347275],[-1.8439671066286916,43.377448699024903],[-1.843977163245307,43.377448781781148],[-1.8439870523851583,43.377453391149821],[-1.843997111453898,43.377453474829544],[-1.8440070894071221,43.377458087795638],[-1.8440162268034002,43.377462695865475],[-1.8440254452126641,43.377462780048937],[-1.8440339110523867,43.377467389432624],[-1.8440431319308286,43.377467473639619],[-1.8440531909849696,43.377467558214747],[-1.8440600631845354,43.377472166794462],[-1.8440670184647134,43.377467724103091],[-1.8440770775360826,43.377467807775801],[-1.8440871366075045,43.377467891447658],[-1.844094933746371,43.377463450060823],[-1.8441041530509137,43.377463617087351],[-1.8441119452854182,43.377459173848912],[-1.8441189869543553,43.377454732027594],[-1.8441267841234363,43.37745028883802],[-1.844133825773165,43.377445847916029],[-1.8441448057964818,43.37743696081619],[-1.8441535213784181,43.377423550434166],[-1.8441620715391716,43.377419107649658],[-1.8441707875369675,43.377410223775996],[-1.8441777452704422,43.377405781102617],[-1.8441856263886727,43.377401336956616],[-1.844193421938515,43.377396978387317],[-1.8442019720926315,43.37739253559976],[-1.8442112752433302,43.377388093218741],[-1.8442214997274828,43.377379208379836],[-1.8442308050040259,43.377374848859056],[-1.8442394378436029,43.377370406904355],[-1.8442479855222715,43.377365964088284],[-1.8442566200257409,43.377357080284796],[-1.8442651689525733,43.377352636579602],[-1.8442730479859655,43.377343752342952],[-1.844280089664019,43.377339308710802],[-1.8442879690495986,43.377330340735881],[-1.8442943383972363,43.377321454746621],[-1.844301380036947,43.377317012913615],[-1.8443077472518101,43.377308044061664],[-1.8443132800110744,43.377299073979557],[-1.8443211615158976,43.377290188864073],[-1.8443259363040294,43.37728122012544],[-1.8443307975186556,43.377272250459193],[-1.8443348217760311,43.377263281338685],[-1.8443380942360128,43.37725431362469],[-1.8443444606472466,43.377240901997574],[-1.8443485684070187,43.377227406314297],[-1.844352005051108,43.377209469187591],[-1.8443561127727481,43.377195975304481],[-1.8443587120335374,43.377182480583784],[-1.8443620627493287,43.377169067293138],[-1.8443645780823619,43.377155571724103],[-1.8443664218761984,43.377142076572014],[-1.8443681792414193,43.377128582347289],[-1.8443701065210563,43.377110561532994],[-1.8443711133927636,43.377097065126435],[-1.8443713672356901,43.377083570114266],[-1.8443723716039664,43.377070075483225],[-1.8443718699842617,43.377056580039934],[-1.8443721188899078,43.377043084977785],[-1.8443716172703535,43.377029589534423],[-1.8443711131825797,43.377016094066121],[-1.8443713645564146,43.377002599028806],[-1.8443731239611356,43.376993546688929],[-1.8443748003185747,43.376984577250575],[-1.8443788245495447,43.3769756081278],[-1.8443828463109395,43.376966638979894],[-1.8443892143372376,43.37695775477227],[-1.8443963419322646,43.376948784594518],[-1.8444011191498988,43.376939815876753],[-1.8444081607371887,43.376935374036293],[-1.8444160397116605,43.376926488888067],[-1.8444238318541979,43.376922045626934],[-1.8444323819243884,43.376917602820797],[-1.8444417722738968,43.376913244142095],[-1.8444518295595738,43.376908802158184],[-1.8444619728982139,43.376904443883319],[-1.8444728683659894,43.376900001363019],[-1.8444806638306686,43.376895642772787],[-1.8444914783031345,43.376895725037762],[-1.8445000283647537,43.376891282226467],[-1.8445115941869425,43.376891451320304],[-1.8445208162479749,43.376891533699734],[-1.8445301197141892,43.37689161960229],[-1.8445369910250387,43.376896143503551],[-1.8445437792221304,43.376900753907151],[-1.8445474685637624,43.376909808179668],[-1.8445481376717967,43.376918776107637],[-1.8445463783125604,43.376927827550382],[-1.8445431120384892,43.376936797134292],[-1.8445398408266789,43.376945766668179],[-1.8445328847795732,43.376950124739828],[-1.8445257609068932,43.37695909496373],[-1.8445187193252632,43.376963536811495],[-1.8445116789767897,43.376967978671225],[-1.8445038843662036,43.376972421913386],[-1.8444960888931994,43.376976780505025],[-1.844489047273173,43.376981224151436],[-1.8444873709668492,43.376990191791137],[-1.84448795696875,43.376999245321677],[-1.8444931548478647,43.377008295930018],[-1.8445000310543855,43.377012822584199],[-1.8445092465557182,43.377012991340429],[-1.844516123981073,43.377017518906406],[-1.8445254263007365,43.377017601196044],[-1.8445347302659638,43.377013241636909],[-1.8445441172935217,43.377008798275057],[-1.8445534236731886,43.377004441440093],[-1.8445619737458296,43.376999998624392],[-1.8445712748116558,43.377000081798023],[-1.844579827316599,43.376995640806449],[-1.8445883745961988,43.376991279900423],[-1.8445977653019845,43.376986837471769],[-1.8446055561709596,43.376982395986275],[-1.8446141071323667,43.376978036015977],[-1.84462265716272,43.376973594996144],[-1.8446304517649745,43.376969151745804],[-1.844639086172744,43.376960267011242],[-1.8446469646969827,43.37695582460767],[-1.844654761763562,43.376951381380522],[-1.8446625538922454,43.376946938102982],[-1.844670351818066,43.37694257952473],[-1.8446773933863723,43.376938137667494],[-1.844685268992369,43.376929167825359],[-1.8446922291015482,43.376924725144221],[-1.8446992690935504,43.376920366110049],[-1.8447063106571835,43.376915924250937],[-1.8447180447097857,43.376907038409826],[-1.8447258405307574,43.376902595165227],[-1.8447367368410634,43.376898237269501],[-1.8447437783823217,43.376893796308288],[-1.8447515729655473,43.376889353049414],[-1.8447607925244351,43.376889437185078],[-1.8447685883400697,43.37688499393748],[-1.8447786473173846,43.376885077547399],[-1.8447894577139083,43.376885244384262],[-1.844799519159718,43.376885328017295],[-1.8448094941782016,43.376885412577231],[-1.8448195482189682,43.376885496133681],[-1.8448279337842728,43.376890106448968],[-1.8448371533435179,43.376890190578493],[-1.8448447809822608,43.376894800439679],[-1.8448540845012682,43.37689488361508],[-1.8448624676021443,43.376899493902954],[-1.8448693389048207,43.376904019585055],[-1.8448769689990472,43.376908630369321],[-1.8448838403038379,43.376913156050563],[-1.8448897920720408,43.376922292594529],[-1.8448966682989818,43.376926819225154],[-1.8449027006650733,43.376935871941299],[-1.8449071443573823,43.376944923016779],[-1.8449140177474561,43.376949534258948],[-1.8449192156350092,43.376958587549467],[-1.8449268436608728,43.376963112767804],[-1.8449337183228591,43.376967722220769],[-1.8449413459444806,43.376972333876154],[-1.844948972739529,43.376976859080592],[-1.8449589477734969,43.376976943627646],[-1.8449658175027268,43.37698155302882],[-1.8449751259379699,43.376981638044931],[-1.8449858520321853,43.376986246776859],[-1.8449950716064689,43.376986330893828],[-1.8450042936491933,43.376986415034949],[-1.8450135996169135,43.376986500023015],[-1.8450206396277389,43.376982139168412],[-1.8450298616698955,43.376982223307472],[-1.8450384092369658,43.376977780430757],[-1.8450484682305075,43.376977864017128],[-1.8450562628028138,43.376973420737421],[-1.8450640582360551,43.376969062107094],[-1.8450710997450579,43.376964622025881],[-1.8450781413213946,43.376960178343126],[-1.8450851791770586,43.376955735522813],[-1.845090713006456,43.376946766313608],[-1.8450978388913939,43.37693788071595],[-1.8451018593105246,43.376928911529014],[-1.8451051279363115,43.37691994375367],[-1.845106804183803,43.3769109743032],[-1.8451062180732292,43.376901921674907],[-1.845104372235512,43.376879374053459],[-1.8451018572438376,43.376847856705631],[-1.8451001786947403,43.376811813195147],[-1.8450995934308154,43.376802846116902],[-1.8450982518288743,43.376793794862778],[-1.8450969086723161,43.376784825532845],[-1.845093977182811,43.376775771728177],[-1.8450917986502255,43.376766720125296],[-1.8450888634597513,43.376757666283112],[-1.8450844234900721,43.37674861345112],[-1.845080734043242,43.376739560995411],[-1.845074783125531,43.376730509110935],[-1.8450673208204749,43.376716928962018],[-1.8450560070588469,43.376703352234273],[-1.845053070659463,43.376694297478402],[-1.845048630699581,43.37668524464506],[-1.8450449387762715,43.376676193063531],[-1.8450420072994171,43.376667139257528],[-1.8450406665877499,43.376658171752318],[-1.845039238621563,43.376649118724579],[-1.8450386558360419,43.376640151670827],[-1.8450380672860851,43.376631098116704],[-1.8450382326209369,43.376622127813661],[-1.8450391583149703,43.376613159787581],[-1.8450409176251521,43.376604106535289],[-1.8450433468604999,43.376595137486909],[-1.8450458624878889,43.376586169311011],[-1.8450491286682045,43.37657719971115],[-1.8450531527720631,43.376568230562583],[-1.8450586853013322,43.376559263142056],[-1.8450643027008085,43.376550376717482],[-1.8450706697214794,43.376541407819666],[-1.8450769577184587,43.37653243992424],[-1.8450848365428059,43.376523554727598],[-1.8450927157369053,43.376514584892895],[-1.8451013468194764,43.376510225694886],[-1.8451076348086493,43.376501257797628],[-1.8451186132670323,43.376492371487075],[-1.8451288424038121,43.376483486612337],[-1.8451382263252905,43.376474517563885],[-1.8451477024696574,43.376465632286376],[-1.8451570872477676,43.376456747886252],[-1.8451649651711992,43.376447778934036],[-1.8451737692615828,43.376434368464906],[-1.8451808086803374,43.376425481988029],[-1.8451879335931543,43.376416513533677],[-1.8451912022113395,43.376407543954095],[-1.8451975716322278,43.376398576874067],[-1.8452031025695648,43.376389691370107],[-1.8452056206668612,43.376380721414421],[-1.8452111519390799,43.376371753073052],[-1.8452152557419557,43.376358257316376],[-1.8452193661987111,43.37634928903362],[-1.8452210423947843,43.37634032048048],[-1.8452235579847274,43.376331352299886],[-1.8452260681517607,43.376317856657543],[-1.8452278307895276,43.376308886275865],[-1.845228751513186,43.376299918197525],[-1.8452296738426055,43.37629086549412],[-1.8452305970681826,43.376281895640126],[-1.8452300084578059,43.376272843886689],[-1.8452301761964531,43.37626387540795],[-1.8452295884827254,43.376254906503917],[-1.8452283303612405,43.376241325985184],[-1.8452269081745289,43.376232357658751],[-1.8452255665643922,43.376223306405137],[-1.8452226325784258,43.376214254378588],[-1.8452212894144613,43.376205285049167],[-1.8452183579324746,43.376196231246901],[-1.8452139964508678,43.376182653605596],[-1.8452095552684307,43.37617360076537],[-1.8452044417381657,43.376160103772136],[-1.8451991611155918,43.376151053259633],[-1.8451923699988928,43.3761419154579],[-1.8451895199795214,43.376132862477483],[-1.8451827321968328,43.376123809350069],[-1.8451751864631096,43.376114757572253],[-1.8451669736431562,43.376101179754059],[-1.8451585876441645,43.376092043852559],[-1.8451495359884824,43.376082989470987],[-1.8451404858732858,43.376073854064764],[-1.8451305959810171,43.376064803822409],[-1.8451207855532228,43.376055664337841],[-1.8451101405891674,43.376046529030297],[-1.8451032668783216,43.376042004238222],[-1.8450926219876325,43.376032865328035],[-1.8450858341790732,43.376023814895795],[-1.8450821435907716,43.376014759726239],[-1.8450800502767501,43.376005707181811],[-1.8450802155675616,43.375996738678182],[-1.8450818917732814,43.375987770126677],[-1.8450859157973261,43.375978802776089],[-1.8450915322411721,43.375969833499198],[-1.8450970647597871,43.375960863374402],[-1.8451041037140108,43.37595642146357],[-1.8451119014803818,43.37595206285264],[-1.8451212882672345,43.375947621240776],[-1.8451290827349167,43.375943176153221],[-1.8451407318238882,43.375938818616973],[-1.8451485287232092,43.375934375353509],[-1.84515632188471,43.375929933852625],[-1.8451648701896604,43.375925573813312],[-1.8451771928859093,43.37592565863838],[-1.845190440558774,43.375921299231933],[-1.8451989891978473,43.37591685635303],[-1.8452082082730705,43.37591702328794],[-1.8452168433020686,43.375912581280119],[-1.8452260627144268,43.375912665376624],[-1.8452392207738031,43.375912832466739],[-1.8452484401862512,43.37591291656144],[-1.8452577454850598,43.375908475015919],[-1.8452670513399791,43.375908557280695],[-1.8452762732202062,43.375908641398055],[-1.8452855753556288,43.375908724524216],[-1.8452947968983351,43.375908891477053],[-1.8453031765341128,43.375913418857863],[-1.8453124811386827,43.37591350200676],[-1.8453217014480718,43.375913668944989],[-1.8453348586115323,43.375913753174693],[-1.8453439995324543,43.375918363876337],[-1.845357073670173,43.37591853010553],[-1.8453701511106111,43.375923140933388],[-1.8453946259855354,43.375932361829832],[-1.8454353619144066,43.375941831542924],[-1.8454751769056972,43.375955664475249],[-1.8455143201211273,43.375969577053752],[-1.8455541373142303,43.375983491020314],[-1.8455924460958368,43.375997404152464],[-1.8456315893314186,43.376011318491855],[-1.8456698969315786,43.376025230685656],[-1.8457072795915728,43.376043588001771],[-1.8457448329627573,43.376057502461983],[-1.8457815429390756,43.376075858366484],[-1.8457937823065134,43.376080467890297],[-1.8458014123530915,43.376085079513437],[-1.8458090391205988,43.376089603760377],[-1.845816666718209,43.37609421445736],[-1.8458235413178203,43.376098825657671],[-1.8458295737434085,43.376107878326849],[-1.8458372004988011,43.376112403472206],[-1.8458447446923241,43.376121541633026],[-1.8458522917786755,43.37613059247996],[-1.8458574860368786,43.376139645692533],[-1.8458619310164153,43.376148698546082],[-1.8458648650948808,43.376157750557347],[-1.8458685546254952,43.37616680298958],[-1.8458729971402292,43.37617585581777],[-1.8458790320318883,43.376184909409581],[-1.8458849830014292,43.376193962154062],[-1.8458918567541829,43.37619848870041],[-1.8458993985322061,43.376207625032265],[-1.8459070277735783,43.376212150197993],[-1.8459138999590872,43.376216759567576],[-1.8459207761507761,43.376221287937661],[-1.8459275631802452,43.376225896447011],[-1.8459351908209591,43.376230506235956],[-1.8459428200337322,43.37623503319989],[-1.8459535485069647,43.376239643666437],[-1.845964361262787,43.376239810415868],[-1.8459743358229845,43.376244339436077],[-1.8459842286606818,43.376248946869296],[-1.8459950426183283,43.376249115428834],[-1.8460041762693291,43.376253724203345],[-1.846014153354387,43.376258250544211],[-1.8460210230849341,43.376262859882544],[-1.8460294086583386,43.376267470110285],[-1.8460377075231413,43.376276522228153],[-1.8460445796917384,43.376281133390556],[-1.8460522089190741,43.376285660347314],[-1.8460566490353856,43.376294711343164],[-1.8460635212074556,43.376299322504458],[-1.8460687192136966,43.376308375745033],[-1.8460739999454807,43.376317428019284],[-1.8460776895165378,43.37632648044498],[-1.8460797857943159,43.376335450160362],[-1.8460819619918525,43.376344501721697],[-1.8460817977101156,43.376353554877866],[-1.8460816300964538,43.376362523359134],[-1.8460807070117935,43.376371492321034],[-1.8460781940143733,43.376380460546763],[-1.846074925527952,43.376389430153246],[-1.8460708991521373,43.376398397514457],[-1.8460676331319867,43.376407367145603],[-1.8460636091880667,43.376416336331935],[-1.8460611801103515,43.376425305404055],[-1.8460594172548614,43.376434358636729],[-1.8460584966510447,43.376443326722907],[-1.846058331501782,43.376452295228894],[-1.8460589177341538,43.376461348754816],[-1.8460602573241141,43.376470318038123],[-1.8460624384598638,43.376479369649445],[-1.8460661230846949,43.376488422925782],[-1.8460713211410105,43.376497474365614],[-1.8460757661775435,43.376506527210978],[-1.8460818011313491,43.376515580792244],[-1.8460886733470392,43.376520191051881],[-1.8460938714093511,43.376529242490726],[-1.8461045156741616,43.376538296659639],[-1.8461182626176436,43.376547515400226],[-1.846125809745347,43.376556568930297],[-1.8461325125578634,43.376565621143889],[-1.8461377920865338,43.376574673402693],[-1.8461429901265536,43.376583726639886],[-1.8461466797232053,43.376592779063223],[-1.8461496138300673,43.376601832867763],[-1.8461525455206287,43.376610883946512],[-1.8461531333386954,43.376619854647366],[-1.8461537220887707,43.376628906397094],[-1.8461535520157213,43.376637874853273],[-1.8461526338903989,43.376646842964931],[-1.8461501159204354,43.376655812942523],[-1.8461476038182973,43.37666486401875],[-1.8461435789364142,43.376673752158553],[-1.8461388020299623,43.376682719152136],[-1.8461332696300925,43.376691687526666],[-1.8461269002802503,43.376700656460116],[-1.8461197782753098,43.376709542161663],[-1.8461118943197425,43.376718509317648],[-1.8461048528458994,43.376722953065418],[-1.846096221152602,43.376731837938742],[-1.8460884266860507,43.376736281290732],[-1.8460813009687143,43.376745166952347],[-1.8460742619920656,43.376749608922516],[-1.846070238025413,43.376758578108316],[-1.8460654610671499,43.376767546899039],[-1.8460614346295823,43.376776516059579],[-1.8460589240796992,43.376785484308947],[-1.8460579985326533,43.376794452344704],[-1.8460578342447047,43.376803505500092],[-1.8460591726238569,43.376812473870231],[-1.8460613537193948,43.376821528181978],[-1.8460657963087015,43.37683058100253],[-1.8460709944102069,43.37683963154192],[-1.8460785378635618,43.376848685037601],[-1.8460854126015169,43.376853294422268],[-1.846092200598739,43.376862347497386],[-1.8461036012782457,43.376871484935627],[-1.8461104735352314,43.376876095194127],[-1.8461180170159832,43.376885147787043],[-1.8461232151127296,43.376894199224374],[-1.8461269047242748,43.376903251648052],[-1.8461298388421707,43.376912305452741],[-1.8461319327288455,43.376921272440896],[-1.8461326053855613,43.376930325937401],[-1.8461324377418529,43.376939296218438],[-1.8461306777194384,43.376948264838759],[-1.8461290000678077,43.37695731623014],[-1.8461249776996482,43.376966200792417],[-1.8461201167733297,43.376975170538692],[-1.8461138276475526,43.376984138479578],[-1.8461089679523,43.376993108237791],[-1.8461011709843913,43.376997551565182],[-1.8460932947125048,43.377006436857016],[-1.8460855002101373,43.377010880208218],[-1.8460784563000165,43.377015320327722],[-1.846069907904309,43.377019680433555],[-1.8460590125282874,43.377024123107041],[-1.8460504616615816,43.377028483186436],[-1.8460434202152656,43.377032923328649],[-1.8460342006135799,43.377032840196406],[-1.8460264036522633,43.377037282618289],[-1.8460162616345617,43.377041641045317],[-1.8460069611002834,43.377046085400991],[-1.8459991641182185,43.377050528721234],[-1.8459921225973408,43.377054972461274],[-1.8459843272351746,43.37705933025515],[-1.8459772036297548,43.377068296970535],[-1.845970079988055,43.377077265485958],[-1.8459653020916267,43.37708615142212],[-1.845962033582647,43.377095119223156],[-1.8459602719250958,43.377104172465323],[-1.8459593487919042,43.377113142325015],[-1.8459607769388344,43.377122193541709],[-1.8459628732242417,43.377131163258149],[-1.8459665603570659,43.377140215661626],[-1.8459725929040258,43.377149268323038],[-1.8459794689015134,43.377153877726563],[-1.8459854187436289,43.377162930453075],[-1.8459930464876926,43.37716754113908],[-1.8459999203570754,43.377172067679531],[-1.8460075481375389,43.377176676564062],[-1.8460159301147243,43.377181287656356],[-1.846030515118513,43.377185898314117],[-1.8460413296477898,43.377185980433119],[-1.8460504658416119,43.377190592830779],[-1.8460596835961571,43.37719520064811],[-1.8460680668311575,43.377199810848836],[-1.8460764491698312,43.37720433819954],[-1.8460840769431222,43.377208947979319],[-1.8460917047175716,43.377213557758601],[-1.8460993340980776,43.377218082912322],[-1.8461062039078588,43.377222694046644],[-1.8461130802603383,43.37722722060527],[-1.8461190313465483,43.377236274237781],[-1.8461266566928303,43.377240882189334],[-1.8461326942102536,43.377249934892347],[-1.8461386465357383,43.377258988536312],[-1.8461439273575102,43.377268040806868],[-1.8461476169936377,43.377277093229623],[-1.8461513016599118,43.377286147402941],[-1.8461526434280759,43.377295198645861],[-1.8461539867502037,43.37730416796451],[-1.8461546569277718,43.377313222335708],[-1.8461552448190146,43.37732218943448],[-1.8461565853371673,43.37733124156513],[-1.8461595207471215,43.377340293580588],[-1.8461647126823839,43.377349346754116],[-1.8461715032136492,43.37735839984942],[-1.846178380483968,43.377363009253706],[-1.846185924016676,43.377372062742431],[-1.846192795455047,43.377376589246623],[-1.8462004232586411,43.377381199018856],[-1.8462095595279275,43.377385809603567],[-1.8462203740933489,43.377385891706034],[-1.8462349600426513,43.377390586087976],[-1.8462541529140746,43.377395280126187],[-1.8462648840826477,43.37739989059007],[-1.8462756122226411,43.377399973616221],[-1.8462863433937085,43.377404584078121],[-1.8462970696296026,43.377409194489211],[-1.8463070428687154,43.37741380450592],[-1.8463177740617147,43.37741841406465],[-1.8463276646125169,43.377423023245328],[-1.8463376415247088,43.377427635097291],[-1.8463467765944037,43.377432244758495],[-1.84635440351877,43.377436771671199],[-1.8463652156082579,43.377436854635427],[-1.8463736001681503,43.377441463026116],[-1.8463804712581309,43.377446074156744],[-1.8463896909064295,43.377446158162044],[-1.8463989945145307,43.377446241212731],[-1.846405869679882,43.377450767741692],[-1.8464150914270934,43.377450936407357],[-1.8464251505033229,43.377451019873526],[-1.8464343689524307,43.377451102062246],[-1.8464436737614818,43.377451186922308],[-1.8464529792298436,43.377446744382084],[-1.8464630355010283,43.377446910656978],[-1.846473930924746,43.377442467945841],[-1.8464831530411776,43.377442551968514],[-1.8464979057196425,43.377438193186428],[-1.8465072071093831,43.377433835241874],[-1.8465173495289453,43.377429392134445],[-1.8465243910560567,43.377424948362403],[-1.8465352064594485,43.377425116885661],[-1.8465421640079793,43.377420674966771],[-1.8465538130364665,43.377420758251255],[-1.8465607680976839,43.377416317206574],[-1.8465723377665639,43.377416484329949],[-1.8465831486019184,43.377416568161365],[-1.8465947195051438,43.377416735294922],[-1.8466025140237003,43.377412291909494],[-1.8466140815594663,43.377412376166788],[-1.8466256462910449,43.377412543234968],[-1.8466363774915355,43.377417153664325],[-1.8466479425599551,43.37741723789329],[-1.8466595101309524,43.377417320345465],[-1.8466740936544199,43.37742201464691],[-1.8466895184486547,43.377422182821498],[-1.8467041023455377,43.377426792481671],[-1.8467195259410765,43.37742695883923],[-1.8467341952356244,43.377427128392725],[-1.8467495358897092,43.37743173577428],[-1.8467703214730373,43.377431988616394],[-1.8467865844800824,43.377432155326296],[-1.8467933744963043,43.377436681873725],[-1.8468026793384107,43.377436764904004],[-1.8468118986510107,43.377436931712253],[-1.8468233804006993,43.377441542489436],[-1.8468318467894409,43.377446068831411],[-1.8468410664050117,43.377446154600854],[-1.846851797628114,43.377450765010231],[-1.8468594255258812,43.377455372938556],[-1.8468670533736167,43.377459983567206],[-1.8468746778895433,43.377464509520514],[-1.8468815527574352,43.377469118858244],[-1.8468898518763162,43.377478172716216],[-1.8468982352140721,43.377482782857022],[-1.8469034310084036,43.377491834234945],[-1.8469103033790311,43.377496445346658],[-1.846916338570082,43.377505497984608],[-1.846920028335334,43.37751455038353],[-1.8469267356992631,43.377528129100988],[-1.8469273187177928,43.377537098847768],[-1.8469255587931226,43.37754606748053],[-1.8469222928844362,43.377555034434245],[-1.8469167604489396,43.377564006446825],[-1.8469096356848307,43.377572973207975],[-1.8469025941509238,43.377577417903986],[-1.8468947987849067,43.377581775759531],[-1.8468870030652296,43.377586217351777],[-1.8468792098128313,43.377590658968359],[-1.84687216582331,43.37759510273731],[-1.846861355324908,43.377594934295352],[-1.84685280282946,43.377599379059141],[-1.8468450107729855,43.377603822486314],[-1.8468364620459572,43.377608263685147],[-1.8468270729896834,43.377612622573174],[-1.8468146682253668,43.377616979862729],[-1.8468060324326272,43.377625949388175],[-1.8467989933705413,43.377630393202267],[-1.846791951008705,43.377634750540537],[-1.8467879295544067,43.377643719775648],[-1.8467808022593455,43.377652688303961],[-1.8467745193119751,43.377661657242925],[-1.8467696550902566,43.377670542341363],[-1.8467664730604887,43.377679511036732],[-1.8467647090010704,43.377688566067192],[-1.8467630330418889,43.377697531942225],[-1.8467628679549855,43.377706502248948],[-1.846763454334504,43.377715553970091],[-1.8467647952864048,43.377724523257157],[-1.8467677270681619,43.377733577020841],[-1.8467706613533126,43.3777426290088],[-1.8467796326699051,43.377756208054933],[-1.8467864208691642,43.377765261089777],[-1.8467916215726854,43.377774314322764],[-1.8467999167145968,43.37778344918619],[-1.8468090553120144,43.377792501610571],[-1.84681894719537,43.377797110762017],[-1.846825733801059,43.377806248419624],[-1.84683260780462,43.377810774911005],[-1.8468394814736395,43.377815384238993],[-1.8468471109512155,43.377819911144371],[-1.846854738843122,43.377824521774059],[-1.8468623667703021,43.377829130602677],[-1.8468707480208271,43.377833657883876],[-1.8468791289370814,43.377838268001469],[-1.846887593780824,43.377842878964707],[-1.8468967326744914,43.377847487719912],[-1.8469097242522468,43.377852097505013],[-1.8469190303583263,43.377852182339517],[-1.8469281667873978,43.37785679106733],[-1.8469373846756645,43.377861400615792],[-1.8469466068570177,43.377861484601809],[-1.8469558265700001,43.377861568562189],[-1.8469658856817501,43.377861653782098],[-1.8469727556640774,43.377866263064853],[-1.8469828148107581,43.377866346482726],[-1.8469897735954848,43.377861905449834],[-1.8469998327756318,43.377861987065685],[-1.8470090537230675,43.37786207103423],[-1.8470183573625516,43.37786215583575],[-1.8470253989044914,43.377857712033354],[-1.8470346195160572,43.377857878836778],[-1.8470431669960714,43.37785343941168],[-1.8470518034402235,43.377848995480257],[-1.8470603518849231,43.377844635302196],[-1.8470681426888849,43.377840193648787],[-1.8470813862758302,43.377831309279145],[-1.8470962247973604,43.377822422979307],[-1.8471048596297643,43.37781806366884],[-1.8471141626392511,43.377813621050294],[-1.8471212028832442,43.377809179930154],[-1.8471305080405074,43.377804819271851],[-1.8471406504440215,43.377800377910127],[-1.8471476919699383,43.377795934099964],[-1.8471585041088709,43.377796017890176],[-1.8471662982669941,43.377791659104219],[-1.847177111639436,43.377791742905103],[-1.8471879239965676,43.377787384830448],[-1.8471994916057124,43.377787469029336],[-1.8472072885974518,43.377783025627885],[-1.8472189360942888,43.377783193470499],[-1.8472305049369688,43.377783277678631],[-1.8472420725454837,43.377783361873192],[-1.8472536410532712,43.377783528916005],[-1.8472652061935044,43.377783613083317],[-1.8472767734843036,43.3777837792111],[-1.8472883398759221,43.377783862488265],[-1.8472959677803713,43.377788473989135],[-1.8473075354242283,43.377788556376501],[-1.8473144103274572,43.377793167489308],[-1.8473251385062122,43.377793252218318],[-1.8473327680349247,43.377797778191415],[-1.8473435786398329,43.377797942988153],[-1.8473535544575952,43.377802554740313],[-1.847360426066377,43.377807079375003],[-1.8473695649572384,43.377811689893306],[-1.8473764373994126,43.37781630097755],[-1.8473855741934033,43.377820826832185],[-1.8473940390739241,43.377825437758389],[-1.8474024225320516,43.377830046062385],[-1.8474099663050705,43.377839099472354],[-1.8474175942257471,43.377843710965237],[-1.8474243825643553,43.377852762162711],[-1.8474311735575104,43.37785737242271],[-1.847438045144167,43.377861898853368],[-1.8474449200656309,43.377866509958466],[-1.8474517941227553,43.377871036413154],[-1.8474601775574671,43.377875646513552],[-1.8474670491824607,43.377880171141975],[-1.8474762697652962,43.37788033971038],[-1.8474838992991967,43.377884866573844],[-1.84749320297775,43.377884949536273],[-1.8475031741315584,43.377885116662775],[-1.8475132357515096,43.377885200058913],[-1.8475232949030902,43.377885283429293],[-1.8475332700943337,43.3778853677535],[-1.8475433255433675,43.377885451084808],[-1.8475533016343155,43.37788561825667],[-1.8475611776029008,43.377881175627081],[-1.847570483023915,43.377876734796594],[-1.8475806263079024,43.377872376245101],[-1.8475906823301995,43.377867932172087],[-1.8475984792702798,43.377863490544335],[-1.8476071140563377,43.377859132095892],[-1.8476196008975283,43.377850245440357],[-1.8476282353358489,43.377841277640904],[-1.8476352776972267,43.377836918450342],[-1.8476445819060128,43.377832475800695],[-1.8476554769810429,43.377828115814069],[-1.8476625184391819,43.377823673772383],[-1.8476734138457924,43.377819230947004],[-1.8476850656226425,43.377814871379272],[-1.8476928625320246,43.37781043064517],[-1.8477006532862865,43.377805988948076],[-1.8477122242349351,43.37780615776996],[-1.8477207742299409,43.377801712916778],[-1.8477331796731766,43.377801881140925],[-1.8477409716917508,43.377797437652951],[-1.8477540502824847,43.377797520812976],[-1.8477663693304529,43.377797688163014],[-1.8477796159663706,43.377793330248579],[-1.847791939084608,43.377793412995651],[-1.847801242716048,43.377793497733364],[-1.8478135642318512,43.377793665103177],[-1.8478266387511322,43.37779383285514],[-1.8478388761526048,43.377798442139479],[-1.8478520374358902,43.37779852612146],[-1.8478612546907593,43.377798609083612],[-1.8478704763281786,43.377803219495178],[-1.847879697269404,43.377803303393414],[-1.8478890033710365,43.377803388148898],[-1.8478989769817111,43.377803555265615],[-1.8479082781807172,43.377803638169269],[-1.8479174978879098,43.377803722052029],[-1.8479268872318251,43.377799280237042],[-1.8479361069725204,43.377799362317752],[-1.8479453266791412,43.377799446198246],[-1.8479547144180668,43.377795089006071],[-1.8479632668455523,43.377790645059669],[-1.8479748353411991,43.377790812929817],[-1.8479833852811638,43.377786369857283],[-1.8479911772457238,43.377781928152523],[-1.8479989741800709,43.377777484696423],[-1.8480083619118262,43.377773127499722],[-1.8481128826008737,43.377711098356357],[-1.8482158147375485,43.377653678670285],[-1.848224446098363,43.37764923639967],[-1.8482337539387781,43.377644793738398],[-1.8482430589416976,43.377640435689045],[-1.8482524458026413,43.377635992021276],[-1.8482625877643393,43.377631633395673],[-1.8482726461322656,43.377627191086873],[-1.8482827052436561,43.377627274389958],[-1.8482936014372979,43.377622916154415],[-1.8483036598015627,43.37761847384283],[-1.8483144703451253,43.37761864034799],[-1.848325369371024,43.377614197496676],[-1.8483361811140471,43.377614365812725],[-1.8483470752008104,43.377609922909599],[-1.8483578881603349,43.377610092136287],[-1.848369458259453,43.377610173540489],[-1.8483802704669408,43.377605817152151],[-1.8483918356114633,43.377605899404649],[-1.8484026501892441,43.377605983101702],[-1.8484142186349137,43.377606151827301],[-1.8484250319786177,43.377606235509816],[-1.8484366008259787,43.377606317795063],[-1.8484474088655196,43.377606486063286],[-1.8484588957282311,43.377611095827348],[-1.8484697078387629,43.377611179493243],[-1.8484805224177407,43.377611263182949],[-1.8484920043641579,43.377615871993719],[-1.8485028185766796,43.377616040318891],[-1.8485134610959695,43.377620649679123],[-1.848523523909668,43.377620732998302],[-1.8485311497882293,43.377625259755312],[-1.8485395308045185,43.377629869752461],[-1.8485464057679968,43.377634481692425],[-1.8485540304668868,43.377639005734707],[-1.848560905449538,43.377643616773547],[-1.8485677808004963,43.377648143174447],[-1.8485753219249728,43.37765727932166],[-1.8485797649317832,43.377666332948444],[-1.8485834525035463,43.377675384371216],[-1.8485855491939731,43.377684354043296],[-1.848585380340025,43.377693407155455],[-1.848584460085116,43.377702375264043],[-1.8485820313225099,43.377711344391344],[-1.8485779212625733,43.377720312797457],[-1.8485747370441798,43.377729280620969],[-1.8485676956284369,43.377733724520311],[-1.8485620820275639,43.377742692193515],[-1.8485551245695284,43.377747135136602],[-1.8485480822833906,43.377751494384739],[-1.848541043365628,43.377755936506716],[-1.8485340019443472,43.377760380403913],[-1.8485254533156932,43.377764821730018],[-1.8485176576548847,43.377769265234924],[-1.848509776693235,43.377778150645184],[-1.8485027353011825,43.377782592739841],[-1.8484963661802043,43.377791561806262],[-1.8484892382160634,43.377800447594026],[-1.8484844652298078,43.37780941652462],[-1.8484796885394885,43.377818385417676],[-1.8484771733618581,43.377827353672366],[-1.8484739026769608,43.377836323323471],[-1.8484729824200676,43.377845290530438],[-1.8484720605442084,43.377854343262769],[-1.8484718932399116,43.377863313549732],[-1.8484717235011889,43.377872282011261],[-1.8484730680776065,43.377881334155241],[-1.8484744101859749,43.377890386274309],[-1.8484773438321709,43.377899355371738],[-1.8484787636967939,43.377908408273733],[-1.8484824537187539,43.377917460624502],[-1.8484884076939272,43.377926514162219],[-1.8484936876892284,43.377935566315422],[-1.8484988837256331,43.377944619423808],[-1.8485049191978844,43.3779536719804],[-1.8485117103024375,43.377958281276939],[-1.8485169915381006,43.377967333441518],[-1.8485283890878401,43.377976470605418],[-1.8485352632392118,43.377980996995973],[-1.8485504352615454,43.377994659950929],[-1.8485647703580859,43.378008321680255],[-1.8485791869190855,43.378021984228006],[-1.8485936059208938,43.378035648599393],[-1.8486071829605353,43.378053752658673],[-1.8486200070989336,43.378067415375341],[-1.8486336706621427,43.378081078438385],[-1.8486457409379433,43.378094656124084],[-1.8486584831391706,43.378112845417235],[-1.8486705509242236,43.378126424876065],[-1.8486818690423692,43.378140088630616],[-1.8486931043805983,43.378158192514256],[-1.8487088585505274,43.378180824275844],[-1.8487555505911473,43.378244360182855],[-1.8488004793350079,43.378316865597498],[-1.8488424748456938,43.378380316368855],[-1.8489389547008961,43.378538822010448],[-1.8489464132045568,43.378552399164249],[-1.8489508588149084,43.378561451901163],[-1.8489553834169301,43.378570505432982],[-1.84895747860643,43.378579558822693],[-1.8489596602263039,43.378588611281451],[-1.8489609990846527,43.378597578719877],[-1.8489624252065826,43.37860663167794],[-1.8489630122521319,43.378615600553196],[-1.8489628471514805,43.378624653702346],[-1.848961841739506,43.378633622756304],[-1.8489609153176665,43.378642592605345],[-1.8489592420865608,43.378651560339833],[-1.8489574807899858,43.378660615430832],[-1.8489542126477703,43.378669582418716],[-1.8489517839319283,43.378678549752038],[-1.8489470047706738,43.378687518638436],[-1.8489421441149441,43.378696488505184],[-1.8489381204340736,43.378705457792236],[-1.8489318343372985,43.378714343075956],[-1.8489247096951322,43.378723311763245],[-1.8489168311342266,43.37873219722421],[-1.8489081115587593,43.378741166063591],[-1.848901072438484,43.378750050969025],[-1.8488940321947183,43.378754493098526],[-1.8488876630261684,43.378763462184729],[-1.8488812905199152,43.378772346595746],[-1.8488757582738338,43.378781317802968],[-1.8488702285456466,43.378790286333945],[-1.8488653654357396,43.378799254371671],[-1.8488582399063305,43.378808138404523],[-1.8488542186738786,43.378817107713054],[-1.8488510344181837,43.378826076442643],[-1.8488477661998228,43.378835046127762],[-1.8488452497968293,43.378844014376668],[-1.8488427367288165,43.378853067300348],[-1.8488410585028994,43.378862036783346],[-1.8488392988172502,43.378871005446271],[-1.8488383785782316,43.3788799735553],[-1.8488382097718201,43.378889025766085],[-1.8488380425154012,43.378897996052558],[-1.8488378752929906,43.378906964538473],[-1.8488384619892446,43.378916016250734],[-1.8488398856309001,43.378925069184803],[-1.8488397208770604,43.378934037695544],[-1.8488395536205999,43.37894300798196],[-1.8488385453828786,43.378952059846242],[-1.8488376251081855,43.378961029755644],[-1.8488359493807272,43.37896999746269],[-1.8488341040443228,43.378983492668347],[-1.8488308333460639,43.378992462327766],[-1.8488284045811623,43.379001430557871],[-1.8488243833309463,43.379010399864875],[-1.8488226211696301,43.379019368502405],[-1.8488178444300647,43.379028337407199],[-1.8488138207079836,43.379037306688922],[-1.8488082884781882,43.379046275191286],[-1.8488026723188322,43.379055242848452],[-1.8487963022202223,43.379064128178889],[-1.8487900144464422,43.379073098978992],[-1.8487828897574508,43.379082066755927],[-1.8487750136139764,43.37909095133039],[-1.8487678864010697,43.379099921782277],[-1.8487600114702629,43.379108807268345],[-1.848752885538345,43.379117775030799],[-1.8487457599543691,43.379126659055537],[-1.8487386352013666,43.379135629530275],[-1.8487260629822748,43.379148957309859],[-1.8487196913122292,43.379157924559969],[-1.8487134047685119,43.379166894467602],[-1.8487077897839184,43.379175863932595],[-1.8487022578586487,43.379184749592312],[-1.8486966441390262,43.379193717268585],[-1.848691109408888,43.379202685739841],[-1.8486863326350871,43.37921165463851],[-1.8486814722307499,43.379220541655457],[-1.8486766942709472,43.379229507840421],[-1.8486726705142242,43.379238477116466],[-1.8486686492247457,43.379247446417175],[-1.848664625448559,43.379256416593151],[-1.8486606017052289,43.379265384968441],[-1.8486573334680074,43.379274352846295],[-1.8486540651957277,43.379283322524593],[-1.8486507100611624,43.379296816932282],[-1.8486482800053985,43.379305786045492],[-1.8486457672207881,43.379314756126583],[-1.8486432520010019,43.379323724382203],[-1.8486415749655087,43.379332693873515],[-1.8486398988476176,43.379341745313909],[-1.8486381390999622,43.379350714872764],[-1.848636462079936,43.379359683463676],[-1.8486353709429539,43.379373179055342],[-1.848634450664727,43.379382147161543],[-1.8486335287676774,43.379391200793066],[-1.8486333614951787,43.379400170177831],[-1.8486324399819123,43.379409138271505],[-1.8486330266508322,43.379418189983781],[-1.8486328605953131,43.379427160281189],[-1.8486333640700425,43.379440738560611],[-1.8486339498382431,43.37944970742339],[-1.8486345364906087,43.379458760035838],[-1.8486359604630562,43.379467729234179],[-1.8486373014084834,43.379476780436846],[-1.848638645138893,43.379485749727628],[-1.848640824255311,43.379494803066301],[-1.8486429193114935,43.379508298322129],[-1.848645686800348,43.37952187778599],[-1.848646272570895,43.379530846648606],[-1.8486453531583893,43.379539899404584],[-1.8486444279416074,43.379548867460869],[-1.8486435076274481,43.379557837367358],[-1.8486402393710892,43.379566805244103],[-1.8486377216537477,43.37957577437448],[-1.8486329473101439,43.379584743294778],[-1.8486274150023829,43.379593711786697],[-1.8486225542586514,43.379602679836552],[-1.8486154285634377,43.379611565652098],[-1.8486075494556964,43.379620536626376],[-1.8486005906001222,43.37962497685519],[-1.8485965692733155,43.379633946152367],[-1.8485917060191646,43.379642915976476],[-1.8485900302346134,43.379651883678228],[-1.8485921269879368,43.379660853347929],[-1.848596654083053,43.379669906917428],[-1.8486034416977848,43.379674515271823],[-1.8486103172782724,43.379679041671217],[-1.8486171925095496,43.37968365180744],[-1.8486264100182677,43.379683736511652],[-1.8486357152266968,43.379683818496375],[-1.8486457709424458,43.379683903534598],[-1.8486549943064159,43.379684070235378],[-1.8486642974936383,43.379679627494077],[-1.8486729303302192,43.379675186106724],[-1.8486821540260989,43.379675269968303],[-1.8486907013476308,43.379670911459392],[-1.8486993354323629,43.379666469182162],[-1.848707885604129,43.379662025159007],[-1.8487164354074967,43.379657665772719],[-1.8487249842914373,43.379653224436595],[-1.8487336184052541,43.37964878035617],[-1.8487414114246874,43.379644423253751],[-1.8487492085469333,43.379639979749989],[-1.8487577562258426,43.379635536598407],[-1.8487656349295263,43.379626651151376],[-1.8487726765190242,43.379622209044108],[-1.8487804723678247,43.379617767326245],[-1.8487882682495675,43.379613323807334],[-1.8487953073673855,43.379608881673775],[-1.8488024330362414,43.379599995846718],[-1.8488093906402168,43.379595555592999],[-1.8488164298055518,43.379591110757296],[-1.8488234738557288,43.379586668671635],[-1.8488298415041642,43.379577785116716],[-1.848836881883158,43.379573341192383],[-1.8488494557350288,43.379559930577756],[-1.8488611909439612,43.379551044326845],[-1.8488667207449956,43.379542075798284],[-1.8488777860652996,43.379528664401775],[-1.8488888497795259,43.379515337629194],[-1.8488984078064352,43.379501925464695],[-1.8489078744610283,43.379488514180466],[-1.8489166757523685,43.379475101600434],[-1.8489246416030563,43.379461607674607],[-1.8489317664451654,43.37944819622691],[-1.8489350322175508,43.379439226515728],[-1.8489414854908837,43.379425815510899],[-1.848946350352761,43.379412320083709],[-1.8489488630634565,43.379403351796242],[-1.8489537263548255,43.379389939193189],[-1.8489554851728431,43.379380885879335],[-1.8489587534813863,43.379367475230062],[-1.8489605147664085,43.379358421940907],[-1.8489631139951759,43.379345010859758],[-1.8489640358253641,43.379335958125225],[-1.848965039240605,43.379322462547677],[-1.8489652088981712,43.379313494987137],[-1.8489654592394229,43.379300001734187],[-1.8489656231434808,43.379290946773139],[-1.8489643662404616,43.379277450954845],[-1.8489637816588838,43.379268482105381],[-1.8489602602948061,43.379250376659655],[-1.8489596720112844,43.379241407772852],[-1.8489590025839144,43.379232356129378],[-1.8489591685561457,43.379223387631171],[-1.8489609294696945,43.379214418979267],[-1.8489626055530419,43.37920536663313],[-1.8489651182862339,43.379196396544344],[-1.8489691444315584,43.379187429082798],[-1.8489739220634767,43.379178543021212],[-1.8489787827205071,43.379169574954773],[-1.8489835619505535,43.379160604267639],[-1.8489906010012764,43.379156162120971],[-1.848996133214724,43.379147193609747],[-1.8490046816564634,43.379142835988574],[-1.8490134012766852,43.379133867142926],[-1.8490211958617713,43.37912942269417],[-1.8490281543141416,43.379125064375145],[-1.8490359451602718,43.379120621688607],[-1.8490445828441104,43.379116179420976],[-1.8490523761393494,43.379111737658398],[-1.8490616801114639,43.379107377732446],[-1.849070227692394,43.379102934555995],[-1.8490819672506835,43.379098575730517],[-1.849092775122068,43.379094133690835],[-1.8491029185046841,43.379089775006292],[-1.8491130609841455,43.379085333471394],[-1.8491201025192976,43.379080889540788],[-1.8491294052136247,43.379076531397303],[-1.8491387119758804,43.379072088652769],[-1.8491474275310342,43.379063202596214],[-1.8491552245147413,43.379058760863693],[-1.849163103084466,43.379049875386848],[-1.8491702264968508,43.379040906672813],[-1.8491772692228654,43.379036464551518],[-1.8491812904231164,43.37902749523159],[-1.8491883283015649,43.379018610296797],[-1.8491931913994051,43.379009641345078],[-1.8491979705679318,43.379000671548511],[-1.8492012362587806,43.37899170272857],[-1.8492045068685405,43.378982734858475],[-1.8492069355943974,43.378973765719437],[-1.849208700166201,43.378964797100096],[-1.8492096194844463,43.378955744337667],[-1.8492122202229588,43.378942249524258],[-1.8492146489459345,43.378933280384985],[-1.8492186726020239,43.378924311088262],[-1.8492242908241154,43.378915426271476],[-1.8492305723293938,43.378906456284525],[-1.8492345984327203,43.378897487912269],[-1.8492424744135472,43.378893045167729],[-1.8492495184383293,43.378884160290788],[-1.8492573104545857,43.378879718501153],[-1.8492651074406892,43.378875274960116],[-1.8492721489062336,43.37887083282012],[-1.8492807837025604,43.378866475146552],[-1.849289416845914,43.378857505409158],[-1.8492964583416958,43.378853061467083],[-1.849303582578864,43.378844177393937],[-1.8493105388591167,43.37883973529479],[-1.8493161549235693,43.378830767611277],[-1.8493224425945751,43.378821796780727],[-1.8493265485882948,43.378812911148884],[-1.8493305697511779,43.378803941822945],[-1.8493361018476655,43.37879497509433],[-1.8493408809777014,43.378786005290998],[-1.8493457415483863,43.378777037207414],[-1.8493527015375331,43.378772594242506],[-1.849359822088251,43.378763708327718],[-1.8493668622656445,43.37875926796972],[-1.8493739037613741,43.378754823122335],[-1.8493817007229298,43.378750379572963],[-1.8493902490813068,43.378746021921728],[-1.8494011445318543,43.378741578932875],[-1.8494120445515945,43.378737220630178],[-1.8494190859563644,43.378732780281275],[-1.8494290576240584,43.378732862603883],[-1.8494360990951921,43.378728418652841],[-1.8494461559239432,43.378728501830807],[-1.8494561321278038,43.378728670638822],[-1.8494661914251076,43.378728753839859],[-1.8494794356791384,43.378724395705298],[-1.8494925095388199,43.37872447861907],[-1.849505586735243,43.378724646206145],[-1.849518749459476,43.378724730010987],[-1.8495311530637286,43.3787203706163],[-1.8495443117185022,43.378720539018488],[-1.849556716554358,43.378716179633415],[-1.8495698759695498,43.378711737794447],[-1.8495822841101648,43.378711904044472],[-1.8495946876733369,43.378707546443323],[-1.849606339854023,43.378703102043282],[-1.8496187421795105,43.378698744427084],[-1.8496303964253646,43.378694386487474],[-1.8496420482351597,43.378690026721273],[-1.8496529424064652,43.378685584595942],[-1.8496645954131827,43.378681226640353],[-1.8496747353495309,43.378676783228713],[-1.8496857160009086,43.378667897404988],[-1.8496957740917932,43.378663538709844],[-1.8497059189598613,43.378659095345014],[-1.8497153898212852,43.378650211439485],[-1.8497246940074155,43.378645768620878],[-1.8497340784681897,43.378636883844692],[-1.8497427988105426,43.378627997790034],[-1.8497513487431581,43.378623554585829],[-1.8497592246494641,43.378614671741587],[-1.8497663504419461,43.378605700312221],[-1.8497742316292265,43.378596733779268],[-1.8497836161091759,43.378587847198219],[-1.8497899859793658,43.37857896361038],[-1.8497963586646904,43.378569996309679],[-1.8498018883046579,43.378561024130732],[-1.8498066660960788,43.378552055194469],[-1.8498115315159918,43.37854308713937],[-1.8498155500865727,43.37853411957061],[-1.8498188206141606,43.378525149880403],[-1.8498220047450986,43.37851617932111],[-1.8498252752366759,43.378507211431184],[-1.8498271191026445,43.378493716193368],[-1.8498295489501637,43.378484747051516],[-1.8498305554656755,43.37847577800062],[-1.8498322298314707,43.378466808463493],[-1.8498339921847509,43.378453315106903],[-1.8498357517106998,43.378444346426242],[-1.8498397752418094,43.378435377105497],[-1.8498437987717131,43.378426407784609],[-1.8498501677640946,43.378417438642629],[-1.8498557022676603,43.378408469211045],[-1.8498628214505994,43.378399584150955],[-1.8498781625090874,43.378404195618756],[-1.8498786662582727,43.378417773898136],[-1.8498791691048306,43.378431269328019],[-1.8498813475031779,43.378440237996386],[-1.8498819343517745,43.378449289705763],[-1.8498847876015219,43.378462785363631],[-1.8498877198995474,43.378471838151526],[-1.8498898152080454,43.37848089242609],[-1.84989350550788,43.378489942932653],[-1.8498964377914224,43.378498996620607],[-1.8499045704719885,43.378517016954149],[-1.8499090088178984,43.378526069580978],[-1.8499183162706423,43.378526154184975],[-1.84992518778861,43.378530763305626],[-1.8499329846476054,43.378526321518237],[-1.8499422069390117,43.37852640526382],[-1.8499469834728146,43.37851743630894],[-1.8499517584396243,43.378508550178459],[-1.8499589672331216,43.378495054867216],[-1.8499661793606987,43.378481644230298],[-1.8499741407773678,43.378468234825277],[-1.8499821022415142,43.378454822718815],[-1.8499899822111514,43.378445852556688],[-1.8499987830759335,43.378432441687103],[-1.8500074987754802,43.378419029960334],[-1.8500169699508373,43.378405618626758],[-1.8500265250830494,43.37839220633581],[-1.8500359156144617,43.378383322495807],[-1.8500541876532222,43.378356498484827],[-1.8500723769228145,43.378334118203945],[-1.8500929100637893,43.378307379954784],[-1.8501071601729049,43.37828944063974],[-1.8501206556135148,43.37827158828032],[-1.8501348189625095,43.378253731830064],[-1.850149068630331,43.378235879847743],[-1.8501640713496987,43.378218025530785],[-1.8501790740602015,43.378200171211716],[-1.8501948310045693,43.378182317270849],[-1.8502105061345724,43.378168988110183],[-1.8502183896675339,43.378160021569393],[-1.8502255112365698,43.378151136510212],[-1.8502318825948583,43.378142168270664],[-1.850238171292798,43.378133197398782],[-1.8502429440484931,43.378124228392863],[-1.8502478053353466,43.378115343117237],[-1.8502502379211039,43.378106290252489],[-1.8502535058750946,43.378097321423652],[-1.850256020820731,43.378088352227209],[-1.8502576963292552,43.378079383595079],[-1.8502587039739411,43.37807041635196],[-1.850259624388028,43.378061361789634],[-1.8502597938643621,43.37805239332279],[-1.850259206996103,43.378043339813615],[-1.8502601270106553,43.37803437168936],[-1.8502633973934948,43.378025404685417],[-1.8502681713709106,43.378016435690554],[-1.850275296635129,43.378007549764746],[-1.8502861112906743,43.378007633284511],[-1.8502905546119892,43.378016685046902],[-1.8502942424085402,43.378025739117859],[-1.8502963365465381,43.378034792473521],[-1.850297763238014,43.378043759879994],[-1.8502983501460459,43.378052811588489],[-1.8502981831438226,43.378061780080309],[-1.8502987700009892,43.378070834489563],[-1.8503039663358758,43.378079886618593],[-1.8503108405991333,43.378084414704517],[-1.8503184688422134,43.378089022405447],[-1.8503277700583005,43.378089106913336],[-1.8503369922846571,43.378089190626341],[-1.8503509893795902,43.378084830954478],[-1.8503580294403512,43.378080388732684],[-1.8503665792171755,43.378075947281189],[-1.8503751299302316,43.378071586877986],[-1.8503822518137005,43.378062618071205],[-1.8503900510476892,43.37805817627607],[-1.8503964207899546,43.378049291751708],[-1.8504034596430821,43.378044847714072],[-1.8504074855316759,43.378035878396318],[-1.8504130174153093,43.378026910711604],[-1.8504162840896567,43.378017942765517],[-1.850419555733898,43.378008973068432],[-1.8504212312329462,43.378000003533231],[-1.8504229906579828,43.377991034841692],[-1.8504223173368728,43.377981982265034],[-1.85042416475486,43.377968487051909],[-1.8504266796526703,43.37795951875141],[-1.8504314536007842,43.377950549749322],[-1.8504377406332173,43.377941664391024],[-1.8504448661945656,43.377932695617091],[-1.8504519074649635,43.377928253401549],[-1.8504566863436729,43.377919284447891],[-1.8504630560783062,43.377910399019115],[-1.8504678324854993,43.377901430040104],[-1.8504718534178697,43.377892460670026],[-1.8504736153004313,43.377883492002226],[-1.8504745368793416,43.377874439250427],[-1.8504747063228966,43.377865470782588],[-1.8504733614824782,43.377856416858265],[-1.8504704275088275,43.377847449609199],[-1.8504659866578701,43.377838396977936],[-1.8504607064093097,43.377829343111905],[-1.8504539142797201,43.377820207414771],[-1.8504447775830259,43.377815598965682],[-1.8504364828215047,43.377806545409385],[-1.8504289385807973,43.377797493094249],[-1.850423658307182,43.3777884410271],[-1.8504184595269391,43.37777938797803],[-1.850415527197826,43.37777033430185],[-1.8504134293306782,43.377761281810926],[-1.8504120063475098,43.377752313542274],[-1.8504121724616354,43.37774326039964],[-1.8504139318797808,43.377734291707782],[-1.8504156098226392,43.377725323097231],[-1.8504188777647099,43.377716352462045],[-1.8504236566309564,43.377707383509318],[-1.850429269956009,43.377698415741541],[-1.8504363951586853,43.377689529804506],[-1.8504442724410404,43.377680562284006],[-1.8504520691526114,43.377676120458922],[-1.8504599498198928,43.377667234911279],[-1.8504716001395414,43.377662875044507],[-1.8504786413763714,43.377658432826706],[-1.8504895377873829,43.377653989742633],[-1.8504973344922675,43.377649547914359],[-1.8505089810692625,43.377645189806991],[-1.8505206326154693,43.377640829947502],[-1.8505322865944049,43.377636471912169],[-1.8505408350955173,43.377632028633514],[-1.8505531581911712,43.377632111082669],[-1.8505617902516749,43.377627753283619],[-1.8505748663142192,43.377627837896348],[-1.8505834168979933,43.377623480177142],[-1.8505965745023381,43.377623561104819],[-1.8506096514338903,43.377623730363574],[-1.8506228090213648,43.377623812188496],[-1.8506359689931513,43.377619454872466],[-1.8506489645175503,43.377624064272759],[-1.8506582690188547,43.377624232527523],[-1.8506713426636261,43.377624314403619],[-1.8506845035557364,43.377624482696781],[-1.8506928863029652,43.377629009713282],[-1.8507067989977581,43.377629176555487],[-1.8507159356190326,43.37763378858476],[-1.8507228074633841,43.377638313020135],[-1.8507304356490197,43.377642922494204],[-1.8507363911694104,43.377651975931165],[-1.8507432601506553,43.377656586778627],[-1.8507477034988287,43.377665639424563],[-1.8507498844689627,43.377674608103497],[-1.8507497159370692,43.377683661222505],[-1.8507503045085023,43.377692628304764],[-1.850754745374817,43.377701681825855],[-1.8507616205680566,43.377706290933745],[-1.8507684948583409,43.377710817191776],[-1.8507753650828143,43.37771542804979],[-1.850784587236914,43.377715512626345],[-1.8507938933852035,43.377715594444481],[-1.8508031106025635,43.377715678969928],[-1.8508124994139574,43.377711318852192],[-1.8508210503060898,43.377706879178426],[-1.8508311060701255,43.377702434817301],[-1.8508374756931403,43.377693551166963],[-1.8508430100010449,43.377684580783836],[-1.8508508906446959,43.377680137974096],[-1.8508595230229332,43.377671252749394],[-1.8508680726718054,43.377666813059562],[-1.8508758669508607,43.377662367579319],[-1.8508829081586402,43.377657925336315],[-1.8508907032716362,43.377653566305547],[-1.8508992505153596,43.377649122987457],[-1.8509070472072955,43.377644680230631],[-1.8509186131872262,43.377644849578459],[-1.8509302662690856,43.377640406852244],[-1.8509396562430607,43.377636049436987],[-1.8509488734998181,43.37763613124973],[-1.8509581796194761,43.377636213954652],[-1.8509674847605555,43.377631772844317],[-1.8509767884111894,43.3776318555229],[-1.8509875174441865,43.377632024558032],[-1.8509961511063699,43.377627580300107],[-1.8510069631511674,43.377623222761066],[-1.8510162668006167,43.377623305436444],[-1.8510240622296117,43.377618863559341],[-1.8510318564572648,43.37761441986877],[-1.8510388976482406,43.377609977615926],[-1.8510466927440701,43.377605618574293],[-1.8510538144734257,43.377596649723259],[-1.8510608581121557,43.377592208394063],[-1.8510656344057619,43.377583239388315],[-1.8510711707745189,43.377574353655895],[-1.8510759433625479,43.377565384612467],[-1.8510792136159724,43.377556416682559],[-1.8510809745279933,43.37754736335377],[-1.8510812268868939,43.377533868310969],[-1.8510806383016882,43.377524899429098],[-1.8510808043150107,43.377515846283991],[-1.8510809724328896,43.377506877801274],[-1.8510818960532605,43.377497907904782],[-1.8510835689367844,43.37748894013356],[-1.8510860853143605,43.377479887191335],[-1.8510877606821221,43.377470918544539],[-1.8510917839281735,43.377461950975977],[-1.8510942987393477,43.377452980858159],[-1.8510999169127935,43.377444011304739],[-1.8511031019958382,43.377435042518258],[-1.8511094703334219,43.377426157938942],[-1.8511165945004489,43.377417189108172],[-1.8511221262390891,43.377408220486082],[-1.8511300067739687,43.377399334890356],[-1.8511387233605621,43.377390365848804],[-1.8511481123565541,43.377381480999702],[-1.851155153511868,43.377377038739127],[-1.8511622785708546,43.377368152754727],[-1.8511693159699978,43.377363713156846],[-1.8511763584238996,43.377359267306225],[-1.8511841550584009,43.377354824529625],[-1.8511919491893734,43.377350383528238],[-1.8512004960049129,43.377346024824263],[-1.8512090481196242,43.377341581531631],[-1.8512214525227721,43.377337223760925],[-1.851230841592495,43.37733277987023],[-1.8512393921054104,43.377328421200481],[-1.8512486922930904,43.377323977315854],[-1.8512580837762278,43.377319536148455],[-1.8512673042911074,43.377319704410326],[-1.8512774438843906,43.377315260851667],[-1.8512866635279916,43.377315344461955],[-1.8512968064582866,43.377310985576322],[-1.8513100518725294,43.377306542598504],[-1.8513231287736671,43.377306709974356],[-1.8513316759032479,43.377302268423293],[-1.851339473407025,43.377297909385597],[-1.8513519633493074,43.377293466017797],[-1.8513636135008262,43.377289107858829],[-1.8513714051590335,43.377284665919866],[-1.8513830565756857,43.37728030597075],[-1.8513900977022906,43.377275863695274],[-1.8513970573707241,43.377271420601197],[-1.8514040984952731,43.37726697832484],[-1.8514111380382874,43.377262619772978],[-1.8514204430893781,43.377258178624459],[-1.8514291580494664,43.377249292384519],[-1.8514377906109878,43.377240324276777],[-1.8514456710779639,43.377231438658285],[-1.8514527976068664,43.377222471630773],[-1.851459922638176,43.377213583826382],[-1.8514685539388398,43.377204616604018],[-1.8514772716205179,43.377191203881289],[-1.851482887244513,43.377182234282955],[-1.8514899258840456,43.377177791976258],[-1.8514968839365626,43.377173433501021],[-1.8515039250424661,43.377168991218248],[-1.8515124746419491,43.377164547877449],[-1.8515218660984329,43.37716010578751],[-1.8515320028152162,43.377155746818453],[-1.8515405523938189,43.377151304375758],[-1.8515505299461372,43.377151388373015],[-1.8515614282947399,43.377147029846903],[-1.8515707330733029,43.377147114289265],[-1.85158154140931,43.377147197622854],[-1.8515907619335132,43.377147364057826],[-1.8516015764066385,43.377147449252028],[-1.8516107985281929,43.377147531060182],[-1.8516216080646333,43.377147616202883],[-1.8516299917232701,43.377152226000575],[-1.8516408062313776,43.377152309390539],[-1.8516507823289672,43.377156918069971],[-1.8516576549941866,43.377161530700775],[-1.8516644441659711,43.377166054249692],[-1.851673748947763,43.377166138683734],[-1.8516813734117712,43.377170749858223],[-1.8516913460649276,43.377170831993126],[-1.8516989742334713,43.377175443203662],[-1.8517090332812678,43.377175526204553],[-1.8517190947635038,43.377175611029884],[-1.8517299076960074,43.377175778136404],[-1.8517398802991629,43.377175862967896],[-1.8517499393301715,43.377175946865449],[-1.8517577371510294,43.377171503161001],[-1.8517669555571195,43.377171585819688],[-1.8517747496396242,43.377167143877415],[-1.8517887464217271,43.377162784025309],[-1.8517980547872961,43.377158426620056],[-1.851806685821253,43.377153984074887],[-1.8518152353969777,43.377149540711159],[-1.8518245388388255,43.377145182353843],[-1.8518324208002022,43.377136213883091],[-1.8518410502655971,43.377131854159948],[-1.8518496035043197,43.377127412631289],[-1.8518573976091581,43.377122968882674],[-1.8518651941133046,43.377118528759368],[-1.8518730720679009,43.377109641285031],[-1.8518808661347861,43.37710519933529],[-1.8518886602005256,43.377100757385037],[-1.8518964576390629,43.377096398308453],[-1.8519035829196422,43.377087427638237],[-1.8519106239862941,43.377082985329892],[-1.8519176650519158,43.377078543021106],[-1.8519247886964749,43.377069658775255],[-1.8519317433658753,43.377065215598194],[-1.8519381168429156,43.377056246382303],[-1.8519506040944718,43.377047361056484],[-1.8519569759701124,43.377038476464705],[-1.8519687906745115,43.377025065081845],[-1.8519798548477664,43.377011653366445],[-1.8519853901244774,43.377002684737278],[-1.8519956975933414,43.376989272627092],[-1.8520052541357188,43.37697594662302],[-1.8520139707773795,43.376962450107378],[-1.8520179926181857,43.376953482491125],[-1.8520259571150832,43.376940071168988],[-1.8520292247590684,43.376931101383676],[-1.8520355968537576,43.376917689382417],[-1.8520388656612992,43.376908723210242],[-1.8520421333355777,43.376899751623917],[-1.8520469947962173,43.376886257824637],[-1.8520502649024448,43.376877288063334],[-1.852053530070898,43.376868318252392],[-1.8520568026095592,43.376859350316181],[-1.8520631694957879,43.376850466568492],[-1.8520679480673456,43.376841496641923],[-1.852072726620495,43.37683252761542],[-1.8520806035843773,43.376823558176362],[-1.8520862224421659,43.376814672320968],[-1.8520956102880157,43.376805705441427],[-1.8521019796821829,43.376796819015333],[-1.8521089367416519,43.376792377652087],[-1.852116897636809,43.376783408152534],[-1.8521238571960073,43.376778965012583],[-1.8521317362683956,43.376770079331905],[-1.8521403709254054,43.37676563679755],[-1.8521489163572651,43.376761278008175],[-1.852157468287146,43.376756836442986],[-1.852166100342806,43.376747951114574],[-1.8521747374625557,43.37674350860231],[-1.8521832857024967,43.376739066097684],[-1.8521910772477321,43.376734623200697],[-1.8521989575387086,43.376725737527529],[-1.8522059985417563,43.376721295199992],[-1.8522122855314491,43.376712326000565],[-1.8522202497411886,43.376703441168189],[-1.8522257812511482,43.376694472489056],[-1.8522321497084551,43.376685503205692],[-1.852237684555406,43.376676619200708],[-1.8522409509191347,43.376667649396047],[-1.852244222218637,43.376658679640812],[-1.8522466503637103,43.376649712228065],[-1.8522484086049196,43.376640658852857],[-1.8522493332377445,43.37663169075644],[-1.8522495828950427,43.376618193880653],[-1.8522514298435202,43.376604699530077],[-1.8522554540931107,43.376595731929022],[-1.8522609843875615,43.376586761434922],[-1.8522650074003186,43.376577793821092],[-1.8522720471471017,43.376573351476765],[-1.8522798432561522,43.376568992360191],[-1.852287639726159,43.376564548605451],[-1.8522946807039486,43.376560106272052],[-1.8523017216807125,43.376555663938213],[-1.8523109387440202,43.376555747439895],[-1.8523187351421539,43.376551307284046],[-1.8523280370865043,43.376551471775322],[-1.8523372615034359,43.376551558049989],[-1.8523443025101003,43.376547113912928],[-1.8523582968253312,43.376538228359145],[-1.8523593029302206,43.376529259278421],[-1.8523594687474685,43.376520206127729],[-1.8523580467362519,43.37651123789086],[-1.8523543586842077,43.376502185682227],[-1.8523499139257891,43.376493133983082],[-1.8523430400134964,43.376488523181763],[-1.852337845989495,43.376479470265515],[-1.8523309692492815,43.376474944076364],[-1.8523173086976763,43.376465807988176],[-1.8523073326775683,43.376461198466771],[-1.8522997045504594,43.376456587296765],[-1.8522929156657479,43.376447534579597],[-1.8522884746398709,43.376438482015025],[-1.8522871319565608,43.376429431732952],[-1.8522873011923606,43.376420459656046],[-1.8522904847761437,43.376411492620484],[-1.8522953472198889,43.376402522625021],[-1.8523016325833361,43.376393637144616],[-1.8523086735400789,43.376389194810017],[-1.8523164687165503,43.376384752841027],[-1.8523235913308835,43.376375784817917],[-1.8523306322839583,43.376371342481917],[-1.8523400209475525,43.376362457529652],[-1.8523494910983063,43.376353571593526],[-1.8523581258641153,43.376344603436728],[-1.8523636606607272,43.376335719424574],[-1.8523707845473967,43.3763267487099],[-1.8523756432697991,43.376317778673531],[-1.8523819323151351,43.376308893225513],[-1.8523867095445938,43.376299924171683],[-1.8523924078219136,43.376286429749825],[-1.8523956778093593,43.376277461777327],[-1.8523997008149049,43.376268492357305],[-1.852404560598029,43.376255080464354],[-1.8524093390539549,43.376246111421757],[-1.8524149544173707,43.376237143574208],[-1.8524212422142461,43.376228258111361],[-1.8524276118268892,43.376219288827933],[-1.8524339802204357,43.376210318631472],[-1.8524411036689714,43.376201435250401],[-1.852448902548115,43.376196991508479],[-1.8524598008210944,43.376188108188593],[-1.8524691005700509,43.376188189805916],[-1.8524783224809671,43.376188275143548],[-1.8524851976214103,43.37619288504883],[-1.8524920694221274,43.376197410278913],[-1.852493412063666,43.376206464160283],[-1.8524901420946214,43.376215432135901],[-1.8524807522416433,43.376224317088827],[-1.8524759750321327,43.376233286146956],[-1.8524674272297719,43.376237644937476],[-1.852458711005663,43.376246614086163],[-1.8524493223774177,43.376255499048753],[-1.8524421985108002,43.376264469768643],[-1.8524381730943424,43.376273436464679],[-1.8524380076181557,43.376282406778877],[-1.8524416969042394,43.376291458997542],[-1.8524485686617072,43.376295986931062],[-1.8524614787124696,43.376305120875131],[-1.8524715335545119,43.376305288407856],[-1.8524784102864524,43.376309814588588],[-1.8524876297814348,43.376309898100381],[-1.852496850510631,43.376309981623827],[-1.8525061535512093,43.376310151514197],[-1.8525153730632939,43.376310234123473],[-1.8525254319707039,43.376310317050979],[-1.8525332271214348,43.376305875066848],[-1.8525425295103359,43.376301431998421],[-1.8525518363032745,43.376301599221399],[-1.8525596302168126,43.376297157223071],[-1.8525675107581652,43.376288186884935],[-1.8525753043071758,43.376283829523139],[-1.8525808382280133,43.376274859049367],[-1.8525872065372331,43.376265892445332],[-1.8525935748954803,43.37625692314009],[-1.8525976012114993,43.376248038387537],[-1.8526008677917616,43.376238987534499],[-1.8526025454179429,43.376230016184671],[-1.8526034650883372,43.376221046234001],[-1.8526028778490067,43.376211994530827],[-1.852601538531961,43.376203025325367],[-1.8525986046796767,43.376193973488064],[-1.8525949154096986,43.376184919473573],[-1.8525935760603822,43.376175952068515],[-1.8525921494464901,43.376166899146568],[-1.8525923185508806,43.37615793156963],[-1.8525924867996084,43.376148878442407],[-1.8525934077041886,43.376139908504108],[-1.8525951655159476,43.376130939759641],[-1.8525975985743988,43.37612196968653],[-1.8526008660370186,43.376113002582997],[-1.8526048914694342,43.376104033179793],[-1.8526105043562737,43.376095063496649],[-1.8526167912031677,43.376086095172845],[-1.8526247552705222,43.376077210309759],[-1.8526302891307067,43.376068241633526],[-1.8526373300596786,43.376063797477194],[-1.8526444547123324,43.376054913194814],[-1.8526514092125299,43.376050469971318],[-1.852659289461648,43.376046029732606],[-1.8526670858366487,43.376041585950517],[-1.8526756351589106,43.376037144319703],[-1.852684938402781,43.37603278408838],[-1.8526934877225181,43.376028342456181],[-1.8527036303381492,43.376023983441243],[-1.8527130153610447,43.376019541187709],[-1.8527199747889191,43.376015098009432],[-1.8527292781638256,43.376015182343224],[-1.8527363190455144,43.376010739981155],[-1.8527441138148555,43.376006380818922],[-1.852751907710303,43.376001937006116],[-1.8527589510571805,43.375997494667359],[-1.8527652354036153,43.375988526310131],[-1.852772360062662,43.375979640218837],[-1.852777138391285,43.375970673860415],[-1.8527804083552202,43.375961703174802],[-1.8527813304628751,43.375952733246734],[-1.8527814986483344,43.375943681919104],[-1.8527801543563194,43.375934713565819],[-1.8527772192892289,43.375925659919623],[-1.852772022744205,43.375916608797802],[-1.8527652363155245,43.375907556132489],[-1.85275836492176,43.375902944480572],[-1.8527477988872079,43.375889367007375],[-1.8527410102032795,43.375884755283721],[-1.8527349755288705,43.375875702955092],[-1.8527312837545025,43.375866650720276],[-1.8527283511321739,43.375857598898129],[-1.8527262563549531,43.375848629317787],[-1.8527256691337104,43.375839575813941],[-1.8527258357311829,43.375830609111603],[-1.8527275148541298,43.375821556734756],[-1.8527300293350151,43.375812587475224],[-1.852733212887989,43.375803616824228],[-1.8527380739482722,43.375794648595871],[-1.852744360417075,43.375785763101149],[-1.8527522420638449,43.375776794561361],[-1.8527586112180201,43.375767909895366],[-1.8527656520686187,43.375763467530938],[-1.852772691717967,43.375759023353154],[-1.852780486779513,43.375754581350741],[-1.8527882806057641,43.37575013933543],[-1.8527968332530951,43.375745780569005],[-1.8528077279198236,43.375741337244413],[-1.8528162805645252,43.375736978476525],[-1.8528248298158814,43.375732537733946],[-1.8528341331988507,43.375732619357947],[-1.8528426824992259,43.375728175913224],[-1.8528605347679052,43.375723901428145],[-1.8528783071404655,43.375719543298395],[-1.8528876917762096,43.375715183866738],[-1.8528969952658096,43.375710741680351],[-1.8529109087340063,43.375710910062487],[-1.8529201330762504,43.375710993587937],[-1.852929437639482,43.375711077917295],[-1.852937065756878,43.375715687244863],[-1.8529462839460502,43.375715769806028],[-1.8529531581798806,43.375720295933561],[-1.8529600283511269,43.37572490666124],[-1.8529676580339136,43.375729433162029],[-1.8529752861565316,43.375734042487068],[-1.8529836684592165,43.37573865397372],[-1.8529937284738742,43.375738738671906],[-1.853002947917866,43.375738820340658],[-1.8530122512514273,43.375738904650959],[-1.8530214731298886,43.37573898814351],[-1.853030691305884,43.375739071598176],[-1.8530407501205495,43.375739154479277],[-1.8530485472337621,43.375734798921307],[-1.8530577666773176,43.375734880585625],[-1.8530656469069127,43.375730437617079],[-1.8530726013393044,43.375725994366924],[-1.8530796446308035,43.375721552007583],[-1.8530867666930118,43.375712668571467],[-1.8530938075475343,43.375708224385896],[-1.8530970773991224,43.375699256390952],[-1.8531011014959247,43.375690286956129],[-1.8531027777296174,43.375681319185809],[-1.8531029458996027,43.375672266056213],[-1.8531016015822384,43.375663296805548],[-1.8530964076405965,43.375649718316026],[-1.853090454424434,43.375640665021855],[-1.8530875193242595,43.375631611382822],[-1.8530861790394344,43.375622559331951],[-1.853086348084783,43.375613590852367],[-1.853087267672701,43.37560462089597],[-1.853089782074093,43.375595652527743],[-1.853093804879725,43.3755866857814],[-1.8530993361907246,43.375577715255133],[-1.8531072177580825,43.375568746689659],[-1.8531135843701019,43.375559861978005],[-1.8531206301074952,43.37555541964052],[-1.8531284239175316,43.375550975800728],[-1.8531369706688088,43.375546534109127],[-1.853145523262772,43.375542175315864],[-1.8531549118646329,43.375537733961906],[-1.8531627032185547,43.375533289194713],[-1.8531726813841822,43.375533457697514],[-1.8531797221775941,43.375529015306768],[-1.8531882689560168,43.375524571810693],[-1.8531969045930539,43.375520129205114],[-1.8532038638943786,43.375515687796501],[-1.8532109018883289,43.375511328216135],[-1.8532156789312009,43.375502359124333],[-1.8532197029800088,43.375493390584985],[-1.8532222173570183,43.375484422213411],[-1.8532216300642794,43.375475368710767],[-1.8532186986205266,43.375466316912359],[-1.8532097261829319,43.375452738353673],[-1.8532028544278298,43.375448212266235],[-1.8531976554578835,43.375439157536945],[-1.853191621084652,43.375430022394326],[-1.8531886868522687,43.375421053407514],[-1.8531865911133469,43.375412000984859],[-1.8531851668948773,43.375402948093033],[-1.8531845780132519,43.375393979215445],[-1.8531855025193495,43.375385009307223],[-1.8531872629980408,43.375375958639182],[-1.8531912833567454,43.375366989163176],[-1.8531953095242788,43.375358104386549],[-1.853200840764982,43.375349135655192],[-1.8532079668450978,43.375340166709435],[-1.8532143334518325,43.375331280190835],[-1.8532221321288034,43.375326838194162],[-1.8532291728944295,43.375322395799905],[-1.8532361260336592,43.375317952526451],[-1.8532439222390207,43.375313510503489],[-1.8532540646960032,43.375309151437399],[-1.853264964188059,43.375304708117142],[-1.8532742647753473,43.375300349611379],[-1.8532813055341339,43.375295907213804],[-1.8532914483122473,43.375291465307193],[-1.8532992454176933,43.375287106129846],[-1.8533070403803851,43.375282664090072],[-1.8533140811686786,43.375278219889893],[-1.8533181039363968,43.37526925223429],[-1.8533236351677365,43.375260282596265],[-1.8533269049601244,43.375251314593378],[-1.8533278269403954,43.375242346459324],[-1.8533272396335045,43.375233292956693],[-1.8533251423189891,43.375224323360847],[-1.8533206147991055,43.375215271767992],[-1.8533138286134867,43.375210660102944],[-1.8533085456558693,43.375201608137886],[-1.853301673921252,43.375197082056438],[-1.8532948827685285,43.375192472141315],[-1.8532880122701232,43.375187946071406],[-1.8532787068783263,43.37518777892258],[-1.8532719141675205,43.375183251830883],[-1.8532618554440135,43.375183168971141],[-1.8532518029252572,43.375183084371884],[-1.8532425765204517,43.375182918012172],[-1.8532325227676596,43.375182833398817],[-1.8532225467668242,43.375182749564303],[-1.8532070408960077,43.375187108867259],[-1.853196144250171,43.375191467569351],[-1.8531836524047474,43.37519591112185],[-1.853170495605404,43.375200268765617],[-1.853156577281986,43.375200102167383],[-1.8531495365254842,43.375204544557377],[-1.8531364637690642,43.375204377432503],[-1.8531224663333186,43.375208735644286],[-1.8531086365406486,43.375208652768521],[-1.8531015957797177,43.375213095155495],[-1.853087681156206,43.375212928585967],[-1.8530738480551154,43.375212759230656],[-1.8530591792254894,43.375212592296769],[-1.853045182982723,43.375216952311916],[-1.853031268065523,43.375216866772135],[-1.8530166831578943,43.375216700674514],[-1.8530027685679555,43.375216532294118],[-1.8529958931183919,43.37521200795792],[-1.8529820661887983,43.375211838653414],[-1.8529673948915677,43.375211671682983],[-1.8529534824442013,43.375211586158514],[-1.8529396519175692,43.375206893006045],[-1.8529289241418723,43.37520681060937],[-1.8529220487838336,43.375202281767457],[-1.8529151749203108,43.375197673701464],[-1.8529083848455961,43.375188621007055],[-1.8529070470980822,43.375179567178044],[-1.8529079666705408,43.375170599023164],[-1.8529135843606033,43.375161629371725],[-1.8529198694685132,43.375152745653516],[-1.8529269102693469,43.375148301477232],[-1.8529400683083921,43.375143943873901],[-1.8529525576919876,43.375139500323286],[-1.8529657194128224,43.375135143654354],[-1.8529790455294119,43.375126256722154],[-1.8529922047941867,43.375121899125062],[-1.8530062059552299,43.375117539165636],[-1.8530193652501763,43.375113179764845],[-1.8530333614537278,43.375108820652805],[-1.853047276167072,43.375104462522572],[-1.853061272349714,43.375100104307315],[-1.8530752735009393,43.375095744339298],[-1.8530891857231031,43.375091387079387],[-1.8531039361385431,43.375087027419085],[-1.8531179372498567,43.375082669246304],[-1.8531302573702879,43.375082751387204],[-1.8531473552246907,43.375078476493975],[-1.8531559043758301,43.375074034824586],[-1.8531728370545937,43.375074201038288],[-1.8531814726281026,43.375069758432829],[-1.8531984040377441,43.375069926430896],[-1.8532076245812441,43.375070009894927],[-1.8532247248951643,43.375065735014779],[-1.8532339441700356,43.375065820264837],[-1.8532509595692979,43.375065985495617],[-1.8532601800784418,43.375066070755977],[-1.8532771954440033,43.375066237783393],[-1.8532948785894665,43.375066406101958],[-1.8533041880258472,43.375066488648713],[-1.853321119435303,43.375066656628611],[-1.8533388865376343,43.375066823981392],[-1.8533565730595249,43.375067075164679],[-1.8533735059575127,43.375071684118197],[-1.8533912754960364,43.375071853288141],[-1.8533996565404987,43.375076462931261],[-1.8534165879532754,43.375076630897041],[-1.8534335217324014,43.375081324491795],[-1.853450366654972,43.375086017193112],[-1.8534664650727461,43.3750906285713],[-1.853482638484016,43.375095321738662],[-1.8534987353462258,43.375100015937136],[-1.8535063600558521,43.37510454235256],[-1.8535163373128618,43.375104624374025],[-1.8535239653665594,43.375109235463086],[-1.8535347770496753,43.37510931864513],[-1.8535455896067248,43.375109486476205],[-1.853555648285039,43.375109571111388],[-1.8535664612024756,43.375109654302818],[-1.8535764334899649,43.375109738070094],[-1.8535849859910851,43.375105379242598],[-1.8535950446688543,43.375105463874299],[-1.8536028383865886,43.37510102000082],[-1.8536122293723758,43.375096577732307],[-1.8536222866104244,43.375092217779013],[-1.8536293273198485,43.375087775359304],[-1.8536371222330614,43.375083333296303],[-1.8536441629403753,43.375078890875649],[-1.853651287362891,43.375070004725536],[-1.8536599204846651,43.375061038252419],[-1.853682217560169,43.375025245097397],[-1.8536838924877617,43.375016275503441],[-1.8536864055411866,43.375007307107559],[-1.8536904295036385,43.374998337649437],[-1.8536936967420108,43.374989370510434],[-1.853696966515552,43.374980399794985],[-1.8536994833501035,43.374966905828806],[-1.8537019988504042,43.374957938357483],[-1.8537083691452714,43.374944525339323],[-1.8537139817430248,43.374935556497441],[-1.8537210224275087,43.374931114071686],[-1.8537280631109563,43.374926671645476],[-1.8537350223393245,43.374922228402333],[-1.8537491008728306,43.374913428160617],[-1.8537615086635755,43.374908985504334],[-1.8537739988316437,43.374904625612395],[-1.8537871579762153,43.37490026882277],[-1.8538003147353965,43.374895907505504],[-1.8538150687226838,43.374891549589876],[-1.8538228636310778,43.374887105713107],[-1.8538383693487117,43.374882748125593],[-1.8538454133776592,43.374878389466481],[-1.8538524540629666,43.374873946132141],[-1.8538672080752059,43.374869586409126],[-1.8538742487070523,43.374865145774194],[-1.8538812894056962,43.374860701537742],[-1.8538890830372816,43.37485625944452],[-1.8538960385095713,43.374851817954742],[-1.8539031628683436,43.37484293178786],[-1.8539071880217577,43.374833962333746],[-1.8539051749657156,43.374820384243499],[-1.8539030764113535,43.374806889037139],[-1.8539048401585543,43.374797920329755],[-1.8539088628403138,43.374788950850736],[-1.853912130051691,43.374779982804419],[-1.8539230266725057,43.37477109662445],[-1.8539286441419458,43.374762128720981],[-1.8539371932262609,43.374757685191263],[-1.853943564567283,43.374748800479281],[-1.8539528690834486,43.374744357315841],[-1.8539599097283765,43.374739914874766],[-1.8539669503722787,43.374735472433265],[-1.8539779308991964,43.374726587088894],[-1.8539864774388288,43.374722147131685],[-1.8539957828393046,43.374717787714424],[-1.8540051737712493,43.374713343611816],[-1.8540649348310543,43.374691465725007],[-1.8540735690687482,43.374687022137877],[-1.8540852197453641,43.374682664604499],[-1.8540922616077129,43.374678222167425],[-1.8541054194976596,43.374673862627013],[-1.8541139685229002,43.37466942088426],[-1.8541218482620077,43.374660535069239],[-1.8541304837083863,43.374656092390325],[-1.8541413802412883,43.374647207989312],[-1.8541484196271487,43.374642765523923],[-1.8541554602461416,43.374638323070464],[-1.8541625008980143,43.374633878815978],[-1.8541695415149548,43.374629436361609],[-1.8541765842397939,43.374625078569224],[-1.8541835408988323,43.374620637073598],[-1.8541968667093107,43.37461175089566],[-1.8542093580465993,43.374602866259849],[-1.8542218444775529,43.37459397977257],[-1.854233579140542,43.374585094755979],[-1.8542453125828924,43.374576208825488],[-1.8542562930235464,43.374567324353642],[-1.8542611586946534,43.374558356104458],[-1.8542712985243341,43.374549471312783],[-1.8542815260092513,43.374540585597536],[-1.8542863052842973,43.374531616481626],[-1.854292673207153,43.374522647074208],[-1.8543629954891185,43.374433294166543],[-1.854409684153788,43.374370762659645],[-1.8544137054638816,43.37436179494923],[-1.8544200758180893,43.374352825558788],[-1.8544256076940113,43.374343939613077],[-1.8544296327362322,43.37433497013857],[-1.8544329023136614,43.37432600210024],[-1.8544361694557123,43.374317032236526],[-1.8544378458099335,43.374307979804179],[-1.8544403599552539,43.374299011401405],[-1.8544412817541946,43.374290043254895],[-1.8544422035867434,43.374281073307806],[-1.8544423690639686,43.374272021047297],[-1.8544426231167896,43.374258526005654],[-1.8544451372592283,43.374249557602674],[-1.8544484080636532,43.37424058957604],[-1.8544531848214789,43.374231620427437],[-1.8544572073835954,43.374222650926946],[-1.8544642479311881,43.374218208453321],[-1.8544706166694402,43.37420932368493],[-1.8544775757613758,43.374204880394508],[-1.8544854544547043,43.374200437311181],[-1.8544940021514182,43.374195995526236],[-1.8545033074181896,43.374191636966231],[-1.8545126932614917,43.374187194571292],[-1.8545212459248159,43.374182751033125],[-1.8545312202067961,43.374182917577365],[-1.8545413614746262,43.374178475543538],[-1.8545521754301815,43.374178560452826],[-1.8545629903288907,43.374178726410065],[-1.8545738005821524,43.374178811280224],[-1.8545830209948877,43.374178894631847],[-1.8545930783225242,43.374178977361183],[-1.8546038931876212,43.374179145115093],[-1.8546137816826311,43.374183672521411],[-1.8546221651689718,43.3741882821],[-1.8546314682705245,43.374188366275945],[-1.8546383433371225,43.374192976952912],[-1.8546451311396515,43.374197502114136],[-1.8546535960834256,43.374202112506296],[-1.854667931640207,43.374215776185565],[-1.8546763990734749,43.374220385700497],[-1.8546854519255001,43.3742294375431],[-1.8546938329214513,43.374234048892369],[-1.854702130349396,43.374243100371217],[-1.8547105953207763,43.374247709858984],[-1.8547188976726774,43.374256762286343],[-1.8547264392859459,43.374265899839443],[-1.8547348194144644,43.374270426535688],[-1.8547423672363943,43.374279562349017],[-1.8547483983729358,43.374288613638413],[-1.8547551910969886,43.374293140643225],[-1.8547612255636907,43.374302277507013],[-1.8547656668102979,43.374311329981261],[-1.8547686012259563,43.374320298931309],[-1.854772291981708,43.374329351092769],[-1.8547744718109935,43.374338406131329],[-1.8547758114475466,43.374347373516827],[-1.8547763989982546,43.374356425215176],[-1.8547762326776649,43.374365393726791],[-1.8547753068318122,43.374374448277599],[-1.8547743875487854,43.374383416451948],[-1.8547733793733374,43.374392385536922],[-1.8547724609653169,43.374401438361282],[-1.8547714540387501,43.374414932166644],[-1.8547712877170945,43.374423900678124],[-1.8547711189270626,43.374432869164899],[-1.8547716212523779,43.374446449219725],[-1.8547722103280173,43.374455419893664],[-1.8547727991130298,43.374464471604234],[-1.8547748916797169,43.374477966735682],[-1.8547762346628744,43.374487018795783],[-1.8547776606587136,43.374495988846796],[-1.854781261264637,43.374509569314931],[-1.8547833588397449,43.374518535286235],[-1.8547855387276815,43.374527587623568],[-1.8547906502357911,43.374541167014591],[-1.8547935880433195,43.374550218838081],[-1.8547995355656994,43.374563714756192],[-1.8548032263400787,43.374572766916494],[-1.8548106881105031,43.37458634643184],[-1.8548143739512573,43.374595398542333],[-1.8548225911600995,43.3746089784186],[-1.854827031203186,43.374618030877969],[-1.8548360001489217,43.374631611077845],[-1.8548465636482152,43.374645271176277],[-1.8548571249576193,43.37465885111267],[-1.8548684413642782,43.374672515146912],[-1.8548805123683503,43.37468609309073],[-1.8548925818021686,43.374699754758417],[-1.8548994560361927,43.374704282570626],[-1.854906326295134,43.374708890481692],[-1.8549131178517271,43.374717943073307],[-1.854919990513781,43.374722554609384],[-1.8549267820644142,43.374727081591985],[-1.8549343238168272,43.374736216430819],[-1.8549419535268545,43.374740742800917],[-1.8549488237253569,43.374745354310569],[-1.8549572088726356,43.374749881040501],[-1.8549647518665595,43.374759015889744],[-1.8549723815817114,43.374763542257853],[-1.8549808441434001,43.374768153502039],[-1.8549892277207618,43.374772763954766],[-1.8549968574394768,43.374777290321248],[-1.8550052348994071,43.37478189801022],[-1.8550144590893349,43.374786508773951],[-1.8550228389862873,43.374791118286915],[-1.8550319780225799,43.374795728196638],[-1.8550403582464379,43.374800254871147],[-1.8550495812076984,43.374804865619751],[-1.855058717745925,43.374809477303188],[-1.8550679358072462,43.374814086200367],[-1.8550770739405407,43.374818613257005],[-1.8550862080823971,43.374823221312496],[-1.8550961840183602,43.374827832392633],[-1.8551053230827248,43.3748324413963],[-1.8551153817372725,43.374832524993536],[-1.8551253527065248,43.374837137822283],[-1.8551344917914687,43.374841745923391],[-1.8551452182677117,43.37484635550895],[-1.8551590492128684,43.374850965558736],[-1.8551690239314069,43.374851049211372],[-1.855178997410005,43.374855660259662],[-1.8551881364679752,43.374860270157093],[-1.8551973570321996,43.374864878168431],[-1.8552064911394177,43.374869488915273],[-1.8552156276994025,43.374874100586361],[-1.8552240956065675,43.374878626324303],[-1.8552331507641806,43.37488776188669],[-1.8552407755790234,43.374892288187745],[-1.8552491592103253,43.374896897721477],[-1.8552567873720904,43.37490150869629],[-1.8552635765338703,43.374910561242885],[-1.8552712047323057,43.374915170416216],[-1.855277240928785,43.374924222628024],[-1.8552841127486162,43.374928750392826],[-1.8552900625237168,43.374937803539694],[-1.8552969377753521,43.374942411477171],[-1.8553044823682243,43.374951465280262],[-1.8553121093407279,43.374956074438572],[-1.8553189836350437,43.374960602226025],[-1.8553258539378905,43.37496521101265],[-1.8553326451881589,43.374969822609295],[-1.8553402737231532,43.374974348940952],[-1.8553479019354029,43.37497895810926],[-1.8553586333549628,43.374983569525114],[-1.8553694413194486,43.374983652496425],[-1.8553778225048412,43.374988261996144],[-1.855396264824855,43.374992955993093],[-1.8554055705201293,43.374993040132132],[-1.8554147922929392,43.374993123430443],[-1.8554256039279171,43.374993208234059],[-1.8554364180312477,43.37499329306133],[-1.8554471466880857,43.374993458071906],[-1.8554541872550678,43.374989015538148],[-1.8554642446855307,43.374989099992881],[-1.8554720407226633,43.374984656014902],[-1.855479832664749,43.374980298437571],[-1.8554876311340669,43.37497585628374],[-1.8554954284188923,43.37497141141619],[-1.8555024689628876,43.374966969779628],[-1.8555088354867884,43.374958002091844],[-1.8555151226993007,43.374949116450352],[-1.8555207399865907,43.374940146665942],[-1.8555248450757982,43.374926652346716],[-1.8555282807729923,43.374908713962931],[-1.8555307133307088,43.374899744720381],[-1.8555324743732133,43.374890775960651],[-1.85553565988105,43.374881807950544],[-1.855538170545606,43.374872754848177],[-1.8555414412250424,43.374863786789824],[-1.8555447119542858,43.374854816030549],[-1.8555479764440439,43.374845848810466],[-1.8555520873675961,43.374832437388847],[-1.855556109793197,43.374823468749504],[-1.8555601322514621,43.374814498309455],[-1.8555649076590703,43.374805529101586],[-1.8555696855335655,43.374796559918188],[-1.8555744658410627,43.374787592559812],[-1.8555793251835484,43.374778623290851],[-1.8555848581316761,43.374769739101126],[-1.8555903902014201,43.374760770261034],[-1.8555960074597226,43.374751800472303],[-1.8556023751809156,43.374742832790922],[-1.8556086623569787,43.374733947143568],[-1.8556150350448599,43.374724977710287],[-1.8556213213065449,43.374716009212591],[-1.8556283578025565,43.374711649467521],[-1.8556354859196971,43.374702680389333],[-1.8556426103322499,43.374693711273622],[-1.8556519957856148,43.374684826013805],[-1.8556576117596275,43.374675858009958],[-1.8556654086191449,43.374671498668008],[-1.8556740414233903,43.374662530237678],[-1.8556825887604946,43.374658172101441],[-1.855691979529011,43.374653729659308],[-1.8557020368714223,43.374649286683045],[-1.8557090758222361,43.37464492695748],[-1.8557192195522936,43.374640484844164],[-1.8557301171571041,43.374636125910399],[-1.8557410138495605,43.374631684126065],[-1.8557581150661655,43.374622881466117],[-1.855768924168244,43.374622966211852],[-1.8557798242347205,43.374618607297954],[-1.8557906333699654,43.374618690241064],[-1.855801447010005,43.374614332261253],[-1.8558122598470044,43.374614415239336],[-1.8558239104057483,43.374610056626949],[-1.8558347244423425,43.374610141415786],[-1.8558462914779914,43.374610224733296],[-1.8558578593907873,43.37461039269968],[-1.855868673461432,43.374610475684818],[-1.855880325249641,43.37460611707894],[-1.85589189105053,43.374606200379453],[-1.855903372944089,43.374610812049418],[-1.855914187048793,43.374610893229672],[-1.8559257549620656,43.374611061189199],[-1.8559373219981916,43.374611144497514],[-1.8559480496799305,43.37461575672134],[-1.8559596163601522,43.374615924665108],[-1.8559704316831773,43.374616006752703],[-1.8559811581849723,43.374620616260295],[-1.8559918056691169,43.374625226777255],[-1.8560026172406898,43.374625311525605],[-1.8560125907981444,43.374629919800824],[-1.8560233222422298,43.374634529353912],[-1.8560332969111435,43.374634613831049],[-1.8560424323587574,43.37464375103346],[-1.8560492227515051,43.374648277937951],[-1.8560514003811504,43.374657329328151],[-1.856048133490759,43.374666297439411],[-1.8560426026971999,43.374675268115539],[-1.8560355622092006,43.374679710686678],[-1.8560285183914511,43.374684067682338],[-1.8560192991318907,43.374683984458734],[-1.8560092404989834,43.374683900941271],[-1.8559991818661115,43.374683817422948],[-1.8559899626066796,43.374683734196978],[-1.8559799015225364,43.374683649751972],[-1.8559706847145614,43.374683567449395],[-1.8559606227701626,43.374683397452365],[-1.8559506505279351,43.374683314794048],[-1.8559413485977017,43.374683229836634],[-1.8559313714020447,43.374683148027522],[-1.8559220657186728,43.374683065732313],[-1.8559120935104712,43.374682981270084],[-1.8559028704837384,43.37467837149071],[-1.8558928982763856,43.374678287026811],[-1.8558835917675016,43.374678117377606],[-1.8558743725092821,43.37467803414232],[-1.8558650692951713,43.374677951867191],[-1.8558572733598,43.374682394072423],[-1.8558480516665763,43.374682309009771],[-1.85584168395397,43.374691278505942],[-1.85583464253876,43.374695638214988],[-1.8558322134137255,43.374704690339122],[-1.8558312078559867,43.374713659459324],[-1.855833386638615,43.374722713566392],[-1.8558401746502806,43.374731765167191],[-1.8558523269541578,43.37474090015376],[-1.8558644816961101,43.374750036964308],[-1.8558712733670824,43.374759091301158],[-1.8558842663066681,43.374768225690616],[-1.8558910554669903,43.374772752592058],[-1.8558979306957373,43.374777363194646],[-1.8559055580155943,43.37478188947658],[-1.8559124307781678,43.374786500053609],[-1.8559200590113212,43.374791109184123],[-1.8559276863514833,43.37479563456435],[-1.8559353145530861,43.374800245494406],[-1.8559429394103113,43.374804771749204],[-1.8559505664139255,43.374809380865365],[-1.8559581946189962,43.374813991793928],[-1.855966581086445,43.37481851846308],[-1.8559742093277343,43.374823127590048],[-1.8559825893038708,43.374827737033513],[-1.8559910559949022,43.374832264503425],[-1.8560079034885788,43.374836958654875],[-1.8560162847033679,43.374841568108231],[-1.8560247498417377,43.374846178400567],[-1.8560423531351868,43.374850788263004],[-1.8560507380231133,43.374855399551457],[-1.8560600412649331,43.374855481811785],[-1.8560684224862583,43.374860091261404],[-1.8560775566433367,43.374864702839659],[-1.8560868635891112,43.374864785134889],[-1.8560959965141601,43.374869396699339],[-1.8561053022265537,43.374869478980713],[-1.8561144376220335,43.374874090568412],[-1.856123747003811,43.374874174685857],[-1.8561336354037454,43.374878784799897],[-1.8561429386155528,43.37487886885409],[-1.8561521603733229,43.374878952092736],[-1.8561621339327796,43.374883563056137],[-1.8561713569593163,43.374883644505061],[-1.8561806589378236,43.374883728543857],[-1.8561905510461731,43.37488833869007],[-1.8561998517913116,43.374888422714932],[-1.8562098277534766,43.374888506289189],[-1.8562198876719349,43.374888588901463],[-1.8562291093975647,43.374888673934478],[-1.8562391652571415,43.374888841145747],[-1.8562490586050113,43.374893451299286],[-1.8562583618194144,43.374893535344107],[-1.8562684204708542,43.374893619740327],[-1.8562783915313312,43.374893701458689],[-1.8562876972141646,43.374893785525799],[-1.8562976694750393,43.374893869055384],[-1.8563077290044074,43.374894038098212],[-1.8563185431269527,43.374894121041358],[-1.8563301965291932,43.374889677764706],[-1.8563394154814163,43.374889844701066],[-1.8563487211130998,43.374889931464018],[-1.8563571014836295,43.374894456242657],[-1.8563663216539279,43.374894624089457],[-1.8563756249027017,43.374894706324199],[-1.8563887028683981,43.374894790290298],[-1.8563979234799963,43.374899400906685],[-1.8564109998902008,43.374899567695103],[-1.8564193789987806,43.374904094257452],[-1.8564325393325221,43.374904261882648],[-1.8564447792633276,43.374908872074322],[-1.856457014259413,43.374913482215284],[-1.8564692517425889,43.374918091479387],[-1.8564768800180709,43.374922701473587],[-1.8564845082947112,43.374927311467282],[-1.856492138145907,43.374931837735353],[-1.8564990085020567,43.374936448253024],[-1.8565058853861687,43.374940974194239],[-1.8565158589831559,43.374945585127172],[-1.8565226503567878,43.374950194853604],[-1.8565317850470571,43.374959247367713],[-1.856540168787278,43.374963856807895],[-1.8565462051786616,43.374972908954824],[-1.8565538285133276,43.374977519794882],[-1.8565605363898765,43.37498657325272],[-1.8565673269906371,43.374995625736425],[-1.8565733584525017,43.375004677832557],[-1.856576296479465,43.375013733213805],[-1.8565837562655554,43.375027310792248],[-1.8565881978354717,43.375036363198213],[-1.8565918864360582,43.375045415278699],[-1.8565948196155897,43.375054466108729],[-1.8565976703450682,43.375063437776092],[-1.8565990926308011,43.375072488806289],[-1.8566011888512186,43.375081542072827],[-1.856602615179419,43.375090509402526],[-1.8566039596468573,43.375099563256327],[-1.8566045453284996,43.37510853208537],[-1.856605045631093,43.375122110309988],[-1.8566041265699964,43.375131080301344],[-1.8566039580459139,43.37514004879273],[-1.8566045458401137,43.375149102284162],[-1.8566052142446026,43.375158070139364],[-1.8566065574795698,43.37516712398071],[-1.8566087376945239,43.37517617448502],[-1.8566108330245539,43.37518514400147],[-1.8566130107216665,43.37519419718182],[-1.8566174522906949,43.375203250486869],[-1.8566203903839522,43.375212303166052],[-1.8566240765311437,43.375221355220681],[-1.8566300290031184,43.375230408324633],[-1.8566368184065836,43.37523946079191],[-1.8566420154745531,43.375248511744928],[-1.8566503997047699,43.375257564849704],[-1.8566586959561351,43.375266701715496],[-1.8566654878361601,43.375275754205788],[-1.8566752950098997,43.375284889968995],[-1.8566821670095353,43.375289415850567],[-1.8566897953304886,43.375294026731261],[-1.8566966673322396,43.37529855261198],[-1.8567049673154705,43.37530768861123],[-1.8567125922938288,43.375312214815672],[-1.8567209760622903,43.375316826043559],[-1.8567294413205244,43.375321436284679],[-1.8567431897912419,43.375326046218596],[-1.8567500626958509,43.375330655845985],[-1.8567591997997566,43.37533518275773],[-1.8567685002929697,43.375335349574328],[-1.8567784775644054,43.375335433112141],[-1.8567885362905692,43.375335517463405],[-1.8567978395742279,43.375335601465075],[-1.8568078131433026,43.37533568496336],[-1.8568156078950138,43.375331240881081],[-1.856824914524871,43.375331409555301],[-1.8568318711096543,43.37532696609729],[-1.8568389091481203,43.375322523453121],[-1.8568459545566895,43.37531808268308],[-1.8568529950952402,43.375313638262142],[-1.8568577715883146,43.37530466901169],[-1.8568657310825945,43.375291258197493],[-1.8569320316497797,43.37504884825919],[-1.8569845008360073,43.374842229353575],[-1.8569892760710049,43.374833258283388],[-1.8569941351761681,43.374824290752606],[-1.8570010950370521,43.374819931957859],[-1.8570081379405401,43.374815489351455],[-1.8570174399112269,43.374815573322039],[-1.857024481578887,43.374811130702263],[-1.8570337008777149,43.374811212944778],[-1.8570405737135556,43.374815824355238],[-1.8570497942303787,43.374815907509081],[-1.8570566661722949,43.374820435168786],[-1.8570635414961532,43.374825045702302],[-1.857070413473946,43.37482957156066],[-1.8570748575880618,43.374838623073089],[-1.8570754429821046,43.374847676538607],[-1.8570751919592829,43.374861172516205],[-1.8570765344305864,43.37487013900229],[-1.8570772074837731,43.374879191543037],[-1.8570785462025332,43.374888160692869],[-1.8570798895029386,43.374897214529796],[-1.8570827392327329,43.374910711783549],[-1.8570856700280685,43.374919761677049],[-1.8570877688015113,43.374928814060041],[-1.8570929647799113,43.374942394192139],[-1.8571069655693844,43.374978520180591],[-1.8571224732283973,43.375014729660528],[-1.857138731729354,43.375050856598243],[-1.8571558329924855,43.375087067592858],[-1.857160192104826,43.375100646561506],[-1.8571653892059083,43.375109699292253],[-1.8571690778969825,43.375118751354975],[-1.8571705030248937,43.375127721366979],[-1.8571718426410513,43.375136775165657],[-1.8571724321429979,43.375145742229137],[-1.8571715103752946,43.375154795038469],[-1.8571713419346825,43.375163763531603],[-1.8571688281183776,43.375172733797761],[-1.8571671524983246,43.375181701635356],[-1.8571631302841962,43.375190670333204],[-1.8571583513768601,43.375199639572529],[-1.8571527355725022,43.375208607651238],[-1.8571464485696358,43.375217493384767],[-1.857139323079652,43.375226462582823],[-1.8571329555310581,43.375235430351026],[-1.857124318241284,43.375244316005563],[-1.8571165222887873,43.375248760096994],[-1.8571078899651878,43.375257643999007],[-1.857098504140092,43.375262086606448],[-1.8570891988894385,43.3752664453771],[-1.8570790551177039,43.375270889411972],[-1.857072014668014,43.375275330246012],[-1.8570619588743789,43.375279690517388],[-1.8570541629466468,43.37528413280387],[-1.857046367017779,43.375288575089833],[-1.8570385747733578,43.37529301831249],[-1.8570314446773082,43.375301902816382],[-1.8570244041698372,43.375306346348175],[-1.8570196289859513,43.375315312917401],[-1.8570147648564088,43.375324283099559],[-1.8570115807584064,43.375333252065012],[-1.8570098211196164,43.375342222662006],[-1.8570096548007717,43.375351274016204],[-1.8570102418118701,43.375360241055276],[-1.857013176251471,43.375369294588126],[-1.8570168649347079,43.375378346655296],[-1.8570236556464379,43.375387399112547],[-1.857030527650025,43.375391926774064],[-1.8570364798774697,43.375401062694671],[-1.8570433518835485,43.37540559035542],[-1.8570502248539626,43.375410198164523],[-1.8570640573097656,43.375414807998823],[-1.8570724386510447,43.37541941917668],[-1.8570832528695229,43.375419502048537],[-1.8570916342129318,43.375424113224973],[-1.8571024484323033,43.375424196095054],[-1.8571116678073258,43.37542427923259],[-1.8571224795246564,43.375424363876625],[-1.8571317013680959,43.375424447037211],[-1.8571410055791067,43.375424613860659],[-1.857151817262785,43.375424700302467],[-1.8571610366718585,43.375424781635481],[-1.8571695843513485,43.375420339651178],[-1.8571797265524146,43.375415980234017],[-1.8571897852931967,43.375416064550144],[-1.8571975812114232,43.375411623154832],[-1.8572053747109036,43.37540717903353],[-1.857217867015748,43.375398294079488],[-1.8572327043119639,43.375389493788091],[-1.8572459471157179,43.375380609127362],[-1.8572592751066932,43.375371723515492],[-1.8572732696770138,43.375362837359589],[-1.8572873539820691,43.375354036739992],[-1.8573014349187209,43.375345152344089],[-1.8573154319620204,43.375336265307254],[-1.8573302704632415,43.375327465015118],[-1.8573451043785274,43.375318580033934],[-1.8573606962339455,43.375309693619847],[-1.857375445140228,43.375305335194071],[-1.857391037850209,43.375296534326097],[-1.8574066271911989,43.375287649681461],[-1.8574221365014032,43.375283289842976],[-1.8574377267476296,43.375274488043544],[-1.857453986523717,43.375270130296379],[-1.8574704136921867,43.375261327850019],[-1.8574804759122343,43.37525688656735],[-1.8574898617092848,43.375252443928247],[-1.857499163227285,43.375248085087641],[-1.8575085515237508,43.375243640671108],[-1.8575178591760826,43.375239283691123],[-1.8575264080717167,43.37523483989122],[-1.8575350384206917,43.375230396904435],[-1.8575435906277957,43.375226039578479],[-1.857551469065353,43.375217068873091],[-1.8575592661829543,43.375212626564448],[-1.8575663066241572,43.375208183899346],[-1.8575734292265855,43.375199299287004],[-1.8575803869596175,43.375194856695181],[-1.8575867581408898,43.375185888938205],[-1.8575961458594601,43.375177003541886],[-1.8576017628300634,43.375168035452923],[-1.8576096421309922,43.375159149393312],[-1.8576144197347364,43.375150180121942],[-1.8576191948349319,43.375141212626232],[-1.8576248105983817,43.375132242723133],[-1.8576288339918177,43.375123273120195],[-1.857633697449885,43.375109861937936],[-1.8576369666010468,43.375100893804394],[-1.8576426643208799,43.375082955442821],[-1.8576476095814154,43.375069460435775],[-1.8576532235334029,43.375056049546217],[-1.8576596784670552,43.375042553411703],[-1.8576660466185144,43.375029142852043],[-1.8576725024090832,43.375015732267016],[-1.8576797078528582,43.375002235524484],[-1.8576869166244403,43.374988824356414],[-1.8576948808648122,43.374975411730034],[-1.8577028450678272,43.374962000903544],[-1.8577115634879267,43.374948589506467],[-1.8577202785392077,43.374935094334184],[-1.8577290771884354,43.374921682836671],[-1.8577385522852796,43.374908270891865],[-1.8577480224412821,43.37489485889688],[-1.8577583344208759,43.374881448106287],[-1.8577686398876305,43.374868120990499],[-1.8577788679525575,43.374854708459353],[-1.8577898494902325,43.374845740818472],[-1.8578009103972941,43.37483241314137],[-1.8578127307925529,43.37481900120428],[-1.8578245487311527,43.374805588340926],[-1.8578362841345479,43.374796703862096],[-1.8578457568954163,43.374787820194399],[-1.8578527972831709,43.374783376610274],[-1.8578620140782189,43.374783460561858],[-1.8578712382782088,43.374783544586663],[-1.8578805427487837,43.374783626711114],[-1.8578897607611999,43.374783711573073],[-1.8578966336768477,43.374788322032536],[-1.8579035090618354,43.374792932516236],[-1.8579103810995916,43.374797458324792],[-1.8579232041761622,43.374811121797357],[-1.857929996230286,43.374820172414246],[-1.8579344404216334,43.374829226595516],[-1.8579388821797596,43.374838278951437],[-1.85794341032988,43.374847332169956],[-1.8579455058806711,43.374856299863978],[-1.8579476837661701,43.374865353021541],[-1.8579490247442716,43.3748744059248],[-1.8579496118908072,43.374883372961285],[-1.8579510355409292,43.374892427590588],[-1.8579531332084351,43.374901479946843],[-1.8579568186231281,43.374910449111489],[-1.857961265326902,43.374919501515798],[-1.8579681382631734,43.37492411197109],[-1.8579734194270188,43.374933163704114],[-1.8579802075293785,43.37493769047105],[-1.8579879186291461,43.374942300291245],[-1.8579947076474916,43.374946909906846],[-1.8580031757419326,43.374951437241876],[-1.8580099635283009,43.374956046844297],[-1.8580175934986858,43.374960573011869],[-1.8580276506125333,43.37496074007835],[-1.8580352756482059,43.374965266195488],[-1.8580460906693665,43.374965433625491],[-1.8580568198280878,43.374970044765739],[-1.8580675500136552,43.374970128506142],[-1.8580776087174218,43.374970210942813],[-1.858086994393453,43.37496577005404],[-1.8580969688200737,43.374965936288724],[-1.8581077816934615,43.374966020851041],[-1.8581240463110769,43.374961661255632],[-1.8581356943078888,43.374957302382178],[-1.8581473475935379,43.374952858919038],[-1.8581589980553481,43.374948500067802],[-1.858169890575512,43.374944142651664],[-1.8581808767062502,43.374935256959155],[-1.8581910141216491,43.374930815463934],[-1.8582010746980131,43.374926456041017],[-1.8582113007667902,43.374917487119582],[-1.8582206071192462,43.374913128268183],[-1.8582299915758174,43.37490868555453],[-1.8582393816262581,43.374899800128084],[-1.8582480976908351,43.374890915175044],[-1.8582566464510126,43.374886473119673],[-1.8582645272077611,43.374877502387569],[-1.8582724038553562,43.374868618956505],[-1.858279444205079,43.374864176246184],[-1.8582865694849402,43.374855206974182],[-1.8582952865442501,43.374841794618106],[-1.8583039186361066,43.374832910623198],[-1.8583133898905557,43.374819498592032],[-1.8583221945634985,43.374806087108539],[-1.8583309103229242,43.374792677437988],[-1.858338874412601,43.37477926386417],[-1.8583468350822636,43.37476576921604],[-1.8583540436785677,43.374752358003398],[-1.8583612522716511,43.374738946790266],[-1.8583684608614948,43.374725535576594],[-1.8583748316447501,43.374712040361487],[-1.8583805318268312,43.37469862849516],[-1.8583868976678743,43.374685133229939],[-1.8583901691864098,43.37467616329679],[-1.8583926827673738,43.374667194801305],[-1.8583967047818382,43.374658225156686],[-1.8583983838905589,43.374649258235294],[-1.8584016504687737,43.374640288252401],[-1.8584025716907622,43.374631320067984],[-1.8584050877362115,43.374622351596784],[-1.8584060105449953,43.374613298786834],[-1.8584077711554123,43.374604329977537],[-1.8584079394443014,43.374595359679127],[-1.8584081043503859,43.374586306506494],[-1.8584082726053497,43.374577338008606],[-1.8584084399457794,43.374568286661138],[-1.8584077688454164,43.374559316987451],[-1.8584064253535075,43.374550263163478],[-1.8584058430783656,43.374541296177384],[-1.8584036601816158,43.374532243878392],[-1.8584008965642982,43.374518747516014],[-1.8583994691184584,43.374509694654691],[-1.8583973763332409,43.374500642354683],[-1.8583959485347967,43.37449167413105],[-1.8583953604781325,43.374482620644912],[-1.8583947757367785,43.374473653634027],[-1.8583942710485222,43.374460156411018],[-1.8583951938559458,43.374451103600897],[-1.8583953621120093,43.374442135102818],[-1.8583970363284006,43.374433165430958],[-1.8583979566497451,43.374424113496374],[-1.8583997209239311,43.374415146524377],[-1.8584029862545111,43.37440617652863],[-1.858405418368114,43.374397207219189],[-1.8584086873823742,43.374388238160464],[-1.8584127118265783,43.374379269439551],[-1.8584175717006601,43.374365773544888],[-1.8584224339236739,43.374356889724403],[-1.8584599850270618,43.374285223124808],[-1.8584968645669091,43.374213555210858],[-1.8585313965500481,43.374141805322438],[-1.8585377669477665,43.374128391132501],[-1.8585433824463664,43.374119422980705],[-1.8585503387336519,43.374114981214802],[-1.8585596439849661,43.374115147932955],[-1.8585688643665146,43.374115232763685],[-1.8585781650346249,43.374115314793301],[-1.8585850419845058,43.37411984061081],[-1.8585894837566372,43.374128894743599],[-1.8585908247995795,43.374137948541637],[-1.8585930027916693,43.374146999888261],[-1.8585959377661361,43.374155968746592],[-1.8586011350044827,43.374165021415045],[-1.8586063322443636,43.374174074083236],[-1.8586132051473205,43.374178684499945],[-1.8586237684938351,43.374192262309826],[-1.858631396828861,43.37419687306194],[-1.8586382688215337,43.374201400627626],[-1.8586458971756954,43.374206010478531],[-1.8586550339542478,43.374210619176317],[-1.8586650924837063,43.37421070426074],[-1.8586743104455414,43.374210787257937],[-1.8586811833916015,43.374215395870102],[-1.8586904074911286,43.374215480728132],[-1.8586997118773581,43.374215562784983],[-1.8587075062639582,43.374211123071106],[-1.8587175648612055,43.37421120454983],[-1.8587261143555409,43.374206848007752],[-1.8587360865116804,43.374206931323464],[-1.8587470687230827,43.374198045536048],[-1.8587587205846778,43.374193601995572],[-1.8587657592332727,43.374189243879002],[-1.8587727994679626,43.374184801136494],[-1.8587867999788803,43.374180442262023],[-1.8587937537875039,43.3741760004566],[-1.8588007989214159,43.374171559562136],[-1.8588155474846293,43.374167199144956],[-1.8588225926497177,43.374162756448584],[-1.8588373399413787,43.374158397816736],[-1.8588451380975612,43.374153953628813],[-1.8588606420477856,43.374149595341258],[-1.8588761493792028,43.374145319925766],[-1.8588924112214098,43.374140961993305],[-1.8589079213695294,43.374136601960288],[-1.8589164687413053,43.374132159840968],[-1.8589342380390541,43.374132328146622],[-1.8589442974885384,43.374132495155656],[-1.8589535191418003,43.374132578167163],[-1.8589611453793082,43.374137104235096],[-1.8589680195396316,43.374141714643088],[-1.8589748915853914,43.374146240388228],[-1.8589817669819173,43.374150850807709],[-1.8589862088155682,43.374159904925726],[-1.8589898940217338,43.374168956896632],[-1.8589934996416266,43.374182450841843],[-1.8589971860505488,43.374191504625387],[-1.85899852965748,43.374200556643316],[-1.8590014646606039,43.3742095272924],[-1.8590020528563764,43.374218578076018],[-1.8590042321128251,43.374227631228287],[-1.8590048181259533,43.374236600950518],[-1.8590054063224026,43.374245651734093],[-1.8590059910848127,43.374254622344253],[-1.8590058213668113,43.374263673669475],[-1.8590055732623725,43.374277168781852],[-1.8590038941699571,43.37428614021519],[-1.8590020525173154,43.374299633834489],[-1.8590018843514944,43.374308602334686],[-1.8590033106488935,43.374317655177471],[-1.8590069995691028,43.374326707184672],[-1.8590137891805392,43.374335762215878],[-1.8590205798317008,43.374340285345141],[-1.8590274527850963,43.374344895737373],[-1.8590343248242223,43.374349423279654],[-1.8590427099089997,43.374354032550336],[-1.8590527660120089,43.374354116676045],[-1.859063577226975,43.374354283971698],[-1.8590712047343976,43.374358810044846],[-1.859082772615203,43.374358977684572],[-1.8590935866519804,43.374359060364242],[-1.859105153617556,43.37435914515212],[-1.8591158821122971,43.374359313418431],[-1.8591236777725373,43.374354870987645],[-1.8591344880725458,43.374354955427052],[-1.8591453854217299,43.37435059436374],[-1.8591554439927971,43.37435067850501],[-1.8591632420836277,43.37434623789666],[-1.8591732975748998,43.374341877436358],[-1.8591826880452915,43.374337434703918],[-1.8591919896391582,43.374332991984453],[-1.8592036423770326,43.374328633048776],[-1.8592100119934352,43.374319665184011],[-1.859217055595394,43.374315305288256],[-1.8592240957787423,43.374310864318403],[-1.8592296260384746,43.374301895282741],[-1.8592351562965661,43.374292926246767],[-1.8592400175468162,43.374283955939333],[-1.8592440443470322,43.374274986311882],[-1.8592464738293302,43.374266018758817],[-1.8592474813268831,43.374257050527056],[-1.8592476485912572,43.374247996475631],[-1.8592469773696143,43.374239026805043],[-1.8592448807640167,43.374229974481892],[-1.8592419456733351,43.374221006539514],[-1.8592375037802651,43.374211953331312],[-1.859232222504364,43.374202900753865],[-1.8592254334725438,43.374198291211002],[-1.8592201534168371,43.374189239545579],[-1.8592087499998753,43.374180103382116],[-1.8591958443852719,43.374170965738116],[-1.8591882992516469,43.374161914885967],[-1.8591822650610876,43.374152860197576],[-1.859177067736731,43.374143807554567],[-1.8591741342296104,43.374134755885237],[-1.8591719524825818,43.374125702711225],[-1.8591706134691321,43.374116733581431],[-1.8591707807103601,43.374107681330571],[-1.8591716993411156,43.374098713113156],[-1.8591734622907059,43.37408974431446],[-1.8591774841506856,43.374080774639772],[-1.8591807554850148,43.374071806481922],[-1.8591855303015132,43.374062837115062],[-1.8591903924464019,43.374049341209265],[-1.8591959260365383,43.374040456849343],[-1.8592015426983095,43.374031486875658],[-1.8592078283616971,43.374022518173014],[-1.8592135258249809,43.374009106236166],[-1.8592206508149571,43.374000139602764],[-1.8592269364722194,43.37399117089894],[-1.8592340599560144,43.373982284388759],[-1.859241184990404,43.373973315053149],[-1.8592483932932113,43.37395990377906],[-1.8592555182890582,43.373950936242984],[-1.8592633972063914,43.373942049162821],[-1.8592711952533671,43.373937607645829],[-1.8592774818122173,43.373928721788566],[-1.8592845194776462,43.373924280789531],[-1.8592915621460835,43.373919836238194],[-1.8592993577367845,43.373915393794327],[-1.8593071533263348,43.373910951349899],[-1.8593157027367506,43.373906594762566],[-1.8593243364867427,43.3739021507728],[-1.8593328850127353,43.373897709534063],[-1.8593421041802309,43.373897791588959],[-1.8593514929830914,43.373893433466876],[-1.8593607945132393,43.373888989832189],[-1.8593701037543904,43.373889073683721],[-1.8593794049135548,43.373884715585554],[-1.8593902163650438,43.373884800012149],[-1.8593972614557932,43.373880357279319],[-1.8594050545655252,43.373875914803463],[-1.8594151099277367,43.373871556121024],[-1.8594229079715932,43.373867113693137],[-1.8594299506233969,43.373862669133061],[-1.8594377461967759,43.373858226679502],[-1.8594456250248348,43.373849342287016],[-1.8594535029684613,43.373840373243837],[-1.8594598709433205,43.373831488188372],[-1.8594638951779343,43.373822520327714],[-1.8594679194450781,43.373813550666341],[-1.8594704352976448,43.37380458216829],[-1.8594713554648812,43.373795529321931],[-1.8594715235922548,43.373786559018903],[-1.8594700959679795,43.37377750796874],[-1.8594680002594577,43.373768538498339],[-1.8594643137875748,43.373759485629094],[-1.8594606248316323,43.373750433635379],[-1.8594538339318543,43.373741381318283],[-1.859446290431304,43.373732244056626],[-1.8594394183959919,43.373727718339623],[-1.859434977725114,43.373718666051005],[-1.8594327947186577,43.37370961286873],[-1.8594322073948089,43.373700644035168],[-1.8594339694112132,43.37369159058116],[-1.8594379920706599,43.373682706446367],[-1.8594435247083096,43.373673737423019],[-1.8594491388137073,43.373664768311492],[-1.8594560974684853,43.373660325613152],[-1.8594631375916544,43.373655882826505],[-1.8594701776800509,43.373651441839925],[-1.8594793992620358,43.373651524808231],[-1.8594895410044201,43.373647165179705],[-1.8594987588496779,43.373647249910043],[-1.8595058014365189,43.373642807145323],[-1.8595151081721959,43.373642890959999],[-1.8595219773836351,43.373647501285681],[-1.8595312014334298,43.373647584274423],[-1.8595412574212866,43.373647668355851],[-1.8595488857597244,43.373652279047228],[-1.8595556775765196,43.37365680395768],[-1.8595625467926107,43.373661414280974],[-1.8595694213149909,43.373665939114979],[-1.8595762954359454,43.373670551287248],[-1.8595822470031704,43.373679602430279],[-1.859585935939474,43.373688656220885],[-1.8595873601948782,43.37369762439571],[-1.8595871954694256,43.373706677573438],[-1.8595862719704452,43.373715645746323],[-1.8595845128128314,43.373724613689411],[-1.8595843431333949,43.373733667718092],[-1.8595865240468057,43.373742636235271],[-1.8595902129873778,43.373751690025692],[-1.8596000203478333,43.373760826442876],[-1.8596060546139788,43.373769878409284],[-1.8596144371620007,43.373774489414018],[-1.859622734050959,43.373783539631461],[-1.8596296069549967,43.37378815178829],[-1.8596395855775729,43.373792760698883],[-1.8596472093567542,43.373797286696814],[-1.8596579409041225,43.373801897711438],[-1.859669425442591,43.373806507229425],[-1.8596809882848302,43.373806674758256],[-1.8596893736635876,43.373811201144392],[-1.8596985927684495,43.37381128587122],[-1.8597078159760092,43.373815894446615],[-1.8597170326471182,43.373815977346808],[-1.8597263381758034,43.373816061132288],[-1.859735558164036,43.373816230506272],[-1.859744779771803,43.373816313453446],[-1.859754082832364,43.373816397212067],[-1.859763301955071,43.373816481033415],[-1.8597726075008456,43.373816563914872],[-1.8597819126577582,43.373812122082846],[-1.859791215366255,43.373812290476245],[-1.85980043573947,43.373812373406608],[-1.8598089866869716,43.373807932156289],[-1.8598176191534388,43.373803488116337],[-1.8598291844640935,43.373803655654797],[-1.8598369824695065,43.373799213198176],[-1.8598447755372527,43.373794770691816],[-1.8598525735572657,43.373790327333836],[-1.8598595272611209,43.373785884561656],[-1.859866570704183,43.373781527325072],[-1.8598736108121281,43.373777084513073],[-1.8598822441241181,43.373768114867325],[-1.8598892829783698,43.37376367294226],[-1.8598971642306237,43.373754786741685],[-1.8599050408616662,43.37374581765409],[-1.8599120818454327,43.373741459489707],[-1.8599192067518084,43.373732490110044],[-1.8599263316223411,43.373723522530419],[-1.8599326205317688,43.373714636660104],[-1.8599389900091348,43.373705666951309],[-1.8599453619191377,43.373696699067267],[-1.8599516483546961,43.373687813171195],[-1.8599634630994959,43.373674401852391],[-1.8599690783461218,43.373665433627039],[-1.8599738554822214,43.373656464249578],[-1.8599793889218188,43.373647579849468],[-1.8599842499757298,43.373638611308131],[-1.8599890295756716,43.373629641954544],[-1.8599930512841898,43.373620672248791],[-1.8599970729914816,43.373611702542846],[-1.8600011008344963,43.3736027346988],[-1.8600051213052451,43.373593764980185],[-1.8600083900221418,43.373584796771659],[-1.8600124964899578,43.373571302300626],[-1.8600149258459528,43.373562333828254],[-1.8600181945933549,43.3735533638188],[-1.8600207103534947,43.373544395307221],[-1.8600231421922275,43.373535425958963],[-1.8600256554825982,43.373526457422606],[-1.8600274182882275,43.3735174886083],[-1.8600290937878095,43.373508436083142],[-1.8600307702035253,43.373499466407537],[-1.8600317750685724,43.373490499942186],[-1.8600335362973457,43.373477002801103],[-1.8600336993697697,43.373468034247182],[-1.8600346256177842,43.373458981456281],[-1.8600347936433024,43.373450012051265],[-1.8600349595010672,43.373440960684611],[-1.8600351275095703,43.373431992179817],[-1.8600345413665602,43.373423021559724],[-1.8600340378529308,43.373409442412829],[-1.8600334479572509,43.373400474456588],[-1.8600328608980128,43.37339142098687],[-1.8600308507246228,43.373373401159533],[-1.860029592693293,43.373359905435301],[-1.8600290036921696,43.373346409176932],[-1.8600285035312392,43.373332914704577],[-1.8600287514005933,43.373319419585201],[-1.860029005791572,43.37330583988949],[-1.8600292561288254,43.373292344794642],[-1.860030261883407,43.373278850026821],[-1.8600321045405666,43.373265354597464],[-1.8600331102939398,43.373251859829573],[-1.8600357092831987,43.373238447576682],[-1.8600374679838074,43.373224953111084],[-1.8600400660372807,43.373211458908727],[-1.8600434195566324,43.373197962332398],[-1.8600466890868332,43.373184468520449],[-1.8600500385496022,43.373171056544741],[-1.8600541474803387,43.373157560294878],[-1.8600582539072232,43.373144065820767],[-1.8600592612800813,43.373135096678311],[-1.8600594292832051,43.373126128172977],[-1.8600557378065117,43.373117076172299],[-1.8600497060207553,43.37310802335292],[-1.8600428306581296,43.373103412997231],[-1.8600359586477222,43.373098887315891],[-1.8600267362648226,43.373098719743254],[-1.860019108874696,43.373094191933305],[-1.8600098898437343,43.373094109034085],[-1.8599982370109183,43.373093942442409],[-1.8599828157410396,43.373093774299001],[-1.8599704935808254,43.373093690175352],[-1.8599581713869351,43.373093607850976],[-1.8599458483271658,43.373093439974852],[-1.8599335261502929,43.373093356747532],[-1.8599211216388902,43.373093188056707],[-1.8599088842674234,43.373088578261488],[-1.8598973175405251,43.373088493557589],[-1.8598873439487873,43.373083884719222],[-1.8598805525213604,43.373079275190612],[-1.8598736805596503,43.373074747699114],[-1.8598683993004861,43.373065694249028],[-1.8598678134683855,43.373056642591102],[-1.8598679802651452,43.373047674073931],[-1.8598673932328438,43.37303862060309],[-1.8598675612636792,43.373029652098211],[-1.8598677296458275,43.373020598955478],[-1.859868646920078,43.373011630717137],[-1.8598688149505658,43.373002662212194],[-1.8598698239340461,43.372993608445952],[-1.8598723365082945,43.372980198035975],[-1.8598740959342717,43.372971146349066],[-1.8598757723563109,43.372962176674974],[-1.8598774487441005,43.372953208801391],[-1.8598799620637525,43.372944238466772],[-1.8598824803022247,43.372935269081573],[-1.8598849087334706,43.372926217761353],[-1.8598881774638105,43.372917247754444],[-1.8598906932147892,43.372908279244676],[-1.8598939594750359,43.372899309212954],[-1.8599010860173735,43.372885898880689],[-1.8599051076873148,43.372876929176435],[-1.8599091293391949,43.372867960372318],[-1.859913157143549,43.372858992529821],[-1.8599171775926084,43.372850021912498],[-1.8599268165310892,43.372832169544978],[-1.8599356202029693,43.372814230511032],[-1.8599443365658377,43.372800819817769],[-1.8599516293714409,43.372782881927805],[-1.8599596726304322,43.372764945215785],[-1.8599669654270139,43.372747007324634],[-1.8599735052430157,43.372729070930717],[-1.859979203290635,43.372711131547213],[-1.859984065145875,43.372697635601341],[-1.8599865808730034,43.372688667088845],[-1.8599882548016162,43.372679697387788],[-1.8599900166689676,43.372670645722934],[-1.8599933685817556,43.372657233772152],[-1.8599942911185539,43.372648180943351],[-1.8599959674961533,43.372639212166987],[-1.8599969724000358,43.372630242999698],[-1.8599979781477427,43.372616748230591],[-1.8599981452402128,43.37260769687505],[-1.8599983132829798,43.372598726568526],[-1.8599984812919341,43.37258975806251],[-1.8599971384443861,43.372576178650178],[-1.8599965510447325,43.372567209816957],[-1.8599959652305225,43.37255815635821],[-1.859994623606229,43.37254918991087],[-1.8599931972138612,43.372540136176248],[-1.8599926097981432,43.372531168243242],[-1.8599927793928595,43.372522115111622],[-1.8599952926426935,43.372513146573972],[-1.8599985613333661,43.372504176562856],[-1.8600033408385883,43.372495207205908],[-1.8600104639965593,43.372486322442377],[-1.8600159939696959,43.372477353362704],[-1.8600237917728653,43.372472911790538],[-1.8600315871404234,43.372468468392704],[-1.8600393834066742,43.372464108744175],[-1.8600471762868929,43.372459666220905],[-1.8600580735138739,43.37245522402791],[-1.8600658697428152,43.372450866178085],[-1.8600750886765003,43.372450949071727],[-1.8600844775200673,43.372446508047993],[-1.8600937799749155,43.372442066162321],[-1.8601030837769947,43.372442230939278],[-1.8601116345082371,43.372437789662861],[-1.8601201852719698,43.372433346585225],[-1.860128731981135,43.372428988107878],[-1.8601365273354757,43.372424544702675],[-1.8601443251231715,43.37242010312211],[-1.8601513650515809,43.372415660289974],[-1.8601584049789741,43.372411217457369],[-1.8601670413859077,43.372402333360384],[-1.8601748342827029,43.372397889027638],[-1.860180450610742,43.372388920800553],[-1.8601867368393952,43.372380036688199],[-1.8601938590738023,43.372371067262456],[-1.8601978831333934,43.372362097570885],[-1.8602483410735664,43.37226352419615],[-1.8603516075317417,43.372066460229092],[-1.860354792192392,43.372057491170473],[-1.8603588162066707,43.37204852147223],[-1.8603620823325164,43.3720395523248],[-1.8603645954897965,43.372030584677717],[-1.8603670272128003,43.37202161531858],[-1.8603680345181484,43.372012646170951],[-1.8603689545192874,43.372003593312783],[-1.8603691224364229,43.371994626605236],[-1.8603685374876053,43.371985655996539],[-1.8603671122681928,43.371976603177792],[-1.8603657684826085,43.371967552071013],[-1.8603635887799623,43.371958581777129],[-1.8603577220271026,43.371945004105811],[-1.8603563812617152,43.371931507557363],[-1.86036040523332,43.371922539659316],[-1.8603644292374315,43.371913569960576],[-1.8603714678228656,43.371909128901876],[-1.8603785077088126,43.371904684253984],[-1.8603877302292886,43.371904768958935],[-1.8603955254802682,43.371900326435011],[-1.8604048282499703,43.371900410137442],[-1.8604140467507162,43.371900577640702],[-1.8604233544568982,43.371900661390811],[-1.8604333262405919,43.371900744554324],[-1.8604426314618072,43.371900829178564],[-1.860449673793001,43.371896385451052],[-1.8604604022105871,43.371896468948613],[-1.8604674408208457,43.371892026083366],[-1.8604783412672403,43.371887668523151],[-1.8604884801582253,43.371883309676249],[-1.8604962741819944,43.371878866232748],[-1.8605033189243827,43.371874425227269],[-1.8605102723765348,43.371869981510791],[-1.8605180700824231,43.371865539002918],[-1.8605251931071318,43.37185665330442],[-1.8605330730634906,43.371847686004259],[-1.8605394422518413,43.371838716255958],[-1.8605442225240121,43.371829830623781],[-1.8605467347278286,43.371820780122356],[-1.8605492496180902,43.371807367016388],[-1.8605502560087144,43.371798313216317],[-1.8605546980723036,43.371766881700943],[-1.8605590569794159,43.371739891226639],[-1.8605634965991038,43.371708457885347],[-1.8605693638417529,43.371681467132078],[-1.8605761511268886,43.371650033770692],[-1.8605836102681674,43.371623128211894],[-1.8605911544861846,43.371591612347316],[-1.86060012322222,43.371564704720129],[-1.8606090894819174,43.371537797067433],[-1.8606189822460419,43.371506364930148],[-1.8606302146740483,43.371479458244075],[-1.8606415310433737,43.371452550592238],[-1.8606536810213228,43.371421201270415],[-1.8606657514785012,43.371394296626875],[-1.8606794154803756,43.371367388949274],[-1.8606938320451301,43.371340566205475],[-1.860708245717674,43.371309216018766],[-1.8607130250213413,43.371300246628074],[-1.8607162959553369,43.371291279318072],[-1.8607195644370256,43.371282311083071],[-1.8607204843725937,43.371273258220228],[-1.8607222457697012,43.371264289377557],[-1.8607224099956385,43.371255319029764],[-1.860721826533178,43.37124626649647],[-1.8607204021769088,43.371237297430469],[-1.8607174661022441,43.371228245770624],[-1.8607153693716307,43.371219193468484],[-1.8607116828766384,43.371210139734842],[-1.8607063991461119,43.371201088096932],[-1.8607004488960228,43.371192036121407],[-1.8606936617900014,43.371182983911972],[-1.8606867890940666,43.371178371819418],[-1.8606808338958982,43.371169320693987],[-1.8606739633204195,43.371164793263148],[-1.860667089326522,43.371160184758224],[-1.8606594633618692,43.371155657003953],[-1.8606518352467185,43.371151046387268],[-1.860644207099023,43.371146437570616],[-1.8606358207767186,43.371141911243448],[-1.8606273582593493,43.371137301316018],[-1.860620564554633,43.371132690006483],[-1.8606090841447065,43.371128080623649],[-1.8606022123114565,43.371123554976805],[-1.860595421559065,43.371114500924257],[-1.8605924892108379,43.371105449298177],[-1.860591900849244,43.371096395814767],[-1.8605951668699674,43.371087427558528],[-1.8605975985184631,43.371078458192223],[-1.8606046407252579,43.371074015353614],[-1.8606116828973065,43.371069574315108],[-1.860619478924646,43.371065215523785],[-1.8606265173923726,43.371060774447471],[-1.8606357385853751,43.37106085731817],[-1.8606451259720009,43.371056414431635],[-1.8606543471644044,43.371056497300842],[-1.8606612174098276,43.371061107570107],[-1.8606712754421357,43.371061191572032],[-1.8606780691765941,43.371065801078018],[-1.8606849385241486,43.371070327596001],[-1.860693408441217,43.371074937592937],[-1.8607026271515597,43.371075021333958],[-1.8607118483638019,43.371075103298267],[-1.8607211510083541,43.37107518697357],[-1.8607303721701229,43.371075271637238],[-1.8607397604362101,43.371070913393041],[-1.8607467162296583,43.371066470585234],[-1.8607561048096175,43.371062029502326],[-1.8607654103886822,43.371057670432272],[-1.860774124642318,43.371048700620342],[-1.8607826739104587,43.371044258377367],[-1.8607905546729844,43.371035372105673],[-1.8607983473142902,43.371030929527464],[-1.8608054751344685,43.371022043857842],[-1.8608117602262702,43.371013075956512],[-1.8608188846732989,43.371004106511521],[-1.8608245016582072,43.370995222898323],[-1.8608285242959779,43.370986253168077],[-1.8608340577106262,43.370977284080539],[-1.8608381638415574,43.370963787769213],[-1.8608406768811305,43.370954820108715],[-1.8608423530654923,43.370945852215691],[-1.8608440305171028,43.370936882534366],[-1.8608450355790311,43.370927830517957],[-1.8608452034871323,43.370918860206146],[-1.8608453713614532,43.370909891694872],[-1.8608455358328753,43.370900841209632],[-1.8608448644188924,43.370891870640733],[-1.8608442784892578,43.37088281718249],[-1.860842938056124,43.37087384805303],[-1.8608407598353778,43.370864796741706],[-1.8608386643318322,43.370855744453479],[-1.8608357295245022,43.370846691007834],[-1.8608327968193392,43.370837723124829],[-1.8608275970524644,43.37082867052753],[-1.8608224005689482,43.370815090550131],[-1.8608203038356268,43.370806038249235],[-1.8608181265382402,43.370797069787088],[-1.8608167852265107,43.370788016007062],[-1.8608161992680452,43.370778964349114],[-1.860816364677665,43.370769995813085],[-1.8608172855072953,43.37076102579806],[-1.860818210355111,43.370751972982561],[-1.8608207234050747,43.37074300442184],[-1.8608231550055998,43.370734035049665],[-1.8608271788090074,43.37072506803198],[-1.8608312001936325,43.370716098288703],[-1.8608360608794867,43.370707129702602],[-1.8608423493361166,43.370698243772658],[-1.860848718321662,43.370689275804047],[-1.8608550046563568,43.370680305210861],[-1.8608660714926786,43.37066697908601],[-1.8608755422936394,43.370658009598436],[-1.8608803202855637,43.370649040186628],[-1.8608897902723134,43.370635629719253],[-1.8608985925227604,43.370622218002325],[-1.860906552949471,43.370608807804068],[-1.8609136790248213,43.370595395597348],[-1.8609201327451954,43.370581899255001],[-1.860925748012628,43.370568488206295],[-1.8609314472277831,43.370555076192609],[-1.860936306188534,43.370541581972915],[-1.8609396617845142,43.370528087185363],[-1.8609413355067974,43.370519117464809],[-1.8609438509964613,43.370510148925284],[-1.8609455271351791,43.370501181930017],[-1.8609480401889862,43.370492211565256],[-1.8609521511959954,43.370478715297217],[-1.8609538273156625,43.370469749202023],[-1.8609586855623967,43.370460776984253],[-1.8609611195649305,43.370451809433476],[-1.8609659777416985,43.370442840816438],[-1.8609723483847107,43.370429429185087],[-1.860978804508205,43.370415934663839],[-1.8609859285598593,43.370407047143509],[-1.8609891105167244,43.370398080738887],[-1.8609969927138332,43.370389111625634],[-1.8610057899677688,43.370375699850037],[-1.8610144259908916,43.3703668138808],[-1.8610192026709493,43.370357846250492],[-1.8610294300495658,43.370348875280762],[-1.8610395693896316,43.37033999167636],[-1.861047450021649,43.370331105384437],[-1.8610561690304248,43.370322137397977],[-1.8610640447214184,43.37031325105567],[-1.8610711715156232,43.370304281617095],[-1.8610790520709419,43.370295398923943],[-1.8610860900083548,43.370286428599456],[-1.8610932151955972,43.37027754468528],[-1.8611003395131176,43.370268575220187],[-1.861106709648721,43.370259607247895],[-1.8611129967844489,43.370250721289153],[-1.8611193681840299,43.370241751527828],[-1.8611257370798848,43.370232783542079],[-1.8611312700643485,43.370223897275089],[-1.861136799610279,43.370214930834379],[-1.8611416651965684,43.370205959581909],[-1.861147194789827,43.37019699043983],[-1.8611519739047067,43.370188022827918],[-1.8611568337039777,43.370174611446764],[-1.8611632844896691,43.370161200602212],[-1.8611697405750347,43.37014770426822],[-1.8611746028519693,43.370134292010434],[-1.8611801336509004,43.370125323779085],[-1.8611858330993161,43.370111828012988],[-1.8611921213913794,43.370102944762429],[-1.8611977373853337,43.370093974677275],[-1.8612041918721502,43.370080562966628],[-1.8612112297320864,43.370071594434165],[-1.8612176010979788,43.37006262466673],[-1.8612247262393193,43.370053740743508],[-1.8612326890025976,43.370040329643928],[-1.8612398132880827,43.37003135926895],[-1.8612476904469071,43.370022390988041],[-1.861255568504917,43.370013506456452],[-1.8612642891347766,43.370000093896991],[-1.8612729225474609,43.369991210582832],[-1.8612815551065767,43.369982240817244],[-1.8612902724804856,43.36997335563651],[-1.8612996603941621,43.369964387088061],[-1.8613160887795182,43.369951058478506],[-1.8613381318307076,43.369928762462344],[-1.8613609314923918,43.369906465871466],[-1.8613843993923804,43.369888694338407],[-1.8614087081894521,43.369866482998397],[-1.861432931435157,43.369848711772399],[-1.8614573232458991,43.369826415706548],[-1.861483054742578,43.369808645079232],[-1.8615088698244504,43.369790958118656],[-1.8615347723492475,43.369768661768859],[-1.8615479323235009,43.369764303187878],[-1.8615564801535973,43.369759859070584],[-1.8615673764369087,43.369755501362945],[-1.8615767684899711,43.369751058445026],[-1.861583721585546,43.369746616458634],[-1.8615937827905746,43.369746783251216],[-1.8616008247697775,43.369742340347713],[-1.8616108825535111,43.369742426065137],[-1.861621611846203,43.369742508561544],[-1.861631669680565,43.369742591576319],[-1.8616417258984181,43.369742761016369],[-1.8616524551912677,43.369742843509876],[-1.8616625167110872,43.369742927459058],[-1.8616725745288178,43.369743011370517],[-1.8616793632254323,43.369747622568646],[-1.8616894247629683,43.369747705615197],[-1.8616962965420727,43.369752230296669],[-1.8617055147232817,43.369752397692231],[-1.8617123864536111,43.369756925073574],[-1.8617207723539222,43.369761534158968],[-1.861729240017912,43.369766061217135],[-1.8617368668107535,43.369770671749748],[-1.8617444948724737,43.369775280493585],[-1.8617512802246772,43.369779807012762],[-1.8617573168821897,43.369788859795854],[-1.8617641919908365,43.369793470948608],[-1.8617701410170517,43.369802523759184],[-1.8617754235220703,43.369811577138798],[-1.8617783572226496,43.369820628750126],[-1.8618238739895727,43.369942588089941],[-1.8618718237702772,43.370060188281435],[-1.8619220315798082,43.370177704671072],[-1.8619754286533439,43.370295305000731],[-1.8619843127631259,43.370313408518314],[-1.8620027574644367,43.370358588866161],[-1.8620197744862304,43.370399326638854],[-1.8620367067449113,43.370439978023477],[-1.8620513728260386,43.370480631166437],[-1.8620659616933892,43.370525810951776],[-1.8620754328353575,43.370557410696861],[-1.8620849857896673,43.370584569384064],[-1.8620928674978716,43.370616085778337],[-1.8621007488657191,43.370647686809882],[-1.8621071207212536,43.370679286326876],[-1.8621126495276406,43.370710887359408],[-1.862118268774811,43.370742404650095],[-1.8621229625247118,43.370778531088391],[-1.8621262341388081,43.370810048429796],[-1.8621295033214849,43.370841563945902],[-1.8621312625835698,43.370873165286817],[-1.862131850286977,43.370882134115],[-1.862133947218293,43.370891186393933],[-1.8621361246963786,43.370900155733388],[-1.862139058499868,43.370909207334932],[-1.8621427489267937,43.370918259261458],[-1.8621479426770633,43.370927314440529],[-1.8621523897459775,43.370936365791522],[-1.862159177044078,43.370945417916865],[-1.8621674784761919,43.370954555341811],[-1.8621743479408597,43.370959080871224],[-1.8621811401810233,43.3709681330444],[-1.8621887683915408,43.370972743560266],[-1.8622001655008733,43.370981879368422],[-1.8622123192034434,43.370991017300639],[-1.862219949018171,43.370995542288554],[-1.8622268193605664,43.371000153365344],[-1.8622336116130573,43.371009205535479],[-1.8622473564047681,43.37101834038517],[-1.8622541464863258,43.371022953363088],[-1.8622609350768085,43.371032003694268],[-1.862273090066237,43.371041139831881],[-1.8622852459361452,43.371054718748098],[-1.8622965609217217,43.371068381142003],[-1.8623191948908235,43.371095624926568],[-1.8623364594750056,43.371118255460736],[-1.8623523025123458,43.37113644258563],[-1.8623689026690742,43.371159160150533],[-1.862383904782583,43.37118179158108],[-1.8623989106261865,43.371204422146249],[-1.862413160740654,43.371227137036357],[-1.8624265706354279,43.371249767929349],[-1.8624400681430473,43.37127240059268],[-1.8624527263497181,43.371295032108861],[-1.862458758287945,43.371304086606834],[-1.8624663866119471,43.371308694403787],[-1.8624731789170135,43.371317747460274],[-1.8624808072101688,43.371322357056819],[-1.8624906942640302,43.371326968411132],[-1.8625000006716383,43.37132705107873],[-1.8625068726542586,43.371331577513459],[-1.8625160951112907,43.371331661145547],[-1.8625261519433893,43.371331745872858],[-1.8625353716015454,43.371331913216459],[-1.8625454308850953,43.3713319988669],[-1.8625532284092168,43.371327554416844],[-1.8625631988717444,43.371327637381334],[-1.86257569010656,43.371323279235355],[-1.8625873420284067,43.371318919943462],[-1.8625943001693961,43.371314477947067],[-1.8626043582834779,43.371314559978877],[-1.862614415096207,43.371314645598666],[-1.8626236375678278,43.371314728321778],[-1.8626336956484002,43.371314812151567],[-1.8626436706979548,43.37131497979604],[-1.8626512956323045,43.371319505606913],[-1.8626589226885131,43.371324116079734],[-1.8626657946660079,43.371328643405313],[-1.8626726700329845,43.371333253604668],[-1.8626795445143498,43.371337779153436],[-1.8626854950579637,43.371346831929472],[-1.8626891855917083,43.371355883838902],[-1.8626898544827291,43.371364938112428],[-1.8626888488164561,43.371373904596886],[-1.8626856657704363,43.371382873738092],[-1.8626792944432486,43.371391845386704],[-1.862675270882056,43.371400811570844],[-1.8626674733908293,43.371405254228584],[-1.8626619454544449,43.371414140618519],[-1.8626563308166395,43.371423108986342],[-1.8626523034803546,43.371432078733832],[-1.8626490352401883,43.371441048827457],[-1.8626457683004112,43.371450015332172],[-1.862644844025197,43.371458985326953],[-1.8626439243721931,43.371468038208157],[-1.8626445072524349,43.371477005184055],[-1.862645932784291,43.371486058879121],[-1.862648785240574,43.371495109657765],[-1.86265247235527,43.37150408049456],[-1.8626622828838997,43.371517742295445],[-1.8626674780458208,43.371526794762872],[-1.8626743500801806,43.371531320287509],[-1.8626803869938304,43.371540375723413],[-1.8626872574828157,43.371544984072365],[-1.8626940489239243,43.37154959523648],[-1.8627016763592947,43.371554121068733],[-1.8627093046825101,43.371558731550643],[-1.8627200361103797,43.371563340477302],[-1.8627308496289299,43.371563424608063],[-1.862737722558891,43.371568034779123],[-1.8627469413333779,43.371568119256459],[-1.8627561610519656,43.371572644712337],[-1.8627669754927125,43.371572811689347],[-1.8627769472301989,43.371572894647905],[-1.86278701025663,43.37157298031434],[-1.8627978201084945,43.371573062601421],[-1.8628056160308095,43.371568704560687],[-1.8628155877677501,43.371568787515891],[-1.8628233852695819,43.371564344848267],[-1.8628311803021127,43.371559902155546],[-1.862838219903354,43.371555460954561],[-1.8628507105960472,43.371546575361187],[-1.8628639535839322,43.371542215655019],[-1.8628725024257253,43.371537857893124],[-1.8628802974513066,43.371533415196978],[-1.8628896038580218,43.371533499633763],[-1.8628988239122961,43.371533581410247],[-1.8629080451502367,43.371533665899065],[-1.8629173478716408,43.371533749396519],[-1.8629273233054686,43.371533832378724],[-1.8629357897237839,43.371538443975538],[-1.8629425762805869,43.371543053275495],[-1.8629494532234598,43.371547581533719],[-1.8629563249512235,43.37155219077929],[-1.8629631124366843,43.37156124285805],[-1.8629668017901664,43.371570294746533],[-1.8629681425500344,43.371579263853697],[-1.8629672229428904,43.371588316737828],[-1.8629655470176902,43.371597286464869],[-1.8629653794517536,43.371606254981657],[-1.8629652103214311,43.37161530722382],[-1.8629673040447705,43.371624274813293],[-1.8629716666950005,43.371637853604739],[-1.8629753560205147,43.371646907293396],[-1.8629806351917151,43.371655958780892],[-1.8629875096986908,43.371660486112106],[-1.8629919519912799,43.371669538282475],[-1.863000333280997,43.371674149028031],[-1.8630071207862815,43.37168320110424],[-1.8630147491490421,43.371687811566105],[-1.8630231329112041,43.371692422334583],[-1.8630315133361313,43.371696947527433],[-1.8630383887554931,43.371701558605544],[-1.8630476939711433,43.371701642117209],[-1.8630544830226969,43.371706251435228],[-1.863064458150228,43.371710778974034],[-1.8630752701487963,43.371710945897625],[-1.8630852443444343,43.371711030654673],[-1.8630928702821201,43.371715639286322],[-1.8631036862971768,43.371715723406687],[-1.8631144961418253,43.371715807464653],[-1.8631253121569726,43.371715891582966],[-1.8631361241567312,43.371716058500809],[-1.8631492835569381,43.371711615090256],[-1.8631756010181533,43.371707424946052],[-1.863201169628278,43.371703148112736],[-1.863225896382914,43.371698873710265],[-1.8632514634053985,43.371694681491263],[-1.8632769418156252,43.371690409146971],[-1.8632986519372916,43.371686131755546],[-1.8633110568088804,43.37168177267106],[-1.8633203595205419,43.371681857936508],[-1.8633303362140281,43.371681940896124],[-1.8633396389594017,43.371682024359458],[-1.863349615619335,43.371682109117913],[-1.8633596737965803,43.371682191083998],[-1.8633673021864214,43.37168680152265],[-1.8633765209808262,43.371686885949444],[-1.8633833939742777,43.371691496082292],[-1.8633934521195517,43.371691579845972],[-1.863401835945133,43.37169618878643],[-1.863409460950475,43.371700716348144],[-1.8634163351820978,43.37170532649133],[-1.8634223722909553,43.371714378288139],[-1.8634291604514297,43.371718904734593],[-1.8634359513817713,43.371728041460742],[-1.8634403937461603,43.371737093614371],[-1.863444082242909,43.37174606353873],[-1.8634455079498402,43.371755114523992],[-1.8634453404200804,43.371764084842596],[-1.8634451713770239,43.371773136185737],[-1.8634426586669153,43.371782104806378],[-1.8634402273893858,43.371791075136755],[-1.8634392205574672,43.371800043416599],[-1.8634360375643662,43.371809014379572],[-1.8634327666705255,43.371818065508386],[-1.8634287447035374,43.371826950694761],[-1.8634247187202917,43.371835918681484],[-1.8634198583199806,43.371844887379169],[-1.8634128205384981,43.371853857846709],[-1.8634064493341416,43.371862825934656],[-1.8634009153082955,43.371871711398754],[-1.8633945465684714,43.371880679510525],[-1.8633874223755587,43.371889650018012],[-1.8633802973265357,43.371898534074319],[-1.8633724998212202,43.37190297677963],[-1.8633646242870037,43.371911861479433],[-1.8633521348261679,43.371920747140649],[-1.8633466029254808,43.371929716364036],[-1.8633348688933036,43.371938600527692],[-1.8633292530698733,43.371947568916042],[-1.8633191088169812,43.371956454473235],[-1.8633142459230083,43.371965423141368],[-1.8633047774705191,43.371978834722647],[-1.8632952201419897,43.371992246320104],[-1.8632873396483813,43.37200113096511],[-1.863283318535083,43.372010100795876],[-1.8632753568749729,43.372023594885526],[-1.8632689840775583,43.372037007521058],[-1.8632625322949792,43.372050419371035],[-1.8632600170775355,43.372059387962295],[-1.8632551560335342,43.372072882257072],[-1.8632502949705112,43.372086377451872],[-1.8632469413394679,43.372099789483286],[-1.8632435910961587,43.37211328438871],[-1.8632419152291679,43.372122252318754],[-1.863240154773347,43.372135748620494],[-1.8632383103642274,43.372149245888536],[-1.8632381412881134,43.372158297230406],[-1.8632378892209354,43.372171791418104],[-1.8632383949925393,43.372185287736563],[-1.8632382274633683,43.372194256253302],[-1.8632395701577498,43.372207750086012],[-1.8632415778045877,43.372221328867006],[-1.863243005004507,43.372230298829322],[-1.863246609883769,43.372243877279764],[-1.8632502147309398,43.372257457530658],[-1.8632545716631157,43.372270951611789],[-1.8632566712399676,43.372280005695465],[-1.8632648820385824,43.37229811051921],[-1.8632708327271814,43.372307165065841],[-1.8632801393038891,43.372307246771356],[-1.863289359426116,43.372307331218472],[-1.8632987492859807,43.372302888139565],[-1.8633057034746887,43.37229852890183],[-1.8633098128569046,43.37228503253651],[-1.8633139197353996,43.372271537946972],[-1.8633196173599837,43.3722581258018],[-1.863325235044639,43.372244631822149],[-1.8633324447417614,43.372231218498243],[-1.8633396519001921,43.372217808750378],[-1.8633429176148986,43.372208838612984],[-1.863351555113226,43.372199869644021],[-1.8633602706210648,43.372186459579815],[-1.8633650496077658,43.372177490076041],[-1.863374517469806,43.372168604995686],[-1.8633792964529681,43.372159635491244],[-1.8633895221823003,43.372150750738882],[-1.8634005866211676,43.37213733970647],[-1.8634123207164477,43.372128453736138],[-1.8634186089006519,43.372119570364937],[-1.8634303420517353,43.372110602443321],[-1.8634373826631474,43.372106240454634],[-1.8634498721167443,43.372097356585215],[-1.8634639563423201,43.372088471456053],[-1.8634725031146171,43.372084028087393],[-1.8634826454647675,43.372079672611029],[-1.8634896876156761,43.372075227793914],[-1.8634989089711176,43.37207531043547],[-1.8635067039879125,43.372070869497811],[-1.8635159228745455,43.372070952113461],[-1.8635259810829634,43.372071035866178],[-1.8635352847762423,43.372071203964431],[-1.8635452615342263,43.372071286905985],[-1.8635553185086984,43.372071370643852],[-1.8635621906372322,43.372075897916666],[-1.863571410412689,43.372076065178028],[-1.8635790404479209,43.372080590977319],[-1.8635890986581234,43.372080674724501],[-1.8635958877930472,43.372085284011007],[-1.8636035152958355,43.372089813385259],[-1.8636103883852506,43.372094421704311],[-1.8636172639271036,43.372099030947744],[-1.8636232961675012,43.372108082685031],[-1.8636301707734688,43.37211260997838],[-1.8636353685974409,43.372121662427602],[-1.8636390580835906,43.372130714295011],[-1.8636419896651157,43.372139767635268],[-1.8636425775996786,43.372148736456346],[-1.8636424085500667,43.372157789600053],[-1.8636393073365427,43.372198274976022],[-1.8636370454592115,43.372238760588331],[-1.8636362944063336,43.372279245906213],[-1.8636362947095642,43.372319816128034],[-1.8636369674900628,43.372364827698426],[-1.8636374678582401,43.372382848671378],[-1.8636388112007334,43.372391817795268],[-1.8636417427939798,43.372400871135248],[-1.8636469406434029,43.37240992358381],[-1.8636538162064116,43.372414533725497],[-1.8636606884310489,43.372419058291825],[-1.8636675615110989,43.372423669308461],[-1.8636743510022498,43.372428195753173],[-1.8636836538795563,43.372428278289497],[-1.8636905294306236,43.372432889329303],[-1.8636997458876297,43.372432972806486],[-1.8637113186570349,43.372433058086017],[-1.863721374145314,43.37243322463506],[-1.863729922165468,43.372428782160306],[-1.8637391435752082,43.372428864783082],[-1.8637469411224687,43.372424422053598],[-1.8637562414807856,43.372424507260341],[-1.8637640390262573,43.372420064529685],[-1.8637718349905379,43.372415706424121],[-1.86377887465827,43.372411263365677],[-1.8637858328739989,43.372406819497485],[-1.8637928749742712,43.37240237826321],[-1.8637992437457045,43.372393408329472],[-1.8638063688103739,43.37238452334752],[-1.8638126560765227,43.372375555304508],[-1.8638352018258546,43.372326266822427],[-1.8639170042830826,43.37216046934644],[-1.8640035052907031,43.371990311729149],[-1.8640937776934801,43.37182459555482],[-1.8641047567316655,43.371811185405853],[-1.8641117987728364,43.371806742349897],[-1.8641188408130029,43.371802299293506],[-1.8641258812726018,43.371797940862315],[-1.864135102587972,43.371798023452115],[-1.8641421421572502,43.371793580369733],[-1.8641514473567566,43.371793665592286],[-1.8641606674374713,43.371793748167747],[-1.8641698874846242,43.371793832543027],[-1.8641775159508041,43.371798442928387],[-1.8641868187165911,43.371798526323012],[-1.8641951979933862,43.371803052319642],[-1.8642044224484193,43.371807662347138],[-1.8642220239007961,43.371812357376065],[-1.8642312446906268,43.371816965564093],[-1.8642404635074068,43.371817049921432],[-1.8642496015478467,43.371821660887903],[-1.8642589030833081,43.371821744264437],[-1.8642680423935729,43.371826353441172],[-1.8642773438962101,43.371826438616765],[-1.8642872349064474,43.371831048053998],[-1.8642965401457565,43.371831131464262],[-1.8643057614330683,43.371831215840906],[-1.8643157350970176,43.371835827897399],[-1.8643249564523077,43.3718359086714],[-1.8643350146244928,43.371835992352544],[-1.864344148972781,43.371840603274777],[-1.8643542083966869,43.3718406860662],[-1.8643641851026997,43.371840769836162],[-1.8643734853737459,43.371840854991724],[-1.8643834615799013,43.371845463465789],[-1.8643934382699949,43.371845548133493],[-1.8644034948984458,43.371845714633757],[-1.864412716188302,43.371845799001797],[-1.8644227743623938,43.371845882675196],[-1.8644327510526888,43.371845967339489],[-1.8644428092268672,43.37184605101114],[-1.8644528661670108,43.371846134669667],[-1.8644620887247767,43.371846217245448],[-1.8644721453200435,43.371846385540195],[-1.8644821220441781,43.371846468399632],[-1.8644921801850092,43.371846553867485],[-1.8645014810325038,43.371842109805364],[-1.8645115413295634,43.371842278133435],[-1.8645215995033857,43.371842361798166],[-1.8645308220607899,43.371842444368376],[-1.8645408789670255,43.371842529819702],[-1.8645509361335284,43.371838168900219],[-1.864560242541627,43.371838255902404],[-1.8645702131110322,43.371838337792575],[-1.8645796027896993,43.371833895506512],[-1.8645888241119057,43.371833978059804],[-1.8645989639243827,43.371829619757555],[-1.8646120400283828,43.371829702763684],[-1.8646190829247014,43.371825344326339],[-1.8646291423133743,43.371825428894063],[-1.8646399521994292,43.371825511907815],[-1.8646506818526043,43.371825595024397],[-1.8646614963136625,43.371825763623313],[-1.8646708003192083,43.371825846990859],[-1.8646807721042218,43.371825929783896],[-1.8646876467587674,43.37183045701439],[-1.8646977082888518,43.371830625338298],[-1.8647053334426535,43.371835151014224],[-1.8647129607211665,43.371839761352092],[-1.8647221808105792,43.371839843882363],[-1.8647290579379927,43.37184437113492],[-1.8647366815171926,43.371848981434468],[-1.8647442271874066,43.371858032830396],[-1.8647518557058498,43.371862643177948],[-1.8647586434942967,43.371871695153033],[-1.8647654361707466,43.371880749877526],[-1.8647691233437209,43.371889801686052],[-1.8647712207167237,43.371898853019552],[-1.8647726441059378,43.371907906666571],[-1.864773232222523,43.371916874583782],[-1.8647723094861177,43.371925844610722],[-1.8647705508206798,43.371934896383102],[-1.8647681197485118,43.371943865843321],[-1.8647656047570056,43.371952834470378],[-1.8647639290851803,43.371961804226061],[-1.8647621694942125,43.371970773148611],[-1.8647588146573129,43.371984268053538],[-1.8647578919511367,43.371993236279685],[-1.864756972602388,43.372002289180465],[-1.8647560473938307,43.372011259182578],[-1.8647558801061046,43.372020226804018],[-1.8647557136910362,43.372029279975933],[-1.8647555463863559,43.37203824849761],[-1.8647553775029451,43.372047301644947],[-1.8647552101981142,43.372056270166631],[-1.8647558007645153,43.372065239008464],[-1.8647563872842139,43.372074292451465],[-1.8647577292409703,43.372083344389551],[-1.8647583987903245,43.372092314015433],[-1.8647620040012098,43.372105892422141],[-1.8647633450362768,43.372114861510504],[-1.8647655238493228,43.372123914552716],[-1.8647676187441369,43.372132966761754],[-1.8647697966856518,43.372141934253392],[-1.8647741572892438,43.37215551385551],[-1.864831827127355,43.372331623500997],[-1.8648434815888049,43.372327262204223],[-1.8648552154801037,43.37231837788471],[-1.8648661144639715,43.372314019891633],[-1.8648778483830015,43.372305133769181],[-1.8648887440049744,43.372300691099198],[-1.8648995565960333,43.372296332245348],[-1.8649105375691075,43.372287445849167],[-1.8649214356201849,43.37228300500103],[-1.8649316611819353,43.37227411830812],[-1.8649426396445112,43.372265233684772],[-1.8649527008329145,43.372260791730625],[-1.8649621696964127,43.372251907429039],[-1.8649723088261703,43.372243021675409],[-1.8649816997901341,43.372238578469002],[-1.8649910872119462,43.372229692456173],[-1.8650005597504811,43.372220809088248],[-1.8650098605859111,43.372216366785835],[-1.8650184975316486,43.37220748052561],[-1.8650271286149476,43.372198511366079],[-1.8650358482236429,43.37218962682536],[-1.8650444780845035,43.372180656751915],[-1.8650523583479051,43.372171771983474],[-1.8650602385921942,43.37216288811473],[-1.8650681179777835,43.372153917794662],[-1.8650752418897145,43.372144950781539],[-1.8650823667734697,43.372136063916741],[-1.8650894067791279,43.37212709516951],[-1.8650965315915253,43.372118211904862],[-1.8651029001416815,43.372109241895615],[-1.8651100277958308,43.372100272216059],[-1.8651155566421525,43.372091387518317],[-1.8651219301230362,43.372082417556889],[-1.8651274580758914,43.372073448208326],[-1.8651330736481648,43.372064479729026],[-1.8651386086582642,43.372055595091311],[-1.8651433861396312,43.372046625497731],[-1.8651482492157681,43.372033132042674],[-1.8651531081443864,43.372024163256917],[-1.8651571323427012,43.372015278032052],[-1.8651611556497032,43.372006308156813],[-1.8651651789219295,43.371997340081975],[-1.8651692866037126,43.371983845432567],[-1.8651725520365254,43.371974875239417],[-1.8651757384357406,43.371965906963183],[-1.8651782533843466,43.371956937426184],[-1.8651808502570009,43.37194344219045],[-1.8651832837366802,43.371934472745266],[-1.8651857961978107,43.371925504083819],[-1.8651874733341651,43.371916452396334],[-1.8651893181600321,43.371903041542154],[-1.8651909928773389,43.371893987129241],[-1.8651919130497472,43.371885018874252],[-1.865192836924159,43.37187605065597],[-1.8651939266907132,43.37186255487088],[-1.865194093039628,43.371853501697366],[-1.8651942602785985,43.371844533174041],[-1.8651945119259423,43.371831038076152],[-1.8651946807427611,43.371821984927074],[-1.8651940086630086,43.37181301527815],[-1.8651935048598807,43.371799522588248],[-1.8651921653453223,43.371790468878103],[-1.8651907378329526,43.371781500736937],[-1.8651893995532443,43.371772447038978],[-1.8651873022850838,43.371758952042626],[-1.8651859602704519,43.371749900108405],[-1.8651837814069143,43.371740847073113],[-1.8651809319701944,43.371731878327608],[-1.8651780821016106,43.371718299325046],[-1.8651751490756232,43.371709246008948],[-1.865172967402869,43.371700277586818],[-1.8651708724443514,43.371691226284284],[-1.8651702858654451,43.371682172842171],[-1.8651696137568219,43.371673204993499],[-1.8651706203819094,43.371664233994537],[-1.8651715396294481,43.371655182889711],[-1.8651732152319296,43.371646213126809],[-1.8651764880159662,43.371637244806841],[-1.8651797534280474,43.371628274612725],[-1.865184534520413,43.371619307753896],[-1.8651909030207259,43.371610336837961],[-1.8651956801141578,43.371601451878981],[-1.865202806426048,43.371592483980336],[-1.8652090921864233,43.37158351494358],[-1.8652161303690775,43.371579074482348],[-1.8652231757120612,43.371574713330432],[-1.865230299565324,43.371565744505212],[-1.8652388473544974,43.371561301914376],[-1.8652466431039609,43.37155694370523],[-1.8652551908907127,43.371552501113143],[-1.8652645804927979,43.371548057869312],[-1.8652738833634686,43.371543698405461],[-1.8652832716951901,43.371539256948367],[-1.8652933311938864,43.371534897787235],[-1.8653034724848039,43.371530454795462],[-1.8653142847721171,43.371530538669646],[-1.8653243430331037,43.371526179493493],[-1.8653351565538139,43.371526263377959],[-1.8653421984733443,43.371521820244659],[-1.8653537658120025,43.371521989044766],[-1.865364579332067,43.371522072926425],[-1.865398611048706,43.371517882273828],[-1.8654325584382239,43.371518214585102],[-1.8654665062136555,43.371514023979898],[-1.8655005351245009,43.371509917010023],[-1.8655345668425964,43.371505725416505],[-1.8655685960880484,43.371501533788305],[-1.8656026311392937,43.371497427749382],[-1.8656359062305403,43.37149323492298],[-1.8656699366967318,43.371489043276725],[-1.8657032130880533,43.371480409473421],[-1.8657357364196476,43.37147621906599],[-1.8657690131548947,43.371467499705091],[-1.8658023734556539,43.371458865804669],[-1.8658202238734527,43.371454508232098],[-1.8658294497352526,43.371454675371609],[-1.8658395065816182,43.371454760708033],[-1.8658487253820537,43.371454843134615],[-1.8658588678540617,43.371450400105132],[-1.8658680891052837,43.3714504834549],[-1.865878148126612,43.371450650749559],[-1.8658873668929838,43.37145073497355],[-1.8658974237388868,43.371450820304865],[-1.8659066462411527,43.371450902763478],[-1.8659167043547917,43.371450986304794],[-1.8659258412701303,43.371455595325592],[-1.8659358993510473,43.371455680665797],[-1.8659451206368618,43.371455762208782],[-1.8659544245394637,43.37145584817214],[-1.8659635614584396,43.37146045718994],[-1.8659736195738494,43.371460540726289],[-1.8659820010656125,43.371465151255634],[-1.8659912198009412,43.371465237271849],[-1.8660042979044547,43.371469845750113],[-1.8660172880469261,43.371474537995979],[-1.8660257550388291,43.371479064728646],[-1.8660341390053363,43.371483675278718],[-1.8660425180367475,43.371488285779236],[-1.8660525761570013,43.371488369308686],[-1.8660593694278893,43.37149289565],[-1.8660686730441416,43.371493063541251],[-1.8660778943192391,43.371493145973886],[-1.8660871970106623,43.371493231013957],[-1.8660964157841136,43.371493315221194],[-1.8661057222114279,43.371493398495922],[-1.8661149410185138,43.371493480901094],[-1.8661241622602729,43.371493565130557],[-1.8661312016511895,43.371489121923474],[-1.8661413450003461,43.371484763519014],[-1.8661514010368658,43.371480321407454],[-1.8661600335911186,43.371475962428541],[-1.8661669914940551,43.371471520212154],[-1.8661740358156753,43.371467077051307],[-1.8661881988830153,43.371453665854538],[-1.8662223137093792,43.371404461882051],[-1.8662928040809523,43.371306140249047],[-1.8663648062753471,43.371207817349926],[-1.8663703351982164,43.371198847949223],[-1.8663767055889184,43.371189962526913],[-1.8663807298604826,43.371180994417649],[-1.8663855058543919,43.371172024755786],[-1.8663880205564471,43.371163056989161],[-1.8663904513569463,43.371154087490268],[-1.8663914593348905,43.371145033652461],[-1.8663931347087721,43.371136065669283],[-1.8663933017668803,43.371127097141098],[-1.8663927162437437,43.371118043714638],[-1.8663912898019062,43.37110907559785],[-1.8663899501218923,43.371100021898847],[-1.8663862602839578,43.371090970114743],[-1.8663833283399351,43.371081916839216],[-1.8663796385040312,43.371072865054892],[-1.8663744403555274,43.371063812725218],[-1.8663691582911353,43.371054759563414],[-1.8663616149422297,43.371045708296371],[-1.8663533187234682,43.371036654067488],[-1.8663464455741967,43.371032044110947],[-1.8663404945117787,43.371022991519204],[-1.8663328659746832,43.371018381276791],[-1.8663259936872318,43.371013857769803],[-1.8663192008874683,43.371004802234886],[-1.8663123277443869,43.371000192276313],[-1.866306379175017,43.370991138807049],[-1.8662941384127572,43.370982003147518],[-1.8662828234622502,43.370968423988842],[-1.8662715075915515,43.370954761979363],[-1.8662610319912547,43.370941182135489],[-1.8662565028416807,43.370932131030266],[-1.8662475355753514,43.370918550831647],[-1.8662385649028976,43.370904888658465],[-1.8662348784921106,43.370895919743674],[-1.8662274170600219,43.370882340966318],[-1.8662237272588824,43.370873289177048],[-1.8662170212538685,43.370859708884275],[-1.8662140893455363,43.370850655604471],[-1.8662089731020166,43.370837076666007],[-1.8662067950072958,43.370828108297651],[-1.8662024378572288,43.370814529681532],[-1.8662018473779081,43.370805478905851],[-1.8662004247063886,43.370796509022746],[-1.8661998379800453,43.370787455582899],[-1.8662000050645986,43.370778487054764],[-1.8662009275363098,43.370769518812551],[-1.8662026859856859,43.370760465213053],[-1.8662043613755446,43.370751497232241],[-1.8662068785704569,43.370742528593247],[-1.8662100622981306,43.370733559359117],[-1.8662140841279473,43.370724589429955],[-1.8662173554727275,43.370715621064271],[-1.8662229707559945,43.37070665252616],[-1.8662285029955037,43.370697768706229],[-1.8662356266133229,43.370688798913946],[-1.8662427526971572,43.370679829145644],[-1.8662506288526322,43.370670946052059],[-1.8662561639121269,43.370661976716882],[-1.8662655508023929,43.370657535163907],[-1.8662749390578102,43.370648647250142],[-1.8662819783053453,43.370644205832463],[-1.8662890175853968,43.370639762613798],[-1.8662959763074336,43.370635403237429],[-1.8663030155519085,43.370630961818414],[-1.8663108126825181,43.370626518908082],[-1.8663186073438558,43.370622075972733],[-1.8663264032381244,43.370617633049058],[-1.8663388076802945,43.370613273630461],[-1.8663512972715679,43.370608915054639],[-1.8665711584670255,43.370525510283336],[-1.8667887528769691,43.370437665064692],[-1.8668548040952941,43.370411259557486],[-1.8668657001273814,43.370406901342513],[-1.8668765171566128,43.370406985115693],[-1.8668881648502305,43.370402628043578],[-1.8668998138433297,43.370398267381404],[-1.8669114692963169,43.370393824841969],[-1.866923036461819,43.370393991680466],[-1.8669354411246304,43.370389549358542],[-1.8669470912956927,43.370385191404516],[-1.8669594953074364,43.370385358427015],[-1.8669718169447387,43.370385441791512],[-1.8669842225117657,43.370381083214177],[-1.8669965441315368,43.370381167476296],[-1.8670097072106748,43.37038133571091],[-1.8670220276300453,43.370381418157493],[-1.8670343501427418,43.370381587065737],[-1.86704666932818,43.370381669497434],[-1.8670590757910774,43.370381837433847],[-1.8670721503256853,43.370381921943576],[-1.8670844728722487,43.370382089045883],[-1.8670967941799148,43.370386698906643],[-1.8671091158012241,43.370386783156619],[-1.8671183369118858,43.370386865503505],[-1.8671276419390945,43.370386948681016],[-1.867134427441216,43.37039155862324],[-1.8671437349373108,43.370391641823865],[-1.8671529535471745,43.370391725944081],[-1.8671630139579196,43.370391809398292],[-1.8671723152329842,43.370387452464229],[-1.8671816227285796,43.370387535661798],[-1.8671915942524404,43.370387620033824],[-1.8672009835516998,43.370383175726246],[-1.8672125506663102,43.370383345236277],[-1.8672218559966507,43.370378902796524],[-1.8672304034750238,43.370374460052453],[-1.8672420573583854,43.370370100304214],[-1.8672529533560827,43.370365742051916],[-1.8672607503843022,43.370361299075462],[-1.8672677895609926,43.370356855795166],[-1.8672748311712741,43.370352414339401],[-1.867281870345918,43.370347971058216],[-1.8672904199762799,43.370343611171428],[-1.8672967879808882,43.370334642832105],[-1.8673037481381884,43.370330200567743],[-1.8673086102952554,43.370321232619666],[-1.8673164850653763,43.370312346736817],[-1.8673212657875797,43.370303377081129],[-1.867326882432979,43.370289881087892],[-1.8673340896948813,43.370276471983907],[-1.8673412131005647,43.370267502119709],[-1.8673475005345181,43.370258617620792],[-1.8673538685551507,43.370249647477443],[-1.8673616655610941,43.370245204493749],[-1.8673694609909779,43.370240846135324],[-1.8673765001122455,43.370236404648537],[-1.8673850524955873,43.370231961941336],[-1.8673959459902632,43.37022760365047],[-1.8674044971368948,43.370223160929569],[-1.8674115399892843,43.370218717676693],[-1.867420758573771,43.370218801775017],[-1.8674285555709367,43.370214358786647],[-1.8674386134851169,43.370214442191852],[-1.8674486722926562,43.370214610246414],[-1.8674556299570246,43.370210167948002],[-1.8674664395824014,43.370210249791135],[-1.8674764999306503,43.370210335017987],[-1.8674865578443185,43.370210418418985],[-1.8674941863704193,43.370215028584923],[-1.867504160335139,43.370215112953858],[-1.8675134653372862,43.370215196099664],[-1.867521093849307,43.370219807164098],[-1.8675303100164222,43.370219888528347],[-1.8675410390497615,43.370224500581678],[-1.8675501759086397,43.370229109472987],[-1.8675578060166336,43.370233635008958],[-1.8675662713466297,43.370238248054186],[-1.8675730630867442,43.37024285533095],[-1.8675806907132881,43.370247381741244],[-1.8675883192344795,43.370251992801293],[-1.8675983771553968,43.370252076192514],[-1.8676052503142135,43.370256686074519],[-1.8676160623829667,43.37025676972857],[-1.8676267929365644,43.370256856176198],[-1.8676360942767656,43.370256937474892],[-1.867646907546237,43.37025702293878],[-1.8676577217763619,43.370257189450811],[-1.8676676933138923,43.370257271980599],[-1.8676747373519493,43.370252830524137],[-1.8676848816530629,43.370248470189964],[-1.8676941832267009,43.370244027674389],[-1.8677027331203029,43.37023958491875],[-1.867709772217528,43.370235143411165],[-1.8677175676551725,43.370230783228159],[-1.8677246934339611,43.3702218151643],[-1.8677318192441412,43.37021284529942],[-1.8677358420153096,43.370203877125824],[-1.8677390279568136,43.370194907869895],[-1.8677407845850471,43.370185938868886],[-1.8677409514222933,43.370176971235317],[-1.8677411198506306,43.37016791807563],[-1.8677405313245887,43.37015894926602],[-1.8677391099799017,43.370149896573466],[-1.8677377673086883,43.370140927500337],[-1.8677363422291027,43.370131876571605],[-1.8677326547472959,43.370122823051766],[-1.8677305566982325,43.370113853702783],[-1.8677268679507697,43.370104801971074],[-1.8677239333829134,43.370095748702248],[-1.8677187400833177,43.370086694679188],[-1.8677134578659216,43.370077643377236],[-1.8677097679225381,43.370068589832201],[-1.8677060828662024,43.370059539036724],[-1.8677039851634538,43.370050485049219],[-1.8677018068735358,43.370041516705982],[-1.867701217460473,43.370032463245835],[-1.8677006313758333,43.370023496260885],[-1.8677007998092603,43.370014443101084],[-1.8677017196115058,43.370005473018004],[-1.8677033996940382,43.369996505060257],[-1.8677051563211673,43.369987536059512],[-1.8677075893456685,43.369978566552575],[-1.8677116096360689,43.369969598354885],[-1.8677141281492116,43.369960545052876],[-1.8677204130116321,43.369951661407868],[-1.8677236828573329,43.369942692982761],[-1.8677300507889094,43.369933722816974],[-1.8677340747750806,43.369924754655003],[-1.8677373458513027,43.369915786241641],[-1.8677421190918819,43.369906815593097],[-1.8677445520572133,43.369897848785996],[-1.867747821929812,43.369888878559479],[-1.8677495797810333,43.369879909569974],[-1.8677505007574615,43.369870942199256],[-1.867751424575508,43.369861888414377],[-1.8677523468188875,43.369852919255251],[-1.8677525152603645,43.369843865194746],[-1.8677519267180327,43.369834897284989],[-1.8677505855917906,43.369825845386345],[-1.8677491614439128,43.369816877307045],[-1.8677470637423481,43.36980782331996],[-1.867744129184874,43.369798770051339],[-1.8677411979900662,43.369789801457301],[-1.8677382634007722,43.369780749989069],[-1.8677330651887196,43.369771695917585],[-1.8677256035528831,43.369758117233161],[-1.8677203238468096,43.369749065055487],[-1.8677166376067038,43.369740012447302],[-1.8677129464482145,43.369730958889825],[-1.8677116065470436,43.369721907903127],[-1.867711020496416,43.369712939117242],[-1.8677104335522421,43.369703885681076],[-1.8677113557820255,43.369694917422358],[-1.8677130321849529,43.369685947626678],[-1.8677155454086902,43.369676978913212],[-1.8677188152394888,43.369668010487644],[-1.8677243438195157,43.369659041015346],[-1.8677291243951204,43.369650073140889],[-1.8677362485950506,43.369641186099351],[-1.8677488186445896,43.369627776039572],[-1.8677576229294195,43.369614364710763],[-1.8677662556888963,43.369605396256581],[-1.867775643528693,43.369596510014304],[-1.8677851152811451,43.369587624602026],[-1.8677945046227304,43.369578657333392],[-1.8678038912201904,43.369569771076442],[-1.8678141158686909,43.369560885912414],[-1.8678243429823054,43.36955200077184],[-1.8678352366136055,43.369543115025628],[-1.8678454627937744,43.369534147033399],[-1.867856446537874,43.369525260376378],[-1.8678673435743089,43.369520902074953],[-1.8678790777150023,43.369512017442162],[-1.8678900564804981,43.369503132533481],[-1.8679017918652403,43.369494247010188],[-1.8679135247784457,43.369485361461187],[-1.8679259328700009,43.369480919965198],[-1.8679376682619673,43.369472033537797],[-1.8679500698555587,43.369467675715768],[-1.8679625605791843,43.369458791360508],[-1.8679751327798133,43.369449906009535],[-1.8679882934729535,43.369445546693441],[-1.8680015346547227,43.369436660758268],[-1.8680162862980247,43.369432302780652],[-1.8680279411789871,43.369427942961188],[-1.8680404318831412,43.369419058597124],[-1.8680529186414532,43.369414699806022],[-1.8680653242572944,43.369410257369864],[-1.8680777307990311,43.369405897782038],[-1.8680901348709107,43.369401538168397],[-1.8681033782266785,43.369397179657184],[-1.8681157847463306,43.369392820965416],[-1.868128943255517,43.369388378770914],[-1.8681421890738039,43.369384020279576],[-1.8681553472729451,43.369379660919464],[-1.8681685881513186,43.36937530237617],[-1.8681817500153817,43.369370944850175],[-1.8681949119878318,43.36937102829576],[-1.8682088255506026,43.369366669201987],[-1.8682220688905171,43.369362310676834],[-1.8682359812153573,43.369357951567494],[-1.8682498982490892,43.369358118116537],[-1.8682638105710414,43.369353759003801],[-1.8682777242079254,43.369353842675295],[-1.8682917204420757,43.369349484389595],[-1.8683055522915373,43.369349651889713],[-1.8683195485227966,43.369345293600546],[-1.8683296112324128,43.369345376974671],[-1.8683404230542822,43.369341017784627],[-1.8683504808270845,43.369341101108063],[-1.8683606227655654,43.369336657849132],[-1.8683698449215076,43.369336741906132],[-1.8683791472001807,43.369332383982275],[-1.868386186176074,43.369327940630122],[-1.8683948222733067,43.369323498674852],[-1.8684041233476072,43.369319138936149],[-1.8684119201075222,43.369314698578798],[-1.8684204723027058,43.36931025489087],[-1.8684282641743306,43.369305811782716],[-1.8684353080797644,43.369301368476279],[-1.8684424321021196,43.369292483189135],[-1.8684509793223052,43.369288041250577],[-1.8684573519797234,43.369279072890713],[-1.8684643920477222,43.369270188572337],[-1.8684707635006768,43.369261218398897],[-1.8684747861143973,43.369252249295648],[-1.8684795616441738,43.369243279538232],[-1.8684828325555127,43.369234312001112],[-1.8684869365308887,43.369220900028971],[-1.86849113113594,43.369202878698331],[-1.8684936442239304,43.369193909965517],[-1.8684977518961421,43.369180498029436],[-1.868501774483589,43.369171529825273],[-1.8685065524541704,43.369162560991192],[-1.8685098196715675,43.369153592516184],[-1.8685145988568215,43.369144624594163],[-1.8685209653527322,43.369135654368691],[-1.8685272549634906,43.369126769824369],[-1.8685312751082894,43.369117799794033],[-1.8685384031025509,43.369108831699371],[-1.8685455261920203,43.36909986175489],[-1.868554158439627,43.369090976976082],[-1.8685627919187284,43.369082092208814],[-1.8685714245004201,43.369073122790581],[-1.8685808985063619,43.369064238234081],[-1.8685910390082097,43.369055353967902],[-1.8686012650284283,43.3690463841046],[-1.8686114944253671,43.369037498014762],[-1.8686223061557128,43.369033139697294],[-1.8686340388582223,43.369024254971784],[-1.8686458592075577,43.369015369311285],[-1.8686575068656115,43.369010926515209],[-1.8686699973924357,43.369002042079764],[-1.8686778767104237,43.368993157046155],[-1.8686933026843242,43.368997599353392],[-1.8687026057021652,43.368988881477478],[-1.8687158476910928,43.368984522881327],[-1.8687290069641032,43.368980165266251],[-1.8687430043481108,43.368975805135364],[-1.8687569202501411,43.368971445997566],[-1.86877167171119,43.368967088820561],[-1.8687787155689874,43.368962644591718],[-1.8687933829442436,43.368962811293471],[-1.868800424264996,43.368958370639959],[-1.868815005562019,43.368958453646918],[-1.8688228007231378,43.368954095185451],[-1.8688374721039938,43.368954179080653],[-1.868844513131998,43.36894982036155],[-1.8688599362082909,43.368949902684925],[-1.8688746035474482,43.368950071176791],[-1.8688900287532997,43.368950238158575],[-1.8688978205446674,43.368945795017233],[-1.8689132457161117,43.368945963796421],[-1.8689279130880674,43.368946130480857],[-1.8689580071711589,43.368946383111286],[-1.868988097280901,43.368946716734122],[-1.8690173508679599,43.368946967339198],[-1.8690474421624859,43.368947303659489],[-1.8690768646885059,43.368943112246363],[-1.8691123213647116,43.368943446683822],[-1.8691409036761044,43.368939171308092],[-1.8691509598126863,43.368939339186262],[-1.869161775321273,43.368939424528776],[-1.8691717466476974,43.368939506925003],[-1.8691825621898492,43.368939590464997],[-1.8691926195607207,43.368939758351694],[-1.8692026785039826,43.368939841611649],[-1.869213321094499,43.368944450853235],[-1.8692233837072787,43.36894453594855],[-1.8692334414173863,43.368944619193599],[-1.8692434151795094,43.368944703408559],[-1.8692533887916294,43.368949313235014],[-1.8692633650561199,43.368949395672111],[-1.8692733411386093,43.368954005521275],[-1.8692833975829664,43.368954090550289],[-1.8692925318864431,43.368958701078881],[-1.8693016686928472,43.36896330983059],[-1.8693108930839206,43.368967921248455],[-1.869320112718837,43.368968005203804],[-1.8693293309752954,43.368972614758619],[-1.869337713959851,43.368977140417144],[-1.8693460953902656,43.368981749800668],[-1.869354479273317,43.368986360108217],[-1.8693629461762973,43.368990886594617],[-1.8693705697600667,43.368995496587424],[-1.8693781982811493,43.369000106628526],[-1.8693849890615473,43.369004632749487],[-1.8693925334969401,43.369013769372977],[-1.8693994057599832,43.369018294497813],[-1.8694085435952776,43.369027433367144],[-1.8694175966559845,43.36903648495533],[-1.8694258955703826,43.369045537190893],[-1.8694334387828735,43.369054673799532],[-1.8694409823355576,43.369063725769664],[-1.8694446700117728,43.369072779238188],[-1.869450707737542,43.369081832528423],[-1.869453640082833,43.369090883931861],[-1.8694588360451037,43.369099937003703],[-1.8694625274281862,43.369108990508273],[-1.8694693168920817,43.369118040424013],[-1.8694761038229979,43.369127093916077],[-1.8694813035104576,43.369136146123239],[-1.8694888430234304,43.369145283591983],[-1.8694979824963456,43.36915433602794],[-1.8695070340003659,43.36916347313533],[-1.8695139112249008,43.369167998302245],[-1.8695207819424176,43.369172608045808],[-1.8695276566674914,43.369177134988043],[-1.869535285223179,43.369181745018906],[-1.8695429128503338,43.369186272199578],[-1.8695505414083196,43.369190882229432],[-1.8695589229010161,43.369195490697386],[-1.8695673034318228,43.369200018115592],[-1.8695756861276414,43.36920462839511],[-1.8695840650891686,43.369209240437968],[-1.8695932896058889,43.369213848232384],[-1.869602509295625,43.369213931265115],[-1.8696117291324095,43.369218458872609],[-1.8696208635173062,43.369223068475186],[-1.8696301708423659,43.369223151471516],[-1.8696393076807305,43.369227761997294],[-1.8696493654389821,43.369227845206296],[-1.8696592576314812,43.369232456893762],[-1.8696693141732399,43.369232539188523],[-1.8696785313812452,43.369232623091023],[-1.8696885100100167,43.369237232928988],[-1.869699322801107,43.36923740103439],[-1.8697092954121,43.369237483396503],[-1.869719353172175,43.369237566599352],[-1.8697294158183264,43.36923765255095],[-1.8697393884461739,43.369237734010142],[-1.8697494446180973,43.369237902736494],[-1.8697594221487868,43.369237986043316],[-1.8697695639696781,43.369233542657987],[-1.8697796229299009,43.369233627668287],[-1.8697895976711518,43.36923379468584],[-1.8697997407232372,43.369229351310025],[-1.8698089603992372,43.369229435226401],[-1.8698191006436964,43.369225076462492],[-1.8698283215364393,43.369225161289798],[-1.8698377104163875,43.369220719461509],[-1.8698469301246432,43.369220801574293],[-1.8698563161971229,43.369216444358123],[-1.8698656211587519,43.36921200169818],[-1.8698741732187383,43.369207558800404],[-1.8698874164085415,43.369203200080541],[-1.8698959635295542,43.36919875713231],[-1.8699037586626526,43.369194397696518],[-1.8699123094666665,43.3691899556839],[-1.8699201061520854,43.369185512521391],[-1.8699294934814354,43.369181153510716],[-1.8699599208640609,43.369158941380853],[-1.8699988127617599,43.36914125385757],[-1.8700315010799826,43.369128093666873],[-1.8700495244502113,43.369114766051595],[-1.8701341810527068,43.369079561486245],[-1.8702362757671378,43.369067070764665],[-1.8703998900731806,43.369064219076279],[-1.8704252891019868,43.369064469964748],[-1.870471558965658,43.369064887378912],[-1.8705124646526847,43.369065307619785],[-1.8705807801050522,43.369083997464131],[-1.8706445670791694,43.369098163754252],[-1.8706936842440525,43.369112160827299],[-1.8707827859615005,43.369171505409305],[-1.8708244473286053,43.369212494242248],[-1.8708355132983749,43.369199082496081],[-1.8708459041732164,43.369181143871621],[-1.870856214493072,43.369163289092199],[-1.8708666077734895,43.369145353190838],[-1.8708761630327575,43.369127414416617],[-1.8708850468338498,43.369109476215272],[-1.8708937651896163,43.369096064694858],[-1.870901812117032,43.369078128133943],[-1.870909857486363,43.369060275297961],[-1.8709171490877394,43.369042335780321],[-1.8709243567031741,43.369024399034672],[-1.8709308969176355,43.369006377360726],[-1.870936596277726,43.36898843922927],[-1.8709423783149708,43.368970501913758],[-1.8709474075089343,43.368948036953569],[-1.8709523514765738,43.368930099466958],[-1.8709565450291807,43.368912160874224],[-1.8709607327114535,43.368894139382824],[-1.8709641708610685,43.368876202335933],[-1.8709676044082346,43.368858180602068],[-1.8709702045091787,43.368840242484332],[-1.8709721334949923,43.368822220302711],[-1.8709739769451759,43.368804284619252],[-1.8709751493195552,43.368781738357725],[-1.87097632173804,43.368763714108937],[-1.8709766569440354,43.368745777041042],[-1.870976154442646,43.368727754264555],[-1.8709757358557555,43.368709732316525],[-1.8709745593887057,43.368691712790742],[-1.8709733039608163,43.368673691584895],[-1.8709714561528534,43.368651142517926],[-1.8709694453650823,43.36863312105779],[-1.8709666767491373,43.368615099319022],[-1.8709631576932066,43.368597078274959],[-1.8709596377243287,43.368578973480766],[-1.8709553633285494,43.368560951281914],[-1.87095024867258,43.368547372565025],[-1.8709449686017192,43.368538319629934],[-1.8709397724464853,43.368529267523073],[-1.8709344874426053,43.368520214538734],[-1.8709285359138452,43.368511163077301],[-1.8709225029742662,43.368502109010862],[-1.8709165489976511,43.36849305662416],[-1.8709097609878571,43.368483920365271],[-1.870902972677589,43.368474866943558],[-1.8708961003613853,43.3684703419081],[-1.8708893098723931,43.368461206523961],[-1.8708817674425371,43.368452152858538],[-1.8708742212794272,43.368443100956597],[-1.8708666776200051,43.368434047278022],[-1.8708583801405745,43.368424910518726],[-1.870850836452336,43.368415858639644],[-1.8708424524979275,43.368411250241493],[-1.8708341559566573,43.368402196330202],[-1.8708250191807458,43.368393060285491],[-1.8708166352982505,43.368388448284371],[-1.8708074994250221,43.368379396888578],[-1.870798447501737,43.368370344520095],[-1.8707884689610565,43.368365732978411],[-1.870779416111243,43.368356597758741],[-1.8707694449784136,43.368351986288516],[-1.8707596351889242,43.368342936338045],[-1.8707496615917969,43.368338324841773],[-1.8707390178249865,43.368329188315741],[-1.8707291231759466,43.368324579398156],[-1.8707184803459234,43.368315525719964],[-1.870707752599694,43.368310915777073],[-1.8706971051418875,43.368301779210654],[-1.8706856232765672,43.368297169021957],[-1.8706748918340168,43.368292559039446],[-1.8706634099721515,43.368287948848575],[-1.8706520096361303,43.368278812046299],[-1.8706405252771507,43.368274203629305],[-1.870574389861404,43.368183509105329],[-1.8705971867599258,43.368156686819894],[-1.8706733800122028,43.36812592207486],[-1.8707144539430871,43.368117373714654],[-1.8707938279942122,43.368118128709163],[-1.8709367418275771,43.368065485473849],[-1.8709547671677427,43.36805215683183],[-1.871049563470834,43.36797210799525],[-1.8710418696258944,43.367948662002149],[-1.8710419367304643,43.36794863745228],[-1.8710965860629696,43.367889375990345],[-1.8712269969364663,43.367094834881357],[-1.871361178408258,43.366484868887639],[-1.8713917710378942,43.3663955994598],[-1.871391266445823,43.366122678037776],[-1.8714537088186545,43.365937347818956],[-1.871531233931327,43.365553699291212],[-1.8716100230131147,43.365531569536785],[-1.8716626649050663,43.365484377290187],[-1.8717142114523433,43.365450597086607],[-1.8717355845143739,43.365356550690045],[-1.8717482383379451,43.365093688207232],[-1.8716979421132003,43.365058900468547],[-1.8717347350444546,43.364765025430536],[-1.8718023775317127,43.364711378175834],[-1.871833972437285,43.364488832481982],[-1.8717450399789264,43.3644221967756],[-1.8715923148001448,43.364344832195719],[-1.871574289119923,43.364258914312515],[-1.8717897093607667,43.364266791814799],[-1.871819462815451,43.364141395458205],[-1.8718223950815598,43.363981381755792],[-1.8718935581322838,43.363950618768953],[-1.8719839187909195,43.363937290356766],[-1.8720357173090443,43.363894959191136],[-1.8721094784439247,43.363721365780215],[-1.8724409849319119,43.363601748995421],[-1.8726640303389868,43.363545168101595],[-1.8728261392326222,43.363469644166223],[-1.8728158275762061,43.363395211090939],[-1.8730708954378363,43.363374840228815],[-1.8731887426449465,43.363361677273957],[-1.8732879048276787,43.363296967123667],[-1.8734687882534109,43.363261677082598],[-1.8738114465715328,43.363170728167397],[-1.8740833571496709,43.363096290023051],[-1.8743369146304549,43.362947339129903],[-1.8744980146724231,43.362923111838519],[-1.8746506555417441,43.36293895356328],[-1.8747789027600257,43.362997374658342],[-1.8748981785066381,43.363112793532189],[-1.8750185462037861,43.36317976756569],[-1.8750847659932222,43.363200385371414],[-1.8751255030855065,43.363112206962342],[-1.8751671566040613,43.362984043542134],[-1.8751731091167736,43.362875494439542],[-1.8751943141980258,43.362789996288271],[-1.875254662335037,43.36270483450248],[-1.8753510516626237,43.362457562267473],[-1.875325315950783,43.362365862118679],[-1.8753749328017917,43.36222638363509],[-1.8754813814720614,43.361978774381498],[-1.8755250494564353,43.361742066160772],[-1.8754839733303144,43.361624462560243],[-1.8754936079225102,43.361530332378052],[-1.8756039975024781,43.361282806753245],[-1.8756602373829101,43.361048778416375],[-1.8756785887309335,43.360906030813325],[-1.8757225105247723,43.360860849848194],[-1.8758091836906803,43.360838806389069],[-1.8758607326420176,43.360805023404957],[-1.8759288746635963,43.360722879588877],[-1.8760029678465044,43.360526403888919],[-1.876031717745323,43.360460937997026],[-1.8761375843862862,43.360456325491292],[-1.8762005337522396,43.36044257846774],[-1.8762364928896851,43.360405865144848],[-1.8762177970930585,43.360354147332508],[-1.8762027955252962,43.36031978131831],[-1.876151996730854,43.360307878907292],[-1.8761330550513797,43.360279046096814],[-1.876172868220439,43.36024233104952],[-1.8762256738436247,43.360142835188142],[-1.8762669966230674,43.360029004884467],[-1.8763303616961415,43.359992374438811],[-1.8763899594796278,43.359947361646313],[-1.8764109965403937,43.359870413970967],[-1.8764119989448149,43.359816098353349],[-1.8763733574037209,43.359781396537031],[-1.8763427622443347,43.359744012114525],[-1.8763516447263684,43.359686931228978],[-1.8763958192800745,43.359630185399453],[-1.8764470336866201,43.359613587393355],[-1.8764751100194599,43.359579555495714],[-1.8766036953957432,43.359618027699007],[-1.8766856714514708,43.359635880134043],[-1.8767062895250965,43.359581815719899],[-1.8767479473356259,43.359520123215439],[-1.8765922060735438,43.359467150219253],[-1.876706533778125,43.359214008244329],[-1.8767749318882958,43.359120297533543],[-1.8768405607417999,43.358960951567333],[-1.8768846453845476,43.358912838997469],[-1.8769339306819011,43.358790377550164],[-1.8769669522384103,43.358696412036316],[-1.8769208544597682,43.358650227672889],[-1.8769635128686655,43.358456432025314],[-1.8769681211444642,43.358383087637414],[-1.8770581481684052,43.358392558314954],[-1.8771208414493867,43.358390294303447],[-1.8771573045168601,43.358327764542537],[-1.8771670254993678,43.358222150770857],[-1.8771803525871251,43.358133720425542],[-1.8771541989590801,43.358067835799055],[-1.8772443896931985,43.358068672695879],[-1.877246567002073,43.357948725444956],[-1.8773756473998042,43.357749899980334],[-1.8774568637983227,43.357593572745891],[-1.8775912251461044,43.357389886048409],[-1.8776508214141912,43.357347643220947],[-1.8776880370608213,43.357242278514953],[-1.8776494762909197,43.357207660749374],[-1.877642852456876,43.357144708841673],[-1.8776675773619105,43.357073545514041],[-1.8776412589069211,43.357016128931122],[-1.8776855131627384,43.35695368085397],[-1.8777569300765149,43.356908668057038],[-1.8778477875244759,43.356866674269007],[-1.8778932162892203,43.35674429337714],[-1.8779109857018259,43.356630213285314],[-1.8778499627919305,43.356535245431466],[-1.877800089808431,43.356480426937011],[-1.8779855780703463,43.35622326170035],[-1.8780978949978895,43.356084285380064],[-1.8781570740252234,43.356061987489937],[-1.8782579032887405,43.355905911464305],[-1.8784220223804364,43.355718824432095],[-1.8784827073515595,43.35561949476417],[-1.878561831802672,43.355574564243049],[-1.8786201658560611,43.355389320916935],[-1.8786464843396427,43.355235339452953],[-1.878675235897362,43.355187646686886],[-1.8787664296304138,43.355134251342577],[-1.8788258581356763,43.355094855238868],[-1.8788587986686789,43.355009439824599],[-1.8788755631998866,43.354949675209276],[-1.8788453009835135,43.354892175197421],[-1.8788695258918382,43.354855210898265],[-1.8789449616946774,43.354801646514453],[-1.8789616414956096,43.354744733656482],[-1.8789434483805472,43.354670299393156],[-1.8789446236469096,43.354604584890595],[-1.8789887099277027,43.354556385942097],[-1.8790478050126869,43.3545369402635],[-1.8791141926975623,43.354549009497234],[-1.8791869433420876,43.354426965164272],[-1.8792950724891577,43.354302322145067],[-1.8793441037765115,43.354194192114761],[-1.8793449417048591,43.354145576408811],[-1.879330689531187,43.354071143900157],[-1.8793588548043263,43.354028562423281],[-1.8793990049210165,43.353980447199241],[-1.8794694123063689,43.353986817093315],[-1.8795056213275909,43.353956390235282],[-1.8796106454295842,43.353783130380599],[-1.8795881823137586,43.353731497711372],[-1.8796124886491179,43.353683216376261],[-1.8796761910433524,43.353626638016515],[-1.8797313420160204,43.353615738164955],[-1.8797824769955738,43.353607692971408],[-1.8799507829240827,43.353406519421391],[-1.8799204371703055,43.353351868762886],[-1.879929574827589,43.353274838014542],[-1.8798992282722693,43.353223120084543],[-1.879868468515804,43.35318850201498],[-1.8799040874636126,43.35317173707152],[-1.8799503626143206,43.35321213846386],[-1.8799896726953371,43.353209708681256],[-1.8800610038483199,43.353161845467717],[-1.8801019895033324,43.35306796594746],[-1.8801235316376244,43.353063271289905],[-1.8801531175112292,43.35305698417357],[-1.8802192519969536,43.35308623704482],[-1.8802470003444089,43.35306653872091],[-1.880255296994048,43.353038038993418],[-1.8803067584108444,43.353007109297415],[-1.880327717130803,43.352938710642952],[-1.8803832867137651,43.3528992300064],[-1.8803841265812715,43.352853548844301],[-1.8803628316652115,43.352799567694404],[-1.8803241068689063,43.352770649906198],[-1.8803212593707315,43.352716333408942],[-1.8803350844973126,43.35260216921538],[-1.8804018059785319,43.352597056013366],[-1.8804836147206794,43.352623625790564],[-1.8805691994832814,43.352655895358744],[-1.8806283745934369,43.352636532478172],[-1.8806684372123521,43.352585485896128],[-1.8809074083266619,43.352379199178799],[-1.8809128553033512,43.352296383791753],[-1.8809674239007717,43.352308369608863],[-1.88115031632811,43.352167212845622],[-1.8811547592560853,43.352141647707512],[-1.8812138550307249,43.352122200003961],[-1.8812231537187956,43.352045168908489],[-1.8811661534178512,43.351944585518886],[-1.8811006884024337,43.351878198256088],[-1.8812560907766323,43.351742575700669],[-1.8814508053808414,43.351810217235609],[-1.8814902039908792,43.351799152549852],[-1.8815005078064926,43.351664954007127],[-1.8815479524845575,43.351639722982384],[-1.88159506003111,43.351634527106789],[-1.8817041951450137,43.35166696311272],[-1.8817590935953747,43.351667548563896],[-1.8818187761921246,43.351613820102287],[-1.8818449283271683,43.351574676010159],[-1.8818415747300787,43.351540392155833],[-1.8818500399463343,43.351509043148582],[-1.8817496211947786,43.351430922076773],[-1.8817384724049815,43.351396471949656],[-1.8818457611996744,43.351314662221],[-1.8818085396555451,43.351211478448896],[-1.8820391261882778,43.351030841996668],[-1.8821972981614767,43.350949533848855],[-1.8821943626691342,43.350895217419968],[-1.8824195843864107,43.35077711127316],[-1.8824614925815935,43.35066487623358],[-1.8824634212364859,43.350563200791747],[-1.8824746519939497,43.350494215906409],[-1.8825106101449423,43.35043637882297],[-1.882681934103078,43.350332691023432],[-1.8828525117545036,43.35026898437313],[-1.8829571172149426,43.350273678195641],[-1.8830523382436013,43.350245513123745],[-1.883103048397011,43.350198824253162],[-1.8831240842814856,43.350133526029481],[-1.8832403445751644,43.350047524580432],[-1.8832412627140107,43.349996645876018],[-1.883095162191623,43.349809893359328],[-1.8831358978788364,43.349763037719121],[-1.8831494756945855,43.349742502439291],[-1.8831208101518726,43.349710146880867],[-1.8830505655131167,43.349703022652491],[-1.8829231580483252,43.349614090290501],[-1.8829353947841778,43.349584333098392],[-1.8829624666941844,43.349550386076082],[-1.8830983419462701,43.349496153113463],[-1.8835417482994607,43.349286679650348],[-1.8836773686070003,43.349245353168754],[-1.883856662321467,43.349217104017612],[-1.8846643599971344,43.349455902124895],[-1.8847549751454744,43.349463193403196],[-1.8848579886991408,43.349444919451486],[-1.8851116289264382,43.349357574094931],[-1.8852466605633991,43.34918791867161],[-1.885360567889234,43.349054391899649],[-1.885457131558641,43.349002923610705],[-1.885554195756463,43.34898255514355],[-1.8856772428575048,43.348985906240173],[-1.8858176408975504,43.349004344804918],[-1.8858798394609064,43.348966456800589],[-1.8859836881893706,43.348901243528147],[-1.8861016243070046,43.348863856924893],[-1.8862193912451541,43.348835106509718],[-1.8863379994130962,43.348759331281045],[-1.8864945750727729,43.348688165807737],[-1.8866006876508439,43.348663604742448],[-1.886685768310487,43.348657987670862],[-1.8868802334367025,43.348602160400915],[-1.88723059730257,43.348456811380196],[-1.8872580902183203,43.348397297520982],[-1.8873085483214513,43.348365696653005],[-1.8873274091822274,43.348297467132667],[-1.8873722509150996,43.348248766186956],[-1.8875733343808834,43.34814817892196],[-1.8875923621128776,43.348073494794797],[-1.8876962985685857,43.347995455782197],[-1.8878347682226055,43.347960416455535],[-1.8879879090321807,43.347919174191517],[-1.8880675374191775,43.347894363234673],[-1.8881639318313173,43.347912299025275],[-1.8882164064787335,43.347925710745244],[-1.8883790991395359,43.347848174774029],[-1.8887542770794079,43.347685054273278],[-1.8895217327762952,43.347346830413194],[-1.8898793921329033,43.347179350821904],[-1.8900761135951691,43.346999552432678],[-1.8901706645896734,43.346957724169116],[-1.8902524747349476,43.346969208152352],[-1.8903555736087947,43.346946741193733],[-1.8905503711241585,43.346871637771237],[-1.8905921975447748,43.346825032242691],[-1.8906008298297259,43.346776163332969],[-1.8906605053058809,43.346719081374673],[-1.8907790285945147,43.346645402313406],[-1.8908708099890494,43.346599299208137],[-1.8909868175771856,43.346504245096327],[-1.8911612471472967,43.346424695708933],[-1.8913232725831712,43.34637708522127],[-1.8913946037755589,43.346326454999051],[-1.8914690364684137,43.346256715851268],[-1.8914802632506003,43.346126459243365],[-1.891530219793369,43.34612260152759],[-1.8915853758980186,43.346150931945083],[-1.8916968584993221,43.346145650769948],[-1.8918721252615855,43.346177248450957],[-1.892211010625007,43.346077917925129],[-1.892346885911655,43.346019409415305],[-1.8924240813058453,43.345968779516845],[-1.8925354783675301,43.345963498495756],[-1.8926801521021872,43.345902977656408],[-1.8930686606725069,43.345783194224381],[-1.8931663920984179,43.345726362234608],[-1.8932579262382339,43.345686629055251],[-1.8933728422108436,43.345657878771163],[-1.8934902744112909,43.345646141403058],[-1.893484910687945,43.345614039085412],[-1.8934943801130042,43.345580007464065],[-1.893439309838933,43.345543128174107],[-1.8933546509940511,43.345525189730353],[-1.8932869232782918,43.345543797533075],[-1.8932610229236684,43.345515718646276],[-1.8932626117956806,43.345430307053483],[-1.8933378767165967,43.345001309066127],[-1.8934764318405668,43.344951433381631],[-1.8936703070754817,43.344929805691599],[-1.8938191721249329,43.344967522826806],[-1.8940633442878667,43.345074560151502],[-1.8942673683946296,43.345136418865003],[-1.8944164841515807,43.345159215479136],[-1.8947334954980672,43.345132388583394],[-1.8950133699482035,43.34505175069733],[-1.895251671726925,43.344962730792453],[-1.895430040052108,43.344825514218037],[-1.8956032064866013,43.344647643375559],[-1.8957999306821949,43.34430758021248],[-1.8959040349617382,43.344223086303245],[-1.8960435916498417,43.34412392592052],[-1.8961013407301603,43.344052759345246],[-1.8961756910282879,43.343993582120021],[-1.8963559894990527,43.343905568598338],[-1.8965600028064096,43.343809171756327],[-1.8966662055117056,43.343769607976029],[-1.8967775177150239,43.343774969755607],[-1.8969205159743536,43.343806317746711],[-1.89705295435985,43.34377764991924],[-1.8971440670501967,43.343765663054384],[-1.8973073489169092,43.343810001487888],[-1.8974878175679601,43.343880158152373],[-1.8975930165745367,43.343896166491916],[-1.8977401199458233,43.343867666246808],[-1.8978108640055429,43.343842685406457],[-1.8979309776517426,43.343804629499445],[-1.8980745628971329,43.343808066113972],[-1.8981220883989085,43.343772189284515],[-1.8981835303251293,43.343777049372278],[-1.8982950104188983,43.343769588957691],[-1.8984927425947689,43.343696746819191],[-1.8990555089752601,43.343533206412893],[-1.8994357189718165,43.34341300351646],[-1.8994706729329385,43.343426079386873],[-1.8995527324186501,43.343422640546592],[-1.8995789673818499,43.343433538049936],[-1.8996464461399076,43.343432028063788],[-1.8996996709556677,43.343402605774237],[-1.8997151746721324,43.34336002612536],[-1.8996865071707378,43.343319120432795],[-1.8996486227153071,43.343312416794447],[-1.8995839136480468,43.343322475243575],[-1.8995138403935994,43.343308894882455],[-1.8994643858280154,43.343287102744398],[-1.8993703376031039,43.343305461770541],[-1.8990550067860177,43.343398589568721],[-1.8990161075487551,43.343111837579293],[-1.8990216362818571,43.343005804882864],[-1.9000089554156436,43.342698924445529],[-1.9004091974794273,43.342608812942586],[-1.9007184112007423,43.342497581272795],[-1.9011573745002488,43.34237569975194],[-1.9011818524382451,43.342318200205725],[-1.9019832561425929,43.342080055256545],[-1.9020900428940921,43.342014840144095],[-1.9020672423713476,43.341978293689678],[-1.9020353904453506,43.341950215460002],[-1.9020132618840957,43.341879469334081],[-1.9020316141772364,43.341841162305876],[-1.9024208769084037,43.341723893453846],[-1.9028918636904515,43.341608634610765],[-1.9028517143870105,43.341557086140746],[-1.9027440013757446,43.341517438936449],[-1.9026976503719513,43.341485002289019],[-1.9026925343392862,43.341448622935552],[-1.9027252243846171,43.341421129041947],[-1.9028750110688994,43.341405453145946],[-1.9030366152957929,43.341379297569944],[-1.9033387897064358,43.341333781390851],[-1.9035744936568002,43.341265463597693],[-1.9037812753263876,43.341173425892613],[-1.9040658481871948,43.341163365187235],[-1.9044884695275031,43.341131088625346],[-1.9046264411007428,43.341113149689143],[-1.904724340255793,43.341049947712442],[-1.9049468830373542,43.340898230546983],[-1.9050147782839149,43.340866795073488],[-1.9051206438684301,43.3408528801721],[-1.9052405055789012,43.340868973231778],[-1.9053194664768047,43.340878276103837],[-1.9057128342788434,43.340802245989039],[-1.9057285072756591,43.340742482118884],[-1.9058278374396718,43.34076058689854],[-1.9059754470048296,43.340866701064535],[-1.9060772049506043,43.340910456429235],[-1.9061741871665001,43.340898635557139],[-1.9071774308596934,43.340683707878213],[-1.9072601637463102,43.340646071915842],[-1.9074779263053063,43.340594687592869],[-1.9079159737653255,43.340502142933786],[-1.9082185671723608,43.340460062046454],[-1.9082944239787434,43.34048210514986],[-1.9084289532334653,43.340491995747271],[-1.9086317172838876,43.340466176485307],[-1.9088288628172323,43.340421077842819],[-1.9089820031820275,43.340381932412434],[-1.9090795690121674,43.340333651098227],[-1.9091006930708485,43.340299703204074],[-1.9091012789956852,43.340267600705388],[-1.9091483848692903,43.340255192574269],[-1.9091957429503885,43.340227870047954],[-1.9091932278281778,43.340202217576497],[-1.9091582758147261,43.340191154484181],[-1.9090319547616805,43.340211441341715],[-1.9089469635296306,43.340212699755092],[-1.9088861887818103,43.340165089657297],[-1.9088150262855188,43.340051092310517],[-1.9088624659072206,43.340019491781831],[-1.9088721047737343,43.33996609907846],[-1.9089204663898331,43.339887556286683],[-1.9092218033417963,43.339755788068487],[-1.9094860868818402,43.339664754868465],[-1.9096067055802095,43.33964027829019],[-1.9097475232637044,43.33963088932132],[-1.9098095492337113,43.339605825117928],[-1.909908035644891,43.339506330010757],[-1.9100368670527936,43.339345140049815],[-1.9102194280001867,43.339295514821615],[-1.9105637602436598,43.339219739064291],[-1.910602148824702,43.33919651847701],[-1.9106408766926517,43.339162737979414],[-1.9107412080236694,43.339129543332334],[-1.9107884795141756,43.339106491929591],[-1.9107860506918173,43.339074389515964],[-1.9108013889920044,43.339040357379588],[-1.9108280456053854,43.339025606227217],[-1.9107934240250042,43.338993251237198],[-1.91076165436927,43.338971541456267],[-1.9108327354409653,43.338927366333863],[-1.9108507576878786,43.338899706993693],[-1.9108308916767038,43.338867434911464],[-1.9107924974642339,43.33879258256777],[-1.9107730531961538,43.338732651895562],[-1.9108068295798677,43.338651763277916],[-1.9109265212441566,43.338511780783492],[-1.9110507411097395,43.338453106517456],[-1.9112211499788507,43.33842058049219],[-1.911332798989563,43.338408759798952],[-1.9114153598425909,43.338379675207683],[-1.9115970866169592,43.338377073717616],[-1.9118425139735171,43.338419989603871],[-1.9120290137952143,43.338479498777012],[-1.9122922119942241,43.338507659666654],[-1.9123979970038008,43.338497936027139],[-1.9126394809155907,43.338436156575234],[-1.9128079615017868,43.338354430195018],[-1.9129238825935875,43.33825719534061],[-1.9130216163429505,43.338200448041491],[-1.9132152384890813,43.338143280159798],[-1.913477346316564,43.33806892749417],[-1.9135542911900767,43.33802684769018],[-1.913681194962128,43.337976721476835],[-1.9138078468200641,43.33794168330386],[-1.9139141328913616,43.33789776047702],[-1.9140502576318708,43.337824163952916],[-1.9142931671962262,43.337681163494999],[-1.9143349079758472,43.337636737349776],[-1.9144438739344463,43.337607902129342],[-1.9145379223641903,43.337595914834644],[-1.9146613060220135,43.337575711957861],[-1.9148698470086878,43.337489290485614],[-1.9150296099440833,43.33740521707427],[-1.9151737804852755,43.337372356979252],[-1.9154788882774338,43.337347542232749],[-1.9156670646228737,43.337319377738837],[-1.9160859139598212,43.337163047256198],[-1.9162135697387699,43.337074446581134],[-1.9162888376105385,43.336961956652729],[-1.9163371190592156,43.336885511551245],[-1.9163876591729112,43.336836810767601],[-1.9164838853949218,43.336761371850251],[-1.9166401277728013,43.336707306207011],[-1.9171582217081138,43.336579641110809],[-1.9174582148206643,43.336522555577758],[-1.9176958481560724,43.336507716049589],[-1.9178796646663818,43.336498325972961],[-1.9180004479433723,43.336463204199433],[-1.9181896309609456,43.33637728594033],[-1.9184251640988532,43.336311149112341],[-1.9188394906187265,43.336253054847234],[-1.9191419133195129,43.336219608366946],[-1.9197100513904251,43.336204096013603],[-1.9202292343945466,43.336180955584368],[-1.9204470859442091,43.336183048251641],[-1.9205376121922453,43.336137111955424],[-1.9207295616635933,43.336148259405796],[-1.9208868115237754,43.336158484825987],[-1.9209951901990152,43.336187568925808],[-1.9212194939782967,43.336184968440939],[-1.9213353355280949,43.336158060821745],[-1.9214386856828525,43.336102989075123],[-1.921598863775652,43.336109190924141],[-1.9221493157191978,43.336132988751643],[-1.9221756363840254,43.336095855681549],[-1.922157030187281,43.33606299772169],[-1.9222219030936476,43.336012203523516],[-1.9223179607112262,43.336013123148987],[-1.9223756332846194,43.336018320106611],[-1.9224133521498745,43.336056037741123],[-1.9224188854336226,43.336102810441922],[-1.9223925657835352,43.336144637604917],[-1.9223920608124667,43.336172633128776],[-1.9224557678759517,43.336196690028814],[-1.9225646504201066,43.336192999338628],[-1.9227189655446493,43.336161732634672],[-1.9227897088824843,43.336148405161268],[-1.9228094910066513,43.336115881873297],[-1.9228356418633625,43.336088052264763],[-1.9229253307516829,43.336088889783753],[-1.9230209701731082,43.33611319847882],[-1.9230923862488056,43.336154353262408],[-1.9231296031345633,43.336186371510273],[-1.9231700032218524,43.336196514558104],[-1.9232079755303897,43.336192909227982],[-1.9232568397107477,43.336173713453007],[-1.9233277541182285,43.336140854772992],[-1.9234066267933088,43.336117888533884],[-1.9234576748110137,43.336136160097304],[-1.9236601854411235,43.336149905284408],[-1.9238088043146138,43.336151329133543],[-1.9238145021201938,43.336137580707934],[-1.9238150037466177,43.336107991355135],[-1.9238502925907035,43.336102376876028],[-1.9240099705942031,43.336092063657112],[-1.9241151663772835,43.336104888809956],[-1.9242559019724066,43.336102286756002],[-1.924450029669972,43.336095663731918],[-1.9244657889397807,43.336123407923957],[-1.9245249647376592,43.336143608567461],[-1.9246600850862956,43.336146876347122],[-1.9248601645129366,43.336140840753494],[-1.9249978817931952,43.336152069083028],[-1.9252684538333333,43.336142762222593],[-1.9257284621344049,43.336111575108255],[-1.9259531870929369,43.336101850362461],[-1.926099538123933,43.336077540386981],[-1.9262458036557537,43.336065216165075],[-1.9262862070842441,43.336067563878942],[-1.9263272767676316,43.336042251614458],[-1.9263468068689971,43.336004949377212],[-1.9264064858449816,43.335997740577973],[-1.9264736278810313,43.336019950956931],[-1.9264939952012106,43.336045684207711],[-1.9265098405788188,43.33606957321566],[-1.9265421931666049,43.336073763219673],[-1.9266126896443345,43.336066553198251],[-1.926675134293123,43.336047443802592],[-1.9266784015092246,43.336017853377243],[-1.9266628114501625,43.335978206273083],[-1.9266553469451828,43.335940739771523],[-1.9266830926074778,43.335899583231885],[-1.9267214010294602,43.335874352063179],[-1.9267731987990024,43.335855073359696],[-1.926870681287463,43.335846103022092],[-1.9270087339352147,43.335831684657492],[-1.927396403873457,43.335768309984005],[-1.9276155117158149,43.335766381180392],[-1.9278829831764124,43.335772831988159],[-1.9279129913444399,43.335765202875727],[-1.9279106461761637,43.33574550703392],[-1.9278891858063527,43.335729495813446],[-1.9277976543505586,43.335708960251317],[-1.9275005925283459,43.335686416307311],[-1.9273788029196572,43.335699074350167],[-1.9272294344769394,43.335737130892959],[-1.9271125052424052,43.33577149808761],[-1.9269446951600935,43.335779799778265],[-1.9268799032187449,43.335777201842419],[-1.9268505674425385,43.335753228617328],[-1.9268333760540861,43.335656500706598],[-1.9268181196755967,43.335599167479174],[-1.9267967479081223,43.335587180080459],[-1.9267672416576853,43.335576955053057],[-1.9267595310009651,43.335551221766238],[-1.9267328770627399,43.335529427545943],[-1.9266222325229743,43.335524400152629],[-1.9266173715738859,43.335488859824991],[-1.9266562600192163,43.335431947403848],[-1.926701605651238,43.335276877552488],[-1.9267567561222005,43.335212335151262],[-1.9267904537472984,43.335141671871604],[-1.9267751959347761,43.335082327922798],[-1.9267406625276069,43.335048462207965],[-1.9266789670925715,43.335018372866614],[-1.9265482054345484,43.334920470020442],[-1.9264649696001059,43.334892056709116],[-1.926384086307561,43.334881495167075],[-1.926107133302096,43.334636321741854],[-1.9260720994032265,43.334630120050576],[-1.9260448547645885,43.334643698672082],[-1.9259886955053025,43.334609667464079],[-1.9258959907838291,43.334502211843258],[-1.9258396598577276,43.334478071257138],[-1.9257827483935888,43.334483436431746],[-1.9257482094196998,43.334449656805404],[-1.9256239881419379,43.334336163666158],[-1.9253482135540338,43.334183613110184],[-1.9251346338981776,43.334029803235069],[-1.9248997648062962,43.333858056724438],[-1.9248403387633133,43.333857471051452],[-1.924651318853478,43.333838028018519],[-1.9245279361680647,43.33378547210134],[-1.9244532508766659,43.333731574946206],[-1.9243916393329221,43.333701484255329],[-1.9243018705044266,43.333728224223194],[-1.9242400089840688,43.333711879121672],[-1.9238653298093604,43.333651113609932],[-1.9236877141223607,43.333600153501841],[-1.9236019650744285,43.333560002339055],[-1.9235591287491467,43.333580120338695],[-1.9234474816146718,43.333624379903291],[-1.9234084225103156,43.333616837458862],[-1.9233504995456792,43.33360568851284],[-1.9232245993936583,43.333541482720371],[-1.9231332379366584,43.33351097347456],[-1.9230191574797653,43.333545424553009],[-1.9229023126104823,43.333571913843841],[-1.9227860507781067,43.333574765474474],[-1.9227160620023891,43.333556325095238],[-1.9226505956648741,43.333437468024343],[-1.9225615747805429,43.333272928145682],[-1.9225869690173678,43.333211989223109],[-1.9226339964675789,43.333153315214169],[-1.9228132852980628,43.333103774932795],[-1.9230932436567265,43.333036462972352],[-1.923413351835418,43.332959512616981],[-1.9236222321484475,43.332865546034917],[-1.92377160266276,43.332825561840714],[-1.9237970830657716,43.332764623453969],[-1.9237905414024339,43.332675858863496],[-1.9237425127225565,43.332636042046367],[-1.9236678250168286,43.332584075806253],[-1.9234674911887237,43.332372848883828],[-1.9234274223976899,43.332367902834584],[-1.9233459505099828,43.33233948854356],[-1.9232496391290446,43.332288190989537],[-1.9231957423277792,43.332259525655786],[-1.9231955733671362,43.332255335185344],[-1.9231956585315713,43.332253237945608],[-1.9231957414436542,43.332251058743999],[-1.9231958243557192,43.332248879542405],[-1.9231959945871917,43.332246784904513],[-1.9231962452780824,43.332244604581284],[-1.9231964956751335,43.332242510698208],[-1.9231968314648553,43.33224033117623],[-1.9231971645577148,43.332238234469969],[-1.9231975854462529,43.332236055749256],[-1.9231980862701556,43.33223396062229],[-1.9231985908257889,43.332231863729554],[-1.9231991767802858,43.332229767603216],[-1.9231998503002257,43.332227672301364],[-1.9232005164202202,43.332225576929822],[-1.9232012738055999,43.332223482417582],[-1.9232020287720089,43.332221385181235],[-1.923202865105436,43.332219290511873],[-1.9232037024260309,43.332217279593394],[-1.9232046261105427,43.33221526768714],[-1.9232056326891813,43.332213171919342],[-1.9232066353376209,43.332211158955694],[-1.9232077267529506,43.332209148628671],[-1.92320881673653,43.332207219328396],[-1.923209992049038,43.332205207990398],[-1.9232112472968481,43.332203280246155],[-1.9232125025445708,43.332201352501869],[-1.9232138466227906,43.332199423793071],[-1.9232151882024775,43.332197496861596],[-1.9232165297661681,43.332195570830436],[-1.9232180376609083,43.332193725604625],[-1.9232194616741518,43.332191880489489],[-1.9232210558690057,43.332190037877105],[-1.9232225625301478,43.332188192639634],[-1.9232242403760447,43.332186432755478],[-1.9232259170203332,43.332184671059082],[-1.9232275936327092,43.332182911163244],[-1.9232293541104672,43.332181152057004],[-1.9232311118913477,43.332179475766488],[-1.9232329550169576,43.332177716537899],[-1.9232348014139322,43.332176121221423],[-1.9232367269254422,43.332174446510031],[-1.9232386559384613,43.3321728528718],[-1.9232406700183491,43.332171261835349],[-1.9232426791966768,43.332169668951806],[-1.9232446906113945,43.332168158930436],[-1.9232467883581004,43.332166649721827],[-1.9232489687368504,43.332165141291185],[-1.9233318654578082,43.332108562361718],[-1.9233824084213393,43.332075703629151],[-1.9233851732060476,43.332074699545082],[-1.9233868501008355,43.3320741102307],[-1.9233885271937277,43.332073439877959],[-1.9233901204212409,43.332072768735678],[-1.9233917925808024,43.332072098336447],[-1.9233933882430641,43.332071429017944],[-1.9233949790038609,43.332070757852378],[-1.9233964898291431,43.332070003093158],[-1.9233980795864569,43.332069249076959],[-1.9233995904116759,43.332068494317738],[-1.9234011002334517,43.332067656707864],[-1.9234026076203572,43.332066817274203],[-1.923404115947017,43.332066064292256],[-1.9234055409317568,43.332065141241671],[-1.9234069644214191,43.332064302819063],[-1.9234083893742606,43.33206338156905],[-1.9234098177971,43.332062543192841],[-1.923411156417925,43.332061621130073],[-1.9234124990003467,43.332060614462591],[-1.9234138376210794,43.332059692399824],[-1.9234150963063021,43.332058686743416],[-1.9234164398602061,43.332057764727068],[-1.9234176960787157,43.332056759047418],[-1.9234188698950836,43.332055669750908],[-1.9234201285801349,43.332054664094443],[-1.9234212999616054,43.332053572974125],[-1.9234223884175374,43.332052567516065],[-1.9234235609845252,43.332051479108195],[-1.923424652168694,43.332050389033782],[-1.9234257435827027,43.332049216120389],[-1.923426748403072,43.332048127033865],[-1.9234278346538756,43.332047036912954],[-1.9234288422024797,43.33204586321007],[-1.9234297634191209,43.332044688694509],[-1.9234306895530828,43.332043515125633],[-1.9234316094886326,43.3320423432993],[-1.923432532200154,43.332041084155762],[-1.9234333670211297,43.332039912428634],[-1.9234342068389494,43.332038737146767],[-1.9234349592577624,43.332037481802836],[-1.9234357142067782,43.33203622288093],[-1.9234364715905883,43.33203496578281],[-1.9234372277410405,43.33203370867308],[-1.9234378925945164,43.332032452504841],[-1.9234385648796435,43.332031194605648],[-1.9234391498293946,43.332029853043196],[-1.9234397394507106,43.332028596166722],[-1.9234402402734858,43.332027338454381],[-1.9234408289231057,43.332025996926752],[-1.9234413287423699,43.332024656363828],[-1.9234417506012573,43.33202339970903],[-1.9234421714884784,43.332022058403091],[-1.9234425911423594,43.332020717085513],[-1.9234429244643516,43.332019374955266],[-1.923443258987829,43.332018034637223],[-1.9234435960097183,43.332016692541799],[-1.9234438442172057,43.332015350510773],[-1.9234440973261033,43.332014010326802],[-1.9234442640872385,43.332012670230441],[-1.9234444333467799,43.3320113283567],[-1.9234446015710474,43.332009905432997],[-1.9234446844987174,43.332008562746566],[-1.9234447698611963,43.332007221883984],[-1.9234448502904291,43.332005880974947],[-1.9234448517876577,43.332004539322895],[-1.9234448523132468,43.332003113019674],[-1.9234447674468207,43.332001772355547],[-1.9234417502746075,43.331997582087389],[-1.9234390676646573,43.331994144140509],[-1.9234362162893162,43.331990623564671],[-1.9234333683525755,43.331987187663124],[-1.9234304362892705,43.331983835611659],[-1.9234274156895124,43.331980398084603],[-1.9234243156347737,43.33197712909358],[-1.9234212155803725,43.331973860102494],[-1.9234179428308777,43.33197059128652],[-1.9234145921054979,43.331967407278889],[-1.923411153847163,43.331964220646242],[-1.9234077190115111,43.331961119588229],[-1.9234041151807479,43.331958018740089],[-1.9234026053563649,43.331956761910057],[-1.9234005098871332,43.331955000719219],[-1.9233968192177857,43.331952067436994],[-1.9233930520834914,43.331949133434833],[-1.9233891936686427,43.33194619947367],[-1.9233853396957414,43.331943433037367],[-1.9233813132259701,43.331940585737726],[-1.9233772912617477,43.331937902361702],[-1.9233731841676305,43.331935219985041],[-1.9233689906944029,43.331932539496385],[-1.9233647992441514,43.331930023808432],[-1.9233604425147175,43.331927507464833],[-1.9233561695871524,43.331924995511777],[-1.923346531721922,43.331919293193053],[-1.9233416645341939,43.331916275896816],[-1.9233368888737319,43.331913174819988],[-1.9233321946122297,43.331910074509324],[-1.9233275857432435,43.331906888559431],[-1.9233229734048221,43.331903619735563],[-1.9233185327906344,43.331900266085292],[-1.9233141735754011,43.331896913201177],[-1.9233098997208775,43.331893476478498],[-1.9233056236302399,43.331889956893448],[-1.9233015153020594,43.331886437086787],[-1.9232974935996989,43.331882831652571],[-1.9232934693993728,43.331879227995621],[-1.923289613223307,43.331875539477494],[-1.9232858399413235,43.33187176709766],[-1.9232821529914645,43.331867995530473],[-1.9232785501371761,43.331864141913805],[-1.9232750262787406,43.331860285438907],[-1.9232715927142234,43.331856345172021],[-1.9232682405485471,43.331852405671384],[-1.9232650551578359,43.331848382198352],[-1.9232618687961314,43.331844274074022],[-1.9232588486855451,43.331840251256487],[-1.9232571721145306,43.331837820472472],[-1.9232559178974233,43.331836059995766],[-1.9232530670128276,43.331831954129271],[-1.9232515584974876,43.33182734224367],[-1.9232505541500906,43.331823657162637],[-1.9232495446871853,43.331820052173207],[-1.9232486243163496,43.331816361579676],[-1.9232477867755642,43.331812590725725],[-1.9232471167505856,43.331808903389621],[-1.9232464443067985,43.33180521332941],[-1.9232459420277834,43.331801526672201],[-1.9232454387933557,43.331797754463516],[-1.9232451018254308,43.331794066661374],[-1.9232448514510361,43.331790295032484],[-1.9232446011084658,43.331786521603014],[-1.9232445157831315,43.331782833468765],[-1.9232445157861591,43.331779063296764],[-1.9232445997017988,43.331775291213447],[-1.9232447684855238,43.331771602770317],[-1.92324502016276,43.331767830465594],[-1.9232453542255297,43.331764142678132],[-1.9232458575450742,43.331760370041302],[-1.9232463593852374,43.331756681132113],[-1.9232469465377238,43.331752911085474],[-1.9232477000041779,43.33174922274447],[-1.9232484559371763,43.331745534426688],[-1.9232493771331762,43.331741847664844],[-1.92325030087522,43.331738156424741],[-1.9232513898325283,43.331734469441486],[-1.9232525612229472,43.331730864274554],[-1.9232537365432478,43.33172717630346],[-1.9232550768804719,43.331723573627592],[-1.9232564986793803,43.331719968116872],[-1.923258010231667,43.331716448993625],[-1.9232595171442726,43.331712843383762],[-1.9232611964894715,43.331709322238453],[-1.9232629535327654,43.33170580182464],[-1.923264796875459,43.331702284024182],[-1.9232667276321078,43.331698845385603],[-1.9232728444800338,43.331687193560626],[-1.9232785463419633,43.331676967738332],[-1.9232844973614454,43.331666742460591],[-1.9232906995448797,43.331656683428498],[-1.923297153352256,43.331646624964122],[-1.9233038570582965,43.331636734534335],[-1.9233107322550742,43.331626842116833],[-1.9233178560693509,43.33161712042314],[-1.9233253164069959,43.331607481136473],[-1.9233328581721334,43.331597840815],[-1.9233407374160609,43.331588368451932],[-1.9233487863616692,43.331579065169095],[-1.9233570820291015,43.331569760606548],[-1.9233655511298524,43.331560623358349],[-1.9233698208147969,43.331557103185268],[-1.9233722544990433,43.331555010045157],[-1.9233745994489184,43.331552912467885],[-1.9233769470633668,43.33155073387536],[-1.9233791293832276,43.33154855552764],[-1.9233813906979285,43.331546374321732],[-1.9233834857146945,43.331544110510045],[-1.9233855807313074,43.331541846698293],[-1.9233876781825525,43.33153958471032],[-1.9233896042204626,43.33153732020822],[-1.9233915316896302,43.331534974679307],[-1.9233934604396612,43.331532626461076],[-1.9233952203933669,43.331530197414452],[-1.9233969813821381,43.331527849417789],[-1.9233986562695022,43.331525417769406],[-1.9234003335915124,43.331522987944822],[-1.9234019273105369,43.331520472691182],[-1.9234034332032499,43.331518041252757],[-1.9234049454922431,43.331515527033396],[-1.9234062850869729,43.331513012989213],[-1.9234076237099944,43.331510414293859],[-1.9234089682695217,43.331507898495481],[-1.9234098040781078,43.331505972203011],[-1.9234101390995897,43.331505301822325],[-1.9234113149263878,43.331502701594374],[-1.9234124043583358,43.331500104154941],[-1.9234134099256435,43.331497505926031],[-1.9234144130103485,43.331494908574165],[-1.9234153386904418,43.33149222405072],[-1.9234161740300322,43.331489626020208],[-1.9234169294347918,43.331486944396069],[-1.9234173473860445,43.331483674304629],[-1.9234175980246686,43.33148065836518],[-1.9234178521492122,43.331477724399221],[-1.9234179326080796,43.331474705957298],[-1.9234180204349354,43.331471689385658],[-1.9234180167517092,43.331468755694146],[-1.9234179331337482,43.331465738409008],[-1.9234177668846164,43.331462720346053],[-1.9234175177426309,43.331459786144784],[-1.9234172626640438,43.331456769046461],[-1.9234169274208928,43.33145375119355],[-1.9234164266219593,43.331450818225044],[-1.9234159211515385,43.331447800570558],[-1.9234153340216269,43.331444866789411],[-1.9234147493583615,43.331441933031442],[-1.9234139920012425,43.331438999448707],[-1.9234132383758975,43.331436064100181],[-1.9234123181914069,43.33143313078552],[-1.9234113943071092,43.331430197436049],[-1.9234103902583626,43.331427263331896],[-1.9234093822481098,43.331424413832494],[-1.9234082104547794,43.331421479049681],[-1.9234070346681604,43.331418630672182],[-1.9234056936353037,43.331415779838679],[-1.923404353574184,43.331413013656331],[-1.9234029311119534,43.331410163857115],[-1.923401502221648,43.331407398639399],[-1.9233999105358686,43.331404631889143],[-1.9233983188502204,43.331401865138908],[-1.9233966408019154,43.33139909937649],[-1.9233948798609464,43.331396417475787],[-1.9233931189201421,43.331393735575041],[-1.9233912790482985,43.331391052931231],[-1.9233892674544217,43.331388455113753],[-1.923387338737601,43.331385774334848],[-1.9233600128715971,43.331354006841792],[-1.9233181030017832,43.331303545627122],[-1.9233107262148541,43.33129700736594],[-1.9233056950346672,43.331292313692238],[-1.9233020922635529,43.331288876083342],[-1.9233006653503733,43.331287535390388],[-1.9232958875532353,43.331282673016787],[-1.9232911097250478,43.331277812443574],[-1.9232864999197221,43.331272867009176],[-1.9232819740111782,43.331267920563519],[-1.9232776163236904,43.331262808218284],[-1.9232733375997648,43.33125769481542],[-1.9232692315381299,43.331252583037966],[-1.923265207430342,43.331247300946991],[-1.9232613510356977,43.331242021335335],[-1.9232575809883947,43.331236741636047],[-1.9232539777622877,43.331231375263435],[-1.9232504559025581,43.331226011457673],[-1.9232471022955582,43.331220479951803],[-1.9232438335564941,43.331215032086057],[-1.9232437511875631,43.331214946668489],[-1.9232407316067119,43.331209499347594],[-1.9232378001142514,43.331203883571909],[-1.9232349500516641,43.331198266761916],[-1.9232322677177993,43.33119265153104],[-1.9232296682771721,43.331186952438536],[-1.9232272378462298,43.331181252235879],[-1.9232248888450398,43.331175550998964],[-1.9232227954142416,43.331169766625763],[-1.9232207833813078,43.331163983018918],[-1.9231908549241195,43.33104118548188],[-1.9231787864212007,43.330961388573257],[-1.9231750125123162,43.330948649529802],[-1.9231731652988415,43.330941776131752],[-1.9231715761372998,43.3309348187205],[-1.9231700669097862,43.33092794490296],[-1.9231688083343423,43.330920987002578],[-1.9231676348561744,43.330914029903397],[-1.92316662913751,43.330907072582882],[-1.9231658728374315,43.330900031167921],[-1.9231652013565659,43.330893076094057],[-1.9231647830417506,43.33088603425962],[-1.9231644495619722,43.330879077866058],[-1.9231642804035358,43.33087203657675],[-1.9231643663375926,43.330865078729573],[-1.9231645301990152,43.330858038774991],[-1.9231648667844379,43.330850996844951],[-1.9231654534971807,43.330844040111181],[-1.9231661265717772,43.330837082389685],[-1.9231669639355644,43.330830041573023],[-1.9231684703533507,43.330824089393602],[-1.9231695608065329,43.330819898174163],[-1.9231708189867431,43.330815708533969],[-1.9231721586274129,43.330811516058972],[-1.9231736684298073,43.330807326987056],[-1.9231751758290521,43.330803134290711],[-1.9231768543930936,43.330799027848009],[-1.9231786119191194,43.330794920347834],[-1.923180458241615,43.330790813683734],[-1.9231823835260726,43.330786705962154],[-1.9231843961435056,43.330782681904033],[-1.9231865739734555,43.330778662102745],[-1.9231887528857794,43.330774720650531],[-1.9231911034866991,43.330770696172763],[-1.9231935349921312,43.330766839939926],[-1.923196046891076,43.330762901622791],[-1.9231986461547226,43.330759045168442],[-1.9232013268149672,43.330755189480435],[-1.9232040935907162,43.330751416543855],[-1.9232070268598314,43.330747645174839],[-1.9232099611158355,43.330743957556606],[-1.9232130606636868,43.330740269693692],[-1.9232161639110341,43.330736581865516],[-1.923219433453355,43.330732976643233],[-1.9232227027333666,43.330729456060439],[-1.9232261373051645,43.330725935232891],[-1.9232296582066168,43.330722415218077],[-1.9232331776442686,43.330718978030482],[-1.923236865811627,43.33071562527256],[-1.9232405564451507,43.330712272537745],[-1.9232444109070281,43.330709002385518],[-1.9232482653366836,43.330705734033721],[-1.9232522070991418,43.330702549345219],[-1.9233040885024673,43.330668852316833],[-1.9233559728032124,43.330636244833151],[-1.9233335934341382,43.330619566769258],[-1.923319426085675,43.330619398275232],[-1.9232719836330592,43.330618978635371],[-1.9230979715502585,43.330617305989954],[-1.9231079348912272,43.330055955593245],[-1.9228760857876259,43.329962413715762],[-1.9226370267714978,43.329865856283313],[-1.922554464357902,43.329808772608338],[-1.922554295615325,43.329808689077886],[-1.9222838868012997,43.329621855642962],[-1.9222614236505324,43.329608697327053],[-1.9222423925174101,43.329597045381924],[-1.9222236998480706,43.329585226438724],[-1.9222052632612547,43.329573155979681],[-1.9221870716576712,43.329560833900231],[-1.9221692197352047,43.329548345735077],[-1.922151700389455,43.329535604974453],[-1.9221344321933214,43.329522612652006],[-1.9221175014751231,43.32950936958143],[-1.9221009043034545,43.329495958567037],[-1.9220846407101047,43.329482377808304],[-1.9220686306532058,43.329468550012997],[-1.9220530405186245,43.329454552387027],[-1.9220377015812837,43.329440300499094],[-1.9220227812213224,43.329425885071259],[-1.9220081981230726,43.329411300834934],[-1.9219939451344994,43.329396463981297],[-1.9219800291278872,43.329381543859299],[-1.9219476744001143,43.329347010166259],[-1.9219250434968016,43.329323959687677],[-1.9219019083549838,43.329301244820321],[-1.921878269270475,43.329278779123747],[-1.9218713990532688,43.329272494066871],[-1.921864857926822,43.329266710959857],[-1.9218581522828615,43.329261093784758],[-1.9218513652133702,43.329255477642548],[-1.9218444061949911,43.329250029163042],[-1.921837366984376,43.329244581727991],[-1.9218301570740397,43.329239301066913],[-1.9218228654903375,43.329234105177946],[-1.9218154022215459,43.329228992311954],[-1.9218078609950806,43.329223963352625],[-1.9218001505500286,43.329219017439492],[-1.9217923547477789,43.329214155363182],[-1.9217844745576764,43.329209461774866],[-1.9217764276154932,43.329204851255938],[-1.9217682990158163,43.329200324608649],[-1.9217627650358409,43.329197225320101],[-1.9217591599877664,43.329195043764351],[-1.9217555573427543,43.329192865832951],[-1.92175203614058,43.329190685967959],[-1.9217485990639063,43.329188422253942],[-1.921745164686065,43.329186075724074],[-1.9217418080353821,43.329183728126054],[-1.9217384565341205,43.329181298635767],[-1.9217352678704949,43.329178867979294],[-1.9217320853893181,43.329176436480573],[-1.9217288994566533,43.329173921207627],[-1.9217258827440429,43.329171322887987],[-1.921722864798429,43.329168724556631],[-1.9217199331808708,43.329166127039144],[-1.9217170820208875,43.329163443837203],[-1.9217142332958117,43.32916076245904],[-1.9217114674948357,43.329157995419692],[-1.9217087855553647,43.329155229170979],[-1.9217061840097676,43.329152380838998],[-1.9217036688558844,43.329149529719729],[-1.92170115613689,43.329146680424259],[-1.9216987238276839,43.329143748145256],[-1.9216963779101672,43.329140813078986],[-1.9216941158381917,43.329137879703644],[-1.9216873237817051,43.329127318246996],[-1.9216827957381701,43.329120695983711],[-1.9216781872542201,43.329114158504282],[-1.9216734095515557,43.329107704071205],[-1.9216683812036999,43.329101333717574],[-1.9216632664973401,43.329094964350332],[-1.9216580689319327,43.329088677042783],[-1.9216526232038702,43.329082472937571],[-1.9216470871535807,43.329076354423407],[-1.9216413029088582,43.329070320912145],[-1.9216355236301252,43.329064285646503],[-1.9216294885412246,43.329058417252611],[-1.9216233695605087,43.329052549868273],[-1.9216170823146095,43.329046851081536],[-1.9216107112087573,43.329041151503716],[-1.9216041721337274,43.32903553408331],[-1.9215974637606785,43.329030004210438],[-1.921590676028087,43.329024637470305],[-1.921583721728124,43.329019273661316],[-1.921576678371169,43.329013993654193],[-1.9215694692633309,43.329008879566906],[-1.9215621786825152,43.329003769213116],[-1.9215547174656045,43.328998822031672],[-1.9215471733260505,43.328993960510765],[-1.9215395438292173,43.328989182826511],[-1.9215317525135696,43.328984488257845],[-1.9215238708757636,43.328979879279849],[-1.9215158259535146,43.328975436244747],[-1.9215077770684486,43.328971077813783],[-1.9214995638980137,43.328966802475058],[-1.9214912628718561,43.328962612750182],[-1.9214828824540149,43.328958587958319],[-1.9214743342516056,43.32895456518537],[-1.9214599144377711,43.32894777489085],[-1.9214522019875842,43.328944339886114],[-1.9214444103778363,43.328940986975482],[-1.9214365284774022,43.32893771785487],[-1.9214285646865115,43.328934615444645],[-1.921302329103624,43.328892874102543],[-1.9212459186775501,43.328870831232791],[-1.9212287348028199,43.328850378459784],[-1.9211759273890507,43.328787428893882],[-1.9211641089358342,43.328764545090152],[-1.921164696634007,43.328761864599066],[-1.921165280886431,43.328759518141517],[-1.9211659524982838,43.328757253548311],[-1.9211667069703724,43.328754906895568],[-1.9211674624428103,43.328752643093424],[-1.9211682993093924,43.328750380059084],[-1.9211686348372012,43.328749542206189],[-1.9211691386423972,43.328748117047994],[-1.9211700593695351,43.328745854804708],[-1.9211708133490759,43.328744093438175],[-1.9211710639891664,43.328743591551898],[-1.921172068608717,43.328741328299081],[-1.9211731581052087,43.328739147787623],[-1.9211743338969218,43.328736969891111],[-1.9211755085031101,43.328734789282059],[-1.9211767620369034,43.328732609417514],[-1.92117801923847,43.328730431388429],[-1.9211793603324829,43.328728252349826],[-1.9211807862874701,43.328726156952868],[-1.9211822936683969,43.328724060523122],[-1.9211837208564377,43.328721965137746],[-1.9211853170307889,43.32871986954553],[-1.9211869055727522,43.32871785672247],[-1.9212064332631966,43.328677037246649],[-1.921215737608936,43.328660775586883],[-1.9212186745201953,43.328653315168296],[-1.9211713142061131,43.328630851576861],[-1.9211485128565315,43.328620040018613],[-1.9211555547015864,43.328612160897585],[-1.9212247053492322,43.328521715817125],[-1.9213018184800894,43.328441330859164],[-1.9213459086219675,43.328405958421008],[-1.9213448983906081,43.328268240740258],[-1.9212987995078357,43.328255918233012],[-1.9212985474915805,43.328265140041296],[-1.9212258713342949,43.328236389381402],[-1.9212258769468717,43.32831635368396],[-1.9210716428491159,43.328343430319386],[-1.9210336737179525,43.328350052380372],[-1.9210291505982811,43.328440914393333],[-1.9209882477272564,43.328513756489528],[-1.9209384598515309,43.328579722662617],[-1.9208806211027942,43.328556588299733],[-1.9207727421373981,43.328513423084473],[-1.9206942888054286,43.328482076507449],[-1.920593619814825,43.328516694994079],[-1.920460259964929,43.328527257311251],[-1.9203030119486817,43.328511079373975],[-1.9201336936013995,43.328500605041697],[-1.9200252312946882,43.328503622971155],[-1.9200956431532947,43.328643099954959],[-1.9202529738008207,43.32873790153311],[-1.9204510465563165,43.328857178057952],[-1.9201615347891363,43.329032784778313],[-1.9201426740714407,43.3290442674883],[-1.9201445214568538,43.329116271204128],[-1.9199661495259051,43.329151226054471],[-1.919775708485205,43.329170841863871],[-1.9196441963248929,43.329289870566853],[-1.9196365711057422,43.329296826526758],[-1.9195579482899965,43.329367906167676],[-1.9195405978133433,43.329382828347065],[-1.9194984332811402,43.329418787356701],[-1.9194379183127885,43.329470337103075],[-1.9194058161250049,43.329497747755561],[-1.9192980239034969,43.3295896166657],[-1.9191660907962669,43.329702021641864],[-1.9190041471665842,43.329619962233139],[-1.9189386843440521,43.329596744922597],[-1.9188343252717373,43.329559697281724],[-1.918724940072345,43.329520974016802],[-1.9187032299853151,43.329513177983443],[-1.9186113594223397,43.329483673303336],[-1.918524190006373,43.329455679833892],[-1.9183849601053435,43.329410919258649],[-1.9183192434663123,43.329389797235088],[-1.9182129588394492,43.329359538196719],[-1.9179674461610423,43.329289803619304],[-1.9177532017317367,43.329228782695594],[-1.9172615882176474,43.329099033903908],[-1.9168321755035673,43.329039357853304],[-1.9166035081602044,43.328924609845508],[-1.9164684694615024,43.3288235240327],[-1.916385485945739,43.328795108461733],[-1.9163037636948728,43.328799888071003],[-1.9157046166259843,43.328975582653356],[-1.9153443551942173,43.329057981786441],[-1.9151617955539488,43.329070138718514],[-1.9151053846014523,43.329040549769651],[-1.915070427765128,43.32897919393578],[-1.9150834999586599,43.328881627506441],[-1.9151291823062704,43.328751619345667],[-1.915212411086638,43.32851423687476],[-1.9152231426400879,43.328483642412102],[-1.9151984953728263,43.328489425415221],[-1.9150922958316536,43.328514154608797],[-1.9150430931521447,43.328527902308345],[-1.9149938924027419,43.32854181748823],[-1.9148754551608411,43.328612645842817],[-1.9147092386351401,43.328677106534037],[-1.9145186316442573,43.328761851280149],[-1.9143844346787073,43.328809212454516],[-1.914275889864872,43.32886486970304],[-1.9141784075814383,43.328928911493421],[-1.9141365823821404,43.328996135279517],[-1.9140783268724135,43.329141480730456],[-1.91400725227249,43.329267550104909],[-1.9139458985392241,43.329383223335398],[-1.9139210077317215,43.329531668817452],[-1.9138971189987297,43.329617922710518],[-1.9138594839715057,43.329708699558928],[-1.9138272134748746,43.329727895863847],[-1.913752364917676,43.329809369691027],[-1.9137168232501955,43.329880533921177],[-1.9137209319400292,43.329926971191597],[-1.9137346807088305,43.329931582406928],[-1.9137496850918174,43.3299366125487],[-1.9137646882761359,43.329941640876235],[-1.9138087786299545,43.329938538888385],[-1.9139363519773045,43.329925460359576],[-1.9140590667390298,43.329905175197837],[-1.9141433069012079,43.329888074170192],[-1.9141770005589902,43.329881285044351],[-1.9142567162784574,43.329908358338152],[-1.9142743165578038,43.329914391841861],[-1.9143319866519892,43.329972060089993],[-1.9142860555897949,43.330009110574608],[-1.9142574735806612,43.330032160812884],[-1.9141667798583824,43.330063930166567],[-1.9139216879696017,43.330215230884313],[-1.9137595804126211,43.330275498891339],[-1.9137411398634057,43.330279858392885],[-1.9135175087677978,43.330350269604082],[-1.9133599253535027,43.330406013854656],[-1.913152640880641,43.330496960386526],[-1.9129852522504442,43.330561252526657],[-1.9127534886224322,43.330650440301476],[-1.9124773024870485,43.330758573804651],[-1.9123645644240932,43.330768215213453],[-1.9121590328142017,43.330759080208892],[-1.9120635619924917,43.330761763029905],[-1.911968176260473,43.330764446580716],[-1.9117249269977705,43.330806360278238],[-1.9117127754390628,43.330808456143316],[-1.9115773182708378,43.330837459900145],[-1.911393334703622,43.330876856485503],[-1.9110522710738529,43.330978199104806],[-1.9109357562195235,43.331002843308404],[-1.9107649336864507,43.331025646509723],[-1.910490169051769,43.331050039965078],[-1.9102670373795163,43.331091117498836],[-1.9101659506635631,43.331120034672701],[-1.9096421589805004,43.331269911685524],[-1.9094653809550217,43.331310231986251],[-1.9092327784164147,43.331336470567678],[-1.9091244859677909,43.331371172798377],[-1.9091054549930231,43.331383327390895],[-1.9090275895636033,43.33143303396416],[-1.9090238995852107,43.331434374646655],[-1.9087767145402226,43.331577963498688],[-1.9081625684069059,43.331931693537285],[-1.9078608169981415,43.3321037826341],[-1.9076553769197282,43.332191041336337],[-1.9075508521046338,43.332233289581787],[-1.9075316583254958,43.332273691170279],[-1.9073496140123511,43.332353144422775],[-1.9072093674535302,43.332360700816622],[-1.9069180886800849,43.332370427979804],[-1.9063662176963849,43.332403123755675],[-1.9059029400084693,43.3324355668096],[-1.905747033077086,43.3324509081258],[-1.9056606141474823,43.332459457575403],[-1.9053184562346244,43.33249324177077],[-1.9050679171311933,43.332542532602346],[-1.9048273556616526,43.33258310486034],[-1.9047877913239821,43.332591486423233],[-1.9046012921956832,43.332631052366516],[-1.9045201535369998,43.332649829276939],[-1.904439013068443,43.332668772694959],[-1.9043767411100325,43.332670605543044],[-1.9043752250043613,43.332598363492167],[-1.9043702793378685,43.332508508264041],[-1.9043452076398004,43.3320552875551],[-1.904340931508343,43.332046067434014],[-1.9042949963747959,43.331947077052575],[-1.9042725251230581,43.331747245316826],[-1.9039070704751853,43.331706009177871],[-1.9040230664725803,43.33129142958262],[-1.903688288977762,43.331358490821117],[-1.9033722035121188,43.331417587574769],[-1.90291915220132,43.331483559204145],[-1.9028086794746575,43.331499654713156],[-1.9026409539091078,43.331549361021004],[-1.902470462784652,43.331615834774162],[-1.9024569655811618,43.331621116928567],[-1.902424448077159,43.331633773090651],[-1.9023013134763691,43.331678534772443],[-1.9022836296557382,43.331681217652282],[-1.9021192536599818,43.331706532525779],[-1.9019334262670209,43.331737214964626],[-1.9018652805732439,43.331677952366981],[-1.9017672098470504,43.331651969217631],[-1.9016938642520187,43.331625816434773],[-1.9015476798612341,43.331573599337041],[-1.9014242957740295,43.3315586805697],[-1.9013823845526012,43.331553566827992],[-1.9013558146250598,43.331553986921143],[-1.9012286491444295,43.331206130140416],[-1.9016605773301209,43.331171255572855],[-1.9018469954590886,43.331156166879907],[-1.9018289753409463,43.331133367417358],[-1.9018037420315226,43.331101515829097],[-1.9016830367532789,43.330948544044034],[-1.9016016465861494,43.330845360853516],[-1.9016000544230318,43.330846098335314],[-1.9015142186684388,43.330776125886921],[-1.9012717205644998,43.330507564872356],[-1.9011567178040198,43.330457274842189],[-1.9011230223316287,43.330428356490131],[-1.9010494247752403,43.330434811455177],[-1.9010225217061358,43.330447303263419],[-1.9008915068719721,43.330508323620379],[-1.9006988059379386,43.330606564266219],[-1.900377273779948,43.330789298380395],[-1.9001196985081621,43.330954762921039],[-1.8998872628124859,43.331084773193034],[-1.8997492981058652,43.331136995546295],[-1.8995826613181697,43.331146131910863],[-1.899471848500127,43.331134733885591],[-1.8994709259906961,43.331138004435452],[-1.8994707587058728,43.331139344491362],[-1.8994663207146039,43.33117362681557],[-1.8994365664432276,43.331406397715796],[-1.899246118844389,43.331099866242013],[-1.8990248234637104,43.330656708021088],[-1.8988169389141993,43.33010399413309],[-1.8987755310070393,43.329994020933775],[-1.8985638740885873,43.329543066640156],[-1.8985597648005301,43.329534432297201],[-1.8985351192132971,43.329481793420193],[-1.8984610205704471,43.329324043579156],[-1.8982251333450133,43.328712740424436],[-1.8981605118630842,43.328781640473089],[-1.8978156821700061,43.329149200161133],[-1.8973868652155756,43.329657076127852],[-1.8969710387917949,43.330079454933163],[-1.8968413702087967,43.330211138098036],[-1.8967432149072923,43.330300325080863],[-1.8964735696716286,43.330545422050783],[-1.8963651927722274,43.33061784280148],[-1.8962245406259293,43.330711893138314],[-1.8960134830432931,43.330783729496076],[-1.8955062842977819,43.33082111903618],[-1.8949405804357391,43.330899999993406],[-1.8941884585734667,43.331038814913349],[-1.8938240927207624,43.331182992370486],[-1.8933881456549759,43.331284335144716],[-1.8929169033185691,43.331332622442716],[-1.8924972148637631,43.331339079762962],[-1.8923671260620429,43.331327263071131],[-1.8922454998406051,43.331252161071568],[-1.8920405507156925,43.330986283608837],[-1.8920141454950195,43.33094420564592],[-1.891915737819051,43.33078746052383],[-1.8915905048997603,43.330269534260772],[-1.8918182405100898,43.330097614631505],[-1.8918252809721501,43.330092335999744],[-1.8921730546193625,43.33006399881809],[-1.8927397629622704,43.329870868255831],[-1.8932678295682384,43.329690899153938],[-1.8937673165280329,43.329679915369546],[-1.8940585077777912,43.329582511913742],[-1.8943082905148008,43.329368512803391],[-1.8946338485863614,43.329371695897606],[-1.894295127287658,43.329177989628796],[-1.8942913523527236,43.329165917757315],[-1.8942537173163254,43.329044545514797],[-1.8941303312312303,43.3290088401438],[-1.8938828919114787,43.328982437696574],[-1.8933580068264153,43.32896140396128],[-1.8931535688900849,43.328975404879436],[-1.8927439364522107,43.329040622771885],[-1.8919530933605035,43.329278766349042],[-1.8912029832743409,43.329455468378654],[-1.8913039930247952,43.329719839167637],[-1.8913961998380955,43.329864346188572],[-1.8914417139636206,43.329965852626557],[-1.8911817067835712,43.330029811111402],[-1.8909622607163892,43.330062251415058],[-1.8906837264574823,43.330139454760364],[-1.8905083754002427,43.33023836336465],[-1.8900050385667166,43.330438367740548],[-1.8899975772576767,43.330441887204316],[-1.8894458725718311,43.330704336555669],[-1.889207744113955,43.330815906105649],[-1.8886954346860207,43.331056143136827],[-1.8885769977914426,43.331150778099676],[-1.8881795016918379,43.330348865680747],[-1.8879876332188081,43.3300676492346],[-1.8878359117638221,43.329780648518629],[-1.8878210743174562,43.329752733548133],[-1.88743198270122,43.329945611090082],[-1.8871773382384887,43.330114009525808],[-1.8870012351556977,43.330251561603525],[-1.8869117997422631,43.330402610038298],[-1.886839297671157,43.330533034608791],[-1.8867342709401327,43.330738734119329],[-1.8863683178191515,43.330915179475141],[-1.8864821497860724,43.331245767566266],[-1.8861355579289838,43.331375360443481],[-1.8859920565188721,43.331469996218097],[-1.8857064831011299,43.331585335584656],[-1.8853815918595562,43.331641248766338],[-1.8849963549792865,43.331666984922819],[-1.8844043307082274,43.331770425622032],[-1.8841894163663542,43.331934047127092],[-1.8836819740174573,43.332263887300144],[-1.883333786075881,43.332477383964687],[-1.8831368899558441,43.332562295802312],[-1.8829621279866027,43.332585349431525],[-1.8824000237690532,43.33265417246384],[-1.8819345692495146,43.332680497432271],[-1.8819321388824015,43.332680581725498],[-1.8817917400828041,43.332688629506855],[-1.8816122811858795,43.332739510259465],[-1.8815266170213287,43.332775889739445],[-1.8814504215103449,43.332762730971261],[-1.8813200808531334,43.33268704230462],[-1.8811479134351923,43.332803135531123],[-1.8807614167973652,43.332834907781304],[-1.880694694555032,43.33276609369743],[-1.8806858099722246,43.332784532521181],[-1.8806516120512533,43.332793503020092],[-1.8805922641715578,43.332786797293771],[-1.8804654442221067,43.332754528314396],[-1.8803974682255482,43.332750756319314],[-1.8803208521638293,43.332756204904143],[-1.8800801234512012,43.3329088460886],[-1.8796107347618052,43.33324514126226],[-1.8792525697895301,43.333315972674889],[-1.8790214763052633,43.333400551271545],[-1.878967329534577,43.33342611724445],[-1.8786774811294673,43.333562999683849],[-1.878507160782571,43.333643470065716],[-1.8781906536555761,43.333748836253697],[-1.8779914969792879,43.333788820787035],[-1.8774588185291419,43.333870300119152],[-1.8771392099714392,43.33391674108006],[-1.8769257205296697,43.333976675579351],[-1.8767444118518073,43.333900484787158],[-1.8766856575373472,43.334088997739983],[-1.8762311856307567,43.334295455098072],[-1.8761714219344963,43.334322614163455],[-1.8759700893714963,43.334407358360764],[-1.8754883636562443,43.334030755609227],[-1.8752805674092963,43.333780720385846],[-1.8750864325498833,43.333478127758049],[-1.8749354643960985,43.333135804964535],[-1.874848369648543,43.332888114252505],[-1.8747717572166323,43.332889121755315],[-1.8741683322820388,43.332896923827441],[-1.8737888755360064,43.332871195198038],[-1.8736336368494875,43.332860634879509],[-1.8736091614794321,43.332863149183183],[-1.8733612203176899,43.332888887241189],[-1.8733057329933867,43.332894585192555],[-1.8732818423303461,43.332903302056202],[-1.8729892288603764,43.333009254832966],[-1.8730156305102024,43.333059799516207],[-1.8731259430535789,43.333270607605414],[-1.8733336593178351,43.333719217703077],[-1.8735436370449094,43.334053994593226],[-1.8737024831557576,43.334294811154422],[-1.8740412977236443,43.334808295016892],[-1.8738807817806371,43.334822965789691],[-1.8738584005752539,43.33482506134844],[-1.8736966256719287,43.334839899554552],[-1.8734553914457945,43.334892961244179],[-1.8732365408193921,43.335051384405403],[-1.8729238093684004,43.335290530770251],[-1.8727075564988491,43.3354857509051],[-1.8726441876154434,43.33554300059081],[-1.8726104074911609,43.335573513255454],[-1.8723701702171922,43.335254660608086],[-1.8719569262704836,43.334706390965998],[-1.8718879362750533,43.334614776232357],[-1.8715312698845747,43.334188046087547],[-1.8713616160866002,43.333987296849529],[-1.8712150942572583,43.333813955632046],[-1.8711112373050272,43.33369099301779],[-1.8709536537399281,43.333772218074863],[-1.8706462031516213,43.333855957425925],[-1.8702453744029643,43.333926370792213],[-1.8700998604050869,43.333937688928458],[-1.8700166279152084,43.333936934998761],[-1.8698943321173178,43.333932074359097],[-1.8697328928787116,43.333926963602018],[-1.8695222490123964,43.333931993300915],[-1.8693288764958047,43.333936271313121],[-1.8691370970739545,43.333934933363317],[-1.8690057511196949,43.333969133664652],[-1.8689239387573326,43.333990425991814],[-1.8688201733701026,43.334039460863622],[-1.8686980449925608,43.334101655896305],[-1.8686620037416686,43.334120014227402],[-1.8685181691758059,43.334222276676293],[-1.8683940303763844,43.33431397980754],[-1.8682311710192803,43.334387408662238],[-1.8680144091980901,43.334460249731855],[-1.8678760260757103,43.334526805024204],[-1.8677586773751624,43.334592103374881],[-1.867678712793414,43.334607026239844],[-1.8676199536407738,43.334610044423655],[-1.8675710039076454,43.334609539919839],[-1.8674341219807076,43.334597471819158],[-1.8672853418343356,43.334570566122999],[-1.8671555030798375,43.334699401651193],[-1.8669959954837783,43.334821781350129],[-1.8669265928905394,43.334856904471572],[-1.8667557686541443,43.334943408710416],[-1.866444546641344,43.335094708415205],[-1.8663225025715111,43.335190517162751],[-1.8662706210345623,43.33523133780146],[-1.8662418698157421,43.335253887172044],[-1.8659851310753244,43.335573750665922],[-1.8658369432902813,43.335773665773559],[-1.8657388717976433,43.335869473906811],[-1.8656452480756545,43.335960922893186],[-1.8653781186578395,43.336221694636727],[-1.8651089623630124,43.335844000134863],[-1.8650715744602107,43.335765458734606],[-1.8649453351854921,43.335501340627154],[-1.864645094108865,43.335653396318634],[-1.8644357112275254,43.335729757941017],[-1.8643968999272382,43.33574392555559],[-1.8641876016802779,43.335800756900881],[-1.8640752854551892,43.335898828118125],[-1.8639912967264503,43.335845268272678],[-1.8639417563875376,43.335827163444719],[-1.863925077937761,43.33582565609855],[-1.8636306142666048,43.335792716871289],[-1.8636327098333498,43.335798752669383],[-1.8637595350186913,43.336157000681766],[-1.8636260953204509,43.33622850193985],[-1.8635626437524175,43.33626865259766],[-1.8634720348670424,43.336325903825383],[-1.8633489014750044,43.336445599964506],[-1.8633424496164928,43.33645188758021],[-1.8632542713973159,43.336580303372422],[-1.8632318960533951,43.336641408489278],[-1.8631872226664543,43.336763369152479],[-1.8631149702749328,43.336928245488743],[-1.8630676123697041,43.336977533292306],[-1.8630661886390603,43.336979127333422],[-1.8630655173941542,43.336979796894582],[-1.8629766713289697,43.33707233388408],[-1.8628645208928436,43.337218267797219],[-1.8628253932219716,43.337320701467313],[-1.86282521085208,43.337319104065038],[-1.8626504383704712,43.33693738718862],[-1.8624802704674903,43.336371847596347],[-1.8624249411278058,43.336107727890912],[-1.8623110308045849,43.336107981439824],[-1.8620939328119113,43.33614771473583],[-1.8617845524269929,43.336160710726027],[-1.8615024113264471,43.336135398375198],[-1.8611671317055454,43.336351075420232],[-1.8615512979506903,43.337168995584577],[-1.8611738631217647,43.337484420266748],[-1.8604329660901777,43.337369087381454],[-1.8601866985709159,43.337294322920918],[-1.8601521689257545,43.337423994938327],[-1.8600897269029859,43.337611503452173],[-1.8598311378147727,43.337646543546271],[-1.859277923285237,43.337667922140454],[-1.8591936008925776,43.337665157669903],[-1.858397382634611,43.337639014294076],[-1.858335191095462,43.337637003170414],[-1.8580695624934094,43.337650416851751],[-1.8576398145238935,43.337653607602071],[-1.8568077221928196,43.337537439295161],[-1.8567744378622617,43.337126046200737],[-1.8567903596210249,43.336890760579109],[-1.8568198607349984,43.336824459459898],[-1.8568415694454492,43.3367327572211],[-1.8567036021216039,43.336703841507486],[-1.856723047086914,43.336679867952796],[-1.8569130627152428,43.336446423430679],[-1.8570837197217378,43.336237876922965],[-1.8570872381419059,43.336231421676288],[-1.8570946145352092,43.336217507878189],[-1.8571325816472095,43.336146511713316],[-1.8571440660771552,43.336038799963923],[-1.8570359388766045,43.336097391870553],[-1.8568236215931435,43.336140731398643],[-1.8566282371482123,43.336180547098685],[-1.8563955502654832,43.336236626977261],[-1.8563279052232105,43.336252887890488],[-1.8562212870638233,43.336271246014633],[-1.8560639595412141,43.336308966940784],[-1.855857841016926,43.336331935575259],[-1.8557550784925172,43.336330932646909],[-1.8556720964198077,43.336315761852404],[-1.8556646362041376,43.336310145864132],[-1.8556611977692312,43.336394637147734],[-1.8557111570290814,43.336461861831552],[-1.8557773781330269,43.336550878791364],[-1.8558020220054205,43.336624975366192],[-1.8558099887098229,43.336727322228889],[-1.8557672432327232,43.3369173440963],[-1.8557232406269115,43.337015917667756],[-1.8555960064886723,43.337300909513147],[-1.8555219118509538,43.33746704480766],[-1.8554686848663615,43.337518845087892],[-1.8553049013252376,43.337560003976385],[-1.854967440928412,43.337625723139311],[-1.8549045740565266,43.337630836713004],[-1.8547060053429263,43.337646849981638],[-1.854493686891288,43.337654311423741],[-1.8543814503086868,43.337671747119586],[-1.8542628449097927,43.337690272369031],[-1.8542350990878065,43.337694548843444],[-1.8539058445378329,43.337765887519033],[-1.8537732430270446,43.337536550585405],[-1.853540634012911,43.337153071390688],[-1.8532973970726203,43.337585842989938],[-1.8531455151895768,43.33783194232641],[-1.8530672308455585,43.337894222599239],[-1.8529764527220773,43.337924817815242],[-1.8528990874741225,43.337937478269701],[-1.8527837494767609,43.337922892081281],[-1.8524511458939383,43.337856511341009],[-1.8521244135176214,43.337803705142555],[-1.8518782315608848,43.337778729968811],[-1.8518167044286424,43.337769091599618],[-1.8515791561430344,43.337771188796651],[-1.8514115982640937,43.337787536562814],[-1.8512696094025611,43.33783112545192],[-1.8510875523963521,43.337919305062471],[-1.8508396142463304,43.33810589383647],[-1.8507001378313883,43.338226094594027],[-1.850583208077516,43.338292482497742],[-1.8504602462008282,43.338354258799235],[-1.850363263621762,43.338384772460756],[-1.850182046890386,43.338427942229075],[-1.8501427365150418,43.338468091312052],[-1.8500644482458197,43.338530373079458],[-1.8499862428407776,43.338588125488187],[-1.8499021734449228,43.338632300493792],[-1.8498181860108651,43.338667422289753],[-1.8497405662103668,43.338698185986296],[-1.8496950553696427,43.338738251837505],[-1.8496891860884828,43.338753257241017],[-1.8496473628933412,43.33881813410003],[-1.8496378899087789,43.33884118564275],[-1.8496371346433584,43.338843029359772],[-1.849616348279685,43.338907152537772],[-1.8496001751089812,43.338942692478739],[-1.8495856746072885,43.338974712296704],[-1.8495777924170866,43.339013605151258],[-1.8495748605950286,43.339028274517055],[-1.849563630644846,43.339103210008119],[-1.8495326206890241,43.339192228465386],[-1.8494918839803449,43.339273954506581],[-1.8494564281549644,43.339337994001809],[-1.8494306143676311,43.339405637724411],[-1.8494001872449475,43.339462469309652],[-1.8493981798662458,43.339569675854953],[-1.8493820855432672,43.3396445290633],[-1.849375548706899,43.33973027656085],[-1.8494083252258398,43.339809235850488],[-1.8494112625915584,43.339912839935977],[-1.8494050618586146,43.339994900791339],[-1.849398274344763,43.340084252943683],[-1.8493712013022321,43.340219791895258],[-1.8493550239091026,43.340298247834291],[-1.8493250162158676,43.340330100778978],[-1.8493018000174712,43.340354829301425],[-1.8492950948325912,43.340361954584054],[-1.849250668720015,43.340379387683249],[-1.8491966033412506,43.340389530115772],[-1.8491182326752651,43.340392381048531],[-1.849035000612328,43.340391545205421],[-1.8489078415313074,43.340386683396773],[-1.8487413750039801,43.340385009518599],[-1.8485986304998634,43.340383167236247],[-1.8486037414431205,43.340388531315988],[-1.8486249485900927,43.340406804143157],[-1.8486469912982502,43.340424993533212],[-1.8486697948635722,43.340443266216241],[-1.8486925087323078,43.340461455150802],[-1.8478489430085137,43.340628603879573],[-1.8478052699588392,43.340655175408912],[-1.8475737607237825,43.340787948974111],[-1.8475190257816192,43.340819300134321],[-1.8474694044772342,43.340847715129243],[-1.8474487850837673,43.340859618301067],[-1.8474272411143835,43.340871940762376],[-1.8473906156003637,43.340929692610629],[-1.8473731799134068,43.341018040461854],[-1.847351810106163,43.341110746426835],[-1.8473502173161063,43.341196495891268],[-1.8473534047837588,43.341285849389422],[-1.8473470383242139,43.341384337946081],[-1.8473464480894646,43.341392972660167],[-1.8473824979413844,43.341561285065019],[-1.8474237379662091,43.341708221892034],[-1.8474602040176744,43.341851555634541],[-1.8474587822241013,43.341926577120425],[-1.8474663278934342,43.342044595144955],[-1.8474405127879068,43.342115844648639],[-1.8474055584840468,43.34215121568397],[-1.8473605473612233,43.342204360062667],[-1.847320065408518,43.342271835620352],[-1.8472799992645603,43.342317853268547],[-1.8472496549460449,43.342371166148197],[-1.8472243433295594,43.342413831573666],[-1.8472136161379922,43.342463703491042],[-1.8472076664101251,43.342517265861893],[-1.8472114377876478,43.342578035230169],[-1.8472145429621663,43.342674596836851],[-1.8472133698748905,43.342735283945721],[-1.8471879726094154,43.342781552974394],[-1.847148076645281,43.342820445272793],[-1.8470736452951362,43.342873255127607],[-1.8470386903195863,43.342908626939099],[-1.8469906647132817,43.342939390851797],[-1.8469891519710704,43.342940312962149],[-1.8469300597923113,43.342957579271776],[-1.846875830206606,43.342978535977259],[-1.8468021488552304,43.342988510990516],[-1.8467384447699016,43.342991445150624],[-1.8466602445093414,43.342983483579594],[-1.8465677027768845,43.342957500793752],[-1.8464851393302792,43.342924560000561],[-1.8463929359054569,43.34288072107902],[-1.8463009000090775,43.342826154082076],[-1.8461700549069529,43.342756921615987],[-1.846043900845096,43.342694978606261],[-1.8459420613427191,43.342643849339737],[-1.8458255483904058,43.342592635823884],[-1.8457185892005628,43.342552318545124],[-1.8456260502013309,43.342522731447005],[-1.8455286524618111,43.342496746525562],[-1.845411472073613,43.342477722127285],[-1.8453334311784946,43.342462633342876],[-1.8452355305306578,43.342461628615787],[-1.8451274848545502,43.342478395169792],[-1.8450390543489248,43.342495411948768],[-1.8449503738747264,43.342523072084454],[-1.8448614399682668,43.342565069162504],[-1.8447623645614732,43.342624833036282],[-1.8446674819804256,43.342723911146784],[-1.8446121630548524,43.342801948425176],[-1.8445466983573633,43.342897840721228],[-1.844510994974264,43.342972525683912],[-1.8444949843939906,43.343040253785688],[-1.8444936470528013,43.343111667989419],[-1.8445021968462174,43.343176126213883],[-1.8445208040509693,43.343229856417032],[-1.8445489709394309,43.343294482228394],[-1.8445721077404114,43.343362629272228],[-1.8445856878144522,43.343423565349383],[-1.8446099114468599,43.343471427359461],[-1.8446157884087471,43.34384652610639],[-1.8446200620341238,43.343965048781193],[-1.8446485696935861,43.34426789400996],[-1.8446386844601559,43.344487253895252],[-1.8446359197599567,43.344549365585969],[-1.8446285440434802,43.344679538452873],[-1.8445904087963461,43.344818766063156],[-1.8445765792534747,43.34485916701454],[-1.8445448133120723,43.34494885621654],[-1.8444639285912678,43.345065117339885],[-1.8443480025569436,43.345117926614741],[-1.8441967956994989,43.345165957124273],[-1.844060921335162,43.345173586433134],[-1.8438322587095386,43.345153221006214],[-1.8437495237547099,43.345131513149759],[-1.8436181792242143,43.345097062277866],[-1.8432830593520255,43.345039649208211],[-1.843082814862276,43.345028586763341],[-1.8429677263265918,43.345036466471107],[-1.8429248951686805,43.345058511794285],[-1.8428956441119237,43.345098747501119],[-1.8428095498891879,43.345043857844793],[-1.8427087198918539,43.344993302310833],[-1.8425822327625099,43.344951559888614],[-1.8425421700797351,43.344951141806973],[-1.8425062932436687,43.344973272666948],[-1.8424560041495723,43.345022306962534],[-1.8424334541958987,43.345071593204494],[-1.842425243982744,43.345220040971888],[-1.8424395814386814,43.34548131113052],[-1.8424548427579173,43.345693127464394],[-1.8424704364658389,43.345927321372827],[-1.8424672540745286,43.346093874804254],[-1.8424062366935059,43.346219354376949],[-1.8423260220916446,43.346344583752476],[-1.8421801775268105,43.346509713598486],[-1.8419832880523392,43.346647265352935],[-1.841910112232314,43.346723042217654],[-1.8418386971160288,43.346749362006385],[-1.8417211816856331,43.346766209502604],[-1.8415140613643459,43.346746095443898],[-1.8413141469974081,43.346717012669281],[-1.8410489371811567,43.346673848533456],[-1.8408870787389306,43.346667729292612],[-1.840744500920374,43.346666222846125],[-1.8406402279262062,43.346674186429006],[-1.8405428261695522,43.346686678577903],[-1.8403978191795836,43.34673026558383],[-1.8403127402411432,43.346783408741146],[-1.8402598515644528,43.346845939447789],[-1.8402192013496645,43.346917523942956],[-1.8402177760378107,43.346989526941726],[-1.8402353811994525,43.347079801136594],[-1.8402726833351333,43.34718373850545],[-1.8403287595924298,43.347278791576073],[-1.8404164413510735,43.347450791013785],[-1.8404337937078774,43.347554560251751],[-1.840425918408684,43.347644501305588],[-1.8403854309917791,43.347743159324374],[-1.8403384120018422,43.347823711615497],[-1.8402451223335858,43.347944330797333],[-1.8401133590853658,43.348060004346429],[-1.8400905587026195,43.34807232706904],[-1.8401396799404117,43.348116666955129],[-1.840000872396506,43.348204597408589],[-1.8398921563490009,43.348253550227597],[-1.8397641631758532,43.348291522760277],[-1.8396118609226702,43.348318598949973],[-1.8394205815540976,43.348334526290159],[-1.8391806916770737,43.348332097802562],[-1.8389408787472368,43.348322462446674],[-1.8387210979612592,43.348291700314775],[-1.8384914286513787,43.348267898600589],[-1.8383154059453179,43.34825541159185],[-1.8381290710033058,43.348267817641485],[-1.837848860601629,43.348325657557496],[-1.8376569960647982,43.348373774041235],[-1.8375090535057892,43.348425910548585],[-1.8374562498728046,43.348454411258089],[-1.837358430696812,43.3485071372398],[-1.8372897823713461,43.348551896361805],[-1.8372648045238897,43.348606045367966],[-1.8372066375703158,43.348723899112777],[-1.8371679082971659,43.348801182020303],[-1.8371700902698653,43.348863712055604],[-1.8371839203766462,43.348910317339069],[-1.8372175340900609,43.348942839152507],[-1.8372804027850034,43.348986340358202],[-1.8373526601825296,43.349047865700179],[-1.8374241581385784,43.349152221846431],[-1.8374765487768183,43.349227744224514],[-1.8375382429111098,43.349328412369907],[-1.8375707662346843,43.349421705588369],[-1.8375987616460334,43.349493455599735],[-1.837625087537037,43.349654559385748],[-1.8376277696879741,43.349772495132243],[-1.8376258438657391,43.349872494042266],[-1.8375973485020647,43.349946590882212],[-1.8375844379736923,43.349980037162901],[-1.8375509153994944,43.350061259418602],[-1.8374871292577275,43.350200402052835],[-1.8374824371751308,43.35021104801325],[-1.8374669280803788,43.350246168799444],[-1.8374220832366246,43.350284979418106],[-1.8373625740061672,43.350323703963689],[-1.8372744794345961,43.350370561485057],[-1.8371087647990567,43.350415659882273],[-1.8370060052511166,43.350455726403702],[-1.8369364322213004,43.350476347629559],[-1.8367626730267088,43.350519264775563],[-1.8366480075174911,43.350531671629433],[-1.8363495221828379,43.350555814651266],[-1.8362561437109179,43.350568474633697],[-1.8361864916733976,43.350596890630761],[-1.8360118925468389,43.350680544916138],[-1.8357567450436514,43.350806112131259],[-1.8356114842986035,43.35088809071096],[-1.8354962346404691,43.350935451043966],[-1.8353621208351814,43.350992366437922],[-1.8352309429070321,43.351031762851193],[-1.8351508077173191,43.351048445825612],[-1.8349640598848898,43.35107376294367],[-1.8346886237368443,43.351148616145814],[-1.8344370791007429,43.351223722097316],[-1.8342087559537501,43.351337889500776],[-1.8341336515253912,43.351369741474578],[-1.8340746416689251,43.351394720532248],[-1.8338628305052112,43.35147603005619],[-1.8338467370071603,43.351487930974479],[-1.8337954396705329,43.351525818939244],[-1.8337484991387158,43.351612743486129],[-1.8337169886581948,43.351730847419937],[-1.8337084398019028,43.351897735575285],[-1.8337081055991207,43.352056995214546],[-1.8337177467730725,43.352105611177102],[-1.8337278908251535,43.352134863751601],[-1.8337433987019731,43.352156322771393],[-1.8337760066295563,43.352174929790074],[-1.8338091967168959,43.35219387319848],[-1.8339746621087525,43.352308203087418],[-1.8340637676587006,43.352379030946231],[-1.8341288133474085,43.352457318533865],[-1.8341573104132163,43.352494536196005],[-1.834296289426067,43.352600821173127],[-1.8344298155741858,43.352716742763803],[-1.8344656940680386,43.352786983665247],[-1.8344810349214222,43.352820092604027],[-1.8344859800035271,43.352854290476159],[-1.8344870696432942,43.352862087705944],[-1.8344880756711268,43.352868709006401],[-1.8344895039688416,43.352934759298201],[-1.8344962933655617,43.352995026661134],[-1.8345187599974855,43.353072895365557],[-1.8345575716757545,43.353171386888064],[-1.8346077798970863,43.353330309757197],[-1.8346487690573416,43.353413042285133],[-1.8346720750310139,43.353526702179551],[-1.8346734190236431,43.353682025040833],[-1.8346649574226956,43.35378914635784],[-1.8346441685102033,43.353872798990338],[-1.8346051951334343,43.353909681932102],[-1.834406539947075,43.353944887885099],[-1.8340759522047712,43.353977245621941],[-1.8337745356598705,43.354000803629674],[-1.8336893714663862,43.354003570172814],[-1.8334010255749245,43.354013044320055],[-1.8332459590541288,43.353992929431065],[-1.8330856945954701,43.353952111453381],[-1.8329109285127259,43.353925540621603],[-1.8327921524465269,43.353928056207188],[-1.8327893044390466,43.353928057753578],[-1.8327779866733511,43.353928309616563],[-1.8326419469540651,43.353947589755769],[-1.8326035556083013,43.353962929475159],[-1.8324909875013748,43.354007858612171],[-1.8323342417693866,43.354076425189334],[-1.8321437198465185,43.354136358953149],[-1.832038694210339,43.354159998079616],[-1.8318402909425464,43.354186905468964],[-1.8317749075196987,43.354193110633531],[-1.831625123220741,43.354207362452513],[-1.8313241226727717,43.35427651843036],[-1.8311501933394891,43.354335947471],[-1.8310461738583614,43.354368973170679],[-1.8308881723536019,43.35443879904669],[-1.8307739293515266,43.354520524833589],[-1.8307663816338866,43.354524548275712],[-1.8307563271713054,43.35453309872176],[-1.83069346356014,43.35458682914421],[-1.8306412414464843,43.354694287862515],[-1.8306340376405166,43.354739131844823],[-1.8306648838798261,43.354843908427135],[-1.8307115762573849,43.354962346450087],[-1.8307544102351163,43.355027056154874],[-1.8308115747499791,43.35511347704167],[-1.8308890278923637,43.355160665964519],[-1.8309810647534202,43.355211628196415],[-1.8310386504800316,43.355272984072066],[-1.831076200173372,43.355355546724248],[-1.8311076370010961,43.3554910018645],[-1.8311536593245807,43.355604494824007],[-1.8311799815911973,43.355717318184823],[-1.8311854299632553,43.35579393213257],[-1.8311614569528618,43.3559197444524],[-1.831131704775226,43.355982443361334],[-1.8310775598286826,43.356031396207875],[-1.8309949961322647,43.35607557072192],[-1.8309341417119831,43.356111026624959],[-1.8307519198152142,43.35628017912439],[-1.8306837753485408,43.356338018270797],[-1.8305652526729821,43.35640432051413],[-1.8304843658356693,43.356439527196486],[-1.8303533544253787,43.35647423016075],[-1.8302541109039734,43.356500215694595],[-1.8301229343074332,43.356543887804456],[-1.8299968657417764,43.356601141159878],[-1.8298944410127671,43.356636093746999],[-1.8297898339933309,43.356662079824169],[-1.8296645187915825,43.356678761219001],[-1.8295596583056069,43.356677673614762],[-1.8294227834280374,43.356658310611678],[-1.8292957899513973,43.356643475174884],[-1.8292155765883433,43.3566426395722],[-1.829126724252413,43.35665076940144],[-1.8289796214297931,43.3566807813122],[-1.8288581661790904,43.356702071089884],[-1.828623800641777,43.356735688347577],[-1.8284538151731835,43.356792435213521],[-1.828444009228859,43.356795536724782],[-1.8284107340386933,43.356831831189616],[-1.8283806415346888,43.356870809152049],[-1.8283503005803783,43.356920516023123],[-1.8283494641129248,43.357022021431284],[-1.8283564222057731,43.357110035242691],[-1.8283739442014009,43.357216485770749],[-1.8284004350127503,43.357303576844309],[-1.8283783886143912,43.357470211783912],[-1.8283642300911818,43.357721172830004],[-1.8283481391932337,43.357796025545788],[-1.8283126847359985,43.357856460992423],[-1.828262725346842,43.357909519962575],[-1.8282030470874571,43.357955370337962],[-1.8281235865025858,43.358011699898711],[-1.8280323070867202,43.358042462707729],[-1.8278821010560005,43.358091416392206],[-1.8277934206710433,43.358115557690454],[-1.8276900658355131,43.358143050303944],[-1.8275669379227297,43.358177585954621],[-1.8274333292113185,43.358251267846107],[-1.8273393663348958,43.358296699587754],[-1.8272653523169919,43.358328133169778],[-1.827181697883012,43.35834514991646],[-1.82707373907757,43.35835830925199],[-1.8269853090910113,43.358371722831137],[-1.8268625120422455,43.358391924288249],[-1.8267738312093464,43.358415981047635],[-1.8266851495791558,43.358447247563277],[-1.8266161644836461,43.358467952237994],[-1.8265276474953369,43.358484969936711],[-1.8264245512888335,43.358498214573665],[-1.8262967225723679,43.358525457461027],[-1.8262081252323545,43.358545993912166],[-1.8261683936416899,43.358574158888871],[-1.826138640592875,43.358595282180332],[-1.8261033532969018,43.358644988988296],[-1.8260923737102348,43.358709194797171],[-1.8261150056968205,43.358780526860009],[-1.8261288386788193,43.358848925902926],[-1.8262000040591841,43.358967615094116],[-1.82628617260743,43.359113041952355],[-1.8262920441092705,43.35917104740556],[-1.8262624555234208,43.359286301831901],[-1.8262145157638894,43.359485878789528],[-1.8261300273299044,43.359578502543393],[-1.8260680815019323,43.35963918939035],[-1.8260061386434396,43.359701635695266],[-1.8259349772994984,43.35975888812456],[-1.8258540102435241,43.359839859196853],[-1.8257830969612185,43.359880011099577],[-1.8256484824667658,43.359955368875916],[-1.8255217468429832,43.359988143615325],[-1.8254254382587585,43.360021001127954],[-1.8253465608843893,43.360048747521162],[-1.8252722984210981,43.360090909603898],[-1.8252025622542218,43.360150926159058],[-1.8251128724346644,43.360207339405584],[-1.8249226853311995,43.360335001952514],[-1.8248401237124678,43.360404488795531],[-1.8247853096707027,43.360453942288167],[-1.8247353524846632,43.360503482587305],[-1.8247196768286043,43.360553356284761],[-1.8247133938511264,43.360624772314139],[-1.8246947848494428,43.360628292677006],[-1.8246974670708054,43.360643798823119],[-1.8247064368062995,43.36069786253772],[-1.8247578237203634,43.360955025313011],[-1.8247737517505702,43.361085786246072],[-1.8247253931236391,43.361355438614012],[-1.8246434246792851,43.361687706128038],[-1.8244883607109581,43.361929279884464],[-1.8243289376574949,43.362076220011829],[-1.824196836985178,43.362124334742056],[-1.8240583635987155,43.362145461511531],[-1.8238895493116407,43.362139174607208],[-1.8236533421923136,43.362109755238677],[-1.8235841068250547,43.362100034101843],[-1.8233157104029862,43.362061226256316],[-1.8231447995262406,43.362053349912458],[-1.8231442130719191,43.362014037840837],[-1.8230217500784291,43.362016386450037],[-1.8229333204725622,43.362029714042052],[-1.8228055785447441,43.362049833206591],[-1.8226777502027305,43.362077160266487],[-1.8226695352123938,43.362080512672534],[-1.8225691204825247,43.362122509080969],[-1.8225251988081566,43.362143968167381],[-1.8224405398273009,43.362185461266407],[-1.8223659390936353,43.362241871031536],[-1.8223018177688735,43.362199372617802],[-1.821854122151819,43.361660658430907],[-1.8217206768675966,43.361500059504401],[-1.8213985460297979,43.361119263460743],[-1.8209100263152533,43.360541742548889],[-1.8208889895340248,43.360516596037051],[-1.8207155594243964,43.36031014647898],[-1.82057943386932,43.360326744229148],[-1.820466947263794,43.360321045809464],[-1.8203910061042325,43.360302271673653],[-1.820254124936366,43.360237813458511],[-1.8200808645731104,43.360146032230972],[-1.8198832122991735,43.360035892059472],[-1.8197765097514857,43.360012341079774],[-1.819739627148474,43.360015693650482],[-1.819689168299808,43.360020388210174],[-1.8196071908248066,43.360033046872438],[-1.8195782723368537,43.360050816616422],[-1.8195244613926547,43.360081747765534],[-1.8194512880840077,43.360157521758659],[-1.8194144084869908,43.360229189804429],[-1.8193971422494002,43.360323572248326],[-1.8194192757799619,43.360494817880188],[-1.8194554910273888,43.360733875201291],[-1.8194673979417424,43.360914089880147],[-1.8194608606994784,43.361012998842732],[-1.819438230840835,43.361107382637009],[-1.8193632979683829,43.361273179765],[-1.8192582723705415,43.361438645419696],[-1.8192362303059562,43.36150142616615],[-1.8192398374283976,43.361591533591096],[-1.8192636426988813,43.361677283430502],[-1.8192820042131079,43.361767557598782],[-1.8192705204360808,43.36183947517965],[-1.8192220721695687,43.361951545322015],[-1.8192133554324579,43.362005443934898],[-1.8192107561952664,43.362018941714062],[-1.8192305375402964,43.362073173303052],[-1.819233391846564,43.362163281050371],[-1.8192219068735083,43.36223964318372],[-1.8191645748452445,43.362293119941043],[-1.8191118529751722,43.362306029904708],[-1.8191904775503582,43.36242840756978],[-1.8181931937155114,43.363061936618173],[-1.8178247234260774,43.363328240366528],[-1.8177691506437239,43.363368225291168],[-1.8175050336642193,43.36350502131468],[-1.8172988332187188,43.363516424320217],[-1.8169120018017753,43.363539394704866],[-1.816711754880199,43.363564374754276],[-1.8165341398983621,43.363612071768074],[-1.8165674181493348,43.363724981104077],[-1.8165851913613056,43.363882730376915],[-1.8167872020805407,43.363848781507301],[-1.8171237394671895,43.363834275916588],[-1.8174164412438922,43.363855312025514],[-1.8178636271378725,43.363904928852776],[-1.8179052842784582,43.363820185924773],[-1.8179191149383076,43.363792187431457],[-1.8180241399246087,43.363804426774479],[-1.8181426661710975,43.363825463290745],[-1.8182478616243616,43.363858488153213],[-1.818321539969493,43.363885560392106],[-1.8184171799534137,43.363944821534922],[-1.8184924536254281,43.364006261944411],[-1.8185786227046943,43.364117490355881],[-1.8186512139321316,43.364226040093826],[-1.8187027652319712,43.364284796902915],[-1.8187384725554012,43.364324527602356],[-1.8187135787920816,43.364345734246456],[-1.8186818933465554,43.364390663057563],[-1.8185444321237061,43.364504827970805],[-1.8180233246550039,43.36493760255815],[-1.8180114260484499,43.364955455059338],[-1.8179939893258723,43.364977837157682],[-1.818006480289742,43.365009435749506],[-1.818119976396394,43.365082694446166],[-1.8182615500768828,43.365142625830131],[-1.8181198936894778,43.365208678668949],[-1.8181792389475833,43.365209347826692],[-1.8183029583305201,43.365233150870772],[-1.8184219017685406,43.365265841301209],[-1.8185011981268371,43.365275647001226],[-1.8185086539908799,43.36527614904179],[-1.8185951569621235,43.365281177562537],[-1.8186597004024494,43.365295343744215],[-1.8187584447532221,43.365332392188385],[-1.8188484663329154,43.365354602143199],[-1.8189347205755042,43.365375891586936],[-1.8190057140445508,43.365393494536775],[-1.8191477937541136,43.365462477670057],[-1.8192911286627249,43.365549482387671],[-1.8194054590213278,43.36561695768831],[-1.8194990902585462,43.365650484209141],[-1.8196062988723007,43.365676634829541],[-1.8197328673937108,43.365717287756659],[-1.8198683238427511,43.365804458955395],[-1.8200019368740075,43.365887105169122],[-1.8200642969210916,43.365895150247759],[-1.8202031046308906,43.365896575208168],[-1.8202777051188614,43.365906297012188],[-1.8202915350013218,43.365951476093784],[-1.8202660550877823,43.365991710524312],[-1.8201597728282908,43.366062708648798],[-1.8200637146580971,43.366132615483487],[-1.8200818248049135,43.366198415607855],[-1.8200807313630498,43.366253485139708],[-1.8200296046079558,43.366293385552176],[-1.8199731927945721,43.366347869857329],[-1.8199404195688265,43.366371423938787],[-1.8198596158948552,43.366353402474111],[-1.819815696432721,43.366381986603741],[-1.8197709367896719,43.366457845046824],[-1.8197864448152421,43.366497492993929],[-1.8198326290764419,43.366536132081855],[-1.8198970055606842,43.366565804117869],[-1.8199871940990553,43.36656538414055],[-1.8200388294276229,43.366598326483242],[-1.8200985122066873,43.366635709965017],[-1.8201639756409107,43.366636379990965],[-1.820235051934181,43.366607713925085],[-1.8202857637974732,43.366586170013512],[-1.8203615392113563,43.366575942030813],[-1.8203968270931301,43.366572671866571],[-1.8203854281666212,43.366642327571611],[-1.8203842548281701,43.366701087181653],[-1.820393479845591,43.366745259775442],[-1.8204329588457684,43.36678608055238],[-1.8205033668527451,43.366790438264161],[-1.8205596961206658,43.366743331955064],[-1.8206208000626849,43.366707203500077],[-1.8206921283773996,43.366663867080803],[-1.8207335349194174,43.3666055259757],[-1.8207048674443607,43.366524387943912],[-1.8206852540554737,43.366498487120502],[-1.820802098337662,43.36644458962909],[-1.8209490328700686,43.36639831834141],[-1.8210756026406174,43.366362946546431],[-1.821197141211587,43.366327404790212],[-1.8213840712570877,43.366732256842845],[-1.8214020904058581,43.366649610189107],[-1.8214488585761837,43.366510717598949],[-1.8214564865600957,43.366454724015917],[-1.8214717399999967,43.36634299254559],[-1.8214799495489671,43.366167973987494],[-1.8214745840708111,43.366049366757892],[-1.8214696356998055,43.365942746880599],[-1.8214464105395296,43.365624477490044],[-1.8214576436670586,43.365549542477289],[-1.8214832900623883,43.365492627038634],[-1.8215676975317623,43.365432779315768],[-1.8216718011872335,43.365369494004341],[-1.8218594735830302,43.365289272395337],[-1.8220662576608673,43.365234202140584],[-1.8222630705722742,43.365189773771149],[-1.8223953382223501,43.365164457673615],[-1.8224400149356368,43.365155825092337],[-1.8225286938166432,43.365131766314043],[-1.8227020352824437,43.365029922056721],[-1.8229850073468103,43.364836293149651],[-1.8232179451930783,43.364695722157037],[-1.8232485414584003,43.364734868493784],[-1.8236217153324983,43.365039467621465],[-1.8236731002807307,43.365081378643055],[-1.8236822367666974,43.365085986533231],[-1.8240222190255371,43.365413639946311],[-1.8241922124337351,43.36559997279381],[-1.8242699136838374,43.365690832822978],[-1.8242923799484068,43.365740791513069],[-1.8242943078784031,43.365745066814611],[-1.8242917950102757,43.365761745944582],[-1.8242870194268332,43.365762473024958],[-1.8242916360596972,43.365763074260421],[-1.8243248212045871,43.365796365245657],[-1.8243519761660363,43.365796615607096],[-1.8243908713158046,43.365811282944058],[-1.8244591001450998,43.365829890493728],[-1.82449732173752,43.365837769655869],[-1.8245688254819614,43.365870794434748],[-1.8247050334355408,43.365918655319277],[-1.8248271595370442,43.365934159885157],[-1.8248898579693935,43.365984870463116],[-1.8250252329776036,43.366079168007325],[-1.8250585109665267,43.366129545583192],[-1.8250716730943157,43.366189811305652],[-1.8250821486832496,43.366214958373519],[-1.825086759023727,43.366232895685037],[-1.8251240610464341,43.366253265098706],[-1.8249188658303994,43.366237759998498],[-1.8247506378875114,43.366240528002322],[-1.8245030332054164,43.36627850014473],[-1.8242849313675493,43.366348325600555],[-1.823979661386447,43.366498200192645],[-1.8236741348215906,43.366661656262494],[-1.8234869670760783,43.366767775471551],[-1.8233648409095122,43.366820584052526],[-1.8231870580406579,43.366877249021137],[-1.8227446570943944,43.366980772554662],[-1.8223258874447794,43.367088067465161],[-1.8222547266883382,43.367106258241641],[-1.8227187571869159,43.367096445659634],[-1.8227592788559974,43.367093979615355],[-1.822772234777376,43.367149419810836],[-1.8227949518873103,43.367281773414213],[-1.8228113847828087,43.367446396213921],[-1.8228095442889782,43.367542960245636],[-1.8228024207312084,43.367657291395275],[-1.8227650394127328,43.367814202602958],[-1.8227189404145714,43.367917387549689],[-1.8227020133723328,43.368031636667205],[-1.8226795490277117,43.368181510496797],[-1.8226722620381577,43.368306569582693],[-1.8226606945106045,43.368395839840339],[-1.8226117441285228,43.368391816940139],[-1.8225287614062609,43.368376645530084],[-1.8223919651877407,43.368353764111866],[-1.8222548347118384,43.368348735707201],[-1.822147210185679,43.36834052275109],[-1.8220100772807679,43.368335494928289],[-1.8220210575768709,43.368274892289769],[-1.8220230668612081,43.368171204843463],[-1.8220160213920573,43.368028123527992],[-1.8219950642877052,43.367849166749302],[-1.82202163404299,43.367742209778932],[-1.8220150924503602,43.367570544679623],[-1.8219514701288824,43.36756626950848],[-1.8219305990418926,43.367633998084166],[-1.821812331203261,43.367668533399431],[-1.8217682416135723,43.367668031414276],[-1.8216855082409373,43.367635005339324],[-1.8217609480018784,43.367535760896864],[-1.8216348783436542,43.367466526397216],[-1.8214397471018429,43.367675411106895],[-1.8213100783838134,43.367792090778131],[-1.8212596211079495,43.367866607032376],[-1.8213761321708568,43.367921425531307],[-1.8214484696040565,43.367982949856973],[-1.8214815835901348,43.368044054604226],[-1.8214654882086319,43.368118992602994],[-1.821444619578596,43.36818311394655],[-1.8214191395394688,43.368232904984019],[-1.8214469656835015,43.368315383903855],[-1.8214654948069662,43.36836927979089],[-1.8214646579692695,43.368412114086382],[-1.8214444577928308,43.36844413173668],[-1.8214096732481218,43.368468776643809],[-1.8213508289219329,43.368471710678421],[-1.8212526768977926,43.368477916005872],[-1.8211741380420348,43.368484202775306],[-1.8210908167441193,43.368486968992421],[-1.8210491577063228,43.368511780634194],[-1.8209658362167453,43.368346988443292],[-1.8209588817249778,43.368333327304029],[-1.8208039747532547,43.368026961816938],[-1.8207841100794346,43.367987567136751],[-1.8209582854278807,43.367830318421916],[-1.8210212317473116,43.367766025892124],[-1.821228097842295,43.367554376056511],[-1.821452565160987,43.367345909304959],[-1.8214597758434594,43.367341049208456],[-1.8214811489885614,43.367308860848176],[-1.8214939709445506,43.367270638753375],[-1.8215315208206888,43.367217746700263],[-1.8215453522554939,43.367132164661548],[-1.8215580058505501,43.367060752410232],[-1.821515422190082,43.367008949777841],[-1.8214241405845055,43.366918674591759],[-1.8213564991565532,43.36687156696248],[-1.8213351231556503,43.366865029153054],[-1.8211636299365377,43.36701348000971],[-1.821152480118237,43.367017167627502],[-1.8210068020229588,43.36706528091738],[-1.8208224785105396,43.367123540582234],[-1.8207056354180404,43.367164696875065],[-1.8205369044697612,43.367203089294136],[-1.8204744567452114,43.367216501050315],[-1.8204479708154058,43.367222201371888],[-1.8203755506393651,43.367179118363069],[-1.8203307886616045,43.367143661016662],[-1.8203214000410084,43.367136203068355],[-1.8202790718947357,43.367113487720928],[-1.8202054760910031,43.367083312887161],[-1.8202860299662091,43.367004432494923],[-1.8202167716716364,43.367008625381878],[-1.8201850260890591,43.367008121375051],[-1.8201843043136559,43.367010591938879],[-1.8201568031496986,43.367012256752709],[-1.8200522529382126,43.366998903219155],[-1.8186572193755013,43.366721720404364],[-1.8185420484374586,43.366698504908271],[-1.8184500947884636,43.366687860711913],[-1.8183958639724593,43.366689286737504],[-1.8183843796514023,43.366689537251766],[-1.8183773411684914,43.36669079537355],[-1.8183053395710644,43.366703118542581],[-1.8182717263435153,43.366745865343127],[-1.8182532858424139,43.366770341428754],[-1.8182261292155395,43.366790878956458],[-1.8181897528830779,43.36682432354727],[-1.818173154930101,43.366854079931663],[-1.8181527883622852,43.36689288910619],[-1.8181211045773864,43.366961539844958],[-1.8181150702235591,43.367000515146678],[-1.8181147353048421,43.36700428812982],[-1.818110294649939,43.367060281106539],[-1.8181067767419061,43.367148712959128],[-1.8181107998302768,43.367219036566709],[-1.8181113871602084,43.367222222990321],[-1.8181237940715655,43.367285507165413],[-1.8181510407905506,43.367577203485702],[-1.8181523831612512,43.367626743345419],[-1.8181253965702147,43.367743505392546],[-1.8180377217687178,43.367850630375074],[-1.8178003475958999,43.368118273417572],[-1.8176685820324601,43.368269990381293],[-1.8174167099868614,43.368645593983693],[-1.8173281134829082,43.368797731748344],[-1.8170367513736894,43.368709218613752],[-1.8169783299399915,43.368699581033844],[-1.8168722951491132,43.368675944223796],[-1.8166834446204205,43.368669491587816],[-1.8165731404053447,43.368668404150064],[-1.8165186551948278,43.368654320180248],[-1.8164461496777438,43.368626662842381],[-1.8164336581158709,43.368621884585657],[-1.8161616645290177,43.368805035996303],[-1.8159369453984651,43.368956335174559],[-1.8158145682783153,43.369038732304126],[-1.8160071074409314,43.369175776584733],[-1.8160434018663827,43.369212155534299],[-1.8160425632316359,43.369257168823964],[-1.8159855694713245,43.369369154366595],[-1.8159663738997718,43.369404945278092],[-1.8159695611433346,43.369411398412261],[-1.8159842304496951,43.369441154946045],[-1.8160330134670559,43.369468648003959],[-1.8160921913710066,43.369505986912309],[-1.8159936166181598,43.369604358623953],[-1.8158642001177283,43.369694382567964],[-1.815661943234044,43.369817016873299],[-1.8155957254764548,43.369846689362554],[-1.8155496261338691,43.369867309178609],[-1.8155425830513945,43.369870494017199],[-1.8153449350169817,43.369961358470647],[-1.8151722681704696,43.37002389156676],[-1.8151622938756444,43.370026239217573],[-1.8149114155853756,43.370085502429312],[-1.8147566013191871,43.370118278499646],[-1.8146703526087005,43.370136552173825],[-1.8145034631048453,43.370156335457089],[-1.8143956685722678,43.370158767438198],[-1.8142734593602114,43.370143177934587],[-1.8141965111259666,43.370116523021643],[-1.814156693402436,43.37010269447493],[-1.8140418589498111,43.370012252044802],[-1.814009505607032,43.369987944109113],[-1.8139221609152552,43.3698789764805],[-1.8138536782286794,43.369752242469815],[-1.8136592990698956,43.369826762525378],[-1.8135598878367352,43.36990228380666],[-1.8135401072961754,43.369926592137517],[-1.8135163842927327,43.369955846192383],[-1.8135009660720856,43.370036733858072],[-1.8135110252897162,43.370094737374963],[-1.8135134546418783,43.370108904880141],[-1.8135428781468059,43.370184090692049],[-1.8135435490099763,43.370185767066857],[-1.813546650763052,43.370200519629513],[-1.8135626625674097,43.370275957974961],[-1.8135478241791743,43.370325329081759],[-1.8135155567214492,43.370356509665648],[-1.8134985409401634,43.370360869528511],[-1.8134752380966568,43.370365144345122],[-1.8134300557261143,43.370351147327604],[-1.8133037392391704,43.370300270077145],[-1.8129409581647968,43.370111926423654],[-1.812931153607628,43.370116957149733],[-1.8128775075440398,43.37014411577389],[-1.8128733169856528,43.370146211714584],[-1.8128470802235845,43.370159537776004],[-1.8128944400513722,43.370180409070493],[-1.8129341740639899,43.370198010928249],[-1.8129440620932575,43.370202369948494],[-1.8130407084329099,43.370267665415305],[-1.8131469962115649,43.370343774292955],[-1.8132192492289638,43.370408901973214],[-1.8133150605814177,43.37051711427879],[-1.8134208437036954,43.370621804806071],[-1.8136805262792444,43.370867482598463],[-1.8138300639370228,43.370987007564104],[-1.8138981267795256,43.371012741255356],[-1.8139816146364134,43.371025816236468],[-1.8140202554735001,43.371031850141563],[-1.8141119526643277,43.371052720628079],[-1.8141588936652082,43.37105783387095],[-1.8142398645022235,43.371057245411301],[-1.8143634988240813,43.371060347129138],[-1.8143675235283694,43.371060429377685],[-1.8144925858557597,43.371062775886216],[-1.8146663424047771,43.371060010070593],[-1.8147613964074099,43.371070906450406],[-1.8148215822814604,43.371080040293698],[-1.8148665936556636,43.371087079996514],[-1.814924432365024,43.371137707808579],[-1.8149301293277733,43.371141478457787],[-1.81505980262028,43.371228484595001],[-1.8151421989764314,43.371278440210347],[-1.8151883856894548,43.371340886078649],[-1.8152468966701611,43.371430490795461],[-1.8152520078177519,43.371437028711618],[-1.8151947606411638,43.371436442796004],[-1.8151692744881429,43.371436191339306],[-1.8149053254504122,43.371420518711865],[-1.8148017227703992,43.371414400723694],[-1.8146261196285789,43.371439550526617],[-1.8145477543902895,43.371780952740345],[-1.8145453234086004,43.371803668127114],[-1.8145166619893891,43.372070892332367],[-1.8144828905754622,43.372386058738748],[-1.8144817163527744,43.372397039123975],[-1.8144322702086721,43.372837687534137],[-1.8144279125772453,43.372905246405544],[-1.8144231371024648,43.372930895420033],[-1.8144166818029717,43.372965598039229],[-1.8143640470556663,43.37325016997557],[-1.8143131746810639,43.373525354163583],[-1.8140606201500953,43.373540698082238],[-1.8140120879751833,43.373542458453521],[-1.8138653191867253,43.373547656149654],[-1.8133096744902619,43.373555457334568],[-1.812976737399334,43.373538446606638],[-1.8128313063472465,43.373518917306988],[-1.8126789206892526,43.37346334578671],[-1.8125836980591763,43.373399306531631],[-1.8125088421149613,43.373281455070924],[-1.8123963517597548,43.372960673414688],[-1.812315885244099,43.373181878711023],[-1.8122882266269682,43.373257987368426],[-1.81228630001922,43.373263351981755],[-1.8122430510480361,43.373382294648806],[-1.8121489982241847,43.373259748567392],[-1.8120326549429344,43.373132510068054],[-1.8120262872241686,43.373128069584503],[-1.8119664369051471,43.373086745269255],[-1.8119157259936398,43.373077273453696],[-1.8118647594028827,43.373081213696196],[-1.811802149087206,43.373125555377456],[-1.8117569697694769,43.373147602299007],[-1.811712042865316,43.373156152447478],[-1.8116613311226233,43.373146595869272],[-1.8115227738203858,43.373091191720732],[-1.811419256601412,43.37326478652512],[-1.811329320289385,43.373404768555098],[-1.8111965506118399,43.373582889924428],[-1.8111573265936174,43.373672662883116],[-1.8111541403260629,43.373681464862095],[-1.8111590865638081,43.37373326539592],[-1.8111727512566071,43.373787079904766],[-1.811210639819212,43.373851788525549],[-1.8112554843094002,43.373910294286276],[-1.8112823097384045,43.373945414717952],[-1.8113344480872831,43.374035270302471],[-1.8113572481367839,43.374121270478177],[-1.8113772022005696,43.374357394604573],[-1.8114031044710344,43.374532746916266],[-1.8114189513564882,43.374725870207477],[-1.8114243773769243,43.374807533348921],[-1.8113845060560247,43.374811617511611],[-1.8113425952792268,43.374813629261944],[-1.8111078131015623,43.374824696012816],[-1.8107298659681739,43.37486392759044],[-1.810634732527765,43.374873818157297],[-1.8105357334036494,43.374607102348499],[-1.8104550937482988,43.374471229262028],[-1.8103669956152264,43.374321693607442],[-1.8101894611727432,43.374130834578843],[-1.8099770567871385,43.373984486656227],[-1.8094782449565399,43.374321451382869],[-1.809386797029406,43.374383564198695],[-1.8094581298547985,43.374442825478525],[-1.8093080936309476,43.374540310666362],[-1.8093002993445142,43.374546262446366],[-1.809296358617789,43.374549194661306],[-1.8090071758954516,43.374505695841002],[-1.8089342525414729,43.374470324357112],[-1.8089290556582669,43.374467810229568],[-1.8084751723819847,43.374863364500911],[-1.8081835662996069,43.375102676864365],[-1.8078976508914544,43.37498575062537],[-1.8078616082408387,43.374970998481693],[-1.8078350385700979,43.375029252684804],[-1.8077929616090143,43.375146015972625],[-1.8077428396115323,43.375284909178475],[-1.8077335361170512,43.375297313864579],[-1.807712749664157,43.375325059350871],[-1.8076984993097875,43.37534291413418],[-1.807636974678192,43.375373844697101],[-1.807629181727985,43.375378202599997],[-1.8075772960277339,43.37539957823649],[-1.8075544979341838,43.375408967090564],[-1.8074974986307741,43.375444423547499],[-1.8074592789606503,43.375502511145392],[-1.8075565096419512,43.375506617195477],[-1.8075532431327972,43.375542157650649],[-1.8075938951061121,43.375563280832196],[-1.8076886132862517,43.375582977773313],[-1.8077756211482128,43.375604518485929],[-1.8078572610752879,43.375635363227126],[-1.807928176361413,43.375688589059948],[-1.8079427607696537,43.375733767513069],[-1.8079114109006538,43.375757825473784],[-1.8078492183208061,43.375783391577322],[-1.8077381573937652,43.37581038318649],[-1.8076214787296758,43.375861682870585],[-1.8075461265094805,43.375902084976971],[-1.8074666640079622,43.375952796507619],[-1.8073767259771474,43.375974423526642],[-1.8072429466214004,43.376031508073545],[-1.8070621486680969,43.376124215844044],[-1.8069846157034977,43.376176269009363],[-1.8069161335258817,43.376222204429311],[-1.8069453886136961,43.376235951398158],[-1.8069597222911584,43.376253468595316],[-1.8069588002556107,43.376300241242888],[-1.8069802600610765,43.376327146917156],[-1.8070035610606112,43.376350115270448],[-1.8070287085216963,43.376377188170146],[-1.807048240447515,43.376412141645069],[-1.8070568739243293,43.376438963920563],[-1.8070687766513573,43.3764831375276],[-1.8070974457176068,43.376515575942484],[-1.8071282072876633,43.376538625698856],[-1.8071794205409386,43.37654449411832],[-1.8072324807812612,43.376544995359019],[-1.8072965180011988,43.376549688250755],[-1.8073458071338637,43.376563601751641],[-1.807350835254635,43.376585059409457],[-1.8073286239573643,43.376610207501805],[-1.8073448853493572,43.376609368613465],[-1.8074238431380878,43.376605177551035],[-1.8076052308960888,43.376557565709724],[-1.8077457976180964,43.376513977044858],[-1.8079181323817897,43.376416741713804],[-1.8080089083618576,43.376361753665897],[-1.8080136870526073,43.37635890406721],[-1.8080559308094886,43.376333337944523],[-1.8080957456612217,43.376309197995766],[-1.8081291893689726,43.376278268055621],[-1.8082285986512452,43.376186399621012],[-1.8083454435526574,43.376076005289356],[-1.8083633810936297,43.376059157722537],[-1.8084282574161203,43.37599545242842],[-1.8084673156963822,43.376002994489724],[-1.8085133361613261,43.376021688072633],[-1.8085305194941101,43.376028728451963],[-1.8085676524297334,43.376049683156424],[-1.8085692432235581,43.376050520930576],[-1.8085813144133538,43.376056640016394],[-1.8083550849817134,43.37623467834095],[-1.8083849258951403,43.376255213147438],[-1.8082668239732942,43.376371474277214],[-1.8082348916491788,43.376420091108585],[-1.80807580091247,43.376594609106341],[-1.8081007802841709,43.376605337965238],[-1.8081794871594472,43.376509529582179],[-1.8082885382497891,43.376555714125082],[-1.8082957478646666,43.376600809368],[-1.8082154505446826,43.37672721254998],[-1.8081880406665876,43.376761662181508],[-1.8080888865761853,43.376886389317953],[-1.8080802526148914,43.376957804917375],[-1.8080882990627394,43.377020670034646],[-1.8080861206088708,43.377054619057439],[-1.8081525092306736,43.377094516096228],[-1.8079559481461815,43.377204997693823],[-1.8079224220214332,43.37728597126614],[-1.8078810160812953,43.377443636730604],[-1.8078693681744338,43.377536427900445],[-1.8078479920658117,43.377629132956024],[-1.8078069250026976,43.377725193048306],[-1.8077359330172378,43.377845980501725],[-1.8076851376837628,43.377938349970378],[-1.8076532035554,43.378070202190507],[-1.8076259666896195,43.378209344700117],[-1.8076030839257804,43.37837832719206],[-1.8076076130153751,43.378472625954949],[-1.8075709013975774,43.378525350967926],[-1.8074773584988109,43.378599197373177],[-1.8073983188211962,43.378642700730929],[-1.8073175124253749,43.378684949305587],[-1.807315671490628,43.378686289765845],[-1.8072347013100052,43.378743624309735],[-1.8071232200940037,43.378846474604941],[-1.8070347906746842,43.378925350704549],[-1.807000008877053,43.378973548450993],[-1.8069811461090903,43.37899961742955],[-1.8068919676155029,43.379119062028849],[-1.8067141022127495,43.37932886839922],[-1.8066518258852879,43.379403049390923],[-1.8066100814677739,43.379491314966522],[-1.8065452108132929,43.379608497138861],[-1.8065124379943509,43.379657196531362],[-1.8064969300600224,43.379680247957182],[-1.8064521710325403,43.379744454727565],[-1.8063628196579151,43.379871531002365],[-1.8061905709640398,43.380059876497143],[-1.806135084744082,43.380119055658788],[-1.8060894042995685,43.380167838970664],[-1.8060691200791943,43.380176975529849],[-1.8057048346491158,43.380342023332588],[-1.80560416838744,43.380383683274722],[-1.8055051763822585,43.380430037489468],[-1.8054608340880469,43.380433894587121],[-1.8054315827063019,43.380436409186785],[-1.8054200162974343,43.38043699610165],[-1.8053677966683408,43.380439344578484],[-1.8052553941729681,43.38042383708315],[-1.8051873307058979,43.380398104574475],[-1.8051002393040954,43.380343622122325],[-1.8050372020309344,43.380310766457725],[-1.8049450009007555,43.380263406977768],[-1.8048818806602001,43.380234154811838],[-1.804833182548071,43.380219318080108],[-1.8047745924044709,43.380208003996287],[-1.8047572412308304,43.380207081576195],[-1.8046864966471545,43.380203478712687],[-1.8045786205158345,43.380209514912714],[-1.8045046068189721,43.380220747587458],[-1.8044901883311864,43.38022292717941],[-1.8044261483781292,43.380240111517175],[-1.8043229664064286,43.380253272192846],[-1.8042243940629339,43.380284454612486],[-1.8041501281083152,43.380330054120662],[-1.8041500449850354,43.380330137892493],[-1.8040407429201732,43.38040398593072],[-1.8039306927109615,43.380520834535261],[-1.8037203045684036,43.380754443931295],[-1.8035885457740632,43.380978246862263],[-1.8033981090419899,43.381194172695125],[-1.8032683581067406,43.381362989430301],[-1.8031718787090647,43.381488469528882],[-1.8030922533531921,43.381548403034081],[-1.8029991280385798,43.381511354934325],[-1.8028606540873147,43.381453353365821],[-1.8028567111071878,43.381451844373785],[-1.8028325738109308,43.381442372999295],[-1.8027306519663788,43.381587469399193],[-1.8026081101602436,43.381770786756725],[-1.8025220244179458,43.381892579786374],[-1.8024372032272447,43.381973886124491],[-1.802302840554532,43.382079752494754],[-1.8021441700572112,43.382174555227259],[-1.8019135778813749,43.382271037195778],[-1.8018613590920072,43.382272629510346],[-1.8017223817893993,43.382088980588676],[-1.8013661324131192,43.38161824592477],[-1.8013643718663332,43.381620257056234],[-1.8013244757539777,43.381646828561685],[-1.8012940494142777,43.381664513858695],[-1.8012198677079163,43.38170877248006],[-1.8011399859679407,43.38176644363589],[-1.8005632299892322,43.382336682455403],[-1.800375977200479,43.382523355266564],[-1.8003848602941106,43.38253115079592],[-1.8002379228109766,43.382611535498931],[-1.7997929283819036,43.382846155121712],[-1.7996941865358373,43.382894856140275],[-1.7996617484325783,43.382912207429065],[-1.7995865597325988,43.382919584210946],[-1.799488324298119,43.382932913995674],[-1.7993304897557338,43.382988404893688],[-1.7991527080849734,43.383057978737476],[-1.7989452500264003,43.383141551253154],[-1.7988020077037032,43.383200812639487],[-1.7987143297411106,43.383231073722243],[-1.7987134071475412,43.383230905553198],[-1.7985286610728497,43.383112216626266],[-1.7983909427651179,43.383016244369067],[-1.7982208695312318,43.382874922665451],[-1.7980620260119939,43.382730500580621],[-1.798076636271019,43.382583131039894],[-1.7980792889539399,43.382580711533869],[-1.7981237964324797,43.382554224752539],[-1.7981983137349893,43.382532514120648],[-1.7983429056240012,43.38251600150943],[-1.798417254299846,43.382503259116959],[-1.7984579078231833,43.382476685785598],[-1.7985040039813969,43.382409629245871],[-1.7985582357086662,43.382279622162379],[-1.7986164893706755,43.382145173128045],[-1.7986505187924187,43.382100497077012],[-1.7987101988343903,43.382055902295079],[-1.7987767509637398,43.381999826161653],[-1.7989008863849971,43.381915417488024],[-1.7989606482762726,43.381883228756628],[-1.7989520190843302,43.381874092330548],[-1.7988593944914466,43.381760517062411],[-1.7987414557126753,43.381668732904274],[-1.7986132909849331,43.381568986674367],[-1.7985153909902851,43.381675944816067],[-1.7983754976368749,43.38181425063798],[-1.7982045055561187,43.381983319744208],[-1.7976174357500552,43.382444843433071],[-1.7975321044848442,43.382511986780671],[-1.7974851665927063,43.382543001283537],[-1.7974369692285839,43.382601003928237],[-1.7973871007766618,43.382663536184452],[-1.797335800803328,43.382721539471312],[-1.7972838321767057,43.382775018209095],[-1.7972782195975792,43.382783902317605],[-1.7963940106711398,43.383679539850526],[-1.796328716067445,43.383705862070649],[-1.7962880615701309,43.383757663067222],[-1.7962795974266306,43.383768392717762],[-1.7961619162948754,43.383906697274206],[-1.7960630095412835,43.383991191172413],[-1.7960318277387026,43.384011978113705],[-1.7958832166409531,43.384110888564408],[-1.7957131480424593,43.384244165820917],[-1.7955444179395281,43.384386497304099],[-1.7954550665887496,43.384457577559871],[-1.7953905259139855,43.384491524875713],[-1.7953544858136259,43.384510553222377],[-1.7952616941615485,43.384559086163982],[-1.79518868748926,43.384621282715486],[-1.795129179380643,43.384701751743862],[-1.7949295166710058,43.38484819012335],[-1.7948474589202934,43.384901332623812],[-1.7948076462569595,43.38492798735431],[-1.7947741186390471,43.384981632270794],[-1.7945922322069112,43.38512832224076],[-1.7944389278212705,43.38524768605744],[-1.794426856345134,43.385257072803469],[-1.794384360084917,43.385297139908822],[-1.7943620625452839,43.385332931287081],[-1.7942962640100479,43.385422285687632],[-1.7942248500563576,43.385444079608469],[-1.7941536017938093,43.385497307671699],[-1.7940800079353751,43.385586577939897],[-1.7939388570709809,43.385661681323462],[-1.7938391972732459,43.385710132553875],[-1.7936677016189118,43.385834356687383],[-1.7934415568152777,43.386030081182362],[-1.7927728458411387,43.386563275278768],[-1.7925564241115479,43.38673661674536],[-1.7924762121619326,43.386888837614237],[-1.7920180518419409,43.387190095561408],[-1.7920232518211876,43.387239717709541],[-1.7920214067955322,43.387241979924319],[-1.7919465581260516,43.387333428993045],[-1.7917961004504073,43.387484895521411],[-1.7917379300400955,43.387522951017075],[-1.7912872324781088,43.387817167799156],[-1.7910646943867554,43.387985901742368],[-1.7910158228481476,43.388039463439476],[-1.7910656148717048,43.388055808729149],[-1.7914405497992749,43.388179021302385],[-1.7916677880481353,43.388235430924219],[-1.7917067627201511,43.388253871296712],[-1.7917451526860571,43.388271975918023],[-1.7916817882724139,43.388314642557035],[-1.7915677915884276,43.388377760557468],[-1.7914780206920293,43.38845898202468],[-1.791452121638083,43.388526626393698],[-1.7914311697791232,43.388597876164333],[-1.7914396373641928,43.38867490701864],[-1.7914667926318542,43.388683539262146],[-1.7914693078636867,43.388670044897552],[-1.7914664578818533,43.38866099240753],[-1.7914635239614143,43.388651939030268],[-1.7914621835312108,43.388642970927435],[-1.791460006408603,43.388633920145935],[-1.7914594171579796,43.388624864535934],[-1.7914588298755008,43.388615896289025],[-1.7914583275825606,43.388602402448313],[-1.7914584926594652,43.388593349408069],[-1.791459500564599,43.388584380912178],[-1.791460419592487,43.388575411476943],[-1.7914620983673237,43.388566358226839],[-1.791464613797588,43.388557389455833],[-1.7914671267582616,43.388548420658644],[-1.7914688865903978,43.388539451105217],[-1.7914720712068608,43.388530482202988],[-1.7914753385272157,43.388521514174734],[-1.7914802035186606,43.388512545022998],[-1.7914842264687081,43.38850357597611],[-1.7914898404521771,43.388494691276804],[-1.791494618995495,43.388485723011613],[-1.7915009878021395,43.388476753544225],[-1.7915072759238186,43.38846786786474],[-1.7915175017956411,43.388458898639946],[-1.7915246269609746,43.388450015502606],[-1.7915325045170927,43.388441045770449],[-1.7915404668331403,43.388432159773615],[-1.7915537110138411,43.388423273768318],[-1.7915624289194865,43.38841438855156],[-1.7915764237146881,43.388405505073436],[-1.7915866528219866,43.388396620517504],[-1.7916070211302413,43.388383376044565],[-1.7916303211245701,43.388374574685045],[-1.7916467512761183,43.388361247168817],[-1.7916631791695747,43.388352445218125],[-1.7916787691705596,43.388343558774444],[-1.7916943599188231,43.388334758778356],[-1.7917099523795557,43.388325872356397],[-1.7917303205837554,43.388312630561451],[-1.7917993042815312,43.388328303995188],[-1.7921443931845629,43.388407007301765],[-1.7922603160575588,43.388318239437581],[-1.7925398544847262,43.388154618064092],[-1.792810844812881,43.38799082742031],[-1.7930763030098935,43.387836092853348],[-1.7933098265145069,43.387694515509907],[-1.793502613660469,43.387867352612624],[-1.7935498902180556,43.387909766722522],[-1.7940262547990538,43.388336829688278],[-1.7940068072990967,43.388345630747374],[-1.7940027005157566,43.388347390107882],[-1.7939866041631616,43.388354432837957],[-1.7939663232543195,43.388363234104695],[-1.7939453681972266,43.38837203636141],[-1.7939250823747463,43.38838083576811],[-1.7939040413236806,43.388389553369635],[-1.7938824192007654,43.388393827489075],[-1.7938613789298126,43.388402629731949],[-1.7938395879950635,43.388411431256394],[-1.7938187992899333,43.388417384463715],[-1.7938093293728279,43.388420066019584],[-1.7937495619803363,43.388437500107813],[-1.7936898010987776,43.388454853194112],[-1.7936307072670807,43.388476731674785],[-1.7935725337205786,43.38849416537672],[-1.7935141966762689,43.388516042776992],[-1.7934566966578913,43.388537921775644],[-1.7934271082479027,43.388551166538335],[-1.7931914051677311,43.388643204313894],[-1.7929527675130419,43.388730715647498],[-1.7929380181264589,43.388735074741099],[-1.7929279580116646,43.388739432908558],[-1.7929178171782119,43.38874387666494],[-1.7929070030754208,43.388748401555958],[-1.7928967783289256,43.388752594103437],[-1.7928873890432471,43.38875686930519],[-1.7928773305354819,43.388761394966266],[-1.7928673534970627,43.388765921486488],[-1.7928578827364678,43.388770195825735],[-1.7928476594572462,43.38877916609794],[-1.7928383561630448,43.388783525043557],[-1.7928289660673911,43.388787965011737],[-1.7928202483960989,43.388792241895487],[-1.7928110294529647,43.388796767409588],[-1.7928023956469925,43.388805651808163],[-1.7927931741959582,43.388810179095209],[-1.7927844590235389,43.388814454201707],[-1.7927758260002447,43.388823423247509],[-1.7927678639384015,43.388827700000526],[-1.7927593957024359,43.388832223531168],[-1.7927500072645832,43.388840186916553],[-1.7927437224966307,43.388845551994528],[-1.792734334054646,43.388853515378543],[-1.7927280468151139,43.388858880429545],[-1.79271916211483,43.388866843728074],[-1.7927131275523778,43.388872292485196],[-1.7926997162631282,43.388885619611294],[-1.7926925911974827,43.388894503722902],[-1.7926831185901815,43.388903472001019],[-1.7926728971989505,43.388916885028657],[-1.7926625873711612,43.388930212480588],[-1.792652360368604,43.388939180894859],[-1.7926428024311494,43.388952509080269],[-1.7926340885950194,43.388965920013142],[-1.7926245326725285,43.388979332859201],[-1.7926158163596071,43.388992743764454],[-1.7926077675565963,43.389006239154654],[-1.7925991336551064,43.389015125337338],[-1.7925919261039112,43.389028535963703],[-1.7925839653974422,43.38904194674091],[-1.7925767553707932,43.389055357340133],[-1.7925703029674518,43.389068853376202],[-1.7925638473035834,43.389082264736501],[-1.7925573965744523,43.389095676148479],[-1.7925517763355696,43.389109171966119],[-1.7925460775194393,43.389122583213187],[-1.7925403770027886,43.389136079983381],[-1.7925355178153612,43.389149488390196],[-1.7925313275852468,43.389167510491127],[-1.7925271375173661,43.389180922361312],[-1.7925230297434374,43.389194417940438],[-1.7925196743151148,43.389207829619387],[-1.7925163246473859,43.389221324199141],[-1.7925095371008344,43.389252756078307],[-1.7925043378560839,43.389279746670482],[-1.7924991442326534,43.389311180072724],[-1.7924954524878085,43.389338172176146],[-1.7924918521757662,43.389365160742685],[-1.79248891918771,43.389396596405504],[-1.792486822659793,43.389423587344822],[-1.7924862364603178,43.389455101815273],[-1.7924848955907007,43.38948209082919],[-1.792485148215563,43.389509166003727],[-1.7924860707271757,43.389540683799488],[-1.792487835070639,43.389567673188104],[-1.792489510350679,43.389599272768443],[-1.792490934891376,43.389608241746203],[-1.7924935343807304,43.389630790899602],[-1.7924963003485688,43.389648810817363],[-1.7924982291636606,43.389666832700037],[-1.7924988149081986,43.389675886465398],[-1.7924994023330438,43.389684855607534],[-1.7925007449770127,43.389693907460774],[-1.7925021691112881,43.389702959274075],[-1.7925035096792636,43.389711929165685],[-1.7925055217685839,43.389725508276236],[-1.7925077007092292,43.389734477115972],[-1.7925097964982224,43.389743529718544],[-1.7925125636781647,43.389751912282968],[-1.7925127306419366,43.389752582169493],[-1.7925156651785952,43.389761552684824],[-1.7925177610232415,43.389770602586516],[-1.7925198546074554,43.3897841816568],[-1.7925219508276491,43.389793150523104],[-1.7925232946578156,43.389802205089772],[-1.7925253899421942,43.389815698636454],[-1.7925259732228569,43.389824752375446],[-1.792527318770109,43.389833720518283],[-1.7925299997887618,43.389856268730085],[-1.7925325131712417,43.389883342563202],[-1.7925366242469587,43.389910416158656],[-1.792540815301269,43.389932964107267],[-1.7925464326925213,43.389960038300607],[-1.7925513781337379,43.38998258701104],[-1.7925527187499888,43.389991555101282],[-1.7925533070093018,43.390000607091594],[-1.7925538919754016,43.390009576206985],[-1.792553729593352,43.390018625673598],[-1.7925528057622384,43.3900275950649],[-1.7925519676498638,43.39003212261084],[-1.7925510448251003,43.390036563720827],[-1.7925486147000564,43.390045531613552],[-1.7925461013858672,43.390054585069635],[-1.7925444253599097,43.390059028130992],[-1.7925428316664667,43.39006355310093],[-1.7925388079210403,43.390072440234732],[-1.7925339479103988,43.390081408581409],[-1.7925284162416009,43.390090376138474],[-1.7925220449420702,43.390099345634354],[-1.7925149196687959,43.390108231531514],[-1.7925077952178683,43.390117200276997],[-1.79249991679279,43.390126085423617],[-1.7924927923375193,43.390135054168077],[-1.7924849139079007,43.390143939313546],[-1.7924761958997661,43.390152823696418],[-1.7924683157851544,43.390161793463911],[-1.7924596842003091,43.390170677857697],[-1.7924502105496241,43.390179562362775],[-1.7924415809826104,43.390188531417436],[-1.7924305983444211,43.390196243825834],[-1.7924228037303647,43.390201777529462],[-1.7924133321102758,43.390210745793382],[-1.7924039448927804,43.390219629406459],[-1.7923922095055129,43.390227258224996],[-1.7923835769194854,43.390232958661279],[-1.7923686564494081,43.39024628601463],[-1.7923569200968006,43.390254584743545],[-1.7923498812578362,43.390259613175473],[-1.7923414152049448,43.390264139398148],[-1.7923335369176463,43.390268414303073],[-1.7923249021189978,43.39027285770311],[-1.7923163529769963,43.390277215565305],[-1.792293805493242,43.390286017805252],[-1.7922798076325059,43.390290375745202],[-1.7922658072651789,43.390294735457815],[-1.7922464475418014,43.390299009749221],[-1.7922377302542671,43.390300518651522],[-1.7922217197309216,43.390303203026647],[-1.7922070507710539,43.390303117422114],[-1.7921969937922919,43.390302949966454],[-1.7921892810643119,43.390302866699919],[-1.7921783830619764,43.390307309595002],[-1.7921668160440301,43.390307142394548],[-1.7921560042343385,43.39030705880667],[-1.792144435982117,43.390306891590946],[-1.7921336241904275,43.3903068071007],[-1.7921228099299198,43.390306722583368],[-1.7921112441467986,43.390306555390332],[-1.7921004298685348,43.390306471771119],[-1.7920888653200191,43.390306304588883],[-1.7920789717662136,43.390304125474728],[-1.7920674057084418,43.390301609937787],[-1.7920558382457537,43.390301527362375],[-1.7920450256494076,43.390301359114751],[-1.7920350505715681,43.390299181836873],[-1.7920234845345289,43.390296665395269],[-1.7920119162849344,43.390296498166151],[-1.7920035343503939,43.39029641502102],[-1.7920011044776865,43.390296414563657],[-1.7919903751744637,43.390291804440501],[-1.7919804828611601,43.390289625330915],[-1.7919689147522948,43.390287026922259],[-1.791955001380009,43.390286943865135],[-1.7919411709619564,43.390282249650511],[-1.7919274240590877,43.39027764005705],[-1.7919135948976552,43.390272944951931],[-1.7918997630195175,43.390272861848629],[-1.7918866870106278,43.390268167493879],[-1.7918806527676254,43.390263893303036],[-1.7918737782458203,43.390259032154312],[-1.7918607030297484,43.390254422445906],[-1.7918484649778934,43.390249810775856],[-1.7918476270977091,43.390249475965454],[-1.791836226068618,43.390245118056207],[-1.7918301079597065,43.390240590854575],[-1.7918240729519415,43.39023598259098],[-1.7918125880554183,43.390231371671227],[-1.7918011881294909,43.390222235157282],[-1.7917904595903515,43.390217960885956],[-1.7917897069406268,43.390217624274378],[-1.7917844259102256,43.39021309961182],[-1.7917790601692161,43.390208488512556],[-1.7917730262186986,43.39020295731072],[-1.7917692538011496,43.390199436365791],[-1.7917547515382619,43.390190215742365],[-1.7917448599649879,43.390181164494052],[-1.7917365628539288,43.390172027443079],[-1.7917275096817264,43.390162974246948],[-1.7917199644891146,43.390153837936438],[-1.7917124225551926,43.390144786300816],[-1.7917048794248376,43.390135732851171],[-1.7916981738325324,43.390126596406709],[-1.7916921369833432,43.390117545366252],[-1.791686267927306,43.390103964205011],[-1.7916809879503406,43.390094913057851],[-1.7916765463692825,43.390085859964493],[-1.7916721023206597,43.390076806844924],[-1.7916700062173101,43.390067837964857],[-1.791666316534092,43.3900587865134],[-1.7916633825031021,43.390049734042535],[-1.7916613713984568,43.390036238669069],[-1.7916591930021959,43.390027186079024],[-1.791657851765563,43.390018131530113],[-1.7916565938089768,43.390004636911627],[-1.7916560056653341,43.389995585818561],[-1.7916561740133594,43.389986615654756],[-1.7916563423255432,43.38997764729146],[-1.7916572630135257,43.389968594133741],[-1.7916582684299693,43.389959626512301],[-1.7916591899227283,43.38995065710354],[-1.7916617041513965,43.389941688317613],[-1.7916621243512207,43.389939927903654],[-1.7915139297942859,43.38996029823408],[-1.7914430175132365,43.389945964805399],[-1.7913912160823107,43.389912604518976],[-1.7913768827529282,43.389881842705037],[-1.7913177882473796,43.389886620698007],[-1.7912969998260324,43.389888297277395],[-1.7912275117776761,43.389887542935334],[-1.7914302862215714,43.390402956297017],[-1.791435398840431,43.390416452038323],[-1.7914383328359378,43.390425505414534],[-1.7914450384208342,43.390434641873696],[-1.7914517446178757,43.390448221089066],[-1.7914555168177229,43.390452746928325],[-1.7914592877657864,43.390457273654675],[-1.7914629774587849,43.390466324211872],[-1.7914720306352929,43.390475377428523],[-1.7914757178265668,43.390484429759702],[-1.7914856089246238,43.390493567467686],[-1.7914946621263952,43.39050261978236],[-1.7915017860951432,43.390510834111438],[-1.7915105048768727,43.390520809438904],[-1.7915157867180223,43.390525417862982],[-1.7915271866562543,43.390534554405072],[-1.7915333047534518,43.39053908252302],[-1.7915340593746283,43.390540003539918],[-1.7915385857747885,43.390543608097289],[-1.7915446221768347,43.39055274468187],[-1.7915575284480623,43.390561881832696],[-1.7915696840748834,43.390571016451894],[-1.7915835149754726,43.390575626075432],[-1.7915903870751431,43.390580236894614],[-1.7915971768794419,43.390584764003648],[-1.7916116772067681,43.390593899084678],[-1.7916261795603647,43.390603118826263],[-1.7916398415127179,43.390612254948984],[-1.7916535874113317,43.390621391957175],[-1.7916672518408134,43.39063052810279],[-1.7916802458283092,43.390639664365729],[-1.7916939065625768,43.390648800469094],[-1.791705977160601,43.390662465167878],[-1.7917189686918447,43.390671601400399],[-1.7917311255635364,43.390680737816353],[-1.7917432787355392,43.390689874191899],[-1.7917553481719366,43.390703536171827],[-1.7917667481973765,43.39071267179034],[-1.791778148637249,43.390721724571989],[-1.7917894661492588,43.390735386707256],[-1.7918001092915112,43.390744523329495],[-1.7918105864047194,43.390758101846849],[-1.7918212332574217,43.390767238506314],[-1.7918309571878279,43.390780818068173],[-1.7918408483871688,43.390789955746122],[-1.7918498167186048,43.390803533626041],[-1.7918588695915754,43.390812669648568],[-1.7918679231071994,43.390826248427004],[-1.7918768914320269,43.390839827205077],[-1.7918851886532663,43.390848964246196],[-1.791893405045164,43.390862543182507],[-1.7919008633460818,43.390876121312452],[-1.7919113419527699,43.390894226326438],[-1.7919172936787036,43.390903279156262],[-1.791923162895553,43.390916858504831],[-1.7919240836280477,43.390918368358129],[-1.7919284429416813,43.390925911441308],[-1.7919305399157603,43.39093496406516],[-1.7919349828284998,43.390944017161509],[-1.7919364056690821,43.390953068966226],[-1.7919400126821494,43.390962122235628],[-1.7919428597767821,43.390975617429874],[-1.7919442035785547,43.390984670200304],[-1.7919463812605854,43.390993638135036],[-1.7919469694001731,43.391002691926431],[-1.7919483099462525,43.391011660021405],[-1.7919481424587596,43.391020713033313],[-1.7919480591615409,43.391025154903033],[-1.7919483100257259,43.391029681342253],[-1.7919486448326802,43.391034208668287],[-1.7919477233625687,43.391043178078014],[-1.7919475559105635,43.391052229289343],[-1.7919465505150773,43.39106119691197],[-1.7919211576180583,43.391254488995344],[-1.791992656382029,43.391244849720536],[-1.7927296029552851,43.391145431275667],[-1.7927826633630761,43.391138224307248],[-1.7931893574441045,43.391083318052033],[-1.7933313508213709,43.39106177438304],[-1.7933835700313945,43.391053893737059],[-1.7936219567962581,43.391021787215045],[-1.7948958621961155,43.390850443210198],[-1.7952121150662128,43.390807944437391],[-1.7952459805887682,43.390803332638086],[-1.7953349947384485,43.390790843140117],[-1.7953535226135027,43.390801321306917],[-1.7955700313095537,43.39092386509467],[-1.7961762285706142,43.391020251601894],[-1.7961621569491897,43.39165494576465],[-1.7960423792239906,43.391739185574934],[-1.7960158103472701,43.391833484892224],[-1.7960811102658174,43.392045718969193],[-1.796165352304109,43.392154684268114],[-1.7961967012784255,43.392168515430455],[-1.7961659385026916,43.392204223401848],[-1.7961595712102176,43.392213193139881],[-1.7961427216473254,43.392244459860549],[-1.7961941097443745,43.39238007970566],[-1.7962055916816941,43.392384690153371],[-1.7962162352653279,43.392389298977733],[-1.7962269660581307,43.392393993360152],[-1.7962352645875692,43.392403045457051],[-1.7962367715141692,43.392404889204933],[-1.7962428049693802,43.392412098576607],[-1.7962511067307889,43.392421237148191],[-1.7962571407637238,43.392430288816307],[-1.7962623376411411,43.3924393406758],[-1.7962667812718476,43.392448395410923],[-1.7962704668779528,43.392457444867532],[-1.7962726484928138,43.392466498301317],[-1.7962747453695433,43.392475466202072],[-1.7962769244988366,43.392484520510045],[-1.796277593015764,43.392489047733868],[-1.796278264037386,43.392493573183202],[-1.7962789342295662,43.39249801578373],[-1.7962788520737472,43.392502540507977],[-1.7962787698822802,43.392507067032724],[-1.7962778490229636,43.392516036482355],[-1.7962753304200658,43.392525005320636],[-1.7962713078936952,43.39253397453512],[-1.7962656925603051,43.392542943189916],[-1.7962585700035991,43.392551829345742],[-1.7962483441377626,43.39256079808812],[-1.7962319972901741,43.392569597942384],[-1.7962157358792303,43.39257395684519],[-1.7962033299986209,43.392573791126466],[-1.7961910106211885,43.392573621814883],[-1.796180281828093,43.392569012091201],[-1.7961672872934396,43.392564401924645],[-1.7961565572693092,43.392559792185764],[-1.7961527855817143,43.392556775637971],[-1.7961451587391148,43.392550655221449],[-1.7961336755053268,43.392546046554997],[-1.7961246230004266,43.39253690907551],[-1.7961138929844254,43.392532299332707],[-1.7961015719048972,43.392532216435413],[-1.7960966287493227,43.392530120403336],[-1.7960908443961328,43.392527604915955],[-1.7960722361563011,43.392531880561585],[-1.7960528722669424,43.392536155451609],[-1.7960441530700741,43.392537749264143],[-1.7960295682797516,43.392540432074092],[-1.7960111295221477,43.392540263143509],[-1.7959964591595599,43.392540096070192],[-1.7959824647350937,43.392544454497731],[-1.7959631838442898,43.392544287497493],[-1.7959486006351102,43.392539593945784],[-1.7959393800221899,43.392539509461351],[-1.7959339302730348,43.392539426864438],[-1.7959293197638921,43.392539426039626],[-1.7959200168282246,43.392539258747142],[-1.7959062703767754,43.392534647836747],[-1.795901659021176,43.392534565062277],[-1.7958923556630648,43.392534481503596],[-1.7958816256655923,43.392529871739207],[-1.7958762619614848,43.392529871084825],[-1.7958685501750378,43.392529788076111],[-1.7958669565763699,43.392529702861779],[-1.7958553911451656,43.392529620691739],[-1.7958423148614706,43.392529452376351],[-1.7958237074334189,43.392533810830109],[-1.7958074439229132,43.392538087713085],[-1.7957980583728661,43.392542528870194],[-1.7957886670546408,43.392546887125711],[-1.7957738322333217,43.392555773071642],[-1.7957559813609698,43.39256457502723],[-1.7957372883864868,43.392573377115738],[-1.7957240446637552,43.392577735313722],[-1.7957151578779724,43.392579997260192],[-1.7956977267706835,43.392583937673898],[-1.7956860720484837,43.392586368562299],[-1.7956752602271511,43.392586202466575],[-1.7956683049460251,43.39258620124766],[-1.795508626811763,43.392620486380267],[-1.79553955839055,43.392697350114325],[-1.7955675565792348,43.392765159677552],[-1.7955951310004208,43.392834481103137],[-1.7956954712537871,43.393086192144125],[-1.7957553211240291,43.393181330365785]]]},"properties":{"OBJECTID":4,"SITE_CODE":"ES2120017","SITE_NAME":"ZEC Jaizkibel","AC":"PAÍS VASCO","TIPO":"B","HECTAREAS":2469.8231107699999,"SHAPE.AREA":0,"SHAPE.LEN":0}}]}