{"type":"FeatureCollection","features":[{"type":"Feature","id":1,"geometry":{"type":"Polygon","coordinates":[[[-2.7481066579388216,43.457022843606879],[-2.748534248552688,43.457397472090122],[-2.7486771486227219,43.457402289329728],[-2.7498331251800865,43.457341805276272],[-2.7506927972185857,43.457195118864917],[-2.7516814049566105,43.456972168955502],[-2.7520507681177309,43.456855917317107],[-2.752127965069266,43.456869592124789],[-2.7521244828464395,43.456863293227364],[-2.7521130116289338,43.456842545717464],[-2.752122145252188,43.456838527959817],[-2.7521229860515137,43.456838157902183],[-2.7522375846850111,43.456787747705349],[-2.752896709490519,43.456497807091132],[-2.7534098526623585,43.456272077738539],[-2.7551401669829194,43.455510889480706],[-2.755237956543152,43.455467869772328],[-2.7552396207288905,43.45546713767768],[-2.7554077775628003,43.455291964558299],[-2.7554207647008617,43.455278435361933],[-2.7558877527797603,43.454986798497202],[-2.7559645309417649,43.454930268176376],[-2.7562108653353645,43.454748870269363],[-2.7568052432764372,43.454380961313021],[-2.7571453552942442,43.454134065802762],[-2.7571748077442231,43.454111619228016],[-2.7571748535013842,43.454111613022135],[-2.7573124311755524,43.454080395196883],[-2.7574649086763112,43.454008687348555],[-2.7575894672032999,43.4539347446593],[-2.7576689317602594,43.453887558209189],[-2.7578317245623998,43.453752838443158],[-2.757900968260127,43.453685807966004],[-2.7579848630491344,43.453604591455822],[-2.7580276645514434,43.453559303612792],[-2.7581376998674489,43.453442841568943],[-2.7583215689649618,43.453245135080621],[-2.7585254140043971,43.453074484485363],[-2.7586776352007205,43.452978269971382],[-2.7587596809356083,43.45292640142717],[-2.7588540074826655,43.452875722086716],[-2.7589683203407303,43.452814302963453],[-2.7589683847257058,43.452814274285174],[-2.7591977143711532,43.452724738941178],[-2.7591977713079632,43.452724718351014],[-2.7594521936380767,43.452639729414003],[-2.7594522282880223,43.452639718681652],[-2.7597472187623433,43.452559317503564],[-2.7599304351432323,43.452523682106737],[-2.759930515538028,43.452523667868519],[-2.7601646232392576,43.452492665422909],[-2.7603424999072179,43.452538061109188],[-2.760520378071214,43.452583458322465],[-2.7607187443659611,43.452624395045937],[-2.7608916735118045,43.452651771682682],[-2.7611917272210773,43.452665907954135],[-2.761450893904148,43.452666451594915],[-2.7617256327029289,43.45263551179805],[-2.7618550081807247,43.452618026484288],[-2.7620208778710018,43.452595609647496],[-2.7623362965060476,43.452533237735388],[-2.762667127613974,43.45247990221322],[-2.7629674107244919,43.45243550588755],[-2.7632676414336386,43.45230556713409],[-2.7634256653283362,43.452193340419868],[-2.763654931515481,43.45203623979188],[-2.7639552113103196,43.451892792766209],[-2.7642200793730614,43.451816803832635],[-2.7645609706471159,43.451758992184551],[-2.764835733769293,43.451719029781238],[-2.7651612194085997,43.45164767449905],[-2.7654517415569018,43.451531214811446],[-2.7656704085218697,43.451414602658666],[-2.7658896078207786,43.451261978183616],[-2.766077991835612,43.451086783819676],[-2.7663743363378668,43.450659680076527],[-2.7667815697454254,43.450421899916996],[-2.7670514679186105,43.450336909386436],[-2.7673263746100383,43.450260933683879],[-2.7675757170948745,43.450202918614799],[-2.767575759147173,43.450202910596332],[-2.7677894145683681,43.450176336032705],[-2.7680385325146473,43.450172341246827],[-2.7680386066697835,43.450172341397248],[-2.7681451207630996,43.450177057795472],[-2.7684914516548749,43.450105727170751],[-2.7686286034812828,43.450092503593893],[-2.7686286962334514,43.45009248847412],[-2.768786322616636,43.450056811401986],[-2.7687864116918361,43.450056788170727],[-2.7688463870750533,43.450039696657186],[-2.7689746101110631,43.450003155794384],[-2.7690766930565451,43.449971847571838],[-2.7692292409693309,43.449976668517678],[-2.7693817902218134,43.449981468552657],[-2.7694682784972682,43.449986157737143],[-2.7695748578739305,43.44999087563663],[-2.7697578937034777,43.450000250490938],[-2.7697938118872099,43.450000322804343],[-2.7699767271125042,43.450041212379872],[-2.7701036065890179,43.450090993396628],[-2.7701941367506544,43.450166795008755],[-2.7701952369491818,43.450167715666005],[-2.7702609046278273,43.450266896641779],[-2.770266141375588,43.450311929938515],[-2.7702250416733691,43.45045591646096],[-2.770150589592308,43.450597074289639],[-2.7701277847080479,43.450640310677151],[-2.770113076096544,43.450666339768773],[-2.7700566268408808,43.450766227954922],[-2.7699951067291457,43.450896667658533],[-2.7700050907401321,43.451013744602271],[-2.7700455133494835,43.451148861789697],[-2.7700455268424702,43.451148888829962],[-2.7701055224723645,43.451229103364994],[-2.7701062344839453,43.451230054757858],[-2.770185133104861,43.451287698169516],[-2.7702483588313074,43.45133389519377],[-2.7704059885131929,43.45139269969502],[-2.7704061070139674,43.451392739552183],[-2.7705431849049669,43.451402020865814],[-2.770802869228767,43.451366525954576],[-2.7709655743790216,43.451339840630062],[-2.7710572126908675,43.451313011914038],[-2.7712047024186321,43.451326815466395],[-2.7713571605025704,43.451354134422417],[-2.7714069085767221,43.451369299098005],[-2.7715504419791324,43.451413051845812],[-2.7717233205991687,43.451453917666996],[-2.7718912805556029,43.451467762096009],[-2.7720651699733123,43.451445598803303],[-2.7723455726045749,43.451446160078007],[-2.7728278577316643,43.451478639910498],[-2.7733318958517601,43.451538019974478],[-2.7733332165078397,43.451538175666606],[-2.7733610051690087,43.451749834413164],[-2.7733621295853879,43.451758853620696],[-2.7733666131467514,43.451799370478923],[-2.7733878376483743,43.451907465014543],[-2.7733954639391496,43.451934504950941],[-2.7734325498220191,43.452033627434048],[-2.7734448085627235,43.452060664839131],[-2.7735454352311706,43.45221392858123],[-2.7735787517776798,43.45229053171704],[-2.7736405829099131,43.452385201834858],[-2.773749853952499,43.452497973632298],[-2.7738262508724385,43.452619693683118],[-2.7739485736785192,43.452749647128904],[-2.7739493602887006,43.452750501397837],[-2.773984802572945,43.452777576464513],[-2.7740017382208362,43.452791124597191],[-2.7740270112989367,43.452808794296196],[-2.7740275586495931,43.452809177163182],[-2.7740510095274424,43.452836243819505],[-2.7741392445589108,43.452925402026601],[-2.7741402813030565,43.45292646478925],[-2.7742920664065309,43.453034812432875],[-2.7743215340481164,43.453052301253479],[-2.7743224971775069,43.453052886637472],[-2.774348625912006,43.453093453367046],[-2.7743520766424661,43.453102469049362],[-2.7743858652325173,43.45315656284356],[-2.7744119705701427,43.453197129511793],[-2.774424262215256,43.453215161600333],[-2.7744519212134864,43.453255736726469],[-2.7745503470120072,43.453377490721209],[-2.7745719056761509,43.45339966236358],[-2.774572278758292,43.453400045784797],[-2.774704342496531,43.453512861580997],[-2.7747166677132489,43.453521890233574],[-2.7747210011588486,43.453524210192576],[-2.7750373879219348,43.453693609163274],[-2.7750496003103318,43.453698087649613],[-2.7750497126053268,43.453698136494133],[-2.7751669971291522,43.453734385533053],[-2.7752326110618828,43.453752523260668],[-2.7754163113128318,43.453793404754286],[-2.7755275007670046,43.453807130527942],[-2.7755447905308603,43.45381165854733],[-2.7755448646338801,43.453811674000193],[-2.7755711079372625,43.453816220490104],[-2.7756343322733827,43.453829843008329],[-2.7756344100977506,43.45382985486669],[-2.7758491043369,43.453843779761783],[-2.7760639156216049,43.453830700378226],[-2.7762718739706491,43.453790583269061],[-2.776467548106802,43.453723434962555],[-2.7766444026302475,43.453633744040353],[-2.7767969813282987,43.45352599041837],[-2.7768303321858423,43.453490038930241],[-2.776844290405446,43.453476562316141],[-2.7768443151947215,43.453476543455338],[-2.7769437891716775,43.453413715945388],[-2.7771239487136552,43.453260992925308],[-2.7771538058498169,43.453229545721371],[-2.7772372138053529,43.453130660155402],[-2.7772593447470304,43.453099187967155],[-2.7773121889772021,43.45301375026358],[-2.777395037327258,43.452856335075673],[-2.7774267587078851,43.452842890265082],[-2.7774832643452743,43.452811484933058],[-2.777483292838693,43.452811466979767],[-2.777638532276161,43.452708227685712],[-2.7776671817480647,43.45268577336347],[-2.7777446870975075,43.452618402047356],[-2.77777763478363,43.452586952579679],[-2.7777776583560541,43.452586928313679],[-2.7777793197509424,43.452585174789355],[-2.7777946940628526,43.452568975185585],[-2.7778260955033769,43.452537521798611],[-2.7778795943521359,43.452483599497306],[-2.778052360693668,43.452240817805617],[-2.7780792294976981,43.452182330726913],[-2.7780811665400238,43.452176846321066],[-2.7781237189326839,43.452056367548586],[-2.7781432224018925,43.451898827966218],[-2.7781423566848797,43.451870574166314],[-2.7781418420296786,43.451853803423731],[-2.7781418680538392,43.451853784565046],[-2.7833840233408598,43.449306679672574],[-2.7833840753291028,43.449306657260095],[-2.7834466441241825,43.449306781168161],[-2.7838634963734545,43.449253555256043],[-2.7838635643993497,43.449253540977629],[-2.7838782196279133,43.449249082695552],[-2.7838782579953714,43.449249067460613],[-2.7839619868352341,43.449271737517059],[-2.7840573343552242,43.449285425976555],[-2.7842484409304427,43.449303805359371],[-2.7843456941248736,43.449303987906831],[-2.7843457744809523,43.449303981755307],[-2.7843635245895668,43.449308517416817],[-2.7844056046647774,43.449313105251555],[-2.7847276798507465,43.449318215109024],[-2.784780947159331,43.449313816786891],[-2.7847810114486435,43.449313810604835],[-2.7848532719973638,43.44930494580526],[-2.7850611855777179,43.449264818894065],[-2.7852282235184243,43.449211106474458],[-2.7852738771374166,43.449193184355373],[-2.7855253647155398,43.449063093736626],[-2.7855521002538812,43.449045135122169],[-2.7855614025324709,43.449036148188874],[-2.785769880426594,43.449050045510127],[-2.7859846949426292,43.449036942078301],[-2.7861926081003277,43.448996813106923],[-2.7863542224306421,43.448943089799315],[-2.7864234645863362,43.44891621051228],[-2.7864574992170659,43.448902767506773],[-2.7866343311820101,43.448813050204592],[-2.7867868664503925,43.448705283074283],[-2.786910913871826,43.448574951710839],[-2.787002567375938,43.448431058711193],[-2.7870587046435791,43.448282591011264],[-2.7870665540389887,43.448246581809066],[-2.7870712845650893,43.448219583783811],[-2.787224981784429,43.448111811917883],[-2.7873490270523957,43.447981479160703],[-2.7873855204362283,43.447932024732225],[-2.7874397256588264,43.447891612097543],[-2.7874772978179565,43.447860166602425],[-2.7874896880745075,43.447851186149641],[-2.7876137334763311,43.447720853099362],[-2.7876564067033831,43.447653850618501],[-2.7877053828021108,43.447576954103816],[-2.7877112130157697,43.447567951542979],[-2.7877121803198013,43.447565941760232],[-2.7877415527145195,43.447504986206489],[-2.7877520790050254,43.447475549715847],[-2.7877544389976383,43.447468984500354],[-2.7877548189009858,43.44746849086502],[-2.7878250287276951,43.447379080698795],[-2.7878296910132998,43.447370075964571],[-2.7878386472269967,43.447352084721302],[-2.7878808798228039,43.447311651460488],[-2.7879526105884183,43.447230745970778],[-2.7880442485151571,43.447086836764953],[-2.7881003930691617,43.446938378436137],[-2.788119867718823,43.446780836951255],[-2.7881014956404471,43.446623225334434],[-2.7880463876393184,43.446474541904209],[-2.7879557633103298,43.446330311890975],[-2.7879544560729359,43.44632881293871],[-2.7879203756347941,43.446289725647205],[-2.7879151206870456,43.446280915018285],[-2.7879149990496908,43.44628071129366],[-2.7877669210067206,43.445996795823454],[-2.7879695092551198,43.445934142758148],[-2.788162779969825,43.445884978647065],[-2.7883765207024696,43.445835852092593],[-2.7886971951151698,43.445687865563819],[-2.7888601133494002,43.445593632171594],[-2.7890842208776272,43.445449964801092],[-2.7892370186537816,43.445378224960599],[-2.7894149962095671,43.445284008622068],[-2.7896901255384767,43.44512694093288],[-2.7898376086447545,43.445028165653213],[-2.7900567709438673,43.444861988017813],[-2.7902811074227136,43.44465079932418],[-2.7905154987876619,43.444435125509273],[-2.7905969400797925,43.444336226435951],[-2.7907650458631648,43.444079910061411],[-2.7908521112470814,43.443917991290107],[-2.7909335978065943,43.443805585471551],[-2.7910201360667366,43.443684185338867],[-2.7911120030961731,43.443585304937663],[-2.7912238429491469,43.443517978080713],[-2.7914121918708585,43.443437284115667],[-2.7915903604696477,43.443397090125927],[-2.791686863219458,43.443373725792576],[-2.7917380056281176,43.443361343366796],[-2.7919212101981263,43.44331665673937],[-2.7921196149348231,43.443231477709602],[-2.7922976405451903,43.443101280805593],[-2.7922977012522958,43.443101235893899],[-2.7923372071426931,43.443072238778626],[-2.7924506328154028,43.442988964123728],[-2.792593039150534,43.442903682618194],[-2.7929594900684513,43.442800799815799],[-2.7931070243449465,43.442796566441181],[-2.793274595129065,43.442805874780333],[-2.7934780940276895,43.442810747372164],[-2.7936970719393663,43.442806642239972],[-2.7938647345550827,43.442788938517765],[-2.7940785163934869,43.442703806309119],[-2.7940785819655978,43.442703783916237],[-2.7942567540444085,43.442546536831706],[-2.7943690702808435,43.44233513572771],[-2.7944150983897154,43.442204657552658],[-2.7944865660025737,43.442083227665805],[-2.7946139607220717,43.441979906971198],[-2.7946666204410415,43.441957926378223],[-2.7948073249906606,43.441899204692312],[-2.7950717205279125,43.441823152303201],[-2.7952600373793119,43.441751456306186],[-2.7954688735166169,43.44166178431923],[-2.7955350254345128,43.44151333108799],[-2.7955304368739231,43.441382761030759],[-2.7955152500317575,43.441193641681792],[-2.795597138469875,43.440959673028949],[-2.7957805613461302,43.440847448557065],[-2.7959584954050247,43.440757724072249],[-2.7962335330453119,43.440618650926936],[-2.7964372467947656,43.44044343080833],[-2.7965645746254908,43.440245563477752],[-2.7966768029359743,43.440061168537056],[-2.7967940363897861,43.439876794980428],[-2.7968450884829448,43.439737310399451],[-2.7968452689516639,43.439735816891336],[-2.7968466819891273,43.439723814745321],[-2.7968606851327156,43.439579761232686],[-2.79684065248358,43.439449170050459],[-2.7968205646294808,43.439336579446291],[-2.7967799509400573,43.439241960248296],[-2.7967393361379891,43.439147341932781],[-2.7967380224929461,43.439146261771931],[-2.7966862252356193,43.439103523083375],[-2.7966846528349607,43.439102221854206],[-2.7966847186374029,43.439102129225965],[-2.7967071565727792,43.43907074738464],[-2.7967061645329303,43.439021221455491],[-2.7967000765062591,43.438994196550532],[-2.796687764791121,43.43898066807143],[-2.7966874278899509,43.438980535107852],[-2.7966534429112735,43.438967100454505],[-2.7966175601178986,43.438958031347667],[-2.7965933549153097,43.438921970720124],[-2.7965374517322741,43.438908362878088],[-2.7965374072443341,43.43890836369939],[-2.7965361439474736,43.438939832708897],[-2.7965361425639399,43.438939876827973],[-2.7965099142676588,43.43893082576492],[-2.796432033162275,43.438894667775585],[-2.7964337274910616,43.438849644319454],[-2.7964516877177168,43.43879564992497],[-2.7964506370028177,43.43875963588075],[-2.7964499401580358,43.438737123654874],[-2.7964517645139657,43.438735877992684],[-2.7964630995325228,43.438728142683324],[-2.7964740374876382,43.438692140071659],[-2.7964698307430234,43.438678630495296],[-2.7964698757016135,43.43867848920631],[-2.796474124307621,43.438665131545449],[-2.7964687394982595,43.438655811417846],[-2.7964173547495497,43.438566878093319],[-2.7964142329720372,43.438561474401169],[-2.7963776161850746,43.438556907009421],[-2.7963775642893203,43.438556906016579],[-2.7963802969268881,43.438547906487806],[-2.7959221701275134,43.438020326428052],[-2.7958031106501715,43.437713963543182],[-2.7958325346800472,43.437691505990827],[-2.7959347344399577,43.437615151945508],[-2.7956194389678077,43.436988779715428],[-2.7950426451655206,43.437528004879965],[-2.7944207396259624,43.437589913026194],[-2.7938814562116669,43.437769024785794],[-2.7938059582914732,43.43782741635151],[-2.793980621289184,43.437904270315762],[-2.7942796395861924,43.437976846492695],[-2.7945164728731249,43.438053812362057],[-2.7946328752549028,43.43811705313157],[-2.7948033743638985,43.438283942307336],[-2.7949424727094678,43.438486791599772],[-2.7949408824933477,43.438500295340077],[-2.794955449817623,43.438531836841776],[-2.7949671602221819,43.438608395191238],[-2.7949373498903252,43.43863085272487],[-2.7948620052426709,43.438644223282409],[-2.7947793991330436,43.438635069773369],[-2.7946461620823202,43.438639331886542],[-2.7945127117157549,43.438706623320542],[-2.794495058736187,43.438787630244974],[-2.7944637200046172,43.438805582710707],[-2.7936419053300448,43.439281327427452],[-2.7934827964373725,43.439398095508871],[-2.7933551961451113,43.439447387361184],[-2.7931705998455882,43.439564108944843],[-2.7930653642014094,43.439622446213235],[-2.7929760548169189,43.439653798139211],[-2.7928401270450913,43.439653551079331],[-2.792692383929412,43.439608260475666],[-2.792603320420028,43.439567577414458],[-2.7924750394444433,43.439477299860265],[-2.7922658520065604,43.439332847957864],[-2.7921466844175065,43.439287608552831],[-2.791953606373041,43.439287255647443],[-2.7917333429869609,43.439331873973934],[-2.7913898340567456,43.439394274999124],[-2.7907736498854883,43.439582235221977],[-2.7902560984440639,43.439833404714058],[-2.7900791547388386,43.439968144117806],[-2.7898136667739477,43.440246788999552],[-2.7894846041781305,43.440705404054718],[-2.7892243173474038,43.440930032563521],[-2.7884831887035384,43.441171774566108],[-2.7876704402431485,43.441462902037848],[-2.787574433852936,43.44153025575757],[-2.7874722630424995,43.441593095744715],[-2.787370219392316,43.441619918318906],[-2.787279359455082,43.4416512638009],[-2.7871884836437673,43.441687111375579],[-2.7871177663346978,43.441700485433579],[-2.7870346599257312,43.441722840765138],[-2.7868919894493014,43.441772098217065],[-2.7867852953730314,43.441803412895915],[-2.7867303798805083,43.441825821465017],[-2.7866861822668638,43.44187526226748],[-2.7867449801487436,43.441956412332864],[-2.786800800704667,43.442006040555128],[-2.7868723748268232,43.442078209983528],[-2.7869281165953597,43.442150349867589],[-2.7869680721124408,43.442208952833241],[-2.7870222839747538,43.442276586725093],[-2.7870595528430497,43.442330683360119],[-2.7870979796899293,43.442384781237919],[-2.7871337355576307,43.442429870642776],[-2.7871613666151442,43.442479446207898],[-2.7871924569084929,43.442533530397419],[-2.7872138922117635,43.442587597513167],[-2.7872291657329136,43.442637150065487],[-2.7872240501400563,43.442664153710375],[-2.7871911139756067,43.442695606878715],[-2.7871203809412473,43.442713483100263],[-2.7868752851222331,43.44267700632011],[-2.786778386803165,43.442667821299707],[-2.7867188996602481,43.442672211659641],[-2.786690725138858,43.44266765691431],[-2.7866548258403783,43.442663086850089],[-2.7865845573760675,43.442658452637751],[-2.7864436203170184,43.442653686430617],[-2.7864045853421233,43.442662617913918],[-2.7862584834692221,43.442698364277284],[-2.7862372826251303,43.442698324648454],[-2.7862372430963886,43.442698320072388],[-2.7861649479733797,43.442720695877092],[-2.7860957154268675,43.442752085353995],[-2.7860515922556535,43.44277901057125],[-2.7859780475145617,43.442828402484466],[-2.7859149361327349,43.442873299083089],[-2.7858553229202947,43.442913707207275],[-2.7858096413806144,43.442945136107888],[-2.7857358023251857,43.442967508748339],[-2.7856527378007963,43.442980865064513],[-2.7855715800845804,43.442994212289683],[-2.7854900650138235,43.443003062896373],[-2.785413168162151,43.44301642430473],[-2.7853224043210334,43.443020764246924],[-2.7852064830330749,43.443038545437979],[-2.7850925115745802,43.443051836086227],[-2.7850171433490183,43.443069703194844],[-2.7849386844091271,43.443087562640294],[-2.7848401501868283,43.443105396867672],[-2.7846960048944127,43.443132126118968],[-2.7846160661790309,43.443131974683389],[-2.7845145013638581,43.443131782442428],[-2.7844565743126033,43.443131672371344],[-2.7843724189742618,43.44312250933109],[-2.7843446299879537,43.443117953834566],[-2.784144316337986,43.443086058741507],[-2.784047352499341,43.443094879157314],[-2.7838796874653955,43.443112569379565],[-2.783625373063443,43.443062561633219],[-2.7835024725148334,43.442981288637817],[-2.7833781869811518,43.442854990949357],[-2.7833131496180741,43.442791836118388],[-2.7832414985289953,43.442742175294839],[-2.7832091721223868,43.442710598659332],[-2.7831421231800775,43.442669950885019],[-2.783081235837142,43.442633817853512],[-2.7830206870946022,43.442611191112896],[-2.7829099688366821,43.442579464721703],[-2.7828347293954008,43.442561312186569],[-2.7826958024781225,43.442534033307894],[-2.7825772791554133,43.442524802731754],[-2.7824614919848014,43.442506572849979],[-2.7823600250674589,43.442479364817977],[-2.7822851230373637,43.442474720045382],[-2.7821835916414748,43.442465521410178],[-2.7821068078565627,43.442447365454228],[-2.7820493329093656,43.442429246249475],[-2.7820304420024757,43.442420205855356],[-2.7823189500515499,43.442303701070472],[-2.7825528500838073,43.441907955685018],[-2.7823817062328753,43.441497928619476],[-2.7823457141463313,43.441412318420362],[-2.7823368961932431,43.441394292857446],[-2.7821500025541819,43.440961724453977],[-2.7819485679274067,43.440493110423255],[-2.7817201749161273,43.440326091659315],[-2.7811673063806817,43.440293514237666],[-2.7803945272851318,43.440418086184877],[-2.7790928997396769,43.440487600767078],[-2.7769607161171832,43.441266822334839],[-2.7758814187648801,43.441462797920053],[-2.7740871801194711,43.442107565365241],[-2.7733881032931498,43.442340289049532],[-2.7730696411783624,43.442510737283776],[-2.7724070134988765,43.44259945798273],[-2.7722366088786248,43.442626130069698],[-2.7718371679419,43.442661347738323],[-2.7715403806960803,43.442714777915761],[-2.7692801545535706,43.443403555291695],[-2.7685788934594777,43.443492174937262],[-2.767656270858045,43.444003546841614],[-2.7673742235159771,43.444138036502324],[-2.7666523205846638,43.444469722504948],[-2.7657485515777389,43.444891072658528],[-2.7649306436988574,43.44517752732375],[-2.7641340361998639,43.445346962184537],[-2.7633660753693761,43.445498442908125],[-2.7628320037162704,43.445488326711732],[-2.7622257827318695,43.44565814566986],[-2.760570614639307,43.445834763546571],[-2.7600042020466948,43.445896602378511],[-2.7587156578143013,43.446136996519201],[-2.7581328408118653,43.446243812468104],[-2.7573445748980943,43.446251138778749],[-2.7568255638920376,43.446529167572614],[-2.7561810070679504,43.447005022740399],[-2.7559768378648721,43.447067616094607],[-2.7556916881887634,43.44700397298633],[-2.7554194700215811,43.446607194760894],[-2.7553053447610694,43.446751020695366],[-2.7550879269814885,43.447034191421785],[-2.7548516175762865,43.447308316843028],[-2.7545580992714971,43.447784918406207],[-2.7545108457944583,43.448104472401248],[-2.7544386400180665,43.448005268310432],[-2.7543296498644718,43.44783394922532],[-2.7541972830269819,43.447523011914285],[-2.7541996467090319,43.447225871583427],[-2.754237766692587,43.44706387378416],[-2.7542504350857002,43.446987363782497],[-2.7543132705361661,43.446825419963467],[-2.754390119448455,43.44663649396405],[-2.7544006555696878,43.446609503452279],[-2.7544027449819883,43.446379895336023],[-2.7543062267610732,43.446181590723363],[-2.7541988718876618,43.445798671108868],[-2.7541279326572412,43.445483363438129],[-2.7540215556580385,43.445145468527237],[-2.754174499704793,43.444285877905386],[-2.7542017431917505,43.443948271156913],[-2.7543496300970887,43.443858545991709],[-2.7545954252105047,43.443814053612037],[-2.7548649076055751,43.443832643977757],[-2.7548648712481585,43.443841648284561],[-2.7549601672353332,43.443864364388709],[-2.7547191423941637,43.443589210320411],[-2.7546632576343351,43.443084843948839],[-2.7541359133354826,43.442660499805541],[-2.7541058720052227,43.442165193029332],[-2.7538040062941969,43.441660295119462],[-2.7534666556306977,43.441335406748763],[-2.7532275593758526,43.440875664498662],[-2.7531190281656341,43.440785385446503],[-2.7526392301013596,43.440640272963435],[-2.7521698085294535,43.440225050149579],[-2.750999438455866,43.440015395038657],[-2.7504878815056308,43.439708125317651],[-2.7501137133030009,43.439329120263437],[-2.7498508718256716,43.438923344363559],[-2.7500236629232027,43.438131336533523],[-2.7499589101623383,43.437915089518519],[-2.7494133700233783,43.437427652683361],[-2.7487643523643506,43.437219120364588],[-2.7486288789868736,43.437110768111374],[-2.7485238511017931,43.436552262870471],[-2.7476816053754161,43.435550911463281],[-2.7474657168739274,43.435190256301247],[-2.7471415748991741,43.434955422074459],[-2.7470448450881229,43.434910185255752],[-2.7469575616209405,43.434914493449867],[-2.7468617731631633,43.434828738765283],[-2.7465210799623803,43.434674904816809],[-2.7463503196530943,43.434512445202181],[-2.7462050292202562,43.433800773469727],[-2.7458958872820305,43.433214798213861],[-2.745180697422386,43.432871031436733],[-2.7451495172677176,43.432848450049171],[-2.7449774366481137,43.432726506101467],[-2.7449543393573448,43.432618400866438],[-2.7450479915656247,43.432384496140649],[-2.7455173634049883,43.432142427252522],[-2.7461682398320755,43.431891757746747],[-2.7472138896185609,43.431691485678819],[-2.7473563546668491,43.431664831421635],[-2.7474754890587474,43.431642542129858],[-2.747700689163151,43.431525983752337],[-2.7476505975401357,43.431408815074384],[-2.7475188878139267,43.431327483818031],[-2.747166218803184,43.431229828051393],[-2.747158295749657,43.431227634169275],[-2.7469176309639964,43.431164069175317],[-2.7463227524437341,43.431045687539843],[-2.7459146892672255,43.431125816742181],[-2.7457403312988742,43.43117945383365],[-2.7455522996251345,43.431179033809109],[-2.7452537590721064,43.43110633031749],[-2.7449057164258805,43.430961481295995],[-2.7445305402833879,43.43093362606097],[-2.7440518586277665,43.431004585530395],[-2.7434618681621048,43.431192350603986],[-2.7425277729469912,43.431217254620741],[-2.7423213610431172,43.431180770282467],[-2.7419233627535196,43.431706626801855],[-2.7409038313146969,43.433050572285801],[-2.740897090381011,43.433059458763708],[-2.7406037598593556,43.432941732953388],[-2.7403837138334608,43.432842183389759],[-2.7401884568080916,43.432724680019504],[-2.7401153277650376,43.432670487440006],[-2.7400303058399933,43.432598258973634],[-2.739897195671563,43.432395356345793],[-2.739895303057954,43.432386348539268],[-2.7399043743095302,43.432376603897396],[-2.7412921062495705,43.430885791587095],[-2.7413479732448867,43.430822888028636],[-2.7412906538258759,43.430683189193338],[-2.741429794821066,43.430197267800523],[-2.7414122613360328,43.429963112700278],[-2.7414068943349537,43.429954096157985],[-2.7412441129933081,43.429737620395358],[-2.7409439424797633,43.429417280763673],[-2.7409231895295609,43.429394722732077],[-2.7409556965780215,43.429286743487907],[-2.7409558117804962,43.42925973052737],[-2.7409558898175455,43.429241721889746],[-2.7409560050197523,43.429214708928974],[-2.7409560818211354,43.429196700288422],[-2.7409562354236878,43.429160683007112],[-2.7409563518609015,43.429133670048756],[-2.7409564670624689,43.429106657087488],[-2.740956543863426,43.42908864844658],[-2.7409566206643099,43.429070639805587],[-2.7409539954555129,43.429052625043902],[-2.7409505584324441,43.429043612850627],[-2.7409455782878611,43.429034597161589],[-2.7409405981447397,43.429025581472331],[-2.7409294405727929,43.429016551788294],[-2.7409109850961437,43.428998501161537],[-2.7408951932274404,43.428989460974485],[-2.7408740357670363,43.42897140331916],[-2.7408567199977201,43.428957857469847],[-2.7408212574424597,43.428944269590914],[-2.7407600236379661,43.428908113163175],[-2.7406259543838991,43.428840274298516],[-2.7404548787098233,43.42875884467994],[-2.7404313856921858,43.428745284745666],[-2.7404082204329696,43.428745232162527],[-2.7403835493119941,43.428736170847628],[-2.7403684912780748,43.428736136661435],[-2.7403499987989557,43.428727090267316],[-2.7403179529196411,43.428727016601449],[-2.7402859467714547,43.428717939509276],[-2.7402601180354074,43.428708875538668],[-2.7402281106699986,43.428699798427523],[-2.7401957575928297,43.428681716113914],[-2.7401676496401124,43.428663643436607],[-2.740140276596609,43.428654575929997],[-2.7401279603292705,43.428645544434701],[-2.7401171884172597,43.428636515547275],[-2.7400910115646409,43.42861844633908],[-2.7400775762033143,43.428600406986206],[-2.7400591596391202,43.428573351900972],[-2.7400434077785722,43.428555307278366],[-2.7400284281000071,43.428537264408952],[-2.740013061726382,43.428519220658394],[-2.7399906879979898,43.428514667586064],[-2.7399056732505285,43.428442438992384],[-2.7396615148509107,43.428297811978794],[-2.7393807382151225,43.428139594380234],[-2.7390999037927113,43.427994883470596],[-2.7387825496732701,43.427814069016193],[-2.7385629506289542,43.427705514277804],[-2.7381352196049451,43.427515442118299],[-2.7377805935387483,43.427384064670825],[-2.7374872952030476,43.427266333533709],[-2.7373038736894175,43.427184872640872],[-2.7372187861000326,43.427130649787294],[-2.7371824599901076,43.427049526613693],[-2.737149920598823,43.426540702609465],[-2.7371141374865338,43.426423563008058],[-2.7370907477865538,43.426297447474724],[-2.736932254002411,43.426166518113767],[-2.7366510832299289,43.426102840079153],[-2.7364179758819569,43.426084293303802],[-2.7361971043933373,43.426092787515991],[-2.7359396753968421,43.426074184557656],[-2.7356460734965791,43.426028483269945],[-2.7354625797747323,43.425965028065249],[-2.7354267622720614,43.425856892257819],[-2.7353786679155667,43.425730719204331],[-2.7352574968490102,43.425541345185671],[-2.7351848840395698,43.42546013734492],[-2.7350869421525652,43.425432897262247],[-2.7349523038025443,43.425410073355764],[-2.7346334929558482,43.425391325173869],[-2.7341799668240836,43.425367759934566],[-2.7339100284400386,43.425385140079314],[-2.7337989506584552,43.425447912457479],[-2.7337125019895963,43.425528750905428],[-2.7336013842595217,43.425600526509186],[-2.7335155192860063,43.425636345003248],[-2.7334050261391809,43.425654095395039],[-2.7331965507706166,43.425653609198363],[-2.733098687357673,43.425608358771775],[-2.7330255336309133,43.425563165049617],[-2.732964772495055,43.425508996706505],[-2.7329283738607306,43.425445880816781],[-2.7328802070701035,43.42533771536192],[-2.7328736841633057,43.425328695712295],[-2.7327811380356706,43.425215924333209],[-2.7326170136942967,43.425139002293299],[-2.7326002448380793,43.425089439711101],[-2.7324291111979075,43.425026007630379],[-2.7321599190587849,43.424962345669471],[-2.7318908454628401,43.424871671011545],[-2.7317319478906334,43.424835279813458],[-2.7314138872950475,43.424735484690054],[-2.7309852535115553,43.424671445377641],[-2.7304951588960087,43.424625268459025],[-2.7297352491846958,43.424569446781803],[-2.7291764162991972,43.42452760394643],[-2.729177746755969,43.424748215240051],[-2.7291932924735853,43.424811282950806],[-2.7292307854511417,43.424887909246749],[-2.7292683374784388,43.424951029048941],[-2.7293453884180034,43.424987229088323],[-2.7294866274857186,43.425001070797826],[-2.7296399141214578,43.424996931088629],[-2.7297364500246677,43.424992657067889],[-2.7297764391780186,43.425028770122253],[-2.7297915600955607,43.425100840257826],[-2.7298070076552077,43.425186418682493],[-2.729847183454702,43.425267553316765],[-2.7298922123404536,43.425299176027984],[-2.7299638791876002,43.425330860725062],[-2.730060701022043,43.42534909813849],[-2.7301845275295435,43.425371901394442],[-2.7302887253411532,43.425381152504961],[-2.7303678482625311,43.42538584129484],[-2.730409928837763,43.425385940504682],[-2.7304722705457389,43.425431109518215],[-2.7304871267762438,43.425476166595523],[-2.730495093744667,43.425507700815913],[-2.7304792387472903,43.425783272306901],[-2.7304787769010721,43.425791301353257],[-2.7304241749286806,43.42574164838507],[-2.7304125071215779,43.425674087787193],[-2.7303519892571706,43.425565891255324],[-2.7301808978617781,43.425493453303517],[-2.7300587554162319,43.425439137674267],[-2.7299242603099128,43.425384793642188],[-2.7298999775745219,43.425375730978246],[-2.7297896440576315,43.42535746240393],[-2.7296177652521743,43.425375064075062],[-2.7294948359205078,43.425410791011117],[-2.7291999469930155,43.425482127491691],[-2.7289422805110228,43.42551753469413],[-2.7287088951275962,43.425562002432585],[-2.7284941041078494,43.425592312083005],[-2.7284265008294182,43.425601852013742],[-2.7281683258420397,43.425664268600308],[-2.7279102309820749,43.425708676869803],[-2.7277390304381242,43.425744126775747],[-2.7277382699416561,43.425744284343267],[-2.7276282814993871,43.425735018018052],[-2.7274074909455206,43.425725486622511],[-2.7273218659073688,43.425707273662553],[-2.7271992592806242,43.425670963599934],[-2.7271141816266349,43.425616733240361],[-2.7270672368326192,43.425599350745614],[-2.727065232596217,43.425598608500763],[-2.7269057064943132,43.425616235575795],[-2.7266864948989489,43.425686989898836],[-2.7266841664373165,43.425687741604882],[-2.7264762386875439,43.425651226816548],[-2.7261956588819087,43.425596720692603],[-2.7261946553579763,43.425596525595459],[-2.7259856299356136,43.425632041684857],[-2.7259731778898266,43.425642757713156],[-2.7258499768519306,43.425748773921491],[-2.7257263745424223,43.425847526073923],[-2.7255171852477122,43.425919058559522],[-2.7253823662986134,43.425936743708483],[-2.725320961536128,43.42594109844056],[-2.7252720331483187,43.425918469877757],[-2.7250020287326953,43.425949335450909],[-2.7247556123405392,43.426056795561571],[-2.7245469711931194,43.426092309942625],[-2.7242523196740276,43.426109608657399],[-2.7240438020010158,43.426118109183442],[-2.7238352011635114,43.426144618851644],[-2.7237614201160523,43.426153445063193],[-2.7235528202760486,43.426179953318048],[-2.7233195117091964,43.426206402314051],[-2.7231842637756909,43.426233088243627],[-2.7230130136549335,43.42619665503819],[-2.7229523442091788,43.426124472782853],[-2.7229774222700569,43.426043493832445],[-2.7230477325792868,43.425949117810937],[-2.7230973969496279,43.425895211607823],[-2.7231385459673914,43.425845786972978],[-2.7231787506312259,43.425802147172462],[-2.723200624665592,43.425778404160774],[-2.7232378525425975,43.425742476616058],[-2.7232626839520147,43.425715523473059],[-2.7232611952918684,43.425714431237203],[-2.7232503708010034,43.425706489263355],[-2.7231405895520968,43.425652197062895],[-2.7230421417354274,43.42565195867823],[-2.7228949685121915,43.425669610974467],[-2.7227604781127472,43.425615258532247],[-2.7226507796906585,43.425542956336699],[-2.7226530328888305,43.425534886644385],[-2.7226633405972795,43.425497964738177],[-2.7226625028008176,43.425494756235132],[-2.722651578698879,43.425452914150959],[-2.7225907035980081,43.425425753258445],[-2.722455662777322,43.425407416770518],[-2.7224073912520463,43.425326259892863],[-2.7223253238373308,43.425247769985141],[-2.7223224418469036,43.425245013039607],[-2.722199039494591,43.425298739809264],[-2.7220517844932681,43.425334399648143],[-2.7220391832045046,43.425388395495034],[-2.722038848899877,43.425401247580858],[-2.7220387141220765,43.425406403179849],[-2.7220019548386527,43.425424322650429],[-2.7219157390935411,43.425451126268385],[-2.7218667505377687,43.42544200271945],[-2.7218426763645849,43.42538791769045],[-2.7217826696948504,43.425343331339889],[-2.7217818841717021,43.42534274684332],[-2.7217081050426191,43.425351571736201],[-2.7216774393982686,43.425367204403628],[-2.7215868775832783,43.425413370189794],[-2.7215850473502257,43.425414303093262],[-2.7215600077340625,43.425486277428071],[-2.7215960503788406,43.425540391653556],[-2.7216566763731413,43.425621578941559],[-2.7217297598105863,43.425680285480141],[-2.7217538752398451,43.425725366218579],[-2.7217779907006263,43.425770447852095],[-2.7217406382167346,43.425833386952931],[-2.7217057667535225,43.42586739460063],[-2.7217037973226761,43.425869314951143],[-2.7215559888752296,43.425940990447259],[-2.7213716680430848,43.425976558249261],[-2.7212854925493302,43.425994357075709],[-2.7212121393326911,43.425994178273896],[-2.7212369729775081,43.425967225577701],[-2.7212247840408614,43.425931178218363],[-2.7210653380972798,43.425930789416945],[-2.7208573301997441,43.425912272141645],[-2.7207569534886984,43.425912027081168],[-2.7207222072767547,43.425911942230954],[-2.7206413445036186,43.425919166159346],[-2.7207206335524106,43.425898995446396],[-2.7208044359272665,43.425877675929222],[-2.7208400570984517,43.425863448577033],[-2.7208717440317511,43.425840479132439],[-2.7208699086444748,43.425818867666088],[-2.7208698507659577,43.42581882700496],[-2.7208454330890484,43.42580174726308],[-2.7208285779060568,43.425789957160589],[-2.7207676481782506,43.425703290410382],[-2.7207462977191863,43.425687648036963],[-2.720740030485798,43.425683056690431],[-2.7206276713382227,43.425636687769369],[-2.7205723855949819,43.425607743077848],[-2.7205448631060247,43.425588859304469],[-2.7205409823635223,43.425568774484169],[-2.720541275157804,43.425505394943073],[-2.7205374213502251,43.425479456419758],[-2.7205196593861158,43.425465008653951],[-2.7204880918087389,43.425462050989466],[-2.7203102064443301,43.425464496575962],[-2.7202824696292258,43.425470190658672],[-2.7201339031964578,43.42554319962268],[-2.7199873312209775,43.425603430612867],[-2.719943778334974,43.42561475686405],[-2.7198844733742371,43.425617583069382],[-2.7198529061688248,43.425614534285977],[-2.7198271844431674,43.425603037468818],[-2.7198075149446104,43.425582732951916],[-2.7198016985573372,43.425562642463504],[-2.7198039628808961,43.42551367211329],[-2.7198139512455346,43.425490648892605],[-2.7198317504255676,43.4254747582929],[-2.7198852662327346,43.425446169817626],[-2.7199783214130622,43.425414707586548],[-2.7200159933867258,43.425397514955947],[-2.7200417448723089,43.425380292230486],[-2.720061595249073,43.425361615248306],[-2.7200753038534722,43.425339018915679],[-2.7200755565666825,43.42533860172955],[-2.720101329155189,43.425317057824579],[-2.7201270407632019,43.425308478317689],[-2.7201404892623016,43.425307204689851],[-2.7201567001348503,43.42530566948875],[-2.7202456293218162,43.425307327778171],[-2.720252392488876,43.425305080613491],[-2.7202714434443953,43.425298748489567],[-2.7202768598993186,43.42529437658964],[-2.7202892366402249,43.425284387653129],[-2.7203012420750108,43.425265690540101],[-2.7203091930195109,43.425242663192329],[-2.7203404219200853,43.425182028214195],[-2.7203611048697414,43.425141867785989],[-2.7203761296807683,43.42512825653673],[-2.7203769621188618,43.425127502201491],[-2.7204245676042222,43.425098808975939],[-2.7204623101287009,43.425085813326582],[-2.7205037486872987,43.425071544469709],[-2.7205227779189984,43.425061587974312],[-2.7205254999181712,43.425060163825322],[-2.7205409291077474,43.425046185261955],[-2.7205413571071078,43.42504579821766],[-2.7205336129283788,43.42502417230331],[-2.7205285579452219,43.425021681034949],[-2.7205099293298356,43.425012500531075],[-2.7204566345717232,43.424993734732872],[-2.7204491244278626,43.424989718414921],[-2.7204349877632894,43.424982157968046],[-2.7204293960463461,43.424977374660457],[-2.7204113435599324,43.424961933880041],[-2.7204112195003178,43.42496124113736],[-2.7204105161807868,43.42495729458448],[-2.7204074715994322,43.424940227379707],[-2.720407627818946,43.424939837870554],[-2.7204133429941533,43.424925578948141],[-2.7204155100924767,43.424920170793143],[-2.7204262958242507,43.424914142594481],[-2.7204669875549201,43.424891396970949],[-2.7205172222628891,43.424867967809256],[-2.7205620379062352,43.424847065528759],[-2.7205839184989191,43.424829833220699],[-2.7205948440756402,43.424818641316669],[-2.7206077668335644,43.42480540398607],[-2.7206272536308016,43.424767117104366],[-2.7206436461585222,43.424734909643867],[-2.7206774305913881,43.424698979917231],[-2.7207094505532776,43.424693742817361],[-2.7207387035866617,43.424688957276359],[-2.7207517422188126,43.424681406499303],[-2.7207585191851087,43.424677481815877],[-2.720774478756578,43.424663116424867],[-2.7207975503208224,43.424652837490164],[-2.7208002032352989,43.424651655384608],[-2.720907421850987,43.424634997811395],[-2.7209188699056317,43.42463321946471],[-2.72093855201308,43.424628470844581],[-2.7210019901155609,43.42461316595417],[-2.721085162763992,43.424581678706481],[-2.7211023205301821,43.42457189853797],[-2.7211227507978557,43.424560253429313],[-2.7211437894772645,43.424543902293024],[-2.7211486173739803,43.424540150220587],[-2.7211883301087449,43.424499914479384],[-2.7212419960254532,43.424438015701369],[-2.7212602458012194,43.424414777472272],[-2.7212837035527402,43.424384910277581],[-2.7213076649991694,43.424335993666446],[-2.7213439210699906,43.424183393264684],[-2.7213467537609302,43.424157553896016],[-2.7213500867672211,43.424127139702811],[-2.7213503192395296,43.424076724552478],[-2.7213461733460611,43.424070238475373],[-2.7213346421222346,43.424052198846361],[-2.7212933850490462,43.424007443611288],[-2.7212502044824265,43.423938196166525],[-2.721185288144448,43.423854491350482],[-2.7211598219187487,43.42380977456417],[-2.7211500541714759,43.423785173196244],[-2.7211362783406772,43.423767943873088],[-2.7211127038506344,43.42375492182704],[-2.7210179189328674,43.423720119982555],[-2.7209666879292231,43.423695506582931],[-2.7209370835487459,43.423686791906654],[-2.7208639861693107,43.423676440318339],[-2.7207433702909261,43.423676145843331],[-2.7206188438304721,43.42368457326878],[-2.7205931781126456,43.423683070757441],[-2.7205378465421082,43.423664209072001],[-2.7204844924877656,43.423658317650599],[-2.7203560465162719,43.423655122215479],[-2.7199252251187449,43.42365550770409],[-2.7198836688084365,43.423653965214157],[-2.719859972166685,43.42364526472975],[-2.7198561058926813,43.423622117513304],[-2.7198601734945091,43.423601871145245],[-2.7199020016409716,43.423544444393919],[-2.7199099458660632,43.423522857756929],[-2.7199060096023544,43.423510333779539],[-2.7199051999485802,43.423507757434123],[-2.7199022158030686,43.42349826037168],[-2.7198885562616186,43.423475727581639],[-2.7198786595112936,43.423459400845644],[-2.7198689664974571,43.423427825630228],[-2.7198689238988836,43.423427686857877],[-2.7198691380894067,43.423381501934387],[-2.7198691807022781,43.423381369673848],[-2.7198751315496046,43.423362881077281],[-2.7199009100051899,43.423339897418124],[-2.7199261328825557,43.423321658619898],[-2.7199525283249404,43.423302571770208],[-2.7199882680965297,43.4232623267077],[-2.7199906245214573,43.42325818594405],[-2.7200022360058838,43.423237783355169],[-2.720003042281022,43.423234391564982],[-2.720022390635223,43.423152934565628],[-2.7200326726501443,43.423066352563687],[-2.7200506892677407,43.423003106429881],[-2.7200587164073373,43.422985751158635],[-2.7200726502127548,43.422968589533241],[-2.7200943949612348,43.42295846956889],[-2.720124059819137,43.422954220954189],[-2.7201242645827901,43.422954019756396],[-2.7201367614768199,43.422941716991204],[-2.7201400240716263,43.422938504996317],[-2.7201479934412522,43.422911155575548],[-2.720151651231602,43.422852184699003],[-2.7201522864861998,43.422841933824998],[-2.7201803484237366,43.422765658547213],[-2.7201804964713601,43.422763555477758],[-2.7201824231302454,43.422735504230843],[-2.720187131109812,43.422725851310148],[-2.720194352091589,43.422711045007226],[-2.7202459232629645,43.42268380315344],[-2.7202588744580698,43.422673697662916],[-2.7202716880269988,43.422663699887252],[-2.7202895192163443,43.422642259864396],[-2.7202895416185497,43.422642223901548],[-2.720289613671206,43.422642136734943],[-2.7202909920860883,43.422638704020983],[-2.720311564653648,43.42258745257341],[-2.7203277539145985,43.422527118451939],[-2.7203316742730275,43.422512508468067],[-2.7203398255997118,43.422467873697485],[-2.7203401848748561,43.422390089918991],[-2.7203381933796238,43.42237964262624],[-2.7203344154432858,43.422359825470316],[-2.7203265707875297,43.422338110142455],[-2.7203076284854144,43.422251272038153],[-2.7203033263407437,43.42223154904552],[-2.7202791516792391,43.422180814856127],[-2.7202779929923495,43.422178382630129],[-2.7202779012286435,43.42217818971114],[-2.7202582100493493,43.422145629294135],[-2.7202543456223705,43.42213923931066],[-2.7202485563517862,43.422113297828702],[-2.7202486492098861,43.422093130861747],[-2.7202544061858749,43.422071084121534],[-2.7202546639709007,43.422070098768415],[-2.7202925596762175,43.422003839710186],[-2.7202926471180242,43.421985114336849],[-2.720280695392522,43.421992286836968],[-2.7202489211245662,43.421994100040628],[-2.7201838934691098,43.421997811946007],[-2.7194860804229815,43.421998981992488],[-2.7194584929714027,43.421994593098653],[-2.7194526853405976,43.421972971850465],[-2.7194444970324345,43.421607075243088],[-2.7194260753142774,43.421317407426081],[-2.7194031475539604,43.421142965290912],[-2.7193881733872032,43.420967102856004],[-2.7193688491568961,43.420850468014528],[-2.719341576192853,43.420778378333829],[-2.7193377032223824,43.420756761823277],[-2.7193279084347211,43.420738011292485],[-2.7193002614326507,43.420724979771471],[-2.7192074460913598,43.420706025421048],[-2.7191324909216661,43.420679913126783],[-2.7189588242491638,43.420631950331398],[-2.7188916601993531,43.420617380882369],[-2.7188323804888999,43.420615794442327],[-2.7186761596134081,43.420628373906013],[-2.7186540956840948,43.420628319626196],[-2.7186504885695117,43.420628310751873],[-2.7185337981491693,43.420639547462009],[-2.7183617072499491,43.420669373219305],[-2.7182034635545538,43.420700673547039],[-2.7181342156334596,43.420717787772681],[-2.7180906855398677,43.420724883108555],[-2.7179661505852346,43.420736099000599],[-2.7179384157143129,43.420741792524844],[-2.7179106624254019,43.420751718074172],[-2.7178868263340417,43.420773355423947],[-2.7178115827517244,43.420809181154311],[-2.7177263987815636,43.420857946862412],[-2.7176609605560293,43.420888034767501],[-2.7175680459072029,43.42091229285154],[-2.7174750499814762,43.420932229438293],[-2.7173760831299569,43.420943508751364],[-2.7172376934887312,43.420954689608365],[-2.7170577848534014,43.42097873214307],[-2.7169825600072208,43.420988629147729],[-2.7169113819586976,43.421004388092655],[-2.7168143658914805,43.421034397338524],[-2.7166322359528929,43.421097326489907],[-2.7165431920795533,43.421121593331428],[-2.7164501875424145,43.421142969769541],[-2.7164106297554684,43.421150073413962],[-2.7161792562006695,43.421178308150111],[-2.7158429603777083,43.421227888758914],[-2.7156273821302195,43.421254630873776],[-2.71527918013701,43.421322995849394],[-2.7150753922172099,43.421377225251504],[-2.7149487372282382,43.421405719256221],[-2.7147429239727576,43.421457061602588],[-2.714440315065962,43.42151257407901],[-2.714171154058616,43.421582483682698],[-2.7137082249336886,43.42167639523884],[-2.7136230697251511,43.421696348318413],[-2.7135419682217212,43.421720632708926],[-2.7133103397048948,43.421802158147003],[-2.7132568996292075,43.421814988723845],[-2.7130373181261236,43.421847477841297],[-2.7128711361525037,43.421875959492546],[-2.7127012922884512,43.421898202446393],[-2.7124691402659757,43.421357753697094],[-2.7125077868485636,43.421348847341669],[-2.7127819427637769,43.420683209225416],[-2.7129419529045227,43.420643092001271],[-2.7127947784123214,43.420255532419674],[-2.7123871742547245,43.419187484126631],[-2.7125010513122918,43.419187770471524],[-2.7126519868701355,43.419188149825601],[-2.7133279095376466,43.418374947774382],[-2.7139588983408576,43.418327004354389],[-2.7138657976485678,43.417687458259408],[-2.7138728281648516,43.417588427182011],[-2.7138798574221252,43.417489396099334],[-2.7138800270103478,43.417453378825115],[-2.7138806680244225,43.417399353880704],[-2.713893873470659,43.417300338246143],[-2.7138995768953227,43.417237321540313],[-2.7143045021609442,43.417238334754884],[-2.7147925701653133,43.417208038433188],[-2.7153438525137532,43.417114865518286],[-2.715784566420778,43.417057433804764],[-2.7159808700090964,43.417012900280774],[-2.7159608196518774,43.417008347369332],[-2.7159053180703254,43.416990201553475],[-2.7158436836738935,43.416963035146217],[-2.7157971019452503,43.416935905214736],[-2.7157512513936193,43.416917782407594],[-2.7156996534396995,43.416890640868331],[-2.7156465523856363,43.416854491142566],[-2.7155937958813139,43.416827346674538],[-2.7155048820954981,43.416773098960761],[-2.7154544405536902,43.416745960187079],[-2.7154082048551169,43.416727836283556],[-2.7151827437349119,43.416569696628493],[-2.7148314158019904,43.416435896849357],[-2.7147781559612878,43.416415613021449],[-2.7147069571474618,43.416409189052764],[-2.714675519981979,43.41640635256605],[-2.7146137598694748,43.416406198458908],[-2.7144649556211973,43.416446346935892],[-2.7142438423411486,43.416513326937029],[-2.7136880648693467,43.416741548793766],[-2.7136733528077341,43.41675051638515],[-2.713631193406826,43.41676841967233],[-2.7135121110879257,43.416808641329808],[-2.7134417509444306,43.416830976108876],[-2.7133736855811423,43.416857818808943],[-2.7133207176998266,43.416875694890706],[-2.7133045052226992,43.416875654247583],[-2.7132836181290103,43.416884605407354],[-2.7132514935810463,43.416902534613008],[-2.713214351488936,43.416920449425973],[-2.7131833855587746,43.416938380617466],[-2.7131536195322519,43.416947310384799],[-2.7131299884146802,43.416965259959369],[-2.7131113748220019,43.416983222116386],[-2.7130927187052962,43.417010188588961],[-2.7130717027463027,43.417046153562794],[-2.7130441689202525,43.4170730977525],[-2.7130108017352121,43.417109031721708],[-2.7129785919322078,43.41714496858576],[-2.7129460392303799,43.417171900154756],[-2.7129150305532805,43.417198835590447],[-2.7128948940468574,43.417212290775417],[-2.7128829057390256,43.417216762889922],[-2.7128434047100267,43.417243676984221],[-2.7128063048365805,43.417252589145498],[-2.7127641873991388,43.417261486891277],[-2.7127158499191282,43.417279374321538],[-2.7126602213395827,43.417288238986984],[-2.7126072954596587,43.417297110417458],[-2.7125439465669543,43.417305955624322],[-2.71248831793842,43.417314820205959],[-2.7124377507062425,43.417314693063005],[-2.7123933584650226,43.41731458142759],[-2.7123513261673167,43.417305471286156],[-2.7123092512527478,43.4173053654469],[-2.7122637015943036,43.417305250849459],[-2.7122216254449691,43.417305144974854],[-2.7121525734399849,43.417295965863083],[-2.7120845923150876,43.417304799155815],[-2.7120228300682094,43.417304643643767],[-2.7119684027061779,43.417304506572684],[-2.7119201503338664,43.417304385031159],[-2.7118807342092124,43.417313290156699],[-2.7118324830655416,43.417313168581288],[-2.7117745382478602,43.417322026078743],[-2.711716250730043,43.417321879158621],[-2.7116567618220953,43.417330734504823],[-2.711607694672622,43.417339614301376],[-2.7115632609115354,43.417348506663764],[-2.7115446467391049,43.417366468562932],[-2.7115233738176743,43.41737541932752],[-2.7115075038581722,43.417384383718286],[-2.7114861441864688,43.417411343106352],[-2.7114652138830757,43.417429299149028],[-2.7114415393220943,43.417456252687906],[-2.7114251971751555,43.417483224724684],[-2.7114166620796576,43.417492207611289],[-2.7114116017366774,43.417501199265971],[-2.7114041385370293,43.417528193705451],[-2.7113955606667859,43.417546180906889],[-2.7113927724088445,43.417564182718955],[-2.7113926441115415,43.417591195668223],[-2.7113813207320856,43.417618180363824],[-2.7113714998735028,43.417654173274578],[-2.7113477811750699,43.417690131105715],[-2.7113267651872568,43.417726094853684],[-2.7112968701590741,43.41776203798333],[-2.7112646590011127,43.417797973456246],[-2.7112274729830728,43.417824892834275],[-2.7111902441359037,43.417860816515756],[-2.7111453376921051,43.417887716368789],[-2.7111008166088353,43.417914617177573],[-2.7110427854719146,43.417941483833026],[-2.7109843676479204,43.417968349481647],[-2.7109337142098489,43.417986230302986],[-2.7108830595068012,43.418004111098639],[-2.7108335634516201,43.418021993901078],[-2.7107829527772496,43.41803087124044],[-2.7107358585066543,43.418030752127926],[-2.7107038195796975,43.418030671082832],[-2.7106690779092859,43.418030582290349],[-2.7106297040114815,43.41803048266658],[-2.7105814523036456,43.418030360561737],[-2.7105347434352556,43.41803024234175],[-2.7104814299671367,43.418039111805847],[-2.7104281593929742,43.418038976930113],[-2.7103726168601532,43.418029831851982],[-2.7103259521528122,43.41802070923498],[-2.7102777421504052,43.418011582684024],[-2.7102333935819947,43.418002465897025],[-2.7101851848477194,43.417993338409779],[-2.7101320002171718,43.41797519566704],[-2.710066849683006,43.417957020762202],[-2.710006288427953,43.417947862782043],[-2.7099558496177152,43.417920721595948],[-2.7099065253016277,43.417902587638416],[-2.7098606757915515,43.417884462475513],[-2.7098264068349365,43.417866366679192],[-2.7097864330282149,43.417830247547521],[-2.7097340649460193,43.417803101367106],[-2.7096798522480063,43.417757941631777],[-2.7096205790044223,43.417721773444875],[-2.7095651647599617,43.417685615027722],[-2.7095097518167295,43.417649456586808],[-2.7094604709067167,43.417622318122206],[-2.7094162088637717,43.417595192389207],[-2.7093680436383591,43.417577061143724],[-2.7093152880933125,43.417549913785749],[-2.7092548147636153,43.41752274588152],[-2.7091758115209865,43.417495531724072],[-2.7091203115432991,43.417477381720857],[-2.7090721033905796,43.417468254665664],[-2.7090277985176643,43.417450133097169],[-2.7089834074261114,43.417450020140954],[-2.7089514107023906,43.417440934287924],[-2.7089193720914766,43.417440852743809],[-2.7088796119494716,43.417440751534471],[-2.7088329479214366,43.417431628309231],[-2.7087797210403348,43.417422488352521],[-2.7087242224838377,43.41740433816053],[-2.70867601321847,43.417395210035004],[-2.7086266477685901,43.417386080744194],[-2.708589676748125,43.417367976790878],[-2.7085553220907563,43.417367889242968],[-2.708525684746411,43.417349805759464],[-2.7084859691010688,43.417340699201681],[-2.7084466388598463,43.417331594513101],[-2.708402334274179,43.417313472702666],[-2.7083626186669489,43.417304367002529],[-2.7083194715500944,43.417286248111672],[-2.708286318824392,43.417277159123906],[-2.7082543655271638,43.417259068761709],[-2.7082258437536404,43.417249991570458],[-2.7082012265971369,43.417231919910435],[-2.7081299877218181,43.417195720415897],[-2.7080510719321103,43.417150496853637],[-2.7079721562599852,43.417105273236878],[-2.7078882664468029,43.417051032434848],[-2.707808193606827,43.417005805748438],[-2.7077320243105207,43.416951584556855],[-2.7076138226250932,43.416888251430748],[-2.7075002545559932,43.41682492913305],[-2.7073847126912889,43.41677060699741],[-2.7073265545909875,43.41674344489477],[-2.7071320564300532,43.416652902704804],[-2.7065922076352056,43.416295844083471],[-2.7061081689012587,43.415893903299065],[-2.7057884358110509,43.415600438193998],[-2.7056604207753243,43.415492055651413],[-2.7047195708556844,43.41465221750596],[-2.7045836745028273,43.414498791246878],[-2.704440359906032,43.414520932015655],[-2.7043304842940601,43.414493634705309],[-2.7041472336536532,43.414394112056897],[-2.7038656350773738,43.414357365487405],[-2.7036570221345566,43.414392841909333],[-2.7034597251913048,43.414482374767815],[-2.7033000237956357,43.414540489329625],[-2.7032014622316551,43.414567245960065],[-2.7031033311804862,43.414585000094803],[-2.7029812362019574,43.414530656478149],[-2.7029089230534793,43.414399904422403],[-2.7028150614017998,43.413940435548476],[-2.7027191824610513,43.41365654680687],[-2.7027080884920616,43.413557469235002],[-2.7027331013812117,43.413494503243875],[-2.7027822094992158,43.413476622924641],[-2.7029292708477,43.413477005038338],[-2.7030642339286155,43.413504368841544],[-2.7031617127623426,43.413540639625772],[-2.7033824098191461,43.413559221126476],[-2.7035543064919234,43.413532654459097],[-2.7035551335477579,43.413442611398189],[-2.7034936061499746,43.413316390761523],[-2.7032797566871802,43.413081720900536],[-2.7032594099126355,43.413059156128462],[-2.702703163543227,43.41243640655189],[-2.7026505941252217,43.412373238852624],[-2.7026244794933629,43.412346157652024],[-2.7026060857609107,43.412319096523845],[-2.7025830590270967,43.412292023343589],[-2.7025596457144818,43.412264949153148],[-2.7025424093623513,43.412237891024596],[-2.702525128954016,43.412219837211119],[-2.7025017169300414,43.412192763011817],[-2.7024771463660997,43.412165685793504],[-2.7024541650646441,43.412129608272309],[-2.7024245774161884,43.412102517988707],[-2.7023961912083925,43.412066426391277],[-2.7023693489550644,43.412030338804833],[-2.7023436224281094,43.41200325854863],[-2.7023225252121388,43.411976190336638],[-2.7022929376968565,43.411949100018631],[-2.7022699565861505,43.411913022459586],[-2.7022403691249708,43.411885932127831],[-2.7022108686900217,43.411840833149014],[-2.7021640452337148,43.41178668461496],[-2.7021237841094967,43.411732553154501],[-2.7020858818252127,43.411669423391039],[-2.7020502072025385,43.4116243082849],[-2.7020207082700076,43.411579209258939],[-2.7019923666946828,43.411534113240961],[-2.7019593505211033,43.411498009466506],[-2.7019187019358331,43.411443877821853],[-2.7018772827100843,43.411389743252883],[-2.7018327757516993,43.411335600617917],[-2.70178981277417,43.411281461991294],[-2.7017483925382337,43.411227327371535],[-2.7017138327806052,43.411191218598219],[-2.7016842901121483,43.411155123802168],[-2.701652475826998,43.411110019538384],[-2.7016195030536383,43.411064911342308],[-2.7015811279315196,43.411019789039301],[-2.701538209616134,43.41095664599753],[-2.7014795101051678,43.410884457311148],[-2.7014354334552975,43.410821311205702],[-2.7013886557096281,43.410758158029687],[-2.7013507105491494,43.410704032335019],[-2.7013211683320599,43.410667937443414],[-2.7012981870443622,43.410631859680869],[-2.7012805221070111,43.410613804670156],[-2.7012884590841471,43.410726380836635],[-2.7012958675274303,43.41078943122983],[-2.7013086587181352,43.410856996997701],[-2.7013160671931291,43.410920048288695],[-2.7013234978113716,43.410978596518774],[-2.7013313150394684,43.411037144857012],[-2.7013360666069626,43.411091183871271],[-2.7013435427445143,43.411140727783149],[-2.7013514263732046,43.411185770541287],[-2.7013615803865014,43.41123982366129],[-2.7013794342778721,43.411298399103181],[-2.7013995794700452,43.411361482741249],[-2.7014304669273299,43.411438101071674],[-2.7014640777965671,43.411510224285507],[-2.7014858567388482,43.411555303304233],[-2.7008058068434369,43.411702097496772],[-2.7005685501490109,43.41175550312731],[-2.7003371123727957,43.411412729350332],[-2.7002417386641682,43.411029790959894],[-2.7001572243965595,43.410480299792681],[-2.6996906621218506,43.410542105700237],[-2.6994519665928016,43.410593465743332],[-2.6994426018062683,43.41059548063604],[-2.6993537406356425,43.410613255929654],[-2.6991159391006549,43.410621634951688],[-2.6988930943588061,43.41057152313445],[-2.6988277917694523,43.410541445647347],[-2.6987259636288967,43.410494545266459],[-2.6986067159071663,43.41041319113998],[-2.6985205291129226,43.41035893735431],[-2.6984582030808055,43.41031825307379],[-2.6984111818557683,43.41030462242729],[-2.6983517426130175,43.410304465659934],[-2.6983091519319449,43.410331366616198],[-2.6982595914128988,43.410362751384291],[-2.6981804627183519,43.410412913385301],[-2.6981535004055215,43.410430004676421],[-2.6981517577337648,43.410426754878358],[-2.6980640134172362,43.41026318639662],[-2.69804834380253,43.409844439669804],[-2.6980218092844201,43.409592245395004],[-2.6980203011923765,43.409430161556735],[-2.6981211001408196,43.409340384215177],[-2.6982078687943987,43.409277582168997],[-2.6982636261993478,43.409241711549072],[-2.6982892337980822,43.409214765800215],[-2.6982790774164944,43.409084174667868],[-2.6980028421673183,43.409060934442252],[-2.6980019035023375,43.408939372060601],[-2.6979446694969238,43.408961731998836],[-2.6973680469030885,43.408960207539813],[-2.6971653244916687,43.408901142054496],[-2.6971129024526479,43.408887495668949],[-2.6970701407506144,43.408639761272553],[-2.6970439404512065,43.408630687429863],[-2.6970511279838423,43.408428106616519],[-2.6970981910860194,43.408432733498991],[-2.69710208154335,43.408432742002489],[-2.6971923646469249,43.408432981092218],[-2.6972008865815251,43.408433003656498],[-2.6972773369807177,43.40843320605272],[-2.6973575530788705,43.408433420164251],[-2.6973296435884127,43.408302782847969],[-2.6973362921180506,43.408208253840826],[-2.6973388992707026,43.408149731890461],[-2.6973417094014058,43.408050690502556],[-2.6973079483836639,43.408010082074455],[-2.6972733245905203,43.407987478429035],[-2.6972040558810302,43.407946775070855],[-2.6971384436850285,43.40794660132913],[-2.6969955733461854,43.407959729535136],[-2.6968837376738022,43.407941424288985],[-2.6967867704357653,43.407882638380997],[-2.6967038998757138,43.407783369801031],[-2.6966742685525587,43.407688744600705],[-2.6966561934046109,43.407598653164762],[-2.6965770481192326,43.407526407687982],[-2.6965209476945073,43.407476734410885],[-2.6965116110024971,43.407337140818584],[-2.6965050922129556,43.407251581340255],[-2.6964622043008708,43.407183934215013],[-2.6963376302803428,43.407089056880878],[-2.6962993065683096,43.407034928472335],[-2.6962973520016034,43.406962887759128],[-2.6963539252660875,43.406918016682091],[-2.6964186970002517,43.406931695303193],[-2.6965020829300177,43.406927414407647],[-2.6965570223313713,43.406900546874319],[-2.6966491474223759,43.40684676463647],[-2.6966747559549478,43.406819819240219],[-2.6967553473398298,43.406757001883278],[-2.6968801160091513,43.406658284708449],[-2.6969693785468247,43.406559472417698],[-2.6969912832185043,43.406501001590776],[-2.6969859485495808,43.406487480794311],[-2.6969707127409919,43.406446920438768],[-2.6969022627688872,43.40639721461563],[-2.6967953307938579,43.406324895627186],[-2.6967823659008912,43.406293345707738],[-2.6968058381175104,43.406230376849059],[-2.6967964560359605,43.406099787570824],[-2.6966823237660367,43.405923899200943],[-2.6966234068144965,43.405820191837456],[-2.6966470362728705,43.405725707875142],[-2.6967320553666942,43.405703422257808],[-2.697072654985929,43.405663804975127],[-2.697128410961628,43.405627935781816],[-2.6971033203105801,43.405551331567672],[-2.6970126002263024,43.405479055709634],[-2.6969688949928994,43.405420411031109],[-2.6969792447943712,43.405357407354934],[-2.6970421032370382,43.405290041470117],[-2.6971697316459688,43.405236352844049],[-2.697238652630888,43.405191513110829],[-2.6972750440025504,43.405169098339712],[-2.6973910714583935,43.405119880977679],[-2.6974876662795624,43.405097625425505],[-2.6975764539608313,43.405093358033099],[-2.6977130292954454,43.405102723561939],[-2.697807197694118,43.405102972434605],[-2.6978860405204812,43.405080669635943],[-2.6979149161619715,43.40506852238245],[-2.6979285829548929,43.405062773127447],[-2.6979756435219073,43.405067399644004],[-2.698116761901328,43.405094785575507],[-2.6982162204136628,43.405117559184177],[-2.6983618796615998,43.405162966582743],[-2.6985340060911924,43.405163420451274],[-2.6986334661089915,43.405186193700864],[-2.6987524015182189,43.405173000393852],[-2.6988621859093733,43.405137271758527],[-2.6988633132914215,43.40513730894402],[-2.6990095900585973,43.405142162031289],[-2.6991180886366188,43.405209980864491],[-2.6991943915009649,43.405232692697943],[-2.6992893765276977,43.405223938054888],[-2.6993620439851878,43.405201618000838],[-2.6995012037572703,43.405156961528128],[-2.6996465160567342,43.405116824166697],[-2.6999504174522051,43.405005066370371],[-2.7001895472937076,43.404879631311232],[-2.7005640203638235,43.4047005244377],[-2.7005265315400924,43.404632892942061],[-2.7004605959251804,43.404542675817275],[-2.7003637859435123,43.404452377764095],[-2.7002114699547439,43.404348428370639],[-2.7003459516015123,43.404312762143434],[-2.7003066975955066,43.404290148170212],[-2.7002597484341884,43.404263011792381],[-2.7002066231895556,43.404235859205038],[-2.7001411494524299,43.404208674215539],[-2.7000748582519374,43.404190492389979],[-2.7000070690418556,43.404163301250968],[-2.6999415942375848,43.404136116144137],[-2.6998822499231951,43.404117950632632],[-2.6998306254702569,43.404099806253612],[-2.6997998400098933,43.404081717456037],[-2.6997713256871334,43.404072637256689],[-2.6997359103394811,43.404054536287084],[-2.6996974063520001,43.404036425395155],[-2.6996634902817584,43.404027332785169],[-2.6996210813129142,43.404018216957795],[-2.6995956557152598,43.40400914482727],[-2.6995655977318638,43.404000062322538],[-2.6995401709107139,43.40399099107686],[-2.6995101574544766,43.403972903328835],[-2.6994793288835073,43.403963817876182],[-2.699450814664262,43.403954737597019],[-2.6994385539690788,43.403936697384424],[-2.6994238886778548,43.403936658840699],[-2.6994154427698942,43.403927631296312],[-2.6994046825189106,43.403918599469044],[-2.699386202469737,43.403909546448162],[-2.6993708098584066,43.403900500639963],[-2.6993623639544375,43.403891474892504],[-2.6993392527794007,43.403882409689459],[-2.6992259024431395,43.403859600518096],[-2.6991542311893344,43.403836900885004],[-2.6991481008989413,43.40382788031274],[-2.699127305352417,43.403818820258024],[-2.6991119140287516,43.403809776219134],[-2.6990972933348427,43.403800733305374],[-2.6990842163608764,43.403791693551234],[-2.6990626489719212,43.403782633254671],[-2.699044124441119,43.403782584506793],[-2.6990333630405257,43.403773551740905],[-2.6990164268058421,43.403764501822479],[-2.6989948606716498,43.403755441516395],[-2.6989779244433012,43.403746392492678],[-2.6989610328063285,43.40372833913824],[-2.6989309750617294,43.403719255566514],[-2.6989102241741989,43.403701192044544],[-2.6988871143742323,43.403692126753469],[-2.6988632314964978,43.403683058521608],[-2.6988363058054667,43.403664979626953],[-2.6988039325539472,43.403655889023533],[-2.6987700602102902,43.403637791817523],[-2.6987338735661717,43.403619687604362],[-2.6987045877627138,43.403610606006524],[-2.6986722591844288,43.403592511938122],[-2.6986452889620081,43.403583436426281],[-2.6986121451649039,43.403574343738036],[-2.6985775457142505,43.403547240112658],[-2.6985243784332611,43.403529091075988],[-2.6984712099491621,43.403510942011387],[-2.6984157706084422,43.403483782487584],[-2.69836646268844,43.403465643554817],[-2.6983109787538444,43.40344748830843],[-2.698222425805,43.403870462716071],[-2.6979174007144633,43.403743595173559],[-2.697648338068432,43.403679853018559],[-2.6972680910015949,43.403599415265653],[-2.6971957343628321,43.403584108841848],[-2.6970361864261476,43.403538664054707],[-2.6968776811870252,43.403439194232469],[-2.6967820454432903,43.403374130304094],[-2.6967315248175399,43.403339758737644],[-2.69651181982751,43.403285149228871],[-2.6962818716374772,43.403117956515182],[-2.6961881800196363,43.403023160965674],[-2.696471620781713,43.402834820216427],[-2.6966596504055325,43.402740773318946],[-2.6968020298156627,43.402669115308832],[-2.6968104739302277,43.402678142142811],[-2.6968697934721435,43.402700810509643],[-2.6968383500140534,43.402660207148443],[-2.6967746938534449,43.402578998359687],[-2.6967095366324916,43.402488781106101],[-2.6966505106145311,43.402407584525015],[-2.6965746853250803,43.402290326451322],[-2.6964925945190554,43.402191059692456],[-2.6964159068171027,43.402091807216159],[-2.696331547247552,43.401983529867543],[-2.6962410570762811,43.401866232623355],[-2.6961329514266361,43.401721873354546],[-2.6960040969862704,43.401559451730982],[-2.6958898178360244,43.401415076714919],[-2.6957870715246197,43.401279736709363],[-2.6956896821198,43.40115341531245],[-2.6956061420341126,43.401036136043132],[-2.6955180164530663,43.400909839151687],[-2.6954773806474321,43.400855704254845],[-2.6954421488703146,43.400801583734641],[-2.6953977004651763,43.400738434205003],[-2.6953648745023151,43.400666311167257],[-2.695334317707601,43.400603198614739],[-2.6953099367185467,43.400540103407877],[-2.6953016723805958,43.400495059136865],[-2.6952995386691718,43.40045903564971],[-2.6952974037252471,43.400423012159038],[-2.6952999447794705,43.400377996675914],[-2.6953024870646396,43.400332981195632],[-2.6953088871650612,43.400287975993237],[-2.6953153787322508,43.400224962131958],[-2.6953265011409466,43.400161960606709],[-2.6953514697277545,43.400108000416282],[-2.6953740777346531,43.400063038383287],[-2.69540127267503,43.400027093914332],[-2.6954315986841988,43.399982152425544],[-2.6954696427121849,43.399937231480543],[-2.6955108189983656,43.399883314410651],[-2.6955597144963881,43.399829417874692],[-2.6956001188249967,43.399775498716593],[-2.69564973965517,43.399730608523441],[-2.6956970900657677,43.399676707815324],[-2.6957483006346865,43.399622818257164],[-2.6957956058295687,43.399577920938448],[-2.6958483135544351,43.399533039769032],[-2.6959017942415349,43.399488159729863],[-2.6959281705522105,43.399461216506729],[-2.6956029015039293,43.399374808910039],[-2.6952852836803314,43.399301927452456],[-2.695126565350106,43.399247477729119],[-2.6950457762125875,43.399197737840254],[-2.6950497706727479,43.399170735133893],[-2.6950546272408689,43.399125725820738],[-2.695054854263617,43.399080704162529],[-2.6950550348890272,43.399044687733507],[-2.695058303936257,43.399008677738522],[-2.6950608450979514,43.398963663150333],[-2.6950664508561206,43.398923158059169],[-2.6950721255735095,43.398869146471718],[-2.6950824084566989,43.398819649396557],[-2.6950903972893183,43.398765643977157],[-2.695101450695645,43.398716148953739],[-2.6951093955833163,43.398671147868242],[-2.6951173617979558,43.398621644611978],[-2.6951332277004321,43.398536145499982],[-2.6951413756872724,43.398450624910566],[-2.6951502954369215,43.398365106376524],[-2.6951608264422982,43.398266085454331],[-2.6951721731002065,43.398158062249358],[-2.6951905359272663,43.39803655196031],[-2.6951961415101358,43.397996046855695],[-2.6953593708959005,43.397919943919945],[-2.6955927179124357,43.397866538544896],[-2.6957270977641419,43.397848887243974],[-2.6959971294640397,43.397867614277942],[-2.6962414676807183,43.397931294706169],[-2.6964732319390854,43.398039963512822],[-2.6967299411018493,43.398099173501315],[-2.6969381418091269,43.398135743240189],[-2.6970479673012311,43.398244087675998],[-2.6970834761768394,43.398397257453638],[-2.6971307426991182,43.398514439639499],[-2.697323246497962,43.398758069534765],[-2.6973340739893481,43.398753595963981],[-2.6974360400753494,43.398735856869209],[-2.6975148971634462,43.398709052109972],[-2.69758749029371,43.398700239639396],[-2.6976554974306466,43.398682410545206],[-2.697717285442192,43.398673569425853],[-2.6977705837416366,43.398664705837454],[-2.6978323717187891,43.398655864655773],[-2.6978810380103115,43.398646988777145],[-2.6979304325816504,43.398647119254981],[-2.697986817983185,43.398638264620196],[-2.6980424763018256,43.39862040178334],[-2.6980957745035945,43.398611538943449],[-2.6981467573300044,43.398602668166554],[-2.6981784453946958,43.398593748247514],[-2.6982109052440091,43.398584829455878],[-2.6982403226116727,43.398566898173428],[-2.6982766413830168,43.398557989545225],[-2.6983138212809199,43.398531074269592],[-2.6983579025739655,43.398513181638805],[-2.698376514827733,43.398495221821108],[-2.6983943106203663,43.398486264300963],[-2.6984028449510666,43.398477282354115],[-2.6984075203395212,43.398468290230063],[-2.6984137839613989,43.398450297840263],[-2.6984200029213459,43.398441309786193],[-2.6984263124288077,43.398414313062666],[-2.6984349807123995,43.398378318104555],[-2.6984444207719616,43.398342325180614],[-2.698453816167242,43.39831533659202],[-2.6984593972779312,43.398279333491281],[-2.6984657514018413,43.398243332428223],[-2.6984721948183217,43.398189322691401],[-2.6984701027169788,43.398144294903616],[-2.6984641975882173,43.398090252607425],[-2.6984552041049708,43.398036202167276],[-2.6984431693947832,43.397973140152523],[-2.6984350382731193,43.397901083074096],[-2.6984208656680959,43.397801996698064],[-2.6984066496841788,43.397711914659212],[-2.6984059705815251,43.397708912583902],[-2.6983944946113811,43.397658204345511],[-2.698386259524054,43.397621816334016],[-2.698365008317698,43.39754972464339],[-2.6983460724829187,43.397477639955632],[-2.6983225060503342,43.397405542148469],[-2.6983096985949975,43.397342477173936],[-2.6981841018375849,43.397301625729767],[-2.6979275064264039,43.397219908158824],[-2.697694836608826,43.397138253258099],[-2.697634270886303,43.397057053039944],[-2.6974757802614744,43.396957584878045],[-2.6973915378875257,43.396826798285232],[-2.6972701378422252,43.396718423514791],[-2.6970509496926933,43.396564767330204],[-2.6970224853955065,43.396546683010911],[-2.6968678559125543,43.396447224227451],[-2.6967341555197244,43.396329812720651],[-2.6965754897906984,43.396266359763843],[-2.6964405217064793,43.396247993577852],[-2.6962814505219574,43.396265579251867],[-2.6959612389599767,43.39625122172108],[-2.695891239007481,43.396359089088357],[-2.6957763639726777,43.39648934818716],[-2.6956905180828059,43.396525137619207],[-2.6955304487829368,43.396587741875216],[-2.6954201316451867,43.396578444568213],[-2.6952397432381945,43.396537443047748],[-2.6952344549433116,43.396514918713649],[-2.6952245787441402,43.396483375894924],[-2.6952170428668119,43.396447338884677],[-2.6952041046715389,43.396411286575379],[-2.6951911878232142,43.396370732092798],[-2.6951782709919749,43.396330177608526],[-2.695160043367288,43.39627160005216],[-2.6951394541248601,43.396222020654172],[-2.6951188661506094,43.396172441255452],[-2.6950982782097226,43.396122861852682],[-2.6950799817647879,43.39607779078424],[-2.6950624583339016,43.396032722674114],[-2.695049541663634,43.395992167272958],[-2.6950366024237722,43.395956115839553],[-2.6950236870170388,43.395915561338725],[-2.6950107703925825,43.39587500683291],[-2.6949978550200138,43.395834452328685],[-2.6949856876021885,43.395798402046509],[-2.6949773350364867,43.395771366395614],[-2.6949643733074122,43.395739816221258],[-2.6949490737497626,43.395712762038464],[-2.6949361120476878,43.395681211860655],[-2.6949208589194726,43.395645154239944],[-2.6949025639827253,43.395600083143457],[-2.6948896249167231,43.395564030791036],[-2.694877412438125,43.395536984833804],[-2.6948721469564498,43.395509957410312],[-2.6948645424051545,43.39548742597475],[-2.6948592756985614,43.395460398547165],[-2.6948570508122085,43.395442383693876],[-2.6948548936991865,43.395410862333549],[-2.6948496734201921,43.395374830570475],[-2.6948467671563847,43.395338804981385],[-2.6948469265295767,43.39530728980133],[-2.6948471072588607,43.395271272448724],[-2.6948472653967088,43.395239757264996],[-2.6948504653378782,43.395217254656252],[-2.6948528947652801,43.395194749991418],[-2.6948561172922978,43.395167745213129],[-2.694858545480737,43.395145240544672],[-2.6948640832380222,43.395118241943351],[-2.6948642413617119,43.395086727659177],[-2.6948667159575757,43.395055218654967],[-2.6948691893159959,43.395023709647241],[-2.6948723904720366,43.395001207040252],[-2.6948748186474587,43.394978702370757],[-2.6948780185641565,43.394956199760124],[-2.6948781089185254,43.394938191082701],[-2.6948859618754049,43.394911198656231],[-2.6948938599999916,43.394875201890265],[-2.6949040745748043,43.394839211303271],[-2.6949150596438094,43.394803222770584],[-2.6949275881811481,43.394767238353921],[-2.6949462692771116,43.394735772576965],[-2.6949618621591722,43.394704298559731],[-2.694979770239089,43.394672831615559],[-2.6949984500440443,43.394641365826089],[-2.6950171298341119,43.394609899132888],[-2.6950381260500493,43.394578439513914],[-2.6950591661546364,43.394537976448504],[-2.6950779374053275,43.394488501969171],[-2.6950958679377082,43.394452531934981],[-2.6951091906021092,43.394412047383312],[-2.6951224906785849,43.394376064999655],[-2.6951380620422074,43.394349093129108],[-2.6951536321571887,43.394322121252976],[-2.6951645492829255,43.394299639202309],[-2.6951769873036611,43.394281663434448],[-2.6951901970513763,43.394263689722067],[-2.6952065400899925,43.394236719898331],[-2.6952220875830615,43.394214250182237],[-2.6952353198642736,43.394191774294235],[-2.6952539768279387,43.394164810629661],[-2.6952672542003038,43.394133331297816],[-2.695275106878674,43.394106338840004],[-2.6952907006623534,43.394074864776748],[-2.6953040005612037,43.394038881468894],[-2.6953204111492663,43.393998406017097],[-2.6953384316072477,43.393944427259576],[-2.6953571798927953,43.393899454898417],[-2.6953705248114614,43.393854468141093],[-2.6953815094235383,43.39381847955601],[-2.6953863201964063,43.393782474525523],[-2.6953918801416545,43.393750973720593],[-2.6953951035840773,43.393723968922629],[-2.6953975766062688,43.39369246079557],[-2.6954000734185319,43.393656448700106],[-2.6954033407101345,43.39362044045734],[-2.69540352109926,43.3935844230922],[-2.6954037027273201,43.393548404829701],[-2.6954007736631578,43.393516882313577],[-2.6953932142594996,43.393485346564006],[-2.6953856548635926,43.393453810813789],[-2.695372694644361,43.393422260677021],[-2.6953597795418998,43.393381706197083],[-2.6953445706065802,43.393336643373942],[-2.6953339469187112,43.393300597225526],[-2.6953210080782668,43.393264544908085],[-2.6953111122623432,43.393237505158211],[-2.6952981283364172,43.393210457179698],[-2.6952874382617917,43.393187917542377],[-2.69527440924118,43.393169873902849],[-2.6952560233049203,43.39314281152533],[-2.6952353447862998,43.393111240804238],[-2.6952123523613309,43.393079664813001],[-2.6951886095751005,43.393043583685468],[-2.6951625528964618,43.393007496385152],[-2.6951426687575291,43.392971425532821],[-2.6951212186380871,43.392939852733342],[-2.69510054149274,43.392908281990472],[-2.69508295000103,43.392876719470692],[-2.6950591847967464,43.392845140486585],[-2.6950331282794253,43.392809053156007],[-2.6950024866557243,43.392763949128643],[-2.6949633775565074,43.392714321177287],[-2.6949242471813739,43.392669193585931],[-2.6948874094141773,43.392628575229246],[-2.6948567215730606,43.39259247640156],[-2.6948275094313043,43.392569886396885],[-2.6948044722418345,43.39254731376392],[-2.6947860415102478,43.392529256551981],[-2.6947683825061959,43.392511200496273],[-2.6947422811103579,43.392484117440766],[-2.6947338374758663,43.392475090439788],[-2.6949916105068081,43.392471275977783],[-2.6953099640628002,43.39254415938607],[-2.695481147762278,43.392571628716482],[-2.695653193443964,43.392581092058911],[-2.6957265962784347,43.392563278449579],[-2.695776278661544,43.392504881611977],[-2.6958747826139033,43.392406094507635],[-2.6959744630469626,43.392226271172866],[-2.6961231721883832,43.3921186128401],[-2.6961842719955951,43.392091761780534],[-2.6964425601507713,43.391984394080666],[-2.6965500293814513,43.391944159198019],[-2.6965284678037862,43.391935097521198],[-2.6964884290170055,43.39191698234098],[-2.6964413999732559,43.391907853056708],[-2.6963990011703163,43.391898736045015],[-2.6963558319105787,43.391889616971966],[-2.6963095296519386,43.391889494027232],[-2.696254738646259,43.391889348518397],[-2.6961991771714162,43.391889200936653],[-2.6961374408279459,43.391889036921604],[-2.6960694858547485,43.391897860811113],[-2.6960015308620529,43.391906684660171],[-2.6959397494867514,43.391915524882783],[-2.6958864568455931,43.391924387645282],[-2.6958308040431613,43.391942248569769],[-2.695768977566841,43.391960093044126],[-2.69570097864603,43.391977921061581],[-2.6956360652732583,43.391995757250299],[-2.6955742386859107,43.392013601618878],[-2.6955186758663423,43.392013453702887],[-2.695453807490054,43.392022285443943],[-2.6953951127479523,43.392031132691166],[-2.6953333774997521,43.392030968244939],[-2.6952654673691328,43.392030787311953],[-2.6951976023599089,43.392021602895518],[-2.6951297373759138,43.392012417538403],[-2.6950588319705036,43.391994219570165],[-2.6949825234358267,43.391976007147505],[-2.6949000425412404,43.391957778207477],[-2.6948468413031725,43.391948631801299],[-2.6947998564344764,43.39193049749597],[-2.6947644496306387,43.391912394073472],[-2.6947259999910416,43.391885278053643],[-2.6946990819785674,43.391867197269704],[-2.6946644909145134,43.391840091529588],[-2.6946375717056061,43.391822010727843],[-2.694615327942437,43.391794937940354],[-2.6945907251111101,43.391776863312799],[-2.6945739285147638,43.391740801499729],[-2.6945655314655346,43.391722769244851],[-2.694551004787789,43.391695717054297],[-2.6945296232576821,43.391650637623613],[-2.6945213618991133,43.3916055941351],[-2.694521588022468,43.391560572416417],[-2.6945194550568448,43.391524548860637],[-2.6945197264057352,43.391470522797412],[-2.6945160952724878,43.391425490774438],[-2.6945102382685682,43.391362443875551],[-2.6945097391620161,43.391308415752761],[-2.6945100105174888,43.391254389687539],[-2.6945102378811865,43.391209367969431],[-2.694511280930143,43.391155343964599],[-2.6945239458434114,43.391092347437883],[-2.6945389245796916,43.391029356188724],[-2.6945608497515274,43.390966383489335],[-2.6945866773152241,43.390894416740913],[-2.6946109174605257,43.390831450212573],[-2.6946382443151631,43.390768491920177],[-2.6946639812976656,43.390714533841731],[-2.694700612268051,43.390642595907295],[-2.6947053114224184,43.390629102653115],[-2.6947264407570839,43.390570630026041],[-2.6947607577411379,43.390498685893718],[-2.6947928035346345,43.390417731222648],[-2.6948318408142362,43.390327790731028],[-2.6948701062944638,43.390237848165434],[-2.6949512206013706,43.390066980584322],[-2.6950230291598141,43.389905091691872],[-2.6950939314804372,43.389770213735844],[-2.6951602473192446,43.389626319940149],[-2.6952296495418677,43.389482433426771],[-2.6953044982427774,43.389329556910326],[-2.6953817066685608,43.389167682157577],[-2.6954566009084573,43.389005802086004],[-2.695505711794806,43.388906883697388],[-2.6955291096791103,43.388857421412787],[-2.6955954472523009,43.388709024263946],[-2.6956640757215347,43.388565136304109],[-2.695729617227848,43.388421239186009],[-2.6959580814816553,43.387949113019118],[-2.6957775417579679,43.388097205766073],[-2.6956104585076575,43.38817780141607],[-2.6953496170710989,43.388181610008552],[-2.6951322140590426,43.388140510559786],[-2.695132553759354,43.388072977939999],[-2.6950140585974647,43.388005128475264],[-2.6952129108927698,43.387591455653542],[-2.6946726681940714,43.387608024454131],[-2.6945984288843139,43.387027045036106],[-2.6948655514586193,43.387000744634285],[-2.694939740453516,43.386825358050537],[-2.695008484128286,43.386812034689981],[-2.6952195027026575,43.386740562366761],[-2.695442298215855,43.386628600890397],[-2.6956845652163848,43.386480674701446],[-2.6958711608745407,43.386355109344571],[-2.6960320626248659,43.386121424415933],[-2.6961687207479201,43.385797631010057],[-2.6963118612612562,43.38525774905041],[-2.6965410874038067,43.384938703155818],[-2.6966908033847394,43.38493459807782],[-2.6966781525894286,43.384686945056572],[-2.6966156968478092,43.384677774017945],[-2.6964545894764802,43.384645831762256],[-2.6963301962603405,43.384523942914328],[-2.6962434113245766,43.384442673063873],[-2.6957657836624525,43.384288330093263],[-2.6958028396016092,43.3841308521299],[-2.6960139379169274,43.384041369563057],[-2.6961873856471499,43.383920271824636],[-2.6962989909492561,43.383821519905048],[-2.6964231236880862,43.383686784120947],[-2.6965224736559597,43.383569991393301],[-2.6966529577469092,43.383399254296975],[-2.6967214878817689,43.383273375161203],[-2.6967836418051037,43.383187999227154],[-2.6964604254146329,43.382862985123737],[-2.6965104384585699,43.382737056054367],[-2.6967339374916155,43.38248102488388],[-2.6971002221000364,43.382216366142153],[-2.6960016813829903,43.381560636487926],[-2.6958706726906727,43.381528773396624],[-2.6956164198092187,43.381609136414134],[-2.6954673495542512,43.381640254350486],[-2.6953992243959872,43.381685094428498],[-2.69536194083974,43.38173451976305],[-2.6953251107066949,43.381846975851815],[-2.6953616717731097,43.381941619383547],[-2.695461615132468,43.382013919596453],[-2.6954052475670798,43.382175848315896],[-2.6924026422887719,43.381942705399204],[-2.6924136492204203,43.381902215744667],[-2.6924301266878405,43.381848234081403],[-2.6924458780707448,43.381785245082327],[-2.6924748827235785,43.381695280079391],[-2.6925069040936846,43.381618828998398],[-2.6925358175748451,43.381546871792303],[-2.6925646854888625,43.381483918935849],[-2.6925966623745645,43.381416472187723],[-2.6926255289285668,43.381353519310764],[-2.6926575284196979,43.381281570364465],[-2.6926888017456614,43.381200614976201],[-2.6927200749878288,43.381119659577998],[-2.6927498050133813,43.38103870002417],[-2.6927811008182121,43.380953243327404],[-2.6928100591157715,43.380872281682421],[-2.69283434249868,43.380800311954609],[-2.6928578315343166,43.380732842328229],[-2.6928844055297314,43.38066538098046],[-2.6929079171800336,43.380593409161982],[-2.6929368524142019,43.380516949658706],[-2.6929665818525841,43.380435990038201],[-2.6930721086186482,43.380166142425402],[-2.6931182462145276,43.380053464382058],[-2.6931752289756634,43.379914297211982],[-2.6932752168919176,43.379671447076049],[-2.693331473073544,43.379532030246622],[-2.6935065657712767,43.379694578513629],[-2.6936806400708662,43.379753572225425],[-2.6938417103662564,43.379790021454184],[-2.6938515377484822,43.379677493522678],[-2.6938848749304189,43.379339919127737],[-2.6948031440438185,43.37931535893388],[-2.6948218205248269,43.379436968402679],[-2.695013279827132,43.379576675845179],[-2.6951562189835867,43.379680977680515],[-2.6956167030660745,43.380015364641153],[-2.6952253556104613,43.380662637034575],[-2.6960451373660761,43.380741355019936],[-2.6965476145603762,43.381012819304651],[-2.6966842254608459,43.381004177215786],[-2.6968951546168745,43.380946208205778],[-2.6971927972067005,43.380983013683469],[-2.6974603042936756,43.381028743152712],[-2.6977145385687709,43.381105952599327],[-2.6979382695975365,43.381111045970911],[-2.6981612501986678,43.38111163468367],[-2.6983722567889803,43.381193229911865],[-2.6987881634972593,43.381342897293877],[-2.6990058996739732,43.381001305665983],[-2.6991915505750574,43.380439020303442],[-2.6993037003154745,43.37991706243028],[-2.6992911577809493,43.379178671690937],[-2.6992969356976331,43.377701970173085],[-2.6993142558284764,43.376698027968025],[-2.6987077843672189,43.376709939507137],[-2.6977828371950996,43.376689490989889],[-2.697259733453198,43.376228885776655],[-2.6968252326158302,43.375484874318758],[-2.696815579280726,43.375255236929739],[-2.6967552182868157,43.375138020323995],[-2.6967409413339931,43.375061445198099],[-2.6967294761697875,43.374885829926662],[-2.696670633769954,43.374773119541281],[-2.6966438798084504,43.374723524779625],[-2.6965711746708725,43.37460627532311],[-2.6964482335550368,43.37450690057706],[-2.6962281996263777,43.374384757522193],[-2.6961058948713985,43.374312398470835],[-2.6959350783544824,43.374221900437817],[-2.6961678795304427,43.374105461642124],[-2.6963643742209809,43.373997931378391],[-2.6965971724869786,43.373881491696004],[-2.6968058747200914,43.373801005630938],[-2.6970020983312808,43.373747499602892],[-2.6973208951104186,43.37371232578252],[-2.6976023911276799,43.373731078510062],[-2.6978714083952147,43.373776811058406],[-2.6980916903594676,43.373849426910532],[-2.698299742050291,43.373899499744098],[-2.6985078597570804,43.373936066534526],[-2.6985442975721528,43.373900144614197],[-2.69853592283962,43.373877611307918],[-2.6985190854125025,43.373850554347186],[-2.6984930349096339,43.373814467702765],[-2.6984662117239662,43.373778379915436],[-2.698434078719445,43.373724269135089],[-2.6984049870480646,43.373679169957917],[-2.6983704951046215,43.373634057431126],[-2.6983398147083006,43.373597959440175],[-2.6983176217793314,43.373561882929039],[-2.6982907541698844,43.373534799475031],[-2.6982616180474821,43.373498705536377],[-2.6982356124936016,43.373453614456473],[-2.6982102879088794,43.373426535054421],[-2.6981619991118841,43.37336337706865],[-2.6981183392314607,43.373300230379769],[-2.6980777653084398,43.373237092720736],[-2.6980394611954233,43.373182965533225],[-2.6980081003489316,43.373128856666447],[-2.6979743357912538,43.373092750430565],[-2.6979490561651804,43.373056665693404],[-2.6979107075856095,43.373011542837673],[-2.6978700893693377,43.372957409478957],[-2.6978241156862524,43.372894257461482],[-2.6977758277101702,43.372831099309238],[-2.6977321686055307,43.372767953369824],[-2.6976954080159028,43.372713830142231],[-2.6976594189519916,43.372659708941939],[-2.6976281034505551,43.372596594691039],[-2.6975920697750184,43.372551477845214],[-2.6975545827272502,43.372488348154761],[-2.6975124670116246,43.372425206209314],[-2.6974595957482563,43.37235303130138],[-2.6974083122884966,43.372271856074001],[-2.6973585270953717,43.372199690182946],[-2.6973056114317751,43.372136518678502],[-2.6972611830914675,43.372073370516034],[-2.6972297774768608,43.372028265802726],[-2.6971830349386954,43.371965111482304],[-2.6971301632246703,43.371892937315785],[-2.6970750693906327,43.371802747346202],[-2.6970099008294537,43.371721535154734],[-2.6969486357435697,43.371631329672795],[-2.6968873708432159,43.371541123256712],[-2.696826104889579,43.371450916803688],[-2.6967609818924503,43.371360700990316],[-2.6967035298854247,43.37127950907783],[-2.6966445787869802,43.371189309562801],[-2.6965771432539869,43.371099086606499],[-2.6965074372614128,43.370999853987499],[-2.6964024723778133,43.370855505246958],[-2.6962967814840502,43.370702149981227],[-2.696200257204834,43.370566827959166],[-2.6961091333743714,43.370431521102752],[-2.6960309893712981,43.37032326036266],[-2.6959635557022006,43.370233037036428],[-2.69589616598117,43.370133810187994],[-2.6958111248891523,43.370016527354778],[-2.695722998422311,43.369899236247448],[-2.6956303800636268,43.369754919618828],[-2.6955307730720062,43.369619588806238],[-2.695437337878658,43.369484275239834],[-2.695320215724617,43.369303875095561],[-2.6952827104802117,43.369245246827411],[-2.6953184012292795,43.369357896359169],[-2.6951948853166487,43.369375577143011],[-2.6950888153939938,43.369298757060292],[-2.6949710830074265,43.369239914773971],[-2.6948100612458497,43.369198965857599],[-2.6946673742525431,43.3691940827633],[-2.6944743619682687,43.36922508306224],[-2.6942387870861149,43.369282982752758],[-2.6938416919456243,43.369245903346609],[-2.693758424212827,43.369236675914415],[-2.6921848424941168,43.369061371476924],[-2.6920975827953066,43.369079144690517],[-2.6920235269790509,43.36907894529476],[-2.6919673516332465,43.369051781411073],[-2.6919491806893925,43.368984199620087],[-2.6920049730469966,43.368934826032124],[-2.69202957906831,43.36875489413417],[-2.6920664532353284,43.368485245597398],[-2.6920979055854954,43.368255245466507],[-2.6903838215814364,43.368106550489216],[-2.6903618656045318,43.368025451436608],[-2.6903362588086979,43.367903823136992],[-2.6903158674346024,43.367818226058098],[-2.6902901691897787,43.367714606500144],[-2.6902544874670151,43.367601955394697],[-2.6902134531720039,43.367480285275541],[-2.6901647051116027,43.367358594242191],[-2.6901097631952755,43.367241388654485],[-2.6900509186974388,43.367133176064272],[-2.6899858803663301,43.367029449804683],[-2.6899130825155404,43.366934706971556],[-2.6898271700954748,43.366839927623879],[-2.6898526717168387,43.366830992278715],[-2.6903917740984005,43.366850461052252],[-2.6910901871118234,43.366942391915543],[-2.6918008064800079,43.367061364916147],[-2.6920782536101049,43.367111636101242],[-2.6923403176715826,43.367152859829424],[-2.6933942089268199,43.367272745830441],[-2.693934632870139,43.367337223060076],[-2.6938350335827335,43.36720189073651],[-2.6933854392413732,43.366565878711768],[-2.6875338898576988,43.358288526841328],[-2.6874948331909798,43.358234393930857],[-2.6874473400059227,43.358171233434838],[-2.6874128649210918,43.358126117532656],[-2.6873271318030127,43.357999822647585],[-2.6872620846695527,43.357900596012257],[-2.6871985790517261,43.357801374454738],[-2.6871573260657904,43.357724724123955],[-2.6871458726577218,43.357702182401226],[-2.6871290447391112,43.357675122815785],[-2.6870946164387246,43.357621002424224],[-2.6870479867310109,43.357539835082626],[-2.6870426341258833,43.357530816818951],[-2.6870197299526493,43.357485731554128],[-2.6870151473897885,43.357476715396281],[-2.6869724217503741,43.357386554187542],[-2.6869510589755543,43.35734147402701],[-2.6869235724054397,43.357287372581062],[-2.6868710058051142,43.357161167219779],[-2.6868161256405942,43.357034954595967],[-2.6867612456929528,43.356908743744597],[-2.6867040522003314,43.356782525626343],[-2.686655250109383,43.356674338604911],[-2.6866064018464177,43.356575156853957],[-2.6865575537417574,43.35647597508089],[-2.6865087058000476,43.356376792385269],[-2.6864560468787184,43.356268595600298],[-2.6864217590604298,43.356187462719234],[-2.686404978247781,43.356151398629528],[-2.6863706917967121,43.356070265735276],[-2.6863462900716306,43.356016172598117],[-2.6862890995064781,43.355889953360773],[-2.6862403916357946,43.355763759164169],[-2.6861939513077222,43.355646573885501],[-2.6861756746826124,43.355601502934796],[-2.6861490072321228,43.355538398112948],[-2.6861222689835302,43.355488800771873],[-2.6861062365697017,43.355457241848917],[-2.6860810188996851,43.355412150931279],[-2.6860657345637295,43.35538509541562],[-2.6860213275615106,43.355321942768278],[-2.6860167465462945,43.355312925670944],[-2.6859546732666506,43.355236217714648],[-2.6858872246945684,43.355154993600713],[-2.6858335644330689,43.355091815464426],[-2.6855494710590064,43.354996489064064],[-2.6851977659194208,43.354851452809754],[-2.684771932201091,43.35472421842784],[-2.684406557185679,43.354687192722835],[-2.6840638934736454,43.354879839399047],[-2.6837686443739588,43.355149153681658],[-2.6835341815618521,43.355445648962423],[-2.683360691641544,43.355733308946469],[-2.6831497326105072,43.356106405093854],[-2.6828555285841014,43.356321693636751],[-2.6827555901553994,43.35640695850546],[-2.6824761838887206,43.356446700782435],[-2.6821961717071265,43.356454925775864],[-2.681830879560998,43.356399881241217],[-2.6814421515042928,43.356254726872315],[-2.6810176506907109,43.356019427116827],[-2.6807646068950057,43.355739583676986],[-2.6804524032573931,43.35527048125293],[-2.6804436201288144,43.35488776905779],[-2.6807160626804252,43.354411298375645],[-2.6810251882567466,43.353997960076597],[-2.6812600123096977,43.353633937846595],[-2.6813229868244899,43.353390994787986],[-2.6813746281829749,43.353102998390213],[-2.6813777536100001,43.352801359119724],[-2.6813301370390072,43.352616636394259],[-2.6816603306185467,43.352595046405298],[-2.6819156007593339,43.352595758429374],[-2.681859725787779,43.352073347730403],[-2.6816646596175215,43.352063799539174],[-2.6814205816707188,43.352135152539503],[-2.6812475738455634,43.352184193595832],[-2.6812116191310995,43.351981494249465],[-2.6811562524049268,43.351657181460872],[-2.6810921294944214,43.351238296675291],[-2.6809985138707249,43.350855347680231],[-2.6812851187496194,43.350761602757274],[-2.6817614344490606,43.350668386035444],[-2.6819606118951684,43.350628421488956],[-2.6819239726492463,43.350556284271995],[-2.6818834775973768,43.350484136317974],[-2.681846885562178,43.350402994677061],[-2.6818080271384197,43.350312841288755],[-2.6816982048753779,43.350078420648984],[-2.6815906498936153,43.349853010736076],[-2.6814869044608587,43.349636614952061],[-2.6813930423751127,43.349447260189145],[-2.6813098370514656,43.349284948629339],[-2.681240416360561,43.349140684484837],[-2.6811510897174298,43.348969351209753],[-2.680869489032963,43.348405788006517],[-2.6807603741505353,43.348184874262088],[-2.6804466052581288,43.347580700651733],[-2.6801437354658013,43.346958546631015],[-2.6800124994728312,43.346692548481165],[-2.6798080447049379,43.346273269919351],[-2.6794149068189319,43.345515793944806],[-2.6790937882925134,43.344848563988151],[-2.678716320125262,43.343902036782296],[-2.678418008148602,43.343153829749177],[-2.6777032281090833,43.341404952980369],[-2.6772793419972829,43.340350236035576],[-2.6769422681392019,43.339502865322125],[-2.6765402887934391,43.338538250842902],[-2.6763028952307608,43.337943284492596],[-2.6761965812663688,43.337492761540261],[-2.6761998567073242,43.337456752617683],[-2.6751151588981732,43.337431155396011],[-2.6741647235036345,43.338680061371143],[-2.6740313355893366,43.33867967949427],[-2.6736592525753569,43.339335939533171],[-2.6737059923626161,43.339534170186468],[-2.6736182576837395,43.339790545798962],[-2.673504181452254,43.340213427513376],[-2.6733532341149111,43.340753261953843],[-2.673203713717442,43.341027468906027],[-2.6734164605804889,43.341757437318677],[-2.6728881427406557,43.342210646995831],[-2.6727793286373451,43.342084273057537],[-2.6719947377823456,43.342586267378763],[-2.6720756574873139,43.343023215112694],[-2.671498470577089,43.343525802203764],[-2.6707836503486244,43.343100533541907],[-2.6700366287728658,43.343494569797365],[-2.6697543734629874,43.343642326449874],[-2.6695970335497616,43.343506803953439],[-2.6693221869462183,43.343001759046572],[-2.6694355508717016,43.342574376492706],[-2.6696325800221308,43.342358841301397],[-2.670044259592983,43.34208989975469],[-2.6701107923479523,43.342049572137981],[-2.6706759202418224,43.34163700171824],[-2.6713511904438012,43.341103185486375],[-2.6718782758484498,43.340735520649062],[-2.6721266492364664,43.340290515200998],[-2.6723631906649818,43.339750929363028],[-2.672527227628966,43.33921563588796],[-2.6728286689538905,43.338793292988633],[-2.6731697205781764,43.338317035172075],[-2.6733118824262001,43.338119344869639],[-2.6734447164632869,43.338079205539003],[-2.6735448077203272,43.337962434846084],[-2.6735871446075627,43.337831991531743],[-2.6735881358380991,43.337647403821556],[-2.6734814518406629,43.337412982847432],[-2.6743039307980969,43.33745135239122],[-2.6744472223291447,43.337042059655552],[-2.674508953000994,43.33674508970789],[-2.674043098887263,43.336631203455227],[-2.6742903036865999,43.336397793885261],[-2.6743668998144536,43.336204417746707],[-2.6747648083864122,43.335903904659972],[-2.6747689046676828,43.335426681374102],[-2.6747635577546949,43.335129519547429],[-2.6747334173399668,43.334710726633681],[-2.6745110396249943,43.334484980181124],[-2.67451311366281,43.334097795673003],[-2.6747519217988387,43.333846351993422],[-2.6743403000987191,43.333543528157357],[-2.6740388562411388,43.333254524606843],[-2.6738930255452367,43.333132547413165],[-2.6739935424788626,43.33293473733481],[-2.6740954061698643,43.332917019418687],[-2.6767881933443838,43.332956202593103],[-2.6770080224727963,43.331345050151427],[-2.6770368796849775,43.331138033991081],[-2.6771299575551919,43.330453975469595],[-2.6771941523137506,43.329981434353861],[-2.6780115393454005,43.324000424283966],[-2.6780276018640699,43.32387891230394],[-2.6779628749605071,43.323874226895938],[-2.6773047407496953,43.323840847904208],[-2.6768067750379574,43.323839435613444],[-2.6767327730775827,43.323839225586184],[-2.6767446094554841,43.322632687901603],[-2.6766813657100097,43.321628533466587],[-2.6764791165758637,43.321105710685615],[-2.6761061629582987,43.320649934049293],[-2.6757802092499219,43.320342861299252],[-2.6757310231577693,43.320315708138423],[-2.6755665530881871,43.320225196884401],[-2.6754497541536169,43.320157331208485],[-2.6757888099222726,43.319455964604913],[-2.6744428332452257,43.318767795388723],[-2.6729908866627845,43.319011247905195],[-2.6717049646712745,43.320236517896511],[-2.6716954267968953,43.320245605852321],[-2.6716753364090007,43.320254551860245],[-2.6714404032544659,43.320366427239044],[-2.6712164085458183,43.320581229758183],[-2.6712110492831296,43.320586369472146],[-2.6714100530295184,43.320704000820882],[-2.6715677890666276,43.320898047714877],[-2.6715490600866829,43.321082581410231],[-2.6715051381127903,43.321222021675581],[-2.6714104893468407,43.321334301581103],[-2.6713510302666288,43.321374994408529],[-2.6713122288786448,43.321401549958658],[-2.6711933530073901,43.321432721594682],[-2.6710307849622899,43.321418745482312],[-2.6708829838854693,43.321382301096229],[-2.6706343772675347,43.321314048474726],[-2.6705303743264923,43.321278468119935],[-2.6705282015494376,43.321277724386597],[-2.6702987665801965,43.321511171380067],[-2.670258907300131,43.321554903348662],[-2.6702250987648255,43.321591996567719],[-2.67018839142664,43.321628035086476],[-2.6699964822288318,43.321816441628059],[-2.6698205246530864,43.321996016281417],[-2.6697083172552141,43.322110409673243],[-2.6687988732708767,43.323037546038819],[-2.6678377579195769,43.323998204759448],[-2.6674525238428792,43.324384265641477],[-2.6676521977807917,43.324380346421513],[-2.6681633711076569,43.32436382865172],[-2.668626652557859,43.324365178094503],[-2.6688574652389265,43.324446887684829],[-2.6688859377109462,43.324455974682166],[-2.6687792155264605,43.324941896178615],[-2.6686413035785961,43.325351190156979],[-2.6685568266532331,43.325715618661143],[-2.6682583605184744,43.325881328864412],[-2.6679037407841935,43.326024363839572],[-2.6670025680391314,43.326026234319187],[-2.6664861334266794,43.326015718751094],[-2.6663481276334409,43.326298949287313],[-2.6660365258606005,43.326748251060941],[-2.6657886518706997,43.326963627600854],[-2.6654839054050545,43.327226143656446],[-2.6654085180318496,43.327291083779187],[-2.6652782048503827,43.327403338790894],[-2.6650695909565729,43.327488266957822],[-2.6644838865437883,43.327734161448511],[-2.6643734746373626,43.327765351684278],[-2.6636902103758855,43.327947924736932],[-2.6627838075851971,43.328225613078061],[-2.6620600402720251,43.328447342057373],[-2.6614892379483135,43.328643741902397],[-2.6607764999314285,43.328992791066021],[-2.6602588320392893,43.329198347784839],[-2.6600519892647805,43.329377817216319],[-2.6599699187718757,43.3294406024837],[-2.6585071511819756,43.331002981095089],[-2.6584482060615966,43.331065835194252],[-2.6575887749172713,43.33199070161573],[-2.6575082908434244,43.332044486179065],[-2.6576707828457957,43.332076489479924],[-2.6579434935191029,43.332113324502139],[-2.6584134161701822,43.332177764388135],[-2.6590460345786386,43.332238186072473],[-2.6598497805024564,43.332303618288677],[-2.6603493049927347,43.332314112714712],[-2.6603849361721839,43.332422272290813],[-2.6602863708312401,43.332539037006974],[-2.6601630091600583,43.332678238451784],[-2.6599911019950104,43.332812792280365],[-2.6596129805042499,43.332874694993727],[-2.6593570729239073,43.332864926765772],[-2.6590223036894471,43.333444714023365],[-2.6582307275285215,43.333406326027976],[-2.6572192250234896,43.333403289173177],[-2.6570907077852546,43.333402903040735],[-2.6570804860282795,43.333533436628684],[-2.6566409014637173,43.333584544151442],[-2.6566021648468086,43.333725593147761],[-2.656503489887871,43.333860363351619],[-2.6563235329789729,43.334029328075381],[-2.6562738570460058,43.334111796474588],[-2.6561660548550394,43.334224026665346],[-2.6560565578645168,43.334363266214176],[-2.655963531637064,43.334453030160184],[-2.65583951236452,43.334569714431552],[-2.6556845263793769,43.334708815828456],[-2.655544213724919,43.33484345892694],[-2.6554047732546091,43.334960096274727],[-2.6552630205447021,43.335076725580279],[-2.65513894770426,43.335202413468096],[-2.6550297269466765,43.335292126909863],[-2.6549380358173176,43.335417912236693],[-2.6547816821660799,43.33552549233422],[-2.6546100625245468,43.335606013365556],[-2.6544078071281882,43.335650422472355],[-2.6542346945197841,43.335721933876862],[-2.654110823907724,43.335811603044235],[-2.6541106961385923,43.335834114033482],[-2.6539381746914992,43.335937141799185],[-2.6537816377156545,43.335941168539769],[-2.6536183367997821,43.33600119729028],[-2.6535629837741603,43.336021544709162],[-2.6533905901386503,43.33610206155813],[-2.6532972176832086,43.336136384845908],[-2.6531719363411153,43.336182436977722],[-2.6530003115039498,43.336262954666573],[-2.6527821698619767,43.336388352738275],[-2.6526415647472641,43.336437449928589],[-2.6524068461792343,43.336495263717524],[-2.652155934938901,43.336553027779395],[-2.6520153558918622,43.336597621102477],[-2.651842880191897,43.336691642182494],[-2.6516253769535525,43.336839551351574],[-2.6514838701294443,43.336911154838077],[-2.651343982261547,43.33696925626122],[-2.651109337757922,43.337013560784186],[-2.650968807229205,43.337049148416476],[-2.6507016238008219,43.337120366445205],[-2.6505302020927091,43.337164863741172],[-2.6503587014104331,43.337222866459634],[-2.6500925919631788,43.337375127274761],[-2.6498743886407943,43.33750952413093],[-2.6497032420455677,43.337639564224418],[-2.6495320688310526,43.337774105349979],[-2.6494235297585753,43.337877323202157],[-2.6493304106707547,43.337980588227289],[-2.6492372900330396,43.338083853169877],[-2.6491439616957959,43.338223135582382],[-2.6490662620433278,43.338326447685162],[-2.6489575124658891,43.338465682621873],[-2.6488176606676062,43.338649843785596],[-2.6487567915177128,43.338775719609544],[-2.6486026184808966,43.339036374250334],[-2.6485409787025143,43.339162246682513],[-2.6484948100603964,43.339279162082057],[-2.6484176179717624,43.339427498905934],[-2.6483406865791226,43.339530812854562],[-2.6482639257481777,43.339737678627664],[-2.6481868624860949,43.339863504320803],[-2.6481247517713093,43.340070415950777],[-2.6480960036519208,43.340241412021186],[-2.6480491415241065,43.340344819170731],[-2.6479883471094503,43.340457187062754],[-2.6479890804250177,43.340596758827914],[-2.6478978657001058,43.34090262889147],[-2.6478824846816567,43.341028644224806],[-2.6478694167709675,43.341154666674747],[-2.6478552394782269,43.341339214322502],[-2.6478405512506225,43.341478738585025],[-2.6478414415918672,43.341591297187179],[-2.6477972706250497,43.341762245648582],[-2.647766389746673,43.341901720026705],[-2.647736737269538,43.342095224516257],[-2.6477065242580791,43.342252709106049],[-2.6477078978320447,43.342414794149867],[-2.6477255420946895,43.342563422495225],[-2.6477114941750366,43.342725459130364],[-2.6477601911725541,43.342838165849926],[-2.6477762935169764,43.342986789427869],[-2.6477778767407871,43.343112856942227],[-2.6478101199156927,43.343270534751944],[-2.6478586601609782,43.343410253649843],[-2.6478919362170719,43.343522912820305],[-2.6480026749697521,43.343707845803671],[-2.6480819556443627,43.343865668273395],[-2.6481923936986336,43.343969560204506],[-2.6482896195544092,43.344091420473184],[-2.6483691365656545,43.344208723945798],[-2.6484797315946911,43.34428560246652],[-2.648495737124485,43.344298692927566],[-2.6485902489946662,43.344375987445559],[-2.6485997583383822,43.344384866320688],[-2.6487160329544901,43.344493432815575],[-2.6488910628668401,43.344629039205074],[-2.6490016605511344,43.344705917224125],[-2.6491581592799283,43.344845967696507],[-2.6492687564612343,43.344922845453105],[-2.6492720520961108,43.344926885989388],[-2.6493254414221132,43.344992346085249],[-2.6493644696785386,43.34504019878333],[-2.6495544928274235,43.345117319729461],[-2.6497270836429685,43.345275427790035],[-2.6498390162858771,43.34538832721978],[-2.6499964215983298,43.345505868868976],[-2.6502021208993018,43.34567308205024],[-2.6502889746406848,43.345747664772816],[-2.6503126175258873,43.345767967548632],[-2.6504553980991563,43.345880960676773],[-2.6505659213216384,43.345971343741532],[-2.6506417735273482,43.346024067390822],[-2.6506765223222026,43.346048220134847],[-2.6508036741074945,43.346197183223225],[-2.6509301856146976,43.346323632878686],[-2.651008868681302,43.346398372001055],[-2.6513986166224379,43.345456134827195],[-2.6527925093223801,43.345374842516925],[-2.6523322399595894,43.344684600063935],[-2.6526468767686713,43.344681056479693],[-2.6532014289982988,43.344660231567559],[-2.6531923034101914,43.34423249200934],[-2.6535608890415285,43.344233611749978],[-2.6536212130836532,43.344067212319864],[-2.6538955182842145,43.344104063566292],[-2.6542397891481153,43.344177142934782],[-2.6542495654303577,43.344627395724466],[-2.6540974525815888,43.34466295213381],[-2.6542655061042018,43.344942599975546],[-2.6547529995106687,43.344917062546088],[-2.6550880154966459,43.345534881308218],[-2.6554786331052194,43.3454595236621],[-2.6560898927993088,43.346456359837674],[-2.6558419447048616,43.346937351139033],[-2.6558517715546195,43.347108465028974],[-2.6556791002087281,43.347369073169965],[-2.6556259846751842,43.347760606787155],[-2.655767280428615,43.348274286809513],[-2.655824312379123,43.348688663243429],[-2.6560756517151187,43.349108128139683],[-2.6565378889461466,43.349190560636856],[-2.6569150461335242,43.349317756927206],[-2.6571210066367792,43.349444437968629],[-2.6569818665405602,43.349912251740591],[-2.6566615922748604,43.350226443827289],[-2.6562330615092593,43.350454766657428],[-2.6558294863260277,43.350633639873095],[-2.6556330967257655,43.350723091297056],[-2.655631304892843,43.350903175536196],[-2.6557024434499876,43.351142007856488],[-2.6558348383462573,43.351322495951258],[-2.6555849439195058,43.351871013458904],[-2.6553745500527155,43.352253066596177],[-2.6552123516919948,43.352567732492219],[-2.6549679350193913,43.352693056043243],[-2.65457734694085,43.352754906036125],[-2.6541261907664349,43.35275353988105],[-2.6539795850824421,43.352766602321019],[-2.6535534671896093,43.352702277989323],[-2.6532864243821948,43.352602419014168],[-2.6531047794756293,43.352538835655878],[-2.6529317726921828,43.352718398562622],[-2.6526255503236684,43.352861537679587],[-2.6522718225431414,43.352950505312364],[-2.6519295062458097,43.353066520147621],[-2.651601071094261,43.353361281797937],[-2.6515845362639827,43.353376120406473],[-2.6515230940161123,43.353465977540019],[-2.6513384073593218,43.353663511460944],[-2.6511903290162464,43.353798125977889],[-2.6510184982324345,43.353905654261915],[-2.6509641762150427,43.353964016986772],[-2.6510155113427296,43.354022703027212],[-2.6516019324033615,43.354645801021995],[-2.6519514476917401,43.355025054124383],[-2.6520302631558428,43.355268414174326],[-2.6518921418344457,43.356087397877268],[-2.6519160999543043,43.356213533148299],[-2.6520358445787533,43.356448013185243],[-2.6521155905602769,43.356529296435269],[-2.6527244163611647,43.356882323758818],[-2.6527574508233434,43.356904935351878],[-2.6530524056429434,43.357117436628229],[-2.6534739779378609,43.357442876389577],[-2.6538731891848553,43.357768246910091],[-2.6540900734305652,43.35801202408922],[-2.6543282504852841,43.358444959114223],[-2.6544667250870071,43.358643475069904],[-2.6546164071201916,43.3587699903849],[-2.6549054890855421,43.358932944257148],[-2.6553180280023563,43.359087265912741],[-2.6555461756499645,43.359114967699789],[-2.6567904130695807,43.359091700994767],[-2.6571362037155675,43.35904771826872],[-2.6578644497702766,43.359022890062818],[-2.6582092140419809,43.359023922690682],[-2.6585454954331076,43.359024928953907],[-2.6588167341908311,43.359070760985183],[-2.6592849691154781,43.359198221826034],[-2.6601087713463745,43.359326738887447],[-2.6603583496352021,43.359246442398458],[-2.6606429901633319,43.359103216906355],[-2.6608945130369954,43.358950889800724],[-2.6610557445309597,43.35880729730362],[-2.6611670596971293,43.358762605465486],[-2.6615253873351956,43.358682628546916],[-2.6617290054357117,43.358683232762601],[-2.6618892818355757,43.358710720237738],[-2.6621749263281616,43.35880161036696],[-2.6624517880766785,43.358946499146249],[-2.6628637468926395,43.359208845145794],[-2.6630424352085793,43.359254395203344],[-2.6634401435217634,43.359444660120218],[-2.6641470414749171,43.359932980941167],[-2.6645284103341673,43.360150207609173],[-2.6648235459892602,43.360340167678331],[-2.6651343336558768,43.360489652504839],[-2.6652475145522283,43.360386433742526],[-2.6655351565866896,43.360117144412079],[-2.665756216263433,43.359892681444649],[-2.6661126469117788,43.359596578107386],[-2.6661638953973448,43.359394127951553],[-2.6658977930374399,43.359114212785499],[-2.6655244084224394,43.358707920987314],[-2.6652357206521762,43.358328889428314],[-2.6658107153969981,43.35811897027726],[-2.6662444605891613,43.358628988363996],[-2.6665694064663903,43.359008123970611],[-2.667078565892441,43.359270738123811],[-2.6674672786203928,43.359415941186633],[-2.6677733016578751,43.359308779071007],[-2.6682467589524266,43.359472235548367],[-2.6687681710461373,43.359752885829018],[-2.6685097562807152,43.360040277055013],[-2.6678829935305624,43.360547205591352],[-2.667477677148018,43.360897197545789],[-2.6671627226084711,43.360662165007213],[-2.6669310339826953,43.36071551579095],[-2.6664779347108847,43.36091679239118],[-2.6659354127571091,43.361248370537389],[-2.6660356386820769,43.361397235869603],[-2.6663351236815864,43.361920367071747],[-2.6664456995307981,43.362010734710516],[-2.6666587139590137,43.362128414380713],[-2.6670743103030299,43.362156639342246],[-2.6674175991826719,43.362148635412971],[-2.6676415128611284,43.36224833592582],[-2.6677624145525525,43.362284706138261],[-2.6679795669673796,43.362492438654385],[-2.6680341674048389,43.362663681015995],[-2.668367474123297,43.364906746802312],[-2.6686314949863972,43.36515063190167],[-2.6690662358878496,43.365349989773492],[-2.669185355977199,43.365431374030869],[-2.6693300156936433,43.365638894165933],[-2.6694113762180218,43.365855235664029],[-2.6694775898462817,43.366161576556465],[-2.6694765105929785,43.36635967070611],[-2.6693064100374917,43.366998490568406],[-2.6691829670043941,43.367709481080453],[-2.6690883938723009,43.368501593600826],[-2.6693568875964591,43.369060643683341],[-2.6693831319792078,43.369907133368301],[-2.6697171572805565,43.370475376387283],[-2.6697971528406415,43.370943835775023],[-2.6699287496800657,43.371286383772585],[-2.6704081400397679,43.372080153731645],[-2.6711427815934439,43.37389215261058],[-2.6715470984067275,43.374451587509249],[-2.671917239619082,43.374911874408085],[-2.6720481182167535,43.375105843603528],[-2.6721189497244504,43.37513306016065],[-2.6722570383387629,43.375277526891153],[-2.6722957770993441,43.375390193110441],[-2.6723726289859178,43.375588509344617],[-2.672547557318532,43.375769098294853],[-2.67272256056029,43.375936180454453],[-2.6729100297895867,43.376080787675839],[-2.6730626079575526,43.376400879655407],[-2.6731160268985175,43.376653155289233],[-2.6730568092029814,43.376761038060046],[-2.673009115588131,43.376877959134617],[-2.6729375061044931,43.376994810895319],[-2.6727931063992805,43.377160978151238],[-2.672662082170393,43.377421730604489],[-2.6726673256601088,43.37773689810232],[-2.6728306639207298,43.377921955623833],[-2.6730297620240617,43.378057591382294],[-2.6732770088230717,43.378134836102802],[-2.6738202350865534,43.378266950824283],[-2.6740297510954232,43.378330578672077],[-2.6741672029465327,43.378452529994149],[-2.6742818205166827,43.378659956915222],[-2.6744079649761328,43.378876421914782],[-2.6745713597453782,43.379052471693399],[-2.674661146015783,43.379286841902967],[-2.6748513775086988,43.379638553216736],[-2.6750294359093929,43.379958714818244],[-2.6752825775548121,43.380378137725302],[-2.675426474880882,43.380882790821751],[-2.6754451395405545,43.381288040893935],[-2.6755497131760135,43.381644010049733],[-2.6756754806891196,43.381788436640846],[-2.6758245879939637,43.381896912235227],[-2.6760360749784837,43.382028074648844],[-2.6762345645768137,43.382136689578644],[-2.6765077306332405,43.382277030187545],[-2.6767936070353109,43.382493944125216],[-2.6770438730099602,43.382733267080312],[-2.6771825232066648,43.38292274985335],[-2.6774696367261002,43.38319819286972],[-2.6775442903189903,43.383234421287966],[-2.6776059688203895,43.383243599651195],[-2.6776793178841167,43.383234801919578],[-2.6777651805653075,43.383194524630937],[-2.6778132112809505,43.38315864204327],[-2.6779230633759599,43.383104925499325],[-2.6780088053407489,43.38308715887959],[-2.6781445577807843,43.383096544579274],[-2.6782307855322678,43.383132805122223],[-2.678281399866286,43.383191476615153],[-2.6783201297109986,43.38330864195634],[-2.6784118218274964,43.383624052000279],[-2.6783443255756829,43.383984036723227],[-2.6783032133291171,43.384461151976048],[-2.6783178348793113,43.384614267374978],[-2.6784183184571742,43.384727104098054],[-2.6786567153655412,43.385024918242017],[-2.6791178502499746,43.385372881645225],[-2.6794279317725893,43.38554033129639],[-2.679849807038313,43.385726102954777],[-2.6802332916093246,43.385875747826297],[-2.680471796484817,43.3861555494885],[-2.6805258830329768,43.386434835625046],[-2.6804912192795816,43.386569804064997],[-2.6804183058682405,43.386641634311921],[-2.6803091738692286,43.38670436060287],[-2.6801498839365272,43.38676694562065],[-2.6796971101362437,43.386878232522783],[-2.6793402080131803,43.386953769493374],[-2.6793524593349196,43.386971812785397],[-2.6793953852446162,43.387025959055016],[-2.679466672207353,43.38711620178259],[-2.6795218484960643,43.387188392179063],[-2.6795709490962389,43.387242555683628],[-2.6796161903249867,43.387296708355009],[-2.6796591166975778,43.387350854524016],[-2.6797059013726456,43.387405012382622],[-2.6797672052247661,43.387486222487503],[-2.6798308241801814,43.387567439940092],[-2.6798959866036509,43.387648661676337],[-2.6799572909490346,43.387729872577872],[-2.6800147845715938,43.387802067413155],[-2.6800615225448832,43.387865230361705],[-2.6800882935953405,43.387910326698893],[-2.6801227799780434,43.387955445509881],[-2.6801595826077662,43.388000570787909],[-2.6801986516811649,43.388054706860892],[-2.6802453912777677,43.3881178688357],[-2.6802967596730194,43.388181043730505],[-2.6803496241712716,43.388253227252278],[-2.6803925531029877,43.388307373144549],[-2.6804355281762446,43.388352515580657],[-2.6804722839777608,43.388406645093099],[-2.6805114008823905,43.388451776720444],[-2.6805520623998231,43.388496912648549],[-2.6805949431620975,43.388560063697177],[-2.6806401862778242,43.388614215956885],[-2.6806892417476971,43.388677384211398],[-2.6807359810948888,43.388740545978457],[-2.6807727361621092,43.388794675388802],[-2.6808057287076048,43.388830785349235],[-2.6808301857320185,43.388875875947427],[-2.6808546415625876,43.388920965636267],[-2.68088522474876,43.388975077785432],[-2.6809196178500416,43.389038205924045],[-2.6809524204668174,43.389110332281511],[-2.680989082735084,43.389182470295381],[-2.6810379949026966,43.389272651397157],[-2.6810807835304904,43.38935381003278],[-2.6811213504215101,43.389416955322865],[-2.6811542006796074,43.389480077283466],[-2.6811909106026715,43.389543210893905],[-2.6812276193669478,43.389606344488641],[-2.6812704084755761,43.389687503950526],[-2.6813193227021159,43.389777684029596],[-2.6813620636477968,43.389867847787215],[-2.6814086618783803,43.389958022272978],[-2.6814452780403824,43.390039163567685],[-2.6814819402127901,43.390111301411956],[-2.6815086649088591,43.390165402637123],[-2.6815330286955081,43.390228501747252],[-2.6815673760357512,43.390300633115743],[-2.681597817901118,43.390381758065693],[-2.6816344333281754,43.390462900192382],[-2.6816733180252106,43.390553052187755],[-2.6817160129156319,43.390652220138385],[-2.6817525815476557,43.390742366558541],[-2.6817830709872337,43.390814487120338],[-2.681817418951264,43.390886618408267],[-2.6818502236181621,43.390958744491314],[-2.6818845246478316,43.391039880091533],[-2.6819357571731093,43.391130067235288],[-2.6819969252557176,43.391238290911041],[-2.682062001579907,43.39133752005251],[-2.6821232183886567,43.391436739328235],[-2.6821844812126567,43.39152695423342],[-2.6822419352354707,43.391608153157506],[-2.6822887254688514,43.391662309936493],[-2.6823377380661291,43.39173448179622],[-2.6823890646513417,43.391806660060475],[-2.6824380292344956,43.391887836205598],[-2.6824908054629861,43.391978027374293],[-2.6825397233242283,43.392068206906579],[-2.6825603243933038,43.392113286406385],[-2.6825786091378681,43.392158359473129],[-2.6825969421351243,43.39219442820756],[-2.6826129118076598,43.39223949484299],[-2.6826273863084333,43.392275552863737],[-2.682637183593704,43.392320601465492],[-2.6826454832145838,43.392356643248299],[-2.682655280525978,43.392401691847937],[-2.6826635331915005,43.392446737060801],[-2.6826694719709336,43.392491775852285],[-2.6826793162959821,43.392527821017275],[-2.6826853478170296,43.392554851139835],[-2.6826935535475585,43.392608900681417],[-2.6827032569773284,43.392671958839479],[-2.6827052432864229,43.392734995585677],[-2.682704866248641,43.392807029335799],[-2.6827020788692324,43.39289706622187],[-2.6826977974931934,43.392978094499639],[-2.6826913876296885,43.393023099023928],[-2.6826911997158986,43.393059116349143],[-2.6826886966459305,43.393095127250596],[-2.6826823819574552,43.39312212311448],[-2.6826760190523635,43.393158122405133],[-2.6826758311238885,43.393194140629895],[-2.6826694224598886,43.393239144254096],[-2.6826592009253245,43.393275133736736],[-2.6826566978267752,43.393311144636037],[-2.6826502878963345,43.39335614915516],[-2.6826439261770165,43.393392149346276],[-2.6826376114370682,43.393419145206124],[-2.6826312966914476,43.393446141065482],[-2.6826211690826236,43.393464120981655],[-2.6826063653650083,43.393491093280772],[-2.682590018186267,43.393518061294081],[-2.6825689924149718,43.393554020779831],[-2.6825441562302048,43.393580965223649],[-2.6825216351987051,43.393607916088925],[-2.6825068301668771,43.393634888370798],[-2.6824882159719974,43.393652845614525],[-2.6824695992965699,43.39367080284827],[-2.6824532520085249,43.393697770840852],[-2.6824323213643524,43.393715721643282],[-2.6824013112383138,43.393742648911193],[-2.6823641272676446,43.393769559023362],[-2.6823268950003709,43.393805472549154],[-2.682289710958341,43.393832382636603],[-2.6822548420682275,43.393859299144225],[-2.682230004384452,43.393886243514125],[-2.6822052149652342,43.393904183552351],[-2.6821780632883132,43.393931121480591],[-2.6821432413532058,43.393949033623983],[-2.6820998820694095,43.393975926485659],[-2.6820542558661562,43.393993808568347],[-2.6819985500610861,43.394020667065796],[-2.6819181017319202,43.394056461181826],[-2.6818523633101425,43.394083290802911],[-2.6817943880135346,43.394101139327475],[-2.6817348716942262,43.394118982633557],[-2.6816830701928462,43.394136846481643],[-2.6816212373755191,43.39415468328076],[-2.6815656255266225,43.394163532908394],[-2.6815037926480434,43.394181369643739],[-2.6814442749262222,43.394199213694847],[-2.6813863478181377,43.394208055885663],[-2.6813307358868812,43.394216905398729],[-2.681281297802399,43.394225772090721],[-2.6812465226298761,43.394234679630628],[-2.6812032571486508,43.394243563492921],[-2.6811599928896559,43.39425244734224],[-2.6811144134182396,43.394261324719587],[-2.6810610693777956,43.394279184884681],[-2.6810054101049294,43.394297038566975],[-2.6809597833409642,43.394314920210235],[-2.6809165189961206,43.394323803967048],[-2.6808755225918497,43.394341698495573],[-2.6808422907630356,43.394350610218936],[-2.6808113741280719,43.394359528394347],[-2.6807765503120673,43.394377440114773],[-2.6807247022740834,43.394404307857286],[-2.6806651368315118,43.394431154927744],[-2.6806070662790908,43.394467011501682],[-2.680557533293952,43.394493886533823],[-2.6805040942824285,43.394529754190955],[-2.6804545612007811,43.394556629177906],[-2.6804212333244752,43.394583549428383],[-2.6803901757794781,43.39461948047294],[-2.6803614309428503,43.394655417972707],[-2.6803364974357997,43.394700370577269],[-2.6803154238233629,43.394745333965794],[-2.6802989332837037,43.394799314620826],[-2.6802839849659303,43.394853298683962],[-2.680271399180667,43.394898285791498],[-2.6802649885464285,43.394943290161812],[-2.6802547665326473,43.394979279416873],[-2.6802522133569604,43.39502429457071],[-2.6802519766425204,43.395069316200718],[-2.6802541498450569,43.395096335651687],[-2.6802601331983942,43.39513236931284],[-2.6802638025545438,43.395168397404483],[-2.6802698332562249,43.395195427639358],[-2.6802758664327806,43.395222457880728],[-2.6802780384162141,43.395249477327106],[-2.6802841177053698,43.395267503238664],[-2.6802840703668473,43.395276507564354],[-2.6802940083921452,43.395294544262775],[-2.6803024016953811,43.395312576642112],[-2.6803146562071447,43.395330619814253],[-2.6803330349013987,43.395357684561304],[-2.6803675268913052,43.395402803256871],[-2.6803981589559807,43.395447911154761],[-2.6804187595702063,43.395492990111819],[-2.6804433123532352,43.395520072093348],[-2.6804678663928887,43.395547154073],[-2.6804985471416027,43.395583258521832],[-2.6805454807618077,43.395610402104623],[-2.6806008576196612,43.3956465746069],[-2.6806585970810519,43.395673749221984],[-2.680720148077119,43.395709938906265],[-2.6807817451773279,43.39573712422861],[-2.6808349015495501,43.395755281504307],[-2.6809296368643292,43.395791563681364],[-2.6810282795223497,43.395818852220636],[-2.6811369078503628,43.395855172973938],[-2.6812540715635897,43.395882512956348],[-2.6813858527715273,43.39591889800073],[-2.6815315244945372,43.395955320674503],[-2.6816448310391778,43.395982649515091],[-2.6817434743312125,43.396009937438521],[-2.6818336283975199,43.396037201659482],[-2.6819161108460605,43.39605544001526],[-2.6820000910061439,43.3960826869329],[-2.6820887005478968,43.396109946657766],[-2.6821750431926681,43.39612819555726],[-2.6822651976294685,43.396155459438617],[-2.6823577144537381,43.396173725353606],[-2.6824501830798644,43.396200995516537],[-2.682532620165456,43.396228237757946],[-2.6826104725338054,43.396246462759457],[-2.6826597723420362,43.396264608482568],[-2.6827090697101563,43.396282754177605],[-2.682760636646961,43.396309910603598],[-2.6828222365067567,43.396337094832191],[-2.6828876939921682,43.396364288823762],[-2.6829554210982525,43.396400495327015],[-2.683025463577597,43.396436706406497],[-2.6830870624499075,43.396463890489215],[-2.6831424416010181,43.396500061762509],[-2.6831955512057877,43.396527222265618],[-2.683240991370214,43.396545357045511],[-2.6832902434796133,43.396572506820043],[-2.6833579710626321,43.39660871218463],[-2.6834256974915873,43.396644917505682],[-2.6834872511227124,43.396681105702697],[-2.6835465363910851,43.396708283133734],[-2.6835896134154011,43.39673541569146],[-2.6836227524583958,43.39674451182885],[-2.6836573882000794,43.39676261655255],[-2.683696560888357,43.396798741825151],[-2.6837395912096675,43.396834879552998],[-2.6837887020798261,43.396889041187606],[-2.6838416731051038,43.396943214372584],[-2.6838969114880351,43.397006398255101],[-2.6839460226316696,43.397060560721826],[-2.6839890077327015,43.397105701784177],[-2.6840281340465646,43.397150832168734],[-2.6840626765807425,43.397186944520953],[-2.6840895002007121,43.397223037341362],[-2.6841178206307679,43.397268136943772],[-2.6841422834716022,43.397313226785123],[-2.6841628394819672,43.39736731028637],[-2.6841788128871173,43.397412376673493],[-2.6841971004031682,43.397457449448268],[-2.6842115303077172,43.397502511567893],[-2.6842206747052946,43.397525047954495],[-2.6842820180885405,43.397601755183693],[-2.6843971517847942,43.397872205701162],[-2.6845036488163112,43.397798218202858],[-2.6845520681879136,43.397764579662365],[-2.6847429844910167,43.397877642876971],[-2.684865221523705,43.397950033416329],[-2.6848757237427692,43.398157164794299],[-2.6849075995846503,43.398260803839655],[-2.6849369747981608,43.398400452898152],[-2.6849716814457354,43.398553624212155],[-2.6850178718295097,43.398724836046725],[-2.6850031854019432,43.398877870391217],[-2.6850501479098359,43.39904908432986],[-2.6850849484762565,43.39918424604636],[-2.6851084544787356,43.399265350839585],[-2.6850960078599728,43.399363616368163],[-2.6850947730998365,43.399373366590353],[-2.6850701154197933,43.399450480349138],[-2.6850688827845985,43.39945433536225],[-2.685117131879684,43.399526503833087],[-2.6851902185935992,43.399571726401916],[-2.6852758885040022,43.399571962196383],[-2.6853736963282717,43.399612752252303],[-2.6854712946940742,43.399694059878406],[-2.6854938408341651,43.399811179750145],[-2.6854801612460619,43.399919195541813],[-2.685441829138643,43.400018139074],[-2.6853911712785448,43.400112545558578],[-2.685364416039616,43.400211520908556],[-2.6853134083810302,43.400373459770137],[-2.6848323139457682,43.401015951301837],[-2.6847159574056669,43.401128186192679],[-2.6847150688549246,43.401150694865535],[-2.684704612474198,43.401231705177629],[-2.6846957021762621,43.401312720650743],[-2.6846829314986387,43.401393725478272],[-2.6846763833204386,43.401465743011876],[-2.6846659747617756,43.401537749899866],[-2.6846635179481879,43.401564756470627],[-2.6846633311466221,43.401600773748719],[-2.6846592852135602,43.401636779485081],[-2.6846505603678237,43.401681777667825],[-2.6846402930826252,43.401726772496616],[-2.6846277090698214,43.401771759134512],[-2.6846151262684756,43.40181674667447],[-2.6846025901581747,43.401852729893569],[-2.6845900995097378,43.401879708788627],[-2.6845775633714437,43.401915692004529],[-2.6845650739337477,43.401942670899906],[-2.6845564436418137,43.401969660438482],[-2.6845439062298353,43.402005643646575],[-2.6845313700425018,43.402041625956002],[-2.6845211493291186,43.40207761645221],[-2.6845086118783117,43.402113598755193],[-2.6844960756428087,43.402149581960366],[-2.6844835861203551,43.402176560845476],[-2.684471048621925,43.402212544044012],[-2.6844561968387275,43.402248520855494],[-2.684443660543951,43.402284504053874],[-2.6844310762632762,43.402329491565368],[-2.6844208087129342,43.402374484567645],[-2.684418211540327,43.402428504082707],[-2.6844141653995433,43.402464510704995],[-2.6844139784443946,43.402500527976514],[-2.6844137902539598,43.40253654524443],[-2.684413650037111,43.402563558197741],[-2.6844173690163373,43.402590581800503],[-2.6844172275658731,43.402617594750168],[-2.6844130879375045,43.402671609105951],[-2.6844104439994201,43.402734633835863],[-2.6844039888311486,43.402788641800306],[-2.684397532411511,43.402842650660844],[-2.6843910759801135,43.402896659520458],[-2.6843846207719277,43.402950668382566],[-2.6843783057867681,43.402977664292607],[-2.6843742595839162,43.403013670909836],[-2.6843678966106368,43.403049670232093],[-2.6843653940829784,43.403085682009419],[-2.6843613466346437,43.403121687721615],[-2.6843548913749999,43.403175696579765],[-2.6843483413691578,43.403247714066858],[-2.6843395237879339,43.403310720848175],[-2.6843330672529051,43.403364729699788],[-2.6843289274903674,43.403418744945469],[-2.6843225176878556,43.403463749479151],[-2.6843222359288097,43.403517775372997],[-2.6843220489170028,43.403553791737117],[-2.6843218619001741,43.40358980900146],[-2.684321673648038,43.403625826262136],[-2.6843253458947522,43.403661854178878],[-2.6843274744390855,43.403697877834198],[-2.684327287424531,43.403733895097645],[-2.6843270524255614,43.403778915772783],[-2.6843206425774593,43.403823921203795],[-2.6843119183928912,43.403868919345086],[-2.6842955223981169,43.403904890961947],[-2.684270541199079,43.403958848664047],[-2.6842371175276454,43.404003778605578],[-2.6842184526445472,43.404030740401915],[-2.6841998332829422,43.404048697876384],[-2.6841812151453079,43.404066655351144],[-2.6841625970013383,43.404084611922372],[-2.6841439788370018,43.404102570291322],[-2.6841253606663296,43.404120527756717],[-2.6841005676182692,43.404138467261987],[-2.6840757265242914,43.4041654119737],[-2.6840447585630054,43.404183335308765],[-2.6840199654561805,43.404201276597071],[-2.6839913130445887,43.404219205414904],[-2.6839665199120488,43.404237145790987],[-2.6839394099488514,43.404255079758606],[-2.6839107587184636,43.404273009459807],[-2.6838774738364313,43.404290926345318],[-2.6838465057528578,43.404308849625927],[-2.6838055034547859,43.404326745155238],[-2.6837621387098198,43.404353638580979],[-2.6837226800804288,43.404371538349054],[-2.6836878526000745,43.404389450912817],[-2.6836568831802476,43.404407373237611],[-2.6836320898676909,43.404425314440459],[-2.6836050278235404,43.404434243116548],[-2.6835763751706132,43.404452173629835],[-2.6835245197448936,43.404479042571424],[-2.683468758069115,43.404514906021696],[-2.6834130419830218,43.404541765127199],[-2.683353420862042,43.404577617836644],[-2.6833015170843417,43.404613491886458],[-2.683248070749773,43.404649361640026],[-2.6831985306033492,43.40467623774591],[-2.6831489434833853,43.404712118143323],[-2.6831032144026246,43.404748009209726],[-2.6830598021085379,43.404783905777904],[-2.6830124822360237,43.40482879684194],[-2.6829689759124626,43.404882702900942],[-2.6829440882868596,43.40491865167705],[-2.6829169319888257,43.404945589714394],[-2.6828982180275287,43.404981555597303],[-2.6828795522491715,43.405008517167708],[-2.6828632020647416,43.405035485156347],[-2.6828422194076422,43.40506244029541],[-2.6828135192582891,43.405089374025934],[-2.6827886314556335,43.405125322766359],[-2.6827576156378075,43.405152250059395],[-2.6827304109295902,43.405188191459068],[-2.6826993950538314,43.405215118735867],[-2.6826745528978613,43.405242063134843],[-2.6826496661851746,43.405278011847038],[-2.6826248239813628,43.405304956234772],[-2.6825961236208911,43.405331889908943],[-2.6825627437367028,43.405367815028953],[-2.6825193776994061,43.405394707974502],[-2.6824698366233584,43.405421583758319],[-2.6824202955035616,43.405448459520379],[-2.6823730687321974,43.405475341688785],[-2.6823297495868617,43.40549323025008],[-2.6822926054301974,43.40551113504938],[-2.6822531456177905,43.405529034303115],[-2.682209873469338,43.40553791850747],[-2.682154204203933,43.405555772682554],[-2.6820923598856221,43.40557361056532],[-2.6820327840755565,43.405600457362866],[-2.6819747990687346,43.405618305011728],[-2.6819129534043356,43.405636141893069],[-2.6818572851974611,43.405653995926187],[-2.6817954394625843,43.40567183274365],[-2.6817359105617826,43.405689675975289],[-2.6816717503544569,43.405707506284578],[-2.6816036835551125,43.405734330123018],[-2.6815255822650714,43.405761125977079],[-2.6814366733613841,43.405787890772174],[-2.6813377311705864,43.405814628441561],[-2.6812534546186888,43.405841406902077],[-2.6811831190669517,43.405859219724618],[-2.6811112397127559,43.405877028199036],[-2.6810431724777986,43.405903851701723],[-2.6809751512016944,43.405921670850667],[-2.6809256575122178,43.40593954165363],[-2.6808761613236967,43.405957412428137],[-2.6808266663411899,43.405975283184517],[-2.6807771713296775,43.405993153919326],[-2.6807276762891603,43.406011024632583],[-2.680684356285393,43.406028911665771],[-2.6806510694888108,43.406046828501204],[-2.680626275861254,43.406064768145384],[-2.6805953046873334,43.406082689630281],[-2.6805642874105309,43.406109616319377],[-2.6805294106863129,43.40613653221854],[-2.6804960764648347,43.406163452416394],[-2.6804402641267946,43.406208318677535],[-2.6803929412113132,43.406253208636905],[-2.6803495735850555,43.406280100750493],[-2.6803123336569246,43.406316014417797],[-2.680275141042892,43.40634292376442],[-2.6802417592371355,43.40637884729415],[-2.6802045191799424,43.406414761825758],[-2.6801634196484452,43.406450663750277],[-2.6801238626054005,43.406486570874691],[-2.68008044730635,43.406522467191969],[-2.6800269973950765,43.406558335416911],[-2.6799750899652204,43.406594207933075],[-2.6799340849902773,43.406612102058794],[-2.6799031145638676,43.406630024256899],[-2.6798721441192153,43.406647946446512],[-2.6798388579843615,43.40666586214477],[-2.6798040280481601,43.406683773510842],[-2.6797607060543247,43.406701661086686],[-2.6797112113745114,43.40671953135849],[-2.6796655736533825,43.406737412412532],[-2.6796222528205669,43.406755299038565],[-2.6795789319575767,43.406773186548428],[-2.6795379267410691,43.406791081431216],[-2.6795046879074436,43.406799991824002],[-2.6794551443573718,43.406826866287432],[-2.6794118233944562,43.406844753733488],[-2.6793623272611913,43.406862623849705],[-2.6793127823623095,43.406889498247345],[-2.679259379185758,43.406916361802388],[-2.6792012958440963,43.406952216643496],[-2.6791579747175041,43.406970103992478],[-2.67912082872299,43.406988008651624],[-2.6790859983913724,43.407005919796752],[-2.6790550275149534,43.407023841762516],[-2.6790178814573826,43.407041746387861],[-2.6789806878268987,43.407068655306908],[-2.6789350020720093,43.407095540372602],[-2.6788939488948049,43.407122437527072],[-2.6788544870351121,43.407140336497029],[-2.6788134337873242,43.407167234522603],[-2.6787801470617731,43.407185149008768],[-2.6787453152820424,43.407203060045383],[-2.6786957234750708,43.407238938481221],[-2.6786461792105314,43.407265812589877],[-2.6785943192066894,43.407292680168673],[-2.6785447272375569,43.407328558537962],[-2.6784889587794836,43.407364419521244],[-2.67842928435801,43.407409273932799],[-2.6783858674046321,43.407445168695276],[-2.6783463575453643,43.40747207089202],[-2.6783091144681634,43.407507983889985],[-2.6782742359435039,43.407534899089086],[-2.6782470764070361,43.407561835994983],[-2.6782221836538653,43.407597783710848],[-2.6782096902175256,43.407624761872704],[-2.6781972444381288,43.407642735728771],[-2.6781870654561599,43.407669720400619],[-2.678178479178313,43.407687705115094],[-2.6781745243225048,43.407705701961923],[-2.6781658903629406,43.407732690979458],[-2.678159619782734,43.407750682209141],[-2.6781533479589736,43.407768674335358],[-2.6781493930903202,43.407786671181022],[-2.6781469343486868,43.407813677575767],[-2.6781429317939134,43.407840679625401],[-2.678146647058306,43.407867703395844],[-2.6781486767216021,43.40792173573616],[-2.6781546123639135,43.407966774630665],[-2.6781605969239979,43.408002809224357],[-2.6781704410308542,43.408038854678971],[-2.678178740097374,43.408074895784651],[-2.6781885365562617,43.40811994554084],[-2.6782089955314285,43.408192037711068],[-2.678227091152694,43.40827312856495],[-2.6782490952781108,43.408345225974074],[-2.678267190997289,43.40842631681975],[-2.6782853344206043,43.408498403358557],[-2.6783096544440657,43.408570506367781],[-2.6783279409109308,43.408615579989799],[-2.6783484967400311,43.408669664428224],[-2.6783605602869853,43.408723724978202],[-2.6783726238551204,43.408777785526453],[-2.6783723379907642,43.408831811342054],[-2.6783658279002776,43.408894823187978],[-2.6783571462022358,43.408930817416881],[-2.678346920663802,43.408966805501784],[-2.6783343781126505,43.409002787968859],[-2.6783218844335526,43.409029766135582],[-2.6783031677213769,43.409065731231721],[-2.678278322038643,43.409092674646445],[-2.6782472545322515,43.409128604986819],[-2.6782162346568525,43.409155531016502],[-2.6781852135188768,43.409182457034085],[-2.6781541948235459,43.409209383049983],[-2.6781208578610722,43.409236302532371],[-2.6780860259443795,43.409254213360903],[-2.6780488782411225,43.409272116758864],[-2.6780055551205599,43.409290003657723],[-2.6779660915948669,43.409307901408617],[-2.6779127798868103,43.409316755708588],[-2.6778609655262922,43.409334618637317],[-2.6777991638453362,43.40934344896877],[-2.6777558883372041,43.409352331471233],[-2.6777126605592372,43.409352209656127],[-2.6776755604301261,43.409361109531282],[-2.677630018107207,43.409360981161377],[-2.6776159365439995,43.409541029276411],[-2.6775661033335578,43.409621928702798],[-2.677541575223005,43.409734414984001],[-2.6775728648645738,43.409802036468932],[-2.6776132267160988,43.409905701259241],[-2.6776374258722235,43.410000315139541],[-2.6776748673504791,43.410072456151639],[-2.6776418479673763,43.410184918512464],[-2.6775460085844807,43.41020715940666],[-2.6775146885534826,43.409999969097761],[-2.6769352125171748,43.410097382342038],[-2.6768707158937892,43.409597454887432],[-2.6768028067825873,43.409448690704316],[-2.6766620485388719,43.409353746243426],[-2.6764501779301302,43.409276609309643],[-2.6764595368691326,43.409258626916142],[-2.6764102788183011,43.409231474240777],[-2.6763448571464705,43.409195271364169],[-2.6762894238162871,43.409168102059901],[-2.6762378968801182,43.409131937551116],[-2.6761847781893939,43.409104773848298],[-2.6761293917552202,43.409068600162797],[-2.6760716908656161,43.409032418994109],[-2.6760101292099101,43.408996226858406],[-2.6759694106888996,43.408960093748469],[-2.6759325025706358,43.40893297585783],[-2.6758955944853038,43.408905857955254],[-2.6758586384163325,43.408887744341001],[-2.6758194158718549,43.408860619853556],[-2.675766249575505,43.408842460256643],[-2.6757045922158178,43.408824276556921],[-2.6756529698208387,43.408806121285323],[-2.6755936295190965,43.408787944097263],[-2.6755419578899882,43.408778793072294],[-2.6754864291615195,43.408769631079004],[-2.6754370264713789,43.408769490881497],[-2.6754061017067996,43.408778407547253],[-2.6753752250212086,43.408778319904613],[-2.6753443002431645,43.408787236553586],[-2.6753095158692912,43.408796142236156],[-2.6752785898375655,43.408805058863777],[-2.6752453492791326,43.408813968910358],[-2.6752082010097205,43.408831872285575],[-2.6751672412472489,43.408840760386077],[-2.6751339537643299,43.408858674703303],[-2.6751030276752643,43.408867591283155],[-2.6750720065460434,43.408894516457202],[-2.6750409853893191,43.408921441622617],[-2.6750099629700217,43.408948366775881],[-2.6749812575171168,43.408975298505574],[-2.6749625388533893,43.409011262148653],[-2.6749415513186525,43.409038215803797],[-2.6749251965248027,43.409065182623841],[-2.6749065259531202,43.409092142858341],[-2.6748815836699738,43.409137094131623],[-2.674850416570465,43.409191032136718],[-2.6748254742048805,43.409235983396741],[-2.6747981678622876,43.409289931463853],[-2.6747793513980884,43.409343904568374],[-2.6747605361352935,43.409397877672703],[-2.6747441317458978,43.40943384875947],[-2.6747315400168792,43.40947883512316],[-2.6747228548526194,43.40951482816142],[-2.6747102630907329,43.409559814522041],[-2.6746875868251125,43.409613776629875],[-2.6746603283791797,43.409658721262062],[-2.6746291608134452,43.40971265920043],[-2.6746041698690997,43.40976661380418],[-2.6745754156402066,43.409802549723977],[-2.6745481557908968,43.409847494323884],[-2.6745194014904219,43.409883430228874],[-2.6744860143314102,43.409919352939568],[-2.6744511327356211,43.409946266051065],[-2.6744138870701453,43.409982178656669],[-2.6743766883683397,43.410009086048703],[-2.6743394426299556,43.410044996828546],[-2.6742999775360037,43.410062894207385],[-2.674258920305761,43.410089789671019],[-2.6742217227046043,43.410116697015255],[-2.6741783978630274,43.410134582456081],[-2.67413507299602,43.410152467880394],[-2.674085572625843,43.410170335688854],[-2.6740298955120458,43.410188185869941],[-2.6739619169379587,43.41019699651919],[-2.6738791749524382,43.41022377389649],[-2.6738073366397765,43.410232573446891],[-2.6737454851373914,43.410250405877733],[-2.6736875416190498,43.410259244991991],[-2.6736257384092426,43.410268072161259],[-2.6735662509800968,43.410276907708273],[-2.6735106715861132,43.410276749047036],[-2.6734527280092037,43.4102855880421],[-2.673393288927282,43.410285418302685],[-2.6733353937181179,43.410285252942415],[-2.6732821301261205,43.410285100785075],[-2.6732303620033133,43.410293956409589],[-2.6731685586835909,43.410302785132266],[-2.6731151982312094,43.410320640587798],[-2.6730572061221096,43.410338483677542],[-2.673001431670361,43.41037434194665],[-2.6729457068385893,43.410401195896462],[-2.6728922008541214,43.410446065033057],[-2.6728588621239533,43.410472982969573],[-2.6728278379455594,43.410499907517924],[-2.6727968149747574,43.410526832061201],[-2.6727719662572218,43.410553774262993],[-2.6727494842873312,43.410571718798359],[-2.6727284952306678,43.410598672035121],[-2.6727098232116346,43.410625631899102],[-2.6726934669981874,43.410652598387919],[-2.6726786546523211,43.410679569293137],[-2.6726661581175,43.410706546824883],[-2.672655976166546,43.41073353007998],[-2.6726473393209447,43.410760518657298],[-2.6726371100857018,43.410796507108707],[-2.6726245152751154,43.410841493220239],[-2.6726158298996219,43.410877486088793],[-2.6725993268325396,43.410931465441422],[-2.6725743820831291,43.410976416189115],[-2.6725432119869672,43.411030353538422],[-2.6725120915912388,43.411075285687879],[-2.6724786553045257,43.411120212096357],[-2.672447582100514,43.411156140830528],[-2.6724165100948145,43.411192069559455],[-2.6723878012007849,43.41121899971651],[-2.6723560057185689,43.411245921923559],[-2.6723110385312578,43.411281811712811],[-2.6722676637466107,43.411308700714891],[-2.672218161893487,43.411326566806203],[-2.6721624346072614,43.411353420362374],[-2.6721028973344989,43.411371258534949],[-2.6720349171637632,43.411380068031754],[-2.6720039905750932,43.411388983767573],[-2.6719792881740476,43.411388912915911],[-2.671954537173939,43.411397846351704],[-2.671929834769414,43.411397775489348],[-2.6719028165145682,43.411397697977563],[-2.6718742543595617,43.411397616029575],[-2.6718186253308613,43.411406460835408],[-2.671763044913686,43.411406301321563],[-2.6717136400988015,43.411406159508779],[-2.6716680950353986,43.411406028756232],[-2.6716186902212051,43.411405886902436],[-2.6715754610090809,43.411405762762847],[-2.6715075293905861,43.411405567653361],[-2.6714356905808518,43.411414365710087],[-2.6713654431027796,43.411414163862538],[-2.671285160271589,43.411413933126781],[-2.6711987006039455,43.411413684575535],[-2.6710898568496857,43.411413371582384],[-2.6709601692050513,43.411412998514862],[-2.6708489596057912,43.4114216829174],[-2.6707563255632301,43.41142141626046],[-2.670667551273632,43.411421160643798],[-2.6705772330845434,43.41142090051089],[-2.6704822831947501,43.411420626960961],[-2.6703834735547556,43.411420342207393],[-2.6702807565575628,43.411429049634577],[-2.6701796298195664,43.411428758024265],[-2.6700808201693635,43.411428473009146],[-2.6699843764930464,43.411419191204743],[-2.6698979669682177,43.411409937382736],[-2.6698609622759735,43.411400825229549],[-2.6698278173346068,43.411391726008944],[-2.6697908126591972,43.411382614733547],[-2.6697538569200887,43.411364499155347],[-2.6697130414564723,43.411346372417832],[-2.6696637358124904,43.411328221141567],[-2.6696121131163877,43.411310063150026],[-2.6695651710958659,43.411282914227471],[-2.6695258996401017,43.411264791884228],[-2.6694889452870147,43.411246676224117],[-2.6694519407512529,43.411237564839261],[-2.6694088096203092,43.411219431299557],[-2.6693718540947362,43.411201315598085],[-2.6693286740257154,43.411192186318942],[-2.6692878600403458,43.411174059433492],[-2.6692446800034735,43.411164930122695],[-2.669201499979664,43.411155800795605],[-2.6691583689818903,43.411137667161633],[-2.6691090134185749,43.411128519933683],[-2.66905970813289,43.41111036839748],[-2.669008035533273,43.411101214420761],[-2.6689525056894481,43.411092049254897],[-2.6688908481077664,43.411073862788335],[-2.6688190571496677,43.411073654907831],[-2.6687264727382183,43.411064381417539],[-2.6686461903903829,43.411064148830675],[-2.66856976900681,43.411063927377107],[-2.6685017874408037,43.411072735670459],[-2.6684338562155481,43.411072538736391],[-2.6683659249909804,43.411072341761944],[-2.6682238869781951,43.4110719297759],[-2.6680756734028419,43.411071499689363],[-2.6679213347014632,43.411062046291804],[-2.6677731703727905,43.411052611523715],[-2.6676273219222661,43.411043184194924],[-2.6675014948392644,43.4110428184255],[-2.6674729328636984,43.4110427353788],[-2.6674420550524118,43.411042645590577],[-2.6674111772412679,43.411042555793991],[-2.6673779848295687,43.41104245925699],[-2.667340980743524,43.411033346289742],[-2.6672938908541526,43.411033209301458],[-2.6671990414377724,43.411014925353371],[-2.6671249840458042,43.411005704480793],[-2.6670532425056503,43.410996491203072],[-2.6669915362616234,43.4109873080033],[-2.6669337403457689,43.410969129925398],[-2.6668743993364461,43.410950948217909],[-2.6668474306489949,43.410941865223535],[-2.6668189180770252,43.410932778625238],[-2.6667919494109271,43.410923694717368],[-2.6667611703927472,43.410905597068272],[-2.6667326578606612,43.410896508647632],[-2.6667056892137651,43.410887426520347],[-2.6666564342304691,43.410860269661342],[-2.6666094938838003,43.41083311952886],[-2.6665640986986268,43.410805973882169],[-2.6665210181445067,43.410778834966941],[-2.6664741273312837,43.410742680490053],[-2.6664187464586901,43.410706501229086],[-2.6663672735449304,43.410661328909129],[-2.666324242613225,43.410625185630821],[-2.6662835287860505,43.410589049097716],[-2.6662443082064198,43.410561921341113],[-2.6662074034780079,43.410534800330424],[-2.6661705000126945,43.41050768021185],[-2.6661236096170549,43.410471525590893],[-2.6660743539961711,43.41044436847757],[-2.6660251491303386,43.410408207057735],[-2.6659759430879557,43.410372045613073],[-2.665930548530381,43.410344899714758],[-2.6658813425955508,43.41030873822934],[-2.6658528799720651,43.410290646201219],[-2.6658221027945097,43.410272547402492],[-2.6657913244002072,43.410254448591871],[-2.6657543705449904,43.410236331723809],[-2.6657173671907017,43.410227219132757],[-2.6656657466176372,43.410209059363218],[-2.6656163923424345,43.410199910630645],[-2.6655693538851541,43.410190768649066],[-2.6655261763482008,43.410181637940383],[-2.6654868077043807,43.410181522790559],[-2.6654498044240564,43.410172410113098],[-2.6654150673909238,43.410172308487837],[-2.6653633973820861,43.410163152870844],[-2.6653040080506858,43.410153974638753],[-2.6652423029313312,43.410144790497448],[-2.6651782324391253,43.410144602030485],[-2.6651126689208873,43.410135405622157],[-2.6650509130000635,43.410135224762186],[-2.6649991946863176,43.410135073272961],[-2.6649497400687219,43.410143932826273],[-2.6649003363139916,43.410143788073434],[-2.6648470728913343,43.410143631987879],[-2.6647891791022946,43.410143462305165],[-2.6647274728429751,43.410134276982305],[-2.6646534181381782,43.410125055416557],[-2.664585587375933,43.410106847623801],[-2.6645238824202999,43.410097662194886],[-2.6644684026528687,43.410079490563582],[-2.6644190499012663,43.410070341318622],[-2.6643720614474309,43.410052194557288],[-2.6643266168812176,43.410034053208719],[-2.6642773624213301,43.410006895323157],[-2.6642219337883786,43.409979719288152],[-2.6641665039699962,43.409952543222715],[-2.6641234250945383,43.409925403405737],[-2.6639472017828876,43.409825836925421],[-2.6639164739625802,43.409798733323413],[-2.6638857474047377,43.40977162971673],[-2.663855019639191,43.409744526098137],[-2.66381811771079,43.409717404321306],[-2.6637788987967879,43.409690275720514],[-2.6637296946703533,43.409654114211548],[-2.6636743164324006,43.409617932722846],[-2.6636212527996124,43.409581758915749],[-2.6635696832388152,43.409554594814281],[-2.6635289219244425,43.409527461589526],[-2.6634858436352551,43.409500321532278],[-2.6634527505546735,43.409482215279041],[-2.66342433890284,43.409455118359453],[-2.6633850704686641,43.409436993911562],[-2.663344309315649,43.40940986062099],[-2.663298865542763,43.409391717964134],[-2.6632581032235803,43.409364584639214],[-2.6632127094010589,43.40933743766012],[-2.6631757581104942,43.409319319963899],[-2.6631388056069247,43.409301202252124],[-2.6631018531254251,43.409283084528425],[-2.6630610410492106,43.409264956321735],[-2.6630217728516312,43.409246830848829],[-2.6629747866886877,43.409228683517867],[-2.6629416939036559,43.409210578017316],[-2.662907057300508,43.409192467056052],[-2.6628762303837887,43.409183371750132],[-2.6628454546561802,43.409165272151597],[-2.6628184873673368,43.409156188208854],[-2.6627938358541021,43.40914711018771],[-2.6627691843382646,43.409138033962094],[-2.662744482875163,43.409137961118688],[-2.6627097964076252,43.409128854385727],[-2.6626828291553779,43.409119770411081],[-2.6626520023093883,43.409110675044836],[-2.6626211267298676,43.409110583961791],[-2.6626026493867267,43.409101525014307],[-2.6625841745192429,43.409092466071101],[-2.662567962961464,43.409092418238387],[-2.6625471723419105,43.409083352456314],[-2.6625248366537155,43.409074282111007],[-2.6625063605710935,43.409065223151622],[-2.6624755337794195,43.409056127737898],[-2.6624508823533515,43.4090470505434],[-2.6624262309346713,43.409037973343573],[-2.6624077548778473,43.409028914368278],[-2.6623869130565398,43.40902885284126],[-2.6623707540010186,43.409019800700172],[-2.6623461013703702,43.409010723479462],[-2.6623213999600814,43.409010650544872],[-2.6622905744590879,43.40900155508502],[-2.6622596977010762,43.409001463900942],[-2.6622288709790025,43.408992368420876],[-2.6621979942258527,43.408992277220129],[-2.6621278497144525,43.408974061132227],[-2.6620661462873914,43.408964874380381],[-2.6620068087028299,43.408946690152007],[-2.6619427895678967,43.408937496489479],[-2.6618749609506911,43.408919287092253],[-2.6617970485805333,43.408910052269661],[-2.6617538211866294,43.408909924423277],[-2.6617145034935423,43.408900803690194],[-2.6616735918594503,43.408900682663635],[-2.6616403994017883,43.408900584461513],[-2.6616056631090657,43.408900481681549],[-2.6615786472276963,43.408900401737917],[-2.6615377844973724,43.408891276371918],[-2.6614884319233729,43.408882125861318],[-2.6614390805994232,43.408872975333139],[-2.6613897782152414,43.40885482049292],[-2.6613443856110495,43.408827672773803],[-2.6613012586235425,43.408809536182339],[-2.6612704321386387,43.408800441344837],[-2.6612419716032556,43.408782347270787],[-2.6612212314734038,43.408764276961065],[-2.6611865454498611,43.408755169766955],[-2.6611557692091634,43.408737069711066],[-2.6611188176596308,43.408718952248343],[-2.6610695669386812,43.408691792986886],[-2.6610202648124797,43.408673637987661],[-2.6609771380364697,43.40865550037369],[-2.6609378708473166,43.408637375987524],[-2.6609009194286135,43.408619257554051],[-2.6608662335362885,43.408610150262987],[-2.6608292833906431,43.40859203181008],[-2.6607838409845903,43.408573888155743],[-2.6607368547794112,43.40855573990347],[-2.660685237124782,43.408537577890115],[-2.6606359364742613,43.408519422729164],[-2.6605827247771443,43.40851026037528],[-2.6605271973588467,43.408501091122545],[-2.6604778452561462,43.408491940176766],[-2.6604223178707067,43.408482770873213],[-2.6603667401914604,43.408482605829469],[-2.6603088467760805,43.408482433880195],[-2.6602409700670999,43.408473227806056],[-2.6601977417557432,43.408473099368848],[-2.6601545650218683,43.408463966632382],[-2.6601175144832001,43.408463856523205],[-2.6600828287982714,43.408454748994963],[-2.6600496365895796,43.408454650331969],[-2.6600149509201958,43.408445542783177],[-2.6599755834231211,43.408445425739828],[-2.6599323563677828,43.40844529720605],[-2.6598830044014909,43.408436146003922],[-2.659835917795295,43.408436005955025],[-2.6597927411429532,43.408426873082171],[-2.6597495141016285,43.408426744479328],[-2.659728724132715,43.408417678185991],[-2.6597063878774745,43.408408607287683],[-2.6596816879536687,43.40840853378738],[-2.6596632124993933,43.408399474369681],[-2.6596324368943058,43.408381373904831],[-2.6596016108837008,43.408372277717895],[-2.6595253934608731,43.408336033083188],[-2.6594576683721387,43.408299813686227],[-2.6593960669498253,43.408272616923902],[-2.6593468161286005,43.408245456918479],[-2.6592975161127952,43.408227302082153],[-2.6592544406407179,43.40820016043417],[-2.6592013304007436,43.408172988866319],[-2.6591397304572104,43.408145791969794],[-2.6590758641127374,43.408109583846887],[-2.6590080877986533,43.408082368466452],[-2.6589426790214037,43.408046155669702],[-2.6588787623689969,43.408018951722951],[-2.6588356872319516,43.407991809917398],[-2.6587926133684467,43.407964668099268],[-2.6587456787826036,43.407937514744397],[-2.658702553206536,43.407919377174785],[-2.6586509885036009,43.407892209962668],[-2.6585955630906626,43.407865031201752],[-2.6585340130774577,43.407828829689677],[-2.6584808528961288,43.4078106620737],[-2.6584354636102412,43.407783513205658],[-2.6583884787166716,43.407765364890828],[-2.6583453533698451,43.407747227186732],[-2.6583060875662561,43.40772910009774],[-2.6582505612061227,43.407719930642308],[-2.6581888596501067,43.407710741802667],[-2.6581170727429178,43.40771052721712],[-2.6580429194762774,43.407719309947993],[-2.6579749933067096,43.407719106817439],[-2.6579070152341311,43.40772790702804],[-2.6578452630402349,43.407727722288783],[-2.6577896353700141,43.407736561180897],[-2.6577316919860121,43.407745391314428],[-2.657672254248328,43.407745213408624],[-2.6576042266100788,43.407763019528858],[-2.6575300732124303,43.407771801026222],[-2.6574126412352412,43.407789458172594],[-2.6573051944065531,43.407816149557483],[-2.6572086049151027,43.407833868949176],[-2.6571220501189705,43.407851618345859],[-2.6570354952726714,43.407869367676795],[-2.6569527998980673,43.407887128519462],[-2.6568809111397678,43.407904921726164],[-2.6567982156722691,43.407922682456629],[-2.6567139763467322,43.407940438492886],[-2.6566274200215383,43.407958187510161],[-2.6565447244085734,43.407975948056674],[-2.6564643444697751,43.407993714599101],[-2.6564148407104211,43.408011575654456],[-2.6563677035529571,43.408020437561994],[-2.6563243749986767,43.408038316232847],[-2.6562748711621733,43.40805617722723],[-2.6562191908183248,43.408074017832107],[-2.6561611971862118,43.408091852355106],[-2.6561201842420457,43.408109737910451],[-2.6560830295755329,43.408127635054107],[-2.6560521023321364,43.408136546478794],[-2.656021124125862,43.408154462178246],[-2.6559901968598219,43.408163373586049],[-2.6559592695847583,43.408172284985454],[-2.6559074498133137,43.408190137952587],[-2.6558418376221393,43.408189940517168],[-2.6557738587167115,43.408198740356674],[-2.6557036150678193,43.408198528901124],[-2.655629511878606,43.408198305780381],[-2.6555577754374409,43.408189085303668],[-2.6554566554779648,43.40818878069598],[-2.6553601669684883,43.408188489956402],[-2.6552675890662907,43.408179206487418],[-2.6551726443897978,43.408178920243401],[-2.6550699818705374,43.408178610642572],[-2.6549627377810903,43.408169282690238],[-2.654925737323238,43.408160166613747],[-2.6548910014779534,43.408160061795691],[-2.6548601251711905,43.408159968615209],[-2.6548292488645751,43.408159875426399],[-2.6547984236930966,43.408150777947235],[-2.6547714069290604,43.408150696392909],[-2.6547528811480725,43.408150640466275],[-2.6547304958294498,43.408150572884232],[-2.6547097054740885,43.408141505677122],[-2.6546873201589323,43.408141438086659],[-2.6546687943809295,43.408141382146383],[-2.6546503197598761,43.408132321921208],[-2.6546233554003975,43.408123236053761],[-2.6546010212563376,43.408114164164516],[-2.6545763713981207,43.40810508527634],[-2.6545640720565831,43.408096043689305],[-2.6545107623162667,43.408239953631714],[-2.6545253761751981,43.408249001315809],[-2.6545060029181831,43.408262450343749],[-2.6544809935037668,43.408316401402111],[-2.6544922638342849,43.408370461168722],[-2.6545164519574,43.408460578603282],[-2.654575994625294,43.408577816131825],[-2.6546733613346061,43.408695166947645],[-2.6547336253027414,43.408821411002904],[-2.6547195796020393,43.408983447529714],[-2.6546843579677066,43.409042682209723],[-2.6546821682216506,43.409046365615112],[-2.6546086312668811,43.409082161282036],[-2.6545466218487612,43.409126996158584],[-2.6544984353368841,43.40915339206132],[-2.6544730591243813,43.409167293877282],[-2.6543986975485478,43.409212091351542],[-2.654337510969921,43.409247924165605],[-2.65422661275807,43.409337632358898],[-2.6541272430675202,43.409436380645481],[-2.6541190680401883,43.409459805268355],[-2.6540903128608275,43.409542204315265],[-2.6540895745814019,43.409544319925061],[-2.6540890096828336,43.409643366090791],[-2.6540999712154099,43.409751452453136],[-2.654099263217053,43.409875646665235],[-2.6540992525997869,43.409877512351784],[-2.6540859463313238,43.409937056241958],[-2.6540747489869454,43.409987159958085],[-2.6540731115068259,43.409994490016395],[-2.6540355450754163,43.410084420709602],[-2.6539865289166289,43.410151805663801],[-2.6539118581551953,43.410250628476156],[-2.6538007523320579,43.410376353342969],[-2.6537703125596352,43.410397651219512],[-2.6537046463098504,43.410443595609088],[-2.6536175460050284,43.410285754251532],[-2.6535871214629467,43.410235678487737],[-2.6535846607252291,43.410231628943791],[-2.6536064813697662,43.410195677307698],[-2.6537053902576875,43.410042901492297],[-2.6537928747942576,43.409863078601859],[-2.6538682899995507,43.409633693822038],[-2.6539195430616114,43.409444756720369],[-2.6539572117864867,43.409336817495728],[-2.6539575718478146,43.409273788444004],[-2.6539219592291912,43.409156623027719],[-2.6538742536435524,43.408994399723333],[-2.6538515572894972,43.408778224583465],[-2.6537675209706806,43.408624894786783],[-2.6535857820019344,43.40856186984238],[-2.6535841647690388,43.40856130936983],[-2.6533392630581778,43.408596584103684],[-2.6533189829458732,43.408603957589257],[-2.6531427860884116,43.408668023838608],[-2.6530938754015412,43.40884831806224],[-2.653091530044323,43.408856961508576],[-2.6531249522032194,43.409221740701192],[-2.6531542839213076,43.409491962697693],[-2.6531594304914812,43.409537000477506],[-2.6532058489199142,43.409789264498805],[-2.6532642566002216,43.410104595874813],[-2.6532747557041176,43.41029371990146],[-2.6532370851648417,43.41040165887707],[-2.6531066530825469,43.410513727769604],[-2.6531013270546886,43.410518304774854],[-2.6529053320689289,43.410504203428594],[-2.6526486383988712,43.410440393019954],[-2.652367294830507,43.410367502673544],[-2.6521724601387278,43.410285870351927],[-2.652026360869062,43.410186378033828],[-2.6519784005466995,43.410069174460041],[-2.6519676489646158,43.409925070807006],[-2.6520306932836561,43.409700152712446],[-2.6521058314763879,43.409520292635555],[-2.6521437881133347,43.409362831398539],[-2.6521206327503859,43.409227694446578],[-2.6520117441289353,43.409101301975433],[-2.6518652857365517,43.409064837582271],[-2.6517746985990689,43.409087788721287],[-2.6517423688276054,43.409095979755669],[-2.6515568465491888,43.409275502431569],[-2.6514812810436044,43.409397613615305],[-2.6513955587280225,43.409536138583704],[-2.6512957684049008,43.409706918592875],[-2.6512218669945007,43.409805742000941],[-2.6511240905160696,43.409760421590185],[-2.6510510675439871,43.409706172195229],[-2.6509297777909366,43.409588744397986],[-2.6508072744186224,43.4095478504534],[-2.6505875863759827,43.409493152832752],[-2.6504182956141897,43.409537045330545],[-2.6504159614973699,43.409537650496972],[-2.6503538437074878,43.409600491631615],[-2.6503523971956935,43.409717544848036],[-2.6503763207386046,43.409852683593108],[-2.6504604537261458,43.409988007275373],[-2.6504461374310768,43.410195064577699],[-2.6503474173523993,43.410364007403977],[-2.6503463445921964,43.410365842829194],[-2.6502585597146857,43.4103924742369],[-2.6501259530637022,43.410432702018255],[-2.6499903457266529,43.410522331384179],[-2.6498911215921437,43.410594063114857],[-2.6498347255599,43.410658650323079],[-2.6498075538672179,43.410689768379115],[-2.6498048645500161,43.410692847763627],[-2.6497548365514678,43.410800747740339],[-2.6497901814325182,43.4109629348563],[-2.6499360714396527,43.411098447102574],[-2.6501791224430367,43.411252266174479],[-2.6503005188888582,43.411351686198515],[-2.6503715774176628,43.411613031061059],[-2.6503705186725144,43.411796650674162],[-2.6503704872107274,43.41180211986898],[-2.6502954187390197,43.411968472298973],[-2.6500599583954356,43.412237884030723],[-2.6499132802120289,43.412298939858637],[-2.6498881672924219,43.412309393658596],[-2.6497367615852303,43.412385491092301],[-2.6497279045404629,43.412389942767575],[-2.6495812838737938,43.412380489159631],[-2.6494842859134127,43.412200103307455],[-2.6493649102705668,43.411884583206977],[-2.6492450669477896,43.411650101406273],[-2.6491238275879283,43.411523667457168],[-2.648940730085966,43.411415052364724],[-2.6487464703241126,43.411234368144534],[-2.6485896815076488,43.410981762384957],[-2.6483618460427358,43.410467811232593],[-2.6481195859400684,43.410178925123262],[-2.6479255945722255,43.409953218132088],[-2.6478542876377649,43.40973689218081],[-2.6477694920060584,43.409583555669109],[-2.6476253244515422,43.409285966120024],[-2.6475662656310748,43.409087687473175],[-2.6474698941040207,43.408934315047524],[-2.6472618423156127,43.408870642468798],[-2.6470295491057567,43.408860921302271],[-2.6468092009424127,43.408788206411863],[-2.6466267294482853,43.408706602805744],[-2.6464558882750446,43.40861603042795],[-2.6463594155246235,43.40848066561307],[-2.6463486239017153,43.408345565708593],[-2.6463989713937242,43.408183642450517],[-2.6463758292371962,43.408048505253674],[-2.6462549710358667,43.407859038312651],[-2.6459508220028778,43.407596969340894],[-2.6456957608410598,43.407389077362737],[-2.6454280359787958,43.407235173070639],[-2.6451229975406934,43.407126173652067],[-2.6449274637218632,43.407035522341026],[-2.6447205638485363,43.406908818534014],[-2.6446351997832291,43.406854526678337],[-2.6446248872472529,43.406638388119759],[-2.64462650258666,43.406494323026678],[-2.6445787185906764,43.406350103512288],[-2.6443096999345328,43.406286236043591],[-2.6441136428896881,43.406285626089904],[-2.643856553110453,43.406293830186492],[-2.6437614551630371,43.406332013560316],[-2.6436228889313247,43.406387648874329],[-2.6434571902273607,43.406468073292757],[-2.6433279545210242,43.406530799518244],[-2.643094050723195,43.406665136345175],[-2.642751466115,43.406641555571987],[-2.6425929337770357,43.406560020283692],[-2.6423845786757485,43.406550364491864],[-2.6421272212888081,43.406603586053741],[-2.6418735312696415,43.406700037121396],[-2.6418688275701649,43.406701825079907],[-2.641622755465574,43.406804605253029],[-2.6416107856489099,43.406812314259838],[-2.6413027406695013,43.407010704025339],[-2.6409829376638667,43.407180783909844],[-2.6407244053676893,43.407301531896394],[-2.6405517389851112,43.407391032784993],[-2.6403552498030396,43.407462450522182],[-2.6401590291426418,43.407488846582687],[-2.6400130096598584,43.407380333791757],[-2.6399665411315865,43.407146073047002],[-2.6399683820907214,43.406965990096985],[-2.6399331177895835,43.406794795658762],[-2.6398479728059847,43.406704483168767],[-2.6397873683849546,43.406641261228231],[-2.6397388462217717,43.406623099507264],[-2.6396165444893902,43.406550678660743],[-2.6394463861713398,43.406478107712047],[-2.63929933136128,43.406414612919448],[-2.6392023946030743,43.406360280504252],[-2.6391544085639391,43.4062520758416],[-2.6391564656712645,43.406035976704587],[-2.639167364241163,43.405896458496521],[-2.6391673758318657,43.405896378393592],[-2.639169833685421,43.405864934543303],[-2.6392447900820648,43.405721100893004],[-2.6394429826078301,43.405492112717774],[-2.6395914803741243,43.405312492907868],[-2.6396914017106115,43.405123715423116],[-2.6397306130967881,43.404889723503693],[-2.6396831621656531,43.404691477212133],[-2.6396072385983342,43.40451115455506],[-2.6395294132047851,43.404326313721789],[-2.6393867581228938,43.404172788470412],[-2.6393510912760112,43.404199689322539],[-2.6393154790536548,43.40421758589396],[-2.6392698326753394,43.404235450803895],[-2.6391986882779128,43.404257737474794],[-2.639203212543165,43.404275760631705],[-2.6391080323583727,43.404315980296424],[-2.6389951272875747,43.404351640809494],[-2.6388119027183476,43.404400586704192],[-2.6387817734828545,43.404404993763457],[-2.6387509258894233,43.404400394104186],[-2.638721648767119,43.404391298077641],[-2.63869556611884,43.404364202352674],[-2.6386418529782167,43.404440570394499],[-2.6386233538924606,43.404436008818507],[-2.6385917892002739,43.404422402408997],[-2.6385871045177605,43.404431392045545],[-2.6385777619139552,43.404444869181944],[-2.6385583583681158,43.404462816740768],[-2.6385296912607301,43.404480735016541],[-2.6385087707401587,43.404494175551356],[-2.6384993745667571,43.404516656953085],[-2.6384868641728176,43.404543630730046],[-2.6384681508732757,43.404575087116868],[-2.6384446737451008,43.404629039542201],[-2.6384267067172407,43.404665000501595],[-2.6384017113355922,43.404714445896545],[-2.6383683605591317,43.404741353762475],[-2.6383396677211786,43.404763773228261],[-2.6383086324806935,43.40479068839926],[-2.6382657769202638,43.404858086156658],[-2.6382381442406024,43.404961549815262],[-2.6380497467714221,43.404978046825867],[-2.6380396675487412,43.404978929776064],[-2.6380166992192704,43.404947342436245],[-2.6379813542678536,43.40492021723302],[-2.6379562467595621,43.404903801894505],[-2.6379398356647394,43.404893072473534],[-2.6377352452335812,43.404770864620737],[-2.6376137751503554,43.404689439804777],[-2.6374676595270494,43.404598933192858],[-2.6374492154103897,43.404585368060751],[-2.6373462438594499,43.404508503821909],[-2.6372114907879216,43.404454049776241],[-2.6371644892257367,43.404440394001412],[-2.6368551283144872,43.404284530274623],[-2.6368497340096209,43.404281817215548],[-2.6368518139490202,43.404447594685081],[-2.6368518325673826,43.404448406044338],[-2.6368290062815887,43.404546781814609],[-2.6368288569504417,43.404547384637965],[-2.6369651152319245,43.404736906923127],[-2.6370033857802198,43.404791055049486],[-2.6371495904224496,43.404737492383724],[-2.6372303942208197,43.404778268716747],[-2.63728580720728,43.404805457803285],[-2.637403874252791,43.404810334430934],[-2.6375427828743767,43.404815276994086],[-2.6377287471498341,43.404824870680699],[-2.6378005036689203,43.404829600187696],[-2.6378750258417365,43.404888365050923],[-2.6379312006919626,43.404930364939716],[-2.6379316347216011,43.40493068867282],[-2.637872830039397,43.404994925651202],[-2.6378146971600649,43.405025981562645],[-2.6377657295960906,43.405056976431119],[-2.6377143506231211,43.405083101241551],[-2.6376985130176802,43.405091154164133],[-2.637631491710883,43.405126953275392],[-2.6375464813595184,43.40518425736672],[-2.6375131837201837,43.405206703449167],[-2.6375012314473834,43.40521412844366],[-2.6374527715189817,43.405244235147414],[-2.6374184658371123,43.405263402191061],[-2.6373856371954512,43.405281743698367],[-2.6373555381039964,43.405296534396662],[-2.6373162829212604,43.405315824382598],[-2.6372793337198255,43.405342941124481],[-2.6372583862710446,43.40535831459615],[-2.6372407578254049,43.405376083868127],[-2.6372067458794506,43.405410367532475],[-2.6371784736651569,43.405428817080498],[-2.6371442774430105,43.405451132340552],[-2.6370849106743366,43.405495931041138],[-2.6370816664854542,43.405498378957951],[-2.6370803067804518,43.405500232258859],[-2.6370302240622068,43.405568527763009],[-2.6369812448760062,43.405646414674329],[-2.6369810752278124,43.40564669687523],[-2.6369295847057144,43.405724858530874],[-2.6369088664501898,43.405760339577689],[-2.6368848240747811,43.405801510776335],[-2.6368356857809294,43.405878059057173],[-2.6367833513423635,43.405951261020157],[-2.6367798143059806,43.405956207630311],[-2.6367756821631474,43.405962984753486],[-2.6367529697008441,43.406000236012439],[-2.636728365891797,43.406044182361974],[-2.6367143741809382,43.406065477535115],[-2.6366993828736618,43.406088293982428],[-2.6366681352482351,43.406127158717595],[-2.6366679833878335,43.406127357233224],[-2.6366660743786157,43.406129158358965],[-2.6365988490897592,43.406192588130125],[-2.6365512709611765,43.406228275497902],[-2.636522837688156,43.406249603988464],[-2.6364974385901361,43.406272426047664],[-2.6364467582984235,43.406317964271274],[-2.6363818228509692,43.406396172972755],[-2.6363817414924795,43.406396353703279],[-2.6363817240460974,43.406396379760686],[-2.6363461111108903,43.406475763103082],[-2.6363460034559711,43.406476004079664],[-2.6363460039075566,43.406476547949168],[-2.6363460246724566,43.406495993099007],[-2.6363460262639697,43.406499030300985],[-2.6363460246001633,43.406500134239792],[-2.6363460258534652,43.40650116345104],[-2.6363460237727669,43.406501304814114],[-2.6363460256502789,43.406501403868894],[-2.636346028938052,43.406507047861034],[-2.6363460295643897,43.406507149613184],[-2.6363460296957943,43.406508159911553],[-2.6363460293510568,43.406508217538864],[-2.6363460296949208,43.406508779416882],[-2.6363460349245824,43.406515956870983],[-2.6363460344721146,43.406516032506829],[-2.6363460393761944,43.406523677290217],[-2.6363460394746516,43.406523867284172],[-2.6363460409048325,43.406525486286654],[-2.6363460405331631,43.406525548416106],[-2.6363460414608846,43.40652704495664],[-2.6363460538732135,43.406545202445123],[-2.6363460543771717,43.406545531108698],[-2.6363460575233635,43.406550992310287],[-2.636346057648753,43.406551177802108],[-2.636346057868725,43.406551760389938],[-2.6363460552000055,43.406552619404827],[-2.6363461282844805,43.406552996022718],[-2.6363617589005952,43.406634145094813],[-2.6363617911450232,43.406634742191557],[-2.636366158494992,43.406715635738685],[-2.636362610813149,43.406739691518865],[-2.6363551176543858,43.40679050404534],[-2.6363480765506226,43.406853284005201],[-2.6363459722123914,43.406872040760291],[-2.636348200493758,43.406958295047772],[-2.6363482664202373,43.406958423120429],[-2.6363565057422491,43.406975713527586],[-2.6363839120616572,43.407033222867064],[-2.6364044588390718,43.407069690432714],[-2.6364197873577533,43.407096897449378],[-2.6364285232056885,43.40714062015337],[-2.6364354099408693,43.407175092122493],[-2.6364420617703894,43.407220757660077],[-2.6364600601633921,43.407310393714653],[-2.6364660650009077,43.407325263820653],[-2.6364778239724944,43.40735438372942],[-2.6365179717064566,43.407435806996503],[-2.6365672040921821,43.407514018422717],[-2.6366097639602608,43.407584106432694],[-2.6366834631955225,43.407641238726612],[-2.6367236293114544,43.407668824452578],[-2.6367370063899216,43.407730807560725],[-2.6367370964891879,43.407731644359032],[-2.6367431107707833,43.407786700376775],[-2.636743764211527,43.407792678696502],[-2.6367438304249204,43.407792759046316],[-2.6367501846162407,43.407800650007125],[-2.6367817765940238,43.40783988452911],[-2.6367909449285754,43.407845392847356],[-2.6368442898896229,43.407877444264635],[-2.6368665587561293,43.407900292598868],[-2.6368662793628106,43.407900750937934],[-2.636839816924998,43.407944142124187],[-2.6368319181555075,43.407949394540537],[-2.6367906325064219,43.407976845811909],[-2.6367810486082059,43.40799912836448],[-2.6367664585790562,43.408033049456698],[-2.636766154233432,43.408033756238687],[-2.6367662706030894,43.408034537292842],[-2.636770561577745,43.408063210239312],[-2.6367707939149359,43.408063392866829],[-2.636826313299697,43.408107140755824],[-2.6369113742297294,43.408138110573901],[-2.6369426156538687,43.408159366581039],[-2.6369515823560143,43.408209811781006],[-2.6369426582923383,43.408225016253489],[-2.636924543134425,43.408255879072456],[-2.6369180372480678,43.408266962686653],[-2.6369054723157022,43.408305092594354],[-2.6368933501421514,43.408341878643647],[-2.6368856229295847,43.408373607348452],[-2.6368754951013611,43.408415195489809],[-2.6368128699489555,43.408532483786082],[-2.6367658672210768,43.408609038781634],[-2.6366967205001384,43.40867589046713],[-2.6366676000469957,43.408708478647306],[-2.6366558985749724,43.408771751648743],[-2.6366544486798618,43.408779587203156],[-2.6366543376286149,43.408780189246983],[-2.6366545257183369,43.40878054281842],[-2.6366896595724247,43.408846566899683],[-2.6366898891003889,43.40884701334835],[-2.6366987789524123,43.408908231222952],[-2.6366988811532268,43.408908903278416],[-2.6366985260651776,43.408909419905328],[-2.636677754126231,43.408939625021553],[-2.6366609018251799,43.408964131074619],[-2.6366607722533919,43.408964318855624],[-2.6366295117890322,43.409031109870966],[-2.6366279513730606,43.409089248343726],[-2.6366272822398034,43.409114199304753],[-2.6366272821651791,43.409145821975684],[-2.6366272826882873,43.409197798270384],[-2.6366272828749118,43.409199006665979],[-2.6365938024346853,43.40926255081969],[-2.6365494368622513,43.409292864624383],[-2.6365199656130525,43.409313002118644],[-2.6364596543409746,43.409366737962749],[-2.6364506066287516,43.409431889592597],[-2.6364484178303806,43.409494699361986],[-2.6364483923855953,43.40949544304727],[-2.6364217456620977,43.409526527179644],[-2.6364036735431,43.409547607629463],[-2.6363875811981097,43.409557965589087],[-2.6363454973108595,43.409585053976144],[-2.636287431976458,43.409620880748193],[-2.6362599145296151,43.409645126807746],[-2.6362337790179105,43.409668155354801],[-2.6362267004753068,43.409686549605262],[-2.6362138256185896,43.4097200024394],[-2.6362137076886425,43.409720308214965],[-2.6362138627513825,43.409721020958877],[-2.6362172176843877,43.409736433713476],[-2.636224710124591,43.409770849077653],[-2.6362695259994813,43.409821407445641],[-2.6362829474049754,43.409893113710901],[-2.6362716530413053,43.409976174294428],[-2.6362575360084488,43.410032059525179],[-2.6362515192895142,43.410055876020692],[-2.6362495021325545,43.410137434453645],[-2.6362494797216582,43.410147370773323],[-2.6362493183734776,43.410218910473574],[-2.6362387579968733,43.410251954664346],[-2.6362268986560213,43.410289061123521],[-2.6361845128466652,43.410342763787156],[-2.6361714077119158,43.41037009016501],[-2.6361508882210729,43.410412878773649],[-2.6361374857297948,43.410456860599041],[-2.6361285556896337,43.410502476550306],[-2.6361263025759811,43.410527688993405],[-2.6361246862736842,43.410545765649672],[-2.6361241872147327,43.410551347709742],[-2.6361232452768459,43.410571695628391],[-2.6361218481730719,43.410601847024147],[-2.6361084095135854,43.410702815974815],[-2.6360814813244335,43.410794200000481],[-2.6360704119905156,43.410839809136775],[-2.6360693049888706,43.410862348207154],[-2.6360680910656376,43.410887066909957],[-2.6360700486691244,43.410908326298234],[-2.6360725849382729,43.410935876222482],[-2.6360726608791385,43.410936188917894],[-2.6360855694690213,43.410989575846727],[-2.6360950466536965,43.411028767174699],[-2.6361002601638353,43.411044648671151],[-2.636110550137027,43.41107599162067],[-2.6361213388199589,43.411107590080853],[-2.6361283670048516,43.411128174961362],[-2.6361508498135198,43.411183524694856],[-2.6361685348057722,43.411224529508715],[-2.636175461647285,43.411240590237604],[-2.6361841558691688,43.411258112605076],[-2.6362045441161532,43.411299201650003],[-2.6362289614034027,43.411354737608995],[-2.6362513528120504,43.411408465331974],[-2.6362715019786087,43.411462276863269],[-2.636302708567857,43.411574641546657],[-2.6363384679453099,43.411691972233157],[-2.6363435488923872,43.411704431611867],[-2.6363630607586876,43.411752280165281],[-2.6363882861842454,43.411798314480208],[-2.6363942938164371,43.411809277565354],[-2.6364279075057784,43.411859800236066],[-2.6364577561131393,43.411897793870168],[-2.6364580843637904,43.411898876345646],[-2.6367883560177634,43.412988888963291],[-2.6368676766916321,43.413407844937751],[-2.637111241602009,43.413858838523609],[-2.6374786591818311,43.414125633509457],[-2.637706512895972,43.414364972869222],[-2.6382626025110731,43.414452274370831],[-2.6390465602347533,43.414648346623366],[-2.6397513504587429,43.414916198633442],[-2.6407063002156979,43.415310895358623],[-2.6417548603501864,43.41580492513291],[-2.642631465900982,43.416266892551207],[-2.6434308210514152,43.416476488548909],[-2.6444205409667862,43.416479570201886],[-2.6454423588769491,43.41640620521629],[-2.6461653025856648,43.416349916495903],[-2.6467941656377074,43.416275322920733],[-2.6469517852408577,43.416253298574397],[-2.6471085816679705,43.416240275893728],[-2.6474545725989653,43.416218831980324],[-2.6478794920693867,43.416166115493574],[-2.6484612822676143,43.416086865583942],[-2.6488854279634579,43.416034142078459],[-2.6493728242776582,43.415990616268743],[-2.6497975045633302,43.415978410925192],[-2.6505354121868669,43.416003179307289],[-2.6516502114046956,43.416137144687355],[-2.6527485718502581,43.4163115682883],[-2.654003321658855,43.416544984256468],[-2.6553992849747328,43.416792318695499],[-2.6566849944729629,43.417151859528119],[-2.6576570902481604,43.417406896635427],[-2.6584410722931913,43.417616342571705],[-2.6593990053162053,43.417646212917795],[-2.6605301529553551,43.417627066133868],[-2.6615670360607626,43.417621134065094],[-2.662603667800358,43.417660215763235],[-2.663780186118696,43.417951821428119],[-2.6646731535463095,43.418283103783899],[-2.6654084099591508,43.418654438618994],[-2.6662854846965343,43.419071202938738],[-2.6672703190127236,43.419690874415423],[-2.6678321747228804,43.420151732221107],[-2.6687076552633524,43.420726051442841],[-2.6697236321427504,43.421449341732327],[-2.6706608071337072,43.42218590262042],[-2.6713165403853765,43.422714546550033],[-2.6718152312263297,43.423301263887126],[-2.672219735633913,43.423887709066712],[-2.6726383843104178,43.424573242675862],[-2.6729021152510168,43.425064735936949],[-2.6735581421691639,43.425548345554233],[-2.6743249570612977,43.425964733865591],[-2.6750770151586223,43.426255014257414],[-2.6761431746227569,43.426577694181653],[-2.6773824738819556,43.426869337307274],[-2.6784490151880251,43.427124464626651],[-2.6797659671318219,43.427483834175483],[-2.6806754722864738,43.427797028595364],[-2.6813322532948036,43.428154533833478],[-2.6818318661553007,43.428592637757831],[-2.6821756546524123,43.428854720601947],[-2.6828653587388844,43.429122265325056],[-2.6838845540962937,43.429435738287324],[-2.6852957226997667,43.429808811945968],[-2.6865349659484097,43.430131873713378],[-2.6878209085002056,43.43053608915644],[-2.6887759976402843,43.431011424482229],[-2.6895584968657009,43.431414248186009],[-2.690622992350427,43.431943892279193],[-2.6916248868475088,43.432486863325039],[-2.6923297726762798,43.432821925657372],[-2.6928954688708169,43.432890981041339],[-2.6933515349342771,43.432802161812525],[-2.6936982404695411,43.432654519295085],[-2.6940773561703546,43.432358390728155],[-2.6944885366053914,43.431981306948813],[-2.6949952600468072,43.431491921512524],[-2.6953601173753126,43.430957133936481],[-2.6955685075380407,43.430363399192203],[-2.6955105585889645,43.429755449444855],[-2.6955099350612413,43.429754382563587],[-2.695231112939386,43.429277471587852],[-2.694905227374738,43.428668805233563],[-2.6945472783938671,43.428141091912103],[-2.6942995288431391,43.427658695002393],[-2.6942994585417375,43.427658425582671],[-2.6941768026447246,43.427190138545832],[-2.6940716562865874,43.426604571630861],[-2.6939643086736478,43.426149561715441],[-2.6939819787904549,43.425861468774102],[-2.6940783369342731,43.425587092960491],[-2.6942209757734181,43.425474919312876],[-2.6946923827577334,43.425395140933347],[-2.6950537156173922,43.425400608144372],[-2.6955255521439945,43.425388359658804],[-2.6961695508619608,43.425381068971248],[-2.6964838063788967,43.425381904370603],[-2.6970027873158653,43.425360770494784],[-2.6974748934616635,43.425294488211179],[-2.6977902260795776,43.425079216988301],[-2.6980913572132543,43.424769361066012],[-2.6984087570595547,43.424292965597978],[-2.6986476423497727,43.423766838958642],[-2.6988404217322515,43.423195568286062],[-2.6989708808605068,43.42257911021921],[-2.6990832798517834,43.422178710415672],[-2.6992439477100421,43.421697397673],[-2.6994816104977479,43.421414384215822],[-2.6997643683145132,43.421379110146646],[-2.7002357063057261,43.421461386385339],[-2.7005801346026623,43.421601858082198],[-2.7008922355745786,43.42181857553539],[-2.7008925322797426,43.421818781612124],[-2.7010305642675658,43.422323389896484],[-2.700933330415253,43.422782359070105],[-2.700662062638385,43.423303904516956],[-2.7005168157899195,43.423947338055321],[-2.7005121149426294,43.424586162755588],[-2.7005121113590671,43.424586639079628],[-2.7008235017180948,43.425010661534564],[-2.7011506724771506,43.425367191264819],[-2.7015122049570675,43.425332117837648],[-2.7020796210237568,43.425117493377421],[-2.7025374494094647,43.424812536064152],[-2.7028691082947027,43.424570280039106],[-2.7031537986412202,43.424300887890993],[-2.7035324840361272,43.424072259500171],[-2.7038314552217186,43.423960479907613],[-2.7043185459385186,43.423984251394778],[-2.7048520649070147,43.424066670234872],[-2.7055741036768475,43.42420359858707],[-2.7063896091907531,43.424412798597608],[-2.7075193059980487,43.424636303413294],[-2.708445068392126,43.424800748629657],[-2.7091352298652898,43.424987097478073],[-2.709981662241983,43.425272887111589],[-2.7106547374163128,43.425643773884438],[-2.711030120406229,43.425941869533034],[-2.7114191260828582,43.426460605469913],[-2.7120267036615884,43.427214006197865],[-2.712606593803955,43.427458584948255],[-2.7136884575247278,43.427771952588735],[-2.714409093048487,43.428138433978525],[-2.7148771791671726,43.428598827685512],[-2.7153128100171005,43.429230222369178],[-2.7158902089405665,43.429848461018089],[-2.7165465221042226,43.430354337264681],[-2.7173932834265795,43.43067609113497],[-2.7182238153687921,43.431002300933116],[-2.7191337692170667,43.431189131527844],[-2.7201081845628563,43.431214033411948],[-2.7209253190057932,43.431184517754176],[-2.7217113040181227,43.431127906347733],[-2.7224337532363601,43.431201699191298],[-2.7230761915623658,43.431464385309745],[-2.7239524985903909,43.432006769963706],[-2.724812542547693,43.432648157134736],[-2.7256262716911728,43.433203884854514],[-2.7263614312394795,43.433718898956265],[-2.7270183020324108,43.43421571263282],[-2.7278317675706516,43.434753415092523],[-2.7286932850520889,43.43516966726903],[-2.7293523510669022,43.435355820938767],[-2.7299482558997945,43.435505803178749],[-2.7306703680950379,43.435669587118795],[-2.7313278741589726,43.4360358145411],[-2.7320473239054048,43.436541749650921],[-2.7323893188587678,43.436937357193635],[-2.7325621215342553,43.437137246609389],[-2.7325630106805949,43.43713848949433],[-2.7325630377102472,43.43713852467468],[-2.7332943758636876,43.438160958139591],[-2.7340113543890761,43.439063069990461],[-2.7349163672592476,43.440064661533484],[-2.7359004031864838,43.441016905040655],[-2.7366651306956693,43.44187859034529],[-2.7373825803803342,43.442654020488867],[-2.7373831363513141,43.442654621457777],[-2.7379272992769965,43.443538302301612],[-2.7381267752886931,43.444295130234117],[-2.7383579821260415,43.445038523751244],[-2.7386207323383878,43.445655250343911],[-2.738621021073635,43.445655929033762],[-2.7391209403369419,43.446152314261113],[-2.7397779160520912,43.446680570996733],[-2.7404185863195818,43.447231298747411],[-2.7412777130047354,43.448088673369028],[-2.7420590174928234,43.44881530154322],[-2.7425900245668449,43.449343146024418],[-2.7425901402564783,43.449343260640383],[-2.7428857890840983,43.449748476141515],[-2.7428950799349883,43.449761210307962],[-2.7428960199584758,43.449762498246209],[-2.7429215431111009,43.449797476394906],[-2.7429261707277344,43.449803818674653],[-2.7429476647034767,43.449833277081929],[-2.7429487853669161,43.449834811245196],[-2.7431645244057958,43.450510627670837],[-2.7433802669755969,43.451186444519109],[-2.7435799498217852,43.451916251100357],[-2.7437807857874512,43.452465971513206],[-2.7442475859392834,43.453236897328118],[-2.7447455734034434,43.45395734833675],[-2.7447462785807479,43.453958368304896],[-2.7453869194547313,43.454545087655532],[-2.7461994162425944,43.455325782399257],[-2.7469654984457565,43.456034332751209],[-2.7475751380139228,43.456562443569283],[-2.7481066579388216,43.457022843606879]]]},"properties":{"OBJECTID":1,"SITE_CODE":"ES0000144","SITE_NAME":"BBE Urdaibaiko Itsasadarra / ZEPA Ría de Urdaibai","AC":"PAÍS VASCO","TIPO":"A","HECTAREAS":3242.2854495800002,"SHAPE.AREA":0,"SHAPE.LEN":0}},{"type":"Feature","id":2,"geometry":{"type":"MultiPolygon","coordinates":[[[[-1.784662443382788,43.349235313869919],[-1.784665929206682,43.349239943169167],[-1.7846698280120328,43.349244467003345],[-1.7846702477537042,43.349244146404637],[-1.7847003337099687,43.349221110477707],[-1.7847009657392616,43.349221528696361],[-1.7847187480714299,43.349207496993287],[-1.7849581699528472,43.34901857743408],[-1.7850710715339624,43.348931373367733],[-1.7851135625711037,43.348898554355053],[-1.7851476712456626,43.348860267038155],[-1.7851554622795438,43.348837170628194],[-1.7851578794578618,43.348833765622679],[-1.7851626519114701,43.348814594587381],[-1.7851631404857269,43.34879010055333],[-1.7851586032290991,43.348776139624789],[-1.7851333029527807,43.348745402597856],[-1.7851101211878373,43.348697100639299],[-1.785105070948404,43.34862015734798],[-1.7851067321622285,43.348536877810751],[-1.785123595461358,43.34846177010472],[-1.7851444964445227,43.348404324237457],[-1.7851822574338461,43.348339663040953],[-1.7851908677651311,43.34832175737364],[-1.7851902361477536,43.34831995788398],[-1.7851984495881965,43.348290030700753],[-1.7852213074608634,43.348216988338841],[-1.7852509884493897,43.348132004751669],[-1.7852832374680727,43.348051821676734],[-1.7852836188348695,43.348051259349589],[-1.7852909108569845,43.348039936309078],[-1.7854486338122377,43.347795035380813],[-1.7856028883688062,43.347524827383161],[-1.7856209737635618,43.347493146485341],[-1.7856239600893866,43.347488172639629],[-1.7855920154738214,43.347314946716473],[-1.785465885556514,43.346819626431028],[-1.7853374692127071,43.346280424738964],[-1.7853112483075622,43.346179400238135],[-1.7852064864537649,43.345911709668449],[-1.7850870335906168,43.345628242044],[-1.784980784226994,43.345363283592754],[-1.7848699247567028,43.345044969851124],[-1.7848204621299848,43.344815858830813],[-1.7848165232998146,43.344806799044449],[-1.7848077742505446,43.344769772624097],[-1.7847988806486197,43.344714203654355],[-1.784793712656394,43.344681907491761],[-1.7847767658827234,43.344580161089695],[-1.7847596797960825,43.344485338506921],[-1.7847233001758418,43.344406469333187],[-1.7846868285784723,43.344332214838303],[-1.7846695414014191,43.34431135966107],[-1.784640500602946,43.344276322758837],[-1.7845908282793206,43.344229629155272],[-1.7845412008739103,43.344180626371973],[-1.784491252399359,43.344147779497597],[-1.7843879614472042,43.344093589678195],[-1.7843636411857524,43.344082049509041],[-1.784158583332913,43.343984747686875],[-1.7841447023473214,43.343982213031907],[-1.7838994953629645,43.343886319875232],[-1.783128808631556,43.343674351528193],[-1.7829516925611704,43.343640951230491],[-1.7828273719653474,43.343620358619361],[-1.7826643909411968,43.343589629561556],[-1.7825139450721184,43.343518153626675],[-1.7821740351953175,43.343308963294703],[-1.7821634822187791,43.343302090389592],[-1.7819338733919705,43.343152564872852],[-1.7818094013015822,43.343071504811711],[-1.7816383721320497,43.342943620830809],[-1.7814682034666465,43.342852934047471],[-1.7811853846146803,43.342744298222527],[-1.7811722485374881,43.342759555790998],[-1.7810552917501139,43.342716348577902],[-1.7810492509885487,43.342715506206858],[-1.7810406095253941,43.342720582638464],[-1.7810021120869177,43.34271041508584],[-1.780969176975937,43.342704345299182],[-1.7807543638921568,43.342664754406158],[-1.7805484057904699,43.342647770404561],[-1.7803621949601076,43.342656539499259],[-1.7801497984545347,43.342685194389368],[-1.7800748002969429,43.342693496943099],[-1.7800741058568565,43.342693797486575],[-1.780031589576148,43.342701410100005],[-1.7799555313273521,43.342706400243294],[-1.7798757583523772,43.342711634341974],[-1.7798729738625707,43.342711817137896],[-1.7797202058889019,43.342706154022686],[-1.7796263141941326,43.342703807737323],[-1.7794957258433211,43.342694347926276],[-1.7794806040712885,43.342692744027119],[-1.7794744368186597,43.342692735833737],[-1.7793813633723374,43.342680894807479],[-1.779324839804743,43.34267370294301],[-1.7791024170389089,43.342651163145938],[-1.7789295807050804,43.342635874194642],[-1.7787971780075198,43.342625049852039],[-1.7787500968604733,43.342622567902481],[-1.7787130402894684,43.342620613497886],[-1.7785912137789841,43.342614189772632],[-1.7785678939561129,43.34261190750253],[-1.7785553518025417,43.342610680404988],[-1.7783649629874581,43.342603228769811],[-1.7783612392213595,43.342602693747104],[-1.7783529195104173,43.342601497326591],[-1.7783469666656047,43.342600641344887],[-1.7783427680465409,43.342600038217874],[-1.778333095283025,43.34259654832109],[-1.7783244795796331,43.342593439797902],[-1.7783221645818315,43.34259260466861],[-1.7783004373787927,43.342590329452854],[-1.7782203232493228,43.342581940455943],[-1.7781958019727289,43.342578296410679],[-1.7781844799035473,43.342578180847951],[-1.7781437414366337,43.342572191656657],[-1.7780215341336862,43.342543613264972],[-1.7777948811507269,43.342532424427311],[-1.7777153825892746,43.342555281615802],[-1.7776968921406133,43.342560598296252],[-1.777596183084581,43.342511899223005],[-1.7775930169076481,43.34251001496915],[-1.7775906895576481,43.342509242724006],[-1.7775382835701907,43.34248390144527],[-1.7772403381549646,43.342388725068105],[-1.777230599077309,43.342385163234013],[-1.7771978006610643,43.342373171610852],[-1.7768446777788294,43.342266091929901],[-1.7766843835283734,43.342232697065086],[-1.776682535614333,43.342232441381569],[-1.776678874196512,43.342231936685621],[-1.7765482679290583,43.342206426526815],[-1.7763730047764466,43.342161693885352],[-1.7761812543293725,43.34211819643027],[-1.7761431727380705,43.34210955794272],[-1.776135872543799,43.342111598558127],[-1.7761078815831997,43.342112660465084],[-1.7761024589580205,43.342112866260457],[-1.7760764198444414,43.342110791196113],[-1.7760524619750178,43.342107612847371],[-1.7759914179848963,43.342090401252051],[-1.7759631162926872,43.342083657461124],[-1.7759568788806133,43.34208217070055],[-1.7759402943976836,43.342076932697964],[-1.7757963507264356,43.342038178378033],[-1.7754487385806259,43.341944587983512],[-1.7754255014909996,43.341938331404116],[-1.7752639876763887,43.341909714545672],[-1.7752618699230578,43.34190981072377],[-1.775235094868544,43.341911025908139],[-1.7752160536255854,43.341911889902455],[-1.7751881975261379,43.341911034185152],[-1.7751640797411954,43.341910293237063],[-1.7750816765890167,43.341907761918442],[-1.7749399346545571,43.341903554880645],[-1.7747520178943783,43.341905574760268],[-1.7746487065350307,43.341908526121451],[-1.7745712032615872,43.341910740044717],[-1.7745124311417375,43.341912418081414],[-1.7744440723022257,43.34190714278084],[-1.7744085064979014,43.341904397961855],[-1.7744049231790113,43.341904121842127],[-1.7743708232254602,43.341901489968933],[-1.7742589928424686,43.34190132508833],[-1.7742253171655482,43.341901274786494],[-1.7741916002385576,43.341899105290771],[-1.7740960716623209,43.341892956860619],[-1.7740248071914904,43.341888370515704],[-1.7739626161464921,43.341885956923505],[-1.773773401272279,43.341878612880798],[-1.7737776932853198,43.34174831170801],[-1.7736089408311277,43.341730260829692],[-1.7735289162120469,43.341726154713363],[-1.77352826696785,43.341727334533935],[-1.7728283951841024,43.341700275996686],[-1.7724329406672132,43.341684416011645],[-1.772322681780065,43.341682692132522],[-1.7721327914665606,43.341683804987383],[-1.7718497325498073,43.341698324066648],[-1.7713772074522658,43.341730412390575],[-1.7712377762158251,43.341739880802535],[-1.7712200481957305,43.341741084201928],[-1.7706380217997026,43.341779781656406],[-1.770382962553577,43.341796738450142],[-1.7703219431954642,43.341800404459782],[-1.7697505282138566,43.341841171760031],[-1.7689717369432467,43.341893570873609],[-1.768827140019954,43.341906061151519],[-1.7688222309132191,43.341906496340258],[-1.7685574599299563,43.341929990669882],[-1.7682562280378535,43.341964565114402],[-1.7677617159199488,43.342027491247137],[-1.7675823670230661,43.342050230706072],[-1.7672288620828009,43.342095134447803],[-1.7672184831452737,43.342096398439665],[-1.7670873413127481,43.342112374903778],[-1.7670862628483681,43.34211250644708],[-1.7667144565970534,43.342159462392424],[-1.7664411891387004,43.342195954423026],[-1.7661415266964493,43.342238193981331],[-1.7654729853789892,43.342341102975595],[-1.7654626484872447,43.342342662606917],[-1.7652562980030222,43.34237379078553],[-1.7652516137079139,43.342374513688462],[-1.7647362248301008,43.342454021573836],[-1.7647064346502466,43.342458617101315],[-1.7646823730802725,43.342501398337006],[-1.7646379738186688,43.342531083542205],[-1.7644071743756804,43.342608639415651],[-1.7642293938471878,43.342681635242222],[-1.764002728088659,43.342804707307302],[-1.7637193277902068,43.342987675326405],[-1.7634594759285336,43.34313487956998],[-1.7631611283746165,43.343300396073978],[-1.7627835571021528,43.343478831480233],[-1.7624498987218706,43.343627215860685],[-1.7622392657962094,43.343701653932335],[-1.7618970398351712,43.343785832471418],[-1.7615482502632238,43.343859043551497],[-1.7612087178704687,43.343895615803433],[-1.7610578876021532,43.34385031037305],[-1.7610002832005014,43.343825464381759],[-1.7609724895701659,43.343831573498491],[-1.7609149583123487,43.343836189825218],[-1.7608127594494043,43.343866681655612],[-1.7606888652359274,43.343903646574979],[-1.7606489376613268,43.343910296745186],[-1.7606130878776263,43.343916268040758],[-1.7605866495939051,43.343918943959331],[-1.7605553863396295,43.343917727191425],[-1.7605096364787172,43.343917231330806],[-1.7594018204191768,43.343905218658904],[-1.7591851511712493,43.34390642108221],[-1.7591168289791546,43.343889855374869],[-1.7590576126005102,43.343875497273636],[-1.7588629920752659,43.343828308164539],[-1.7587969153882315,43.343814593124698],[-1.7587466908057936,43.343804167439444],[-1.7583649422018393,43.343724927275147],[-1.7583030563448214,43.343712081356273],[-1.7581310263680043,43.343672905302583],[-1.7580669591820417,43.343649598542498],[-1.7580657675814939,43.343649165095094],[-1.7580012551219979,43.343630333162295],[-1.7577575649534938,43.343559195034736],[-1.7573375316547248,43.343382619161545],[-1.7568384338724448,43.343133327886335],[-1.7567462017835296,43.343078331993929],[-1.7565416788795054,43.342974561843072],[-1.7562552842376564,43.342829251359937],[-1.7553369243976937,43.342284989448714],[-1.7546873862798178,43.341901819518711],[-1.7543663383364563,43.341705001606506],[-1.7541284701094844,43.341534485097277],[-1.7541124119821139,43.341522973581142],[-1.7538522718070737,43.341291668097838],[-1.7538501912886177,43.341289460953263],[-1.7538049309965871,43.341241430688711],[-1.7536849419935965,43.341114098042638],[-1.7536566712034019,43.341077645272875],[-1.753560286333248,43.340953364716412],[-1.7535089917225244,43.340887224594603],[-1.7534853104110202,43.340849146983032],[-1.7533318204484052,43.340602340955243],[-1.753294419076592,43.340533419448029],[-1.7532320436275921,43.340418475970154],[-1.7532271887284321,43.34040372421606],[-1.753046433342915,43.339854563450693],[-1.7530406659217646,43.33985564862747],[-1.7530046483912456,43.339862422510855],[-1.753003766705117,43.33985728037365],[-1.7529969154389233,43.339830372474466],[-1.7529281495138043,43.33962792345045],[-1.7529751081880929,43.339617418606387],[-1.7529320428984936,43.339396434177573],[-1.7528284975335793,43.338865101777209],[-1.7526675807773473,43.337967892339073],[-1.7526347178404293,43.337821718865314],[-1.7522947878190644,43.337198322120592],[-1.7522891330719967,43.337187953053359],[-1.7522855756594289,43.337179201553475],[-1.7522562304068792,43.337107033227213],[-1.7522135457544574,43.337002054873153],[-1.7522029516136506,43.336965364181893],[-1.7521549597464727,43.336799147290265],[-1.7521274523254733,43.336703877402726],[-1.7521086790987244,43.336612152413061],[-1.752094858023721,43.336544620537047],[-1.7520790394364996,43.336441629021188],[-1.7520809916656506,43.336346310503906],[-1.752082627202183,43.336339153620301],[-1.7520826868860251,43.33628931924509],[-1.7520827294053682,43.336253513586669],[-1.752105541330067,43.336114305476841],[-1.7521065929931645,43.336107889589194],[-1.7521410922252627,43.336025525216812],[-1.7521580175496425,43.336001712188747],[-1.7521876762181292,43.335951866714709],[-1.752244843256394,43.335869765850596],[-1.7522797056299708,43.335825194296199],[-1.7522809787175619,43.335823566678258],[-1.7522919562221744,43.33580725155813],[-1.7523048997443667,43.335795590667274],[-1.7523281061231004,43.335774681636799],[-1.7523828241724324,43.33574113739769],[-1.7524043981851425,43.335729520225733],[-1.7525113613527625,43.335671920555718],[-1.7528644009950831,43.335473483861357],[-1.7530570650737283,43.335357115255277],[-1.7531740239057374,43.335248091577363],[-1.7532182986520439,43.335188147331195],[-1.7532313195734894,43.335170518138654],[-1.7532488520996596,43.335146779097819],[-1.7532895652346256,43.335071647835179],[-1.7533117675672418,43.334962557140642],[-1.7533206750108448,43.334918793647262],[-1.7533322609325392,43.334853123650127],[-1.753352327735525,43.334739393089997],[-1.7533575083992095,43.334486170133147],[-1.7533558081586353,43.334467075703991],[-1.7533558331403218,43.334466819349913],[-1.7533513550299866,43.334386278991595],[-1.7533460804651599,43.334346176070021],[-1.7533336832545849,43.334251932875105],[-1.7532637684869348,43.33387585592898],[-1.7532601002467436,43.333856124138201],[-1.7532457901632525,43.333813422172],[-1.753200440800492,43.333678093541678],[-1.7531960191912987,43.333667511045853],[-1.7531654005903845,43.333594238591594],[-1.7530929427333231,43.333442898911748],[-1.7528830962772353,43.333120133792406],[-1.7527044835525427,43.332867767057628],[-1.7526424778038709,43.332804485610403],[-1.7525800438575219,43.332762068141626],[-1.7524648981777222,43.332701188311908],[-1.7523804048374649,43.332639152540153],[-1.7522540471891592,43.332527470504658],[-1.7519647694619493,43.332294762894506],[-1.751759375254718,43.332153896079411],[-1.7516830498986216,43.332091948941979],[-1.7515526724760604,43.331977240876327],[-1.7514501862543808,43.331903120326693],[-1.75144804212809,43.331901568864566],[-1.7512525818241862,43.331774225300933],[-1.7511766184848847,43.331729632428022],[-1.7510326560206106,43.331645123072697],[-1.7509563861286936,43.331605391802995],[-1.750731621703405,43.331488303894631],[-1.7505477110948338,43.331395368788925],[-1.7503428564916179,43.331311865387867],[-1.7502095356640757,43.331257520891072],[-1.7498126184988427,43.331096670018326],[-1.749810817426722,43.331095896657416],[-1.7495919949307457,43.331001841785415],[-1.7493573874217703,43.330891953349663],[-1.749240053399485,43.330838499304782],[-1.7491905957820031,43.330825860910942],[-1.7491059904976571,43.330804240610561],[-1.7489170529215849,43.330757455972488],[-1.748471474306357,43.330679541034108],[-1.7484272608925262,43.330672890925385],[-1.7483916559548196,43.330665041076877],[-1.7483634517160027,43.33065882368075],[-1.7483604640465318,43.330657510550346],[-1.7483390626606796,43.330653446728292],[-1.7479908578360184,43.330576680263761],[-1.7477682553454963,43.330527604514032],[-1.7470981959228571,43.330423482158366],[-1.7470173178644508,43.330409141616784],[-1.7466184746205733,43.330338421801379],[-1.7462662680891825,43.330273435359047],[-1.746215322203956,43.330265379730548],[-1.7457701312471723,43.330194983526894],[-1.7452090252676853,43.330109024653432],[-1.7445388702232529,43.330009980964832],[-1.7444104401438856,43.329989132187137],[-1.7439676300346136,43.329917247763305],[-1.7439106456367206,43.329907997430404],[-1.7435396657841451,43.329851285775653],[-1.7433795122479199,43.329825199684755],[-1.7430366312767984,43.329769349826108],[-1.7423132107185422,43.329659520004661],[-1.7416291134890578,43.329560305033183],[-1.7411562780355916,43.329480391343225],[-1.7407261265634735,43.329414979138498],[-1.7405712734539458,43.32937908671834],[-1.7401596473830894,43.329302517297577],[-1.7397010129070691,43.329184908373449],[-1.739378451648748,43.329085934908775],[-1.7392694066197798,43.329034493455012],[-1.7391443080423163,43.328976034230074],[-1.7390775169613428,43.32893744675566],[-1.7389253941342246,43.328631589472721],[-1.7388568799653303,43.328288665187607],[-1.738804627812349,43.327833454710991],[-1.7388612236572543,43.32744688784782],[-1.738987875969157,43.326953040123577],[-1.7390754588510997,43.326517290332681],[-1.7391312085121646,43.326207251692267],[-1.7392033056093466,43.325816443277347],[-1.739345267170662,43.32536328379733],[-1.7394944268979,43.325009252349901],[-1.7396870330379837,43.324683889712595],[-1.7397631854962825,43.324607907485699],[-1.7402624572136571,43.3240300173332],[-1.7403917476120838,43.323855224403268],[-1.7403978579378654,43.323846017122541],[-1.7403986107995588,43.323845395103369],[-1.7403988374287498,43.323845051828705],[-1.7406841224372194,43.323577145363906],[-1.7409890731466302,43.323143877264144],[-1.7412556395604819,43.322741611365608],[-1.7416242867661729,43.322137867962368],[-1.7418597435204184,43.321712747129354],[-1.7420550310385126,43.32129168616143],[-1.7419111683082891,43.321276686995077],[-1.7417855240345821,43.321275304722704],[-1.7417107103962899,43.321278983822772],[-1.7416528819731469,43.32127834754057],[-1.7415233457110872,43.321357962223388],[-1.741417236511974,43.321455753439942],[-1.7413351386513143,43.321549396645267],[-1.7412518093738443,43.321625017333126],[-1.7411756940190382,43.321691712914195],[-1.7410772607475926,43.321758162765036],[-1.7410011146930373,43.321820355664407],[-1.7408945410759296,43.321904724641321],[-1.7408100140399396,43.321930807334383],[-1.7403583819120743,43.321966353743029],[-1.7401394263067143,43.321968444067267],[-1.7400574601761531,43.32197204328844],[-1.7398893355923928,43.321979195360882],[-1.7396935306399581,43.321977037691759],[-1.739451424293871,43.321983373792115],[-1.7393912524985937,43.321982710535309],[-1.7392641272575191,43.321981309165331],[-1.7392388692197689,43.32197826094658],[-1.7392154330489626,43.321978002576429],[-1.7390109088647099,43.32195323648633],[-1.7388339961836834,43.321940392071461],[-1.7386131547319368,43.321929198721996],[-1.7383936156201933,43.321917772591107],[-1.7382771548738687,43.321925492221297],[-1.7381531123736038,43.321924123627056],[-1.7381250942947515,43.322036899567323],[-1.7380769587658782,43.322037824446539],[-1.7380767403892892,43.322037828339965],[-1.7380557324653503,43.322038231340237],[-1.738000313835856,43.322039294628482],[-1.7379759141897611,43.322039762836603],[-1.7379756821371373,43.322038640122216],[-1.7378600765039642,43.322041381198545],[-1.7378243583095143,43.322042228707161],[-1.7377157576051481,43.322044803828369],[-1.7376639559376865,43.322172743558475],[-1.7376285327052583,43.322260233276673],[-1.7376019010617869,43.322346204631785],[-1.7375687931845947,43.322453079453325],[-1.7375094746323649,43.322625580184223],[-1.737407932277057,43.322818054820125],[-1.737331464842951,43.323046516956609],[-1.737289084305109,43.323173138709251],[-1.737241586708651,43.323447700148279],[-1.7372103459733224,43.323610245649114],[-1.7372149521035987,43.323693556134643],[-1.737220484448994,43.323793598104885],[-1.7372449762427851,43.323956849035611],[-1.7373123247411468,43.324069607985336],[-1.7374344403570838,43.324223761687563],[-1.7375843367329995,43.324388396951512],[-1.7376787093740755,43.3245422441328],[-1.7377462699576443,43.324644830134737],[-1.7378691448803294,43.324768376625393],[-1.7379733933436308,43.324856329960085],[-1.7380458482827719,43.324924267558472],[-1.7381017618318049,43.324976695220982],[-1.738210702344777,43.325100177626403],[-1.7383484786199455,43.325183187912899],[-1.7384855003527022,43.325296714779199],[-1.7385062988258047,43.32532293463575],[-1.7385669971112996,43.325399454015042],[-1.7386478626085626,43.325532711297605],[-1.7386867139025055,43.325675770211298],[-1.7386833420687451,43.325838713471477],[-1.7386404621438578,43.326001839579433],[-1.7386379572782165,43.326011368368391],[-1.7386208634814184,43.326163895201738],[-1.7385705272107497,43.326308607784959],[-1.7385705049436169,43.326308670570462],[-1.7384958249068783,43.326603553634726],[-1.7384558747537464,43.326756773765275],[-1.7384513450102526,43.326774147393827],[-1.7384505127364296,43.326952727832612],[-1.738450512177435,43.326952754839795],[-1.7384503056584835,43.326997175980225],[-1.7384182683982532,43.327342405862609],[-1.7384147345869521,43.327380486284667],[-1.7384144281302594,43.327383791136008],[-1.7384058863602481,43.327411814177054],[-1.7383247090267351,43.327678147047799],[-1.7382349442961678,43.327974663436031],[-1.7381619870287155,43.328126573780516],[-1.7380827742642402,43.32824716693672],[-1.7379892893384936,43.328389488730629],[-1.7377882993048721,43.32867244117773],[-1.7376014529004018,43.328945374368011],[-1.737486388317657,43.329117259508806],[-1.7374135492134577,43.329269260691035],[-1.7373816254347967,43.329381283633566],[-1.7373210273616302,43.329519913240375],[-1.7372489123606465,43.329726219065179],[-1.7371596048218296,43.329869303919445],[-1.7371370989035606,43.32991996198286],[-1.7371078522036174,43.329985790115849],[-1.7371427958943733,43.330085224815377],[-1.7372339795294409,43.330149262768515],[-1.7373669594363816,43.330235698734207],[-1.7373678588676258,43.330236283147819],[-1.7375264325914497,43.330328078204019],[-1.7377521500178046,43.3304476274702],[-1.7381320231467674,43.330586526072295],[-1.7384152998423055,43.33070832993063],[-1.7388299860822083,43.330875794142536],[-1.7393709339922152,43.331003948690444],[-1.7395645533373141,43.33107739800105],[-1.7397295356232856,43.331139906165006],[-1.7398136170427092,43.331171807992256],[-1.7399328433375751,43.331190584946896],[-1.7399525496334549,43.331193688900285],[-1.7400829534629563,43.331221200698302],[-1.7401052073549561,43.331225895862744],[-1.7401942540572735,43.331261609663557],[-1.7403402138429258,43.331320149838014],[-1.7405116742765883,43.331403388007899],[-1.7405334149110199,43.331413942926268],[-1.7405439029127396,43.33141730723289],[-1.740712682887116,43.331471444757256],[-1.7407928252115441,43.331497150656965],[-1.7407965038122231,43.3314983302229],[-1.7411709900539605,43.331594118200776],[-1.7414630019773152,43.331627947267705],[-1.7417695816543519,43.331631320785888],[-1.742106448731495,43.331655376656919],[-1.7423427215506049,43.331688500320745],[-1.7426499313014312,43.331661353367544],[-1.7431235397603426,43.331646209534625],[-1.743531473436726,43.331591713156875],[-1.7437878047323263,43.331567335774317],[-1.7440243769654384,43.331538618579998],[-1.7441789404090404,43.331519856110937],[-1.7443009934930056,43.331504988361104],[-1.744365098912217,43.331494796866849],[-1.7448191632281385,43.331422343283243],[-1.7449636772994743,43.331406910948715],[-1.7456545707543167,43.331346507525062],[-1.7457032893625641,43.331340738773186],[-1.7457802668312568,43.331331582705133],[-1.7459437936639415,43.331312130964612],[-1.7463871936412088,43.331242255533517],[-1.7468637808412255,43.331142036910201],[-1.7473233616239336,43.331052975605211],[-1.7473319078222367,43.331051268330484],[-1.7473329054976294,43.331050738992417],[-1.7473750711440263,43.331027879358999],[-1.7474118654743802,43.331007932342651],[-1.7475367026748874,43.330965782066819],[-1.7475384366563544,43.33096519685941],[-1.7476692930588871,43.330936014820139],[-1.74783242685728,43.330920782754042],[-1.7478387166090643,43.330920713854553],[-1.7482719651551732,43.330915984123941],[-1.7482978039385166,43.330915702360869],[-1.7483086451230783,43.330916361286327],[-1.7485338510254964,43.330929811396985],[-1.748537480468654,43.330930026701211],[-1.748576724350652,43.330932351581311],[-1.748632107693453,43.330941141752739],[-1.7488627479861218,43.330977749767733],[-1.7488915868041515,43.330982327071098],[-1.7489904460941894,43.330998018258363],[-1.7490932955555856,43.331034092232578],[-1.7491555323873862,43.331055921707012],[-1.7492266483044911,43.33108272236246],[-1.7493019276647397,43.331111009217373],[-1.7493183289998937,43.33111722156319],[-1.7495529494471276,43.331249000908443],[-1.7499993064357635,43.331491777902571],[-1.750256697274245,43.331644154716884],[-1.7507112081394556,43.331826418162102],[-1.7507273576307025,43.331832897687434],[-1.7510310894805274,43.331999375676695],[-1.751177850943592,43.332102998700371],[-1.7513807314448555,43.332237038962688],[-1.7516277913136771,43.33240028529638],[-1.7517039136620083,43.332453792193839],[-1.7522515393617484,43.33284218693705],[-1.7524506726875904,43.333002837538679],[-1.7525078265936669,43.333049023464618],[-1.7526894734054688,43.333268551996106],[-1.752781001098896,43.33347953369357],[-1.7528669502087004,43.333691895184572],[-1.7529183643727064,43.333910093069356],[-1.752944510484999,43.334175558802954],[-1.7529303090639949,43.334387278290883],[-1.7529245293807922,43.334669684372365],[-1.752891355364363,43.334874173483854],[-1.7528502970731938,43.334993754831494],[-1.7527898757974336,43.335113124989569],[-1.7526911616313314,43.335210917043327],[-1.7525734969487545,43.33529436533987],[-1.752378770783787,43.33536994936717],[-1.7522380576957246,43.335417405467396],[-1.7522243703332336,43.335422021271107],[-1.752135431373067,43.335452026071536],[-1.7520140846001964,43.335516434255865],[-1.7519790395761814,43.335535051162317],[-1.7519409198427889,43.335567488722226],[-1.7517823075197596,43.335702457489312],[-1.7517114172791195,43.335857010165547],[-1.7516867684779596,43.335884246947565],[-1.7515993369308214,43.335980858257898],[-1.751553142428377,43.336031859317245],[-1.751522971523104,43.336089518481593],[-1.7515315581925615,43.336146070010415],[-1.751565020585667,43.336216759928689],[-1.7515685693002609,43.336224182303148],[-1.7515922329630036,43.33628633889478],[-1.7516144568560217,43.336344712309767],[-1.7516702541133131,43.336451213512284],[-1.7517146482848629,43.336686803801392],[-1.7517660289751196,43.336960739152794],[-1.7518557793360199,43.337300735548084],[-1.7519108549632936,43.337442526106905],[-1.7520021990695109,43.337626492993266],[-1.7520872687662605,43.337797605044287],[-1.7522829268719073,43.338152803614612],[-1.7523002368985559,43.338253301811804],[-1.7523225693759934,43.338578425244599],[-1.7523350946851339,43.338695709507633],[-1.7523549556271307,43.338882497937043],[-1.7523568258711006,43.338888581022488],[-1.7523797073155021,43.33896299742468],[-1.7524391653845359,43.33915598065213],[-1.7524728299855101,43.339265121383043],[-1.752533837056153,43.339448756846238],[-1.7526169149520672,43.33969926577214],[-1.7526221758381926,43.339713460105735],[-1.7526576418385433,43.339806952719961],[-1.752663491793486,43.339822504140521],[-1.7526972055054841,43.339911205282327],[-1.7527000108388053,43.33991879959806],[-1.7527022381790314,43.339924496680084],[-1.752754930875998,43.34012262849236],[-1.752772559166947,43.340207642445506],[-1.752806944298424,43.340414218803957],[-1.7528217769907259,43.340473089422908],[-1.7528516799251983,43.340591283465301],[-1.7529285268491135,43.340772660228403],[-1.7529766152956856,43.34086430940178],[-1.7530854990295983,43.34102955729746],[-1.7533780157783772,43.34136077759193],[-1.7534980381429448,43.341458073060018],[-1.7536208112761613,43.341553597496663],[-1.7537463388639767,43.341647170844851],[-1.7541521582791717,43.341934151492488],[-1.7544113465923628,43.342073662018613],[-1.7549284865917161,43.342407324686981],[-1.7550485031001528,43.342471200338068],[-1.7551922259284523,43.342547693384105],[-1.7555578749441108,43.342742296591801],[-1.7558121113924308,43.342905974643621],[-1.75640736060595,43.343289191602842],[-1.7566934728021093,43.343458074003571],[-1.756845413796718,43.343533381988152],[-1.7571023943251067,43.343660796468356],[-1.7571257222707781,43.343672395577222],[-1.7573979394238473,43.343784757514968],[-1.7577817247190952,43.343925614172342],[-1.7579429986874899,43.343972928281325],[-1.7581539202708159,43.344029875778517],[-1.7583774857860914,43.344077865701756],[-1.7585512188419776,43.344125314224918],[-1.7587751555860609,43.344155118469978],[-1.758802511467938,43.344156766047703],[-1.7588934492210948,43.344162345273247],[-1.7594428981022927,43.344195950617255],[-1.7594978548119404,43.344199338147952],[-1.7598093701991631,43.344211901419072],[-1.7600213268625853,43.344206005837066],[-1.7600465101751008,43.344205288410464],[-1.760349716986668,43.344184658067192],[-1.7605088233273887,43.344173832325893],[-1.7608753936971051,43.344156332951592],[-1.7609653875867457,43.344152036858574],[-1.7609702000184493,43.344151998955688],[-1.7610052420452404,43.344151838354634],[-1.761008080897198,43.344151779067587],[-1.7612211755725156,43.344150575889323],[-1.7612237658960688,43.344150603948954],[-1.761255970902097,43.344150412539065],[-1.7612604132875422,43.344150370615509],[-1.7615787786364205,43.344141572741322],[-1.7619815470779547,43.344144222919923],[-1.7622439726208288,43.344119690154876],[-1.7623292235295642,43.34409549050347],[-1.762522679972363,43.344040676133886],[-1.7632895987488719,43.343748224765847],[-1.7633170759891361,43.343735080110172],[-1.7637179208890947,43.343543323088426],[-1.763931680788287,43.343454509008829],[-1.7641825294711813,43.343407382418235],[-1.764207239310742,43.343402740232769],[-1.7646195871065484,43.343370817598121],[-1.7648071365868307,43.343345470047801],[-1.7648686683530577,43.343334879113364],[-1.7649574350532247,43.343319719892065],[-1.7651196976461965,43.34331237771233],[-1.7653705209177151,43.34325133460171],[-1.7661355710988091,43.343049968670996],[-1.7664624328591896,43.342925902180561],[-1.766839284991216,43.342800572939645],[-1.7669277202683888,43.342746869673157],[-1.7669751221843448,43.34273019313072],[-1.7671035450785491,43.342685014049422],[-1.7674559958825495,43.342533847125253],[-1.7675734737395681,43.342489820973071],[-1.7675852637813989,43.342485402598605],[-1.7678105422122743,43.342400980671179],[-1.7678869582222825,43.342380283437393],[-1.7681993188071097,43.342295765236422],[-1.7683256498947582,43.34227341007503],[-1.7685873552547116,43.342227098475625],[-1.7686994960517142,43.342226155698548],[-1.7690615546048181,43.342223109212071],[-1.7694513897612723,43.342211907116166],[-1.7699852831670624,43.342196580454029],[-1.7701416540408295,43.342198262240331],[-1.7703228247168337,43.34220021048381],[-1.7703422441875711,43.342200419296688],[-1.7710923571951296,43.342291593412646],[-1.7711774869200763,43.342309796693414],[-1.7713938995613747,43.34235179632568],[-1.7714576199437286,43.342364162328792],[-1.7716367317352573,43.342398921913514],[-1.7717558642847981,43.342425149160064],[-1.7718949183276167,43.342455761073403],[-1.7719046180018749,43.342457896637299],[-1.7721020625140624,43.342495030537705],[-1.7721442858838581,43.342502971074808],[-1.772274444735771,43.342527419836884],[-1.7723102948168454,43.342542211791887],[-1.7724141774374558,43.342584927422344],[-1.7725276213078316,43.342679701123906],[-1.7725458565928529,43.342705379377975],[-1.7725647266007811,43.342731886545756],[-1.7726148435360918,43.342802287092049],[-1.7726263820147765,43.342813155913198],[-1.7727655825112605,43.34294428384429],[-1.7728918556842228,43.343039194857219],[-1.7730563668922716,43.343134515990087],[-1.7732980359571162,43.343221299969002],[-1.7735140494174233,43.343307808284457],[-1.7736664211522095,43.343374994578944],[-1.7738318767893633,43.343423501709957],[-1.774074676855409,43.343454198603638],[-1.7744064645254745,43.343513852472441],[-1.7747249830327603,43.343601457015296],[-1.7747881387241775,43.343617399773471],[-1.7749186851230911,43.343650355257118],[-1.7751482837465746,43.343699547607876],[-1.7754408344377193,43.343796326666919],[-1.7755979480928097,43.343836457843778],[-1.7756319492312369,43.343845105950869],[-1.7759623589183862,43.343979657366901],[-1.7762033479425876,43.344094521728238],[-1.7763678025288581,43.344199202085477],[-1.7764467331667673,43.344280546172087],[-1.776501246408182,43.344336776756762],[-1.7765841937072511,43.344420865047908],[-1.7766931712293046,43.344578797875819],[-1.7767183590941225,43.344623007100388],[-1.7768540595157722,43.344861186704769],[-1.7769388514611364,43.34510539311173],[-1.7769823420707171,43.345489446658895],[-1.7770784620327189,43.34580860083701],[-1.7771167252349094,43.346084365238362],[-1.7771170464947394,43.346086799867656],[-1.7771209320425307,43.346124270998466],[-1.7771368932489278,43.346278175970731],[-1.7771482765562618,43.34657769470639],[-1.7771511173122834,43.346651291203599],[-1.7771742537974999,43.346949224756848],[-1.7771817147722249,43.34704466135026],[-1.77725120406323,43.347412154408822],[-1.7773117230176254,43.347581184132643],[-1.7773397006268052,43.347619571955903],[-1.7774488392585781,43.347769851955178],[-1.7774845867708746,43.347810254254803],[-1.7774927545351003,43.347819485558318],[-1.777599163116012,43.347939841553476],[-1.777725518657105,43.348025383456651],[-1.7778650794768163,43.348092337153354],[-1.7780578545483787,43.348114477030578],[-1.778087658309895,43.348117226682092],[-1.778155191610898,43.348113398325495],[-1.778244040268071,43.348108362352939],[-1.7782516902416314,43.348108354038331],[-1.7784332286435762,43.348106331435069],[-1.7786171908831703,43.348088036432451],[-1.7789517682008826,43.348046947446754],[-1.7792531197926786,43.348001450817485],[-1.7793809311249531,43.347989848748455],[-1.7794537347397714,43.347983332231529],[-1.7797097402260833,43.347977960337367],[-1.7798002358240776,43.347981357160009],[-1.7800044020132326,43.347989208227716],[-1.7802488996837742,43.3480039723012],[-1.780532336198728,43.348015099100209],[-1.7809719364965719,43.348003578046615],[-1.781361659756614,43.347987381770295],[-1.7815637903860444,43.347992146858836],[-1.7816841584585608,43.347994869980539],[-1.7819675547970573,43.348014186815583],[-1.7821897677746119,43.348032761369041],[-1.7823723078025635,43.348079367044306],[-1.7827201706443232,43.34821300418615],[-1.7830181962247791,43.348333863904493],[-1.783330072588831,43.348459372416819],[-1.7836844524707256,43.34857240991451],[-1.7837246114068592,43.348585219018972],[-1.7840044953376277,43.34868175136841],[-1.7841103971392016,43.348739151423906],[-1.7843213749706404,43.348853503045689],[-1.7843674350990077,43.348883592006587],[-1.7844881158258383,43.348962428055145],[-1.7845081879326292,43.348993848916656],[-1.784523090093544,43.349017175679236],[-1.784547619117796,43.349055573705812],[-1.7845575511457388,43.349071119145535],[-1.7846190157047022,43.349167333598608],[-1.784662443382788,43.349235313869919]]],[[[-1.7890173204865989,43.349717656071867],[-1.7889175115346709,43.34979532833848],[-1.7887327781494009,43.349932940285079],[-1.7887103603681849,43.349955185066285],[-1.7886115634049358,43.350053215965005],[-1.788605900164189,43.35006498867989],[-1.7885506682931815,43.350133206349703],[-1.7885263439855859,43.350206377893798],[-1.7885253554530165,43.350256071808239],[-1.7885240206435149,43.350323172996085],[-1.7885405193454018,43.350413464891474],[-1.7885477782869481,43.350440572151172],[-1.7885575491161154,43.350477061609837],[-1.7886252108146161,43.350524505888849],[-1.7887345586997248,43.350545690874704],[-1.7889396006474652,43.350584577099248],[-1.7892537270009272,43.35065799460493],[-1.7895318803231381,43.350743498895639],[-1.7896810438408211,43.350789350612033],[-1.7902662898472583,43.35102918168905],[-1.7903888258595886,43.351077205401303],[-1.7904796853562028,43.351108206067259],[-1.7907966655039969,43.351268429583861],[-1.7909459111916204,43.351353449730304],[-1.7911709747357378,43.351536065027581],[-1.7911848811949476,43.351546306878589],[-1.7914008764776899,43.351705379262967],[-1.7914179222086779,43.351714993339165],[-1.7915275243655868,43.351776809868241],[-1.7915618731188843,43.351783884737287],[-1.7915958519968485,43.351790882751786],[-1.7916039571175899,43.351790968397978],[-1.7916461530922294,43.35179141427033],[-1.7917104372872132,43.351778742664614],[-1.7917848608678928,43.351716112694021],[-1.7918551083453946,43.351633412732873],[-1.7919731354388708,43.351447748613154],[-1.7920285321678964,43.351303283441396],[-1.7920306817763383,43.351297677486983],[-1.7922811665771365,43.35093899836545],[-1.792651530922122,43.350633771290944],[-1.7928857502095015,43.350358019047327],[-1.7929481074360023,43.350204107400131],[-1.7929938980835989,43.350106299379711],[-1.793040712860144,43.350006304169391],[-1.7930608971997857,43.349963191535686],[-1.7930687745672047,43.349946366175629],[-1.7931650549857605,43.34986163499827],[-1.7931841314795438,43.349844845875708],[-1.7933206747426784,43.34976606096324],[-1.7934231720643026,43.349745412986437],[-1.7935522233721852,43.349738412121013],[-1.7935545887774584,43.349738284000431],[-1.7936090080067542,43.349735331967914],[-1.7937119780200217,43.349729745909045],[-1.7937530966022797,43.349727515229453],[-1.7938048317272599,43.349724708576886],[-1.7943388386831263,43.349711791614894],[-1.7949582830622373,43.349662675177498],[-1.7954345850592279,43.349568768859122],[-1.7954410907155449,43.349566986976861],[-1.7955061392676697,43.3495603029154],[-1.7955121933987088,43.349559577894482],[-1.795726254723554,43.349533944738546],[-1.7957282469327087,43.349533719897387],[-1.795756831695934,43.349530489379632],[-1.7958108218005542,43.34952438923689],[-1.7959857235401469,43.349504625619929],[-1.7961334965432134,43.349512929267377],[-1.7963710331376126,43.349540732943197],[-1.7966152041909191,43.349583787393193],[-1.7968572637063323,43.349616698138007],[-1.7970993901202454,43.349646235117781],[-1.7972288086935819,43.349647596369543],[-1.7973651934909585,43.349647344207021],[-1.7973662026701906,43.349647288187299],[-1.7973766379052381,43.349646706388874],[-1.7974381882497183,43.349643274654845],[-1.7974362907139452,43.349639767288615],[-1.7976264579191763,43.34945087317729],[-1.7977365686639815,43.349385848352696],[-1.7977390371988156,43.349383995082214],[-1.7980250025448414,43.349169262518387],[-1.7980473373871064,43.349150407897056],[-1.7981831966036792,43.349035421197357],[-1.7982089579546374,43.349013618488662],[-1.798349630204146,43.34883788971419],[-1.7986366906727287,43.34844047907616],[-1.7987872307369912,43.348277279510434],[-1.7989161015014683,43.348111691091951],[-1.7990518866905154,43.347958331107399],[-1.7993662649988089,43.347526628458056],[-1.7995242838581371,43.347359364374853],[-1.7997281496113906,43.347088219990439],[-1.7999522089017046,43.346787752620763],[-1.8001689277028394,43.346490269283464],[-1.8001716281691438,43.346487530556303],[-1.8001709344601489,43.346486481465938],[-1.8001600091609615,43.346469942766127],[-1.800139675351907,43.346446113515462],[-1.8001035979300859,43.346400188794021],[-1.8000812527564649,43.346361156065925],[-1.8000724503620027,43.346344017426468],[-1.8000717671416104,43.346342686607017],[-1.8000612192822412,43.346322147589511],[-1.8000597914382255,43.346320536122697],[-1.800059930678088,43.346313468208791],[-1.8000316726912593,43.346197240613229],[-1.8000219147449479,43.346072290050124],[-1.8000201042801471,43.34606104163241],[-1.8000228013176067,43.346054092402781],[-1.8000439175935719,43.345960222221706],[-1.8000277281031227,43.345925757185412],[-1.7999941976591805,43.345902250459424],[-1.7999650025787124,43.345888712095615],[-1.7999592175553731,43.34586953679252],[-1.7999564935993502,43.345860505582294],[-1.7999415123814757,43.345815691818672],[-1.7999315695122295,43.345807849975408],[-1.7999065119116358,43.345788086132863],[-1.799900379000307,43.345783250327258],[-1.7998968812816076,43.345780490682777],[-1.7998313677517033,43.345740683417489],[-1.7998130810412838,43.345729571832138],[-1.7997916268782097,43.345716535170901],[-1.7996790871114261,43.345677312991484],[-1.799634811933329,43.345670956668222],[-1.7996306707093765,43.345670362128779],[-1.7996293702683526,43.345670175593604],[-1.7995482577284643,43.345646169277693],[-1.7995262913662595,43.345636401199542],[-1.799501930225442,43.345625568866716],[-1.7994606418163186,43.345607208512966],[-1.79936267484007,43.345574428599001],[-1.7993075463264079,43.345555982312483],[-1.7992272424507765,43.345537220333505],[-1.7992037765386506,43.345531737862778],[-1.7991344793765731,43.345504963995872],[-1.7991025662597344,43.345492634077836],[-1.7990472147705541,43.345469610174774],[-1.7990387793114109,43.345471678148492],[-1.7986909426723214,43.34531453256588],[-1.7986532213770483,43.345337907994207],[-1.7979235632303119,43.345844213213752],[-1.7972540870100961,43.346303130588844],[-1.7972539050456005,43.34630322322154],[-1.7967458559866547,43.345865504242113],[-1.7964852607060904,43.345660342514371],[-1.7962194187590892,43.345402359019317],[-1.7961098048525124,43.345423806239125],[-1.7960020797563141,43.345332277589705],[-1.7959786071710111,43.345310985314889],[-1.7958458179893741,43.345360952019568],[-1.7958101181275823,43.345374385295486],[-1.7957575639796988,43.345394160283476],[-1.7957187894583395,43.345405847610827],[-1.7954190993643644,43.345496180609487],[-1.7953156102197168,43.345520150690021],[-1.7952806836377204,43.345532590653711],[-1.7952232185736561,43.345553058326495],[-1.7951362182301693,43.345584045318198],[-1.7949935802769117,43.345634229621645],[-1.7949030270729738,43.345655203895021],[-1.7948573917308988,43.345666173913436],[-1.7948571016279922,43.345666306823077],[-1.794836451116633,43.345669826936962],[-1.7946430600044192,43.345705892752235],[-1.7945268132908243,43.345720299114831],[-1.7944188461516524,43.345732042692227],[-1.7942221513810659,43.34576463597751],[-1.7941831309361058,43.345778622621275],[-1.7940532805426408,43.345825165926982],[-1.7938918814103273,43.345927932248095],[-1.7938642238598272,43.345945542245452],[-1.7937618097635886,43.346026428421403],[-1.7936104097337093,43.346146004818785],[-1.7933725792084638,43.346330517548445],[-1.7930578192023572,43.34657418734897],[-1.792778145812653,43.346790493041802],[-1.7923647463851868,43.347101157000537],[-1.7919430117786996,43.347438327755036],[-1.7914850570023859,43.347781031871214],[-1.7911894945257882,43.348001918238204],[-1.7911808426818485,43.348009386896628],[-1.7911583269274904,43.34802521097884],[-1.790874453467288,43.348237358828726],[-1.7904363721028991,43.34856666492712],[-1.7903305260367826,43.348653215982011],[-1.7903074459135695,43.348674011568157],[-1.790062566446323,43.348858008728868],[-1.7893951745872905,43.349396038920425],[-1.7890173204865989,43.349717656071867]]],[[[-1.8076673796399665,43.351862068735976],[-1.8076887214455337,43.351860998217205],[-1.8077024006197238,43.351861566747139],[-1.8077706289166502,43.351858724936299],[-1.8079231294735627,43.351848346051781],[-1.8081582215468706,43.351808050664317],[-1.8083460945234484,43.35178607118992],[-1.8084985279191708,43.351779110715988],[-1.8086787036930216,43.351791246580234],[-1.8086884864307711,43.351792242630651],[-1.8087330616749588,43.351796781482079],[-1.8088844798981751,43.351812198507027],[-1.8089090675532422,43.351812543746611],[-1.8091110349346187,43.351815380123085],[-1.8092159957573752,43.351808236768399],[-1.8093704318150601,43.351783917455407],[-1.8095770659532369,43.351760991327716],[-1.8097177979178765,43.351753337439277],[-1.8097769638849877,43.351763072025477],[-1.8098440181390234,43.351782221758462],[-1.8098462265240964,43.35178179632176],[-1.8099627172353594,43.351818647211381],[-1.8101177688270931,43.35186088586029],[-1.8102510327632735,43.351878522663029],[-1.810362510113503,43.351871556806429],[-1.8104071426077908,43.351866604942501],[-1.8104368270828819,43.351866913728919],[-1.8104520936876329,43.351845406098818],[-1.8104415958107467,43.351812796346557],[-1.8104090467930771,43.351769124893472],[-1.8103910755670289,43.351739145924718],[-1.8104087836706106,43.351719111608425],[-1.8104100517798241,43.351717676889059],[-1.8104962416120007,43.351675239665603],[-1.8105968020082117,43.351585770481819],[-1.8106017672504895,43.351584002330647],[-1.8106404580141644,43.351570216470598],[-1.8106808647520887,43.351555818134152],[-1.8106844868036462,43.351554527651537],[-1.8108903087871044,43.351484722693456],[-1.8109575991340778,43.351463723518734],[-1.8110023169782798,43.351449768789116],[-1.8110718121098368,43.351428081121277],[-1.8113708115491503,43.351363656151712],[-1.811511906325916,43.351360620390217],[-1.8115577317060914,43.351363057795233],[-1.8117223158237177,43.351371811349146],[-1.8119480604396629,43.351419178920111],[-1.8120319345184253,43.351444458534282],[-1.81221106418117,43.351498448520353],[-1.8124977905065651,43.351582466066326],[-1.8126298959009222,43.351583837788787],[-1.8126325100294569,43.351583864931179],[-1.8126450850908697,43.351589989739409],[-1.8126883678455854,43.351613236520841],[-1.8127818916799419,43.351623326266456],[-1.8128881766676157,43.351619869790959],[-1.8130511263280007,43.351594204877813],[-1.8131326899668547,43.351576812966897],[-1.8131643235861494,43.351556623801315],[-1.8131710851340541,43.351521245370975],[-1.8131712815660241,43.351520220005192],[-1.8131626226398736,43.351483654132444],[-1.8130655171303567,43.351336742266142],[-1.813038654236484,43.351293605106136],[-1.8130387432716759,43.351290936219421],[-1.8129862883396028,43.351199353458057],[-1.8129802066467233,43.351171931297472],[-1.8129869106549994,43.351083735944833],[-1.8130096234443338,43.350998759255809],[-1.8131144576217415,43.350749074203719],[-1.8131411197731784,43.350701073711221],[-1.8131728099194417,43.35064402282346],[-1.8131824466359061,43.350626673165287],[-1.813243345545501,43.350547514278894],[-1.8132745294860853,43.350522384187713],[-1.8132923264864833,43.350508042036836],[-1.8133131696562883,43.35049124537219],[-1.8134528162740293,43.350378706511634],[-1.813481726493708,43.350337970618163],[-1.8134857791513683,43.35032369113226],[-1.8134984976491704,43.350278871213042],[-1.8135091992641907,43.350210590053038],[-1.8135253057235852,43.350182376120181],[-1.8135350746025116,43.350165263717791],[-1.8136493345030986,43.35007297869732],[-1.8136937144980463,43.350054366819286],[-1.813732621940066,43.350038049210546],[-1.8137501243611143,43.350030709372298],[-1.8139386336573249,43.34997567115353],[-1.8139680971732108,43.349967321678669],[-1.8140705674104425,43.349938283488669],[-1.8141323348410487,43.349915306318941],[-1.8141769877878273,43.349898695164455],[-1.8141838497267282,43.349896142429493],[-1.8141880683249811,43.349893799100855],[-1.8143006991632848,43.349831241743679],[-1.8144232629992283,43.349793756519503],[-1.8145955334270019,43.34977046503986],[-1.8146133670569053,43.349764863654592],[-1.8148362905149313,43.34974289374032],[-1.8150889621769681,43.349733624417141],[-1.8151829097498471,43.349730177537367],[-1.8152637423394322,43.349739169389217],[-1.8153750556262553,43.349760706743581],[-1.8154555302898154,43.349788041265647],[-1.8155191694093793,43.349819277658071],[-1.8155386790738461,43.349821517432012],[-1.8155585850774933,43.349803377993503],[-1.8156029735926182,43.349675413035278],[-1.8156242365456519,43.349643010223872],[-1.8156249754861034,43.349643017876865],[-1.8156308618799353,43.349644180982025],[-1.8158653970587999,43.34969052972626],[-1.8160685874422531,43.349735472954784],[-1.8162070681670626,43.349766102485987],[-1.8163054759041992,43.34980983901314],[-1.8163809360936227,43.349835928794661],[-1.8167192328761488,43.349999960576021],[-1.8169080583708959,43.350093645895051],[-1.8171500370130513,43.350255150044724],[-1.8171894185019728,43.350276961791501],[-1.8172840487771695,43.350366614279224],[-1.817490673505509,43.350641555359523],[-1.8176008382063511,43.350662955309083],[-1.8177810685864959,43.350633303173232],[-1.817988757250919,43.350504885912628],[-1.8181001444677871,43.350443006201907],[-1.818149057958683,43.350389485176933],[-1.8181038447383251,43.350334991363681],[-1.8179832765430084,43.350189674443051],[-1.8178230939136837,43.350057454520346],[-1.8176622128833113,43.349961244846455],[-1.8175344053704319,43.349895021296255],[-1.8174316992682356,43.349841803840341],[-1.8173818091718792,43.349810835857404],[-1.817225170376729,43.349713606014156],[-1.8169331990754902,43.349544004008919],[-1.816759484896092,43.349447665699266],[-1.8167181087276745,43.349424721116556],[-1.8166236675017473,43.349374415839549],[-1.8165112328817097,43.349314527254897],[-1.816303880074464,43.349190821443607],[-1.8160672154988489,43.349026291885423],[-1.81596796878538,43.348939722317169],[-1.8159432402117877,43.348808453694872],[-1.8159280402386357,43.348727794950086],[-1.8159417072389881,43.348706109730799],[-1.8160267072705076,43.348571239063617],[-1.8160848668746394,43.348484109264923],[-1.8161251987964371,43.348423685696325],[-1.8162475341158539,43.348280881268799],[-1.8164177434958508,43.348093550069066],[-1.8165330930200263,43.347910153104074],[-1.816641493256909,43.34769066639776],[-1.8166622303019995,43.347537805714225],[-1.8166983869620619,43.347385104575267],[-1.8167538221357165,43.347224770842068],[-1.8168364349688486,43.346985835869674],[-1.8169287990598,43.346797788485418],[-1.8170211283856816,43.34660514840148],[-1.8171687875411568,43.346390569461803],[-1.8172917280709677,43.34621625461601],[-1.8174472954934506,43.345988250442907],[-1.8176174946608272,43.34580091726599],[-1.8177868277654559,43.345728204877119],[-1.8178632167403597,43.345695404414094],[-1.8180157335082709,43.345579923292483],[-1.8181049537849385,43.345477294461602],[-1.8181969923229637,43.345351805419632],[-1.8182688169539756,43.345253877087309],[-1.8183883507495697,43.345178574563818],[-1.8185090248741707,43.345076270400781],[-1.8185505971351774,43.345000252269365],[-1.8185867474284363,43.344847550394157],[-1.818568316868705,43.344735170171901],[-1.8185667777983174,43.344725784259921],[-1.8185332838154402,43.344678942946352],[-1.8185232526960482,43.344664913958177],[-1.8185148864386336,43.344653212706618],[-1.8184228544537715,43.344589230829008],[-1.8183607001808024,43.34457508197584],[-1.818203816918643,43.344591469704376],[-1.8179460314339146,43.344606814303212],[-1.8179369862313306,43.344607281784761],[-1.817848931296363,43.344611835468314],[-1.8178300173589428,43.344609622957165],[-1.8176867928233853,43.344584572304441],[-1.8176562528959224,43.344577348360026],[-1.8175357020775569,43.344548834716456],[-1.817499175984937,43.344535570790953],[-1.8174956169866459,43.344534277871723],[-1.8174287634029795,43.344511367231334],[-1.8174179575162546,43.344503642241321],[-1.8173844995818584,43.344486579521302],[-1.817350043623756,43.34447459667593],[-1.8173476514545062,43.344473765140052],[-1.8173342560282064,43.344466605853825],[-1.817314079845648,43.344455823291668],[-1.8172768527852148,43.344442256700376],[-1.8172537460612215,43.344437148127156],[-1.817237029954621,43.344433452707669],[-1.8172053662723406,43.344430545450869],[-1.8171957452509717,43.344429661656044],[-1.8171541748041045,43.344430992056424],[-1.8171135037779431,43.344437404842061],[-1.817074888027999,43.344448718374686],[-1.817039430630834,43.344464610002454],[-1.8170081384848107,43.344484627316341],[-1.8169819048141187,43.344508199674493],[-1.8169614767304338,43.344534656775423],[-1.8169474351990298,43.344563243757861],[-1.8169401809623087,43.344593147167458],[-1.8169295012750961,43.344635399835028],[-1.816862221874785,43.344732683718547],[-1.8167615854944457,43.344821796679447],[-1.8167232581503299,43.344842954019448],[-1.8165877327730893,43.344917708433641],[-1.8165805961517014,43.344921796430292],[-1.8165529485948015,43.344941031029023],[-1.8164090391994674,43.345057949959497],[-1.8164014466608311,43.345064419400444],[-1.8162000488372603,43.345244494423973],[-1.8161861088556013,43.345258243058076],[-1.8161032931095444,43.345348600624334],[-1.816096468889264,43.345356479988432],[-1.8160825757701649,43.345376130598567],[-1.8159320318045593,43.345625562364013],[-1.8158458489836649,43.345717146395032],[-1.8158308068661904,43.345735346167679],[-1.8157958089099595,43.34578396786258],[-1.8157809495015547,43.345809077719004],[-1.8157714727264684,43.345835540851063],[-1.8157675977463754,43.345862746327875],[-1.8157692156807772,43.345887093051502],[-1.8157690791057295,43.345894117793755],[-1.8157637525993846,43.345912214665447],[-1.8157518298204094,43.345928427935966],[-1.8157348563140965,43.345941445455097],[-1.8156180997818301,43.346005461686801],[-1.815511304528624,43.346043029613028],[-1.815474276198721,43.346047765098469],[-1.8151846427050897,43.346050069223104],[-1.8151479393546694,43.346052367769431],[-1.8151392137924132,43.346053516374447],[-1.8149845943354119,43.34607595339655],[-1.8147981310537868,43.346092966382052],[-1.8147553577348925,43.346098289512362],[-1.8146972049520083,43.346095187156912],[-1.8145844415827186,43.346082772702395],[-1.8145041315984616,43.346074442211638],[-1.8144578342240034,43.346073505737543],[-1.8143774788882119,43.346071880286154],[-1.8143744720696453,43.346072136353982],[-1.8143163945916121,43.346077083644872],[-1.8142728618045372,43.346080792330199],[-1.814135088511166,43.346121848443815],[-1.8140744546739997,43.346152516367418],[-1.8140744869744234,43.346153518895342],[-1.8140653988311761,43.346158649919055],[-1.8140300935152451,43.346188563880524],[-1.813929949289889,43.346273416725793],[-1.8136784460926643,43.346492397068978],[-1.8136466106709925,43.346520115608072],[-1.8136439800841908,43.346540518465957],[-1.8136383432845944,43.346709563151961],[-1.8136405358513574,43.346734580389224],[-1.8136406105148055,43.346742719365906],[-1.8136434242770023,43.346764539271788],[-1.8136446727416675,43.346773352250857],[-1.8136501561552947,43.34678961440472],[-1.8136625838081084,43.346876871072972],[-1.8136680649190799,43.346899016694962],[-1.8136763257496533,43.346918252107471],[-1.8136772877093645,43.346920490682443],[-1.8136901094261595,43.346940957489394],[-1.8137607669121176,43.347037290449272],[-1.8137804530222634,43.347059056653727],[-1.8137833650760635,43.34706227532773],[-1.8138113237272551,43.347084180461962],[-1.8138438724070254,43.347102400863157],[-1.8139471159420437,43.347150813363712],[-1.8139568507829626,43.347157466848728],[-1.8142171044720798,43.347335361257215],[-1.8142434769614224,43.347351042186048],[-1.8142725541309581,43.347363928264407],[-1.8143037830985387,43.347373772439134],[-1.8144621540218735,43.347414493572018],[-1.8144917367437046,43.347420617108106],[-1.8145221351606395,43.347424008144635],[-1.8145528740537926,43.347424613130968],[-1.8145530974891138,43.347424607343129],[-1.8147026322986473,43.347420743871155],[-1.8150040268902317,43.347412040040098],[-1.8149096237887252,43.347542444481633],[-1.8148767607950698,43.34758676587758],[-1.8146404477317168,43.347905467648751],[-1.8145927910248083,43.347944316702822],[-1.8145177427784487,43.348005429772705],[-1.8143669462363192,43.348053561886715],[-1.8143098497081105,43.348059233391368],[-1.814303801487094,43.348059864022837],[-1.8142227343014496,43.348067923443452],[-1.8140870873892638,43.348041868128519],[-1.8139202996831716,43.348001939816136],[-1.8138896870650827,43.347996166528041],[-1.8138746448166299,43.347994419428566],[-1.8135319784743471,43.347962486426809],[-1.8134484643062114,43.347951625023192],[-1.8133378953754529,43.347934643452142],[-1.8132538926681498,43.347915297368843],[-1.8131819409090117,43.34789607719047],[-1.8131544792989549,43.347882596202091],[-1.8131291520480164,43.347857917843498],[-1.813123522885298,43.347848567753474],[-1.8131001214743507,43.347822823441987],[-1.8130710344313068,43.347800378765449],[-1.8130371187854857,43.347781891834046],[-1.8130164997459091,43.347774253670778],[-1.8129993719339503,43.34776790875955],[-1.8129822077734685,43.347764062196767],[-1.8129734487772906,43.347762100159898],[-1.8129589049416714,43.347758840867591],[-1.8129169094286059,43.347754954449648],[-1.8128746219199607,43.347756364090046],[-1.8128332869278625,43.347763027780893],[-1.8127941210913081,43.347774751051894],[-1.812695883701201,43.347811627190914],[-1.8126774100379579,43.347818561492943],[-1.8126498840355678,43.347830606362798],[-1.812624734847325,43.347845159325047],[-1.8126023880388371,43.347861972676043],[-1.8125346894147898,43.347920854720883],[-1.812533827508187,43.347921079886163],[-1.8125147576412426,43.347934606414277],[-1.8124468528721727,43.347997534655477],[-1.812456045897018,43.34813986853262],[-1.81245111835842,43.348217175284141],[-1.8124367386058673,43.348253209340882],[-1.8124321813699058,43.348262734620555],[-1.8124293212980405,43.348265899689899],[-1.8124087437336018,43.348284858219863],[-1.8123984486557005,43.34829434372115],[-1.8123772594204355,43.348304932582813],[-1.812376586590932,43.348305268664021],[-1.8123463988291066,43.348320354524901],[-1.8122609617136987,43.348348231832624],[-1.8121330432032496,43.348377880206542],[-1.8119865480730688,43.348427248741039],[-1.8118977776198377,43.348470579659541],[-1.8118821876508513,43.348482865406702],[-1.8118779620259813,43.348483798484828],[-1.8118056739862936,43.348529364388021],[-1.8117069459467863,43.348616843942388],[-1.811632726755303,43.348691302876098],[-1.8115893387278161,43.348739529915207],[-1.811560416034657,43.348823309061416],[-1.8115316671451538,43.34889824045699],[-1.8115065103603389,43.348944444542752],[-1.811429043689361,43.3490299324246],[-1.8114052851842273,43.349051203362336],[-1.8114044430779432,43.349052815406139],[-1.8113601305023523,43.349091619520422],[-1.811310391482402,43.349121313264021],[-1.8112506745743606,43.349132021889588],[-1.8111910007791916,43.349139446118208],[-1.8111806469816545,43.34914073417049],[-1.8111639351583582,43.349139869800595],[-1.8111552180887673,43.349139419002867],[-1.8111549017709903,43.3491400109069],[-1.8111473813158934,43.349154110190852],[-1.8111421657921221,43.349161884416866],[-1.8110946211518668,43.349251776542566],[-1.8110679757912678,43.349302154811042],[-1.8110634847332738,43.349310676728877],[-1.811061663769671,43.349314773719051],[-1.8110539104402854,43.34933258309912],[-1.8110301419871382,43.349379189600747],[-1.8110264907795603,43.349387352868341],[-1.8108370654436152,43.349847820725088],[-1.8108289850157582,43.349874855319676],[-1.8108068191354472,43.349991468911583],[-1.8108045044474932,43.350013645245255],[-1.8108052826358372,43.35003072662316],[-1.8108131294995333,43.350101531657145],[-1.8108172679491867,43.350325479556567],[-1.8107573074062142,43.350577022157026],[-1.8107146377031633,43.350729704004422],[-1.8106601986802586,43.350773912327227],[-1.8104795125085664,43.350920639282307],[-1.8103190715784154,43.350989408284988],[-1.8102363023119998,43.351002889434056],[-1.8101926372837309,43.3509933424751],[-1.8101333183007018,43.350963812993371],[-1.8101122740043365,43.350953021939162],[-1.8100786080815823,43.350938446456723],[-1.8100421753451383,43.350927997714336],[-1.8100039193796635,43.350921945756092],[-1.8099648279284106,43.35092044763087],[-1.8099259132789682,43.350923540885574],[-1.8098881801192432,43.350931146832352],[-1.8096129955018234,43.351004914796086],[-1.8093067193369103,43.351003533438544],[-1.8092937102957725,43.351003724847807],[-1.8090671453190932,43.351011427137081],[-1.8090483315689789,43.350992144536249],[-1.8089369273458678,43.350804661208358],[-1.8089166806948449,43.350777326315061],[-1.8088000430680946,43.350648385511612],[-1.8087905322981399,43.350637405500144],[-1.8087761508257549,43.35062228944561],[-1.808758274953276,43.350601560550679],[-1.8087564576314914,43.350597386979977],[-1.8088097951932995,43.350336148025377],[-1.8088122338777444,43.350324513601926],[-1.8088315001531812,43.350232578339295],[-1.8088343106360802,43.350207927393832],[-1.8088313577225699,43.350177468893307],[-1.8088308986346007,43.35017532826248],[-1.8087650468372376,43.350158963820476],[-1.8086834002509216,43.350142279023572],[-1.8086174908882811,43.350122238291839],[-1.8085251703963605,43.350096644860031],[-1.8085162187630934,43.350093987134628],[-1.8084972415231861,43.350082894960487],[-1.8084970675903993,43.350082135876384],[-1.8084944515291541,43.350081264905029],[-1.8084897956018808,43.350079713556283],[-1.8084518616579623,43.350067075898274],[-1.8084511857763585,43.350067628930979],[-1.8084498083860954,43.350066828493226],[-1.8084471419893013,43.350065503173454],[-1.8083865333989622,43.350035379461154],[-1.8082441444648036,43.349981112650219],[-1.8082036196065652,43.349967460123949],[-1.8081897187460898,43.349988707959199],[-1.8081783198127572,43.350018297451243],[-1.8081643543574566,43.350071280695317],[-1.8080913660774034,43.350298780279488],[-1.8080874770301947,43.350313714098412],[-1.8080280081587574,43.350609789941615],[-1.8080254250538159,43.350633333890499],[-1.8080289035958936,43.350666105720848],[-1.8080642082414142,43.35081038776071],[-1.8080740607128756,43.350837884600928],[-1.8080832173865724,43.350854405903149],[-1.8081481780722355,43.350956746463481],[-1.8082158310867393,43.351063324610294],[-1.8082237375837817,43.351080239871735],[-1.8082243022370437,43.351100629963241],[-1.8082142460537505,43.351122314058827],[-1.808205856849151,43.351136748058472],[-1.8081411786906281,43.351175811393936],[-1.8081234889097526,43.351186494460542],[-1.8081147012524252,43.35118875392606],[-1.8081025514015308,43.351191129622521],[-1.8079096574886055,43.35119543201013],[-1.8077956541241866,43.351194012140255],[-1.8077736926300287,43.351190822530796],[-1.8077449543281332,43.351182790822186],[-1.8077202062896003,43.351167772758544],[-1.8077173077594391,43.351166075820508],[-1.8076921391478904,43.351142729679829],[-1.8076611908804514,43.351122475720082],[-1.8076259257988354,43.351106414221952],[-1.8071174068013998,43.350915788224846],[-1.8068532964837809,43.351248422378831],[-1.8068512506422594,43.351249872355758],[-1.8068485703714074,43.351248939446911],[-1.8068255094610597,43.351267353294581],[-1.8067929142793424,43.351293380843209],[-1.8067425443926761,43.351382899469506],[-1.806724707721562,43.351468255338638],[-1.806698711564966,43.351535517222089],[-1.8067137794835171,43.351553683291442],[-1.8067518361387229,43.351604231409866],[-1.8067800170143926,43.351641660582317],[-1.8067889428185726,43.351653516188016],[-1.8068010474802372,43.351677259279072],[-1.806874068437345,43.3516972005662],[-1.8069416350202807,43.351712255832794],[-1.8072846492946169,43.351788684146271],[-1.8075343317935828,43.351840872629289],[-1.8076673796399665,43.351862068735976]]]]},"properties":{"OBJECTID":2,"SITE_CODE":"ES2120018","SITE_NAME":"ZEC Txingudi-Bidasoa","AC":"PAÍS VASCO","TIPO":"B","HECTAREAS":139.05114433,"SHAPE.AREA":0,"SHAPE.LEN":0}},{"type":"Feature","id":3,"geometry":{"type":"MultiPolygon","coordinates":[[[[-2.2480974611927182,43.294863183270984],[-2.2482475576723373,43.294877676732476],[-2.2483938329372961,43.294892144887321],[-2.2485283978703388,43.294906535919225],[-2.2486360351376082,43.294925252196137],[-2.2488144958637615,43.294948935812762],[-2.2489851479328129,43.294986074745566],[-2.2491341051043992,43.295023071005907],[-2.2492826122658869,43.295046557252867],[-2.2493944786857489,43.295092314304611],[-2.2494747688654355,43.295079334306621],[-2.2495851363453738,43.29506655158508],[-2.249717869484098,43.295049503225407],[-2.2498446062936011,43.295018818473395],[-2.249975737887278,43.295001669264671],[-2.2500916948696701,43.294975415839907],[-2.250172945623103,43.294944432494276],[-2.2502624599288876,43.294872982658219],[-2.2502777924451696,43.294819055693431],[-2.2502799353462626,43.294765042273504],[-2.2502837913293994,43.294702035503875],[-2.2502872109993279,43.294664508828937],[-2.2504256389414579,43.294735741835296],[-2.2504880330448755,43.294754520048741],[-2.2505617036817385,43.294758514561366],[-2.2506319582059544,43.294779685389116],[-2.250642722848752,43.294786605696189],[-2.2507705355309029,43.294868928111065],[-2.2508190597760946,43.294872757737288],[-2.250869288715633,43.294858229169513],[-2.2509319887085479,43.294862151590948],[-2.2510458565660136,43.294915664073592],[-2.2511352560407674,43.294974237100504],[-2.2511484614924471,43.294982879707625],[-2.2512187138053177,43.295014315378317],[-2.2512217943930986,43.295014425590942],[-2.251293717688847,43.294919718023891],[-2.2514603682027934,43.294700286651448],[-2.2517926419502095,43.294264477986964],[-2.2518976774326447,43.294123342903568],[-2.252014678399167,43.293968157783752],[-2.2520166445612917,43.293965549408384],[-2.2520281282130159,43.293950317620485],[-2.2518916817578738,43.293947723402304],[-2.2515210392333027,43.293900992466448],[-2.2510962876294061,43.293843648947053],[-2.2505791579401992,43.293771465086159],[-2.2501862360993985,43.293719170295041],[-2.2495464367693536,43.293630625734941],[-2.2489585471965232,43.293546636201725],[-2.2488500002237823,43.293531308978196],[-2.2484881256915918,43.293480210848863],[-2.2484851234825634,43.293479248343949],[-2.2484351002052985,43.293463209374053],[-2.2483742550560311,43.293448942506465],[-2.248352139394151,43.293443155806749],[-2.2483382516841859,43.293439521240977],[-2.2483286557425455,43.293437840957317],[-2.2482835121317959,43.29342997682987],[-2.2482224872216969,43.293420301035681],[-2.2481678042755142,43.29340616460567],[-2.2480584817258729,43.293374380166121],[-2.2479928716092208,43.293356660030064],[-2.2479381220976249,43.293337930716966],[-2.2478304577120212,43.293301654672035],[-2.2477930330514244,43.293287541506913],[-2.2476773566797732,43.293251212627581],[-2.2476055313871921,43.293227688458352],[-2.2475087390795006,43.293199497702354],[-2.2474056326463825,43.293173516464066],[-2.2473400262647738,43.293145530756782],[-2.2472479748742216,43.293112778640896],[-2.2471745330462909,43.293090414157433],[-2.247054537723157,43.293034516282603],[-2.2470310932467301,43.293026347873067],[-2.2469686353888747,43.293002975014929],[-2.2469094813136032,43.292971609798826],[-2.2468377555447878,43.292940071725802],[-2.2467768325729196,43.29291220657943],[-2.2467098476260641,43.292876107309525],[-2.2466740803699028,43.292857592448762],[-2.2466679073095803,43.292848367120058],[-2.2466086447261007,43.292815830437696],[-2.2463479690747459,43.292722176377318],[-2.2459076088980057,43.292305513515323],[-2.2458042401691509,43.292151303867257],[-2.245673536472848,43.291924787156759],[-2.2456366253618132,43.291859260509781],[-2.2456196948824321,43.291832765424267],[-2.2455950546181582,43.291801717195099],[-2.2455718982428952,43.291760323478876],[-2.2455635192860792,43.29174009794967],[-2.2455597182312941,43.291738452053707],[-2.245515913319764,43.291722044911879],[-2.2455072812359718,43.291662467685967],[-2.2454902554331704,43.29163372080621],[-2.2454810712826467,43.291618802662484],[-2.2454781530984738,43.291615541762937],[-2.2454743598455842,43.291613265594833],[-2.2454717045839407,43.291618650828227],[-2.2454216519545129,43.291469474895869],[-2.2453312038248949,43.290998298682069],[-2.2452184461568265,43.290427384448734],[-2.2451629225023364,43.290062872663562],[-2.245129593844879,43.289847353096313],[-2.2451063339516,43.289684846923613],[-2.2450738172493048,43.289473474794384],[-2.245064273693413,43.289397953380693],[-2.2450655669844553,43.289283423589666],[-2.2450637320194518,43.289112864625842],[-2.2450672463454908,43.288898488628938],[-2.2451483131378733,43.288822124486984],[-2.2452570370167346,43.288732075721633],[-2.2453277380229113,43.2886466384644],[-2.2453731203426956,43.288605066554325],[-2.2454780721233765,43.28853093080707],[-2.2456746850482214,43.288450646048865],[-2.2458704660456399,43.288407724502335],[-2.2460120212286321,43.288383895090817],[-2.2461227103252801,43.288374089319944],[-2.2461785935463197,43.28837377598061],[-2.2463441081351232,43.288372846943673],[-2.2465136390470057,43.288389361697625],[-2.2465802438843334,43.288405918648351],[-2.2466508316929081,43.288429345279525],[-2.2467208987598384,43.288455019584426],[-2.2467713240722422,43.288474171245454],[-2.2468231784060482,43.28850737944974],[-2.2468847187419958,43.288554788607343],[-2.2469492328362701,43.288600956667715],[-2.2469593618864199,43.288609217527814],[-2.2469617869901475,43.288612475144987],[-2.2469729120347974,43.28862992723964],[-2.2472033981574508,43.288881321688272],[-2.2472030172806461,43.288892214731106],[-2.2472198421909781,43.288847302530314],[-2.2472517275098212,43.288800598477785],[-2.2473023575345032,43.288763202447342],[-2.2473572503857984,43.288749966736518],[-2.2476347249546689,43.288739545979489],[-2.2477007395090145,43.28872404206578],[-2.2477622256940433,43.288695901911311],[-2.2477749995505203,43.288669602479537],[-2.2477563956753235,43.288648859626278],[-2.2476489516042166,43.288595386076217],[-2.247546280139388,43.288524745060244],[-2.2474285239584102,43.288397906124445],[-2.2474208251234633,43.288252521430195],[-2.2474500592641009,43.288150871889385],[-2.2475541265909968,43.287958228033482],[-2.2477025539443232,43.287716710792552],[-2.2478199371186891,43.287583674588262],[-2.2479179364505129,43.287503187652867],[-2.2480943783208995,43.287418804065346],[-2.2482294157492859,43.287393488322593],[-2.2482861602138211,43.287369909053986],[-2.2482780689542259,43.287246222870806],[-2.2483019802290922,43.287206309592804],[-2.2483509915944597,43.287170073045175],[-2.2484124903212295,43.287140762017756],[-2.2485460932137298,43.287101749497232],[-2.2486120071264688,43.287094258474788],[-2.2486808327568895,43.287100563561907],[-2.2487480397591906,43.287118203759185],[-2.2488185386168618,43.287118756815865],[-2.2489630700357539,43.287062976095712],[-2.2489862311873035,43.287054034436004],[-2.2490063592463918,43.287046264164495],[-2.2490451836055438,43.28703127969905],[-2.2490454228637087,43.287011831356388],[-2.2489803152587728,43.286943779416113],[-2.2488803143962675,43.286916649282013],[-2.248802815220619,43.286843923525588],[-2.2487735380490199,43.286799068479532],[-2.2487536989106114,43.286748512476485],[-2.2487558250479491,43.286695939635138],[-2.2488225838953166,43.286619749017362],[-2.248840388540537,43.286575203176781],[-2.2488388139819282,43.286572941688895],[-2.2488735100038908,43.286548046730566],[-2.2489065862931881,43.286534576955198],[-2.2489365536103705,43.286523337903454],[-2.2489956985689048,43.286494911561846],[-2.2491644480595605,43.286554549244975],[-2.2493083065141271,43.286573502664517],[-2.2494963743888476,43.286565732216133],[-2.2496221327664792,43.286553050411655],[-2.249747995788304,43.286529643787553],[-2.2497858270749189,43.286522608110808],[-2.2499634359045153,43.286483252227484],[-2.2501506880422397,43.286421447810135],[-2.2503519649713604,43.286341725821714],[-2.2505299045579159,43.286275357451792],[-2.2506878220144677,43.286213359936809],[-2.2508745540937003,43.286133541740838],[-2.2510580259641784,43.286058204187192],[-2.251093193080822,43.286044745666885],[-2.251101507856982,43.286041555752711],[-2.2512545618278779,43.285982951855665],[-2.2512912566957581,43.285971650869968],[-2.2513977135461185,43.285938865881512],[-2.2515059721891011,43.285914134585049],[-2.251814830970567,43.285843575571967],[-2.2518364198479031,43.285838643598211],[-2.2518379958105115,43.285838283817725],[-2.2518506740018829,43.285869882814978],[-2.2520519245051234,43.285731627803536],[-2.2520877511535184,43.285704848293811],[-2.25215391331098,43.285646751042471],[-2.25220605089631,43.28560657124909],[-2.2522650351939446,43.28557093848606],[-2.2523365096968102,43.285521880447376],[-2.2523573257292062,43.285513011918141],[-2.2524187067016062,43.285472892444425],[-2.2524512864379913,43.285459598486717],[-2.2524737597901368,43.285446238471415],[-2.2525467129595,43.285397189963618],[-2.2526191048876605,43.285343635445273],[-2.252636894729394,43.28533024479507],[-2.2527084237624675,43.285276684581362],[-2.2527318148360918,43.285258828214168],[-2.2527449893440941,43.285249909690833],[-2.2528391015646649,43.285173985445326],[-2.2529357205373493,43.285084570603978],[-2.2529920361334015,43.285041623610063],[-2.2530586460324136,43.284990825173317],[-2.2531433486776411,43.284928346116367],[-2.2532210391591052,43.284874825808465],[-2.2532737738861961,43.284839323704915],[-2.2533336372782955,43.284799021839397],[-2.2535849502622547,43.284598058729671],[-2.2536080050993865,43.284581147269876],[-2.2537248686250337,43.28449541886701],[-2.2538417944789813,43.284388126547483],[-2.2539275100560467,43.284303142023631],[-2.2539852390993973,43.284245981896497],[-2.2540038840469077,43.284227520717756],[-2.2540202095537216,43.284211359490236],[-2.2540313187340146,43.284200353588936],[-2.2540585137720575,43.28417342981551],[-2.2540928577449053,43.284138425107997],[-2.2541638533260704,43.284066061599425],[-2.2542431429712839,43.284002646861019],[-2.254275133295812,43.283977067169438],[-2.2542796142593993,43.283973483739828],[-2.2542867066267824,43.283967812060752],[-2.2543467158067738,43.283918678000781],[-2.2544455622766364,43.283838280977065],[-2.2545133090514646,43.28377118807181],[-2.2545241294598837,43.283762317030046],[-2.25460593784844,43.283695252680971],[-2.2546799148108354,43.283632702572817],[-2.2547506872594112,43.28357013153731],[-2.2547806657496037,43.283542421613653],[-2.2547899592689831,43.283533827845005],[-2.2547990557292659,43.283525423689213],[-2.2548951495270977,43.283417994549126],[-2.2549214971120746,43.283400156986318],[-2.2549827005101628,43.283242975212744],[-2.2550007519971609,43.283157549123132],[-2.2550314989708329,43.283031685030963],[-2.2550958500014819,43.282879116030955],[-2.2551677745513992,43.282722003963137],[-2.2552371508459297,43.282591889045214],[-2.2553181665462669,43.282457347561547],[-2.2553968951909744,43.282318288830069],[-2.255478459170567,43.28213872780541],[-2.2555381809312638,43.281981536054026],[-2.2555870022629132,43.28182877562584],[-2.2556465038836198,43.281689591573667],[-2.2557029107371185,43.281541382750298],[-2.2557626313159824,43.281384190856834],[-2.2558139028962274,43.281222441658336],[-2.2558365412234433,43.281074013050521],[-2.2558389268023928,43.280938959574328],[-2.2558473933319561,43.280749918055697],[-2.2558486840879688,43.280583341347629],[-2.2558644620887174,43.2804213611847],[-2.2558724742936831,43.280340371902206],[-2.255784276210425,43.280366811892335],[-2.2556494670316964,43.280374939300032],[-2.2555515060655287,43.280383306376514],[-2.2554693357767053,43.280380340310167],[-2.2554491488935535,43.280337797240769],[-2.2554220185141163,43.280238029753583],[-2.2554152641802174,43.28013497315078],[-2.255385374733228,43.280008804209544],[-2.2553794245294601,43.279981301440735],[-2.2553579514060327,43.279933077080358],[-2.2552331297722956,43.279748930729824],[-2.2551910448784311,43.279723353770564],[-2.2551722456429322,43.279718639010696],[-2.2551254318731986,43.279706898320796],[-2.2550540686074423,43.279636467819245],[-2.255028036102809,43.279588213700372],[-2.2550034967594854,43.279538798702141],[-2.2549628247959115,43.279387346523812],[-2.2549073910536475,43.279294238039448],[-2.2549043947548393,43.279287284977784],[-2.2548907247411929,43.279246044897576],[-2.2548866797301521,43.279042244392301],[-2.2548715066097236,43.27899289037412],[-2.2548375599837511,43.27894683580238],[-2.2547847563731414,43.278910923614838],[-2.2546630960747662,43.278861866254992],[-2.254598949770346,43.278846500611216],[-2.2543922898272739,43.278834618302596],[-2.2541923790015472,43.278774695046693],[-2.2540005525127507,43.278698705927106],[-2.2537191161515318,43.278643832966111],[-2.2535910457141726,43.278605087936199],[-2.2535270122324422,43.278580537731926],[-2.2533699318188845,43.278475149157465],[-2.2533043779109962,43.278454010653014],[-2.2532369698366668,43.278453480547675],[-2.2526770129315583,43.278508623511819],[-2.2525244893256358,43.278564716084574],[-2.2524914181621907,43.278578186962655],[-2.2522522101720246,43.278527098146604],[-2.2522356006636377,43.278526685210238],[-2.2520959764924204,43.278504806936994],[-2.2518343084313641,43.278462624516621],[-2.2515799257193327,43.278428584304656],[-2.2514249751385775,43.278416778330211],[-2.2512442779659749,43.278396709373609],[-2.2509272565277332,43.27835146474213],[-2.2504333304423012,43.278278080503611],[-2.2499947254721064,43.27821045244032],[-2.2494528660848805,43.278131353203626],[-2.2491865145715519,43.278104300447787],[-2.2488308999384281,43.278080204218007],[-2.2483723233113038,43.278049187462756],[-2.2481929075442948,43.278037022744996],[-2.2481379366056866,43.278037381793673],[-2.2472951372905694,43.278042374219417],[-2.2467379659816711,43.27807139308976],[-2.2466189602435311,43.278077542871742],[-2.2466150134427054,43.278077787014411],[-2.2465919521368991,43.278078985809806],[-2.2465203745605851,43.278086798563841],[-2.2463485869716187,43.278105657036598],[-2.2459446646917414,43.278149908939234],[-2.2457546115032319,43.278170807209534],[-2.2451386693177189,43.278268135854709],[-2.2451385460840014,43.278268135041429],[-2.245082360084147,43.278277038975133],[-2.2450803838916209,43.278277386116585],[-2.2449578866329536,43.278296747891524],[-2.244704731332904,43.278347573373935],[-2.2447046080990383,43.278347572560207],[-2.2443438403782818,43.278419927975456],[-2.2438007087837955,43.27852898614762],[-2.2426221361310184,43.278835989301562],[-2.2418597063280541,43.279097024373193],[-2.2413595684995999,43.279296041710644],[-2.2408949455747291,43.279532841734564],[-2.2405640799248272,43.279736850801967],[-2.2403098329786633,43.27996378925441],[-2.2402614588080745,43.280036561895514],[-2.2402106102259607,43.280113056788444],[-2.2400537013710533,43.280351896929908],[-2.2399826870212758,43.28049844227904],[-2.2399819201831899,43.280501926465703],[-2.2399436597771221,43.280592552948654],[-2.2398908578908743,43.280693712713884],[-2.2398449849327853,43.280802688568279],[-2.2398369101041964,43.2808338358372],[-2.2397874493028347,43.280936761944787],[-2.2397839790758507,43.280944544066273],[-2.2397243915005314,43.281089272417006],[-2.2397209114723569,43.281098632076706],[-2.2396694618175506,43.281253352859615],[-2.2396154075893038,43.281393132981819],[-2.2395305224163873,43.281596606520537],[-2.2395262910398839,43.281608099769848],[-2.2394404516990964,43.281876246905632],[-2.2393995789331109,43.281950071246044],[-2.2393923963725642,43.281964869362291],[-2.2393346994256809,43.282102519836066],[-2.2391447224266603,43.282484237956915],[-2.2390653526063549,43.282604904621401],[-2.2390543989204561,43.282624404138929],[-2.2389160677291731,43.282918630094656],[-2.2386976357962993,43.283218231577557],[-2.2385435067132611,43.283428045492279],[-2.2385398605800644,43.283433206064565],[-2.2383669312535792,43.283688000384188],[-2.2383620990980106,43.283695554578294],[-2.2381910143305634,43.283980004921844],[-2.2380371380074013,43.28417016007986],[-2.2380323411049212,43.284176364705694],[-2.2379345808230298,43.284308874237794],[-2.2379156676357383,43.284334510366605],[-2.2379070579710389,43.284346179683894],[-2.2378238547842191,43.284458957093335],[-2.2377234805803776,43.284572610513287],[-2.2376863033733478,43.284614705939838],[-2.2376828964633368,43.284618563312613],[-2.2376132734818959,43.284674052010324],[-2.2375019306168946,43.284736135762437],[-2.2374743767227687,43.284742339034963],[-2.2374270560040319,43.284752992055303],[-2.2373314296604776,43.284748945345711],[-2.237239490065785,43.284740646860904],[-2.2371096374192554,43.284707337316107],[-2.2370064415270496,43.284678277319216],[-2.2369211462778749,43.284648824290208],[-2.2368958911028787,43.28464132156207],[-2.2368310827084166,43.284625058199076],[-2.2367960191179073,43.284618318428073],[-2.2367532498888472,43.284615296550591],[-2.236590733635321,43.28461421199836],[-2.2365004458731175,43.284613609363213],[-2.236466394777084,43.284615106446395],[-2.2364329529249236,43.284620023928547],[-2.2364007599658926,43.284628267029994],[-2.2362774745673959,43.284667022708028],[-2.2362713000778189,43.28466903812982],[-2.2359883814854551,43.284764777412448],[-2.2359706937185848,43.284771408207249],[-2.2359500148434077,43.284780966222066],[-2.235907237811583,43.284802983943692],[-2.2358788557851135,43.284808371786717],[-2.2358465129644358,43.28481616620239],[-2.2358050487269723,43.28482615801979],[-2.2357561615186938,43.284852034750379],[-2.2357057366896851,43.284882583573072],[-2.2356631778224463,43.28490508080445],[-2.2355810543535535,43.284957028765312],[-2.2355622058142988,43.28496608748101],[-2.235517771758238,43.285010363235727],[-2.2354862381045835,43.285028431792732],[-2.2354310157078756,43.285068043063404],[-2.2353613333489353,43.285130429304203],[-2.2353105787572876,43.285187269151102],[-2.2352598012097897,43.285236094735765],[-2.2352281616294647,43.285272441831282],[-2.2351853281983769,43.28531681820197],[-2.2351330150625546,43.285370135756509],[-2.2351012656269447,43.285405401530539],[-2.2350441245012367,43.285470212632852],[-2.2350060035591341,43.285512279257041],[-2.2349488058107503,43.285581592226656],[-2.2349360711221524,43.285604378707497],[-2.2349152476675207,43.2856431392524],[-2.2348786136477541,43.285694400460137],[-2.2348529204702472,43.285747985991463],[-2.2348194196960551,43.285804941030229],[-2.2347873978437618,43.285861905952551],[-2.2347680330960049,43.285912112056138],[-2.234740909058369,43.285952001011559],[-2.2347028826324111,43.285996319310463],[-2.2346726626118261,43.286037358131217],[-2.234620175680921,43.286104451302144],[-2.2345946683774693,43.286143180443119],[-2.2345563604135661,43.286200103232261],[-2.2345372245611506,43.286232031509833],[-2.23453507152569,43.286285774496989],[-2.2345268619504868,43.286321197636425],[-2.2345221784629579,43.286321166293128],[-2.2345156488485087,43.28634057250644],[-2.2344837415970598,43.286388353424492],[-2.2344710065630227,43.286411139847786],[-2.2344311954335683,43.286460128493815],[-2.2344138344558595,43.286478291608198],[-2.2343881405321144,43.286531877022227],[-2.2343732724094729,43.286596970721533],[-2.2343605802038993,43.286616335674736],[-2.2343461558619513,43.28664604430832],[-2.2343349437710902,43.286665329120297],[-2.2342888128507727,43.286726791787302],[-2.2342585841407443,43.286758645754894],[-2.2342191556551172,43.286786926333093],[-2.2341765226158228,43.286815185441952],[-2.2341512734158986,43.286833295700525],[-2.2340693742697626,43.286867054789703],[-2.2340268710350433,43.286884959435461],[-2.23397813847795,43.286898320053318],[-2.2339513445506003,43.28691182758245],[-2.2339135372139851,43.286928773131073],[-2.233889962473032,43.286941131610284],[-2.2338645898854179,43.286959240978611],[-2.2338267192764909,43.286991043644214],[-2.2338186876852317,43.287002425671353],[-2.233763391210136,43.287047708514791],[-2.2337316254088639,43.287084144383677],[-2.2337171441337347,43.287118354847486],[-2.2336742947335799,43.287163811079537],[-2.2336556821900313,43.287187082097567],[-2.2330628737920386,43.287521185118202],[-2.2330564006736875,43.287524961460832],[-2.2329524139028396,43.287587748303395],[-2.2328985405165662,43.28758119635912],[-2.2327034296294177,43.287521267816004],[-2.2325671797978508,43.287505226032884],[-2.2321489134873937,43.287498366875745],[-2.2319372001066413,43.287513874052379],[-2.2316567261566416,43.287508208416945],[-2.2313878701920964,43.287451113928839],[-2.2312115618240957,43.287401897680859],[-2.23114724542177,43.287383943348921],[-2.2311239137884598,43.287376943029066],[-2.2311059684833623,43.287351172833162],[-2.2311022418827302,43.287345821569062],[-2.2310899004523019,43.287327459295241],[-2.2310367484380396,43.287182758448957],[-2.2309948694995652,43.287141235888669],[-2.2309373180413172,43.287110953716727],[-2.2308107952292762,43.287066520746762],[-2.2304746690455386,43.286997445841124],[-2.2304326403029662,43.286977623121523],[-2.2303484017515576,43.286942568757077],[-2.2302193184878059,43.286856876893175],[-2.2300929642735428,43.286808932473619],[-2.2299783772297386,43.286714437775885],[-2.2299333043989709,43.286552344404541],[-2.2299329988229766,43.286551260896296],[-2.2298835167141977,43.28637875282422],[-2.2298827589325874,43.286376386719184],[-2.2298809339218262,43.286370682631414],[-2.229876395163672,43.28635937472616],[-2.2298708524853188,43.286348308587939],[-2.2298643299691996,43.286337529401713],[-2.2298568565822059,43.286327085987161],[-2.2298484662893374,43.286317021794744],[-2.2298408111278212,43.286308969674288],[-2.2297834180622331,43.286251978575301],[-2.2297817975278873,43.286250389158681],[-2.2297716802885752,43.286241211989569],[-2.2297607604539134,43.286232537273719],[-2.2297558160594848,43.286228957971424],[-2.2294692857255631,43.286027452221695],[-2.2294097751366975,43.285980951421415],[-2.2294056157389766,43.285977778997029],[-2.2293939422277251,43.285969644846368],[-2.229381568741386,43.285962085874075],[-2.2293700048325569,43.285955912758311],[-2.2293685441929534,43.285955133025112],[-2.2293549248674873,43.285948819094997],[-2.2293407696286138,43.285943167892022],[-2.2293341421082995,43.285940814461583],[-2.2291862675071465,43.285890289194761],[-2.2291782627290471,43.285887679748235],[-2.2291632196490867,43.285883427255897],[-2.2291478271727785,43.285879903579513],[-2.2291321516947016,43.285877121772813],[-2.2291162596093947,43.285875094889583],[-2.229110895648037,43.28587458509724],[-2.2289045000813368,43.285856683067564],[-2.2288938267487941,43.285855928565674],[-2.2288806438605699,43.285855466902149],[-2.2286180497235923,43.285851414522334],[-2.2283634150630176,43.285834540474831],[-2.2279451445052536,43.28577048678482],[-2.2274740944865021,43.285640081376634],[-2.2274681340533431,43.285638495032146],[-2.2274527417397083,43.285634971128729],[-2.227449756511938,43.285634379174688],[-2.2272726232730733,43.285600162825411],[-2.22725993317981,43.285597972721824],[-2.2272453485081898,43.285596082276427],[-2.2268501258500737,43.285553773293685],[-2.2264872433095388,43.285504731009766],[-2.2264768362738816,43.285503492735842],[-2.226460799108684,43.285502229892586],[-2.2264558705205091,43.285501994858649],[-2.226242899274899,43.285493480365126],[-2.2262317119616992,43.285493219191224],[-2.2260025105761012,43.285491668460367],[-2.2260000220898641,43.285491660625851],[-2.2257164727409058,43.28549183421223],[-2.225600425272408,43.285466552509085],[-2.2256004596296131,43.285463844161342],[-2.2256000815285946,43.285452063599095],[-2.2256000326472742,43.285451447354255],[-2.2255944420637381,43.285383012446715],[-2.2255930572071643,43.285371891407806],[-2.2255905770748905,43.285360246089937],[-2.2255870597460481,43.285348745026852],[-2.2255825218590357,43.285337436955857],[-2.2255814890370993,43.285335195924588],[-2.2255409131180803,43.285248969693413],[-2.2255378940561941,43.285075389392567],[-2.225558445234241,43.284953127351798],[-2.2255524723038187,43.284742575807051],[-2.2255420646564805,43.284655607442559],[-2.2254689932863387,43.284366388578597],[-2.2253814664903597,43.284006993529296],[-2.225326122553307,43.283832822898852],[-2.2251948285532572,43.283596469841655],[-2.2251316344845802,43.283436261577322],[-2.2250535201953299,43.283242315534842],[-2.2250439019742863,43.283199844143006],[-2.2250378991760043,43.283189676007893],[-2.2249366099257926,43.282907305339783],[-2.2249323055568571,43.282896655255655],[-2.2249276409303649,43.282887198540102],[-2.2248518359430767,43.282746006992305],[-2.2247947819911831,43.282498503678582],[-2.2247864164348412,43.282232476498343],[-2.2248282949131903,43.281992706844541],[-2.2249385349137949,43.281581901596645],[-2.2249390259617705,43.281580016660463],[-2.2250379207441102,43.281189489298185],[-2.2251406916517489,43.28096240348939],[-2.2253032223214202,43.280646171627907],[-2.2255379087056064,43.280226500634384],[-2.2258720508288317,43.279689497017522],[-2.2258745033164349,43.279685423727223],[-2.2258803243372709,43.279674432490324],[-2.2258851478076376,43.279663187775945],[-2.2258865779816368,43.279659258843836],[-2.2259425796290944,43.279498003497167],[-2.2260143201941673,43.279422639627171],[-2.2261050115010361,43.279329820650425],[-2.2261080678899821,43.279326620384488],[-2.226116710281516,43.279316671145985],[-2.2261244456134563,43.279306330373139],[-2.2261312388096721,43.279295642851835],[-2.2261330276867728,43.279292485335937],[-2.2261991099800644,43.279172645370402],[-2.2262031420230231,43.279164811632356],[-2.2262079678572206,43.279153566919277],[-2.2262093901018529,43.279149288550691],[-2.2260343211544349,43.279094736535221],[-2.2260346602115573,43.279094142724972],[-2.2258739360386723,43.279036776338984],[-2.2258661220757272,43.279030960511733],[-2.2258645865981888,43.27903230891372],[-2.225861787671938,43.27903085283679],[-2.2256076682478794,43.278943781695659],[-2.2256028885732499,43.278948561394117],[-2.2255942436868144,43.278958510577482],[-2.2255865083105015,43.278968851314751],[-2.2255797174984373,43.2789795406213],[-2.2255767372322466,43.278984900691547],[-2.2254267394980221,43.279267593836742],[-2.2251758676850253,43.279680758169562],[-2.2248932023340457,43.280130593809687],[-2.2248903698263529,43.280135275915548],[-2.224885164954991,43.280144994424468],[-2.224593531263245,43.280739730803745],[-2.224592914901772,43.280741001676198],[-2.2245880886414269,43.280752246314798],[-2.2245879942319751,43.280752498703926],[-2.2243708686245998,43.281326512089883],[-2.2243671545691672,43.281337711132672],[-2.2243661535931123,43.281341412437321],[-2.2243204804592991,43.281520040228081],[-2.2242329948304937,43.281752748760127],[-2.224229384036732,43.281763673857803],[-2.224226608810679,43.281775283568834],[-2.2242258423301107,43.281779637494559],[-2.224166200891069,43.282154241905381],[-2.2241652384141442,43.282161603836265],[-2.2241645939663846,43.28217167830703],[-2.2241581882933525,43.28242164019823],[-2.224158155610561,43.282423339143349],[-2.2241585334000211,43.282435121515043],[-2.2241597381787197,43.282445451652407],[-2.224228409936023,43.282884606793225],[-2.2242286360964183,43.282886013944029],[-2.2242294862035834,43.282890599445579],[-2.2242750589378906,43.283114971601798],[-2.2242766886428065,43.283122029648275],[-2.2242773477764439,43.283124476163891],[-2.2243267516028049,43.283301701015468],[-2.2243282460554687,43.283306696992661],[-2.2243561883221017,43.283394153580929],[-2.2243575517139167,43.283398212191337],[-2.2243620916991911,43.283409520328611],[-2.2243669814569067,43.283419394605112],[-2.2245846272344436,43.283821823127127],[-2.2245852788790179,43.28382301705129],[-2.2245917977543312,43.2838337947166],[-2.2245931271418322,43.28383577753506],[-2.2246848671641435,43.283970670475497],[-2.2247830858922764,43.284140215493629],[-2.2248159967621399,43.284209199397253],[-2.224845844317239,43.284379465976343],[-2.2248468361080849,43.284384546784388],[-2.224872628334801,43.284504460114071],[-2.2248669347341243,43.284551571366102],[-2.2248557121256587,43.284576721672664],[-2.2248525737090552,43.284584317387051],[-2.2248487651204272,43.284595768827458],[-2.2248459898754618,43.284607378547705],[-2.2248447932381969,43.284614644346163],[-2.2247736110173073,43.28513540161142],[-2.2247730787312641,43.285139851673719],[-2.2247724016770145,43.285151625087813],[-2.2247727795943653,43.285163407452906],[-2.2247742107050321,43.285175144729457],[-2.2247766906971664,43.285186788263353],[-2.2247772178723753,43.285188758438593],[-2.2248636245694473,43.285503029693302],[-2.2248666145893616,43.285512560602598],[-2.2248711548208608,43.285523868717434],[-2.224875859368479,43.285533399539297],[-2.2249483995721144,43.285668329604903],[-2.2249492367010468,43.285669866957811],[-2.2249557558334598,43.285680644600902],[-2.224963228299778,43.285691088329848],[-2.2249716201624734,43.285701152891583],[-2.2249808925311196,43.285710794800345],[-2.2249910113994349,43.285719974205342],[-2.224992911544692,43.285721567385316],[-2.2251334857800735,43.285838088267838],[-2.2251425022629756,43.28584517022631],[-2.2251541727129438,43.285853304789846],[-2.2251665480894731,43.285860866032884],[-2.2251795721553278,43.285867817555861],[-2.2251904231807376,43.285872922824154],[-2.2254440450534707,43.285985490637003],[-2.2254468128838947,43.285986701587341],[-2.225460967765394,43.285992353269499],[-2.2254728399778152,43.285996443405189],[-2.2257654417795778,43.286090408034717],[-2.225768199136577,43.286091279433393],[-2.2257832444896102,43.286095532387371],[-2.2257986466336441,43.286099060183609],[-2.2259789895191826,43.286135660635722],[-2.2259946452279915,43.286138440039259],[-2.2260105348068744,43.286140467339166],[-2.2260265721293417,43.286141730246626],[-2.2260426906859569,43.286142224709693],[-2.2261395373378461,43.28614287997766],[-2.226155663201336,43.286142603681512],[-2.2261717297926094,43.28614155799027],[-2.2261876705109009,43.286139746055269],[-2.2262034137570499,43.286137176396707],[-2.2262188928390318,43.286133859369052],[-2.2262281761544673,43.286131475622994],[-2.226312407653225,43.286108460587428],[-2.226318272490726,43.286106795689108],[-2.2263330278810716,43.286102031215869],[-2.2263473236639553,43.286096573880613],[-2.2263611004284707,43.286090443091702],[-2.2263742986496657,43.286083667261472],[-2.2263868612448512,43.286076276619596],[-2.226398736061344,43.286068301429154],[-2.2264098733659257,43.286059775571474],[-2.226420220937658,43.286050734711893],[-2.226429738812135,43.286041220001515],[-2.2264343871314529,43.286036048587299],[-2.2264565325069072,43.286026469797982],[-2.2266285190519519,43.286026062385929],[-2.2269573023634379,43.286062956194272],[-2.227174246624879,43.286100912391234],[-2.2273927153714586,43.286155756674006],[-2.2276032748819121,43.286226580699442],[-2.2276099344739113,43.286228734544764],[-2.2276249799924743,43.286232987257605],[-2.2276290753712837,43.286234004516309],[-2.2277038003749756,43.286252031107061],[-2.2278268326252313,43.286286687481677],[-2.2278341282508474,43.286288646606344],[-2.2278495207287583,43.286292172260225],[-2.227864476586924,43.286294843130612],[-2.2281671278025046,43.286341638589263],[-2.2282994092181418,43.286376254215035],[-2.2283011488892654,43.286376704475543],[-2.2283147944451325,43.286379869803248],[-2.2284081763756616,43.286399367988771],[-2.2284099233488268,43.286399728251041],[-2.2284255989264414,43.286402510157224],[-2.2284414886595045,43.28640453712049],[-2.2284575261064408,43.286405799687927],[-2.2284736447573446,43.286406293809073],[-2.2287134146729026,43.286407910855615],[-2.2289821150309668,43.286428945410648],[-2.2290168805055131,43.286435099367267],[-2.2290300596053489,43.286463880418481],[-2.2290353504311469,43.286518884586648],[-2.2290624402439674,43.286618657916783],[-2.2291005130662942,43.286717424711405],[-2.2292222177081804,43.286899237108791],[-2.2292816984662478,43.286967781928723],[-2.2293209094451676,43.287089598151134],[-2.2293221855423928,43.287093378770663],[-2.229326726715231,43.287104686712723],[-2.2293322693385393,43.287115754676371],[-2.2293387918642114,43.287126532090632],[-2.2293421202050037,43.287131391779859],[-2.2293906592770556,43.287199651211417],[-2.2293948018740308,43.287205234950854],[-2.2294031946766588,43.287215299191935],[-2.2294124679770331,43.287224940746],[-2.2294196495575251,43.287231455321887],[-2.2294225877651273,43.287234119763504],[-2.2294335052633705,43.287242794494539],[-2.2294451765559979,43.287250928624665],[-2.2294575527515792,43.28725848940779],[-2.2294642877408672,43.287262203247245],[-2.2295056870355645,43.287284229105708],[-2.2295692520052217,43.287289306342181],[-2.2296443941993287,43.287288097074487],[-2.2297778355477829,43.287318151672913],[-2.2297798805734188,43.287319119929926],[-2.2299323819500625,43.287350063580362],[-2.2300049383047029,43.287367703076569],[-2.2301687673671347,43.287408252221212],[-2.2304886040263918,43.287551038934325],[-2.230857180050287,43.287738745014877],[-2.2309060019630005,43.287776804318405],[-2.2309616085477182,43.287835490099418],[-2.2310097434581349,43.2878607771367],[-2.2313252793307687,43.28798727750987],[-2.2318180256840967,43.288109628472817],[-2.2319965015359644,43.288130006742676],[-2.2322199834718868,43.28812961611461],[-2.2324198007848883,43.288129066245467],[-2.2325489389291717,43.288103009071925],[-2.2327180348712137,43.288065513839356],[-2.2327835480313794,43.288050915632191],[-2.2327935564307566,43.288049001754629],[-2.2328447088278769,43.28803934975538],[-2.2328836286028086,43.288032046931889],[-2.232891660420707,43.288030479972903],[-2.2330198052208519,43.288024585877451],[-2.2330322617000533,43.288024039082408],[-2.2330363324452516,43.28802379624063],[-2.2330427585745118,43.288022488641886],[-2.2330586989464614,43.288019353874454],[-2.2331759703729448,43.287995917799158],[-2.2332523342198862,43.287951586886919],[-2.2332739408277242,43.287938945211302],[-2.2332837660218967,43.287931987494503],[-2.23338277544994,43.287860974622475],[-2.2334674364806566,43.287813547570032],[-2.2334712776651591,43.287811952486351],[-2.2335705129104455,43.287772006786518],[-2.2336442642610783,43.287758994065811],[-2.233723338045563,43.287744216037041],[-2.2338620852837394,43.287738121888047],[-2.2338922196071769,43.287736825363886],[-2.2339064072695431,43.287735245536709],[-2.2339587370202261,43.287723185893718],[-2.2340026050705108,43.287704913124223],[-2.2340105270848669,43.287700598051806],[-2.23401143931763,43.287700099903994],[-2.2340226620875354,43.287693543182115],[-2.2343155039400715,43.287512023721419],[-2.2345644476291562,43.287400224014284],[-2.2345704174206062,43.287397455433059],[-2.2345836150060574,43.287390680453065],[-2.2345961793789137,43.287383287121436],[-2.2345983960747069,43.287381875628249],[-2.234905689987654,43.287183903620786],[-2.2349153447752377,43.287177339023714],[-2.2349264811065739,43.28716881233089],[-2.2349358299159547,43.287160696896393],[-2.2350809606255053,43.287026928295106],[-2.2353566814112344,43.28678075125913],[-2.2353600828923903,43.286777644003209],[-2.2353682203833598,43.286769590670843],[-2.2353699490442258,43.286767776096319],[-2.2354389592010455,43.286726831604277],[-2.2355742290210339,43.286683253043208],[-2.2355805722967954,43.28667870309588],[-2.2356671099135461,43.286648485707744],[-2.2357426206766755,43.286622786916965],[-2.2358354356167696,43.286583426663469],[-2.2359047179491278,43.286553093813737],[-2.2360038267423188,43.286522960147593],[-2.236096533629691,43.286502058366395],[-2.2361891424388078,43.286488989847186],[-2.236300813012257,43.286449845172122],[-2.2363686650473453,43.286405725469528],[-2.2364334785368474,43.28635816369836],[-2.2364764401939383,43.286303522492403],[-2.2364890449502459,43.286291090252575],[-2.236514393462846,43.286264966053949],[-2.2365415164894626,43.286225076672409],[-2.2365845342561674,43.286165933504321],[-2.236624033313849,43.286131889640146],[-2.2366367195938168,43.286122789625757],[-2.2366605366642749,43.286090982281927],[-2.2367049706954347,43.28604670609127],[-2.2367380983437024,43.286019463156862],[-2.2367934867964858,43.28597643062551],[-2.2368423902374133,43.285949292922666],[-2.2368989851571808,43.285928059496285],[-2.2369728934074855,43.285902259151676],[-2.2370294550634888,43.285893541818368],[-2.2371033047050943,43.285872423385001],[-2.237160128997008,43.285832821995477],[-2.2372043914638433,43.285802231440854],[-2.237259808642083,43.285756857679729],[-2.2372976474548674,43.285727394849708],[-2.2373359233253169,43.285672812114683],[-2.2373803345477001,43.285620431374461],[-2.2374009562219612,43.285597697204622],[-2.2374374441091129,43.285557960087601],[-2.2374629201258718,43.285521571291788],[-2.2375088271758115,43.285487569836782],[-2.2375577775932132,43.285446745160677],[-2.2376017539591908,43.285439024202802],[-2.2376567690966866,43.285425793954673],[-2.2377007454355367,43.285418072958493],[-2.23770489005038,43.285416044832232],[-2.2377153146975033,43.285414804138668],[-2.2378492377974757,43.285391949669311],[-2.2378864096317854,43.285383290006166],[-2.2379212448643715,43.285370452841313],[-2.2380265724384749,43.285323659832976],[-2.2380520754281954,43.285310650603407],[-2.2380751325944335,43.285295400041527],[-2.2380953797753782,43.285278149747505],[-2.2382196859408707,43.285157601207544],[-2.2382239783398017,43.285153308491488],[-2.2384069242481588,43.284964546086258],[-2.2384224579761436,43.284946299057133],[-2.2385442035233942,43.284782210313871],[-2.238682327575801,43.284638711395459],[-2.2387014526550661,43.284615240354775],[-2.2388799031677244,43.284352794189289],[-2.2389883000614761,43.284226878444244],[-2.2391118849965381,43.284224995638297],[-2.2391323338569311,43.284216037027015],[-2.2391297503385164,43.284211494133181],[-2.2391891757515059,43.284105759484817],[-2.2392265506946369,43.283944528712006],[-2.2393634472180355,43.28363523811305],[-2.2394687841930319,43.283505438575958],[-2.2394719889672769,43.283501369097579],[-2.2396886119987087,43.28321783813027],[-2.2397042294477938,43.283193197314908],[-2.2397067349503423,43.283188070544604],[-2.239832790952347,43.282917379316316],[-2.2399402627819867,43.282688783391947],[-2.2399489858930264,43.282665080030121],[-2.2399915937890049,43.282507006530309],[-2.2400404693947,43.282396711616315],[-2.2401197396705728,43.282283469697695],[-2.2401242828389347,43.282276628472324],[-2.2402200825920695,43.282124224545747],[-2.2402226747110521,43.282119954675579],[-2.2402541169866099,43.282066307034839],[-2.2402678355543224,43.28202564335249],[-2.2402662396036264,43.281970660592528],[-2.2402626331500297,43.281894009324297],[-2.240349523936382,43.281633092940147],[-2.2403971825061908,43.281525803611828],[-2.2405046501066184,43.281260516037214],[-2.2405065866773692,43.281255734848251],[-2.2405071222153365,43.281254197717573],[-2.24050725105517,43.281253748343183],[-2.2405905161940303,43.281020091602763],[-2.2406124815642108,43.280958465891665],[-2.2406610696859692,43.280822237330739],[-2.2407215636389344,43.280644563072421],[-2.2407891272659763,43.280500844318311],[-2.2408663935598638,43.28039045830613],[-2.2410421007182686,43.280215176480901],[-2.2410429988612517,43.2802142117445],[-2.241043449748962,43.280213831140323],[-2.2411148674699355,43.280142585158764],[-2.2412402883067508,43.280025125585759],[-2.2413474266471396,43.279953752617445],[-2.2414989727108789,43.279880030283721],[-2.2415264222332976,43.279863267448867],[-2.2418980545010525,43.27971094206373],[-2.2420671464108475,43.279641646663457],[-2.2420772920320378,43.279638472234488],[-2.2420895416120383,43.279634591377601],[-2.2420977087429388,43.279631944113206],[-2.2421015447177233,43.279630708886259],[-2.2424075405573891,43.279533415252317],[-2.2431586289877301,43.27929274195278],[-2.2435184687213354,43.279196341870822],[-2.2435564314288556,43.279186147596192],[-2.24365053376629,43.279160926673185],[-2.2441508638855092,43.279035288077189],[-2.2442642116148135,43.279008482946502],[-2.2445807682645378,43.278933674714999],[-2.2446047315594342,43.278929330671872],[-2.2446090548109585,43.278928548808686],[-2.2446789706859405,43.278915683703254],[-2.2452034620618302,43.278819194855714],[-2.2452137150392857,43.278817281500494],[-2.2452148263787737,43.278817108741876],[-2.245257566908291,43.278809196579367],[-2.2455987967089817,43.278752197344993],[-2.2458583932209479,43.278708796129393],[-2.2467842123926971,43.278608462002012],[-2.2471473010730332,43.278597615600532],[-2.2472888374825213,43.278593414458022],[-2.2475071389412369,43.27859052859322],[-2.2475717304302791,43.278589602811522],[-2.2477006647164646,43.278587929595105],[-2.2477924255696156,43.278592495093655],[-2.2478825843895103,43.278597049984612],[-2.2481934618961472,43.27861260060989],[-2.2482187116662993,43.278613847118109],[-2.2489631300435171,43.278682219804516],[-2.2496819831729078,43.278785177715022],[-2.2500341991366266,43.278846827922997],[-2.2505650903216172,43.278971239336641],[-2.2505840055662385,43.278976495890106],[-2.2506685074785517,43.279000191325011],[-2.2506839587302441,43.27900451030154],[-2.2507028670973313,43.279007818194358],[-2.2510062300431946,43.279089632645075],[-2.2511732386824552,43.279153448567953],[-2.2515116491640246,43.279241192829232],[-2.2518070002450914,43.279340058769343],[-2.2521062539516343,43.279438949463199],[-2.2521216689477188,43.279445440818662],[-2.2521472661068467,43.279447943072114],[-2.252147263901227,43.279448123149734],[-2.2522094042339651,43.279466268479361],[-2.252272036446922,43.279484507036635],[-2.2524036773112712,43.27952363705856],[-2.2525230398846028,43.27955899480618],[-2.2527653095627125,43.279632164325285],[-2.2531361965481063,43.279770105877084],[-2.2532004026982997,43.2798007805523],[-2.2532783343880758,43.279837848016676],[-2.2533887346584676,43.279890615277786],[-2.2534388502432545,43.279914534440039],[-2.2534458351352025,43.279917821685473],[-2.2534524371051896,43.27992218698342],[-2.2535794867079679,43.280004327677588],[-2.2535790446249702,43.280004700284586],[-2.2536325347265103,43.280033371499293],[-2.2536748622714344,43.280082114949479],[-2.2536316635225577,43.280104640832882],[-2.2535828419523658,43.280122649318415],[-2.2530728049530286,43.280343428195309],[-2.2526366759497858,43.280532219827869],[-2.2526320666904756,43.280534214846085],[-2.2525368915460944,43.280575414806734],[-2.2525071122831717,43.280588298484439],[-2.2524349981468341,43.280619521587404],[-2.2524303858397268,43.280614315598967],[-2.2524069158788653,43.280587821949005],[-2.2523810347468975,43.2805954867924],[-2.2523806934727193,43.280595577309185],[-2.2523474175976395,43.280605442260573],[-2.2522662844097057,43.280618418813724],[-2.2522462646105934,43.28062279024055],[-2.252200568985177,43.28064050070644],[-2.2522018402557054,43.280667522817147],[-2.2522196644197416,43.28072166694286],[-2.2522497573774807,43.280780393569913],[-2.2522344854343688,43.280829819030409],[-2.2521693437800741,43.280865411554416],[-2.2520622162928983,43.28092774330652],[-2.2519280569181217,43.281003405069384],[-2.25173991827553,43.281078713569855],[-2.2515439727439972,43.281167477574449],[-2.2513159803769685,43.281296552180635],[-2.2510916842562749,43.281425650529421],[-2.2508932293981201,43.28152790387999],[-2.2506869130520428,43.281648024534412],[-2.250451318718131,43.281763540706109],[-2.2501875312387623,43.281856360084404],[-2.2499122689032189,43.281940099006484],[-2.2496439626701656,43.282019380598058],[-2.2494264438245035,43.282107999431162],[-2.2492193695764291,43.282219197897597],[-2.249069102044901,43.282281243657856],[-2.2488145534189119,43.282374120510781],[-2.2485213737736296,43.282471245299227],[-2.2482847367460783,43.282550731749282],[-2.2480613291677156,43.282616797783412],[-2.2478441928351014,43.282672308009779],[-2.2478209690831177,43.282678249603606],[-2.2476423215499857,43.282738672419775],[-2.2476120477189943,43.282748912316144],[-2.2475602083525392,43.282768750614039],[-2.2473807201469205,43.282837436410361],[-2.2472119072698606,43.282903859991805],[-2.247013202551102,43.282965494203417],[-2.2468101082087464,43.283063207591681],[-2.2465885388021536,43.283169803522739],[-2.2464148862829294,43.283258705532376],[-2.2462411776763092,43.283352109204415],[-2.2460373413573347,43.283449816322232],[-2.2458488543254571,43.283552126574463],[-2.2456083497416226,43.283694614125984],[-2.2454439376768089,43.283783575594498],[-2.2452645806923277,43.283894949698762],[-2.2450769537153183,43.283997264343633],[-2.2448626850170892,43.284130918873487],[-2.2446601000498929,43.284246640967304],[-2.2446446120418724,43.284256178105998],[-2.2444792613283044,43.284358004043817],[-2.244296080270042,43.284469351356236],[-2.2441152402270181,43.284580713842999],[-2.2439543537458979,43.284683203339874],[-2.2438110586892432,43.284808320388699],[-2.2437029649253737,43.284897651643519],[-2.2436278894162074,43.28497819654654],[-2.243600385850554,43.2850136044203],[-2.2435652616937021,43.285058823719787],[-2.2435080009081236,43.28514398864899],[-2.2434481761981382,43.285247055727034],[-2.2433781438889029,43.285368154479009],[-2.2433198524011004,43.285466819377909],[-2.2432498753886025,43.285583416116594],[-2.2431524601217561,43.28573584962168],[-2.2430278853479044,43.285901610188347],[-2.2429680579537501,43.286004767028579],[-2.2429003097113456,43.286130382882618],[-2.2428254801086642,43.286260454112195],[-2.2427673101091785,43.286359119516987],[-2.2426622393168354,43.28650249731087],[-2.2426001806618334,43.286596634583979],[-2.2425852083635203,43.286619966283091],[-2.2425225035481597,43.286717682159235],[-2.2424539466936149,43.286838790082506],[-2.2423897132217308,43.286919405948296],[-2.24230022612111,43.287058384317945],[-2.2422233876220412,43.287161428057672],[-2.2421536301066829,43.287260016365607],[-2.2421224258963632,43.287291325673579],[-2.2420426287507618,43.287394349683552],[-2.2419783382380634,43.287479467225594],[-2.2419229433310104,43.287533127629764],[-2.2419251733054497,43.287542146997041],[-2.2419290741591453,43.287605204964876],[-2.2419218251267199,43.28762316609663],[-2.2419120779885442,43.287663622140329],[-2.2419037094744731,43.287722096495287],[-2.2418855823351787,43.287812022225786],[-2.2418544576520683,43.287906364095662],[-2.2418032311739102,43.287991568121754],[-2.2417459092094427,43.288081234009077],[-2.2417284243053377,43.288129454719886],[-2.2417051931829626,43.288193521424134],[-2.2416840515805694,43.288287929423802],[-2.2416770499422527,43.288355417404183],[-2.2417346448497515,43.28843233821685],[-2.2417962844700003,43.288491276638396],[-2.2418334267355178,43.288521823272013],[-2.2418680310683334,43.288550282016928],[-2.2419475873155688,43.288595832228758],[-2.2420499127723144,43.288664044733466],[-2.2421010533650314,43.288704904244156],[-2.2421209331469356,43.28878157494858],[-2.2421075455811601,43.288867029808834],[-2.2420840510497273,43.288952417695548],[-2.2420251519861591,43.289019949891077],[-2.242013775315963,43.289032993280848],[-2.2419240364526143,43.289122444414197],[-2.2419188796087273,43.289126465901653],[-2.2418438770193037,43.289184945215844],[-2.2418289539792302,43.289274892152044],[-2.2418874012991319,43.289342813941659],[-2.2419064055732725,43.289360949069732],[-2.2419681136315912,43.289424390136233],[-2.2420280403236426,43.289492321656653],[-2.2421130899290573,43.289591935658414],[-2.2421903861063428,43.289700502811343],[-2.2422532385419136,43.289790965055943],[-2.2423055928763165,43.289912873767399],[-2.242348602835269,43.29005272972438],[-2.2423578732740999,43.290169850721661],[-2.2423590285590738,43.29020587670928],[-2.2423713543331014,43.290205958352665],[-2.2424408486924787,43.290188409476514],[-2.2425266688960726,43.290166466383248],[-2.2426570524377096,43.290149320590679],[-2.2426740061314905,43.290153935135862],[-2.2427042061090212,43.290203660299909],[-2.2427181610528368,43.290320812280797],[-2.2427432997852019,43.290460549758926],[-2.242768101604157,43.290577773539773],[-2.2427898104926958,43.290685972254465],[-2.2427926377289826,43.290776036801027],[-2.2427925260244179,43.290785040644465],[-2.2427920926780387,43.290879585895617],[-2.2427883544337575,43.290992118431689],[-2.2427869581045514,43.291104666469245],[-2.2427796221938907,43.291199166019105],[-2.2427460992927943,43.291297994490634],[-2.2427118810382209,43.291383311473801],[-2.2426546263426164,43.291527005698697],[-2.2425992974475664,43.29163469431716],[-2.2425356424904184,43.2917378254784],[-2.2425060517302193,43.291827675328364],[-2.2424966527008809,43.291899649731803],[-2.242515570896872,43.291994323120505],[-2.2425252462208434,43.292138460489326],[-2.242531098775165,43.292233047344745],[-2.2425554291336485,43.292318751982258],[-2.2425781686700899,43.292413450659403],[-2.2426309727726728,43.292499343826776],[-2.2427022779433581,43.292594364043538],[-2.2427234578672124,43.29262602030154],[-2.2427720926336856,43.292680369767119],[-2.2428300280542453,43.292730278490161],[-2.2429025644460543,43.292775781540222],[-2.2429547278213979,43.292794135964066],[-2.2429991930799851,43.292816941705937],[-2.2430812093691639,43.292853502802728],[-2.2431661840735289,43.292890083415905],[-2.2432467772259561,43.292922132687181],[-2.243314292924687,43.292945090808395],[-2.2433869415604466,43.292981589713023],[-2.2434497850155859,43.29301352142717],[-2.24352307344776,43.293068033635862],[-2.2435856264049967,43.293113470222885],[-2.2436489865078193,43.293163414402407],[-2.2437307805043103,43.293217982720535],[-2.2438199938881924,43.293290609188794],[-2.243894885417276,43.293345131755416],[-2.2439612043548807,43.293395095319632],[-2.2440491063934527,43.293454206071154],[-2.2441233027551366,43.293495217024272],[-2.244201332173922,43.293545257835937],[-2.2442823758200778,43.293590816219954],[-2.2443535584095846,43.293636309400085],[-2.2444376839113347,43.293681888033596],[-2.2444882578847878,43.293709235835649],[-2.2445670156568007,43.293750276628906],[-2.2446718179377974,43.29381850309548],[-2.2447429335334461,43.29385949330036],[-2.2448163912650227,43.293900498924572],[-2.2449168442087379,43.293941682714319],[-2.2450323037372653,43.294005476913476],[-2.2451226611159951,43.294055598463665],[-2.2452313852325001,43.294105841141757],[-2.2453201404689747,43.294155951963113],[-2.2454220296385001,43.294210651651113],[-2.2455038146808359,43.294256214056951],[-2.2456039893072313,43.294319996895915],[-2.2457201462078653,43.29439730186381],[-2.2458058762486037,43.294442890067863],[-2.2458908111879388,43.294492975254038],[-2.2459919498155339,43.294538664906185],[-2.2461030175816616,43.29458892220245],[-2.2462019812845688,43.29462109046699],[-2.2463018635615772,43.294648762409999],[-2.2463870771711152,43.294676337619421],[-2.2464701155524334,43.294690391569027],[-2.2466052089524093,43.294731802076953],[-2.246713362616124,43.294768532719097],[-2.2468324750451116,43.294796330843361],[-2.2469345767109647,43.294824016847627],[-2.2470468853038201,43.294833760798198],[-2.2471392246408461,43.294843373200379],[-2.2473301778205408,43.294853634493109],[-2.2474580737311585,43.294858978321713],[-2.247605938968277,43.294864453367857],[-2.247699184544889,43.294860564413455],[-2.2478001404589096,43.294861228377627],[-2.2479358454497085,43.294853116160915],[-2.2480974611927182,43.294863183270984]]],[[[-2.247902707361531,43.300245317464707],[-2.2479188871859184,43.300272564525066],[-2.2479134948443273,43.300375060490971],[-2.2480483634591577,43.300487525539104],[-2.248294816504889,43.300591676932918],[-2.248866094766905,43.3008065231868],[-2.2491090527674049,43.300859384162948],[-2.2494960670054054,43.300949377508161],[-2.2495865631957903,43.300977111938799],[-2.2498399063908012,43.301192883502914],[-2.249998055462227,43.301091389215479],[-2.2502087228917969,43.300960002556387],[-2.2502937779317778,43.30091043706242],[-2.250306504148146,43.30090228760038],[-2.2505719518841536,43.30073321861105],[-2.2510462179882818,43.300430717240701],[-2.2516449956285549,43.300052897668763],[-2.2522047732492094,43.299697659152173],[-2.2526039504223774,43.29944577565368],[-2.2525936739010883,43.299433745930244],[-2.2526446983030963,43.299401452174962],[-2.2525400760944723,43.299311587252781],[-2.2525212944364821,43.29929791893813],[-2.2526568663554127,43.299213454108099],[-2.2526946173654809,43.299189934099054],[-2.2527140894881037,43.299190511548815],[-2.2527069435257605,43.299181577349337],[-2.2526911398673675,43.299161817116477],[-2.2523808889695784,43.298774574068176],[-2.2523686736795869,43.298775394681535],[-2.2523048008883895,43.298725992292965],[-2.2503184242013483,43.297191307362901],[-2.2502407311865111,43.29713126346865],[-2.2498432680831466,43.296824087581648],[-2.249752146389794,43.296753663951606],[-2.249686914137857,43.296703274173851],[-2.249667027948465,43.296687912483598],[-2.2496671322265303,43.296687552984658],[-2.2496348019105321,43.296667191355567],[-2.2496252940538644,43.296673141335141],[-2.2496086046735311,43.296687244665556],[-2.2496048736320433,43.296690397902232],[-2.2493421328747196,43.296912425838087],[-2.2487734434210656,43.297322362308741],[-2.2487116283498545,43.297366528938475],[-2.2486484571920013,43.297410686626328],[-2.2486230373932732,43.297385572471605],[-2.2485907444230695,43.297353666931954],[-2.2485785436750123,43.29734161249727],[-2.2483939206976822,43.297477359017556],[-2.2485101148291164,43.297728893546861],[-2.248510159253656,43.297728990187629],[-2.2485101171161972,43.297732411648497],[-2.248513223527254,43.297740446127911],[-2.2485131104218414,43.29774963004909],[-2.2485161746969653,43.297761085989229],[-2.2485189748736274,43.29778397600159],[-2.2485219537688348,43.297802364901564],[-2.2485279734704036,43.297824105471477],[-2.2485295097227089,43.297832302522181],[-2.2485309812003336,43.297840153371673],[-2.2485347092932937,43.297858572406163],[-2.2485353972458997,43.297861973450772],[-2.2485383238421881,43.297874599080032],[-2.2485444801358505,43.29789525999751],[-2.2485473645998879,43.29791130708724],[-2.248548784198054,43.297926173958487],[-2.2485501328317739,43.297946803289925],[-2.2485530840229924,43.297967443149716],[-2.2485575854642272,43.297982330267757],[-2.2485636185011266,43.298002990374066],[-2.2485696803709234,43.298021309480575],[-2.2485741951255807,43.298035116136596],[-2.2485803689893467,43.298044341360125],[-2.2485849269905902,43.298054636516568],[-2.2485864308681189,43.298062660465668],[-2.2485895506107689,43.298069614481506],[-2.2486264829831866,43.29813396965644],[-2.2486584658332975,43.298209818158504],[-2.2486970519230938,43.298270042069163],[-2.2487093919760963,43.298289122771529],[-2.2487694917768133,43.298374340584687],[-2.2488298990192845,43.298444612795073],[-2.2488933173337955,43.298520667671902],[-2.2489659772483126,43.298607138452468],[-2.2490915115742669,43.298704851854652],[-2.2490981052706283,43.298710027748371],[-2.2491694312438337,43.298774698577319],[-2.2492410080454488,43.298829015750677],[-2.2493063574290995,43.29886843446468],[-2.2494606400854167,43.298954360056527],[-2.249541644651492,43.298993971407313],[-2.2496429735874011,43.299045061795155],[-2.2497506019430182,43.299095202910294],[-2.2498566710592405,43.2991418219151],[-2.2499784384602641,43.299185122024497],[-2.2500877867902722,43.29921573418148],[-2.2505799679866629,43.299314228410317],[-2.250687095824921,43.299335756942099],[-2.2507304989262393,43.299344479457105],[-2.2507347870466585,43.299386829029309],[-2.2507448144531801,43.299403553171224],[-2.2507610029299951,43.299430582880873],[-2.2507306331818429,43.299484141225406],[-2.250712374327192,43.299575508049124],[-2.2506979298983358,43.299597204483803],[-2.2506149390808718,43.299598731827444],[-2.2505708003404048,43.299618973051636],[-2.2505047890450895,43.299633308010634],[-2.2504987771671692,43.299633441503907],[-2.2503887444496273,43.299635879232142],[-2.2503465456147231,43.299628669144354],[-2.2503106370496919,43.299620141480744],[-2.2494492954448613,43.299415589771968],[-2.2489423653473359,43.299370675480411],[-2.2488409151395174,43.299361686348121],[-2.2485426496220353,43.299335259044135],[-2.2485441535232176,43.299343282992218],[-2.2484610663590576,43.299342647043304],[-2.2484612216211528,43.299330041664959],[-2.2483551297874591,43.299316451783938],[-2.2483093260124929,43.299310584148159],[-2.2481558535555721,43.299299040086531],[-2.2479992138069838,43.299294408514356],[-2.2478440923221212,43.299296630185253],[-2.2477194917295749,43.299304838725476],[-2.2476887487489905,43.299306864252557],[-2.2475365259214257,43.299323962112659],[-2.2473842319326285,43.299346822226738],[-2.2473689446984824,43.299350098349137],[-2.2472350308251254,43.299378797108986],[-2.247168280187974,43.299395557410818],[-2.2471347348118735,43.299403980099918],[-2.2470888537011464,43.299415474078444],[-2.2469456460805417,43.299461265027254],[-2.2468071893519106,43.299511679411843],[-2.24667493502489,43.299568977951836],[-2.2465456912144401,43.299632059094137],[-2.246422663095637,43.29970094396581],[-2.2464163726307764,43.299701172658395],[-2.2463370271064012,43.299704202166026],[-2.246326698170654,43.299704596941147],[-2.2463238636961318,43.299704705228386],[-2.2463216928267045,43.29970309081186],[-2.2463208095748515,43.299702433961443],[-2.246320911250296,43.299703085661783],[-2.2463216125619789,43.299707592567728],[-2.2463281198607699,43.299749395938115],[-2.2463090158283845,43.299751647261303],[-2.2462953319804084,43.299753260756205],[-2.2462919440505575,43.299753659845067],[-2.2463032222516301,43.299802274194974],[-2.2463188075844243,43.299874587235898],[-2.2463254087745153,43.299915278259192],[-2.2464030321041744,43.299982133580215],[-2.2466743633978465,43.300077405491045],[-2.246961316679629,43.300245154731712],[-2.2472779157360629,43.300352785750277],[-2.2475994985399899,43.300391089185091],[-2.2476494506947504,43.300358245836883],[-2.247667377962927,43.300243769813058],[-2.2477048698502142,43.300216875741093],[-2.24777505577892,43.300217337348826],[-2.2478576274618698,43.300217880361629],[-2.247902707361531,43.300245317464707]]]]},"properties":{"OBJECTID":3,"SITE_CODE":"ES2120004","SITE_NAME":"KBE Urolako Itsasadarra / ZEC Ría del Urola","AC":"PAÍS VASCO","TIPO":"B","HECTAREAS":111.97433173,"SHAPE.AREA":0,"SHAPE.LEN":0}},{"type":"Feature","id":4,"geometry":{"type":"MultiPolygon","coordinates":[[[[-2.1475506784769256,43.293639894297819],[-2.1482596145883237,43.294100356506384],[-2.148637094912488,43.294673966217665],[-2.1491134067830604,43.295100454977437],[-2.1495599324661261,43.295780558886065],[-2.1496394334562794,43.295870025008917],[-2.1497783888630244,43.295877451250789],[-2.1500085542502436,43.295771017145732],[-2.1500298664131181,43.295745106414323],[-2.1500846734811732,43.295678475616917],[-2.1500625822300812,43.29558286309328],[-2.1494461112329457,43.294792452204945],[-2.149343345131363,43.294700651811617],[-2.1491039166445804,43.294622872352292],[-2.1490552467288246,43.294560390482353],[-2.1490376702518241,43.294537826645033],[-2.1490814350862659,43.294343203419892],[-2.1495111587485538,43.294238254727311],[-2.1495471014765983,43.294210448451054],[-2.1496250607748446,43.294150136516542],[-2.149729405827852,43.293925077752483],[-2.1497449162119371,43.293690259433177],[-2.1497517464889238,43.293586852247223],[-2.1498622588008671,43.293538418727408],[-2.1505526503531054,43.293649621893621],[-2.1512327494025456,43.293880595286481],[-2.1516421284165372,43.293837529057207],[-2.1519268132172344,43.293633797665791],[-2.1522811406623483,43.293380223697596],[-2.1523646756138533,43.293320441055656],[-2.1525819971210161,43.293134147673683],[-2.1526583580752945,43.293068688310285],[-2.1526629749797621,43.293064670458001],[-2.1527005240093509,43.292977128878192],[-2.1527083283608142,43.292958932632452],[-2.1529930916879731,43.292932137082772],[-2.1530105455242521,43.292922485571097],[-2.1531715876118125,43.292833436022356],[-2.1533507164958028,43.292734385486845],[-2.1533713603331415,43.292722970125851],[-2.1534786739377432,43.29248712436123],[-2.1536153607662096,43.291822067953952],[-2.1536633982531046,43.291718150500415],[-2.1536636522607191,43.291717612105742],[-2.1536637780159573,43.291717432944878],[-2.153664384318049,43.291718157796694],[-2.1536646383256546,43.291717619402043],[-2.1536920773622135,43.291659022592619],[-2.1536937323837422,43.291626789474776],[-2.1537039269803198,43.291589177180029],[-2.1537369600521683,43.291490299285464],[-2.1538094284988567,43.291340021500112],[-2.1538800538023057,43.29125597935456],[-2.153913698674855,43.291229065051638],[-2.1539979858742777,43.291161638272676],[-2.1540264669502247,43.291151171309437],[-2.1544835334544379,43.291076427314067],[-2.1548303688017598,43.29099065583933],[-2.1550967905056146,43.290937423452853],[-2.1552549730716533,43.290905817881359],[-2.1555209177567325,43.290830702575995],[-2.156058003103285,43.290661148615079],[-2.1564644535245936,43.290551679774062],[-2.1568103920153257,43.290485795770444],[-2.1574189846269958,43.290350619713166],[-2.1582098876949924,43.290215431610527],[-2.1585530049827453,43.290148260924887],[-2.1591274126138975,43.290030669531944],[-2.1595109060861084,43.289952160683839],[-2.1599927744790763,43.289834499008975],[-2.1603403075569863,43.289768616022528],[-2.1608651218126491,43.289656128392842],[-2.1608735486117281,43.28922367261228],[-2.1608747449177947,43.289162388151532],[-2.1608674750969117,43.289126316519763],[-2.1608582342966232,43.289072221278232],[-2.1608489935119932,43.289018126035579],[-2.1608592277430327,43.288946164521512],[-2.1608696470916962,43.288869702076269],[-2.1608676179163306,43.288793148302602],[-2.1608641721364137,43.288703077272451],[-2.1608609115072133,43.288608505311522],[-2.1608576514150961,43.288504928777492],[-2.1608513095101549,43.288410334207384],[-2.1608464466403015,43.28831575048644],[-2.1608491634723053,43.288225724660713],[-2.1608551467130721,43.288131220509477],[-2.1608772763278554,43.288027830235798],[-2.1608847385094072,43.28793333692969],[-2.160885728704645,43.287861307582993],[-2.1608876435359128,43.287784782730434],[-2.1608312562107295,43.287788871336559],[-2.1607565045662986,43.287792825171117],[-2.1606924137984707,43.287801359473981],[-2.1605921487239192,43.287814130559717],[-2.1604701296072086,43.287831244176509],[-2.1603791701524879,43.287839581088576],[-2.1602650395776863,43.287847747816656],[-2.1601478896524675,43.287851389972637],[-2.1600553898190906,43.287855213028436],[-2.1599242506031997,43.287863254512608],[-2.1597977329084244,43.287875832082996],[-2.1597129358320437,43.287884213731928],[-2.1596273379592228,43.287888087146229],[-2.1594878795743337,43.287891564718741],[-2.1593737487968161,43.287899730555587],[-2.1592712035470973,43.28790798143649],[-2.1589382408497944,43.287919040430872],[-2.1589347310476823,43.287887498606096],[-2.1589300515874905,43.287842441315938],[-2.1589237706918016,43.287788367673045],[-2.1589147799293675,43.2877162649498],[-2.1589071441224643,43.287653176765133],[-2.1588914995351853,43.287563015956096],[-2.1588777633151772,43.287495380619077],[-2.158864765801408,43.287436755288816],[-2.1588620625201429,43.287346689640493],[-2.1588629310117371,43.287283663988397],[-2.1588705145333664,43.287243199159697],[-2.1588827831479516,43.287184759628808],[-2.1589035551056863,43.287135387203165],[-2.158933633538302,43.287072576340648],[-2.1589600144447685,43.287009738281505],[-2.1589745005958312,43.286960319621443],[-2.1590018069731545,43.286883981489758],[-2.1590273870082242,43.286816635235461],[-2.1590593154566768,43.286735828782511],[-2.1590881006003495,43.286659501499194],[-2.159102941969651,43.286623831820194],[-2.1591254525717853,43.286569730320387],[-2.1591260185913153,43.286566848514227],[-2.1591387075577528,43.286502293428022],[-2.1591027820112352,43.286488522449496],[-2.1590488615252132,43.286483623736096],[-2.1589896413968002,43.286478686030335],[-2.1588864218514634,43.286473424745118],[-2.1587809838671359,43.28646814705106],[-2.158680968799835,43.286462909148007],[-2.158589272538002,43.286462234642315],[-2.1584528985642946,43.286465733646381],[-2.1583504185805578,43.286460477318727],[-2.1582757925819349,43.286455425880433],[-2.1582274813333013,43.286437061190739],[-2.1581877362786095,43.286414257237105],[-2.1581465743695452,43.286386940552205],[-2.1581084325245561,43.286355143792349],[-2.1581267010844911,43.28633528809209],[-2.158141343288452,43.2863193677128],[-2.1581671668340436,43.286288041751355],[-2.1582071035338881,43.286243312784251],[-2.1582748949287733,43.286189784210656],[-2.1583445226783735,43.286140910969273],[-2.1583510670003716,43.286136317264528],[-2.1584039718216674,43.286100243403091],[-2.1584163923284376,43.286091775038457],[-2.1584201017488733,43.286088695751793],[-2.158453767110605,43.286060745609269],[-2.1584647706852023,43.286051610380504],[-2.1585482786225478,43.28596668124721],[-2.1586240200922653,43.285899704080251],[-2.1586956934223718,43.285841701519011],[-2.1587384223274899,43.285809058135655],[-2.1587774116042779,43.285779270498928],[-2.1588506256335576,43.285716776880633],[-2.1589216210839228,43.285654266900664],[-2.1589476439850777,43.285631502878516],[-2.1589590759378234,43.285621502709823],[-2.1589777640558157,43.285605154538061],[-2.1590551075877791,43.285529184280499],[-2.1591174746337867,43.285475615318489],[-2.1591798415701291,43.285422046321045],[-2.1592514518073815,43.285368545231925],[-2.1592810949851065,43.285337247088904],[-2.1593392485944496,43.2853010483853],[-2.1593400989700529,43.28530051886279],[-2.1593405291186589,43.285300251886831],[-2.1593525810448031,43.285292749602959],[-2.1592660978333873,43.285254668408342],[-2.1582443188769549,43.284804746684237],[-2.1582146162458691,43.284791264343419],[-2.1582078043481117,43.284800970674212],[-2.1581762650377656,43.284788125837416],[-2.1581510831978772,43.284817655616465],[-2.1579654565300852,43.284942893642736],[-2.1578618115981736,43.285022271358656],[-2.1575260721590892,43.285226724200015],[-2.1574429689018584,43.285228723396948],[-2.1574248852061713,43.285217244415207],[-2.1573930183720402,43.285222052230701],[-2.1573643171730907,43.285220760244023],[-2.157329158556855,43.285214017928794],[-2.1573030676858322,43.285202209799081],[-2.1572889376148279,43.285181125023449],[-2.157284193011149,43.285167673242583],[-2.1572815098208786,43.285147753351694],[-2.1572866906918415,43.28512960227075],[-2.1573374276597272,43.285070365750329],[-2.1572882793489701,43.285023449974524],[-2.1571940225485244,43.285047698174317],[-2.1571359353829607,43.28503223249821],[-2.1571276016381487,43.285010920277387],[-2.1571183998729424,43.284972132773539],[-2.1571027208596316,43.284929335521028],[-2.1570761107392653,43.284901585405258],[-2.1570262672862173,43.284878256393917],[-2.1566507332848501,43.284911776583229],[-2.1565033207042563,43.284938333647766],[-2.1563561061371446,43.284995147372143],[-2.1562392918068856,43.285081900280922],[-2.1562267433434212,43.285098103301273],[-2.1561659127992798,43.285138357946749],[-2.1561636521423053,43.285142913794559],[-2.1560969395458396,43.285277330021792],[-2.1560793257451745,43.285428026773715],[-2.1560787531709593,43.285469443614751],[-2.1560756786755664,43.285691834038474],[-2.1559486032493753,43.285932219089638],[-2.1559460449484327,43.285938953645037],[-2.1558468496632721,43.286195392364455],[-2.1556558765956,43.286482032925164],[-2.1556531299572192,43.286486161058647],[-2.1556518725600951,43.286488042737929],[-2.1556446333213186,43.286494381647778],[-2.1556418858071003,43.286496790800634],[-2.1556405434845294,43.286497950586181],[-2.1556334040495888,43.286504202887649],[-2.1556257445553051,43.28651089347423],[-2.1556203669955543,43.286515595586621],[-2.155618510415378,43.286517219813597],[-2.1553697675023593,43.286734756381698],[-2.1550999885422151,43.28691006402628],[-2.1550931115487502,43.286914535325792],[-2.1550852905241342,43.286919619166333],[-2.1550844272535352,43.286920185480511],[-2.1550637963630042,43.286933592171955],[-2.1550583584480973,43.286937127718929],[-2.1550582294097036,43.286937188897298],[-2.1549846788377072,43.286972229831733],[-2.1549058417261411,43.287017671565586],[-2.1548742419658082,43.287043347856297],[-2.1548697081376278,43.287045682560539],[-2.1548624375612944,43.287052938754918],[-2.1548245459776867,43.287083727264125],[-2.154732278258213,43.28715763665447],[-2.1546375749403341,43.287250572647473],[-2.1545010932843485,43.287379701592087],[-2.1544285516593358,43.287441060094643],[-2.1543385657416798,43.287507050297542],[-2.1541785610008803,43.287609025420977],[-2.1540864908683668,43.287668651784713],[-2.153931357753839,43.287732573232574],[-2.1534557315442857,43.28795679504784],[-2.1530828533959312,43.288108507286452],[-2.1529665128884483,43.288173492644908],[-2.1529359346018779,43.288186214773091],[-2.1527551684952502,43.28828833848879],[-2.1526795537398877,43.288341156579399],[-2.1525338404499452,43.288428198513323],[-2.1525216790925747,43.288436197215326],[-2.1525078494995058,43.288448402198341],[-2.1524753921503992,43.288469578181349],[-2.152412224929722,43.288503078065474],[-2.1522793802160374,43.288553869869027],[-2.1521792328464135,43.288628946099095],[-2.152156333300157,43.288665912120862],[-2.1521550232099202,43.288668026588724],[-2.1521468553855332,43.288661393605373],[-2.1521291410218621,43.288647018858818],[-2.1521059684220782,43.288628213917917],[-2.1519442749776063,43.288496998126391],[-2.1519340344342472,43.288488818081639],[-2.1517518172991168,43.288366985685236],[-2.1514416078898231,43.288159740610425],[-2.1513959422032585,43.288217121139979],[-2.1512614785336819,43.288464109425547],[-2.1512528758338956,43.288479983686138],[-2.1511697282933313,43.288653244986904],[-2.1511518313992162,43.28869039110495],[-2.1510572772792207,43.288735432582442],[-2.1510932484148171,43.288825655250818],[-2.1511778586909425,43.289052478067624],[-2.1509542023927049,43.289171479349442],[-2.1507762926647009,43.28929820360068],[-2.1507735316073657,43.289381475398329],[-2.1507687588050759,43.289520740698876],[-2.1508398317342352,43.289604200483325],[-2.150873847003044,43.289755279594473],[-2.1508929128261021,43.289873381026439],[-2.1508795612784448,43.289876163371879],[-2.1509260002434325,43.290091177103022],[-2.1510053401071945,43.290289326338552],[-2.1510454141266835,43.290412536183155],[-2.1511431161384524,43.290611091737887],[-2.1511652820006422,43.290692477466365],[-2.1512158782193675,43.290768221198299],[-2.1513232237812128,43.290840694119844],[-2.151441456614922,43.290954668734912],[-2.1514970547256826,43.290945536350179],[-2.1515639059387746,43.290978178572324],[-2.1516430745580841,43.291106845004791],[-2.1516462244482417,43.291111963153469],[-2.1516547976930513,43.291125897381065],[-2.1517727082168934,43.291183320559362],[-2.1518021174744968,43.291285798150831],[-2.1518269108171113,43.291372188157055],[-2.1518279528392936,43.291375442031537],[-2.1518314806142564,43.291386456467983],[-2.1518792428525786,43.291535571527866],[-2.1518910632316191,43.291572475258185],[-2.1519861160188358,43.291686997783344],[-2.1520526215577709,43.291812115879814],[-2.1520533687844878,43.291813520729413],[-2.152087025875868,43.291876841844484],[-2.1521135364475601,43.291991666531608],[-2.1521358674684872,43.292087910817017],[-2.1516828629885731,43.292219620424135],[-2.1513041655312457,43.292370789211482],[-2.1511250426211626,43.292442306924123],[-2.1510433156150244,43.292468714051516],[-2.1508219746045114,43.292429251783886],[-2.1506148235288944,43.292433116390505],[-2.1504365778934367,43.292485819991128],[-2.1503399089646944,43.292522921112273],[-2.150207315112119,43.292484116878633],[-2.1502043474938008,43.292478926208332],[-2.1501639948289548,43.292408156646218],[-2.1501607849152928,43.292406999121347],[-2.1501346800193493,43.29239758357955],[-2.1501315079661665,43.292396451547944],[-2.1500050958996599,43.292351325881839],[-2.1498532488253921,43.292297120816762],[-2.1497191487269895,43.292249250727657],[-2.1496793094183761,43.292235028994156],[-2.1493914719177001,43.292132277130719],[-2.1493861608750287,43.292131163388561],[-2.1493563177781425,43.292124903883803],[-2.1489637365584424,43.292042651502754],[-2.1488162782763847,43.292009137795908],[-2.1487008487059724,43.291986037449377],[-2.1482908441876609,43.291783173753117],[-2.1481146183020843,43.291708834317866],[-2.1479546918706913,43.291641368557897],[-2.1478905988767134,43.291614328512367],[-2.1478682060758989,43.291593631269301],[-2.1475445950708267,43.291295419788717],[-2.1475236627240353,43.291276084047325],[-2.1469658741852244,43.29130200069482],[-2.146698386979911,43.291239674855404],[-2.1464599227497851,43.291226369740059],[-2.1461517431152912,43.291209121980387],[-2.1460013966231455,43.291199120125206],[-2.145979547683972,43.291197666635249],[-2.1454503753518184,43.291162463035377],[-2.1454989669715201,43.291022034221285],[-2.1455310529215303,43.290929307147934],[-2.1454354288975366,43.290980577026851],[-2.1453438810316956,43.291029660358006],[-2.1452675313621277,43.290953721590334],[-2.1452362529235041,43.290925211698877],[-2.1449508309171637,43.290664919146778],[-2.1448459183507897,43.290569277975116],[-2.1448089125068099,43.290535543014151],[-2.1445304493941779,43.290324464582241],[-2.1442436927380366,43.290107200308483],[-2.1442366415575793,43.290101857367794],[-2.1442143573084551,43.290084974553935],[-2.1441908789970214,43.290067185045785],[-2.1441168306943577,43.290020707665462],[-2.1441110566059529,43.290025032575819],[-2.1438168513550511,43.290245377741599],[-2.143712894379346,43.290318151555745],[-2.1433320835057645,43.290584732056281],[-2.1429365517077521,43.290836688303088],[-2.14282085428589,43.290639881870142],[-2.142610576715327,43.290603458128004],[-2.1417637053064822,43.291279653127397],[-2.1417215126213565,43.291262463767971],[-2.1409751087805078,43.290958393211298],[-2.1401079271650776,43.290598447749467],[-2.1393744156385819,43.290293879252843],[-2.1391520312430998,43.290201539629031],[-2.1389736763644818,43.290121858283854],[-2.1381279737571752,43.289744049427391],[-2.1376284845304494,43.289552989505459],[-2.1375022029391744,43.289504673282373],[-2.1369579671428602,43.289392423175016],[-2.1367148567971364,43.289342233993011],[-2.1364882639359757,43.289257231260699],[-2.1353364253808582,43.2888251355552],[-2.135320977269668,43.288819344991808],[-2.135324733919659,43.288806586899902],[-2.135368696460219,43.288657430744564],[-2.1353953037189548,43.288567148536714],[-2.1353285787168055,43.28852639370001],[-2.1353230222270518,43.288527071159798],[-2.1352243647375961,43.288539022638552],[-2.1351031794716677,43.288453193228776],[-2.1348163987943098,43.288388442555856],[-2.1347314376568458,43.288338544855492],[-2.1348425107121347,43.288276803284177],[-2.1348331599016288,43.288075570411941],[-2.1347532237805287,43.288097297084981],[-2.1346421509658877,43.288159038573504],[-2.134513724137022,43.288158066863666],[-2.1344478281008077,43.288050233720369],[-2.1343015441977418,43.288013378487463],[-2.1343025581011852,43.28794188985627],[-2.1340777376897169,43.28781943672881],[-2.1338519618534919,43.287773064562259],[-2.1337176276721173,43.287754128125393],[-2.1336412570091943,43.287680972829889],[-2.133663808506824,43.287672679344119],[-2.1338619394431393,43.287599802091435],[-2.1346772487323173,43.28767440787383],[-2.1360078460457776,43.287693381130971],[-2.136162633309409,43.287695540752374],[-2.1364342996347037,43.287687143252725],[-2.137001248786762,43.287669590733124],[-2.1371802414490388,43.28766405170358],[-2.1376840724606558,43.28800030007848],[-2.1381495090211442,43.28821892734306],[-2.1382053897716684,43.288224661090005],[-2.1384780225281812,43.288252738140862],[-2.1380743954528061,43.287846832658452],[-2.137543955853817,43.2875006604201],[-2.1374862326593491,43.287468348964161],[-2.1369065582158528,43.28714386367897],[-2.1358835531666509,43.286608111393811],[-2.1357243464628786,43.286509118823517],[-2.1354777030671359,43.285969501633858],[-2.1354137537112825,43.285871949837933],[-2.1350847401167803,43.285370157730753],[-2.1346845008533335,43.284789036668514],[-2.1345655637739811,43.284779942650054],[-2.1343935541622527,43.284775939669359],[-2.1341901973195831,43.284774760704821],[-2.1339764247982753,43.284786649200107],[-2.1339601336661178,43.284788146675176],[-2.1338694902082214,43.284817715702424],[-2.133391406209264,43.284867761740806],[-2.1331862863662989,43.284886557794358],[-2.1333031538666574,43.28504142166566],[-2.1333454714004891,43.285081992770962],[-2.1333838513674594,43.285139462631079],[-2.1342266014862239,43.285093258018982],[-2.1346074822260022,43.285422556281588],[-2.1347441420177127,43.285538216617539],[-2.1349219630971397,43.285688679235328],[-2.1348884838872682,43.285894090533525],[-2.1346920120761985,43.285937357090617],[-2.1343970507559611,43.286024450651567],[-2.1342565579369093,43.286005468238223],[-2.1339075176862625,43.286020744914261],[-2.1335674351717686,43.285830423876618],[-2.1335375693267737,43.285780942608412],[-2.1334212882246288,43.28577564944132],[-2.1331981247019534,43.285762882834803],[-2.1332009859389305,43.285778392388167],[-2.1330472795569149,43.285821980199124],[-2.1326807029198749,43.285778950653842],[-2.1325541571753166,43.285732697996615],[-2.1322103789886486,43.286192925463148],[-2.1327509573091126,43.287210670426973],[-2.1331323062594194,43.287915287626063],[-2.1328489816525593,43.288466560977213],[-2.1327658187573686,43.288628553015897],[-2.1327389462334874,43.288680665820849],[-2.1327370821122811,43.288681732234934],[-2.1327075563992204,43.288695015213285],[-2.1326884223571017,43.288706356356457],[-2.132685056001117,43.288708351455803],[-2.1326547907556459,43.288721628812688],[-2.1326612450399165,43.288753193754381],[-2.1326600295965887,43.288838727961398],[-2.1326609934355769,43.288857644869005],[-2.1326700829793253,43.289059416177935],[-2.1327045151268034,43.289108572087699],[-2.132703012225865,43.289118915947725],[-2.1326880441409872,43.289157342010135],[-2.1326981278330255,43.289211085711379],[-2.1328216147241821,43.289351682893212],[-2.1328935289861128,43.289452268870726],[-2.1329439539605795,43.289555753456412],[-2.1329635233035562,43.289626937951546],[-2.132993416517599,43.28973567951865],[-2.1330032434967392,43.289807520426677],[-2.1330178534207715,43.289863729636807],[-2.1330594582165934,43.290006767412407],[-2.1330793080579955,43.290067248476461],[-2.1331029903287546,43.290126948172009],[-2.1331364064750939,43.290195456966686],[-2.1331458711155036,43.290214887620238],[-2.1331918495124977,43.290293035546327],[-2.1332433522458283,43.290364111707106],[-2.1332822751720699,43.290409609590839],[-2.1333768084507989,43.290506044451377],[-2.1333950078163446,43.290526443522012],[-2.1334497316654533,43.290587818158421],[-2.1334655968670941,43.290607748404703],[-2.1334967431754674,43.290627974506847],[-2.1336683841175446,43.290773219010532],[-2.1337114863237816,43.290809692506386],[-2.1338800413503689,43.290928028378481],[-2.1339872244784051,43.291027890206593],[-2.1340483145929561,43.291118398407768],[-2.1340476298677662,43.291166657705581],[-2.1340516705012309,43.291168579256045],[-2.1340561837210883,43.291171945115046],[-2.1340711884086629,43.291183044284736],[-2.1340886978301192,43.29119137099886],[-2.1341131632669956,43.291195968451703],[-2.1341409872877222,43.291198430228107],[-2.13415655464128,43.29119593674919],[-2.1341759563527898,43.291201216221609],[-2.1341987415541182,43.291211293723208],[-2.1342419515941864,43.291241425916475],[-2.1342671725779967,43.291253592891884],[-2.1342863214188701,43.29125932065994],[-2.1342797588210787,43.29127007646926],[-2.1344143893267411,43.291343772158854],[-2.1345801776932163,43.291434522173219],[-2.1348244750256287,43.291505615455812],[-2.135139612767738,43.291597324074651],[-2.135755262243848,43.291716605722158],[-2.1357555087589315,43.291716607584839],[-2.1357555049339929,43.291716877692949],[-2.13604637393022,43.291772652304537],[-2.1368790455216038,43.291870155092177],[-2.1376819188317344,43.292000383881842],[-2.1384081804153814,43.292266088958591],[-2.1384116673963054,43.292228656229],[-2.1388043748696619,43.292353535567031],[-2.1392438235291569,43.292363416822511],[-2.1395273517439963,43.292424440031091],[-2.1401459889731305,43.292630344444376],[-2.1405383320824178,43.29272901179931],[-2.1413613450576157,43.292936175035237],[-2.1416611379718247,43.293068180982296],[-2.1421232641965173,43.293271729469581],[-2.1424464371089695,43.293222736854268],[-2.1428864749436887,43.293068275211063],[-2.1434408559845637,43.292873607400011],[-2.143588292059897,43.292706596174163],[-2.1436309465324173,43.292381400455803],[-2.1436894159722049,43.292290802037634],[-2.1438088204348307,43.29224136038313],[-2.145133081421053,43.292411997125178],[-2.1452744373948933,43.292476265596243],[-2.1455770953095241,43.292738668830978],[-2.1462957234554527,43.293068469359945],[-2.1464451569500995,43.293137118860372],[-2.1472760407873128,43.293356274349676],[-2.1475506784769256,43.293639894297819]]],[[[-2.1497477131087832,43.296185629475801],[-2.1497391132832262,43.296275685003202],[-2.1497244796387411,43.296428943714723],[-2.1497204323581731,43.29647132151058],[-2.149746053410039,43.296521774535549],[-2.1498786972933424,43.296782975211215],[-2.1502667002365219,43.296921917335446],[-2.1507536005767665,43.297324885842443],[-2.1509156503367066,43.297388647220494],[-2.1509782236169608,43.297413267351246],[-2.1509914976568392,43.297300988970363],[-2.1509384067497064,43.29721811309745],[-2.1502327162894477,43.296308094044477],[-2.1500369917623181,43.296154462647849],[-2.1499052729725521,43.296140787311693],[-2.1497477131087832,43.296185629475801]]]]},"properties":{"OBJECTID":4,"SITE_CODE":"ES2120009","SITE_NAME":"ZEC Iñurritza","AC":"PAÍS VASCO","TIPO":"B","HECTAREAS":81.281622870000007,"SHAPE.AREA":0,"SHAPE.LEN":0}},{"type":"Feature","id":5,"geometry":{"type":"MultiPolygon","coordinates":[[[[-2.0933065556097432,43.284436099346614],[-2.0927396834630745,43.284644652461026],[-2.092561090569709,43.284884738312861],[-2.0923062093984055,43.285024717982942],[-2.0920512387206047,43.285178923591154],[-2.091795298271955,43.285389939762489],[-2.0916174577696669,43.28558734841782],[-2.0915695560226069,43.285633971831999],[-2.0914003359959907,43.285798671973573],[-2.0913386588026426,43.286025457333395],[-2.0913518022249584,43.286354585988974],[-2.0913528456281125,43.286380710227917],[-2.0917993459414506,43.286426848051889],[-2.0921676572536856,43.286500727958199],[-2.0923132957930615,43.286479552479641],[-2.0928680784829625,43.286463693499442],[-2.0933154231712221,43.286453103319651],[-2.093608076853124,43.286384376774386],[-2.0938228742074365,43.286329259899745],[-2.0937804622462584,43.286222039645033],[-2.0937665638738747,43.286186811708355],[-2.0938281456464862,43.285974161454241],[-2.0940252416524681,43.285791129109093],[-2.0943191550675335,43.28563722747819],[-2.0945147740921066,43.285553593037051],[-2.0947317610534428,43.285342262480199],[-2.0949291864606621,43.285145003937465],[-2.0952021488893697,43.285090344694609],[-2.0954365001809507,43.285021152228325],[-2.0955023225601539,43.2849793512788],[-2.0956131868148526,43.28490900176832],[-2.0956293530004912,43.284782885499766],[-2.0956350608456469,43.284738718183689],[-2.0955936508148403,43.284676539255955],[-2.0955717316298479,43.284643628015409],[-2.0955589785145681,43.284624478901073],[-2.095406183641165,43.28443858682008],[-2.0951776414250824,43.284124320456435],[-2.0950454602993895,43.283853407688468],[-2.0948752144553553,43.28353960191123],[-2.0947622967420183,43.283283068454587],[-2.0944761910505996,43.282911436134867],[-2.0942894283970945,43.282398677665221],[-2.0940616192283876,43.28202759590841],[-2.0938901192885897,43.281798961932871],[-2.093875707177014,43.281457934506371],[-2.0937657482134582,43.281002602362719],[-2.0937295215750695,43.2809106919591],[-2.0937295728687353,43.280907236408758],[-2.0937074360258086,43.280846966261159],[-2.0937346741549905,43.28083757239488],[-2.0937788341827885,43.280818472391559],[-2.0938387117292496,43.280794994603554],[-2.0938986066007996,43.2807703463262],[-2.0939253788147685,43.280760203144347],[-2.0939309278265132,43.280758019368875],[-2.0942447114018559,43.280722361204923],[-2.0948740968754813,43.280478602805118],[-2.095140970473067,43.280375241922783],[-2.0956669053869788,43.280134945074742],[-2.0959458613130124,43.279972515946966],[-2.0962084471088449,43.279762562980451],[-2.096354041278619,43.279614045501916],[-2.0966661525345796,43.279287243093478],[-2.0968995596695068,43.278972290668733],[-2.0970883274227274,43.278674446160437],[-2.0971979876914175,43.278415888866284],[-2.0973132740728793,43.278007707994298],[-2.0973657483749166,43.27769132648605],[-2.0974146968819385,43.277382399922551],[-2.0974082540959715,43.277125420401966],[-2.097368005790929,43.27684572387124],[-2.0972756478421024,43.276395993100365],[-2.0971845657518897,43.276090949864887],[-2.0969263847547612,43.275542626043524],[-2.0961053506279206,43.274503436261149],[-2.0960856109607744,43.274478108843731],[-2.0955224119550637,43.273755479581638],[-2.0954051241294933,43.273619838014596],[-2.0953378121563153,43.273541991353973],[-2.0952837385053926,43.273453970625454],[-2.0950544713770616,43.273080769900083],[-2.0949206092212607,43.273129599782635],[-2.0948958246170735,43.273138410955312],[-2.0948703681060876,43.27307506933365],[-2.0948643259428459,43.273067007435799],[-2.0948552451208347,43.273039471578258],[-2.0948494565085514,43.273014302965819],[-2.09484642230507,43.273002843126079],[-2.0948409392909957,43.27295705642107],[-2.0948414824154322,43.272920412038978],[-2.0948482242607152,43.272889579647362],[-2.0948629330067194,43.272845033277406],[-2.0948759069098428,43.272817761989735],[-2.0948840207255981,43.272807605085504],[-2.0948949923283209,43.272793870759358],[-2.0949318584273553,43.272742656220537],[-2.0949385148105044,43.272717586084028],[-2.094943773504033,43.272678727864779],[-2.0949457996395049,43.272650109300066],[-2.0949496259467666,43.272599803916663],[-2.094975253338105,43.272566869799057],[-2.0950038944282188,43.27253846181528],[-2.0950669291602728,43.272509245383894],[-2.0951252308800323,43.272483413219177],[-2.0951943801734556,43.272465680919119],[-2.0952902155642006,43.272451671445609],[-2.0953795769315402,43.272442112985622],[-2.0954955198668315,43.272435015806977],[-2.0956601989275416,43.27242389159484],[-2.0958107266108863,43.272411394637061],[-2.0959926526988339,43.272392302150763],[-2.0961385486259654,43.272376346410027],[-2.0962672606944386,43.272355752419195],[-2.096408610093849,43.272330575728745],[-2.0965310712077923,43.272307680911638],[-2.096651903139044,43.272294948284319],[-2.096777074341893,43.272297107369759],[-2.097030707699306,43.272303882349128],[-2.0971621297365446,43.272308341506864],[-2.0972747030213257,43.272320755889069],[-2.0973980577172675,43.272345771619875],[-2.0974979666512219,43.272372943420926],[-2.09760863365354,43.272405962946735],[-2.0977004325577169,43.272439914077367],[-2.0977969359589022,43.272480745730718],[-2.0978793926908796,43.272521466518498],[-2.0979742945131234,43.272562285390364],[-2.098063097187326,43.272590539708723],[-2.0981458081952802,43.272614063540793],[-2.0982251627180473,43.272647916130204],[-2.098309115860586,43.272687477808283],[-2.0983804158089732,43.272732702624019],[-2.0984548344691336,43.272783714914354],[-2.0985198554455242,43.272836904237813],[-2.098595686522764,43.272892429862715],[-2.0986701401066652,43.272941101093679],[-2.098744508772195,43.272995534544528],[-2.0987937927858704,43.273046258519202],[-2.0988368309157477,43.273102696201612],[-2.0988642880852582,43.273154418775924],[-2.0988681095123685,43.273212798625089],[-2.0988594303555361,43.27326648764943],[-2.0988335509838842,43.273316619416541],[-2.098788926295831,43.273367684035826],[-2.0987320583449467,43.273404965191233],[-2.0986484849322675,43.273439784729476],[-2.0985664973303577,43.273475697254668],[-2.0984750093754729,43.273520719523241],[-2.0984007893189385,43.273564707234755],[-2.0982759467738274,43.27364026212009],[-2.0982031877840841,43.273685431816993],[-2.0981411758765183,43.27374554377635],[-2.0980981681124393,43.273795540319576],[-2.0980708597747597,43.273842238897508],[-2.0980660417727734,43.273851385586802],[-2.0980523589645195,43.273926736146535],[-2.0980561796509516,43.273985116008546],[-2.0980631141030925,43.27404126927582],[-2.0980780530402181,43.274089471575671],[-2.0981038921667219,43.274142262115589],[-2.0981510211166241,43.274238802719246],[-2.0981441464805806,43.274278728887076],[-2.0981417335165786,43.274333637849196],[-2.0982408046342647,43.274309296146058],[-2.0982833898877007,43.274287930813401],[-2.0983337712732979,43.274264375774628],[-2.0983969813010503,43.274231647108998],[-2.0984553338063177,43.274202391911189],[-2.0985262029524967,43.274176747120741],[-2.0986032393537553,43.274159074925862],[-2.0986912423652346,43.274141489094596],[-2.0987788683229396,43.274141098988643],[-2.0988712161931793,43.274146418906895],[-2.0989430416658821,43.274156169424558],[-2.0990212069026626,43.274170562175421],[-2.0990835334845603,43.274189332416476],[-2.0991442236999651,43.274210430928733],[-2.0992112141672337,43.274230498474616],[-2.0992892736075612,43.274243719612578],[-2.0993582269427078,43.274247684315945],[-2.099438055608307,43.274249573501898],[-2.0995352042664819,43.274246916598358],[-2.0996106386024138,43.274229231112677],[-2.0996954881316641,43.274208197941391],[-2.0997567743121373,43.274197244484576],[-2.0998100044491959,43.274197753466964],[-2.0998646973140618,43.274199354486264],[-2.0999177098212556,43.274214629231054],[-2.0999738411778233,43.274235691428991],[-2.1000313503847936,43.274263607927693],[-2.1000758116653873,43.274284737634524],[-2.1000779765478725,43.274285765882503],[-2.1001050463942077,43.274305338722215],[-2.1001244342498522,43.274319358320213],[-2.1001942428711335,43.274365650813728],[-2.1002608292696645,43.27441317856033],[-2.1003025556724868,43.27445006540573],[-2.1003613792860563,43.274497532032925],[-2.1004047912477031,43.274528759207428],[-2.1004449994886163,43.274559961169651],[-2.1004868600500433,43.274587754368312],[-2.1005382074060228,43.274615712199051],[-2.100629842877058,43.274661095512009],[-2.1006843398589088,43.274684395656337],[-2.100757632924271,43.274703341252881],[-2.1008278786267729,43.274720011699657],[-2.100930923928388,43.27474378340824],[-2.100985606668639,43.274754478445999],[-2.1009926029504649,43.274755723841565],[-2.1010464492115526,43.274765311915111],[-2.1010994452833338,43.27478175657869],[-2.1011508050385586,43.274800529551797],[-2.1012271511068779,43.27482976406889],[-2.1012833179390071,43.274848484708905],[-2.1013439420122051,43.274874173872902],[-2.1014061508053468,43.274901046050879],[-2.1014685517646914,43.274923237318916],[-2.1015619068597542,43.274960709355341],[-2.1016194850359162,43.274984033255471],[-2.1016816437340538,43.275014326633119],[-2.1017532244282466,43.275049196262671],[-2.1018201160495273,43.275076104989559],[-2.101879329436465,43.2750971904522],[-2.1019588243308593,43.275121856864963],[-2.1020258008578154,43.275143003202047],[-2.102091214027682,43.275169900163256],[-2.1021550769830117,43.275193273129396],[-2.1021582635737839,43.275194468739073],[-2.10222978771501,43.27522483533221],[-2.1022889510940588,43.275249341933197],[-2.1023605097759765,43.275277367522833],[-2.1025163352242453,43.275332437730647],[-2.1025911984776831,43.275353645618445],[-2.1027081752872969,43.27538553910977],[-2.1027783059112468,43.27541013149186],[-2.102853152157405,43.27543250967102],[-2.1029669426376443,43.275463207309265],[-2.1030715417085921,43.275490411016619],[-2.1031853839784347,43.275517597054645],[-2.1032572332108881,43.275534278581112],[-2.1033415122258265,43.275552138053072],[-2.1034243469746179,43.275567644949447],[-2.1034665783938,43.275570317164075],[-2.1035246271160695,43.275561677508357],[-2.1035955644995581,43.275531347731366],[-2.1037310872117119,43.275575991940386],[-2.1038153505721988,43.275594931490978],[-2.1038575374499495,43.275609039037711],[-2.1038979992114233,43.275623133053791],[-2.1039369334199898,43.27564054678588],[-2.1039694586781201,43.275658000344869],[-2.1040238904706761,43.275685890724667],[-2.1040301405542237,43.27568828087545],[-2.104053541621373,43.275697648856379],[-2.1040831210769131,43.275705894629922],[-2.1041143196269068,43.275712982480975],[-2.1041487550351468,43.275717844528415],[-2.1041862208634448,43.275726152042211],[-2.1042283850719845,43.275733415788494],[-2.1042735968799109,43.275742954531893],[-2.1043157280954179,43.275752469134318],[-2.1044001309573068,43.275770328795865],[-2.1044500596760924,43.275777563209978],[-2.1044985427237335,43.27578253513731],[-2.1045689425509795,43.275788849217278],[-2.1046361213979163,43.275796308636799],[-2.1046979676180353,43.27581033204158],[-2.1048140351133737,43.275848232225307],[-2.1052602171318928,43.275932489060857],[-2.1053256687267061,43.275956077086605],[-2.1053536770505041,43.275960462582404],[-2.1058406811359833,43.276012987315511],[-2.1062789001688573,43.276042051847924],[-2.1066155541439104,43.276057501634803],[-2.1069068553270616,43.276054649282074],[-2.1073106252778886,43.276039852373685],[-2.1076302605191675,43.276019270464673],[-2.108343398646455,43.275965859991594],[-2.1087331698380214,43.275948386226297],[-2.1087285608159028,43.275820627445469],[-2.108735813062002,43.275818962278308],[-2.1087799306720902,43.275802197319578],[-2.1088050792788158,43.27579320858667],[-2.1087960484435517,43.27576170590978],[-2.1087941829724945,43.275755179257253],[-2.1088802847785453,43.275726463617481],[-2.1089561541208321,43.275713450541808],[-2.1093235447214704,43.275650432598233],[-2.1094799333019405,43.275637384303657],[-2.1094917859888973,43.275636395131407],[-2.1095222948486057,43.275636647959409],[-2.1096227752170087,43.275651146858827],[-2.1096282674763751,43.275651939694121],[-2.1097927560335976,43.275587013759719],[-2.1098011314285658,43.2755837076256],[-2.1098040740287471,43.275582546423678],[-2.1099078684138446,43.275585873659551],[-2.1100315158516856,43.275589835218121],[-2.11036426238147,43.275600498148684],[-2.110364389249888,43.275600502737277],[-2.1103730685555262,43.275600780950114],[-2.1104362436143935,43.275666717635183],[-2.1105121486934642,43.275718653896888],[-2.1110508530469638,43.275594641741527],[-2.1114191207482809,43.275607758571745],[-2.1114736932400282,43.275609355806566],[-2.1114749894249916,43.275610476141132],[-2.1114882544101574,43.275613550697891],[-2.1114952546109063,43.275615225900815],[-2.1115099997580771,43.275610418530839],[-2.1121346808038424,43.275628699547603],[-2.1121773944434135,43.275630868032096],[-2.1122074662891661,43.275639395570067],[-2.1122541477332986,43.275658127246551],[-2.1122914641528436,43.275676786222917],[-2.1123240156119647,43.275701081098497],[-2.1123486807297773,43.275725314763505],[-2.1123686476297325,43.275750592514413],[-2.1123822832788779,43.275776328989195],[-2.1123838809713025,43.275779345318071],[-2.1123930028254163,43.275804628950823],[-2.1123972037571512,43.275837798433855],[-2.1123982662843064,43.275866441268548],[-2.1123962495001662,43.275894970161737],[-2.1123911167561849,43.275925906113414],[-2.1123860690743252,43.275950989742789],[-2.1123730512283845,43.275981774457875],[-2.1123538223820253,43.276015932714955],[-2.1123346194933048,43.276039825940181],[-2.112313839724171,43.27607046036497],[-2.1122977909214087,43.276097799805015],[-2.1122893233628268,43.276137714457256],[-2.11228879064699,43.276174358993607],[-2.1122975065757239,43.276219089390565],[-2.1123095611940172,43.276254570972583],[-2.1123420462152622,43.276283457664803],[-2.1123776943608985,43.276306696004269],[-2.112418042123791,43.276328800204617],[-2.1124709916584838,43.276348751026511],[-2.1125317792628926,43.27637209433577],[-2.1125987439078124,43.276394404985489],[-2.1126688300502239,43.276422412701336],[-2.1127279988602057,43.276446913944397],[-2.112826079930366,43.276482072252719],[-2.1128853325755528,43.276500811128841],[-2.1129352017619243,43.276520737845061],[-2.1129740316350603,43.276537067141419],[-2.1129968633389118,43.27656029594111],[-2.1130034207725217,43.27656701018671],[-2.1130045088828182,43.2765684593586],[-2.1130307862980104,43.276609003678637],[-2.1131932487748188,43.276691664841152],[-2.1133537897076922,43.276736941842451],[-2.1134665914363748,43.276759877425533],[-2.1137926925913613,43.276767897264349],[-2.1139553735969732,43.276733679501497],[-2.1140574827135579,43.276712139059363],[-2.1142500472303243,43.276631328483894],[-2.1141905087410193,43.276572787826424],[-2.1141884907463231,43.276465527565627],[-2.1146585166223546,43.276190547605253],[-2.1147536309912316,43.276134901548332],[-2.1147576097349705,43.276132311105918],[-2.1148504970453592,43.276075216002134],[-2.1150871263741422,43.275929766086456],[-2.1151274083878819,43.275905005345685],[-2.1151442985497781,43.275890867338674],[-2.1168845339453082,43.274706798010008],[-2.1168650032262466,43.274693860698008],[-2.1168403041573809,43.274671878886814],[-2.116827967239431,43.274655755460081],[-2.116823581670964,43.27463519113175],[-2.1168237639690473,43.274622586112699],[-2.1168207992986048,43.274614549136075],[-2.1168209815971322,43.274601944116981],[-2.1168258124893899,43.274591716184574],[-2.1168701262521568,43.274561172589159],[-2.116881191991022,43.274554414537114],[-2.1168924569371121,43.274533880998412],[-2.1168941577797451,43.274527050641197],[-2.1168682370792835,43.274478765998929],[-2.1168204987881509,43.274422298806165],[-2.1167910918497022,43.274393527189297],[-2.116771107914607,43.274369330622633],[-2.1167356402056789,43.274333578656389],[-2.1167078860216981,43.274301307990001],[-2.1166647882621361,43.274256312396844],[-2.1166294040339695,43.274214798103543],[-2.1166125997429961,43.274183782575605],[-2.1165896101610207,43.274145875784946],[-2.1165805605280874,43.274124014780625],[-2.1165606588205019,43.274094145918838],[-2.116536091656597,43.27406307042164],[-2.116510039872594,43.274023879319614],[-2.1164840024503322,43.273983697817286],[-2.1164554655138579,43.273903336523361],[-2.1164389102031582,43.273855124121773],[-2.1164300743041364,43.273818497225321],[-2.1164228512399768,43.273772608057357],[-2.116414015361725,43.273735981159319],[-2.1163943131756011,43.273692336782617],[-2.116333025172179,43.273601457211825],[-2.116297757497557,43.273551929625405],[-2.1162608372045275,43.273505901050235],[-2.1162255370687939,43.273458624338062],[-2.1161870476018279,43.273410332466177],[-2.1161347118083658,43.273348066514949],[-2.1160978485194768,43.273306630668394],[-2.1160686092603274,43.273266334278617],[-2.1160362400276682,43.273229435437365],[-2.1159606075397819,43.273159065320527],[-2.1159204599686627,43.273123186879467],[-2.115844472502594,43.273068842116167],[-2.1157963881926714,43.273036414072358],[-2.1157483704195172,43.27299939418026],[-2.1156863722260351,43.27295767384075],[-2.1155685598541329,43.272881214413275],[-2.1155281551691276,43.272854608575926],[-2.1154862901506948,43.272826730788474],[-2.1154443078033722,43.27280695621203],[-2.1154039103721667,43.272788364474479],[-2.1153618785186046,43.272772011230174],[-2.1152405488781265,43.272717225329941],[-2.1151984460769606,43.272697269639423],[-2.1151425331138851,43.272669373103234],[-2.1150835000195247,43.272635689461154],[-2.1150353329571101,43.272609023395212],[-2.1149778678937636,43.27257769302431],[-2.114888085621065,43.272505952065877],[-2.1148525365725312,43.272475961816852],[-2.1144477027237101,43.272120208406697],[-2.114396631678698,43.272072899067055],[-2.1143674677296773,43.272036024564407],[-2.1143274027839194,43.271994563350269],[-2.1143042835519372,43.27196574972448],[-2.1142734186513574,43.271935705517905],[-2.114231570506198,43.271906746847336],[-2.1141942544624022,43.271888178542589],[-2.1141365084213537,43.271876295493925],[-2.1140631478332406,43.271861950281902],[-2.1140052799329427,43.271849976177194],[-2.1139102180519269,43.271819524637131],[-2.1138540582728882,43.271808734285472],[-2.1138165934719324,43.271800429942473],[-2.1137432827017251,43.271782663165361],[-2.1136745052463084,43.271775196706606],[-2.1136228039461287,43.271771374326782],[-2.1135712768342874,43.271764041481681],[-2.1135102607563314,43.271756725118102],[-2.1134633989079084,43.271750598978407],[-2.1133698569255306,43.271725831663744],[-2.1132933427524212,43.271708039767148],[-2.1132324274273584,43.271693790498681],[-2.1131903472375866,43.271680857825778],[-2.1131343040802095,43.271662053935785],[-2.113090538442028,43.271654871098427],[-2.1130312250303853,43.271640634143836],[-2.1129844457042322,43.271628835553258],[-2.1129174364172765,43.27160994651608],[-2.1128628209994429,43.271594665357519],[-2.1128253577773437,43.271586270656044],[-2.1127691078956188,43.271573227924108],[-2.1127238140675852,43.271569454838605],[-2.112547242054728,43.271542872151628],[-2.1124909268557079,43.271534331073397],[-2.1124393490580973,43.271530509116936],[-2.1123892171464105,43.271528949505978],[-2.1123423385806834,43.271523993374501],[-2.1120120985860851,43.271514406509574],[-2.1119243858293655,43.271512554936656],[-2.1118633952324526,43.271511991338286],[-2.1117959122959857,43.271517230279635],[-2.1117456638731542,43.271523683570948],[-2.1116562407225965,43.271537756642203],[-2.1115949919906201,43.271546465628155],[-2.1115321991596518,43.271559664884634],[-2.1114914225948462,43.271567272187845],[-2.111452156050913,43.271572730104033],[-2.1114017909599947,43.271587196426729],[-2.1113592448657537,43.27160631581657],[-2.1112901181139558,43.271622887477115],[-2.1112194393042372,43.271636025290135],[-2.1111660945974644,43.271643534818871],[-2.1110543494071052,43.271675713284544],[-2.111000886694455,43.271691325953675],[-2.1109380437854481,43.271707946239864],[-2.1108877453125534,43.271717820510467],[-2.1108295832581785,43.271734567167734],[-2.1107760719342425,43.271753511053383],[-2.110721007270298,43.271769111137544],[-2.1106644810248656,43.271783529233971],[-2.1106077318882037,43.271804789060617],[-2.1105590023183507,43.271816926533937],[-2.110499155652803,43.271839332817194],[-2.1103846113171882,43.271852128982388],[-2.1103282344378491,43.271856282837092],[-2.1102717015431338,43.271862686598858],[-2.1102279609534658,43.271862256306584],[-2.1101635749745142,43.271866347777646],[-2.1101182155129834,43.271867075446572],[-2.1100290906448245,43.271860619090816],[-2.1099727243541802,43.271855588167057],[-2.1098883486737732,43.271844576312922],[-2.109828934804407,43.271837270453929],[-2.1097663407934024,43.271836783304408],[-2.1097052595074768,43.271833966700541],[-2.1096364825281371,43.271826497817557],[-2.1095551204166685,43.271820101518266],[-2.1094862765190858,43.271817224366785],[-2.1094204959732514,43.271815541622281],[-2.1093532696590516,43.271811596433977],[-2.1093015358035658,43.271810022995759],[-2.1092154479651724,43.271815025489339],[-2.109151061977657,43.27181911639029],[-2.1090868504214644,43.271819696822106],[-2.1089928596220795,43.27182580818959],[-2.1089301500369277,43.271833243724465],[-2.1088643195725219,43.271834982016742],[-2.1088063578828069,43.271837952176931],[-2.1087466445874257,43.271851173896096],[-2.1083187329146007,43.27198155707201],[-2.1080493579412303,43.272082289263409],[-2.1078872488556479,43.272137033593978],[-2.1077975227565413,43.272171721799566],[-2.1077297059788207,43.27219973735567],[-2.1076887259493291,43.272221208786959],[-2.1075908308456874,43.272275192976146],[-2.1075072810385782,43.272308848588892],[-2.1074127722012896,43.272350342662996],[-2.1073433190066879,43.272380686412887],[-2.107144727437392,43.272469452462673],[-2.1070563289752084,43.272514415682352],[-2.1069854297178905,43.272542496776701],[-2.1069366317154752,43.272559224511376],[-2.1069052171820601,43.272566993318385],[-2.1068831514045034,43.272575915664945],[-2.1067823562989814,43.272617450176689],[-2.1067034549483874,43.272653392647278],[-2.1066562414959709,43.272671303233707],[-2.1066215731493254,43.272682468294619],[-2.106585341875439,43.272699384076056],[-2.106530209456702,43.272719483904581],[-2.106473514075522,43.272745334435641],[-2.1064372280079926,43.272757567354176],[-2.1064151779028948,43.272765409181432],[-2.1063585496221218,43.272786667837671],[-2.1062986662389891,43.272811412823451],[-2.1062731449451988,43.272837506822754],[-2.106258596026843,43.272871700637488],[-2.1062458103261563,43.272886458309848],[-2.106239258696232,43.272904686437599],[-2.1062375784716725,43.272918450333584],[-2.1062386051391249,43.272949344104489],[-2.1062382533244985,43.272973383614548],[-2.1062332534551969,43.272995045611552],[-2.1062295477337325,43.273029324148446],[-2.1062384663549447,43.273068293671678],[-2.1062473948509197,43.273098168634021],[-2.1062470272260945,43.273123288570915],[-2.1062544210854295,43.273148559199683],[-2.1062634510578735,43.273171501418133],[-2.1062740657572703,43.273195626614928],[-2.1062814669059651,43.273228821338698],[-2.1062913720736343,43.273293011419504],[-2.1062957757647363,43.273320509829269],[-2.1062938221148042,43.273344536822329],[-2.1062856857229151,43.273361581972146],[-2.1062728656659182,43.273378680571369],[-2.1062555879363578,43.273388810803482],[-2.106252367098032,43.273389956233608],[-2.1062303839422709,43.273393206205988],[-2.1062114872165205,43.27340449437748],[-2.1061910400209318,43.273412258639731],[-2.1061499196054574,43.2734348089676],[-2.1061230695821704,43.273450627313451],[-2.1060834336784926,43.273481203304108],[-2.1060517681522612,43.273506078635322],[-2.1060124326847522,43.273516126482676],[-2.1059591358193632,43.273520212207345],[-2.1059262703982951,43.27351761412389],[-2.1058888715837769,43.273504805406752],[-2.1058640596562861,43.273490834428429],[-2.1058313774966955,43.273475721369415],[-2.1057893148362026,43.273461615517789],[-2.1057424024096059,43.273458907564503],[-2.1057397901521222,43.273458887141409],[-2.1055739019709296,43.273438909151679],[-2.1053294963742317,43.273411892026985],[-2.1052352525516547,43.273395464334605],[-2.1051537994274403,43.273385412830635],[-2.105008254007747,43.273352892191525],[-2.1048417884483315,43.273282550448926],[-2.1046624879459181,43.273208969897489],[-2.1044454592893707,43.273072329878225],[-2.1043349586807194,43.272993011260112],[-2.1041471633822013,43.272913086279537],[-2.103753750493877,43.272797030947451],[-2.1033861052448608,43.272681176250508],[-2.1030489824701037,43.272534177821157],[-2.1027535041033261,43.272335905161455],[-2.1027416949831439,43.272324151580264],[-2.1027061705862997,43.272292897111384],[-2.1026752596886897,43.272266361212047],[-2.1026334168898231,43.272237398346412],[-2.1026040245259492,43.272216547234009],[-2.1025716124400282,43.272183156038679],[-2.1025390164821176,43.272162279774371],[-2.1025078715309453,43.272151680120921],[-2.1024441968484999,43.272115702391162],[-2.1023988422441784,43.272097215738796],[-2.1021349069865169,43.271902514392814],[-2.1021292069666937,43.271900459824252],[-2.1021094903661397,43.271881747487811],[-2.1020646456863679,43.271839073867575],[-2.1020401199337293,43.271805744429834],[-2.1020123588153585,43.271774550688853],[-2.1019676202869819,43.271733048460348],[-2.1019711216865393,43.271704441345605],[-2.1019417470162378,43.271682419603415],[-2.1018749927595706,43.271646417375727],[-2.1018485462806518,43.271634773883193],[-2.101786418648349,43.271594215590341],[-2.1017477128059503,43.271569869374225],[-2.1017089168855239,43.271543271289289],[-2.1016888895607644,43.271522493486962],[-2.1016792771900832,43.271514312960882],[-2.1016549335372607,43.271493592199818],[-2.1016378515498726,43.271482022205575],[-2.1016037723574534,43.271453119935721],[-2.1015698164126779,43.271424218623658],[-2.1015212392438811,43.271398169465371],[-2.1015200544922776,43.271397534339847],[-2.1015029394432085,43.271388215213889],[-2.1014889948839031,43.271381172138923],[-2.1014563984000678,43.271360385605803],[-2.1014238204839817,43.271338338566139],[-2.1014083403820911,43.271326781121616],[-2.1013819444714907,43.271311716172626],[-2.1013618166510573,43.271297781013693],[-2.1013370901266111,43.271278136827128],[-2.1013217279660297,43.271258566209418],[-2.1013118692537334,43.271246782779862],[-2.1012985979636185,43.271230920469904],[-2.1012817241248838,43.271213589117757],[-2.1012554130894681,43.271192761866438],[-2.101244665571834,43.271177819839629],[-2.1012277016720713,43.271158236623393],[-2.1012203935986058,43.27112729344357],[-2.1012188938286105,43.271120348121897],[-2.1012143627129314,43.271110047281141],[-2.1012086683769589,43.271069932095216],[-2.1012342520174538,43.271031323324465],[-2.1012454539580809,43.271015383167068],[-2.101255076624442,43.271006274090801],[-2.1012692569023295,43.270997290869992],[-2.1012730824365411,43.270986955740284],[-2.1012806787566713,43.270966404811361],[-2.1012856298561196,43.270948164387441],[-2.1012859835950954,43.270924124901406],[-2.1012926371652947,43.270899054362218],[-2.1012962116965035,43.270873869584584],[-2.1013044113945427,43.270844218849476],[-2.101328904472628,43.270779218026988],[-2.1013354069831331,43.270764411535033],[-2.1013451925320372,43.270735853807203],[-2.1013502840283174,43.270716443885547],[-2.1013584002187224,43.270692465383995],[-2.1014131427438119,43.270589972941039],[-2.1014308801357955,43.270556975377033],[-2.1014470886097247,43.270527387545258],[-2.101460004740503,43.27049543265327],[-2.1014777765175556,43.27046009415691],[-2.1015131517969539,43.270400851668597],[-2.101526055981302,43.270378081361144],[-2.1015358069402055,43.270351864537894],[-2.1015472603208627,43.270318817593861],[-2.1015586474672165,43.270290272425612],[-2.1015764191257595,43.270254933911652],[-2.10158305528241,43.270231033813047],[-2.1015945258307305,43.270196816401061],[-2.1016075650247585,43.270164862457015],[-2.1016203128015132,43.270144342058188],[-2.1016412534815045,43.270111369617865],[-2.1016730540747508,43.270077311867141],[-2.1017000215907227,43.270053481389596],[-2.101717422324374,43.270043352805779],[-2.1017506908653973,43.270018401202435],[-2.1017854869211954,43.269990129884214],[-2.1018421539474166,43.269974546680508],[-2.1018735664388237,43.269966869290052],[-2.1019019674532768,43.269954485856218],[-2.1019380964216077,43.269944504285434],[-2.1019742094926461,43.269935603129859],[-2.1019965437366701,43.269908404505095],[-2.1020157658821406,43.26988334254662],[-2.1020287875785741,43.26985255901262],[-2.1020466250193071,43.269812718641127],[-2.1020580290425483,43.2697830029554],[-2.1020663288145092,43.269746509452474],[-2.1020762542710378,43.269716782157467],[-2.1020955026788206,43.269681545197564],[-2.1021131560459709,43.26965421975774],[-2.1021374465886304,43.26960290414344],[-2.1021535987489677,43.269568723420093],[-2.1021743826412207,43.269538000796686],[-2.1021951547311897,43.269516462764756],[-2.1022188852077353,43.269494857903176],[-2.1022334065639581,43.269471019653366],[-2.1022695193123924,43.269462118400938],[-2.1022747055420155,43.269427851593186],[-2.1022847817016892,43.269387860221272],[-2.1022914120452421,43.269355945941257],[-2.1022870330552075,43.269335291047888],[-2.1022906732400561,43.269305604448952],[-2.1022816625158494,43.269281491457264],[-2.1022695158002009,43.269252761507857],[-2.1022589708392116,43.269224044128542],[-2.1022504068404939,43.26920005620228],[-2.1022499760194209,43.269198850707291],[-2.1022488453945467,43.269166785469395],[-2.1022462865282603,43.269131287274789],[-2.1022418572802399,43.269114053731251],[-2.1022344311382963,43.269091123769584],[-2.1022175349808694,43.26906694888077],[-2.1021815402475674,43.269067836952807],[-2.1021759129403161,43.26902312998228],[-2.1021858142683278,43.268986649036819],[-2.1021878871518753,43.268954608942124],[-2.1021946420290156,43.268922605596856],[-2.1021966804960766,43.268892906426764],[-2.1021926205160244,43.268850552953097],[-2.1021867576459199,43.268821872315513],[-2.1021764696739078,43.268784062300533],[-2.1021691110912428,43.268756540519085],[-2.1021569142368257,43.268731231908731],[-2.1021431541686768,43.268711673968753],[-2.1021295064854191,43.268676088725869],[-2.1021191510719301,43.268642870520139],[-2.1021134232555494,43.268605006248535],[-2.1021135871250269,43.268484886202984],[-2.1021164909698045,43.26847176228496],[-2.1021237466055465,43.268439222596193],[-2.1021258697916498,43.268403761147326],[-2.1021185892403862,43.268362552984719],[-2.1021026570989694,43.268381787805239],[-2.1020835704760952,43.268397666159387],[-2.102075555481921,43.268414802022527],[-2.1020628028192658,43.268427308348308],[-2.1020390912400799,43.268447652686525],[-2.1020044244829785,43.2684588163699],[-2.1019887093695599,43.268463285337795],[-2.1019682461057037,43.268472219324295],[-2.1019587934913671,43.268478178190996],[-2.1019539419883375,43.268481291710081],[-2.1019334615040579,43.268491396152804],[-2.1019110258257689,43.26852552751609],[-2.1018949916391496,43.268551695045929],[-2.1018835374694906,43.268584832075121],[-2.1018751476453699,43.268619073715641],[-2.1018713273427982,43.268669379418405],[-2.1018723186678239,43.268702524120428],[-2.1018700430725357,43.268748339652724],[-2.1018710728777732,43.268787247598681],[-2.1018688489097639,43.268829551742805],[-2.1018575813449472,43.268849993751054],[-2.1018352619979384,43.26887620196527],[-2.1018224257779043,43.26889438050312],[-2.101821938552964,43.268927513594171],[-2.1018168129410797,43.268949264470407],[-2.101808664073066,43.268975493904698],[-2.1017988749871419,43.268995947516359],[-2.1017844410397584,43.269022217640391],[-2.1017559411323083,43.269041353718436],[-2.1017149280723006,43.269065073910525],[-2.1016787267001678,43.269071633097411],[-2.1015832384051207,43.269070883127362],[-2.101548756626181,43.269069441688536],[-2.1015035051894047,43.26907133738905],[-2.101462845659023,43.269071017994442],[-2.101422114577153,43.269067186230558],[-2.1013752388624392,43.269062225626712],[-2.1012499508304838,43.269060070661631],[-2.1012233373263696,43.269059861546012],[-2.1011934077211016,43.269075654548786],[-2.1011694213448018,43.269106261784621],[-2.1011581349448605,43.269127964218235],[-2.1011485695264014,43.269141576037718],[-2.1011340465045056,43.269165504183619],[-2.1011260483659386,43.269181469512489],[-2.1011238066379061,43.269224944096663],[-2.1011248982630204,43.269251246096601],[-2.1011198068251837,43.269270656013617],[-2.1011146027377499,43.269306093226483],[-2.1011095337991343,43.269332346812782],[-2.1011059765175988,43.269356361129311],[-2.1011056227271423,43.269380400620769],[-2.1010912069405565,43.26940541015442],[-2.1010704225529322,43.269436132577233],[-2.1010435398802225,43.269454200634215],[-2.1010118015858179,43.269475652268753],[-2.1009708555352042,43.269494780374345],[-2.100896878106822,43.269522743469416],[-2.1008669084794387,43.269532863175144],[-2.1008211584169563,43.269551863417732],[-2.1007896598527602,43.269565392830359],[-2.1007564601039377,43.269585662306909],[-2.1007358093731638,43.269607291076802],[-2.1007025419748411,43.269632152349466],[-2.1006836281838663,43.269644610078252],[-2.1006724435891369,43.269659379723436],[-2.1006626540108919,43.269679833231059],[-2.1006452571038419,43.269698065821096],[-2.1006291836993896,43.269718469917812],[-2.1006130969385906,43.269748148640559],[-2.1005940836560213,43.269767359018552],[-2.1005781148661207,43.269789024573782],[-2.1005620745619416,43.269807177772122],[-2.1005459718337467,43.269837936910797],[-2.1005237536573635,43.269857212120819],[-2.1004890074883158,43.269882061701388],[-2.1004606062271454,43.269894444782288],[-2.1004368538720457,43.26990911556635],[-2.1004239666248146,43.269930715288261],[-2.1004169415027776,43.269980995725064],[-2.1004151592748808,43.270001602231204],[-2.1004084709702195,43.270029013644461],[-2.1004035024488994,43.270048424493389],[-2.1003980738736856,43.270090703395034],[-2.1003929196836713,43.270122719215912],[-2.1003832027541516,43.270146595015269],[-2.1003718986374258,43.270169467824907],[-2.1003589436748298,43.270195659349191],[-2.1003382435241726,43.27022061935601],[-2.1003190723106155,43.270242169638912],[-2.1003031205385105,43.270262664690314],[-2.1002822346579961,43.270300229658247],[-2.1002677110154271,43.270324157683859],[-2.1002534113779197,43.270341243977732],[-2.1002437951623323,43.270358277064645],[-2.1002435086653399,43.270377724735141],[-2.1002495340405116,43.270386956818164],[-2.1002698521637364,43.270396301328162],[-2.1002947305134452,43.270405591658331],[-2.1003163843234445,43.270417453545313],[-2.100318078585937,43.27041838173843],[-2.1003366717426903,43.270427712668699],[-2.1003722959621842,43.270452035128635],[-2.100394025053574,43.270465983057008],[-2.1004204879867174,43.27047645641958],[-2.1004471021021818,43.270476665727429],[-2.1004752676039544,43.270480308975337],[-2.1005018644835038,43.270481688732154],[-2.1005471221959389,43.270487807567832],[-2.1005706215057782,43.270490333548004],[-2.1006003384152216,43.270497410710213],[-2.1006345121464061,43.270511456445455],[-2.1006671741862255,43.270527741433398],[-2.1006966830660248,43.270540579875266],[-2.1007189079030346,43.270554258800281],[-2.1007230612410295,43.270556815441722],[-2.1007525422381446,43.270579918887407],[-2.1007975481919066,43.270603144373766],[-2.1008285913133986,43.270620587185768],[-2.1008564533699392,43.270644848475051],[-2.100878149504982,43.270661047200655],[-2.100898161758086,43.270674440361333],[-2.1009075577627776,43.270680728288511],[-2.1009339360545636,43.270696963806984],[-2.1009625764281528,43.270720258691725],[-2.1009680317398796,43.270724695811836],[-2.1010408042557107,43.270779110741529],[-2.1010516461431128,43.270787214540952],[-2.1010918695136587,43.270817245815238],[-2.1011213666771882,43.270839268740836],[-2.1011490726086475,43.270865779879713],[-2.1011545755360204,43.27087761734024],[-2.1011581506851411,43.270885301140282],[-2.1011640636049229,43.270910560467804],[-2.1011669637452544,43.270931203777323],[-2.1011713769121054,43.270949517781851],[-2.1011723506481155,43.270983832935627],[-2.1011745551656045,43.271043370622898],[-2.1011761066050552,43.271046804559788],[-2.1011461760054893,43.271062597535973],[-2.1011288424655783,43.271068134216051],[-2.1011132273250355,43.271065760355434],[-2.1010930996468433,43.271051825149911],[-2.1010791486125031,43.271036857931435],[-2.1010652704422177,43.271025313029469],[-2.1007990635287359,43.270818276038362],[-2.1007664516727576,43.270798569737551],[-2.1007353912459732,43.270782297370289],[-2.1006947929731776,43.270769371751598],[-2.1006652667490089,43.270757703770485],[-2.1006295083269011,43.270742474987493],[-2.100606193211791,43.270727434082097],[-2.1005642172053949,43.270707654092384],[-2.1005315047114053,43.270694790424443],[-2.1004973812911256,43.270677323308675],[-2.1004676815456285,43.270669075657615],[-2.1004334228951009,43.270660792145215],[-2.1003820616425601,43.270634004739932],[-2.1003541704793496,43.27062009838955],[-2.1003136904359043,43.270599159476504],[-2.1002857661462433,43.27058750399739],[-2.1002514360817321,43.270575708076947],[-2.1002249399752166,43.270567485562999],[-2.1001845991426831,43.270545467147947],[-2.1001566710749309,43.270525707472707],[-2.1001395392344406,43.27051755860694],[-2.1001053311249533,43.27050585364794],[-2.1000865126178967,43.270503454444821],[-2.1000396876609515,43.270494981901322],[-2.1000115553482694,43.270489087658774],[-2.0999694788650571,43.270476150151381],[-2.0999352708120722,43.270464445141954],[-2.0999040767641457,43.270457266137178],[-2.0998680933232978,43.270448968882647],[-2.0998039336335976,43.270446122766181],[-2.0997898084477669,43.270446011599397],[-2.0997569222095191,43.270436428516859],[-2.0987338038408385,43.270138275012414],[-2.0985962133171219,43.270099956799811],[-2.0985925607745162,43.270098460266574],[-2.0985866150669734,43.270096456712054],[-2.0985052572802045,43.270069047569166],[-2.0984476516969863,43.270047973020191],[-2.0983495043166482,43.270018564778745],[-2.0983011606326394,43.270004496702846],[-2.0982449832176897,43.26998685505621],[-2.0982029247455363,43.269972746443173],[-2.098115794026068,43.269940003110278],[-2.0980846842279801,43.269927151378646],[-2.098033121204236,43.269914138355965],[-2.0979941812518446,43.26990581719793],[-2.0979177923516739,43.269880001914174],[-2.0978866666685914,43.269868230554749],[-2.0977805491592689,43.269844521906329],[-2.0977445331268596,43.269838474875051],[-2.0977086735660313,43.269830177918038],[-2.0976758610638364,43.269824156135712],[-2.0976462174975712,43.269820500538131],[-2.0976054688857375,43.269817837874179],[-2.0975742235702119,43.269814169621334],[-2.0974947546659708,43.269788329755066],[-2.0974496321737846,43.269773116137571],[-2.0973980361561062,43.269762353716871],[-2.0973606555291071,43.269757095404643],[-2.0973465114748517,43.269755103627894],[-2.0973073979434065,43.269750202612286],[-2.0972652214201619,43.269744106812162],[-2.0972339428947193,43.269742689352974],[-2.0971996013740806,43.269740077112317],[-2.0971776856259501,43.269738823581974],[-2.0971432714730747,43.269732789004983],[-2.09709799737966,43.269727839290439],[-2.0970973075928137,43.269727820338566],[-2.0969790093221894,43.269724558777924],[-2.0969414297041138,43.26972426209047],[-2.0968959658588711,43.269723813095311],[-2.0967878930834867,43.26972404031077],[-2.0967441528750017,43.269723694911768],[-2.0966798037407437,43.269727553970405],[-2.0963093229936161,43.269717462595949],[-2.09526426876675,43.269727674196965],[-2.0952141295676054,43.269726820164863],[-2.0951875143113852,43.269725629930619],[-2.0951725066651146,43.269724959231425],[-2.095118692440284,43.269722553409068],[-2.095074862390315,43.269719955512208],[-2.0947084443532558,43.269722443498431],[-2.0947016649918311,43.269722489793338],[-2.0946997303133021,43.269722491589754],[-2.0945746096626361,43.269723351676909],[-2.0943950780721354,43.269724570553507],[-2.0942071146945493,43.269727494481629],[-2.0940849437218452,43.269731119290469],[-2.0939956889804483,43.269733744053994],[-2.0939831213788591,43.269733644507518],[-2.0938851129582727,43.26969504885011],[-2.0938712321320425,43.269675488963962],[-2.0938145956878249,43.269589226494013],[-2.0938337689693789,43.26956767731766],[-2.0938434723247723,43.269544882518815],[-2.093853554013247,43.269504891940151],[-2.0938657246531571,43.26942376691003],[-2.0938708821946972,43.269391751409543],[-2.0938729754836265,43.269358631082582],[-2.0938702301498013,43.269327723573141],[-2.0938328217874438,43.269315901339333],[-2.0937891834307489,43.269308712125039],[-2.0937548206352639,43.269299255189296],[-2.0936801376057237,43.269266607098068],[-2.0936444152300591,43.269249125266661],[-2.0936116542311094,43.269239680980306],[-2.0935445334775631,43.269228883845386],[-2.093513306096451,43.269224044027979],[-2.0934818886952566,43.269223704993692],[-2.0934491654209681,43.269220023900701],[-2.0934008074926225,43.269207034191751],[-2.0933525685316496,43.269186031315513],[-2.0933167738757068,43.269165127062536],[-2.0932533325715488,43.26912230256341],[-2.0932007178342551,43.269080644411339],[-2.0931650422627901,43.26905172696474],[-2.0931422097806585,43.269012646092357],[-2.0931270713942927,43.268978218561109],[-2.0931123073343048,43.268918581127799],[-2.0931009123077313,43.268839520477115],[-2.0930945430688674,43.268745642089051],[-2.0930937436654067,43.26869989240349],[-2.093089672634846,43.268658709121745],[-2.0930761158148363,43.268617360582603],[-2.0930647759137155,43.268542892705497],[-2.0930616567653351,43.26843760424331],[-2.0930621021602311,43.268415906697541],[-2.0930032870498536,43.268302252561519],[-2.0929937044189311,43.268283717152833],[-2.0929254256822905,43.268243105256879],[-2.0928583193308103,43.268223123144267],[-2.0928096052769676,43.268234172632802],[-2.0927811872154498,43.268247634227578],[-2.0926680780729634,43.268271859879754],[-2.0926729248407896,43.268277391130098],[-2.092720420269544,43.268331795450628],[-2.0927183860705045,43.268336011475789],[-2.0927074624433226,43.268357986090649],[-2.092675895867679,43.268376015028799],[-2.0925529463667614,43.268432218871631],[-2.0924443996796165,43.268464494587803],[-2.0924493776778599,43.268469486612915],[-2.0924860316952945,43.268507146506238],[-2.0925185205755628,43.268534868286885],[-2.0925462377608053,43.268560301053142],[-2.0925744692249362,43.268658945258018],[-2.0925984949810528,43.268725499729285],[-2.0926058318489944,43.268754192547384],[-2.0926209698869838,43.268788620145791],[-2.0926359033016326,43.268836823150259],[-2.0926472642874345,43.268918134725553],[-2.0926617229453539,43.268998300273452],[-2.0926705091355129,43.269037269821581],[-2.0926711370249818,43.269094544028597],[-2.0926752077971829,43.269135727319856],[-2.092674906539683,43.269139416814227],[-2.092669743369977,43.269188360855765],[-2.092662899217351,43.269226035818491],[-2.0926496857046946,43.269269423196043],[-2.0926188028082522,43.269349229059728],[-2.0926089758188269,43.269372022774171],[-2.0926007373418942,43.269404013776082],[-2.0925829447177327,43.269440431280252],[-2.092565304564272,43.26946658475309],[-2.0925491631406992,43.269499683651105],[-2.0925376368449764,43.269537321458444],[-2.0925323901608976,43.269566994995458],[-2.0925328241475185,43.269570960460136],[-2.0925378071144176,43.269625387743744],[-2.0925421319878987,43.269649464322477],[-2.0925741961207542,43.269705817322908],[-2.0925849238611764,43.269721930606181],[-2.0926250741091903,43.269756556621807],[-2.0926638635622474,43.269783247785782],[-2.0926994508775647,43.269809823490753],[-2.0927660786198281,43.269853844163222],[-2.0928095676388039,43.269879401955116],[-2.0928342560614901,43.269901388878964],[-2.0928556448906908,43.269938117163278],[-2.0928709518424955,43.269961200273308],[-2.0928896508689574,43.269971613804643],[-2.0929007353901445,43.27006327842993],[-2.0929002037621429,43.270065885546124],[-2.0928847261659014,43.270137259275977],[-2.0928671300324222,43.270218521254321],[-2.0927954753149569,43.27028890915669],[-2.0927605385559502,43.270326361302921],[-2.0927317958404905,43.270361611420476],[-2.0926983723323169,43.270396734355856],[-2.0926174253890353,43.270470470181479],[-2.0925459280802525,43.270538517978359],[-2.0924185985064789,43.270673567135461],[-2.0923946740206198,43.270699670711984],[-2.0922443076856938,43.270908824763282],[-2.0922234835565972,43.270941886443758],[-2.092188389398324,43.270981588309155],[-2.0921291656868348,43.271061169081065],[-2.0921131253098286,43.271087425219797],[-2.0921034384556139,43.271109049398845],[-2.0920969336776087,43.271123855344634],[-2.0920890694421534,43.271130636412352],[-2.0920762807155797,43.27114539247777],[-2.0920699111114756,43.271151104856898],[-2.09205388942366,43.271176100492355],[-2.0920443377224136,43.271188631100976],[-2.0919983106576048,43.271225994973143],[-2.0919777084927578,43.271244110746352],[-2.0919202212496879,43.271314610553198],[-2.091811638824649,43.271456651335093],[-2.0917572824497759,43.271523754171206],[-2.0917317769977353,43.271556688540493],[-2.0917155676027757,43.271594289063849],[-2.0916975341063733,43.271646822720982],[-2.0916813072578049,43.271685593697107],[-2.091605430744182,43.27183248633041],[-2.0915681874503123,43.271908909661107],[-2.0915520970520345,43.271938497018141],[-2.0915358365487187,43.271979518851879],[-2.0915228425944936,43.272008050246619],[-2.0915031614513948,43.272071916566752],[-2.0914895727856457,43.272140423615213],[-2.09147889306462,43.272220479642243],[-2.0914719286012784,43.272266167642691],[-2.0914554456096379,43.272322135315001],[-2.0914374304169905,43.272373408426887],[-2.0914196522809645,43.27240874529425],[-2.0914113966721399,43.272441816607497],[-2.0914011762410891,43.272490990528169],[-2.0913935646962107,43.272580165550046],[-2.0913919653005295,43.272687667645386],[-2.091393497245003,43.272791772868999],[-2.0913962200370229,43.272815836751455],[-2.0914065903463639,43.272855989551168],[-2.0914123132094526,43.272893764239747],[-2.091422666128294,43.272935087495931],[-2.0914281170911857,43.272991139339297],[-2.0914411419549679,43.273059947813792],[-2.0914633452729801,43.273141345569549],[-2.0914959994519,43.27324920977388],[-2.0915080065651765,43.273287034369204],[-2.0915414136071977,43.273352582971683],[-2.0915552275323104,43.2733766448913],[-2.091625759985658,43.273580888843121],[-2.0916466498011617,43.273642916260762],[-2.0916554359606137,43.273681885855673],[-2.0916705063378536,43.273720905354175],[-2.0916852539990174,43.273781623344682],[-2.091697209102759,43.273822959293177],[-2.0917059779099128,43.273863099341661],[-2.0917617140424261,43.274009956519748],[-2.0917979344851623,43.274101820774852],[-2.0918295542875933,43.274179871470288],[-2.0918491533059003,43.274229282174126],[-2.0918595080711508,43.274270515350665],[-2.091863594648752,43.274310618209157],[-2.091872296685084,43.274355260005159],[-2.091959162535908,43.274621494907542],[-2.0920101625625627,43.274763722009048],[-2.0920237199531719,43.274805070636269],[-2.0920309554923953,43.274840606143151],[-2.0920444070939448,43.274880783331419],[-2.0920640078407975,43.274930103960784],[-2.0920959724872419,43.27499329974254],[-2.0921173438620539,43.275031288637869],[-2.0921279371988972,43.275056495515265],[-2.0921457313786984,43.275119578806581],[-2.0921544497892581,43.27516314015493],[-2.0922346576673099,43.27534683996565],[-2.092242305706622,43.275362928824975],[-2.0922665035872039,43.27541804883451],[-2.0922831766685746,43.275457080960649],[-2.092342555568576,43.275566327560796],[-2.092376050362291,43.27562611365795],[-2.0923989062747075,43.275672038311775],[-2.0924336297493769,43.275756956932725],[-2.0924469453200283,43.275806317665108],[-2.0926286514133396,43.276217467861855],[-2.0926482864908449,43.276264537507018],[-2.0926587611860517,43.276297757469194],[-2.0926644329363548,43.276339043456368],[-2.092677783596077,43.27638606324377],[-2.0926975378261732,43.27642511974463],[-2.0927157290987575,43.276469836732169],[-2.0927368764697749,43.276514667209966],[-2.0928286661925122,43.276657307484008],[-2.0928715272082385,43.276717167710459],[-2.0929498809708624,43.276818550378486],[-2.0929882858265252,43.276871441692762],[-2.0930444982112064,43.276978321603409],[-2.0930596892747571,43.277009327776561],[-2.0931767028460673,43.27724608556057],[-2.093197975380336,43.277290826894273],[-2.0932034269588295,43.277346968664062],[-2.0932039202575012,43.277413336348715],[-2.0932018812923254,43.277451049384851],[-2.0932058499298623,43.277499165318048],[-2.0932145359825518,43.277544977458049],[-2.0932119486001004,43.277611320717433],[-2.0932142644842777,43.277662845287544],[-2.0932394376743555,43.277760294339132],[-2.0932559929995311,43.27780733945356],[-2.0932568767615449,43.277847416849077],[-2.0932687494503166,43.277894424839694],[-2.0932757146405105,43.27794823740799],[-2.0932766200323556,43.277995158455965],[-2.0932821022611123,43.278040945189524],[-2.0932654668558879,43.278107177082227],[-2.0932490520265286,43.278158553160999],[-2.0932410345277206,43.278275188976103],[-2.0932399982996674,43.278344966265507],[-2.0932376836601025,43.278392942333248],[-2.0931926921926522,43.278468134084989],[-2.093163895000044,43.278506805567119],[-2.0930970888430789,43.278573720202779],[-2.0930620068266248,43.278612341827021],[-2.0929877940658002,43.278655155439026],[-2.0929452199711589,43.278675438317478],[-2.0928771177160601,43.278721722054691],[-2.0928485583073653,43.278744367188018],[-2.0928154351955244,43.2787589620416],[-2.0924128538257505,43.278871117017481],[-2.0922102741758284,43.278858011458503],[-2.0920025386325238,43.278751217877272],[-2.0910975396214511,43.278263743737909],[-2.0905402891467633,43.277847641057043],[-2.0902075017545463,43.277673463548645],[-2.0898210618543538,43.277498859044407],[-2.089534275570256,43.277388756632945],[-2.0891877867337265,43.277234070961399],[-2.0891859694675352,43.27723320825887],[-2.0890826913660945,43.277158896711391],[-2.0888182833115567,43.277038740610756],[-2.0884125018802102,43.276847013522527],[-2.0878094358785049,43.276556568568893],[-2.0871014547839892,43.276354885032227],[-2.0862573638478068,43.276284433117915],[-2.0855809429184999,43.276215316437188],[-2.0850115361676789,43.276166654842505],[-2.0845890890462093,43.276158373507627],[-2.0842602426334658,43.276170443901002],[-2.0840520418940125,43.276188380722452],[-2.0837895984340498,43.276245089538584],[-2.083432158927073,43.276374549071839],[-2.0830137686386285,43.276542726612128],[-2.0829838938230547,43.276557430207319],[-2.0829444553570955,43.276573624815619],[-2.0828499911390632,43.276610596602836],[-2.0827822609855682,43.276631754538705],[-2.082741338310985,43.276648625124857],[-2.082664004894164,43.276685554042601],[-2.0825407344736409,43.276753180259355],[-2.0824949924429537,43.276779106727908],[-2.0822921675259201,43.276932988714172],[-2.0822524661177857,43.276966977627687],[-2.0821971663835552,43.2769974196246],[-2.0821498735132149,43.277019911768598],[-2.0820869146498442,43.277043358723027],[-2.0820413603496171,43.277056770146835],[-2.0819814820621088,43.277080241766015],[-2.0818268429161133,43.277152117728043],[-2.0817605580540737,43.277183641926008],[-2.0817227167455274,43.277200446836495],[-2.0816406100409535,43.27724327975951],[-2.0815743628955157,43.277280477037692],[-2.0815348328564167,43.277303031257652],[-2.0813940887423987,43.277393297504538],[-2.0813433841259013,43.277429538921091],[-2.0812991374167011,43.277454306321545],[-2.0811434288918544,43.277597128857792],[-2.0811005427559781,43.277637935263449],[-2.0810164197791297,43.277708215505591],[-2.080932352076299,43.277782998418978],[-2.0808624677612424,43.277840696497293],[-2.0808180646925085,43.277875817719803],[-2.0807752635343699,43.277910951798667],[-2.0806907616052643,43.278006351529143],[-2.0806429346402568,43.278064226749976],[-2.0806093603120632,43.278108619598768],[-2.0805804699660384,43.278152960042739],[-2.0805244280543334,43.278232560260122],[-2.0804877728320839,43.278276928305161],[-2.0804092454411989,43.278392906290556],[-2.080375567700179,43.278444141716477],[-2.0803366879893241,43.278521628676501],[-2.0803125340187503,43.278570599466654],[-2.0803010160245075,43.278607065444056],[-2.0802940939339689,43.278649331305147],[-2.080290251211744,43.278691711971923],[-2.0802943480606118,43.278730644693198],[-2.0803046780866863,43.278773049273099],[-2.0803160757891352,43.278850940475344],[-2.0803252139813826,43.278964291545947],[-2.0803274512109464,43.279020318010375],[-2.0803237493441982,43.279061529212981],[-2.0802986622673281,43.279164249822898],[-2.0802838911472792,43.279212125450954],[-2.0802691513841527,43.279249736110224],[-2.0802869095851588,43.279273560941974],[-2.0799578108025454,43.279709257058194],[-2.0795361163996748,43.280147088535152],[-2.0792269950955427,43.280360710310369],[-2.0789454659474575,43.280493512251923],[-2.0787081667235201,43.280545628583496],[-2.078191930744048,43.280550473880972],[-2.0767324883174214,43.280277479914496],[-2.0762483043394528,43.280142582821846],[-2.0762332220742805,43.280138380140073],[-2.0762177342039685,43.279940154384846],[-2.0761348778826791,43.279714370765738],[-2.0759292764905655,43.279402359069188],[-2.0759283810698639,43.279399552312192],[-2.0759387690004618,43.279316275464488],[-2.0760695184128841,43.279120599696533],[-2.0762741860363128,43.278865500741674],[-2.0766902224442703,43.278515409468199],[-2.0770146888776004,43.278184584146338],[-2.0771546077894221,43.277985646690382],[-2.077380483452905,43.277695048765885],[-2.0775815543396914,43.277511010445849],[-2.078060206638785,43.276952673044455],[-2.0783142634695708,43.27665631681586],[-2.078478524648717,43.276464704556901],[-2.0786649000659922,43.276160050172514],[-2.0789201746360488,43.275576898288818],[-2.0792191123149411,43.27460681009785],[-2.0793451694547866,43.274517778954454],[-2.0794018008627333,43.274521566463484],[-2.0794990599053529,43.274528022101265],[-2.0795313920804794,43.274582309804167],[-2.0797527136104152,43.274304948512224],[-2.0797259387580724,43.274241700996463],[-2.0795347648257545,43.274105093932079],[-2.079443523025287,43.273969290857181],[-2.0793643493151337,43.273637915185994],[-2.0793335099593246,43.273509171514434],[-2.0792023030432087,43.272607656632992],[-2.0790060098707785,43.271993764260344],[-2.0788858695372996,43.271731663757627],[-2.078346106108548,43.270907898122829],[-2.078289150254427,43.270754361139801],[-2.0782087440802912,43.270366515780289],[-2.0782340822403995,43.269259155166296],[-2.0781237347094592,43.268961114293006],[-2.0779602558710732,43.2687707001418],[-2.0773658842457072,43.268252645505214],[-2.0771520689341534,43.268025805766491],[-2.0767105222528039,43.267743100045124],[-2.0765121706156666,43.267561406891318],[-2.0764423198566502,43.267568496823955],[-2.0763394446701526,43.26798340917594],[-2.0762840684891124,43.268206743266063],[-2.0762380155370557,43.268392480096942],[-2.0762288150450585,43.26842959296409],[-2.0762290087815618,43.268429737701759],[-2.0761967797420828,43.268564080777544],[-2.0763259132864302,43.268568978510785],[-2.0764321535863881,43.26858150363703],[-2.0764408291267067,43.268587984956959],[-2.0767237879378242,43.26878438132438],[-2.0768762932725,43.269031719456869],[-2.0770283645890824,43.269293996996019],[-2.0771159711458616,43.269529309525616],[-2.0771582842571101,43.269716573642519],[-2.0771479700193742,43.269898781183073],[-2.0771073284351775,43.270144347054789],[-2.0770129645130271,43.270522970667486],[-2.0769546860533827,43.270721371267385],[-2.0769544781217602,43.270722083653439],[-2.0769516754925927,43.270733689564565],[-2.076949918678006,43.270745402965673],[-2.0769492675233407,43.27075489485231],[-2.0769411942055855,43.271003700363082],[-2.0769411400234925,43.271005980788473],[-2.0769411499989476,43.271010538992364],[-2.0769460116035234,43.271259450677256],[-2.0769463509706729,43.27126667509669],[-2.076946853761688,43.271271973852819],[-2.0770230549546427,43.271934015447115],[-2.0770566014969609,43.272230706378316],[-2.0770694199072737,43.272785375346018],[-2.0770606728642163,43.273087572542366],[-2.0770476975924206,43.273192846721038],[-2.0770292439907103,43.273266602059195],[-2.0769765251186287,43.273337676663452],[-2.0768227291767389,43.273470102251551],[-2.0768194706968237,43.27347296732475],[-2.0766664963312578,43.273610345548931],[-2.076663808427869,43.27361280191306],[-2.0766542718598147,43.273622304007695],[-2.076645603664157,43.273632241729835],[-2.0766378439246793,43.273642572181217],[-2.0766359860597801,43.273645309885168],[-2.0765609880682359,43.273758113580428],[-2.0765560297858059,43.273766056115534],[-2.0765508032667075,43.273775764084981],[-2.076515218619265,43.273847933087033],[-2.0765145979746569,43.273849206727277],[-2.0765097451169892,43.273860444889209],[-2.0765059094925804,43.273871891165705],[-2.0765031066235369,43.273883497057398],[-2.0765013496220721,43.273895210443627],[-2.0765006441527967,43.273906982745423],[-2.0765009934159369,43.273918765363895],[-2.0765023957646367,43.273930504258196],[-2.0765041321002164,43.273939226611567],[-2.0765203275295234,43.274008663861622],[-2.0765210424367946,43.274011588019633],[-2.0765245309913589,43.274023093429392],[-2.0765290428301491,43.274034407198847],[-2.0765345564821014,43.274045482330706],[-2.0765410480661513,43.274056268206316],[-2.0765416396515866,43.27405716083458],[-2.0766287940859978,43.274188121169551],[-2.0766797270621615,43.274377715052736],[-2.0766537160374074,43.274505085636591],[-2.0765966591150833,43.274598643694418],[-2.0765951355284327,43.274601195900033],[-2.0765892882906845,43.274612177509638],[-2.0765844353836695,43.274623415672892],[-2.0765808790795894,43.274633909719391],[-2.076500774318923,43.274904787218119],[-2.0764222057853523,43.275106473226145],[-2.0764219069673109,43.275107245207508],[-2.0764180712441722,43.275118691477694],[-2.0764152682971844,43.275130297364065],[-2.0764136171027006,43.275141040906647],[-2.0763588115756644,43.275628891684796],[-2.0763587057100517,43.275629861523932],[-2.0763583000548365,43.275634519020194],[-2.0763201405276628,43.276185278697547],[-2.0762455021759307,43.276625499720737],[-2.076245015530584,43.276628585262301],[-2.0761596781780325,43.277214567875738],[-2.0760632812838242,43.277556159584037],[-2.075935311913681,43.277907786557179],[-2.0758282295111008,43.278031506055022],[-2.0758244667158903,43.278035996851322],[-2.075821571631792,43.278039668038154],[-2.0756014816871211,43.278326389923457],[-2.0753877681738251,43.278502140068831],[-2.0753781535438884,43.278510547360824],[-2.0753769695921638,43.278511658860012],[-2.0748782870110056,43.278983318564705],[-2.0748706547795877,43.278990943141054],[-2.0743229165432626,43.279569313030002],[-2.0743221950347634,43.279570078883026],[-2.0743135256015819,43.27958001640696],[-2.0743057671617033,43.27959034669891],[-2.0743009009248059,43.279597775711153],[-2.0740860838634165,43.279945956575069],[-2.0740792971579642,43.279956001168003],[-2.0740218144006479,43.280010476340202],[-2.0736714279502624,43.280341925951994],[-2.0735438175366014,43.280506631506029],[-2.0735354767097882,43.280516988542558],[-2.0735331821032035,43.280519082429677],[-2.0734937686782882,43.280564398361541],[-2.0734928109328465,43.280566273460103],[-2.0734430863910247,43.280617525408758],[-2.0734317450370425,43.280626056315711],[-2.0734261559364304,43.280634975993706],[-2.0734227267126566,43.280640447307626],[-2.0734169627981083,43.280730401336228],[-2.0734080188588861,43.280739970979731],[-2.073228982361619,43.280796378452294],[-2.073141907582194,43.28097780750759],[-2.0731185480746341,43.281019139205632],[-2.0731161168220802,43.281023249901857],[-2.0730991069699836,43.281058174969978],[-2.0730962429102999,43.281069848701769],[-2.0730959042695152,43.281077379183941],[-2.0730974212450808,43.281084943613159],[-2.0730991707656785,43.281087906788727],[-2.0731016640502604,43.281092131229101],[-2.0731110873444161,43.281099540917225],[-2.0731118777835729,43.281100163235486],[-2.0731144546955145,43.281101477174559],[-2.0731246471641356,43.28110733800473],[-2.073140607234655,43.281111767920613],[-2.0731976119099191,43.281123981705456],[-2.0733042333555791,43.281144376515897],[-2.0734873842868629,43.281163294001907],[-2.0741241364459393,43.281676308077088],[-2.0742675683208893,43.281807056546896],[-2.074268912194841,43.281808084039845],[-2.0746018606791643,43.282015635909758],[-2.0747197719086681,43.282092358797811],[-2.0750053957084722,43.282254625340002],[-2.0752837434350058,43.282390173405503],[-2.0755602998442928,43.282517287039077],[-2.0756881982249871,43.282568833619166],[-2.0758392671411858,43.282612147996829],[-2.0760439985044203,43.282662912035242],[-2.0762833407559311,43.282711148501789],[-2.0766089477397767,43.282769902207242],[-2.0767877333432314,43.28278853964526],[-2.0769445198702159,43.282804883196121],[-2.0771324789775925,43.282821834632998],[-2.0772784255861851,43.282823012108487],[-2.077622590075233,43.282797725290742],[-2.0780268350641107,43.282736440618592],[-2.078479575922656,43.282643272856539],[-2.0788034840513214,43.28256029086922],[-2.0791584752675059,43.282453705096479],[-2.0794790267381034,43.282338422678748],[-2.0796547704452228,43.282273890131734],[-2.0798732256715891,43.282178831437271],[-2.0801264581332748,43.282070021091201],[-2.0803297606395947,43.281960808729615],[-2.0804808765787715,43.281873626680991],[-2.0806671698798698,43.28174603640759],[-2.0808556358712567,43.281601625633385],[-2.0810444400811217,43.281434767056389],[-2.0813013396216502,43.281209523784092],[-2.0814243018895646,43.281078616839906],[-2.0816280634851534,43.280810852368383],[-2.0818086322246141,43.280552722630887],[-2.0821090355375844,43.280115954441428],[-2.0822189734792338,43.279956879330172],[-2.0823182792416803,43.2796994284421],[-2.0823268843780274,43.279677119305916],[-2.0822772325293575,43.279658480365043],[-2.0824690852204877,43.279415874809835],[-2.082591575913336,43.279188147358198],[-2.0828177842299573,43.278904506440973],[-2.0829000048003508,43.278860341822224],[-2.0829173773304226,43.278852467038632],[-2.0829299438944844,43.278844553719559],[-2.0829710939998001,43.278820841417236],[-2.0829995705261473,43.278803961020806],[-2.0830108525154989,43.27879360885926],[-2.0830321143517061,43.278774098005847],[-2.0830329366418772,43.278773342810631],[-2.0830538360669038,43.278735781170155],[-2.0830717588387273,43.278691262137478],[-2.0830972719743355,43.278658329809474],[-2.0831087048787351,43.278643834039954],[-2.0831117178167173,43.278640166314709],[-2.0831500071487854,43.278593559383502],[-2.0832331205018102,43.278278525018315],[-2.0836770833010076,43.278029504082483],[-2.0836740685311659,43.278016873518347],[-2.0836760650346449,43.277990596138636],[-2.0836482579180382,43.277962909397417],[-2.0836610163416847,43.277950405197657],[-2.0836683759708108,43.277944521134827],[-2.0837117875927196,43.277909660999377],[-2.0837340653339447,43.277886967827428],[-2.0837673454621268,43.277862021594075],[-2.0838019313732232,43.277848611673349],[-2.0838507397975601,43.277831893919945],[-2.0838947115472979,43.277825402629226],[-2.0839919352346241,43.277818167202838],[-2.0841484537232975,43.277826354089839],[-2.0842422493120667,43.27783403860527],[-2.0842906808899442,43.277842440426475],[-2.084334481130838,43.277847383410865],[-2.0843673303037513,43.277851158164431],[-2.084426780493263,43.277856226392501],[-2.0845095238423297,43.277869495104909],[-2.084554874789724,43.27787787215717],[-2.0846987041548344,43.277893970809671],[-2.0849159279805116,43.277922182349307],[-2.0850252231285187,43.277948269521929],[-2.0850765305501753,43.277970380977649],[-2.0851418702988767,43.278001879364844],[-2.0851961721828998,43.278029777649017],[-2.0852303847288676,43.278049501166059],[-2.0852768707089391,43.278080848689356],[-2.0853000998001745,43.278101564897661],[-2.0853230842927193,43.278130383267431],[-2.0853352934848575,43.27815452313034],[-2.0854002107473537,43.278312982569737],[-2.0854166751934851,43.278365700967051],[-2.0854208777898227,43.278397790875161],[-2.0854327925730698,43.278433364188942],[-2.0854460005260957,43.278489568328645],[-2.085461136832039,43.278523996801958],[-2.0854961771655693,43.278587218976277],[-2.0855209046720682,43.278614880644739],[-2.0855594883616271,43.278647245420579],[-2.0855844559314241,43.27865888084289],[-2.08560780077124,43.278663659806739],[-2.0856266548863887,43.278663810530858],[-2.0856533236953094,43.278660601981926],[-2.085662705316857,43.278659596427893],[-2.0856768397675318,43.278653946484582],[-2.0858659825224111,43.278582341094065],[-2.0858785136072737,43.278576768357318],[-2.0859100537851889,43.27856099226851],[-2.0859622899181995,43.278529353406654],[-2.086011389425082,43.278493187166795],[-2.0860506787282227,43.278486657631596],[-2.0860992822300704,43.27848362424416],[-2.0861854531041524,43.278482061573023],[-2.0862449552748807,43.278483707531116],[-2.0863074869813434,43.278488799399156],[-2.0863589650782655,43.278499565871257],[-2.0863981007734638,43.278503300210716],[-2.0864479082173801,43.278518645634314],[-2.0865647638220142,43.2785584786808],[-2.0866083587049982,43.27857719616145],[-2.0866985794589565,43.278617986969067],[-2.0867327753174378,43.27863888049761],[-2.0867855135655149,43.278672528471596],[-2.0869064869165705,43.27875021327862],[-2.0869484127370557,43.278773419594934],[-2.0871186268158848,43.278867152596462],[-2.0872543750168289,43.27894190600189],[-2.0874810844330249,43.279069688963148],[-2.087516759578862,43.279090594057863],[-2.0875665354543345,43.279117174655454],[-2.0877955249604057,43.279356241158197],[-2.088296880771769,43.279765638099214],[-2.0883252340603575,43.279793094839341],[-2.0883654730863035,43.279822050118618],[-2.0884011314993227,43.279844125397297],[-2.0884665784861567,43.279868689208278],[-2.0885226213332624,43.279887505157895],[-2.0885883076488669,43.279896042657427],[-2.0886883408047319,43.279907194969574],[-2.088744781118967,43.279907644637909],[-2.0888072285178563,43.279918497397858],[-2.0889226905610894,43.279944629969691],[-2.0890273082655644,43.279970676056443],[-2.0890616040961612,43.27997671212804],[-2.0890880865983301,43.27998601765885],[-2.0891784803434308,43.280015462113596],[-2.0892035861676934,43.280017913175762],[-2.089237831007146,43.280027370528046],[-2.0892894341681822,43.280038136675934],[-2.0893080983472765,43.280042787570174],[-2.0893330111246344,43.280049919447443],[-2.0893954974134261,43.280066445079846],[-2.0894391590047912,43.280072555600633],[-2.089501798410077,43.280078817175102],[-2.0895297933808989,43.280085883498792],[-2.0895407100557222,43.280089392135025],[-2.089576629227532,43.280102284453022],[-2.0896186241239474,43.280120988047962],[-2.0897835258344362,43.280195597688561],[-2.0898596142456216,43.280233932342028],[-2.089923425327846,43.280260823491723],[-2.0899919542090606,43.280285410950462],[-2.0900464345856768,43.2803098866057],[-2.0906472248465264,43.280560939824738],[-2.0906939542209559,43.280576258924953],[-2.0907344845223457,43.280585765797149],[-2.0908577298276017,43.280610787692332],[-2.0909374149620095,43.280622856849909],[-2.0915843460225547,43.280722184538114],[-2.0916719010101348,43.280735486281777],[-2.0917264119317038,43.280749696160534],[-2.0917717834618572,43.280756899918359],[-2.0918982497093377,43.280780865718633],[-2.0919483202456512,43.280787026164091],[-2.0920091684368414,43.280797774433744],[-2.0921092921665476,43.280811265662997],[-2.092135910725252,43.280811476944578],[-2.0921874427177594,43.280818819480338],[-2.0922219308589489,43.28082026379608],[-2.092254766090436,43.280825116722873],[-2.0924156658656092,43.280845933478709],[-2.0924627413105323,43.280846307004047],[-2.0925127047864862,43.280851385803707],[-2.0926362111054559,43.280867223184593],[-2.0927191679338653,43.280874814766207],[-2.0927411210175184,43.280873818304507],[-2.0927990237074323,43.280875448167379],[-2.0928975254733699,43.280881992317667],[-2.0930040883147654,43.280885178565775],[-2.0931495918571921,43.280888763504443],[-2.0932264523833584,43.280883609930186],[-2.0932467338849503,43.280887282499734],[-2.0932542130410585,43.280914805751337],[-2.0932697795589066,43.28092060203722],[-2.0932995298419801,43.280917416134912],[-2.0933261992641574,43.280914205803384],[-2.0933513898718981,43.280910983743574],[-2.0933701883371825,43.280906630462013],[-2.0933826216320033,43.28090762947123],[-2.0934129334957419,43.281198627520801],[-2.0934605326278146,43.281462568742469],[-2.0934777321196969,43.28155761329311],[-2.0935027852303922,43.281696482321955],[-2.0935958890152548,43.281967087298788],[-2.0936679585795832,43.282351163255164],[-2.0938196899097195,43.282608005336805],[-2.0940663394302295,43.283021828399832],[-2.0942582227022677,43.283390405077789],[-2.0942742583119363,43.283421207038636],[-2.094406100831522,43.283706345258068],[-2.0945961509459838,43.284006081266305],[-2.0946907370118288,43.2841772865089],[-2.0946891641376388,43.284283347921139],[-2.0946877888671165,43.284376084128809],[-2.0942213203985212,43.284372391077611],[-2.0938130232510308,43.284369066964025],[-2.0933065556097432,43.284436099346614]]],[[[-2.1208062703263724,43.273980173651303],[-2.1208861500985354,43.273978536467993],[-2.1209536506180799,43.273972211750973],[-2.1210068161000062,43.27397721266636],[-2.121069477286651,43.273973191885929],[-2.1211276453633645,43.273964544205789],[-2.121180876933638,43.273964953206097],[-2.1212480896510502,43.273970061935977],[-2.1212997854222166,43.273965866740035],[-2.1213891195234829,43.273966643028466],[-2.1215111657197299,43.273972172786465],[-2.121573745281419,43.273973823995846],[-2.1216269263604333,43.27397774419174],[-2.1217350069542618,43.273977493571117],[-2.1217804587718816,43.273979013153514],[-2.1218195367485331,43.273978142588241],[-2.121883848962697,43.273970712292432],[-2.1219262862716683,43.273967616332293],[-2.1219685188009212,43.27397019167757],[-2.1220124011051826,43.273969447971666],[-2.1220515774474826,43.273961734592042],[-2.1220938578688995,43.273960978559494],[-2.1221565451304731,43.273963710827672],[-2.1222019060840642,43.27396297839713],[-2.122241058091765,43.273965530001021],[-2.1223178404689942,43.273965038645485],[-2.1223835665731943,43.273962121213806],[-2.1224243515176742,43.273962524181762],[-2.1224682674519193,43.273959439364951],[-2.1225841445961917,43.273956906562091],[-2.1226170446725314,43.273957158930983],[-2.1226389276094952,43.273960838575711],[-2.1226654450986535,43.273967885463492],[-2.1226752200191275,43.273973723377786],[-2.1228062570560238,43.273972081922444],[-2.1229249387906215,43.273970595905652],[-2.1229426667617668,43.273963258029497],[-2.1229553012787585,43.273958762565364],[-2.1229756651149243,43.273956667558579],[-2.1230195629190525,43.273954843033948],[-2.1230524629981162,43.273955095277593],[-2.1230634128835306,43.273956349824886],[-2.1230790943072484,43.27395421890084],[-2.1231463563153476,43.273955905147986],[-2.1231729565981228,43.273957189613689],[-2.123177637713991,43.273957315543832],[-2.1232042871204597,43.273955178633699],[-2.1232261868984956,43.273957687698179],[-2.1232716555518394,43.273958036219987],[-2.1233030028749078,43.273954854744694],[-2.1235034490121016,43.273958822153965],[-2.1235300648115509,43.273959026104414],[-2.1235644112488803,43.273961540431834],[-2.1236490138943536,43.27396570044602],[-2.1236817584637793,43.273968202465305],[-2.1237538584383531,43.273967674272171],[-2.1238369251099734,43.273967230038529],[-2.1238792068155097,43.273966383309848],[-2.1239652881488986,43.273970554416181],[-2.1240028706554277,43.273970842248282],[-2.1240450206339183,43.273979179133825],[-2.1241467511118586,43.273983469945875],[-2.1242891937215482,43.273984650621806],[-2.1243158095378454,43.273984854389525],[-2.1243394429375924,43.273978191828654],[-2.124482821378082,43.273914096131065],[-2.124498823455359,43.273898190439795],[-2.1245227427471001,43.273862985470139],[-2.1245339882251124,43.273843621621594],[-2.1245452995220817,43.273819665933296],[-2.1245549850189733,43.273805963036317],[-2.1245849587745007,43.27378683256714],[-2.1246197071537707,43.273769899733189],[-2.1246418366485162,43.273756382109234],[-2.1246576496043068,43.273745067290342],[-2.1246750476489793,43.273734935196401],[-2.12474586615809,43.273703420770907],[-2.1247695484371105,43.273693336749353],[-2.1247946770993265,43.273685514938222],[-2.1248294408467707,43.273667501606546],[-2.1248595221866826,43.273649452439138],[-2.1248736841773939,43.273641546703935],[-2.1248942607280794,43.273624595403902],[-2.1249117257877144,43.273609781397937],[-2.1249260387086144,43.273591341436749],[-2.1249293043705531,43.27358704421566],[-2.1249434790579955,43.273475045469617],[-2.1249467388912278,43.27346255402329],[-2.1249438389974853,43.273449925407512],[-2.124939320469712,43.273438455005724],[-2.1249269816430791,43.273422332432759],[-2.1249177484979915,43.273413077109566],[-2.1248897774884017,43.273395664340278],[-2.1248758452133809,43.273387543658892],[-2.1248629148352456,43.273386904453943],[-2.1247741311499819,43.273382173070274],[-2.1247537998217569,43.273382017498129],[-2.1247084954662117,43.27337023498945],[-2.1246866616474254,43.273363134370754],[-2.1246648755827127,43.273352702413703],[-2.1246463603557473,43.273337613095187],[-2.124630956612517,43.273320386483384],[-2.1246186669331362,43.273300842507467],[-2.1245924450506011,43.273273177814715],[-2.1245630781616449,43.273249991342126],[-2.1245368227678996,43.27322466757434],[-2.1243819265657344,43.27311236523272],[-2.1243041656773674,43.27306944834114],[-2.124273114513747,43.273052011839077],[-2.1242499158440573,43.273036976644555],[-2.1242236451777305,43.273012733238509],[-2.1241987382492535,43.272996514356919],[-2.1241460007414137,43.27296171299583],[-2.1241104313422521,43.272932806017508],[-2.1240840781296888,43.272914324887246],[-2.1240513761858097,43.272900297429103],[-2.1240141055771016,43.27287831093016],[-2.1239863241562973,43.272856307047711],[-2.1239226681872969,43.27281809026212],[-2.1238776111187008,43.272789110542575],[-2.1238449751662007,43.272770491187579],[-2.1238123952819734,43.272756554641823],[-2.1237281560194772,43.272727184668888],[-2.1236783591457202,43.272710774991538],[-2.1236425097529277,43.272701405691642],[-2.1235724408002135,43.272672144170805],[-2.1235366909418549,43.272655842062633],[-2.1234619622087769,43.272633568351758],[-2.1234416074240361,43.272626478829025],[-2.1234057258096652,43.272619360356543],[-2.1233791441966421,43.27261681544514],[-2.1233588790433675,43.27261206778919],[-2.1233306943018415,43.272609600625884],[-2.1233119650799881,43.272609457076761],[-2.1233076932821655,43.272610355410436],[-2.1232962672075084,43.272612758504806],[-2.1232773165344616,43.272619456744501],[-2.1232678213757747,43.27262847860576],[-2.123243564073642,43.272678628356005],[-2.1232370653505304,43.272693526168986],[-2.1232368365625645,43.272709462547326],[-2.1232282689393016,43.272748296722099],[-2.1232233074195968,43.272767708614296],[-2.1232213518185494,43.272800920576771],[-2.1232209170792067,43.272822618316383],[-2.1232096713802049,43.272841982037264],[-2.1231621341641955,43.272882768629465],[-2.1231415897094994,43.272897468717282],[-2.1231146951356701,43.27291671246283],[-2.1230845309113326,43.272940523478105],[-2.1230703029215885,43.272953020829576],[-2.1230608231942267,43.27296096224007],[-2.1230400404023047,43.272983674570725],[-2.1230178293866313,43.273002864155522],[-2.122994187563831,43.273018711065788],[-2.1229658552489354,43.27302650791804],[-2.1229282241977545,43.273029641119152],[-2.1229048043777285,43.273021447447597],[-2.1228784527898545,43.273002876006657],[-2.12286308325405,43.272983308224262],[-2.1228030341254787,43.272925668552801],[-2.1227705458676804,43.272896784787392],[-2.1227505108806248,43.272876010611668],[-2.1227213246634808,43.272840308665351],[-2.1227120010573266,43.272828801321253],[-2.1226626169883445,43.272783669712908],[-2.1226393939062924,43.272761790512675],[-2.1225961695891811,43.272716796168858],[-2.1225299283457431,43.272644161226673],[-2.1225114953640536,43.27262339929792],[-2.1224776190241736,43.272579647218564],[-2.1224622665403796,43.27255890891464],[-2.1224563682461448,43.27254058433622],[-2.1224566153486215,43.272523387456438],[-2.122481972798421,43.272499629774629],[-2.122504185088852,43.272480350256053],[-2.1225200149188885,43.272467865262463],[-2.1225328134441002,43.272451935266531],[-2.1225837355029409,43.272398568465192],[-2.1225996467867252,43.272380411190461],[-2.1226123530983845,43.272362319375276],[-2.1226756621662672,43.272321653980491],[-2.1227119379874217,43.272301311691187],[-2.1227828609278587,43.272271059917138],[-2.1228049088030083,43.272263214913934],[-2.1228349745162345,43.272246246706175],[-2.1228807609102187,43.272215802103787],[-2.1229076061086984,43.272199979778229],[-2.1229280844376683,43.272189871566972],[-2.1229502150162869,43.272176264228889],[-2.1229660851443728,43.27216954242261],[-2.1229848465529688,43.272167435126249],[-2.1230521233972404,43.272167950943718],[-2.1230725607232634,43.272169278228063],[-2.123091306615065,43.272168251346677],[-2.1231273999338667,43.272160604004895],[-2.1231510495550165,43.272152771213925],[-2.1231653178261833,43.272146037100214],[-2.1232002539537884,43.27210740505685],[-2.1232146708571409,43.272090316791655],[-2.1232273122972956,43.272076726707418],[-2.1232464269594957,43.272058593896105],[-2.1232811174118464,43.272037068675544],[-2.1233048315885457,43.272024734049616],[-2.1233444256997287,43.271996402901522],[-2.1233633188646359,43.271985111865355],[-2.1233966275509224,43.271956822572783],[-2.1234073593955713,43.27194499714161],[-2.1234141571012071,43.271937506987612],[-2.123432146686286,43.271886138564646],[-2.1234356617651686,43.271864464426692],[-2.1234344049762712,43.271840412524789],[-2.1234362368188022,43.271824398382584],[-2.1234363673364287,43.271815304741068],[-2.123442979631545,43.27179248374042],[-2.123440071916106,43.271771840933042],[-2.1234340178766278,43.271755766357749],[-2.1234015381328777,43.271734896921743],[-2.1233844195977873,43.271725581040805],[-2.1233735838305923,43.271716403354347],[-2.1233691161232908,43.271701421484636],[-2.123371095305342,43.271675143232883],[-2.123376073484124,43.271654560860703],[-2.1233782982041092,43.271611175757876],[-2.1233898072485249,43.271573444658202],[-2.1234058485964509,43.271546193622918],[-2.1234394865405055,43.271494945118377],[-2.1234683931080895,43.271447082092919],[-2.1234878933939454,43.271393474084277],[-2.1235092000728457,43.271334207017986],[-2.1235082559565974,43.271288366386919],[-2.1234814436201002,43.271301937959187],[-2.1234482503418475,43.271322214073514],[-2.1234370709023613,43.271336985985641],[-2.123406751676864,43.271380245833804],[-2.1233793081800689,43.27142920060863],[-2.1233521351843274,43.271467892209827],[-2.1233298576201731,43.271491763740897],[-2.1233060691314409,43.271517874836015],[-2.1232932542043619,43.271534975393187],[-2.1232707310200993,43.271575953762479],[-2.123246638303073,43.271614668947421],[-2.1232113504885723,43.271669236447579],[-2.1232001864384191,43.271682927902006],[-2.1231828292317512,43.271698823029908],[-2.1231589018698767,43.27172601358027],[-2.1231413218865636,43.27174884053278],[-2.1231285404744771,43.271763600132758],[-2.1231188153249998,43.271788648400417],[-2.1231138538535022,43.271808060291484],[-2.1230961109421247,43.271842231778187],[-2.123057741138322,43.271896865646681],[-2.1230432751101076,43.271917375262355],[-2.1230273485657563,43.271936613034953],[-2.1229972912075095,43.271961595448431],[-2.1229640452609972,43.271993483341866],[-2.1229559322209575,43.272001258734207],[-2.1229369394158857,43.272019482477418],[-2.1229258748015427,43.272026241128124],[-2.122884729082402,43.27205104844063],[-2.1228578839441781,43.272066870761762],[-2.1228151444669554,43.272099679917083],[-2.1227865991761385,43.27212233267538],[-2.1227484759342365,43.272159769551273],[-2.122729484311054,43.27217790322252],[-2.1227088491092219,43.272190351389739],[-2.1226803946195867,43.272215255966287],[-2.122654912854923,43.272239102785861],[-2.1226310665322345,43.272260620949609],[-2.1226121563324796,43.272273082330727],[-2.1225947738932547,43.272282133681756],[-2.1225679635044532,43.272295524959937],[-2.1224969576368053,43.272331538904957],[-2.1224891625624394,43.272333730252306],[-2.1224733570248211,43.272335950190239],[-2.1224592946499592,43.272336922856226],[-2.1224140811035155,43.272327481329093],[-2.1223375634460635,43.272309695455164],[-2.1223202974092135,43.272310643522182],[-2.1222968119552208,43.27230704156527],[-2.1222765638134189,43.272301123250628],[-2.1222562820312199,43.272297545868994],[-2.1221440643860729,43.272260035982114],[-2.122122246798789,43.272251854446381],[-2.1220460997570747,43.272216872445512],[-2.1220243145573643,43.272206439990917],[-2.1219854769335953,43.272182099606624],[-2.1219591415201307,43.272162447524572],[-2.1219328397802211,43.272140454500182],[-2.1219128208586069,43.272118599747465],[-2.1218773022058244,43.27208627071542],[-2.1218448976852939,43.272051624385753],[-2.1218156955570198,43.272017092679398],[-2.1217710518061712,43.271959480687855],[-2.1217572355079786,43.271943346425935],[-2.1217340298999177,43.271920296576155],[-2.1217139295487462,43.271904114057797],[-2.1216921781830265,43.271891340604505],[-2.1215848823516685,43.271845853870431],[-2.1215225275374712,43.271820162124975],[-2.1214930135781658,43.271807329015459],[-2.1214682142508323,43.271792280960895],[-2.1213690933229863,43.271718222198132],[-2.1213442200684116,43.271699751802338],[-2.1213117242380006,43.271680052247213],[-2.1212276509178305,43.271639335913918],[-2.1212060229652505,43.271626563315927],[-2.1211422236249744,43.271598519069428],[-2.1210970029355587,43.271581062875988],[-2.1210596862609745,43.271562406757646],[-2.1210286367973086,43.271544969384919],[-2.120994497761405,43.27151958421674],[-2.1209714171142711,43.271496445125322],[-2.1209513819000883,43.271475760674718],[-2.1209063116889295,43.271447860230836],[-2.1208101312129046,43.271392192955389],[-2.1206187644712378,43.271305988627596],[-2.120563040781005,43.271256305065997],[-2.1205476231561482,43.271240158344604],[-2.1205043094404417,43.271210110143521],[-2.1204701059800732,43.271189226620571],[-2.1204483888428989,43.271174111997837],[-2.1204097742693189,43.271142929297362],[-2.1203476888411239,43.270995947066353],[-2.1203369690764764,43.270978755892813],[-2.1203263660297265,43.270953461478875],[-2.1203203284517893,43.270936306312421],[-2.1203206085619648,43.270916858537824],[-2.1203240922621802,43.27089743540084],[-2.120324356809197,43.270879068058036],[-2.12031831923884,43.270861912891313],[-2.1203162283305037,43.270793191736963],[-2.1203164423035092,43.270778335797694],[-2.1203263668396621,43.270739512265045],[-2.1203329140352412,43.270721283284871],[-2.1203570406462275,43.270680317820748],[-2.1204018606844088,43.270614298612372],[-2.1204162701931919,43.270589196547618],[-2.1204340959089762,43.27054935321096],[-2.1204390425622046,43.270531021870468],[-2.120448759559582,43.270515158452781],[-2.1204505181952187,43.270495722045588],[-2.1204765601859803,43.270432980156997],[-2.1205026098561137,43.270361143677256],[-2.120515606816737,43.270331438392844],[-2.1205529595432675,43.270244831222008],[-2.1205916273815375,43.270169579941872],[-2.1206108990095509,43.270131998840597],[-2.1206222435360358,43.270105792631902],[-2.1206303923466061,43.270087575945794],[-2.1206416551896954,43.27006704200376],[-2.1206578140151495,43.270031688112624],[-2.1206708095316027,43.270002072843617],[-2.1207256513686197,43.269890387183402],[-2.1207679824115662,43.269783197673362],[-2.120777511185044,43.269771835077968],[-2.1207809946689178,43.269752411921353],[-2.1207906556331819,43.269731865650321],[-2.1207971533278367,43.269717058007153],[-2.1208038156161573,43.269690815788444],[-2.1208057465727279,43.269667958949931],[-2.1208076372611484,43.269639338858553],[-2.1208050507376264,43.269605011456235],[-2.1208044612667978,43.269543235377284],[-2.1208016530375176,43.26951574976539],[-2.1207863679785293,43.269490419399744],[-2.1207682488838531,43.269447958509446],[-2.1207621620720314,43.269434224731121],[-2.1207513283999506,43.269424956763565],[-2.1207407488511545,43.26940659610333],[-2.1207271641061185,43.269374435304272],[-2.1207134471672768,43.269351458178392],[-2.1206950247821199,43.269321511337012],[-2.1206812417607326,43.269303126044719],[-2.1206491349194043,43.269247951163898],[-2.1206291847983296,43.269221414314337],[-2.1206015293404756,43.269182301828288],[-2.1205863092628348,43.269152469634506],[-2.1205616603119819,43.269127067244575],[-2.1205278936347942,43.269084486005937],[-2.1205140212124087,43.269063758809551],[-2.1205051510993775,43.269029383082945],[-2.1204822517757664,43.268993728884716],[-2.1204670486566655,43.268962726206624],[-2.120463801043456,43.268957208428702],[-2.1204272226389942,43.268895966017205],[-2.1204119210315184,43.268871806069882],[-2.1203889712523947,43.268839663258099],[-2.1203104493841343,43.268747482613961],[-2.1202934644261755,43.268728982602127],[-2.1202563468433717,43.268696640753554],[-2.120208394548734,43.268655120910822],[-2.1201914498564709,43.268642384137436],[-2.1201652682796421,43.268629306173928],[-2.1201634330925039,43.268628391597666],[-2.1201431850803916,43.268622562950057],[-2.1201385199451557,43.268621356466909],[-2.1200282415578373,43.268560987720974],[-2.1199831077465574,43.268537678758797],[-2.1199551403737589,43.268520264799712],[-2.1199225973760218,43.268503986226577],[-2.119885215469608,43.268490011607696],[-2.1197965160931274,43.26844574681634],[-2.1197639731777831,43.268429468198576],[-2.1197234372019738,43.268412047506402],[-2.1196798716086862,43.268391091689082],[-2.1196379570864914,43.268366726814541],[-2.1196037969548942,43.268351516256047],[-2.1195836321468069,43.268339925205311],[-2.1195587452239439,43.268322534859294],[-2.1195386466238557,43.268306351963872],[-2.1195077303276779,43.268279820549047],[-2.1194830977504795,43.268253337497633],[-2.1194384095847045,43.268199145969731],[-2.1194230098922295,43.268181828629288],[-2.1194016301619407,43.268151948853557],[-2.1193725391020255,43.268101389169118],[-2.1193634400022878,43.268082949729781],[-2.1193513010283032,43.268053141088252],[-2.1192967768112152,43.267929088115849],[-2.1192771133085397,43.267882743109652],[-2.1192513674137907,43.267822394133702],[-2.1192142015962068,43.267793473320118],[-2.1191939227931109,43.267789805371201],[-2.1191876547291164,43.267788676551888],[-2.1191627095792995,43.267783892111908],[-2.1191312172120291,43.267797336587229],[-2.1191012357974905,43.267808541539743],[-2.1190929127056379,43.267847377318574],[-2.119094341869447,43.267850810073519],[-2.1191064469190666,43.267882959678225],[-2.1191244163862497,43.267935684934578],[-2.1191319706642724,43.26795870484316],[-2.1191347055106702,43.267982678143028],[-2.1191451595480961,43.268018236776925],[-2.1191541767734683,43.268042348501858],[-2.119158528932886,43.268065253703334],[-2.1191598164434242,43.268087054752357],[-2.1191670670685818,43.268122588714881],[-2.1191745408857909,43.268151190852848],[-2.1192558094607623,43.268266355164904],[-2.1192681133049125,43.268284729242218],[-2.1193174601020397,43.268332023162074],[-2.1193561786925907,43.268364377642897],[-2.1193731645628784,43.268382787755748],[-2.119388465637837,43.268406947839416],[-2.1194112641563345,43.268449535025589],[-2.1194173674430394,43.268462098406523],[-2.1194171363943313,43.268478124816376],[-2.1194215380057266,43.26849760863886],[-2.1194338406474684,43.268516072734464],[-2.1194410590293096,43.268553857579036],[-2.119442363522122,43.268574488155899],[-2.1194421662269392,43.268588173629304],[-2.1194356683295945,43.268602981196558],[-2.1194307059653572,43.268622392930631],[-2.1194287083351244,43.268649841582288],[-2.119431508225357,43.268669313073097],[-2.1194280813918729,43.268693328973932],[-2.1194240536706341,43.268750477176404],[-2.1194237070966437,43.26877451679001],[-2.1194107605746533,43.268800710552412],[-2.1193980514824347,43.26881898209335],[-2.1193882838653129,43.268838356830543],[-2.1193723063704217,43.268861105505565],[-2.1193579799344877,43.26888044514196],[-2.119345067113203,43.268904297959956],[-2.1193369012082326,43.268923685024298],[-2.1193318894543509,43.268946518120536],[-2.1193544154060207,43.269016567244222],[-2.1193633679486368,43.269045180750467],[-2.1193751684192255,43.269089934414751],[-2.1193839625043598,43.269138086679625],[-2.1193912795778682,43.269169028787751],[-2.1193862353700244,43.269194112785364],[-2.119376302825926,43.269224922091453],[-2.1193728590603671,43.269250108455822],[-2.1193799619512053,43.269295906503579],[-2.1193916559268762,43.269356597484588],[-2.1193943234276578,43.269385252645634],[-2.1193937950997643,43.269421897295665],[-2.1193853408470154,43.269469826719977],[-2.1193817907331995,43.269493841666993],[-2.1193721293358929,43.269514387816052],[-2.1193276556394443,43.269556367021259],[-2.1193038923062577,43.269572122196848],[-2.1192706973120803,43.269592487137032],[-2.1192344388647162,43.269611657880688],[-2.1192043747738842,43.26962853511634],[-2.1191837811455239,43.269646655870261],[-2.1191582743040756,43.269680766970069],[-2.1191437581689918,43.26970469746098],[-2.1190368019295094,43.269841103825982],[-2.1189464568029104,43.269919378289302],[-2.1189100331069275,43.269949983495302],[-2.1188861694990768,43.269972671350764],[-2.1188686404010459,43.269991896205013],[-2.1188525792735557,43.27002040710083],[-2.1188412171207442,43.270047783595516],[-2.1188359245082804,43.2700900644329],[-2.1188369744129436,43.270119787693446],[-2.1188412265692675,43.270149625668694],[-2.1188518626369222,43.270172579282004],[-2.1188688319620765,43.270192159934645],[-2.1188905496571149,43.270207184817444],[-2.1189105086022324,43.270224537343857],[-2.1189332918578176,43.270268205046541],[-2.1189476697697893,43.270356380758294],[-2.1189617165303591,43.270467515639119],[-2.1189389258988829,43.270526860478306],[-2.1189055834877508,43.270557399367654],[-2.1188866730709477,43.270569860134458],[-2.11887710243884,43.270575549351747],[-2.1188426113359906,43.270583207697435],[-2.1188221408704706,43.270584220597378],[-2.11879714524899,43.270582857436864],[-2.1187721158528139,43.27058383520589],[-2.118759498625908,43.270587159746476],[-2.1187468982860742,43.270589313818185],[-2.1187297052371936,43.27059377369897],[-2.1187138920219453,43.270605087702037],[-2.1186901112304959,43.270622013209774],[-2.118675742794057,43.270635679534571],[-2.1186644960752368,43.270655042806865],[-2.1186563541835164,43.270681273494937],[-2.1186527881141686,43.270706368842625],[-2.1186501949898986,43.270775053934891],[-2.1186492374324772,43.270841410433697],[-2.1186488749370267,43.2708665304649],[-2.1186422440702755,43.270890521644709],[-2.1186308816552604,43.270917898112152],[-2.1185940115211306,43.270979385537039],[-2.118581162914392,43.270998736456136],[-2.1185486123215758,43.271085379974551],[-2.1185371679621259,43.27111842869575],[-2.1185336018153915,43.271143524037164],[-2.118534559089376,43.271188194210559],[-2.1185321815127685,43.271241933326195],[-2.1185285815699153,43.271269369601377],[-2.1185203732604707,43.271300192108889],[-2.1185074089061491,43.271327556216825],[-2.1184897467425357,43.271355964670228],[-2.1184580210515547,43.271385435332093],[-2.1184085655210838,43.271447996293482],[-2.1183480617646242,43.271516144969588],[-2.1183146015314329,43.271554786908318],[-2.1182542301513143,43.271613751866504],[-2.1182240153073915,43.271640982959802],[-2.1182017694898754,43.271662512539109],[-2.1181856907006411,43.271692193793506],[-2.1181712319115866,43.271720626891543],[-2.1181608849157882,43.271780067494795],[-2.1181573585860916,43.271810926069179],[-2.1181471441654653,43.271861183005534],[-2.1181356500344659,43.271897653044142],[-2.1181349063928665,43.271949153593141],[-2.1181360128867723,43.271983469629959],[-2.1181433452448366,43.272013331369038],[-2.1181771362499333,43.272062756969753],[-2.1182032389932344,43.272098436306422],[-2.1182214883496844,43.272131803946586],[-2.1182302744000925,43.272171942123599],[-2.1182430160707164,43.272262446475416],[-2.1182517540557164,43.272305915979253],[-2.1182512080894647,43.272343731066222],[-2.1182569306379868,43.27238267502667],[-2.1182734220135231,43.272435388982423],[-2.1182838424711772,43.27247328860377],[-2.118300292565944,43.272520329342548],[-2.1183185665290938,43.272560540645976],[-2.1183305332458655,43.272593769792373],[-2.1183596411152705,43.272643249282595],[-2.1183888246720013,43.272678952320064],[-2.1184087099328983,43.272709991341785],[-2.1184332775232195,43.27274106644763],[-2.1184704134490757,43.272772238411193],[-2.11849511235333,43.272794219876026],[-2.1185180857351082,43.272833296765448],[-2.1187148224577852,43.273085500615387],[-2.1187330074189599,43.273123369969234],[-2.1187544948504748,43.273154421272821],[-2.118780630868919,43.273187849579948],[-2.1188037202023318,43.273218913215331],[-2.1188136554376737,43.273281931859671],[-2.1188192459124298,43.273330059453293],[-2.1188266370202187,43.273364423891117],[-2.1188261589440409,43.273397557109142],[-2.1188241764405191,43.273423925292782],[-2.1188190991418172,43.273451260139709],[-2.118818752272829,43.273475299729576],[-2.1188324031411048,43.273502868899875],[-2.1188507688692386,43.273528223241563],[-2.1188739077286325,43.273555865497521],[-2.1189251070828834,43.273586065093397],[-2.1189779252395904,43.27361510653796],[-2.1190151775685613,43.273638265130231],[-2.1190413970576687,43.273665931079243],[-2.1190663716806175,43.273702326391287],[-2.1190690366096381,43.273706214388021],[-2.1191009392534341,43.273767060991673],[-2.1191269926030007,43.273806251518856],[-2.1191391819146381,43.273832638798559],[-2.1191591835051264,43.273855664493439],[-2.1191806058594596,43.273873573910919],[-2.119185484964393,43.273877658146837],[-2.1192290711493884,43.273897443698189],[-2.1192649023626493,43.27390807488257],[-2.1192931186849475,43.273908382188878],[-2.1193542117823236,43.273902009080572],[-2.1194436457046457,43.273895854121328],[-2.1194859429732165,43.273893928585657],[-2.1195328733105443,43.273895460442873],[-2.1195813561988719,43.273900425976031],[-2.1196236534671109,43.273898500389421],[-2.1196988014324312,43.273900249360459],[-2.1197676326851518,43.273904200819786],[-2.1198177992290455,43.27390350631638],[-2.1199442304037599,43.273929692004842],[-2.119991062178574,43.273938066405627],[-2.1200473651298863,43.273947684247226],[-2.1200942630944266,43.273951466773063],[-2.1202022606088802,43.273956979900717],[-2.1202664588446534,43.27395747367887],[-2.1203179730927384,43.273965883959434],[-2.1204431321213613,43.273969187649023],[-2.120493298715791,43.273968492849747],[-2.1205574632572182,43.273971327399394],[-2.1206215785381679,43.273977583279297],[-2.1206825899039572,43.273976881725964],[-2.1207437568981184,43.273973930188397],[-2.1208062703263724,43.273980173651303]]]]},"properties":{"OBJECTID":5,"SITE_CODE":"ES2120010","SITE_NAME":"KBE Oriako Itsasadarra / ZEC Ría del Oria","AC":"PAÍS VASCO","TIPO":"B","HECTAREAS":189.47997189,"SHAPE.AREA":0,"SHAPE.LEN":0}},{"type":"Feature","id":6,"geometry":{"type":"Polygon","coordinates":[[[-3.1158994297302098,43.348315763073757],[-3.1161822612787029,43.348240653802684],[-3.1161885019751216,43.348231512357984],[-3.1162303256712529,43.348206721787257],[-3.1164136099788005,43.348012173296155],[-3.1164934326864993,43.347973967701691],[-3.1167107133652707,43.347934838473307],[-3.1167672711855596,43.347922213110053],[-3.1168034433643474,43.347914138723162],[-3.1168049973540084,43.347913792262283],[-3.1169402517482365,43.347871753228318],[-3.1173540710402867,43.34767080367272],[-3.1178623256206808,43.34752961482107],[-3.1181410033673571,43.347430561003257],[-3.1184445425341529,43.347279063528589],[-3.1193298287668751,43.346973059558657],[-3.1193307057418744,43.346972916371918],[-3.1198730010676008,43.346884343408],[-3.1199862624437653,43.346865844575845],[-3.1200448197266484,43.346856278837137],[-3.1202129046276781,43.346828824838546],[-3.1202384820315001,43.346825749915418],[-3.1204538695592112,43.346781565812286],[-3.1213872385463137,43.346721738848899],[-3.1215922748390454,43.346708734608725],[-3.1217624522203673,43.346696602738241],[-3.1217910161952949,43.346694566113825],[-3.1217915871538398,43.346694414229553],[-3.1218575557665589,43.346676918374996],[-3.1218864638065793,43.346669251720684],[-3.121939616228913,43.346656498661233],[-3.1219849888662572,43.346640422194305],[-3.1220288738566633,43.346620835525243],[-3.1220632540504591,43.346599097893339],[-3.1220976340392377,43.346577270205827],[-3.1221273141061934,43.346549774665085],[-3.1221444091667703,43.346522292557111],[-3.1221475183418228,43.346473034391956],[-3.1221484237047958,43.346474133780113],[-3.1222397850670087,43.346585038763223],[-3.1222416415595013,43.34658729151635],[-3.1222424736508927,43.346586922341253],[-3.1222790289949249,43.346570722814221],[-3.1222948880468273,43.34656369492177],[-3.1224504470956909,43.346494760798244],[-3.1224572675577411,43.34649408986126],[-3.1226106863242791,43.346423694572415],[-3.1226371125947336,43.346411569538319],[-3.1226562436685157,43.346421704346263],[-3.1227048810037417,43.34643398839966],[-3.1227825437992101,43.346461458952994],[-3.1228225375491219,43.346470330508936],[-3.1228614163319643,43.346476952113086],[-3.1228953571155444,43.346482228328654],[-3.1229461872565554,43.346480552883037],[-3.1229536645208724,43.346481921639636],[-3.122995558444595,43.346489594388714],[-3.1230556569781118,43.346495202606071],[-3.1230898429152849,43.346499668091383],[-3.1231037703986004,43.346496655489787],[-3.1231111787383763,43.346495052811441],[-3.1231115115552197,43.346494896674606],[-3.1231359550597322,43.346483410280783],[-3.1231368231398431,43.346483147314025],[-3.1231981008703245,43.346464791299816],[-3.1232603746897838,43.346447258094869],[-3.1232607544348574,43.346447123517933],[-3.123309938709856,43.346429645812563],[-3.1233611050251668,43.346411221371781],[-3.123413753898729,43.346393785807969],[-3.1234450620610201,43.346378534345057],[-3.1234801983295455,43.346364899558331],[-3.1235381324594775,43.346337553234591],[-3.1235871894474236,43.346313368063633],[-3.1236393345933315,43.346290980441744],[-3.1236984914271715,43.346258229989253],[-3.1237433487417068,43.346231798157355],[-3.1237837295195048,43.34618826252197],[-3.1238112955956945,43.346153114969233],[-3.1238461301548552,43.346112556813964],[-3.1238750619602711,43.34608163990162],[-3.123908424103877,43.346045135365785],[-3.123940206068752,43.346020338437867],[-3.1239613805331627,43.345997173815789],[-3.1240169293462303,43.34594992979342],[-3.1240882666084429,43.345900597570633],[-3.1241367849154309,43.345854531707211],[-3.1242171045235057,43.345793303657132],[-3.1242965432202316,43.345723702282136],[-3.1241872286813841,43.34560307010166],[-3.1241071199491528,43.345525447844963],[-3.1237229096791084,43.345159109033297],[-3.1237118846632113,43.345137329962107],[-3.1236820666980489,43.345096211443526],[-3.1236762826053459,43.345086457672693],[-3.1236760461393667,43.345086058126647],[-3.123663124784235,43.345064265793276],[-3.1236522116719083,43.345036813732122],[-3.1236459030706363,43.34502880650782],[-3.1236459008775705,43.345027725964862],[-3.1238552999265994,43.344907949667324],[-3.123876814434587,43.344895643268416],[-3.1238770818572532,43.344895490801974],[-3.1239711205379637,43.344841700215902],[-3.1241039990041286,43.344780775435787],[-3.1241520718901992,43.344758752174677],[-3.1241352718549424,43.344748685319452],[-3.1241320878607155,43.344747071558885],[-3.1241039012355238,43.344732781318562],[-3.1240663662924728,43.344719135132003],[-3.124030133225002,43.344711653833592],[-3.1240225484133028,43.344710088063977],[-3.1240036715067476,43.344710108531551],[-3.1239348265011153,43.344710273196846],[-3.1238895010938119,43.344702505456247],[-3.1238690427053313,43.344698998733534],[-3.1237938960790173,43.344694577820661],[-3.1237719392894845,43.344696852719665],[-3.1237218571483014,43.344701589268709],[-3.1236749733340505,43.34470163997419],[-3.1236248818624679,43.344701784173019],[-3.123580959130916,43.344701831639384],[-3.1235371738373661,43.344708812439926],[-3.1234964729959502,43.344715789893321],[-3.1234526968060154,43.344727272924075],[-3.1234062563450125,43.344740942414816],[-3.1234057174999887,43.344741100575739],[-3.1233525797817885,43.344759529869208],[-3.123297091096545,43.344777678929617],[-3.1232962304714644,43.344777955396438],[-3.1232439547681246,43.344793777794855],[-3.1232430879499611,43.344794042562022],[-3.1232023870177072,43.34480101991079],[-3.1231586016091732,43.344808000566402],[-3.1231115943333632,43.344808051173914],[-3.1230645872393139,43.344808191807353],[-3.1230114110293061,43.344808249011123],[-3.1229550269735027,43.344808309638672],[-3.1228955586322193,43.344808463597992],[-3.1228360948294824,43.344810868657653],[-3.1227859985467075,43.344808671312656],[-3.1227389914511248,43.344808811812285],[-3.1226951782371222,43.344802015367037],[-3.1226513695649594,43.344797470036283],[-3.1226075657922188,43.344795355910556],[-3.1225636337526534,43.34479081067844],[-3.1225198345149101,43.344790947650417],[-3.1224796160297945,43.344795528115846],[-3.1224791287945379,43.344795583565315],[-3.1224447291341839,43.344807056168897],[-3.1224103480964369,43.344827803423108],[-3.1223790513234371,43.344848457321447],[-3.122354051369344,43.344871355611367],[-3.1223290560974792,43.344896595072314],[-3.1222946793079798,43.344919503377568],[-3.1222602934572761,43.344937909409907],[-3.122229105936539,43.344951575623561],[-3.1222289826659555,43.344951629782564],[-3.1221882815114976,43.344958606770476],[-3.1221475803476877,43.344965583743942],[-3.1221037808025214,43.344965630511503],[-3.1220630704230778,43.344968015147096],[-3.1220223508422769,43.344965807460341],[-3.1219816359520816,43.34496594093563],[-3.121937822708873,43.344959144200459],[-3.1218814340074754,43.34495695316766],[-3.1218219563341059,43.344952514261045],[-3.1217593896959928,43.344945827475826],[-3.1216999118623465,43.344941298460434],[-3.1216528909954353,43.344934595074548],[-3.1216337635293003,43.344932746974521],[-3.1216058744525692,43.344930052755394],[-3.1215976428636436,43.344928952147214],[-3.1215557691316622,43.344923352608973],[-3.1215056544829776,43.34491197008736],[-3.1214618415108046,43.344905263214955],[-3.1214210992010472,43.344891619566681],[-3.1213740690742844,43.34488023371275],[-3.1213302378474803,43.344864342173757],[-3.1212801143263857,43.344848457290297],[-3.1212330615023074,43.344825635630663],[-3.1211767599695306,43.344805164932261],[-3.12112662293073,43.344782436541649],[-3.1210764857503408,43.3447596180837],[-3.1210325177134877,43.344736883121087],[-3.1209886729091001,43.344714057965639],[-3.1209448236685202,43.344688981661754],[-3.1209008419721314,43.344659313163071],[-3.1208602006437949,43.344634233435514],[-3.1208194315062485,43.344606902692178],[-3.1207848313165178,43.344579565419664],[-3.1207503452554262,43.34454754565261],[-3.1207158594090223,43.344515615920223],[-3.1206977799504325,43.344500251635559],[-3.1206782891480032,43.344483689431662],[-3.1206436709035352,43.344447167498714],[-3.1206060916313931,43.344410648677453],[-3.120596475557905,43.344399439153484],[-3.1205953440374388,43.344398120280225],[-3.1205746811165977,43.344374033295196],[-3.1205432754500535,43.344339849126229],[-3.1205181619018831,43.344305568273107],[-3.1204993541753092,43.344278124225575],[-3.1204836264527764,43.34424842579395],[-3.1204678942942854,43.344216476228304],[-3.1204553562567452,43.34417758979626],[-3.120439818324503,43.344141519541651],[-3.1204396150528884,43.344141047917496],[-3.1204269536717653,43.34410216161168],[-3.1204207125478147,43.344065609726719],[-3.1204174413809556,43.344033556987341],[-3.1204205904520035,43.344003838670233],[-3.1204204037134882,43.343971782683106],[-3.1204298450036787,43.343942057740463],[-3.1204391582795732,43.343909991749712],[-3.1204547593119814,43.343875667999704],[-3.1204734491966182,43.343843592130419],[-3.1204858377694511,43.343806930577422],[-3.120495146543099,43.343772613449516],[-3.1204982818497187,43.3437359616427],[-3.1204950062078787,43.343701657771803],[-3.1204887741667826,43.343669698197118],[-3.1204792107935924,43.343637652085619],[-3.1204666910296406,43.343607950269138],[-3.1204478746412994,43.34357600394555],[-3.1204258549430337,43.343546312128176],[-3.1204097356512888,43.343530621567751],[-3.1203976709111911,43.343518877932155],[-3.1203693590811361,43.343489192726835],[-3.1203348875512043,43.343464106314052],[-3.1202941194330935,43.343436775376617],[-3.1202565635672452,43.343411692183921],[-3.1202125921901107,43.343386615721847],[-3.1201950444229034,43.343377240620399],[-3.1201656598309047,43.343361542353662],[-3.1201123029197291,43.343331883394086],[-3.1200558618468945,43.343302317692299],[-3.1200089250054561,43.343274903081877],[-3.119999445948181,43.343268592735768],[-3.1199712459812132,43.343249819923948],[-3.119943176066946,43.343231296394677],[-3.1199367793594122,43.34322707456721],[-3.1199023170164062,43.343206490286846],[-3.1198678504448409,43.343183744909112],[-3.1198240117992966,43.343163260476622],[-3.1197800676879166,43.343151870730509],[-3.1197362425441071,43.343138229706121],[-3.1196892142618244,43.343126933199201],[-3.119642304774727,43.343113295366337],[-3.1195983563141825,43.343099654418012],[-3.119554535665908,43.343088264456021],[-3.1195200827159661,43.343072362414837],[-3.1194824264449315,43.343058714846464],[-3.1194448845626375,43.343040474826964],[-3.1194072149157783,43.343019983791606],[-3.1193759607958733,43.342999486047937],[-3.1193445831456219,43.342978898379066],[-3.119313205692912,43.342958400746788],[-3.119288115797739,43.342935555365983],[-3.1192661014793375,43.34290820449867],[-3.1192409982289027,43.342878515664964],[-3.1192253858703114,43.342844224613238],[-3.1192096501546756,43.342809933687782],[-3.1192000742010526,43.342771044021049],[-3.1191844485059739,43.342729909520529],[-3.1191717928002536,43.342693364242578],[-3.1191497604839422,43.342656738685896],[-3.1191372281885883,43.342620193275117],[-3.1191214881793647,43.342583651203547],[-3.1191120356919804,43.34254476139931],[-3.1191119552422704,43.342503610697193],[-3.119108693827255,43.342476150221053],[-3.1191086714709964,43.342464714467809],[-3.1191105954598908,43.342439139546592],[-3.1190086998572446,43.342318674709695],[-3.1188866953189791,43.342198500819649],[-3.1187001774450565,43.342083706451469],[-3.1185424976218732,43.342015885638482],[-3.1184349889406331,43.341989883820524],[-3.1183420093529306,43.341985139216426],[-3.1183346765550897,43.341984765010416],[-3.1182558412198937,43.341984846547241],[-3.1182198063886948,43.341970233397227],[-3.1181913896929134,43.341958709928747],[-3.1181697504309831,43.341869857386072],[-3.118133585506798,43.341734016092992],[-3.1179828399761433,43.341551109195294],[-3.1178250613333005,43.341431061098298],[-3.1176743558409341,43.341331896060765],[-3.1175811419403057,43.34123267173463],[-3.117473342692981,43.341055032676088],[-3.1173009807852012,43.340856479138409],[-3.1172220189133317,43.340725904055681],[-3.1172218680262667,43.340647474568705],[-3.1173720246583208,43.340527019770477],[-3.1175303454577135,43.34048210457199],[-3.1175268871046136,43.340480037078805],[-3.117482923481079,43.340457300729447],[-3.1174453838005021,43.34043906004279],[-3.117407720772571,43.340420819470353],[-3.1173732742277678,43.340407167906115],[-3.117338818854718,43.340388924019152],[-3.1172980761536602,43.340373027753309],[-3.1172510327825789,43.340352545610706],[-3.1171948555867584,43.340329731624479],[-3.1171321443453115,43.340309265485693],[-3.1170726407543161,43.34028879602927],[-3.1170162302603437,43.340272915698819],[-3.1169630405389785,43.340263875506395],[-3.1169129438819829,43.340259424449123],[-3.1168565685130813,43.34026182324444],[-3.1167969898476775,43.340266476421093],[-3.1167312516675127,43.340275818220199],[-3.1166624290560239,43.340285073082114],[-3.1166029782026352,43.340292067210832],[-3.1165434039659603,43.340299061434337],[-3.1164839530851309,43.340306055501181],[-3.1164338650313721,43.340306106501288],[-3.1163837814493092,43.340308498658381],[-3.1163399811164618,43.340306382126663],[-3.1162961761463093,43.340301834353866],[-3.116249159450684,43.340295128736209],[-3.116192762214621,43.34028609144562],[-3.1161364839024532,43.340274712822932],[-3.1160768748061294,43.340263427598408],[-3.1160299813620975,43.340256631719981],[-3.1159860402257302,43.340245330552484],[-3.1159422310420939,43.340238531510352],[-3.1159203859116427,43.340233961330974],[-3.115901501822258,43.340229478192427],[-3.115854604143498,43.340220431108342],[-3.1158075786595654,43.340209042950882],[-3.1157668452023297,43.340197738451231],[-3.1157261160357002,43.340188685070707],[-3.1156885900388325,43.34017728725226],[-3.1156446488518421,43.340165895907987],[-3.1155851503401193,43.340147766855495],[-3.1155193555940679,43.340127302947778],[-3.1154598440189343,43.340102240337934],[-3.1154034211551282,43.340079515764231],[-3.1153564975828778,43.340056691536745],[-3.1153125350732358,43.34003395435019],[-3.1152718947012268,43.340006531431285],[-3.1152279278319388,43.339981453032763],[-3.1151871730157219,43.339958712566073],[-3.1151606659522559,43.339946324681499],[-3.1151433382626901,43.339938226323532],[-3.1150995164661905,43.339924583510992],[-3.1150212144530318,43.339879009199841],[-3.114963080597513,43.339864660362529],[-3.1149020411064483,43.339879579210653],[-3.1143943954044002,43.3400203789909],[-3.1138319788862727,43.340231286453538],[-3.1133244768238684,43.34045222184497],[-3.1131345420324141,43.340517168810223],[-3.1130856752323521,43.340533872855197],[-3.112960049182953,43.340576832547036],[-3.1127073675843624,43.340663236468927],[-3.1127072751132419,43.340663267175515],[-3.112635800716963,43.340685471672423],[-3.1126357600297077,43.340685485219325],[-3.1125741939534692,43.34070460846722],[-3.112255383121481,43.340803645009601],[-3.1122545187878248,43.340803914193529],[-3.1119710459341543,43.340883817501513],[-3.111970172919126,43.340884063279915],[-3.1119927286848124,43.340939689321694],[-3.1120302519531182,43.341016821575494],[-3.1119675291325342,43.341123767012306],[-3.111928464191517,43.341215451763155],[-3.1119166725791971,43.341243127081931],[-3.1119047817869236,43.341418997584867],[-3.1118437733467528,43.341653715832756],[-3.1118566082027832,43.341655954418805],[-3.1118453425151187,43.341769242671703],[-3.1118227283060609,43.341883532517457],[-3.1117966567587736,43.341996294962485],[-3.1117734003996969,43.342096898506909],[-3.1117699998198955,43.342193520641622],[-3.1117626083404297,43.34233399882708],[-3.1117757043455923,43.342478509035544],[-3.1118002791806743,43.342625709383562],[-3.1118257526297874,43.342791908440283],[-3.1118751862628793,43.342971861010746],[-3.1119556388673595,43.343179787338265],[-3.1120051949698313,43.343291755388904],[-3.1120776667335543,43.343453135926154],[-3.1121758789115499,43.343656722494465],[-3.1123000261050948,43.343873970420063],[-3.1124140722973297,43.344032518490607],[-3.1125805014397319,43.344295827806512],[-3.1127173315071555,43.344498025179178],[-3.1127919375525304,43.344610868627719],[-3.1128962032847163,43.344749885978864],[-3.1130014969435549,43.344910693214096],[-3.1131045439186993,43.34505727538933],[-3.1132183573714438,43.345221045490234],[-3.113308567860479,43.345364398543659],[-3.1134176760524439,43.345518538236767],[-3.1135088686235926,43.345658738560523],[-3.113606627325074,43.345813159464583],[-3.1137183482496305,43.345978101714927],[-3.1138217783248621,43.3461297253791],[-3.1139047014565286,43.346267412329219],[-3.1139924211896353,43.346396720211033],[-3.1140440248566237,43.346478610102793],[-3.1140838839074849,43.346547995371907],[-3.1141512986594804,43.346639414255549],[-3.1142702991109164,43.346671171504141],[-3.1142845378263879,43.346666754056585],[-3.1143775438253485,43.346637898778461],[-3.1148602169600239,43.34648814858312],[-3.1148602825511897,43.34648825387039],[-3.1149238527183347,43.346590870606938],[-3.1149250717476864,43.346592837774914],[-3.1151177760936286,43.346903903075066],[-3.1151538994037735,43.346962212538166],[-3.1145966588897469,43.34715987982419],[-3.1145312289594478,43.347183088833837],[-3.1151528882229336,43.348059056638611],[-3.115153768569249,43.348058725285661],[-3.1152152669492796,43.348035538793425],[-3.1153473875755724,43.34798572667912],[-3.1153888364385667,43.347970099812741],[-3.1154929912750542,43.348088713239726],[-3.1156569322870658,43.348034675218209],[-3.1158994297302098,43.348315763073757]]]},"properties":{"OBJECTID":6,"SITE_CODE":"ES2130003","SITE_NAME":"KBE Barbadungo Itsasadarra / ZEC Ría del Barbadún","AC":"PAÍS VASCO","TIPO":"B","HECTAREAS":49.758287150000001,"SHAPE.AREA":0,"SHAPE.LEN":0}},{"type":"Feature","id":7,"geometry":{"type":"Polygon","coordinates":[[[-2.9421307717948846,43.419306071869244],[-2.942388003332423,43.419715354830558],[-2.9430299529404311,43.42028583673406],[-2.9434766548042215,43.420408158413565],[-2.9442305298557221,43.420724133667548],[-2.9447329663580857,43.421101032699269],[-2.9450959163487305,43.421365847574734],[-2.94579429544671,43.421182940691082],[-2.946018075687963,43.420837006481847],[-2.9462560287884862,43.420246608302911],[-2.946403391754628,43.419978705725477],[-2.9464239309226965,43.419941346978128],[-2.9464240601499552,43.419794787382664],[-2.9464241168666025,43.419730463383139],[-2.9461169522087762,43.419666297590084],[-2.9456561862695581,43.419523539475072],[-2.9455738748427982,43.419463462409404],[-2.9455649802903365,43.419456970485825],[-2.945377066802378,43.419319816385695],[-2.9452236431008565,43.419044927855609],[-2.9446370877776631,43.41908534541696],[-2.9439168997886127,43.419139003057573],[-2.94368732607309,43.419156106708478],[-2.9436776342136088,43.419158459294906],[-2.9435196582735559,43.419196814082269],[-2.9434372751002775,43.419184707431263],[-2.9433815469592495,43.419202058400479],[-2.942637974282444,43.419250942067826],[-2.9421210868888719,43.419290661292315],[-2.9421307717948846,43.419306071869244]]]},"properties":{"OBJECTID":7,"SITE_CODE":"ES2130004","SITE_NAME":"KBE Astondoko Dunak / ZEC Dunas de Astondo","AC":"PAÍS VASCO","TIPO":"B","HECTAREAS":5.1853295599999996,"SHAPE.AREA":0,"SHAPE.LEN":0}},{"type":"Feature","id":8,"geometry":{"type":"Polygon","coordinates":[[[-2.4989141222212137,43.360420774992548],[-2.4990783004795705,43.360443355316868],[-2.4990795159284747,43.36044352272139],[-2.4990797982168944,43.36044356177667],[-2.4990789217822602,43.360445088703145],[-2.4990807802787809,43.360444196392997],[-2.4991271239837749,43.360331302830147],[-2.4991282331535709,43.360331487777714],[-2.4991455447171544,43.360252323981584],[-2.4991542218472453,43.360157634627896],[-2.4991517400726613,43.359904237087392],[-2.4991523419411874,43.359846070641808],[-2.4991355923573839,43.359796922755542],[-2.4991014535789966,43.35976138555192],[-2.4990988758665842,43.359699693423885],[-2.4991023646716601,43.359650634167494],[-2.4991313841960632,43.359558375066953],[-2.4991809067357482,43.359449007141748],[-2.4992590728497035,43.359293031237414],[-2.4992974054627015,43.359208736826162],[-2.4993188137634648,43.359192138001191],[-2.4994071358073415,43.359219571444513],[-2.499435268186796,43.359176899775854],[-2.4995369227519362,43.359035928926644],[-2.4997283435687296,43.3588901136525],[-2.4998903644046186,43.358827969010157],[-2.5000287416115334,43.35878999241995],[-2.500059432982515,43.358781569604837],[-2.5002749209022137,43.358764179990715],[-2.5006481930982267,43.358763191844396],[-2.5010715406873651,43.358783370819133],[-2.5013692531048184,43.358805620859165],[-2.5015235565432214,43.358808912000441],[-2.5016097987658288,43.358796193503267],[-2.5017357342057318,43.358757459177561],[-2.501815142017684,43.358702810993286],[-2.501880278755094,43.358637624758742],[-2.5019817017739499,43.3585021317528],[-2.5019818839366663,43.358501888523961],[-2.5019826824840488,43.358499612060761],[-2.5019914621214401,43.358491855091735],[-2.5020282147536341,43.358449333770935],[-2.5020485214517181,43.358425920429632],[-2.5020819163855528,43.358386536048492],[-2.5021007304407292,43.358364556919959],[-2.5021720048193212,43.358265547501368],[-2.5022418908901374,43.358155186318442],[-2.5022531776892003,43.358135395814934],[-2.5022625581656031,43.358121909171743],[-2.5026457970638849,43.357570869953058],[-2.5027159115503959,43.357487943487335],[-2.5027555396978536,43.357431660234965],[-2.5028066332649619,43.357371143368326],[-2.5028751208161175,43.357334776532291],[-2.5030520651768207,43.357201985271622],[-2.503117137332461,43.357144655365602],[-2.5032286266788599,43.357116332462837],[-2.5032473414091148,43.357116413749665],[-2.503397303584411,43.357117064995208],[-2.5036449551538782,43.357115521538589],[-2.5039857694538723,43.35713271299818],[-2.5042727948606731,43.357144433290124],[-2.5045636858276676,43.35712212356799],[-2.5046269412556157,43.357110599860818],[-2.5046534710361859,43.357110238428426],[-2.5048790598670521,43.357094196734579],[-2.5050062275995653,43.357085045732823],[-2.5051470023167561,43.357074916145606],[-2.5052100227329839,43.357034128253119],[-2.5052667131368795,43.356997815197211],[-2.5053219775448294,43.356954742565058],[-2.5053615119130166,43.35690358786492],[-2.5053727174826279,43.356876172581202],[-2.5054170270090301,43.356829630811198],[-2.505439176993451,43.356806945191913],[-2.505477286687869,43.356748850819216],[-2.5054634971257914,43.356714574066579],[-2.5054697475378034,43.356692837199255],[-2.5054713653649587,43.356687212775796],[-2.5054827638746913,43.356647576496684],[-2.505486101130753,43.356635972410587],[-2.5055036276902993,43.35660516273046],[-2.5055382868405727,43.356576858335956],[-2.505618542151574,43.356525879587032],[-2.5056440026348814,43.356490601926247],[-2.505676049611254,43.356404027033769],[-2.5056827967965618,43.356348138202677],[-2.5056941965342743,43.356296771732943],[-2.5057120371607016,43.356227243992066],[-2.5057092394537213,43.356191844184274],[-2.5056845413406927,43.356148425756082],[-2.5056646842614789,43.356101516488323],[-2.5056401353330244,43.356039729497816],[-2.5055780920461768,43.355975529292451],[-2.5055128405717251,43.355911315181999],[-2.5054538824673025,43.355847128246893],[-2.5053919229430592,43.355772663160863],[-2.5053439290975601,43.355710774710658],[-2.5052817752709253,43.355660260716562],[-2.5052085646602467,43.355618883453801],[-2.5051398181022586,43.355590041726671],[-2.5050601856730181,43.355564484518062],[-2.5049805803923051,43.355535595703117],[-2.5049009934885755,43.355504455784924],[-2.5048354284123131,43.355478959315086],[-2.5047761836749256,43.35545015850645],[-2.5047310643416991,43.355429432849711],[-2.504730500422625,43.35542943040771],[-2.5047297099164174,43.355429066804128],[-2.5047095963914803,43.355428979702516],[-2.5046810919483224,43.35542885625798],[-2.5046042569554268,43.355438698567667],[-2.5045134192762708,43.355440556194658],[-2.5044227017629748,43.355427646875199],[-2.5043486415866933,43.355409188158575],[-2.5043477031940569,43.355408952675909],[-2.504274344731972,43.355385853326759],[-2.5041868339396962,43.355358010233971],[-2.5040901242804767,43.355323283761152],[-2.5040074508336283,43.35527727239667],[-2.5039249009073896,43.355231261507896],[-2.5038376906935613,43.355181718583317],[-2.5038003060270757,43.355150760972151],[-2.5037897172356982,43.355117578436648],[-2.5037932203081725,43.355066267930248],[-2.5038078663405514,43.355010413467248],[-2.5038044140738065,43.354994910732842],[-2.5037972656903364,43.35496354402526],[-2.5037630615621422,43.354936021913488],[-2.5036988374661489,43.354917820659644],[-2.5036975644697512,43.354917458556962],[-2.5036352743133996,43.354914216747801],[-2.5036004901924063,43.354912444968427],[-2.5034673765808688,43.354908265336462],[-2.5033467919780943,43.354911163475187],[-2.5032168859190493,43.354907087525504],[-2.5030883856757224,43.354912202136298],[-2.5030033549151889,43.354913273388057],[-2.5029599133382496,43.354913895010206],[-2.5029131474511286,43.354913601716468],[-2.5028377532409398,43.354913274006392],[-2.5027095072291115,43.35490236126909],[-2.5025987974454229,43.354879067816107],[-2.5025985153569312,43.354879007159539],[-2.5024809801079244,43.354840047576594],[-2.5024798799097607,43.354839681709819],[-2.5023838567202672,43.354816606813117],[-2.5023829552230739,43.354816388583437],[-2.502265999231017,43.354767885618521],[-2.5021957927075174,43.354736784637453],[-2.5021676955994203,43.354715402691319],[-2.5021670299729171,43.354714257121614],[-2.5021253819075029,43.354642530492448],[-2.502120109557791,43.354614398161317],[-2.502117471876379,43.354490558453612],[-2.5021342896755949,43.354382653176039],[-2.5021343756056691,43.354382104274961],[-2.5021534975311934,43.35430676122936],[-2.502197565617668,43.35413312726704],[-2.5022790299332853,43.353930688517593],[-2.502305356950778,43.353898648875614],[-2.5023604601714493,43.353875513838268],[-2.5024431285666084,43.353839141404556],[-2.5024668525412808,43.353834499233166],[-2.5025998470507269,43.353791775911027],[-2.5026381939521309,43.35376819417727],[-2.5026958300243107,43.353715016534039],[-2.5027259554648844,43.353668396996476],[-2.5027520066326736,43.353580931479222],[-2.5027706546140935,43.35351832224061],[-2.5027837399725654,43.353412622935132],[-2.5027878022467416,43.353379815546667],[-2.5027635172176734,43.353232238567038],[-2.5027626284729791,43.353226833796576],[-2.5027670426482307,43.353190673756743],[-2.5027698792888491,43.353175738598367],[-2.5027722194479094,43.353163727747983],[-2.5027742617363646,43.353161449480638],[-2.5028054579048629,43.353126620579033],[-2.5028263080722413,43.353108478880159],[-2.5029320349195769,43.353047506942623],[-2.5030125651660282,43.353015455068849],[-2.503056082426657,43.352998133084625],[-2.5033831745633948,43.352890130098793],[-2.5034513166473884,43.35286611107604],[-2.5036409259358221,43.352799277810611],[-2.5036575579859912,43.352793415116366],[-2.5039134957326366,43.352700458990938],[-2.5040459190286519,43.352652141497209],[-2.5040902791413533,43.352635955540791],[-2.5041136067913654,43.352625660975789],[-2.504155543135592,43.352616327725244],[-2.504158415966717,43.3526153929053],[-2.5043137058919602,43.352564855571657],[-2.5043140213866768,43.352564752486664],[-2.5043152043271855,43.352564196632336],[-2.5044459525940646,43.352509655598524],[-2.5046142611696491,43.352448973949649],[-2.5050125763252047,43.352312479227557],[-2.5053377089903455,43.352207542598691],[-2.5054721802711066,43.352144711625918],[-2.5055351474828425,43.352115289684889],[-2.5056518955552773,43.352044834290631],[-2.5056926273022935,43.352020253326685],[-2.5058427919851298,43.351914558915979],[-2.5060042753259069,43.351782349875236],[-2.5061328140380841,43.351649908304054],[-2.506178871092124,43.351592893384783],[-2.5062247996779012,43.351536037271643],[-2.5062848147013548,43.351439138537607],[-2.5063481608913816,43.351174498217347],[-2.5063466894741828,43.351157824507268],[-2.5063281588009105,43.350947859156094],[-2.5062926459000079,43.350807775677318],[-2.5062868193756667,43.350783877751454],[-2.5062433252444349,43.350605501409021],[-2.5061646332881797,43.350419037391092],[-2.5061526580311981,43.350398371642271],[-2.5060102125467343,43.350152558073709],[-2.506008760181289,43.350151349697583],[-2.5060062917515307,43.350149298612273],[-2.5057792412559761,43.349740413049851],[-2.505776080021318,43.349734636497878],[-2.5057760807519203,43.349734546455863],[-2.5057680732795182,43.349717763449711],[-2.5057714134231155,43.349716697341194],[-2.5057753719493268,43.34971545381439],[-2.5057756194485283,43.349715364838687],[-2.5057758669477415,43.349715275862998],[-2.5057774745966701,43.349714832584091],[-2.5057768627893662,43.349714199624067],[-2.5057607200857843,43.349681173330154],[-2.5057323179928157,43.349623151538495],[-2.5057087723981022,43.349574875608056],[-2.5057084058431651,43.349574126648839],[-2.5056662909830836,43.349488068535862],[-2.5056394917094877,43.34932380032582],[-2.5056248325961552,43.34921442210269],[-2.5055852882990748,43.348917822391456],[-2.5053046936771737,43.34829646778411],[-2.5052759449708004,43.348250870604758],[-2.505107943832221,43.348047271929865],[-2.5050811465464,43.348019692185247],[-2.505043370588627,43.347991794787745],[-2.5049995065702881,43.347969093650839],[-2.5049606309444745,43.347955058428653],[-2.5049326901147677,43.347946743374003],[-2.5045841115471768,43.34784249240969],[-2.5045752481739942,43.347839992180489],[-2.5045743864586161,43.347839748927562],[-2.5045225260382593,43.347829349162787],[-2.5044709808409573,43.34782570413109],[-2.5044301433770082,43.347825347100482],[-2.5044222470282498,43.347825312885568],[-2.50439485803382,43.347825014114321],[-2.5035522004742119,43.347817577642161],[-2.5035387527426187,43.347817429224314],[-2.5035346848582005,43.347816961340463],[-2.5028035896183649,43.347731214008682],[-2.5016492603173743,43.347498015527073],[-2.5016161511002406,43.347488101350415],[-2.5015830456469144,43.347478180877381],[-2.501379833632702,43.347417241272495],[-2.5013676620803444,43.347413590001523],[-2.5013048780804334,43.347394759744283],[-2.5013047538356878,43.347394714179941],[-2.5013033999486955,43.347394306674936],[-2.5011913661821628,43.347349245737107],[-2.5011849710972678,43.34734669658009],[-2.5011087243752508,43.347316018779054],[-2.5009943548056444,43.34726995696159],[-2.5009910338921832,43.347268681839331],[-2.5009855002661001,43.347266406565382],[-2.5008710067666708,43.347220434128758],[-2.5008061383878628,43.347171436556529],[-2.5006711564589361,43.346949166802311],[-2.5006387456930956,43.346895797766294],[-2.5006103753917301,43.346699195216544],[-2.5005965985084928,43.346603777166507],[-2.5006247748454284,43.346553114686252],[-2.500761644287286,43.346307528550184],[-2.5012489732045942,43.345783610449601],[-2.5012763585036124,43.345754104983129],[-2.5018025117863796,43.34518875285108],[-2.5018169321514545,43.345173240537228],[-2.5018292737828962,43.345159964895785],[-2.501848343066388,43.345136456098416],[-2.5018485934977406,43.345136006962896],[-2.5021149899580868,43.34475609543248],[-2.5024725584884036,43.344421602526083],[-2.5029157225374061,43.344090091838403],[-2.5033846581199661,43.343850537495022],[-2.5038680153695818,43.343703070048541],[-2.5041425702911728,43.343652394618346],[-2.5042085684472752,43.343640211261096],[-2.5042259746162037,43.343636998259804],[-2.5053120805509819,43.343436487877106],[-2.50548345931576,43.34340490274402],[-2.5055935363864865,43.343384542155697],[-2.5056418649055843,43.343375602457463],[-2.5056836280194963,43.343367949024596],[-2.5060597591077496,43.343327432842017],[-2.5060879213592906,43.343323412379355],[-2.5069636710753214,43.343167360515821],[-2.5073511619544848,43.343232242037075],[-2.5074353837189705,43.343237647318034],[-2.5087241713446602,43.3431908741074],[-2.5087970365467469,43.343181732313106],[-2.5103264828685394,43.34284881992555],[-2.5103982266060503,43.342825625242959],[-2.5112553937005671,43.34244614860247],[-2.5112991324289862,43.34242274363163],[-2.5118260586482513,43.342084442561571],[-2.5127603752228871,43.341666474319034],[-2.5127803159769444,43.341656744327288],[-2.5131179331832771,43.341478091414842],[-2.5131250569828953,43.341475274507367],[-2.5131362154496473,43.341470862963064],[-2.5131354134642296,43.341469790711265],[-2.513134902021728,43.341469104189727],[-2.5135459933876301,43.341251377825181],[-2.5144768024080637,43.340867957974098],[-2.5148028304731538,43.340733643208964],[-2.5148822846395613,43.340686706444338],[-2.5150577606100022,43.340541757246626],[-2.5150762646712033,43.340526437950011],[-2.5150797418472104,43.340523571241881],[-2.5150854539404612,43.340518913102464],[-2.5150957886130958,43.340506980888925],[-2.5151376243086054,43.340458803905364],[-2.5151535059920169,43.340431947676045],[-2.515168762951927,43.340406079294858],[-2.5151715142525828,43.340401408600151],[-2.5152039051191473,43.340346348108923],[-2.5152079065470812,43.340339611669471],[-2.5152081575765992,43.340339072461468],[-2.5152649334244876,43.34024278449936],[-2.5152769383810316,43.340222485131243],[-2.5153005405988615,43.340155591424129],[-2.5153175801076419,43.340029690202073],[-2.5153178035789008,43.340001597002384],[-2.5153178830830214,43.339991602306306],[-2.5153179124493983,43.339987910571715],[-2.5152990517499214,43.339830971655402],[-2.5152919166114729,43.339771356611472],[-2.5152858642310432,43.339720790309812],[-2.5152822763182701,43.339691060139771],[-2.5152807773051009,43.339682541800265],[-2.5152790894623536,43.339672947518999],[-2.5152654508861954,43.339634980625974],[-2.5152453544184996,43.339602389081421],[-2.5151180278459879,43.339433194417786],[-2.5151157082988749,43.339430123042249],[-2.5150851232074913,43.339397847183243],[-2.515047347949368,43.339369953051559],[-2.5150450155086874,43.339368502436223],[-2.5149580912966947,43.339315727442013],[-2.5147820385992885,43.339208801914801],[-2.5147798237608394,43.339207457145989],[-2.5146719955625181,43.339141964386997],[-2.5140451523206697,43.338761224810831],[-2.5140146877438379,43.338744887203219],[-2.5131172315121262,43.338323710049934],[-2.5131061678407649,43.338318800502279],[-2.5130575725013884,43.338302025272611],[-2.5130070402889184,43.338291895227428],[-2.5130057187018529,43.338291629369145],[-2.5129522072456019,43.338287979785818],[-2.512916543595749,43.338289358682268],[-2.5128237132707283,43.338296797256149],[-2.5127969171032847,43.338298950457094],[-2.5127534731659198,43.338302441041087],[-2.5125849144235572,43.338316103982955],[-2.5125845996432505,43.338316128754641],[-2.5123598008441386,43.338257811634648],[-2.51222401304714,43.338114420661149],[-2.5122084446377766,43.337947950419839],[-2.5122283654074402,43.337925163853185],[-2.5122721904715419,43.337875105427599],[-2.5122759741546297,43.337870778674031],[-2.5123521221516247,43.337783690017773],[-2.5128637259711133,43.337535363918349],[-2.5130364892408577,43.337451456954447],[-2.5131021266791036,43.337419590194749],[-2.513131753492857,43.337401707237746],[-2.5131517114904982,43.33738963606671],[-2.5133284332282475,43.337257931410335],[-2.5133698825642674,43.337227132160891],[-2.5134963410819728,43.337133032436299],[-2.5135732843663328,43.337075640604411],[-2.5136098311384458,43.337048379910684],[-2.5136098944323417,43.33704833245578],[-2.5138754690112579,43.336850551269734],[-2.5139060277832437,43.336824027713675],[-2.5144752849587415,43.33624331166952],[-2.514489136343828,43.336229174810974],[-2.5145120992546706,43.336205738918864],[-2.5147107203857075,43.336003169272331],[-2.5147510170558856,43.335962009402451],[-2.5147624139020266,43.335956024712317],[-2.5150420135275873,43.335808455568355],[-2.515303029620644,43.335670711979681],[-2.5154462846460324,43.33566645652396],[-2.5154468620281039,43.335666759721732],[-2.5155537773823395,43.335722740025737],[-2.5155613810848187,43.335728355047181],[-2.5155914265558681,43.335750723518181],[-2.5158474877615888,43.335941443351146],[-2.5158533738255877,43.335945880491849],[-2.5159296777790701,43.336046153860494],[-2.5160236849654676,43.336169643757849],[-2.5160237240321144,43.336169695249033],[-2.5160332016141829,43.336182154415013],[-2.5160614097303187,43.336219238310072],[-2.5161335448019226,43.336314066862656],[-2.5161335631124797,43.336314091252369],[-2.5167123861785488,43.337074900842332],[-2.5171544783354078,43.337656120050596],[-2.5171834656873204,43.337687668258468],[-2.5176045569963841,43.33807105737656],[-2.5177120967963531,43.338168939990446],[-2.5178017062677553,43.338250546846552],[-2.5178040812067595,43.338252709844049],[-2.5183153285113886,43.33871823756153],[-2.5183303931690069,43.338732077945913],[-2.5183561369753491,43.338752716702388],[-2.5186119233140354,43.338934064382585],[-2.518747832754217,43.339030448196205],[-2.5187533349439719,43.33903435050177],[-2.5187701801217992,43.339046296561371],[-2.519154659366269,43.339319130234713],[-2.5192043167033029,43.339404882078519],[-2.5191859293291512,43.340015312253826],[-2.5191859009076385,43.340018913948157],[-2.5191902804035617,43.340058012038575],[-2.5192039215218736,43.340095978472824],[-2.5192263400548534,43.340131640622729],[-2.5192569277146468,43.34016391538232],[-2.5192820634254911,43.340183560870962],[-2.519426971608635,43.340283850028229],[-2.5195147014588475,43.340344639039593],[-2.5195273434996039,43.340352886274211],[-2.5195712075228824,43.340375581869232],[-2.5196057889799754,43.340387669837469],[-2.5196170979632577,43.340391622603441],[-2.5196841874550473,43.340410273616754],[-2.5198391134257618,43.340453399415111],[-2.5200037546714262,43.340499229317381],[-2.5200184040034439,43.340503252790711],[-2.5200978700528305,43.340516912961107],[-2.5200983804828589,43.340516953822316],[-2.5201062539722359,43.340517578456385],[-2.5201835632899625,43.340523125437493],[-2.5201989030300465,43.340524233414662],[-2.5202011199657823,43.340524393090455],[-2.5206056820150584,43.340553602870585],[-2.520613880236525,43.340554194613588],[-2.520663447167979,43.340557734035329],[-2.5206819556142102,43.340557361375481],[-2.5207410592747812,43.340556168326891],[-2.5209138076508824,43.340536631861347],[-2.5209769078449322,43.340529242303035],[-2.5209860454219832,43.340528200028885],[-2.5210884134851681,43.340516202459028],[-2.5215581472761963,43.340460899553001],[-2.521580991168797,43.340458293749862],[-2.5223244871273218,43.340370815723524],[-2.5224054363360566,43.340352694479627],[-2.5225608019864518,43.340299946251839],[-2.5225834456110365,43.34029139641968],[-2.5226276634683771,43.3402690696485],[-2.5226658773002577,43.340241495172798],[-2.5226860141540284,43.340222219462291],[-2.5228421584423155,43.340054216056807],[-2.5228776171419298,43.340016094709284],[-2.5229195887828473,43.339949726278128],[-2.5229227384701418,43.339941365198712],[-2.5229258587039967,43.339933141765755],[-2.523004912284263,43.339724798588058],[-2.5230744032027688,43.339541656086752],[-2.5230995489564645,43.339512856379585],[-2.5231787158776053,43.339422780913182],[-2.5234690940350806,43.339284600906353],[-2.523748240005788,43.339210125504302],[-2.5238066714477165,43.339194533419835],[-2.5239120432988669,43.339166415098354],[-2.5239780592699259,43.33914877084726],[-2.523997150963722,43.339145060295529],[-2.5251355170138599,43.338923786530799],[-2.5251912736178395,43.338908620252731],[-2.5255658649263246,43.338775466833994],[-2.5255667990113402,43.338775757953385],[-2.5259713763481875,43.338901590912926],[-2.5260420710174287,43.338916741374064],[-2.5260541163736638,43.338918191493995],[-2.5263356559466188,43.338952084786364],[-2.5263365770473807,43.338952142628187],[-2.5263841158629616,43.338955076872502],[-2.5264352132915722,43.338952046819117],[-2.5264376819488188,43.338951876949814],[-2.5264529964405753,43.33894968922376],[-2.5264809621053343,43.338945132553455],[-2.5264810164549698,43.338945123773932],[-2.5265079642902184,43.338940732168403],[-2.5265434156076227,43.338934935931938],[-2.5276104033944518,43.338761418147115],[-2.5277075959480442,43.338732194604567],[-2.5280233035820641,43.338587174108902],[-2.5297076666944176,43.338005845933147],[-2.529773533786285,43.337975141138642],[-2.5298192707520029,43.337947235007277],[-2.5298638918705509,43.337920044633897],[-2.5299908141464535,43.337842677018159],[-2.5300282795001507,43.337815547219378],[-2.5300593675681857,43.337783528754407],[-2.5300754595418358,43.33776045320694],[-2.5301438139481482,43.337647096748952],[-2.5302023508061882,43.337549739707939],[-2.530280777042055,43.337419304202825],[-2.5302823915694947,43.337416622978417],[-2.5303899500066303,43.337237970663679],[-2.5305485723116377,43.336974498873758],[-2.5306431687208137,43.336817307651287],[-2.5306964085630677,43.336776105232111],[-2.5307806716819878,43.336711168031819],[-2.5308161643321347,43.336683759739834],[-2.5308844190188693,43.336631093012357],[-2.5309218340166737,43.336610355931946],[-2.5310614560194673,43.336533309328424],[-2.5310735977695384,43.336526515658136],[-2.5311105157427836,43.336506226704827],[-2.5314026444213962,43.336344801928085],[-2.5314511632092405,43.336307811945694],[-2.5314702731266201,43.336293212827698],[-2.5314791035127562,43.336283884277577],[-2.531616036522053,43.336139201870033],[-2.5316284822871671,43.336124935615786],[-2.5316514533704582,43.336089461742084],[-2.531665684064154,43.336051610893435],[-2.531670362273486,43.336020744471234],[-2.5316796149694336,43.335860141330727],[-2.5316956972454849,43.335581336507595],[-2.5316923342320461,43.335537380570521],[-2.5314794742554665,43.334534843423015],[-2.5314847654767787,43.334392143072314],[-2.5315815372193908,43.334191828141826],[-2.531689936668982,43.334099615270709],[-2.5318627906020965,43.334015319988417],[-2.5320348570833637,43.333985318628002],[-2.5325799537030225,43.333987547586666],[-2.5328121610339047,43.333997140681568],[-2.5329581688548308,43.334003229758125],[-2.5332279879436697,43.334014416314346],[-2.5333259902191902,43.334006982271191],[-2.5335442976296014,43.333963907209245],[-2.5337708697686536,43.333919201380063],[-2.5338308274401555,43.333902247089078],[-2.5338998573172509,43.333876505283477],[-2.5341903278088185,43.33376801327212],[-2.534262057040336,43.333741221505171],[-2.5346656184478102,43.333590487378459],[-2.535464804725704,43.333293230048611],[-2.5354827012866443,43.333286573636542],[-2.5354972986350477,43.333281140147122],[-2.5356788682775218,43.333213571607921],[-2.5357435974033842,43.33318948337039],[-2.5357674803518973,43.333179585263487],[-2.5363866600069702,43.332896022291884],[-2.5364328677859671,43.332870186441689],[-2.536782657240078,43.332632532883025],[-2.5368077204399495,43.332613364653817],[-2.5368389256348389,43.332581344788082],[-2.5368618923408133,43.332545869825957],[-2.5368667809970615,43.332535624437078],[-2.5369545432966287,43.332333197357116],[-2.5369638811856619,43.332305591198562],[-2.5369688653594342,43.332266531637877],[-2.5369644749679039,43.332227434125343],[-2.5369593057064228,43.332209674238293],[-2.5368954905098775,43.332026993626684],[-2.5368749174606005,43.331968100718555],[-2.5368664363003561,43.331947896188005],[-2.5368440103838159,43.331912237411288],[-2.5368229723004525,43.331888740390795],[-2.536814523506091,43.331880512036889],[-2.5368144647366351,43.331880454169799],[-2.536727341866976,43.331795606233335],[-2.5365902468113681,43.331661923102494],[-2.5365878775137589,43.331659612840667],[-2.5364399644035798,43.331515480938648],[-2.5364391071310788,43.331514667054748],[-2.5364372706078284,43.331512858701537],[-2.5364312537201386,43.33150699216354],[-2.536310663838957,43.331389433399217],[-2.53613879729645,43.33108645377839],[-2.5361131157622467,43.331041056735998],[-2.5360826861021661,43.330987446288347],[-2.5361659760943254,43.330918899280562],[-2.536213808577783,43.330890098596427],[-2.5365383469709766,43.330695024872959],[-2.5366789071659315,43.330637875179967],[-2.536904347296276,43.330546221403068],[-2.5372666361135763,43.330447376999352],[-2.5372668474793274,43.330447319324904],[-2.5381956534576586,43.330193781696032],[-2.5384467920625333,43.330206518441528],[-2.5387994624818662,43.330224402283832],[-2.5393364472821509,43.330430519401439],[-2.5396182276978241,43.330603550837715],[-2.5398942374706479,43.330773077202402],[-2.5399726958425108,43.330821266387318],[-2.5399762565854198,43.330823441800916],[-2.5400560643217163,43.330872477380488],[-2.5401325285318821,43.330906912089169],[-2.5403833220633509,43.33098580953169],[-2.5404753346492375,43.331003107799305],[-2.5409503493908656,43.331037071463498],[-2.5409512117160671,43.331037057815792],[-2.5409642896155895,43.331036861777697],[-2.5410251092710503,43.331035840715408],[-2.5410365907233312,43.331034536105761],[-2.5410414053289085,43.331034015152511],[-2.541057700707817,43.331032279630051],[-2.5412943543186555,43.331007025734415],[-2.541395067811461,43.33098275713418],[-2.5417179608457503,43.33085672701435],[-2.5418347460645596,43.33081118163603],[-2.5418352211236392,43.330810996244367],[-2.5419039019111223,43.330784174849555],[-2.5419589988946001,43.330756751538487],[-2.5421622470304941,43.330629790726952],[-2.5423466571519202,43.330514550138034],[-2.5425691128292227,43.330375599351889],[-2.5425789024225796,43.330369605454067],[-2.5425831198303031,43.33036647072754],[-2.5426111493608259,43.330346142488899],[-2.5427385086511287,43.33023913738036],[-2.5427504248010959,43.330229189966644],[-2.5429259467787046,43.330081676605523],[-2.5429400042988526,43.33006579472486],[-2.5429737191335438,43.330027480011104],[-2.5430906988016013,43.329840472604168],[-2.5431323974009681,43.329773735349612],[-2.5431587403002571,43.329731519174757],[-2.5431673657973026,43.329716245887084],[-2.5431815878294697,43.329678393524446],[-2.5431865677918299,43.329639333655933],[-2.5431854841603401,43.32961933922104],[-2.5431752959322202,43.329530423593582],[-2.5431260906357651,43.329101160096933],[-2.5431438432502027,43.329036578313548],[-2.5431490420397407,43.329017689516469],[-2.543167554232765,43.328950499441824],[-2.5431817546365232,43.328899050111396],[-2.543215734268129,43.328775913477578],[-2.5432381745106842,43.328694782017045],[-2.5432897801713885,43.32850742322649],[-2.5432961206551985,43.328484306839194],[-2.5433016175348682,43.32842561909257],[-2.5433001402463193,43.328408774676795],[-2.5432935558148961,43.328332749944067],[-2.543289785637445,43.328309142956279],[-2.5432860409805294,43.328298592674585],[-2.5432761320654125,43.328271179260611],[-2.5432537037228848,43.328235521706915],[-2.5432412328693212,43.328220794481275],[-2.5430346957330103,43.327998097260163],[-2.5430099305149225,43.327764150010211],[-2.543063308039399,43.327258127129475],[-2.5432253780113485,43.327028077746689],[-2.5432620644301203,43.326992605826611],[-2.5432784296710338,43.326976783536239],[-2.5432984525171252,43.326954802323968],[-2.5433182941041337,43.326924085964187],[-2.5433183215557245,43.326924043752385],[-2.5433214133268587,43.326919326003349],[-2.5433351257268293,43.326883542616052],[-2.5433482033038324,43.326833709583333],[-2.5433831129030811,43.326701481964733],[-2.5433882744056762,43.32667106716675],[-2.5434077469870546,43.326409652552172],[-2.543398271895625,43.326340819905752],[-2.5432479985897904,43.325918626491379],[-2.5432398787267863,43.325899414355703],[-2.5432174512664298,43.32586375678413],[-2.5431868579755847,43.325831488326848],[-2.5431841621131355,43.325829136374509],[-2.542993836061695,43.325666203961617],[-2.5429162419747371,43.32561861996561],[-2.5429119701188569,43.325616725443432],[-2.5429119393860891,43.325616711813765],[-2.5426931034637579,43.325522189651913],[-2.542675819640198,43.325505121739184],[-2.5424937835904262,43.325325363296422],[-2.5424945485351662,43.325223434743229],[-2.5424991563641162,43.324609432227042],[-2.5424973762754424,43.324583672063739],[-2.5424778779290835,43.324453658259927],[-2.542477757974019,43.32445320755204],[-2.5424627227041001,43.324353016692051],[-2.5424627120162908,43.324352961721473],[-2.5424451186861128,43.324235528596041],[-2.5423929554368803,43.323887381859258],[-2.5423827533246497,43.323849882065289],[-2.542303847257692,43.32364885465676],[-2.5422693701525634,43.323591987946358],[-2.5422578386969756,43.323578459266962],[-2.5422190520882282,43.323532957960964],[-2.5422189995152409,43.323532896519538],[-2.5421881910014736,43.323496664914082],[-2.5421635872462578,43.323471803885461],[-2.5421258093267673,43.323443918608127],[-2.5420899391482545,43.323424775381277],[-2.5418568958878089,43.32331821864009],[-2.5418489057288274,43.323314674855638],[-2.5418003143009313,43.32329791181256],[-2.5417532734186952,43.323288178519746],[-2.5417366412699436,43.323285770696643],[-2.5410521363965715,43.323186767350997],[-2.5406444221311451,43.323051683025383],[-2.5405698674562971,43.323026981214731],[-2.5405423634776318,43.323010662520879],[-2.5403760808813201,43.322703479112015],[-2.5403765994940759,43.322634686331824],[-2.540634309940792,43.322560443491319],[-2.5406354186567874,43.322560450645554],[-2.5411990087684484,43.322566576607514],[-2.5412001186976383,43.322566586462514],[-2.5412018453173979,43.322566593388416],[-2.5412553962758166,43.32256338644801],[-2.5413073947467817,43.322553419833874],[-2.5413353316698042,43.32254497753118],[-2.5416255493130766,43.322444749572135],[-2.5416464522867468,43.32243681927801],[-2.5416906502163883,43.322414484976939],[-2.5417231399198026,43.322391023200353],[-2.5417288442162942,43.322386903956158],[-2.5417290219042061,43.322386728178643],[-2.541753944266977,43.322362061878181],[-2.5418509810332437,43.322250703967228],[-2.5418509817098682,43.322250613924318],[-2.5418915368637101,43.322204222766878],[-2.5419263707815904,43.322164201922405],[-2.5419323447025217,43.322157022195825],[-2.5419553044743171,43.322121546115106],[-2.5419617221087867,43.322104553188694],[-2.541969525446119,43.322083693848292],[-2.5419725976318217,43.322068758573934],[-2.5420034407039771,43.321870421477286],[-2.542005348576116,43.32184629688323],[-2.5420009556463841,43.321807199481533],[-2.5419873043001049,43.321769235599049],[-2.5419648790733156,43.321733577766253],[-2.5418423341231526,43.321578778429981],[-2.541800190921057,43.321525543007255],[-2.5416906844932665,43.32138710570451],[-2.5416875263844796,43.321383113932526],[-2.541676432101708,43.321369088088389],[-2.5416246319926494,43.321303597408487],[-2.5415696547343494,43.321053770507184],[-2.541453982342528,43.320527440152574],[-2.5414535052911806,43.320525277144],[-2.5414398545665784,43.32048731319049],[-2.5414320489431756,43.320474863698081],[-2.5414175527744813,43.320451745783366],[-2.5412713375849019,43.320264314695422],[-2.5412406254652851,43.320231955165745],[-2.5412028499653734,43.320204069578743],[-2.5411589922671229,43.320181382228974],[-2.5411529676297713,43.320178926827154],[-2.5408790270479944,43.320067881774577],[-2.5408670173009735,43.320063460047756],[-2.5408552904300046,43.320059142107262],[-2.5408075563244275,43.320043552669652],[-2.5405269909160393,43.319951606777387],[-2.5402994761903721,43.319920813638241],[-2.5400031531705132,43.319905383373808],[-2.539831577676988,43.319898996928615],[-2.5396797424858684,43.319861363682733],[-2.5396410169306796,43.319824185543354],[-2.539637525939773,43.319770061243474],[-2.5396458422207098,43.319701745542531],[-2.5396557966119784,43.319546318136673],[-2.5396635294499821,43.319425571884636],[-2.5396647088368236,43.31935070454486],[-2.5396649689067319,43.319334225430183],[-2.5396656273825537,43.319292418067405],[-2.5396657337801125,43.319285675874639],[-2.5396690602714131,43.319074405159668],[-2.5397121190290846,43.318844798050293],[-2.5397690862168618,43.318749817471463],[-2.5398185453384223,43.318697136236757],[-2.5398700518826751,43.318659941171447],[-2.5400300246148331,43.318569933803957],[-2.540065382908137,43.318550039021872],[-2.5403360084356947,43.318351774753921],[-2.5403570635815771,43.31832676453152],[-2.5403580192826807,43.318325628393531],[-2.5403685531551226,43.318319485485134],[-2.5404356819445968,43.31826509748123],[-2.5405992305783989,43.318078822307641],[-2.5406001722309237,43.318077749143121],[-2.5406350700481526,43.318002685831217],[-2.540678788481451,43.31789464177011],[-2.5407521023017354,43.31748199282594],[-2.5407688546923999,43.317336559716644],[-2.5407980075564867,43.317083472699643],[-2.5408046903465253,43.316904972176808],[-2.5408224198208496,43.316431404623245],[-2.5408354690330603,43.316244450929808],[-2.5408441845855467,43.316119584377269],[-2.5408661385376541,43.315805044587584],[-2.5409008996807656,43.315448638987114],[-2.5409041764382376,43.315415036260823],[-2.5408940413263812,43.315207099753998],[-2.5408826749213556,43.315155352560701],[-2.5408207509360774,43.314873417450585],[-2.540796520894308,43.314763099666607],[-2.5407318923930946,43.314468845276231],[-2.5407198420869759,43.314414610051095],[-2.5406714979868354,43.314197019329043],[-2.5406451290515024,43.314078335763021],[-2.5405853033837729,43.313736349269895],[-2.540576372334578,43.31350822204395],[-2.540575491382802,43.313485695355027],[-2.5405780336865291,43.31347233286801],[-2.5405785717080231,43.313469501288409],[-2.5405801278672979,43.313461326879931],[-2.5405735656991548,43.313417694052696],[-2.5405772649050689,43.31323258289018],[-2.5405782604783722,43.31318276185619],[-2.5405773853787177,43.313058455539299],[-2.5405769002159397,43.312989445202014],[-2.54057687851421,43.312986269199982],[-2.5405768479326092,43.312981980196348],[-2.5406051619677363,43.312893270955172],[-2.5406239242911384,43.312834486080249],[-2.5406248736387691,43.312831725487335],[-2.5406266109699076,43.312826671891514],[-2.5406446737394366,43.31277415138991],[-2.5406516936081993,43.312753737386664],[-2.5406571828832303,43.312725499460647],[-2.5406589506037167,43.312716410133966],[-2.5406699508774202,43.312659830815065],[-2.5406743056728645,43.312585088684884],[-2.5406754386276531,43.312565643343419],[-2.5406766693192755,43.312544518139831],[-2.540675692058763,43.31253199244739],[-2.540674792382176,43.312520462972962],[-2.5406686667176896,43.312441961663069],[-2.5405936637880586,43.312302826030503],[-2.540591417784106,43.312300433497199],[-2.5405907710696383,43.312298542639326],[-2.5405742233201973,43.312274038645008],[-2.5405713354758177,43.312269763376996],[-2.5405387009877565,43.312221439779051],[-2.5404488328013324,43.312114283528302],[-2.5402730499572614,43.311869648467905],[-2.5402548916076721,43.311844377965649],[-2.5402532886694384,43.311841744886614],[-2.5401884395189551,43.311735178834176],[-2.5401804217243646,43.311634759035158],[-2.5402013305045257,43.311577173251216],[-2.5402510418183311,43.311503784939532],[-2.5402521977756298,43.311502078715499],[-2.5402604890135665,43.311489837897319],[-2.5402778216777233,43.311471511203976],[-2.5402781830337986,43.311470686035818],[-2.5404527152263321,43.311210805615772],[-2.5405212366330518,43.311089010285713],[-2.540659175995919,43.310843824781401],[-2.5408111779258706,43.3106077802789],[-2.5410005865280874,43.310313783609608],[-2.541001730010529,43.31031110753397],[-2.5410035286786234,43.310306901507538],[-2.5410452460143489,43.310209302548401],[-2.5410638601574451,43.310160209511821],[-2.5410852331854734,43.310103838330868],[-2.54117058019945,43.309878738375488],[-2.5411933714234141,43.309805271355216],[-2.5411990796269759,43.309786873575185],[-2.5412215384325374,43.309714476760142],[-2.541228560680683,43.309558583351944],[-2.5412201719458838,43.309507287508467],[-2.5411924530488008,43.309437703256698],[-2.5411950333558622,43.309431541864875],[-2.5411800767996335,43.309393922848635],[-2.5411228980400713,43.309218548000764],[-2.5411153931893482,43.30904978007932],[-2.5411456206676277,43.308919610403848],[-2.5411960010267656,43.308832240208901],[-2.5413106448773721,43.3087558062551],[-2.5413590141726194,43.308735288768354],[-2.5413605294969437,43.308734646514303],[-2.541460289987945,43.308692328732967],[-2.541469313151314,43.308689749973823],[-2.5417243370378046,43.308584454889164],[-2.5420029437961014,43.308485183184708],[-2.5422833949291817,43.308350660723626],[-2.5423814707349988,43.308303616990621],[-2.54279485248074,43.308191458445648],[-2.5430852061044438,43.308075628393802],[-2.5431254126322114,43.308064674637478],[-2.5432540593953918,43.30799408190255],[-2.5433972958684321,43.307877276294384],[-2.5434271376452759,43.307857706887944],[-2.5434312502944665,43.307855009321777],[-2.543558449660885,43.307771596036226],[-2.5436099860587724,43.307719801092404],[-2.5436212196465209,43.307708510940508],[-2.5437087450772138,43.307620544941663],[-2.5439800698892863,43.307320463160849],[-2.5439939504196909,43.307297162399735],[-2.5439982871341202,43.307289884171887],[-2.5440339960883152,43.307229942513629],[-2.5440467040471386,43.307208610877048],[-2.5441400149597251,43.307051974300578],[-2.544156249292735,43.307019916932852],[-2.5441588227589373,43.307005376674702],[-2.5441592668915445,43.307002868865922],[-2.544212077306077,43.306704494366407],[-2.5442137712134021,43.306627461456337],[-2.5442146101477001,43.306589275437346],[-2.5442157398302028,43.306537919564349],[-2.5442163484664726,43.306510258091222],[-2.5442160028246272,43.306504370414046],[-2.5442093055329864,43.306390115110595],[-2.5441557476385626,43.306120776111484],[-2.5440676379133338,43.305778677334878],[-2.5439722604732031,43.305468440153504],[-2.5438944161091861,43.305309554423637],[-2.5436686931338639,43.304760634685628],[-2.543530222880213,43.304360802348526],[-2.5434996697506866,43.304291947460058],[-2.5434369768647191,43.304071697026899],[-2.5434073157705295,43.303736239478482],[-2.5434115832707245,43.303525827267379],[-2.5434385585988104,43.303469373488831],[-2.5434679963432978,43.303443860311425],[-2.5435149317137671,43.303424823727042],[-2.5435580239876359,43.303409737410682],[-2.5435591699293885,43.303409336776831],[-2.543582680983409,43.303401104947582],[-2.5436118513455011,43.303394840686714],[-2.543649763352839,43.303384779840549],[-2.5438784025337218,43.303315206553258],[-2.5443648441788129,43.303186853326601],[-2.5445581957742593,43.303142769683483],[-2.545322472139266,43.303026457992786],[-2.5455156206444918,43.30299706291823],[-2.5455357491895718,43.302994641418465],[-2.5457237451236248,43.302972023088394],[-2.5460483719405693,43.30293296501582],[-2.5464203057376582,43.302863955246544],[-2.5466283259177156,43.302813517696777],[-2.5469303719397516,43.302703646424369],[-2.5471793303399686,43.302623361305521],[-2.5471807738662906,43.302622895179397],[-2.5473776049553827,43.302567805216853],[-2.5477684509420317,43.302458337108618],[-2.5480349010106642,43.302337642719294],[-2.5481208600231202,43.302283307335202],[-2.5481304373703049,43.302279981954491],[-2.5481358973121369,43.302274415271654],[-2.5481371448800374,43.302273936653329],[-2.5482520679974798,43.302229871871646],[-2.5488678926091728,43.302111110423766],[-2.5496259113236732,43.301946416694264],[-2.5501713993008299,43.301827895319207],[-2.5502394972206668,43.30181047807725],[-2.5502399987331197,43.301810349482558],[-2.5503323691874025,43.30178672440605],[-2.5503902750073877,43.301771914357396],[-2.5507394417575471,43.301593952557866],[-2.5507421848439118,43.301590456041211],[-2.5507629878143883,43.301565837235849],[-2.5509604186474188,43.301332195787047],[-2.5511181894148489,43.301145611261063],[-2.5511220409287105,43.301140929577521],[-2.551131644384979,43.30112797543044],[-2.5511400674172711,43.30111459073283],[-2.5511472738556855,43.301100832071967],[-2.5511482835638883,43.301098658722388],[-2.5512410206059219,43.300895922982562],[-2.5512413765008253,43.300895140978781],[-2.5513808667102533,43.300586436921925],[-2.5514016973081644,43.300565524397044],[-2.5514432789823887,43.300523777363793],[-2.5514954814277377,43.30047136729312],[-2.5515673286351856,43.300439591716028],[-2.5516395099912206,43.300413002251602],[-2.5516511083510118,43.300408730009217],[-2.5516864819839125,43.300395699432173],[-2.5517292348743097,43.300395866990343],[-2.5517300547218364,43.300395870203346],[-2.5517837726109498,43.300396080712765],[-2.5518503877355831,43.300399818404543],[-2.5518537096304921,43.300408983694268],[-2.5519282742298217,43.300404188211722],[-2.5521513771936384,43.300416705802064],[-2.5522448885584157,43.300444035265144],[-2.5525147248789497,43.300522894567507],[-2.5525274523522632,43.3005283966436],[-2.5529143303321828,43.300622580309948],[-2.5529364435214266,43.300627963246264],[-2.5535315856754095,43.300729765207954],[-2.5538325842982164,43.30078109260851],[-2.5538674195186366,43.300787031947152],[-2.5542378697422721,43.300766715718019],[-2.5545711625874841,43.300677173015224],[-2.5546203156269427,43.300662141240977],[-2.5546264053346084,43.30066022266071],[-2.5556302241595108,43.300334517077701],[-2.5563807165820549,43.300140472615126],[-2.5563840999283056,43.300139581675104],[-2.5567793001858488,43.300033590683611],[-2.5567798597708933,43.300033440674213],[-2.5570022904861838,43.29997378513297],[-2.5570124851559166,43.299970900822046],[-2.5570308999275628,43.299964892232005],[-2.5570487378349402,43.299958016963394],[-2.5570490581224168,43.299957883134724],[-2.5576286939232391,43.299715772076333],[-2.5576455578877231,43.299708193290115],[-2.5576620131695442,43.299699676442501],[-2.5576630108924907,43.29969912111514],[-2.5578375124589021,43.299601571819473],[-2.5578789321606843,43.299578417212331],[-2.55826646726269,43.299361777118143],[-2.5583959268390446,43.299289406364338],[-2.5584105883924519,43.299280676277789],[-2.5584253812776749,43.299270663540625],[-2.5584392458371652,43.299259965569512],[-2.5584504021950569,43.299250233241182],[-2.5585363602553186,43.299170798667163],[-2.5586384903895927,43.299076419361022],[-2.558640211980221,43.299074814180258],[-2.5586520461984685,43.299062886424153],[-2.5586627870772385,43.299050417774041],[-2.5586691764748037,43.299041797108529],[-2.5586723886050735,43.299037462980664],[-2.5586808084625621,43.299024077709639],[-2.5586871580192372,43.299012100874229],[-2.5588194755032663,43.298739695320471],[-2.5588203291971867,43.298737913000544],[-2.5588218168391474,43.298734560021735],[-2.5588239661978593,43.298729717532531],[-2.5589212479570014,43.298495258074617],[-2.5589229253170998,43.298491070198779],[-2.5589510705117466,43.298418175710495],[-2.5590159077512586,43.298250246726653],[-2.5590165499450226,43.298248557237564],[-2.5590212335117593,43.298234229160329],[-2.5590246239850711,43.298219707901502],[-2.5590246739973121,43.29821944065759],[-2.5590653584957219,43.298000630758004],[-2.5590673918370421,43.297986245637972],[-2.559068125083062,43.297966836340166],[-2.5590675330550643,43.297939062960012],[-2.5590658458159474,43.297859826748983],[-2.5590630650054011,43.297729242970192],[-2.5590617626502405,43.297668059769677],[-2.5590636159074363,43.297631335332845],[-2.5590697553787773,43.297509691489033],[-2.5590756559506795,43.297392784043829],[-2.5591070339842967,43.297288516415279],[-2.5591288363944646,43.297236829376587],[-2.5591343453080073,43.297223770520702],[-2.5591409316738627,43.297208156708614],[-2.5592417285674509,43.297125727104756],[-2.5593812452921409,43.297049321174754],[-2.5594780939952959,43.296996280689235],[-2.5598277570160728,43.296833993311218],[-2.5598297346144121,43.296835680280303],[-2.5598446316690513,43.296828031464685],[-2.5599200515474743,43.296797796047429],[-2.5602985849656386,43.296646084348815],[-2.5603348579972831,43.296631544471481],[-2.5604325322596266,43.296592389647763],[-2.5604971958436651,43.296566525669689],[-2.5604971962716787,43.29656646624094],[-2.5604971964921712,43.296566435626112],[-2.5604997931004765,43.296565365950933],[-2.5605052348372466,43.296562954715689],[-2.5605159937218334,43.296558313658778],[-2.560773414162314,43.29643710992287],[-2.5607965202224703,43.296426213927298],[-2.5608311823954115,43.296409867685838],[-2.5609726430510444,43.296343266979918],[-2.5610850142432589,43.296290360341906],[-2.5610884783098569,43.296288662759004],[-2.561178773203109,43.296244878525521],[-2.5614066649162877,43.296134373701122],[-2.5619173444209422,43.295886632960453],[-2.5619437057113807,43.295872326548007],[-2.5619598156629797,43.295860682253924],[-2.5619818738944335,43.295844738524409],[-2.5619918019208101,43.295835591842739],[-2.5619960217511979,43.295831645974438],[-2.5621721211127535,43.295654933904281],[-2.562177419803271,43.295638933188364],[-2.5621776440988078,43.295638255999954],[-2.5622103953503377,43.29559259472741],[-2.5624906667097442,43.295393152480266],[-2.5624883368396896,43.295390903222263],[-2.5626773662172786,43.295259149397623],[-2.5626792358277131,43.295257846375179],[-2.562752851857574,43.295206535902622],[-2.5627902167436436,43.295180492427136],[-2.5628418105579169,43.295129814485875],[-2.5630580283157172,43.294943340272894],[-2.563100663399648,43.294906569825969],[-2.5631187750158935,43.294890949373055],[-2.5631741855416861,43.294845360854119],[-2.5632929453079716,43.294747652385432],[-2.5633674155501045,43.294662253323558],[-2.5634770247926277,43.294523040803014],[-2.5635006302800645,43.294463866148789],[-2.5635035688786996,43.294456499886188],[-2.5635566556428517,43.294323418026295],[-2.5635704835944892,43.294212399826677],[-2.5635698078798201,43.294184840441027],[-2.5635707105239063,43.294180666646533],[-2.5635765977741403,43.29396489543042],[-2.5635578487828035,43.293549102636824],[-2.5635713349216021,43.293485685093366],[-2.5636063623941445,43.293447738233752],[-2.5637774668297229,43.29339907984285],[-2.5637781746358477,43.293398878137509],[-2.5637935560744043,43.293394503825745],[-2.5640067937097104,43.29334454160891],[-2.5640391092952752,43.29332429905061],[-2.5640413320226498,43.293322906404704],[-2.5640547699173686,43.293314487882981],[-2.5640722545133481,43.293303536476991],[-2.5640746968012751,43.293295049033482],[-2.5640766665914265,43.293294032716126],[-2.5641185699711451,43.293174259084005],[-2.5641193351112621,43.293172070277258],[-2.5641520618611207,43.293078526312158],[-2.5641523791340033,43.293034098767102],[-2.5641409759787614,43.292992023589633],[-2.564128379491426,43.292905077484313],[-2.5641248009274049,43.292880384007518],[-2.5641065852534002,43.292754661535419],[-2.5640973906998945,43.292709727699503],[-2.5640947213347669,43.2926966797489],[-2.5640575132126453,43.292514850082782],[-2.5640514943163097,43.292485437889027],[-2.564047760071221,43.292467187515442],[-2.5640367812679457,43.292413533108494],[-2.564036134316535,43.29241194763182],[-2.5640333323521425,43.29240642162717],[-2.5640300424128539,43.292401042338668],[-2.5640263890564983,43.292395975025428],[-2.5640010778961098,43.29229444789032],[-2.5640010000224804,43.292294132432033],[-2.563903437655719,43.291902783811793],[-2.5639030182346185,43.29190110015093],[-2.5638733286481146,43.291782008094906],[-2.5638629432698834,43.291701929187134],[-2.5638685498245968,43.291694141763102],[-2.5638803350226191,43.291681828765583],[-2.5638848673352621,43.291678430595979],[-2.5638820330395116,43.291676745831921],[-2.5639288841590191,43.291645428114286],[-2.5642319047661126,43.29144287243863],[-2.5642406300349738,43.291436806853412],[-2.5642453663129849,43.291433151013962],[-2.5642460121106652,43.291432652817583],[-2.5642544917899666,43.291426108150695],[-2.5642663407023307,43.291415730447085],[-2.5644094837036686,43.291282418446194],[-2.5644252921991342,43.291267695769925],[-2.5647184373538092,43.290994680593577],[-2.5647185552404692,43.290994571185891],[-2.5648309073878535,43.290889933728032],[-2.564975864149647,43.290773504355215],[-2.5649769130136515,43.290772661910346],[-2.5650197688729954,43.290738240863085],[-2.5650213923801832,43.290737369086898],[-2.5651354323405369,43.290676156198153],[-2.5651392809739457,43.290674056545932],[-2.5651549357579273,43.29066477107002],[-2.5651697254438797,43.290654757431803],[-2.5651835868646184,43.290644057713145],[-2.5651964617452472,43.290632719417324],[-2.5652070521058432,43.29062212071986],[-2.5652835921118906,43.290540640718049],[-2.5652848330464058,43.290539310049631],[-2.5652917725371416,43.290531252979093],[-2.5652955710545173,43.290526841646255],[-2.565305169823314,43.290513886264975],[-2.5653135870389714,43.290500500474408],[-2.5653142531183715,43.290499228852511],[-2.5653207890164214,43.290486740875878],[-2.5653267432840652,43.290472666776708],[-2.5653299721951903,43.290463249413087],[-2.5653545199104246,43.29038449197305],[-2.5653559724713024,43.290379580972221],[-2.5653593609874115,43.29036505949729],[-2.5653614413223105,43.290350406986825],[-2.5653622068648443,43.290335686448032],[-2.5653629970752339,43.29022471476064],[-2.5653624412148495,43.29020998920052],[-2.5653605696687309,43.290195321673366],[-2.5653573881522251,43.290180775233125],[-2.5653529110156108,43.290166412066078],[-2.5653471575461371,43.29015229347678],[-2.5653401532006166,43.290138479892683],[-2.5653319259074943,43.290125030850163],[-2.5653225122429077,43.290112003217004],[-2.5653215923630963,43.290110833623537],[-2.5652521636320125,43.29002314844584],[-2.5652514306181158,43.290022222686673],[-2.5652385014827863,43.290005893199002],[-2.5652281177508134,43.289986287600222],[-2.5651969593270669,43.289927452761084],[-2.5651842524716355,43.28990345848176],[-2.5651838291883871,43.289902659964156],[-2.5651843949296729,43.289893842993095],[-2.5651851977133071,43.289881340433034],[-2.5652291841833512,43.289845568404559],[-2.5652299094994695,43.289844978657648],[-2.5652322057131443,43.289843111723684],[-2.565276133860408,43.289807386279207],[-2.5652775076694101,43.28980626232142],[-2.5652888187926859,43.289796383121548],[-2.5654175985076595,43.289677136271614],[-2.5654191608308983,43.289675677156119],[-2.5654309918989751,43.289663747765111],[-2.5654389703782554,43.28965448351061],[-2.5654417297282901,43.289651278444822],[-2.5654513283205649,43.289638323949028],[-2.5654597466210141,43.289624937249251],[-2.5654669484606791,43.289611177638825],[-2.5654729026076573,43.28959710352936],[-2.5654775827478393,43.28958277515202],[-2.5654809711892845,43.289568253671156],[-2.5654830526989567,43.28955360116084],[-2.565483307482161,43.289550710746092],[-2.5654838249429748,43.289544167255464],[-2.5654842434794007,43.289538879533175],[-2.5654874087608177,43.289498909255208],[-2.5654876999039695,43.289495240079127],[-2.5654882093883904,43.289483409947259],[-2.5654876547293273,43.289468685290856],[-2.5654857819417662,43.289454017759105],[-2.5654826016652414,43.289439471325196],[-2.5654795586639016,43.289429710466379],[-2.5654781245520928,43.289425108161311],[-2.5654761404473141,43.289419844628945],[-2.5654758437851011,43.289419094317822],[-2.5654565054853715,43.289370123079927],[-2.5654527361660242,43.289361268026894],[-2.5654457306532596,43.289347454442968],[-2.5654375034484422,43.289334004506081],[-2.565428091108108,43.28932097778538],[-2.5654192130002964,43.289310306900639],[-2.5653693094617238,43.289253916772594],[-2.5653687469653623,43.289253280710163],[-2.56536350227291,43.289247353752536],[-2.5653517925104454,43.28923412109458],[-2.5653501109868753,43.289232240844086],[-2.5653384505140489,43.289220223094958],[-2.5653257381426657,43.289208786647492],[-2.5653120302084051,43.289197983041745],[-2.5653051524740538,43.289193062894988],[-2.5651738739872521,43.289102031498899],[-2.5651661058603277,43.289096826114367],[-2.5651515004775343,43.289087943364436],[-2.565075779291464,43.289044704350019],[-2.5649667185754392,43.288982427894027],[-2.564871463112532,43.288928035166649],[-2.5648485675952433,43.288910244989225],[-2.5648480208621227,43.28890981969225],[-2.5648285013929293,43.288894652792891],[-2.5647743892523716,43.288852606955558],[-2.564771009083036,43.28884676090258],[-2.5647694017960916,43.288843981364508],[-2.5647626549895217,43.288753807756827],[-2.5647528798711203,43.288623140560361],[-2.5647446655813093,43.288513354707227],[-2.5647363365401481,43.288402033127191],[-2.5647364593098616,43.288384815862322],[-2.5647364646133362,43.288384072100939],[-2.564736747816013,43.288344355604728],[-2.564736779116719,43.288339965972014],[-2.5647399534402999,43.287894791465035],[-2.5647393989795333,43.287880065901319],[-2.5647375264175336,43.287865398354235],[-2.5647343451666083,43.287850851891896],[-2.5647298683432691,43.287836488695987],[-2.5647282717363229,43.287832215331058],[-2.5646989535507627,43.287756672061398],[-2.5646363569696882,43.287595386198262],[-2.5645413445958773,43.287287295228026],[-2.5645327125240667,43.287259303918979],[-2.5645301576657986,43.287251649269542],[-2.5645244046562534,43.287237530633654],[-2.5645174008264706,43.287223716994369],[-2.564515406935,43.287220365087151],[-2.5645118978303536,43.287214466307205],[-2.5644178730873874,43.287065599587663],[-2.5644057199303725,43.287046359057392],[-2.5643972611304728,43.287032964887736],[-2.5643945374123764,43.287028767366472],[-2.5643862419681436,43.287017182846448],[-2.5643655623097992,43.28699023970379],[-2.5643489836643232,43.286968640210887],[-2.5643030642535645,43.286908811497675],[-2.5643019467099832,43.286907368302444],[-2.5642913877139222,43.286894817962157],[-2.5642797278996183,43.286882799202559],[-2.5642670174369364,43.286871363540861],[-2.5642633719203083,43.286868349313998],[-2.5641897064526176,43.286808529215158],[-2.5641043877751404,43.286739246727869],[-2.5640943261154479,43.286731456306313],[-2.5640796810231046,43.286721330627095],[-2.5640641593259037,43.286711926477189],[-2.564047830997759,43.286703283743321],[-2.5640307623340135,43.286695439596713],[-2.564017339592644,43.286690032487748],[-2.5638618541764475,43.286631031270574],[-2.563857542875716,43.28662942641683],[-2.5638392184403491,43.286623277526026],[-2.5638203835280646,43.286618016342338],[-2.5638011180884108,43.286613666582447],[-2.5637961070488369,43.286612698386129],[-2.5636364160472862,43.286582885514086],[-2.5636218123541403,43.286580433672668],[-2.5636019344939718,43.286577958106029],[-2.5635986476733614,43.286577708744773],[-2.5635818784709303,43.286576438147023],[-2.5635771135405103,43.28657621826374],[-2.5634741808706396,43.286572065163291],[-2.5633373254985856,43.286566542540776],[-2.5633219400292107,43.28656620286236],[-2.5633156971950632,43.286566328506389],[-2.5633017827327467,43.286566607655743],[-2.5632886325578736,43.286567393980192],[-2.5631046425072541,43.286581293276612],[-2.5630977147762954,43.286581874628062],[-2.5630838999858847,43.286583382362011],[-2.5628149726784755,43.286617309875751],[-2.5627932096888242,43.28657222069544],[-2.5627930848860125,43.286567617055766],[-2.5627922039987032,43.286535029564419],[-2.5627910295719314,43.286491624599108],[-2.5627905314391461,43.286482525325624],[-2.5627895266669838,43.286473431319344],[-2.5627705223156085,43.286336099424283],[-2.5627698859807837,43.286332012495357],[-2.5627696550315928,43.286330526750397],[-2.5627664743270722,43.286315980231784],[-2.5627657260878864,43.286313577639895],[-2.5627619980770238,43.286301616957488],[-2.5627562455649016,43.286287498232461],[-2.5627513789694887,43.286277899612131],[-2.5627492422433686,43.28627368448484],[-2.5627410160366093,43.286260235251561],[-2.562736414130764,43.286253607366774],[-2.5627179819729622,43.286228113254239],[-2.5627173753910437,43.286227272605011],[-2.562709857044712,43.286216874140095],[-2.5627093358785262,43.286216154479334],[-2.5626453714887725,43.286127681739352],[-2.5626414890901597,43.286122479331951],[-2.5626127815533013,43.286085184975811],[-2.5625393232878255,43.285989754918845],[-2.5625168478291469,43.285960552513664],[-2.5625141257208139,43.285957014991915],[-2.5624748964290656,43.285849101223683],[-2.5624842983929281,43.285760394825594],[-2.5625008628720432,43.285604101905669],[-2.5625010139922453,43.285602622123598],[-2.5625017459658137,43.285583212756372],[-2.562500437290669,43.285521936691957],[-2.562495759533606,43.285302831807073],[-2.5624952385895168,43.285292795061871],[-2.5624933678674511,43.285278128379225],[-2.5624901872816288,43.285263581850792],[-2.5624857111782871,43.285249217663214],[-2.5624799588273723,43.285235098922406],[-2.5624729544547491,43.285221285151387],[-2.5624647296815,43.28520783590136],[-2.5624593949828758,43.285200452414728],[-2.5624553173805018,43.285194808026993],[-2.5624543011290855,43.285193516478444],[-2.5623869516620519,43.285108567646724],[-2.5623774096174139,43.285097308677962],[-2.562365750515502,43.285085290623066],[-2.5623530407910806,43.285073853847805],[-2.5623393330758559,43.285063049879547],[-2.5623271128804217,43.285054509961057],[-2.562246151543464,43.285000963914385],[-2.5621642469724071,43.284946793780968],[-2.5621546671421966,43.284936344164457],[-2.562154922322498,43.284900764268727],[-2.5621557216743329,43.284789309888204],[-2.5621551666266389,43.28477458430207],[-2.5621532960076485,43.284759916712531],[-2.5621501155289321,43.284745370173766],[-2.5621474973745877,43.284736457279635],[-2.5620987042401624,43.28458531156577],[-2.5620941247739282,43.284532795270373],[-2.562085578600203,43.28443478683009],[-2.5620842949202216,43.284424901140582],[-2.5620837727719783,43.284420884879765],[-2.5620805923268386,43.284406338338357],[-2.562076271044984,43.284392406947404],[-2.562042851355403,43.284298581369264],[-2.5619965871215165,43.284168694398304],[-2.5619494788680832,43.283987260795541],[-2.5619362745301686,43.283936407930156],[-2.5619360633887518,43.283935601207531],[-2.5619315875107946,43.283921236995916],[-2.5619258354108934,43.283907118225052],[-2.5619247138181684,43.283904708794047],[-2.5618684224646908,43.283785931087671],[-2.5618297184998866,43.283704262153343],[-2.5617880030417188,43.283591921815685],[-2.5617745340152496,43.283555651807191],[-2.561779564719072,43.283475881985282],[-2.5617825360415063,43.283468718482069],[-2.561800484376497,43.283425446172281],[-2.5618031333738527,43.283419056732015],[-2.5618125176701305,43.283396431637875],[-2.5618966163481045,43.283203766605851],[-2.5619234862053468,43.283142209430572],[-2.561923609006826,43.28314192895651],[-2.5619330225858823,43.283120363808102],[-2.5621006725638695,43.282839588617485],[-2.5621022972098544,43.282836816008903],[-2.5621094989913917,43.282823056593351],[-2.5621100744866467,43.282821695495805],[-2.5621154532362636,43.282808982642422],[-2.5621201348625644,43.282794654391296],[-2.5621235224795131,43.282780132989743],[-2.5621237905531298,43.282778672564866],[-2.5621321363278837,43.28273188675157],[-2.5621715652921004,43.282708476167976],[-2.5621747142623619,43.282706606253747],[-2.5621754693211205,43.282706158011955],[-2.562318861058472,43.28262102052669],[-2.5625077088512396,43.282515817020986],[-2.5625228224017356,43.282506831476262],[-2.5625376105295103,43.282496818157391],[-2.5625514705386787,43.282486119636829],[-2.562564344173047,43.282474781615797],[-2.5625761743897137,43.282462852501389],[-2.5625869115215241,43.282450383430444],[-2.5625965095731145,43.282437429155586],[-2.5626049262596693,43.282424042642752],[-2.5626120790632672,43.282410387460878],[-2.5626810771567587,43.282264631317169],[-2.5626811272044843,43.282264527054821],[-2.5626869832642778,43.282250712931045],[-2.5627898830515368,43.281977193577973],[-2.5629717657405724,43.28175590830751],[-2.5630661132222099,43.281677045103066],[-2.5631677477023351,43.281615490432706],[-2.5633597352792492,43.281546272786635],[-2.5633760447398344,43.2815399408546],[-2.5633932231348191,43.281532227324803],[-2.563409673933752,43.281523709603341],[-2.5634253266212657,43.28151442434028],[-2.5634401143602799,43.28150441090132],[-2.5634539739919346,43.28149371136746],[-2.5634660307897907,43.281483138220302],[-2.5635626099363038,43.281392975104382],[-2.5635634263928768,43.281392210124586],[-2.5635752562037131,43.281380280902852],[-2.5635859929400615,43.281367811734057],[-2.5635955906147565,43.281354856470834],[-2.563604006925249,43.281341470780802],[-2.5636112081900095,43.281327711264858],[-2.5636162325174681,43.281316067635757],[-2.5636785732096645,43.281156612832035],[-2.5636787853702248,43.281156071562563],[-2.5637017374572948,43.281097363375054],[-2.5637026680997992,43.281094933873582],[-2.5637073479934274,43.281080604645915],[-2.5637091265053491,43.281073703076942],[-2.5638278676495538,43.280569430143601],[-2.5639345789648682,43.280187178873931],[-2.564007711308887,43.280015522299692],[-2.5640092292786165,43.280011959549753],[-2.564044205248083,43.279929863455081],[-2.5640745366883997,43.279919820925002],[-2.5641862049848183,43.279905336562592],[-2.564364525542838,43.279882204870852],[-2.5643691986749784,43.279881571633048],[-2.5643888577935723,43.279878301279702],[-2.5644081821659008,43.279874098569252],[-2.5644270890827219,43.279868982096644],[-2.5644454970544492,43.279862972262478],[-2.5644633282439631,43.279856095784488],[-2.56448050602746,43.27984838208652],[-2.5644969549879528,43.279839864198841],[-2.564512607077599,43.279830578781727],[-2.5645188180250709,43.279826532333502],[-2.5647357010749952,43.279681337792823],[-2.5647442772377316,43.279675370639438],[-2.5647581374568,43.279664670946069],[-2.5647710088518552,43.279653332662029],[-2.5647828380816957,43.279641404209769],[-2.5647935742637236,43.279628934921462],[-2.5648031714066919,43.279615979550684],[-2.5648054137101348,43.27961263205502],[-2.5649104821243918,43.27945240980398],[-2.5649166555910314,43.279442371508409],[-2.5649238563332211,43.279428611903036],[-2.564929809593214,43.279414537793038],[-2.5649344902932989,43.279400209414248],[-2.5649362673901765,43.279393306918259],[-2.5649573621968953,43.279303710005834],[-2.5649576201876294,43.279302615123136],[-2.5650328138689966,43.278983247389789],[-2.5651089599695469,43.278775246223169],[-2.5652637630638262,43.278572582057393],[-2.5652703388065903,43.278563491657067],[-2.5652787555936691,43.278550105838718],[-2.565280445674579,43.278547107415143],[-2.5654059738102672,43.278319793257552],[-2.5654114830079644,43.278309032038628],[-2.5654172589232416,43.278295428169031],[-2.5654987368706594,43.278079627348212],[-2.5654989127518775,43.278079157974339],[-2.5655035932137316,43.278064829567924],[-2.5655053322127963,43.278057377633949],[-2.5655069809877284,43.278050308054233],[-2.565509062076242,43.278035655512205],[-2.5655095885744181,43.278028692426602],[-2.5655159109604169,43.277912297310166],[-2.5655187871117389,43.277859343868521],[-2.5655190247077839,43.277851586376904],[-2.5655184701243807,43.277836861691092],[-2.5655165988960817,43.277822194136199],[-2.5655134179633672,43.277807647671416],[-2.5655089416738646,43.277793284483117],[-2.5655058715669936,43.277785333434259],[-2.5654430018126826,43.277633234128487],[-2.5654403183437617,43.277627065663481],[-2.5654333153911741,43.277613252060895],[-2.5654250897430213,43.277599803002751],[-2.5654156779680837,43.277586775356944],[-2.5654051203322443,43.277574226005363],[-2.5653934620628709,43.277562207346421],[-2.5653807533167723,43.277550771797252],[-2.5653670479798598,43.277539967286849],[-2.5653524036350537,43.277529841758167],[-2.5653368852979694,43.277520437779728],[-2.5653205592357087,43.277511795223433],[-2.5653034929668186,43.277503951264485],[-2.5652990829383016,43.277502103862929],[-2.5651914778571898,43.277457889134354],[-2.5651781563674714,43.27745272476345],[-2.5651598357827754,43.277446575189863],[-2.5651410035793081,43.277441314226863],[-2.5651217409339422,43.277436964694452],[-2.5651076934199417,43.277434415202897],[-2.5649198021569948,43.277403713465212],[-2.5648353412170426,43.277375408475002],[-2.5647968673069585,43.277346024048704],[-2.5646999662415664,43.277190499145867],[-2.5646965873449687,43.277185256394596],[-2.5646894994855858,43.277175258587441],[-2.5645152807002818,43.276943884053772],[-2.5645129582535762,43.276940854156294],[-2.5645024009145412,43.276928304721274],[-2.564490742945873,43.276916285970259],[-2.5644780332706971,43.276904850316114],[-2.5644643282384272,43.276894045697631],[-2.5644569871646929,43.276888803160773],[-2.5643336877945795,43.276803642307826],[-2.5643263860805932,43.276798759197447],[-2.564310868093953,43.276789354179677],[-2.5642945411403231,43.276780711472604],[-2.5642786645396645,43.276773377951947],[-2.5641352159097424,43.276711503562588],[-2.5641340265805272,43.276710992970123],[-2.5641162954087271,43.276703981029478],[-2.5640979751563657,43.276697831286427],[-2.5640791432697636,43.276692571049757],[-2.5640674788241089,43.276689936863605],[-2.5640598809372315,43.276688221339313],[-2.5640465229873044,43.276685784201753],[-2.5637914808286975,43.27664365801396],[-2.5635651466032381,43.27658672190919],[-2.5635636505229549,43.276586195733003],[-2.5634313526759489,43.276539659181381],[-2.5633335973060842,43.276499100154965],[-2.5632294616965345,43.276396538662155],[-2.5632274288393302,43.276394557983892],[-2.5632147195096757,43.276383122189841],[-2.5632010148120452,43.276372318320909],[-2.5631761358041674,43.27635394930423],[-2.5631514995450129,43.276335759500931],[-2.5630520499223746,43.276262332236598],[-2.5630098339865599,43.276212217740401],[-2.5628964100208389,43.276077570246891],[-2.5628648650779389,43.276050435787532],[-2.5627363398720671,43.275978107352934],[-2.5627208467801186,43.275969935848963],[-2.5627037825099768,43.275962091508049],[-2.5626899922912467,43.275956544158156],[-2.5625476149509399,43.275902684193618],[-2.5625436743811152,43.275901220277426],[-2.5625253545293414,43.275895070283376],[-2.5625065230272863,43.275889809788694],[-2.562487285676633,43.275885464410877],[-2.5621814655330568,43.275824314404979],[-2.5621442447953693,43.275816581027343],[-2.5620552802853109,43.275798097909011],[-2.5620406809335456,43.275795065079848],[-2.5620252360284193,43.275770914934661],[-2.5619133533285656,43.275557721291399],[-2.5619109390229036,43.275553262852902],[-2.5619027144328097,43.275539812640744],[-2.5618993482072558,43.275534911129853],[-2.5617611592911631,43.275339667275396],[-2.5617551148470783,43.27533154084319],[-2.5617445583523724,43.275318991153739],[-2.5617329012334129,43.275306972121975],[-2.5617304960047287,43.27530468653373],[-2.5616485627465151,43.275227878172657],[-2.5616382604154655,43.275218726897677],[-2.5616245562579052,43.275207922840004],[-2.5616099143259774,43.275197796837901],[-2.5615943971655013,43.275188391452559],[-2.5615780710256746,43.275179748358859],[-2.5615610058913414,43.275171903843244],[-2.5615432754636616,43.275164891505042],[-2.5615329419226089,43.275161292361652],[-2.5613208926508131,43.275090938320893],[-2.5613129054417842,43.275088388191584],[-2.5612940743004491,43.275083126597671],[-2.5612748126768259,43.275078776420074],[-2.5612552030078062,43.275075355984015],[-2.5612353289884107,43.275072880017788],[-2.5612349767192613,43.275072853453558],[-2.5612152755718327,43.275071359652685],[-2.5611909659832488,43.275070804462679],[-2.561023018900634,43.275071818728371],[-2.5609889678486661,43.275060739307868],[-2.5609648949624102,43.275046973370856],[-2.5609279434205003,43.275002742123547],[-2.5609220374267649,43.274995947964541],[-2.5609166147656137,43.274990148872341],[-2.5608378883391936,43.274908715747408],[-2.5608316541213818,43.274902495720035],[-2.5608189467831171,43.274891059664824],[-2.5608052416120244,43.274880255504605],[-2.5607905998949314,43.274870129397982],[-2.5607750829443918,43.274860723901867],[-2.5607587570086818,43.274852080691588],[-2.5607416933041431,43.274844236058911],[-2.5607239630664136,43.274837223594133],[-2.5607077820338362,43.274831737959836],[-2.560639334005379,43.274810267347014],[-2.5605711960898994,43.27476300319239],[-2.5605120835211732,43.274703155470732],[-2.560478686361995,43.274668384500089],[-2.5604782677211992,43.27466782010152],[-2.5604139244658546,43.274584099838009],[-2.5604135203096114,43.274583577816657],[-2.5604103450396427,43.274579735940755],[-2.5603989776712699,43.274566725573813],[-2.5603979300135444,43.27456554734249],[-2.5603950105750499,43.274562460137737],[-2.5603509661525994,43.27451789798554],[-2.5603492224147444,43.274516177700448],[-2.5603456389477679,43.274512889840125],[-2.5603283713220009,43.274497785720854],[-2.5603268721724222,43.274496498598296],[-2.56032213864211,43.274492734473569],[-2.5602731092424342,43.274455897120895],[-2.5602723615142398,43.27445533956066],[-2.5602706451459687,43.274454097525982],[-2.5602610815904296,43.27444730728125],[-2.5602571449607954,43.27444463217698],[-2.5601819532545194,43.274395718034583],[-2.5601817496410191,43.2743955848835],[-2.5601755422027064,43.274391823189717],[-2.5601732652448885,43.274390562789762],[-2.5601472403751728,43.274376505527684],[-2.5601429872932666,43.274374308249484],[-2.5601386456397188,43.27437226010759],[-2.5600902475280138,43.274350462853477],[-2.5600877635422452,43.274349372743778],[-2.5600806717755815,43.274346568439093],[-2.560077952726624,43.274345605291089],[-2.5600397207102805,43.274332491567478],[-2.5600351113684612,43.274330994376541],[-2.5600275795410967,43.27432888983752],[-2.560026483469557,43.274328617283395],[-2.5599789979845848,43.274316998736403],[-2.559974995767011,43.274316074772699],[-2.5599661366284767,43.274314149718919],[-2.5599643610324905,43.274313774598689],[-2.5599207826591064,43.274304822924229],[-2.5599053767240991,43.274298519835185],[-2.5598734129442424,43.274285353632422],[-2.5598148883398419,43.274261210309064],[-2.5598139397611019,43.274260821260157],[-2.5597980755338541,43.274254329997],[-2.5597396980699414,43.274230297958361],[-2.5597335562406123,43.27422786917991],[-2.559730539402449,43.274226675259143],[-2.5597060614903615,43.27421738010176],[-2.5596921998608662,43.274200121578694],[-2.5596835479056699,43.274189975162805],[-2.5596718914012468,43.274177956821795],[-2.5596636131470878,43.274170334042836],[-2.5596326692060489,43.274143075833315],[-2.5596212827645686,43.274130693838714],[-2.5596107908809023,43.274113887704956],[-2.5596071240048994,43.274107990855654],[-2.5596057433797119,43.274105651537305],[-2.5596054219550664,43.274105108220446],[-2.559595792046593,43.274088909615223],[-2.5595938467888195,43.274081302208742],[-2.5595912059082893,43.274070869168938],[-2.5595900763137029,43.274066359797928],[-2.5595877024469695,43.274058205059845],[-2.5595734954086766,43.274013491841899],[-2.5595652468633836,43.273986203933923],[-2.5595613358285201,43.273973152855874],[-2.5595608651147206,43.273971608548415],[-2.5595602436920979,43.273969601722541],[-2.5595495822028256,43.273927789941055],[-2.5595491864858642,43.273926270234824],[-2.5595447118781003,43.273911906810731],[-2.5595389624873368,43.273897787906392],[-2.5595323736984499,43.273884717511628],[-2.5595204521824666,43.273863150512753],[-2.5595200385453376,43.273862406937511],[-2.5595197343686826,43.273861864587253],[-2.559512952175397,43.27384981007058],[-2.5595109120288488,43.273846134623916],[-2.5595108341670927,43.273845994752136],[-2.5594893473081641,43.273803390290205],[-2.5594875023107049,43.273799825451235],[-2.5594782060761148,43.273782311641682],[-2.5594717046896602,43.273769941240424],[-2.5594715296196737,43.273769610095869],[-2.5594644783083824,43.273756256070413],[-2.5594643713259058,43.273756053053951],[-2.5594423071935712,43.273714385543464],[-2.5594411497542611,43.273712201061947],[-2.5594390748862055,43.273708385908243],[-2.5594308510806103,43.273694936417918],[-2.5594217999179927,43.273682404014721],[-2.5594214411834559,43.273681908278178],[-2.5594108854589424,43.273669357472642],[-2.559400824911243,43.273658888645691],[-2.5593886846188885,43.273646989973962],[-2.5593778907821352,43.273636357137299],[-2.5593777317051347,43.273636200744242],[-2.5593607227227855,43.273619476637577],[-2.5593588479214171,43.273617653179365],[-2.5593461411256593,43.273606216960331],[-2.559332437741848,43.273595411727911],[-2.5593303230979525,43.273593865588694],[-2.5593241566114164,43.273589399843054],[-2.559284767917358,43.273560764610707],[-2.559271823367566,43.273551881183742],[-2.559256306979393,43.27354247638236],[-2.5592399828435974,43.273533832960531],[-2.5592303185827241,43.273529250178854],[-2.5592211897568244,43.273525097180027],[-2.5592057957049468,43.273518038552396],[-2.5592053215792663,43.273517822414867],[-2.5591760880945835,43.273504472937034],[-2.5591682593155318,43.273501014699562],[-2.5591505296491519,43.273494001991779],[-2.5591322108636443,43.273487851456331],[-2.5591133804055217,43.27348258950493],[-2.5590941194375998,43.273478239862214],[-2.5590795536598017,43.2734756038884],[-2.559016408269712,43.273465365319964],[-2.5590113650185438,43.273464580482951],[-2.5589996765060206,43.273463005532506],[-2.5589955455752618,43.273462508758698],[-2.5589784857943383,43.273460349407493],[-2.5589771499010574,43.273460183073936],[-2.5589349180581107,43.273454977643198],[-2.5589254969847111,43.273453925593074],[-2.5589203307972213,43.273453441033034],[-2.5588685754725917,43.273448908421024],[-2.5588441608837873,43.273444727058617],[-2.558823153941546,43.273438981220416],[-2.5587836888927256,43.273423349124137],[-2.5587745834799076,43.273419885035032],[-2.5587562647549236,43.2734137344396],[-2.558750159308949,43.273411915362665],[-2.5587188996177046,43.273402882881399],[-2.558688252708976,43.273388863283493],[-2.5586802237568445,43.273385314193895],[-2.5586624941806013,43.273378301410716],[-2.5586539646025477,43.273375305073692],[-2.5586520119690785,43.273373683007513],[-2.5586283683143649,43.273354231799878],[-2.5586279027832215,43.273353850007716],[-2.5586181939258656,43.273345899265919],[-2.5585957430207866,43.273323403681928],[-2.5585847971922808,43.273310808972326],[-2.5585844280876104,43.273310385230275],[-2.5585746490362502,43.273299189841225],[-2.5585665815512395,43.273289892031286],[-2.5585634559499706,43.273286364557016],[-2.5585517998379146,43.273274346101644],[-2.5585390932649172,43.273262909793281],[-2.5585253901012162,43.27325210446449],[-2.5585230474653167,43.273250393545844],[-2.5585080849163315,43.273239579752598],[-2.5584977489632728,43.273225985171656],[-2.5584960543726964,43.273223786000685],[-2.5584854989174644,43.273211235109926],[-2.5584738428350313,43.273199216646596],[-2.5584654644517046,43.2731915051478],[-2.558447357046862,43.273175570873825],[-2.5584460898127079,43.273173749745787],[-2.5584343857869425,43.273156774037588],[-2.558426862488532,43.273146529228924],[-2.5584163070607939,43.273133978331714],[-2.5584046510066556,43.273121959861292],[-2.5583919444928167,43.273110523536516],[-2.5583834588977075,43.273103667058749],[-2.5583828081776554,43.273103162087487],[-2.5583803575202952,43.273098326137877],[-2.5583721340295336,43.273084876571367],[-2.5583627244518583,43.273071848344564],[-2.5583521690501305,43.273059297441414],[-2.5583460740258763,43.273052805873988],[-2.5582581426494828,43.272962565786905],[-2.5582525816625488,43.272957038873024],[-2.558239873979085,43.272945602526526],[-2.5582261709393519,43.272934797161867],[-2.5582115301163442,43.27292467072558],[-2.5581960140511857,43.272915265780711],[-2.5581796890013075,43.27290662220328],[-2.5581626249404152,43.272898777182235],[-2.5581464097773359,43.272892320351779],[-2.5579206326163333,43.272808739468324],[-2.5579191196404838,43.272808183437419],[-2.5579008011857467,43.272802032705478],[-2.5578849379175224,43.272797532105926],[-2.557622641014853,43.272729141684181],[-2.5572893619759767,43.272607108147312],[-2.557278505646372,43.272603132001812],[-2.5572757068702785,43.272599413958019],[-2.5571777416211909,43.272469237325744],[-2.5570991885802288,43.272364856634269],[-2.5570689540841416,43.272299020074506],[-2.5569751101702445,43.272094664555844],[-2.5568277563404647,43.271701085162022],[-2.5568228476118433,43.271689257453268],[-2.556819630570113,43.271682562642653],[-2.5567759664303811,43.271596089348421],[-2.5567721819209877,43.271588970019764],[-2.5567639602180705,43.271575520341329],[-2.5567545512144316,43.271562491981335],[-2.556743996402707,43.271549940929042],[-2.5567323409853291,43.2715379213872],[-2.5567196351132702,43.271526484876297],[-2.5567059314215177,43.271515680225065],[-2.5566912911904183,43.271505553594281],[-2.5566757757263243,43.271496147543047],[-2.5566594512710328,43.271487503749121],[-2.5566423890345327,43.271479658506721],[-2.556624660239728,43.271472646309228],[-2.5566063410842466,43.271466495366091],[-2.5565875114689378,43.271461233000721],[-2.5565859099165698,43.271460832389096],[-2.5565122237989875,43.271442566256603],[-2.5564945664454872,43.271438616795685],[-2.5564749569857428,43.27143519553951],[-2.5564550843502758,43.271432718747207],[-2.5564427520840081,43.271431783070192],[-2.5564350334928467,43.271431196653197],[-2.5564148881545536,43.271430636785901],[-2.5563947358190098,43.271431040384897],[-2.5563746627506867,43.27143240688433],[-2.5563716094344837,43.271432700300387],[-2.5563613220714503,43.27142660477935],[-2.5563449976795365,43.271417960940731],[-2.5563279355031665,43.271410115651584],[-2.5563102067715389,43.271403102505097],[-2.55629188766894,43.27139695151174],[-2.5562810146286501,43.271393787425083],[-2.556148406579656,43.271357312908648],[-2.5561404500629084,43.271355214569134],[-2.5561211899870173,43.27135086352763],[-2.5561015818091128,43.271347442212367],[-2.556081709211298,43.271344966255818],[-2.5560616571602384,43.27134344409172],[-2.5560222926870635,43.271343248091618],[-2.5559513373550433,43.2713462116429],[-2.5558968035466054,43.271261741668674],[-2.5558951996144343,43.271259296983644],[-2.5558857908448593,43.271246268552488],[-2.5558752362664321,43.271233717420365],[-2.555863581080581,43.271221697790374],[-2.55585276519307,43.271211867745862],[-2.5556718105867393,43.271056536326384],[-2.5556699208405109,43.271054929760894],[-2.5556562186728629,43.271044124989054],[-2.55564157749704,43.2710339982196],[-2.5556260623149556,43.271024592026428],[-2.555609738134951,43.271015948083189],[-2.5555926761658059,43.271008102684732],[-2.5555925914018744,43.271008066336826],[-2.5554650358794109,43.27095363017888],[-2.5554473933694868,43.270946654152326],[-2.5554290744914421,43.270940503021315],[-2.5554102451409362,43.270935240462798],[-2.5553909852502734,43.27093088929886],[-2.5553713772489366,43.270927467858954],[-2.5553515048182738,43.27092499177607],[-2.5553368862684582,43.270923785957962],[-2.5551811596266139,43.270913693205671],[-2.5551503975586569,43.270908492257576],[-2.5551248286299417,43.27082644604009],[-2.5551224417921321,43.270819324888009],[-2.5551166924784678,43.270805205754726],[-2.5551096914034201,43.270791391512532],[-2.5551014689412499,43.270777941710008],[-2.555092061647068,43.270764913218315],[-2.5550815073147266,43.270752362012999],[-2.5550698523702442,43.270740343202647],[-2.5550649223641524,43.270735722652631],[-2.5549818159798128,43.270659883704319],[-2.5549740381523107,43.270653066643597],[-2.5549603362045792,43.270642260888138],[-2.5549456964729131,43.270632134034607],[-2.5549301814937841,43.270622728647794],[-2.5549138575200048,43.270614084605533],[-2.5549081179707507,43.270611317656837],[-2.5545530659019642,43.270444267208532],[-2.5544450742925848,43.270371342112036],[-2.5544344785261019,43.270355038448614],[-2.5544326848432046,43.270320675133156],[-2.5544288945714566,43.270175368592668],[-2.554428395099793,43.270166132381718],[-2.5544265255175032,43.270151465534113],[-2.5544233476132785,43.270136918754794],[-2.5544188744894569,43.270122554226781],[-2.5544131254029891,43.270108435057431],[-2.5544085952436975,43.270099186747203],[-2.5543746201423088,43.27003432539135],[-2.5543721506953956,43.27002976032017],[-2.5543639284972168,43.270016310464001],[-2.5543545214768186,43.270003281911151],[-2.5543439674268993,43.269990730637346],[-2.5543323127722704,43.269978711751513],[-2.5543196064480718,43.269967274069089],[-2.5543059047630363,43.269956469135593],[-2.5542912653039971,43.269946342198281],[-2.5542760414444432,43.269937101740638],[-2.5542123309700586,43.269900893413812],[-2.5542120401322337,43.269900727495333],[-2.5541957164530484,43.269892083350797],[-2.5541786537477829,43.269884237737273],[-2.5541609269327905,43.269877225164073],[-2.5541426085058552,43.269871073827865],[-2.5541237795968672,43.269865811058565],[-2.5541045201362165,43.269861459679092],[-2.5540849125515819,43.269858038019855],[-2.5540650405290735,43.269855560814356],[-2.5540449890132755,43.269854039199181],[-2.5540248442204287,43.269853478913163],[-2.5540046936252661,43.269853882098246],[-2.5539956303318267,43.269854378935626],[-2.5539643599886133,43.269856431631005],[-2.5539611286796169,43.269852590255184],[-2.553949474133351,43.269840570430063],[-2.5539456545191279,43.269836968084327],[-2.5538869972087994,43.26978279970055],[-2.5538781118470077,43.269774964321734],[-2.5538644090511324,43.269764159330727],[-2.5538497697115758,43.269754032337111],[-2.5538342551309388,43.26974462590146],[-2.5538179315472109,43.269735981703221],[-2.5538008701666093,43.269728136038339],[-2.5537910069994147,43.269724098600776],[-2.5537590041531768,43.269711558152345],[-2.5537641471702104,43.269643647153764],[-2.5537681580021623,43.269590710068606],[-2.5537750566131185,43.269541740890105],[-2.5537881726782552,43.269448650677411],[-2.5537890208207026,43.269441518702777],[-2.5537897876166138,43.269426798193926],[-2.5537894236538117,43.269417075356159],[-2.5537892359279142,43.269412072541911],[-2.5537873665207704,43.269397405682689],[-2.553784188806659,43.269382858884548],[-2.5537797171193488,43.269368494335339],[-2.5537739682504235,43.269354375132977],[-2.5537669676433148,43.26934056080718],[-2.5537660820215669,43.269338991444059],[-2.5537126346269785,43.26924528677084],[-2.553705299536015,43.269233405334504],[-2.5536958915369405,43.26922037762246],[-2.5536853377568072,43.269207826287371],[-2.5536736833870193,43.269195806433594],[-2.5536609773418277,43.269184369578142],[-2.553647275948427,43.269173564565556],[-2.5536326367858369,43.269163437543874],[-2.5536171223881499,43.269154031078649],[-2.5536007989925351,43.269145386849345],[-2.5535837365722092,43.269137541147295],[-2.5535660100488555,43.269130527581815],[-2.5535476918993534,43.269124377051234],[-2.5535363250342176,43.269121076606076],[-2.553486113639027,43.269107335827862],[-2.5534443890953442,43.26909591714054],[-2.5533434471792078,43.269067486165227],[-2.5532619101509137,43.269022648777351],[-2.5532652697159679,43.269011974280268],[-2.5532686586447819,43.268997453111865],[-2.5532707423412568,43.26898280078089],[-2.5532712959825408,43.26897533808927],[-2.5532721621825409,43.268958499177138],[-2.5532770327124377,43.26886388384149],[-2.5532772459840847,43.268856626026917],[-2.553276693184181,43.268841901267159],[-2.5532748251553046,43.26882723350311],[-2.5532739797778281,43.268823365406341],[-2.5532716475919117,43.268812686689948],[-2.5532671748271198,43.268798323015623],[-2.5532614261294548,43.268784203786829],[-2.5532544269350144,43.268770389433918],[-2.5532492050205384,43.268761578701429],[-2.5531599144244486,43.268619308567338],[-2.5530785828304907,43.268430956646228],[-2.5530770384138672,43.268427476618427],[-2.5530700380692211,43.268413662248889],[-2.5530697935775026,43.26841322636907],[-2.5530212168577617,43.268326732402286],[-2.553013239674895,43.268313718327278],[-2.5530101038475901,43.26830914071639],[-2.5529516593667001,43.268226203715678],[-2.5529453875061514,43.268217752653101],[-2.5529348340523406,43.268205201248016],[-2.5529231800139387,43.268193182217608],[-2.5529104755557519,43.268181744382694],[-2.5528967732870771,43.268170939275088],[-2.5528821344886197,43.268160812157198],[-2.5528666204541208,43.268151406490603],[-2.5528502974389613,43.268142761253912],[-2.5528346762793954,43.268135534289478],[-2.5528347371798792,43.268132096552186],[-2.552835211000974,43.268067370278601],[-2.5528346583198021,43.268052644614741],[-2.552832790413103,43.268037977742459],[-2.5528296129945796,43.268023430915662],[-2.5528251403967199,43.268009066322342],[-2.5528193918741788,43.267994947070179],[-2.5528161754633993,43.267988252145443],[-2.5528075431465007,43.267971153686311],[-2.5527605155476913,43.26787799771499],[-2.5526861024247989,43.267705662999646],[-2.5526687576362939,43.267548827805065],[-2.5526937522394211,43.267431350917221],[-2.5526945541886992,43.267427343381542],[-2.5526962034926517,43.267416661310044],[-2.5527066769036937,43.267330398085463],[-2.5527071101436229,43.267326427827854],[-2.5527078784016091,43.267311707326677],[-2.5527073257498718,43.267296982560858],[-2.5527061302295859,43.267287595039456],[-2.5527054579019475,43.267282314784353],[-2.55270228055159,43.267267767952404],[-2.5526978080309877,43.267253404253012],[-2.5526920596075833,43.267239284993032],[-2.5526850607163154,43.267225470602888],[-2.552676839269564,43.267212019721732],[-2.5526674318048794,43.267198991022426],[-2.5526655588191201,43.267196637085782],[-2.5526648274472534,43.267195718452648],[-2.5526321690914475,43.267155455201653],[-2.5525624344158926,43.267032279767392],[-2.5525881358800055,43.266987875704999],[-2.5525883855011804,43.266987441756648],[-2.5525905837156473,43.266983243381127],[-2.5525955875228923,43.266973682903128],[-2.5526015423808648,43.266959609411266],[-2.5526062249904635,43.266945281514289],[-2.5526096151892292,43.266930760365142],[-2.5526116977369049,43.266916108036462],[-2.5526124647731163,43.266901388430561],[-2.5526119133860545,43.266886662767725],[-2.5526115383206327,43.266882689348854],[-2.5525977237114739,43.266753179037892],[-2.5525962309756256,43.266742483776987],[-2.5525930536783177,43.266727936940867],[-2.5525885812218929,43.266713573236132],[-2.552582832873556,43.266699453969665],[-2.5525758340678828,43.266685639571918],[-2.5525676127103076,43.266672189582508],[-2.5525582053511839,43.266659160873438],[-2.5525476522438235,43.266646609430765],[-2.5525359985767326,43.266634590359281],[-2.552532983340678,43.266631733994799],[-2.5525189187951627,43.266618631235744],[-2.5524701934872831,43.26657323816378],[-2.5524587847097311,43.266519723002041],[-2.5524568551279403,43.266511642781779],[-2.5524565000568487,43.266510324011925],[-2.5524331094803987,43.266424668486259],[-2.5524464076858573,43.266392003011369],[-2.5524482674557114,43.266387242324107],[-2.5524528855269306,43.266373144698598],[-2.552483199748004,43.266265383054503],[-2.552483264283647,43.266265151887417],[-2.5524866544725247,43.26625063074016],[-2.5524887382506996,43.266235979317251],[-2.5524895053132295,43.266221258810063],[-2.5524889539605917,43.266206533145045],[-2.552487084964139,43.26619186535774],[-2.5524839077203976,43.266177318517428],[-2.5524837026472076,43.26617654961823],[-2.552467643695306,43.26611696873627],[-2.5524305632192226,43.265979391040375],[-2.5525341163668518,43.265923264945727],[-2.5525604839976439,43.265908974147315],[-2.552563193383246,43.265907488171663],[-2.5525788449181541,43.265898204361868],[-2.5525936306220003,43.265888192288898],[-2.5526074885768932,43.265877494032743],[-2.5526203592898589,43.265866157085718],[-2.5526303013265541,43.26585613236761],[-2.5526308884885687,43.265855540356817],[-2.5526321881966818,43.265854228959455],[-2.5526429243967517,43.265841761682168],[-2.5526525219182812,43.265828807301446],[-2.5526581451128392,43.265820128995607],[-2.552732848831246,43.26569815592331],[-2.5527356446243812,43.265693449316679],[-2.5527428452258794,43.265679690445154],[-2.5527487999213805,43.265665616941718],[-2.5527519221552879,43.265656546154801],[-2.5527917431377563,43.265529748826708],[-2.5527043256926012,43.265479946272656],[-2.5526683236051859,43.265459435161503],[-2.5526702155015459,43.265456338655547],[-2.5526604375401787,43.265452716565683],[-2.5526580793776521,43.265451842896937],[-2.5524784729549954,43.26534330604224],[-2.5524783504000235,43.265343215516246],[-2.5524015558474886,43.265296811223202],[-2.5522851462622858,43.265226443529173],[-2.5522838812732869,43.265227557856662],[-2.5522720524211246,43.26523948594847],[-2.5522613162459105,43.265251954092818],[-2.5522517187333498,43.265264908442106],[-2.552243302186,43.265278293333331],[-2.5522361002881735,43.265292052169279],[-2.5522301455119085,43.265306125646582],[-2.5522270244511294,43.265315196424353],[-2.5521581975325232,43.265534346096381],[-2.5521287432086064,43.265582438093908],[-2.5520667520095843,43.265616036654762],[-2.5520610687609562,43.265619116503331],[-2.552016123579353,43.265634230397374],[-2.5520101322713624,43.265636303217121],[-2.5520073482831909,43.265637376474437],[-2.5520067304442455,43.265637614479019],[-2.5519923038601835,43.265643177783119],[-2.5519751285247523,43.265650889635609],[-2.5519586804380707,43.265659405748139],[-2.5519430301032648,43.265668689478147],[-2.5519282443469145,43.265678701467174],[-2.5519254499393735,43.265680858841975],[-2.5519143863257323,43.265689398740655],[-2.5519120877871484,43.265691315832342],[-2.551882379528466,43.265716371965652],[-2.5518777867188165,43.265720463697498],[-2.5518718060201642,43.265725791733836],[-2.5518599769906136,43.265737719781185],[-2.5518492406432225,43.265750187885004],[-2.5518396429710086,43.265763141297406],[-2.5518312262574789,43.265776527056879],[-2.5518240242073773,43.265790285865002],[-2.5518180692868389,43.265804359318984],[-2.5518133865823396,43.265818687186126],[-2.5518099962584002,43.265833208313907],[-2.5518088385451856,43.265840187787184],[-2.5517984696695559,43.265912067327733],[-2.5517975446795442,43.26591974017046],[-2.5517967774547015,43.265934460673037],[-2.5517973286385489,43.265949186341381],[-2.5517991962368014,43.265963853234517],[-2.551802373306657,43.265978400093623],[-2.5518025783706166,43.265979168994022],[-2.5518672446456159,43.266219101899487],[-2.5518520952416095,43.266272953406386],[-2.5518208139881673,43.266349793618708],[-2.5518189541706637,43.26635455429561],[-2.5518142714231127,43.266368882161196],[-2.551810881067774,43.266383403287492],[-2.5518087971151937,43.266398055597378],[-2.5518080298860957,43.266412776098804],[-2.551808581082621,43.266427500865404],[-2.5518104499228045,43.2664421686625],[-2.5518136270192717,43.266456715520206],[-2.5518139820695609,43.266458035192436],[-2.5518510393844287,43.266593748121899],[-2.5518738202559459,43.26670060102775],[-2.5518757497729125,43.266708680356828],[-2.5518802208223574,43.266723044984303],[-2.5518859690101783,43.266737164285331],[-2.5518929688974725,43.266750978729313],[-2.5519011901165629,43.266764428766415],[-2.5519105973511449,43.266777457528711],[-2.5519211503560979,43.266790008128957],[-2.5519256985302134,43.266794700259375],[-2.5519328039244851,43.2668020281628],[-2.5519358179085105,43.266804884538097],[-2.5519907295661985,43.266856040729351],[-2.5519914720807382,43.266862998830533],[-2.5519708671692305,43.266898598162463],[-2.5519706163118614,43.266899032104604],[-2.5519634153908277,43.266912790923207],[-2.5519574603907693,43.266926864381333],[-2.5519556490624979,43.266932405052692],[-2.551952777630671,43.266941192251103],[-2.5519493872753274,43.266955713380042],[-2.5519473033352953,43.266970365691058],[-2.5519465361312217,43.266985086192044],[-2.5519458767597332,43.267074984250435],[-2.5519464279875463,43.267089709915297],[-2.5519482968863794,43.267104376808241],[-2.5519514740488356,43.267118923660718],[-2.5519559463775279,43.26713328828923],[-2.5519616946206996,43.267147407585661],[-2.5519686933392149,43.267161222019496],[-2.5519692711170481,43.267162248111354],[-2.5520712884912675,43.26734244891076],[-2.5520789320467543,43.267354872842901],[-2.5520842572406197,43.267362499023136],[-2.5520834074561152,43.267369495911431],[-2.5520543839988368,43.267505901774967],[-2.5520535820065233,43.267509909305943],[-2.5520514993036452,43.26752456162226],[-2.5520507321166055,43.26753928212262],[-2.5520512833795634,43.267554006885454],[-2.5520517276489989,43.26755862080735],[-2.5520741532794853,43.267761403309514],[-2.5520748026969455,43.267767280486467],[-2.5520762261343966,43.267777334349773],[-2.5520794033610188,43.267791881197269],[-2.5520838757743949,43.267806244919015],[-2.5520880785254052,43.267816885062167],[-2.5521751761742344,43.268018603369853],[-2.5521767217680433,43.268022082514214],[-2.5521799381103278,43.268028777456593],[-2.5522188113356994,43.268105780718876],[-2.5522187309794404,43.2681167426652],[-2.5522114213518243,43.268160951195014],[-2.5522054075253111,43.268197328049872],[-2.5522039548589808,43.268208402584833],[-2.5522031876987259,43.268223123084553],[-2.5522037389966306,43.268237848745535],[-2.552205607990131,43.268252515631758],[-2.5522087852713704,43.268267062474692],[-2.552213257742463,43.268281427090905],[-2.5522190061510681,43.268295546372329],[-2.5522260050572978,43.268309360788479],[-2.552234226556795,43.268322810799233],[-2.5522436340998733,43.268335839531971],[-2.5522541874400879,43.268348390099575],[-2.552265205102946,43.268359796191696],[-2.5523433847779167,43.26843561876111],[-2.5523440210455912,43.268436232666787],[-2.5523567254563209,43.268447669663431],[-2.5523704276906001,43.268458474835057],[-2.5523850664680059,43.268468602918283],[-2.5524005805079688,43.268478008649694],[-2.5524169035547377,43.268486653049742],[-2.5524339644104193,43.268494498920425],[-2.5524516918505711,43.268501512665551],[-2.5524529957943978,43.268501986008957],[-2.5524547239107198,43.26850443933337],[-2.5524562751973892,43.268506640736199],[-2.5524949110112294,43.26857543433146],[-2.5525680087213152,43.268744723130169],[-2.5525781251626731,43.268768152275499],[-2.552579670791483,43.268771632314582],[-2.5525866710653444,43.268785446712954],[-2.55259189165379,43.268794257470361],[-2.5526585926210363,43.268900535468788],[-2.552658022181582,43.268911627865677],[-2.5526409712516789,43.268937572012078],[-2.5526346921818264,43.268947767731838],[-2.5526274899324606,43.268961526582068],[-2.5526215348814563,43.268975600069531],[-2.5526168521092663,43.268989928861785],[-2.5526134617938734,43.269004450005404],[-2.5526113791778609,43.26901910142805],[-2.5526106637646495,43.269032825316252],[-2.5526106121039676,43.269033821928808],[-2.5526100853471938,43.269105740896549],[-2.552610636756004,43.269120465653344],[-2.5526125046336934,43.269135133426808],[-2.5526156820560959,43.269149680256838],[-2.5526201546925082,43.269164043955193],[-2.5526259032767067,43.269178163214768],[-2.5526329036068636,43.269191977609573],[-2.5526411240745688,43.269205428485549],[-2.5526505318390891,43.26921845718379],[-2.5526610854142073,43.26923100771296],[-2.5526727395905375,43.269243027668992],[-2.5526854454618921,43.26925446463332],[-2.5526991467022246,43.26926526976029],[-2.5527079816936058,43.269271539125967],[-2.5527716367206397,43.269314940990014],[-2.5527774420007283,43.269318798766314],[-2.5527929563164058,43.269328204444335],[-2.5527965619623143,43.269330217572445],[-2.5529668418816356,43.2694238561402],[-2.5530073190501605,43.269446114424404],[-2.5530200367803171,43.26945274561696],[-2.5530370992152536,43.269460591402705],[-2.5530548257726728,43.269467605049897],[-2.5530731439745389,43.269473755659291],[-2.5530817598902993,43.269476292613895],[-2.5531617243702041,43.269498814969054],[-2.5531598735164907,43.26951195272401],[-2.5531545263997604,43.269549896332101],[-2.553153678175081,43.269557029202005],[-2.5531533779214333,43.269560509225947],[-2.5531432667897982,43.269693967231227],[-2.5531351364741783,43.269734028663407],[-2.5531348510140819,43.269735486301173],[-2.5531346576740246,43.269736479658974],[-2.5531325739243167,43.269751131084831],[-2.5531318069653346,43.269765851587728],[-2.5531314123497308,43.269819790585416],[-2.5531319638826804,43.269834516238866],[-2.5531338331382689,43.269849184007469],[-2.5531370107206963,43.269863730821925],[-2.553141482298531,43.269878094494047],[-2.553147231069278,43.2698922137265],[-2.553154231598104,43.269906028088542],[-2.5531624535145543,43.26991947803068],[-2.5531718614993477,43.2699325066854],[-2.5531824152975444,43.269945058066362],[-2.5531940697185678,43.269957077068376],[-2.5531978892957081,43.269960679439002],[-2.5532369938591608,43.269996792231503],[-2.5532458791703423,43.270004627659567],[-2.5532595806775324,43.270015432719163],[-2.5532742212131527,43.270025559792522],[-2.5532897357844888,43.270034965403134],[-2.553306058133582,43.27004361057196],[-2.5533231207700386,43.270051456315123],[-2.5533329839652388,43.270055492892467],[-2.5534385967722124,43.270096879083816],[-2.5534433664333558,43.270105372877481],[-2.5534513439323501,43.270118387820297],[-2.5534557704050931,43.270124774987273],[-2.5534947437904467,43.270178867657464],[-2.5534997254097984,43.270185508219249],[-2.5535102793189144,43.270198059569893],[-2.5535219338460116,43.270210079438925],[-2.5535346400768208,43.270221516308581],[-2.553548341683725,43.27023232133363],[-2.553562981086964,43.270242448365266],[-2.553578495751335,43.270251854837269],[-2.5535948194381581,43.270260499069352],[-2.5536118821724196,43.270268344769612],[-2.5536296090368129,43.270275357427614],[-2.5536479275323156,43.270281508845848],[-2.5536513986015956,43.270282557023918],[-2.553700503238602,43.270297132642234],[-2.5537158611716211,43.270301347305235],[-2.5537351207424757,43.270305698750299],[-2.5537547284505191,43.270309120469769],[-2.553774600613985,43.270311596829167],[-2.5537946522661925,43.270313119392661],[-2.553814797208152,43.270313679719848],[-2.5538155551712611,43.270313664667029],[-2.5538162586721445,43.270313682718978],[-2.5538167207624918,43.270331397561748],[-2.5538168878185505,43.270335688026968],[-2.5538212052588194,43.27041841344613],[-2.5538215375838083,43.270423359193749],[-2.5538234070219348,43.270438026950387],[-2.5538265847982125,43.270452573745033],[-2.5538310565804077,43.270466937389656],[-2.553836805565139,43.270481056586917],[-2.553843806316662,43.270494870906326],[-2.5538507694793222,43.270506408704101],[-2.5539140339068727,43.270603748032478],[-2.5539152916628165,43.27060566012144],[-2.5539246999131886,43.270618688713824],[-2.553935253984073,43.270631240025025],[-2.5539469086771094,43.270643259850594],[-2.5539596150773276,43.270654696672935],[-2.5539733168563714,43.270665501647024],[-2.5539832275675414,43.270672500881759],[-2.5539883642954115,43.270675969689705],[-2.5541546234192483,43.270788242115877],[-2.5541593523031962,43.270791369851345],[-2.5541637825054435,43.270794055194827],[-2.554174867205385,43.270800775342124],[-2.5541911911233735,43.270809419489318],[-2.5541969306584056,43.27081218647384],[-2.5545322928232803,43.270969973900712],[-2.5545397723621583,43.270976799734591],[-2.5545577317803132,43.27103442556519],[-2.5545601173346921,43.271041545823273],[-2.5545658665412483,43.271055664983479],[-2.5545690845352227,43.271062359861794],[-2.554612743929336,43.271148834886674],[-2.5546165281595812,43.271155954286087],[-2.5546247493326275,43.271169404117543],[-2.5546341578206486,43.271182432651372],[-2.5546447121408851,43.271194982996505],[-2.5546563670807916,43.271207002749676],[-2.5546690737309139,43.271218439493197],[-2.5546827757552442,43.271229245282775],[-2.5546974155853559,43.27123937216934],[-2.5547129306842362,43.271248777587253],[-2.5547258905805545,43.271255736399674],[-2.5548043403374647,43.271295598253268],[-2.5548077033272376,43.27129728350436],[-2.5548247665073283,43.271305129024228],[-2.5548424950381574,43.271312142400177],[-2.554860812735233,43.271318293620162],[-2.5548796421620334,43.27132355536861],[-2.5548989021391582,43.271327906618758],[-2.5549107655833572,43.271330094985075],[-2.5550631356583162,43.27135585934024],[-2.5550708803165532,43.27135709338517],[-2.5550907528758846,43.27135956951718],[-2.5551053715248129,43.2713607753671],[-2.555116998970806,43.271361529254676],[-2.5552138085788059,43.27136780286726],[-2.5552366055763911,43.271377531880688],[-2.555337564473227,43.271464195181871],[-2.5553570352125763,43.271480908750625],[-2.5554466144903372,43.271619664612949],[-2.5554482171750204,43.271622110199722],[-2.5554576259081969,43.271635138665872],[-2.5554681804757311,43.271647688935133],[-2.555479835664038,43.271659708604545],[-2.5554925413303211,43.271671145251972],[-2.5555062448408781,43.271681950047501],[-2.5555208849097348,43.271692077729398],[-2.5555364002507681,43.271701483035947],[-2.555552724602733,43.271710126989383],[-2.5555529910563015,43.271710258592016],[-2.5556559683093378,43.271761002719231],[-2.5556727640421357,43.271768716505804],[-2.5556904928055486,43.271775729750814],[-2.5557088107278099,43.271781880835491],[-2.5557276403713942,43.271787142444886],[-2.5557469017882997,43.2717914935576],[-2.5557665100881901,43.271794914933928],[-2.5557863828124772,43.271797391846079],[-2.5558064350052225,43.27179891405892],[-2.5558379826025641,43.271799364328352],[-2.5559110290866118,43.271797671417474],[-2.555970878988238,43.271796283818972],[-2.5559786961555755,43.271796029616112],[-2.5559923654080503,43.271795458652903],[-2.5560004947329196,43.271797694543913],[-2.5560083940742824,43.271799867409669],[-2.5560674308147409,43.271839317169317],[-2.5560709777023112,43.271841650530732],[-2.5560864931664762,43.271851055762944],[-2.5561028176367429,43.271859699638171],[-2.5561198799090392,43.271867544960699],[-2.5561376087529579,43.271874558136624],[-2.5561559279826724,43.271880709154715],[-2.5561747576957798,43.271885970690732],[-2.556188151900681,43.271888996892834],[-2.5561940179439908,43.271890321723546],[-2.5561990264218415,43.271891290244753],[-2.5562383442394254,43.271898634790332],[-2.5562529428899099,43.271901087559215],[-2.5562644278747801,43.271902638588969],[-2.5563831029671831,43.272219625634364],[-2.5563880128911056,43.272231452465043],[-2.5563881887798696,43.272231837645442],[-2.5565238394537921,43.272527236893026],[-2.5565306651480655,43.272540666767014],[-2.5565388881599356,43.272554116465081],[-2.5565459582878227,43.272564093104549],[-2.5567668534026118,43.272857621749473],[-2.5567847993356168,43.27288146894454],[-2.5567871383402441,43.272884520676101],[-2.5567976933957874,43.272897070822076],[-2.5568093490832626,43.27290909035559],[-2.5568220552577099,43.272920526855096],[-2.5568357580509944,43.272931331486468],[-2.556850399878329,43.272941458102615],[-2.5568659157348494,43.272950864129513],[-2.5568822406090397,43.27295950789361],[-2.5568993032885028,43.272967353100164],[-2.5569167314179095,43.272974256033137],[-2.5569600954869309,43.272990134394604],[-2.5569611215232024,43.27299071286474],[-2.5569756048084988,43.272998916359512],[-2.5569761742840251,43.272999237329401],[-2.5570590182945461,43.273045932059979],[-2.5570597350594548,43.27304633464157],[-2.557074022639525,43.273054339263865],[-2.5571479584770178,43.273096071195134],[-2.5571637753261918,43.273104427504911],[-2.5571808393147997,43.273112272674361],[-2.5571961515622554,43.273118329941944],[-2.5571985686420482,43.273119285686448],[-2.5572070550859833,43.273122267557667],[-2.5572162861148704,43.273125384678679],[-2.5572326481266914,43.273130958853692],[-2.557233547986264,43.273131263992326],[-2.5573283869559611,43.273163305776983],[-2.557342640976572,43.273168127995078],[-2.5573558006966741,43.273172438115033],[-2.5573746309055836,43.273177700354978],[-2.557378092503189,43.273178556584014],[-2.557476559489805,43.273202454078017],[-2.5574938346383287,43.273206677449942],[-2.5574942393622084,43.273206776265717],[-2.5575935142130644,43.273230932515958],[-2.5575941957364727,43.273231097235374],[-2.5576070622805087,43.273234204072743],[-2.5576095975822595,43.273234832496769],[-2.5576123187079158,43.273235496757508],[-2.5577117188398111,43.273259383250327],[-2.5577120743699546,43.273259468368167],[-2.557729476909091,43.273263632766408],[-2.5577448913097296,43.273267338342819],[-2.5577499749785577,43.273270025172422],[-2.5577897646030485,43.273294052107389],[-2.5578117060403858,43.273308065308072],[-2.5578254457046046,43.273316877235509],[-2.557826701824728,43.273317678101442],[-2.5578323066511826,43.273321234088925],[-2.5578412832389175,43.273327333413867],[-2.5578424105091124,43.273328739794003],[-2.5578498773438012,43.27333809206246],[-2.5578589257951285,43.273348734505724],[-2.5578705817843344,43.273360753031014],[-2.5578832882517468,43.273372189412989],[-2.5578923412251764,43.273379484845591],[-2.5579045815308903,43.273388925795722],[-2.5579047510685182,43.273389168675834],[-2.557913069641657,43.273401221122221],[-2.5579205343464375,43.273411381094121],[-2.557931089719383,43.273423932036231],[-2.5579427457370909,43.273435950554116],[-2.5579511240873845,43.273443662090735],[-2.5579730397812979,43.27346294737854],[-2.5579787281734561,43.273470454918638],[-2.5579789320338309,43.273470723144236],[-2.5579796876786154,43.273471714773891],[-2.5579915296568565,43.273487158470644],[-2.5579926834317144,43.273488649595308],[-2.5580032388327765,43.27350120053071],[-2.5580148948793555,43.273513219041206],[-2.5580276014054109,43.273524655407137],[-2.5580413045413102,43.273535460794918],[-2.5580436471745021,43.273537171723305],[-2.5580650875526345,43.273552667804402],[-2.5580809134540718,43.273570876900898],[-2.5580839217105416,43.273574269765668],[-2.5580920573365069,43.273582831292721],[-2.5581294957544367,43.273620345182245],[-2.5581330162091072,43.27362380215628],[-2.5581457227802278,43.27363523850908],[-2.5581492091651117,43.273638124456681],[-2.5581561030080215,43.27364373396324],[-2.5581679104361705,43.27365340283113],[-2.5581897544511043,43.273671373122241],[-2.558205483729882,43.273684720221944],[-2.5582062382438924,43.273685357963281],[-2.55821949893941,43.273695835652632],[-2.5582494078660094,43.273718012531674],[-2.5582498503743176,43.273718340208596],[-2.5582569600313381,43.273723590356752],[-2.5582716022846896,43.273733716791419],[-2.5582871185684648,43.273743121725659],[-2.5583034426240006,43.273751765282768],[-2.558320506940587,43.273759610282745],[-2.5583382365874527,43.273766623118803],[-2.5583565553753473,43.273772773781126],[-2.5583623447910906,43.273774501612394],[-2.5583691294521986,43.273776468306927],[-2.5583840840355916,43.273780899596744],[-2.5584125176931956,43.273793906713713],[-2.55841471762501,43.273794903915942],[-2.5584181570458537,43.273796447982441],[-2.5584239861042737,43.273798999888335],[-2.5584417157745505,43.273806012708384],[-2.5584600345847854,43.273812163354179],[-2.5584657539083304,43.273813871099428],[-2.5584792814127635,43.273817795309817],[-2.5584796675664014,43.273817906656902],[-2.5585063354158879,43.273825613106091],[-2.5585396466516133,43.273838807403493],[-2.558545753680745,43.273841264926723],[-2.558556655657418,43.273845446433199],[-2.558574974491175,43.273851597060641],[-2.5585846772316341,43.273854436747378],[-2.5585945162569512,43.273857176107171],[-2.5585962147440062,43.273857645499859],[-2.5586466415529747,43.273871437084161],[-2.5586540708541157,43.273873390040677],[-2.5586733319144725,43.273877739757623],[-2.5586843257830845,43.273879780302693],[-2.5587336586960503,43.273888229676913],[-2.5587442203925934,43.273890047034946],[-2.5587452174393071,43.273890207561806],[-2.5587531285978331,43.273891478017916],[-2.5587730021290018,43.273893954413793],[-2.5587781683525046,43.273894438980605],[-2.5587976580214695,43.273896145795668],[-2.5588396941327476,43.273899826936642],[-2.5588739895837431,43.273904054508634],[-2.5588826402005687,43.273905148615022],[-2.5588896673532076,43.273918419740106],[-2.5588961082632111,43.273930617952196],[-2.5588965775328401,43.273931506718952],[-2.5589031760654009,43.273944063022704],[-2.5589035480827906,43.273944766819277],[-2.5589036404839902,43.273944940965144],[-2.5589120879416956,43.273960855925502],[-2.5589343921246828,43.274005080879547],[-2.558937978656278,43.274011854492763],[-2.5589422365084133,43.274019524855163],[-2.5589424798254359,43.274019961617981],[-2.5589427839977268,43.274020503969737],[-2.558949484578219,43.274032413230422],[-2.5589555809635227,43.274056315243563],[-2.5589559766665122,43.274057834951748],[-2.558957969787294,43.274064776210182],[-2.5589596569698374,43.274070225120418],[-2.5589633970147223,43.274082704665247],[-2.5589635185792221,43.274083106740932],[-2.5589721845291611,43.274111774911589],[-2.5589729143265463,43.274114130638011],[-2.5589858051069969,43.274154703923735],[-2.5589880085666667,43.274163407300279],[-2.5589881080276666,43.274163798485134],[-2.5589964976254422,43.274196607722914],[-2.558996864567284,43.274198014762014],[-2.5590013390664259,43.274212378206364],[-2.5590070883616982,43.274226497136546],[-2.5590140907076719,43.274240311137468],[-2.559016762270951,43.27424494622025],[-2.5590401006990096,43.274284205477478],[-2.5590424966692562,43.274288265901617],[-2.5590449019227539,43.274292235414613],[-2.5590498966037063,43.274300268798683],[-2.5590500951716493,43.274300588328416],[-2.5590711713023806,43.274334346927802],[-2.5590744411364033,43.27433941563757],[-2.5590838510594618,43.274352443804467],[-2.5590944068334398,43.274364994638901],[-2.5590957432249586,43.274366460342655],[-2.5591258232109495,43.274399173079161],[-2.5591264847466295,43.274399889696817],[-2.559131009265712,43.274404769640903],[-2.5591406677764077,43.274414605715513],[-2.5591498387376532,43.274423011774317],[-2.5591561273124266,43.274428500025977],[-2.5591734110090667,43.274443725046346],[-2.5591864798541719,43.274459998170123],[-2.5591914318640812,43.274466264672895],[-2.5592011780660906,43.274477784047534],[-2.5592096259710178,43.274486657357372],[-2.5592138557713127,43.274490881525068],[-2.5592464727858073,43.274523668838775],[-2.5592502735452154,43.274527406001845],[-2.5592629805131937,43.27453884223042],[-2.5592766840949746,43.274549647470238],[-2.5592913267154005,43.274559773774534],[-2.5593068433661905,43.274569178570644],[-2.5593231677870762,43.274577821982575],[-2.5593402324658445,43.274585666830895],[-2.5593536521365512,43.274591074486771],[-2.5593713030578016,43.274597775298048],[-2.559379457592418,43.274602734948886],[-2.5593827648166996,43.27460467648207],[-2.5593851387435906,43.274605989498141],[-2.5594514288543162,43.274641723104978],[-2.5594555849519613,43.274643867808358],[-2.5594570377504984,43.274644573964501],[-2.5594744771482296,43.274652925396182],[-2.5594798499872677,43.274655357530186],[-2.5594805404745986,43.274655649238248],[-2.5595395152611915,43.274680459007044],[-2.5595459165534193,43.274682971637517],[-2.5595470129717759,43.274683367561124],[-2.5595695075668714,43.274691378257536],[-2.5595757395618537,43.27469344270385],[-2.5595769581831362,43.27469381118329],[-2.5596482823791979,43.274715066587248],[-2.5596545956185746,43.27471680267265],[-2.559655236529558,43.274716962721058],[-2.5596742672906228,43.274721679672218],[-2.5596972102312137,43.274732120620776],[-2.5597127768608465,43.274739223067506],[-2.5597130974555675,43.274739369276183],[-2.5597895113728426,43.274774141237408],[-2.5598162236346935,43.274791154747078],[-2.5598470785680654,43.274812181350676],[-2.5598603816556866,43.274821295708605],[-2.5598605410939035,43.274821402576855],[-2.5599044591785285,43.274865178324333],[-2.5599240389447218,43.274902314950161],[-2.5599456969089562,43.274957184300291],[-2.5599511500114387,43.274967981130715],[-2.5599542721787496,43.274982269997885],[-2.5599587469593308,43.274996633404015],[-2.5599644977810443,43.275010752290179],[-2.5599715004325261,43.275024566231913],[-2.5599797233018147,43.275038015676813],[-2.5599891335250446,43.275051043768954],[-2.5599996896053332,43.275063594519651],[-2.5600113463421601,43.275075612826434],[-2.5600240547989213,43.275087048975237],[-2.5600377586383281,43.27509785412397],[-2.5600479614218363,43.275105049352582],[-2.5600798032081262,43.275126490299506],[-2.5600842408346436,43.275129422167616],[-2.5600997577524307,43.275138826856434],[-2.5601060769185109,43.275142314341991],[-2.5601408396672962,43.275160992175216],[-2.5601508464252127,43.275166147990412],[-2.560167911375089,43.275173992715622],[-2.5601856416457376,43.275181005266298],[-2.5602039610452074,43.275187155633887],[-2.5602227921296352,43.275192416506464],[-2.5602420537126527,43.275196766860965],[-2.5602504225068197,43.275198348732282],[-2.5603152771829172,43.275209895258357],[-2.5603877300162932,43.275223425855962],[-2.5604073794487032,43.275243750102533],[-2.5604680555097197,43.27531638236411],[-2.5604739614899366,43.275323175645632],[-2.5604856195955024,43.275335194809344],[-2.5604983269627843,43.27534663090082],[-2.5605120309509131,43.275357435092431],[-2.5605266727312324,43.275367562134569],[-2.5605411440730337,43.275376371141334],[-2.5606390878091956,43.275432379841824],[-2.5606401347483052,43.275432975467844],[-2.5606564595828756,43.275441619590453],[-2.5606735246814822,43.275449463340038],[-2.560691255090549,43.275456475812611],[-2.5607036406325268,43.275460749255657],[-2.5608334078848594,43.275502972334323],[-2.5608393431168284,43.275504849176194],[-2.5608581743545966,43.275510109944548],[-2.5608774360837656,43.275514460192426],[-2.5608970458719016,43.275517880693513],[-2.5609169200217754,43.2755203567189],[-2.5609369735713745,43.275521878037232],[-2.5609612833432092,43.2755224323815],[-2.5611280534521121,43.275521425397528],[-2.5612091606432252,43.27554833625436],[-2.5612269449861147,43.275565007226433],[-2.5613441472891463,43.275730603609198],[-2.5614538107767029,43.2759395706208],[-2.5614562262963156,43.275944029073273],[-2.5614623578380611,43.275954273745285],[-2.5615188293213542,43.276042575401831],[-2.56152092109842,43.276045780967181],[-2.5615303318050073,43.276058808932326],[-2.561540888382182,43.276071358640266],[-2.5615525456078831,43.276083377690483],[-2.5615652533304774,43.27609481366347],[-2.5615789589076021,43.276105617732121],[-2.5615936010443421,43.276115744637913],[-2.5616091184456353,43.276125149122436],[-2.5616239896340542,43.276133069865359],[-2.5617314697775129,43.276186796376784],[-2.5617329249875826,43.276187518721471],[-2.561749989194595,43.276195363206639],[-2.5617677199444882,43.276202375512909],[-2.5617860398109142,43.276208525628071],[-2.5618048713480022,43.276213786241179],[-2.561821168846913,43.276217532469282],[-2.5620144048018294,43.27625767861651],[-2.5620173447111974,43.27625827787606],[-2.5622932290957943,43.276313442748126],[-2.5623643074851516,43.276340330615696],[-2.5623788644603449,43.27634860934316],[-2.5624234151891678,43.27639531033946],[-2.5624785262612737,43.276467325927499],[-2.5624798181695634,43.276468997627305],[-2.5624903750128021,43.276481547247862],[-2.5625020325038101,43.276493566201601],[-2.5625147404898074,43.276505002069435],[-2.5625284463273128,43.276515806024655],[-2.5626903554402598,43.276635351169723],[-2.5627476246708665,43.276677635260484],[-2.5627769574673178,43.276706524401909],[-2.562877463087335,43.276805511995988],[-2.562879497185544,43.276807491784567],[-2.5628922053074215,43.276818927610407],[-2.5629059100432503,43.276829732416147],[-2.5629205538128956,43.276839858256771],[-2.5629360716031053,43.27684926256179],[-2.5629523983811486,43.276857905461895],[-2.5629694629329096,43.276865749765726],[-2.562972764478896,43.27686714008901],[-2.5631361560260784,43.276934933408462],[-2.5631505855967656,43.276940555182513],[-2.5631546520026456,43.276942012354439],[-2.5633141308630281,43.276998109661605],[-2.56332838471742,43.277002801463851],[-2.5633472166273665,43.277008062724391],[-2.5633474762030612,43.277008127648187],[-2.5636068145256483,43.277073366306311],[-2.5636258173767041,43.27707765026954],[-2.5636391753950476,43.277080087456362],[-2.5636785785969134,43.277086595936332],[-2.5638635460300065,43.277117148093623],[-2.5639355673556814,43.277148214027058],[-2.5639986372024444,43.277191775747781],[-2.5641439791245242,43.277384801942802],[-2.564257694001014,43.277567314322695],[-2.5642610716483198,43.277572557081818],[-2.5642704831739938,43.277585584821601],[-2.564281040577741,43.277598134276865],[-2.5642926986340528,43.277610153048187],[-2.5643054084200751,43.277621588722013],[-2.5643154715530514,43.277629658285946],[-2.5644307583903516,43.277717709740919],[-2.5644343992080718,43.27772044390494],[-2.5644490422127553,43.277730569545632],[-2.5644645616976738,43.277739973648494],[-2.5644808876921314,43.277748617226806],[-2.5644979539289001,43.277756460407545],[-2.5645156854496234,43.27776347228928],[-2.5645249425566394,43.277766712281263],[-2.5646924181901238,43.277822837203331],[-2.5647014817133265,43.277825746874669],[-2.5647203139966361,43.277831007910031],[-2.5647395767369274,43.277835357510142],[-2.564753624327305,43.277837907047036],[-2.5648933428496106,43.277860737669961],[-2.5649010095310709,43.2778792857656],[-2.564895270481939,43.277984910821672],[-2.5648279247043346,43.278163281385275],[-2.5647162375545798,43.278365527354509],[-2.5645521798502635,43.278580303708537],[-2.5645456039990884,43.278589394067083],[-2.5645371882786643,43.278602779835381],[-2.5645299875484278,43.278616539418465],[-2.5645240342693114,43.278630614410012],[-2.5645235793756185,43.278631840910343],[-2.5644338966780551,43.278876813600853],[-2.564429669573332,43.278889914555087],[-2.56442789243436,43.278896817043659],[-2.5643672775529485,43.279154255610244],[-2.5643670157393821,43.279155366685409],[-2.564346010385202,43.279244576632294],[-2.5643362302155794,43.279286115576525],[-2.5643094445110726,43.279326962125694],[-2.5642754405547379,43.279378816350786],[-2.5642305603856332,43.279408861331909],[-2.5641685768612743,43.27945035625531],[-2.5641422010843407,43.279453777469293],[-2.5639287324677311,43.279481468044686],[-2.5639240605942542,43.279482101269323],[-2.563904400346714,43.279485371538762],[-2.5638850760636407,43.279489574164778],[-2.5638661692198657,43.279494690548439],[-2.5638554176732398,43.279498072215773],[-2.5638206884271573,43.279509570176558],[-2.5637071721673177,43.279547153923481],[-2.5636995157847977,43.279549781987718],[-2.5636816845999468,43.279556658347005],[-2.5636645067988839,43.279564371925332],[-2.5636480577977565,43.27957288969354],[-2.5636324056439674,43.279582174992505],[-2.5636176171719498,43.279592188457165],[-2.5636037580095783,43.279602887115956],[-2.5635908864031105,43.279614226168277],[-2.5635861133309592,43.279618842642549],[-2.5635217017453678,43.279682845834877],[-2.5635146441135395,43.279690157679866],[-2.5635039076604502,43.279702626846841],[-2.5634943102289118,43.279715582107144],[-2.5634858941214329,43.279728967793787],[-2.5634786930199667,43.27974272730637],[-2.5634757436031355,43.279749293934955],[-2.563411859764956,43.279899239289051],[-2.563409531988988,43.279904703420009],[-2.5633415839286635,43.280064185332016],[-2.5633385809192046,43.280071692736158],[-2.5633338997923856,43.28008602104611],[-2.5633338770288208,43.280086102000901],[-2.5632231144510449,43.280482853612078],[-2.5632213598983187,43.280489674223951],[-2.5631140781775263,43.280945259040642],[-2.5631139726487771,43.280945710670075],[-2.5631046274063012,43.280985390800573],[-2.5630402188845114,43.281150129417696],[-2.5630240278023555,43.281165245771398],[-2.5628626009379598,43.281223445427322],[-2.5628462902770512,43.281229777281951],[-2.5628291131315182,43.281237490734782],[-2.5628126623297103,43.281246008373181],[-2.5628023094800563,43.281252009110105],[-2.562653766015508,43.281341973818655],[-2.5626484661385138,43.281345258254269],[-2.5626336770767848,43.281355271586079],[-2.5626198173402588,43.281365970119886],[-2.5626184150366651,43.28136713445933],[-2.5624897312450128,43.281474696997378],[-2.5624782613442809,43.281484871580361],[-2.5624664313060643,43.281496799786972],[-2.5624575720024807,43.281506952837169],[-2.5622785404670028,43.281724767019782],[-2.5622398185843434,43.28177187603255],[-2.5622379408844074,43.281774192040942],[-2.5622283428559305,43.281787147187757],[-2.5622236339621187,43.281794635425143],[-2.5622199249499436,43.281800532769232],[-2.5622127245482096,43.281814292199563],[-2.5622068671914895,43.281828106295094],[-2.5620954122144388,43.282124362383009],[-2.562060076615122,43.282199004240944],[-2.5619414009940713,43.282265116536706],[-2.561933903429308,43.282269428955054],[-2.5619123459699238,43.282282228416243],[-2.5618628019064844,43.282311644075413],[-2.5617090944307894,43.282402906036268],[-2.5617014783864147,43.282407579070863],[-2.5616866901441191,43.282417592281313],[-2.5616728299999192,43.282428290696608],[-2.5616687776306195,43.282431699628084],[-2.5616044227297166,43.282486940420902],[-2.5615956025259106,43.282494869409199],[-2.5615837721122214,43.282506798421238],[-2.5615730347662988,43.282519267396985],[-2.5615722792970241,43.282520287427118],[-2.5615714690677707,43.282521381085324],[-2.5615634364852284,43.282532221584759],[-2.5615550183233418,43.282545608014942],[-2.5615478176828663,43.28255936740058],[-2.5615418633321938,43.282573441322128],[-2.5615371815877577,43.282587769549615],[-2.5615337926100303,43.282602290928999],[-2.5615335257556251,43.2826037513572],[-2.5615183474488776,43.282688831931111],[-2.5613618395545776,43.282950943689073],[-2.5613602136394604,43.282953716282186],[-2.5613530116737997,43.282967475649436],[-2.5613507023602748,43.28297255801003],[-2.5613268320794291,43.28302724251823],[-2.5612247087085742,43.283261194447469],[-2.5612233835364004,43.283264307666528],[-2.5612228379338715,43.283265622050088],[-2.5612004616204271,43.283319571178922],[-2.5611786371441392,43.283372190635582],[-2.5611763171491875,43.283378068960282],[-2.561171635255846,43.283392397170154],[-2.5611682461450509,43.283406918536102],[-2.5611661650544177,43.283421570984785],[-2.5611657221864199,43.283427111633436],[-2.5611566983040253,43.283570176736674],[-2.5611563759483569,43.283579356617004],[-2.5611569295205214,43.28359408130482],[-2.5611588010990762,43.283608748917175],[-2.561161981284354,43.283623295485107],[-2.561166456966177,43.283637658826258],[-2.561167120576179,43.283639475804335],[-2.5611728567600878,43.283654923635659],[-2.5612377082308226,43.283829573107639],[-2.561242796549708,43.283841874934986],[-2.5612439168818009,43.283844284367866],[-2.5613349960845251,43.284036469134747],[-2.5613600688693157,43.28413304084269],[-2.5613930372145424,43.284260022623656],[-2.5613932495823901,43.284260829351894],[-2.5613975707055716,43.284274759867813],[-2.5614204091905526,43.284338883829342],[-2.5614724257864454,43.284484923066778],[-2.5614735656772449,43.28449799674943],[-2.5614796557719837,43.284567839256837],[-2.5614853233214641,43.284632847361095],[-2.5614857145865382,43.284635860908033],[-2.5614871290192238,43.284646749319833],[-2.5614903093348693,43.284661295876553],[-2.5614929273900096,43.284670208785464],[-2.5615392593783444,43.284813732811337],[-2.5615387825377725,43.284880125680942],[-2.5615383402361984,43.284941709312335],[-2.5615378996599407,43.285003052526214],[-2.5615384533277927,43.285017778109427],[-2.5615389608936883,43.285021760999335],[-2.5615403238128542,43.2850324448073],[-2.5615435041605328,43.285046991361718],[-2.5615479800274268,43.285061355585654],[-2.5615537321463857,43.285075474372739],[-2.5615603947793768,43.285088614244998],[-2.5615607362940898,43.285089288199444],[-2.5615689608518948,43.285102737513782],[-2.5615783729491128,43.285115765460446],[-2.5615889310870963,43.285128315150914],[-2.5615900170529797,43.285129507923472],[-2.561649313107635,43.285194182166364],[-2.5616733133417586,43.28522035963212],[-2.5616838863563265,43.285231185885621],[-2.5616965959937761,43.28524262183408],[-2.5617103024021302,43.285253425873982],[-2.5617225237828833,43.285261965862617],[-2.5618530351100652,43.285348284415221],[-2.5618763668984266,43.28536371586091],[-2.5618777973005176,43.28536466232282],[-2.5618808010361165,43.28536845126726],[-2.5618819772397856,43.285423538855426],[-2.5618853105807529,43.285579772833536],[-2.5618564013329772,43.285852506683931],[-2.5618562514290479,43.285853986469725],[-2.5618554851126567,43.285868706092742],[-2.5618555710390472,43.285870988193281],[-2.5618560400958565,43.285883431677256],[-2.5618579106756219,43.285898099268614],[-2.5618610911424824,43.285912645812502],[-2.5618655671524824,43.285927009121998],[-2.5618658040236726,43.285927666466279],[-2.561928527766375,43.286100209252631],[-2.5619340419577639,43.28611367157044],[-2.5619410463089247,43.286127485372205],[-2.561949272321332,43.286140934662477],[-2.5619514909858121,43.286144029043079],[-2.5619577564679923,43.286152765909542],[-2.562065085783563,43.28629220554339],[-2.5620656951839815,43.286292995780954],[-2.5621023135603447,43.286340569618659],[-2.5621633970087263,43.286425057891734],[-2.562173919216896,43.286501098076357],[-2.5621740199550005,43.286501832338629],[-2.5621751004298785,43.286509638979069],[-2.5621779716364959,43.28661578564428],[-2.5621780134326499,43.28661734810612],[-2.5621785114750377,43.286626447381636],[-2.5621803833926919,43.286641114070527],[-2.5621835639737318,43.286655660604069],[-2.562188040106312,43.286670024800074],[-2.5621937925221272,43.286684143552307],[-2.5621954885705027,43.286687756394755],[-2.5622102831917726,43.286718408922134],[-2.5622385607474114,43.286776995858354],[-2.5622429647693337,43.286786120887228],[-2.5622648598087179,43.286831485316675],[-2.5622703314327402,43.286842824164019],[-2.5622756386585164,43.286853024197825],[-2.5622838648413091,43.286866473463064],[-2.5622932773604457,43.286879501348693],[-2.5623038359415862,43.28689205187171],[-2.5623154953669824,43.286904070830964],[-2.5623282054690786,43.286915506707942],[-2.5623419135956342,43.286926310675803],[-2.5623550187009574,43.28693543387346],[-2.5624624499728315,43.287005934128231],[-2.5624639897157899,43.287006937729885],[-2.5624795100067779,43.287016342090986],[-2.5624958394270134,43.287024985052405],[-2.5624967129426457,43.287025386397673],[-2.5625129067508836,43.287032829422422],[-2.5625306407268078,43.287039841611126],[-2.5625489639207868,43.287045990706389],[-2.5625677988535478,43.287051252099111],[-2.5625870643414856,43.287055602066616],[-2.5626066791622168,43.287059022288886],[-2.5626265571371141,43.287061498028784],[-2.5626466132942811,43.287063018155763],[-2.5626513782590199,43.287063238077955],[-2.5628112385756512,43.287069689580711],[-2.5628266241685034,43.287070029328326],[-2.5628467816337013,43.287069624619427],[-2.5628668584779222,43.28706825700489],[-2.5628867720653536,43.287065933372681],[-2.5629014089184681,43.287063594075647],[-2.5629071269618242,43.287062572290061],[-2.5631784557847648,43.287028343074851],[-2.5633234149253905,43.287017392254519],[-2.5633277264906118,43.287017066538539],[-2.5635130256114524,43.287024543448027],[-2.5636091980763971,43.287042498219257],[-2.5636836153133373,43.287070736948245],[-2.5637822613799455,43.287150843699465],[-2.5638427378090332,43.287229638730544],[-2.5639386371929129,43.287381475584709],[-2.5639512723137603,43.287422446150053],[-2.5640369705486936,43.287700341127966],[-2.5640395241307559,43.287707995782945],[-2.5640411206862286,43.287712269157353],[-2.5640962878042575,43.287854414724542],[-2.5641234242126534,43.287924337253749],[-2.5641228765630344,43.288001032915417],[-2.5641202830936649,43.288364231556983],[-2.5641199818399798,43.288406419750473],[-2.5641204367317254,43.28841987798647],[-2.5641323113885282,43.288578615235075],[-2.5641569306603089,43.28890772249472],[-2.5641570300850938,43.288908989823327],[-2.5641589025375295,43.28892365737677],[-2.5641620837050416,43.288938203852027],[-2.5641665604732959,43.288952567067163],[-2.5641723123193136,43.288966686612888],[-2.5641793175002601,43.288980500274313],[-2.564180758869075,43.288983035163284],[-2.564195011160936,43.289007682877745],[-2.5642281464124723,43.28906498664044],[-2.5642349319474023,43.289075900874948],[-2.5642443452211316,43.289088928598254],[-2.564254904589816,43.28910147803925],[-2.564266564819492,43.289113496798507],[-2.5642792769782017,43.289124932462471],[-2.5642875006627111,43.289131583082657],[-2.5644385786611821,43.28924897446862],[-2.5644440627316509,43.289253127569992],[-2.5644587084888655,43.289263253200957],[-2.5644733138054443,43.289272136939253],[-2.5645032908750705,43.289289254493504],[-2.5645034676608605,43.289289355117837],[-2.5647602831110081,43.289436003894899],[-2.5648361608291927,43.289488618417998],[-2.5648110396045189,43.289511879921776],[-2.5648009099646005,43.289520117526024],[-2.564721653171115,43.289584572657226],[-2.5646889468661627,43.28961117029494],[-2.5646875730443783,43.2896122951461],[-2.5646746995190859,43.289623633391869],[-2.5646657486986753,43.289632503092101],[-2.5646294984371822,43.289670330389576],[-2.5646266180465647,43.289673390000665],[-2.5646255801803304,43.289674593569501],[-2.5646158800538461,43.289685858343198],[-2.5646062812708572,43.289698813668451],[-2.5645989674556038,43.289710443206239],[-2.5645978627798258,43.289712199403951],[-2.5645906619652217,43.289725958963217],[-2.5645885367606471,43.289730980852589],[-2.56458470760239,43.289740033025488],[-2.5645800260014759,43.289754362260695],[-2.564576637335215,43.28976888371345],[-2.5645745556067627,43.289783535305297],[-2.5645741254527188,43.289788885111633],[-2.5645664939402253,43.289907771029554],[-2.5645664494338911,43.289908480423911],[-2.5645651293268967,43.289929030237005],[-2.5645647962194578,43.289938400973924],[-2.5645653506592105,43.289953125632636],[-2.5645672220071729,43.289967793172593],[-2.5645704033244954,43.289982339634484],[-2.5645748802635722,43.289996702831772],[-2.5645806335397205,43.290010821459482],[-2.5645855485891285,43.290020793872067],[-2.5646344425376113,43.290113119716629],[-2.5646351723190759,43.290114497499182],[-2.5646723327502725,43.290184666030285],[-2.5646744230969403,43.290188508151289],[-2.5646826490205905,43.290201957235681],[-2.5646920625619112,43.290214984920745],[-2.5646929824311608,43.290216154519236],[-2.5647462367265939,43.290283411847362],[-2.5647460568820106,43.290308632192122],[-2.5647420880698606,43.290321363124107],[-2.5647284012024398,43.290335933638048],[-2.5646300148974239,43.290388744068736],[-2.5646261662711272,43.29039084280349],[-2.5646105114714586,43.290400129107852],[-2.5645957217563802,43.290410142674098],[-2.5645845086903036,43.290418685892533],[-2.564447184216418,43.290528984681785],[-2.5644461477530123,43.290529816363502],[-2.5643673784931589,43.290593083583715],[-2.5643647300870884,43.290595238206883],[-2.5643528813453518,43.290605616823377],[-2.5643456975447303,43.290612306906148],[-2.5643456206057786,43.290612378650039],[-2.5643262954302641,43.290630377308695],[-2.5641817080882929,43.290765035311011],[-2.5641655956317329,43.290780041342607],[-2.5641210753793526,43.290821503639279],[-2.5638391677829664,43.291084049055577],[-2.5637970632306732,43.291123262077605],[-2.5635689548926481,43.291275741454271],[-2.5635682203903305,43.291276232104693],[-2.5634995546750741,43.29132213224829],[-2.5634781536767828,43.291336437251061],[-2.563442221074324,43.291360456796419],[-2.5634334957375855,43.291366522320544],[-2.5634196338531146,43.291377220923309],[-2.5634067584858506,43.29138855901553],[-2.5633985883464074,43.291396796768112],[-2.5633601844676259,43.291422143139378],[-2.563290063394176,43.291507557951093],[-2.5632414360477074,43.291624789751097],[-2.5632147351954395,43.291713544423864],[-2.5632333162374059,43.291794802772714],[-2.563275734272588,43.291980303090277],[-2.5632989868103344,43.292081985514905],[-2.5635098454351528,43.292845511640344],[-2.5635064650896369,43.292851052785608],[-2.56351487146868,43.29287616991207],[-2.5635143494848869,43.292949156602475],[-2.5635033234073381,43.292958011983963],[-2.5634750235804584,43.292980740583012],[-2.5633835879515598,43.293008953329519],[-2.5632779145639053,43.293056910983701],[-2.5632310352692764,43.293078186375901],[-2.563025919287794,43.293207514205029],[-2.5630024124744462,43.293233630521826],[-2.5629689882068649,43.293270764803992],[-2.5629490110160167,43.293338323010225],[-2.5629333695639231,43.293391220263196],[-2.5629361448779333,43.293560032204581],[-2.5629363955698281,43.293575290574957],[-2.562939131972291,43.293618712259089],[-2.5629598038428685,43.293946672522239],[-2.5629566152433765,43.293989460151714],[-2.5629630571807609,43.294099010538282],[-2.5629492508825118,43.294206854623901],[-2.5629356503023422,43.294286138671033],[-2.5629047615219589,43.29435266285553],[-2.5628039975067365,43.294469695168836],[-2.5625453018630133,43.29468556500121],[-2.5622662841881851,43.294934134147205],[-2.5618202410544839,43.295264700875769],[-2.5617483457742956,43.295317983045948],[-2.5616959421722671,43.295356819030815],[-2.5616481837150236,43.295392213222648],[-2.5613180844483203,43.295636848239475],[-2.5607492035709281,43.295912768761497],[-2.5606500338632148,43.295959474782983],[-2.56025566359052,43.296126822712139],[-2.5600476253574387,43.296215100797944],[-2.5596361719478233,43.296389694415275],[-2.5596256964998476,43.296394345485375],[-2.5592683688142568,43.296560190161664],[-2.5591374515428478,43.296620952087167],[-2.559132870776375,43.296623119849507],[-2.5591313685563395,43.296623892957918],[-2.5591178560296002,43.296630842857276],[-2.5588474119975819,43.29677895242142],[-2.5588459712659759,43.296779745573339],[-2.5588303139464128,43.296789031065238],[-2.5588155217321349,43.29679904386203],[-2.5588024353970225,43.296809102857019],[-2.5586363530551304,43.296944919717703],[-2.5586355754555439,43.296945558745591],[-2.5586226980141022,43.296956897179719],[-2.5586108642019463,43.296968824938887],[-2.558600123682472,43.29698129359025],[-2.5585905224664462,43.296994248383555],[-2.5585821028729292,43.297007633653841],[-2.558574898598089,43.297021392802364],[-2.5585716781438372,43.297028595764097],[-2.5585142108198418,43.297164831556074],[-2.5585114747882778,43.297171702314785],[-2.5585077343577285,43.297182784252193],[-2.558471441548174,43.297303376103862],[-2.5584676683768048,43.297315913957867],[-2.5584667251939148,43.297319160979335],[-2.5584633346397623,43.297333682223574],[-2.55846125239795,43.297348334582431],[-2.5584606906072551,43.297355949408768],[-2.558454952966458,43.297469600485996],[-2.5584540564445231,43.297487355005366],[-2.5584454748673595,43.297657367524536],[-2.5584452705857985,43.297664472268984],[-2.5584453032303269,43.297669161092308],[-2.558451427174699,43.297956862913445],[-2.5584167733886827,43.298143224377561],[-2.5584022243739408,43.298180904700601],[-2.5583304602542514,43.298366768072611],[-2.5582907402634101,43.298462496605893],[-2.5582361288563282,43.298594111284103],[-2.5581232651412074,43.298826465014741],[-2.5580790970888474,43.298867279726622],[-2.558005772715584,43.298935038788507],[-2.557990680118551,43.298948985324898],[-2.557622161765988,43.299154995180629],[-2.5575585965502872,43.299190529108415],[-2.5573594506455284,43.299301854208217],[-2.5573047496393646,43.299332432846725],[-2.5570857682882999,43.299423901189414],[-2.556765508077206,43.299557672015773],[-2.5566353195234273,43.299592587959118],[-2.556634748820378,43.299592741526574],[-2.556327707210976,43.299675088459495],[-2.5562539200064327,43.299694877985011],[-2.5561733078059508,43.299716497729499],[-2.5561534223448596,43.299721639635138],[-2.5561162737446326,43.299731244760544],[-2.5559268150845265,43.299780230979025],[-2.5554132014129602,43.299913027469827],[-2.555399623324023,43.299916803449413],[-2.5553909216619419,43.29991951062653],[-2.5552666976138951,43.299959817636136],[-2.5552639580167815,43.29995628438467],[-2.555263903057222,43.299956213034648],[-2.5546407299060543,43.300146794755143],[-2.5541235814930725,43.300303931823784],[-2.5541231255508103,43.300304069617766],[-2.5540618009184439,43.300309918561084],[-2.5539090654495511,43.300330219071576],[-2.5535689567585846,43.300276045055149],[-2.5531993503163859,43.30018134126373],[-2.5531509035120354,43.300168966086666],[-2.5530910701566754,43.300153682037745],[-2.5526937726107146,43.300052195106318],[-2.5526555607224095,43.300042434158591],[-2.5525476790515165,43.300021026068983],[-2.5523997181338807,43.299991663964548],[-2.5522560501580318,43.299963154099977],[-2.5522527581415231,43.299963016950102],[-2.5521335677176715,43.299958046221306],[-2.5517624710929407,43.29994256882685],[-2.5516880084578264,43.299945475436523],[-2.5516857306732801,43.299945564659119],[-2.5515453381330824,43.299951043796533],[-2.5514226144670871,43.299988653833466],[-2.5513947844860585,43.299998905381379],[-2.5513927842607949,43.299999643117445],[-2.5512790844961155,43.300041525955805],[-2.5512652090884229,43.300046966128882],[-2.5512582323784958,43.300049960702076],[-2.5512087957345808,43.30007182531179],[-2.5511230991227309,43.300109726173673],[-2.551112890668545,43.300114443241803],[-2.5510964331352151,43.300122959137262],[-2.5510807737897094,43.300132242653476],[-2.551065979497078,43.300142254432991],[-2.551052112211027,43.300152952397688],[-2.551039233925148,43.300164289066835],[-2.5510335056632094,43.300169856638249],[-2.5508540349455338,43.300350037346149],[-2.5508479272487357,43.300356397623815],[-2.5508371845469813,43.300368865529165],[-2.5508275811558514,43.300381818753067],[-2.5508191593839182,43.300395204334784],[-2.5508119529563511,43.300408962976704],[-2.5508105861240535,43.300411917420803],[-2.5506561688759541,43.300753650449614],[-2.5505749308558125,43.300931245039784],[-2.5504359083883958,43.301095655751915],[-2.5504358586490818,43.301095713185845],[-2.5503018456839528,43.301254306638661],[-2.5502127678677682,43.301333793856955],[-2.5501278955632203,43.301365251714138],[-2.5501267136770571,43.301365689191456],[-2.550119221773596,43.3013684664582],[-2.5495324424042933,43.301482184017999],[-2.5488872362733246,43.301599140322779],[-2.5487750177244188,43.30161948210062],[-2.5483086192540214,43.301737334870744],[-2.5482007394479731,43.301764594340874],[-2.5481903714165273,43.30176781665363],[-2.5481509444556036,43.301775077096714],[-2.5480019730966919,43.301814253712884],[-2.5477617147702829,43.301889894444763],[-2.5477528614796134,43.301892681481398],[-2.5477517554396751,43.301893029188058],[-2.5476174939950793,43.301935298911339],[-2.5475909467704247,43.301948433372239],[-2.5473938388346693,43.302045958574688],[-2.5473562508462781,43.302064556503531],[-2.5472773222674481,43.30208590198847],[-2.5470760306006017,43.30214034019766],[-2.5469463806260397,43.302179606348943],[-2.5467439479001599,43.302257610783691],[-2.5467437710884764,43.302257678517961],[-2.5467083933134873,43.302271310852547],[-2.5465686496313995,43.302331208423809],[-2.5465059539988348,43.302358081712839],[-2.5463417710846699,43.302412964698775],[-2.5459610348874784,43.302486211058941],[-2.5453346089484099,43.302562751586791],[-2.5446992659432603,43.302658477097943],[-2.5443891868385147,43.302717386794086],[-2.5441486658495971,43.302763080397],[-2.5441470807961766,43.302763508101513],[-2.5441376705419279,43.302766047713057],[-2.5438908848167201,43.302832659592568],[-2.5438868029568322,43.302833760785937],[-2.5436885791011892,43.302887265177176],[-2.5433154523122252,43.302992344509491],[-2.5432640336655417,43.303004540330384],[-2.5432300476939207,43.303012601499383],[-2.5432290361179524,43.303012841484289],[-2.5431728139919469,43.303026176973241],[-2.5430925723203601,43.303047985261337],[-2.5430364652562796,43.303063234619081],[-2.5429559541544742,43.303085116472907],[-2.5429001002584237,43.30312334019662],[-2.5428527203582001,43.303200062685733],[-2.5428290478397964,43.303238395177502],[-2.5428144209931949,43.303629210822727],[-2.5428303108917922,43.303785739948466],[-2.5428795990249902,43.304271246670893],[-2.542881839701379,43.304282386202317],[-2.5428827870545563,43.304287100290637],[-2.5429008239874653,43.304376804985118],[-2.5429020625837992,43.30438296547414],[-2.5429021291385516,43.304383298009576],[-2.5429023051544326,43.304383667000792],[-2.5430726721379369,43.304875855247047],[-2.5430762988038809,43.304885504647565],[-2.5432444008003308,43.30529407412169],[-2.5433063786800481,43.305444708169475],[-2.5433108657950703,43.305454555496318],[-2.5435035213640611,43.306122446713985],[-2.543539894167131,43.30645739871202],[-2.5435189596875305,43.306881090923653],[-2.5434570352686889,43.307070844188679],[-2.5434494629217532,43.307084564870536],[-2.5434487163903619,43.307085462349605],[-2.5434486666597933,43.307085517079081],[-2.5434384115417168,43.307096727378266],[-2.5431284674576933,43.307435542647681],[-2.543086943504695,43.30748103003998],[-2.5425332981155724,43.307778849923722],[-2.5419871663992724,43.30792920206882],[-2.5419681122120688,43.307934457384874],[-2.5419412725060155,43.307941859729027],[-2.5419401711091112,43.307942391091217],[-2.5415757497988616,43.308118229625791],[-2.5409650582881218,43.308384018938533],[-2.5409431872007167,43.308398008932677],[-2.5409272124987763,43.308403977891153],[-2.5409233858774019,43.308406333440239],[-2.5409208451211271,43.308407897244301],[-2.5407479666718187,43.308514325402705],[-2.5406478645074424,43.308601496634118],[-2.5405826359692667,43.308718710280615],[-2.5405259709813004,43.308863724826551],[-2.5404896352955868,43.309028044900899],[-2.5405001195614791,43.309124518017995],[-2.5405142524753379,43.309254551468825],[-2.5405722760251601,43.309509079406162],[-2.5405411963721449,43.309603703499789],[-2.5405192124986304,43.309656165941512],[-2.5405169162957022,43.309677474169092],[-2.5405037462933286,43.309768581867253],[-2.5404932859284819,43.309840950203771],[-2.5404931293074084,43.30986174025746],[-2.5404922550117561,43.309977631136334],[-2.540488740396027,43.309987332061738],[-2.5404886824616946,43.309987493011022],[-2.5404643772565949,43.310054749647691],[-2.5404384378273472,43.310126141820582],[-2.5404282067489956,43.310142038825433],[-2.5402309669989789,43.310445691106743],[-2.5401886567511887,43.310510844770555],[-2.5401850206297834,43.310518005904974],[-2.5401747343146308,43.310538268085509],[-2.5400434149492903,43.310796927982295],[-2.5396722193241108,43.311352373466249],[-2.5396465494622147,43.311376416838641],[-2.5396454367313264,43.311377458692476],[-2.539635319045388,43.311386935812813],[-2.5395788911225927,43.311499912475163],[-2.5395682014822558,43.311540066794308],[-2.5395487867458453,43.311612994178425],[-2.5395596167225922,43.311728377448027],[-2.5396108939221866,43.31191013690475],[-2.5396714792805355,43.312021448643584],[-2.5398168221184156,43.312205217261599],[-2.5398511162580362,43.312248579015034],[-2.5398739500371614,43.31226623970803],[-2.539903330507308,43.312306458890461],[-2.5400130648180008,43.312402684660753],[-2.5400177113572515,43.312406759009619],[-2.5400398027949076,43.312455500491879],[-2.5400540707331731,43.312486980247265],[-2.5400536073778985,43.312548422031284],[-2.5400505135357121,43.312623953507376],[-2.5400500220703353,43.312635979847862],[-2.5399631685052144,43.312904756708058],[-2.5399641518602412,43.31292413941685],[-2.5399634172377161,43.312926547888353],[-2.5399561532327724,43.312974062847346],[-2.5399533677942423,43.313343329399437],[-2.5399526892558675,43.313433282403707],[-2.5399550600896759,43.313462286680014],[-2.5399560909290937,43.313468345504255],[-2.5399508685523284,43.313565773840352],[-2.5399761708295929,43.313830729043353],[-2.5400017525544918,43.314058663034793],[-2.540180244835772,43.314697308146904],[-2.5401852343346212,43.314713819185435],[-2.5402259083076268,43.314848430011338],[-2.5402355007067494,43.314924559934845],[-2.540284788418139,43.31531572049122],[-2.5402294497333879,43.31593064196052],[-2.5402074932769119,43.316773528534213],[-2.5401881005820908,43.316951676278137],[-2.5401194896299253,43.317581975295163],[-2.5400711395224884,43.317786828477622],[-2.5400284939629212,43.317894583073475],[-2.5399439579447445,43.317990822507127],[-2.5398961144771706,43.318018737827835],[-2.5398941479839956,43.318020465098108],[-2.539791771184889,43.318110363666385],[-2.5395370259205809,43.318271668295687],[-2.5393880402979905,43.318373592650893],[-2.5392165257059465,43.318470702255141],[-2.5391767922551218,43.31850144316136],[-2.539097673947734,43.318603101124673],[-2.5390430757882623,43.318723745837445],[-2.5390411869586731,43.318727918146422],[-2.5390407036429434,43.318730512215971],[-2.5390368306975679,43.318751298063368],[-2.5390334952412341,43.319192508506042],[-2.5390350386536897,43.319216737016092],[-2.5390518507221946,43.319336462880742],[-2.5390281664114713,43.319566062262119],[-2.5390058984386141,43.319736190366321],[-2.5389932931211869,43.319855750836545],[-2.5389927548345845,43.319926945982353],[-2.5390310482249441,43.320021080990252],[-2.5390579205336565,43.320078146778769],[-2.5391626287149718,43.320158309548432],[-2.53917397768807,43.320165782240636],[-2.539306234890542,43.320252868723912],[-2.5393508756292817,43.320279239203259],[-2.5394248400093171,43.320296678158549],[-2.5395709685516237,43.320319435735236],[-2.5396917742191998,43.320334161796012],[-2.5397813988719768,43.320345913226859],[-2.5398597488836541,43.320353568075809],[-2.5399334084624412,43.320360764581878],[-2.5399714414336843,43.320372277718185],[-2.5403329294828669,43.320546978914855],[-2.5403360199689984,43.32054847168574],[-2.5404267584982301,43.320592323864986],[-2.5404658092136714,43.320611195855861],[-2.5405020606204545,43.320633307236115],[-2.5405030587012969,43.32063391635262],[-2.5406725956931178,43.320737321410469],[-2.5407381047253828,43.320946431875008],[-2.5407392057403517,43.321062235014949],[-2.5407425405641084,43.321421800711533],[-2.5407426861613605,43.321435218098514],[-2.5407470992843622,43.321471524216498],[-2.5407607497920721,43.321509488245191],[-2.5407721906918508,43.321529704407048],[-2.5408862993537524,43.321706291789084],[-2.540939271332999,43.321763503302243],[-2.541035395463167,43.321838987130299],[-2.5405274180785002,43.32191708826646],[-2.5405108044808453,43.321919639152988],[-2.5401353837087957,43.321977284049147],[-2.5400949906752035,43.321985675975178],[-2.5400461508155696,43.322002047981933],[-2.540029197025798,43.322009633683294],[-2.5399191547645223,43.322062588162012],[-2.5398625270522088,43.322097658257142],[-2.5397668680783734,43.322173091815486],[-2.5397580566510323,43.322180350056705],[-2.5397269816825592,43.322212371304566],[-2.539704020583307,43.322247846931397],[-2.539700638347242,43.32225476683432],[-2.5396144846097131,43.322443335836084],[-2.5395991217841587,43.322501533524395],[-2.5395603709603281,43.322989097995297],[-2.5395581495464508,43.323017044618382],[-2.5395571465113806,43.323029662276163],[-2.5395566874345574,43.323041456405278],[-2.5395610788782186,43.323080553885674],[-2.5395747289979163,43.323118518043529],[-2.5395758212974155,43.323120863626833],[-2.5396218790779082,43.323211724966676],[-2.5396432111624194,43.323245037663227],[-2.5396738012832261,43.323277307068565],[-2.5397075270686309,43.323302655571538],[-2.5400187976444326,43.323502458397428],[-2.5400980709192105,43.323539335697291],[-2.5406187653216872,43.323706841978861],[-2.5406287632615436,43.323708927069703],[-2.5406768886100903,43.323718961429535],[-2.5406771188887354,43.323719009178028],[-2.5407005324597236,43.323723828794975],[-2.5407625231708573,43.323730110767087],[-2.5408132987901482,43.323735267134005],[-2.5409779501248235,43.323751956154005],[-2.5414803390972827,43.323877693924047],[-2.5415820816165646,43.323961033758323],[-2.5416096386625773,43.324003195503714],[-2.541656448978062,43.324273339839564],[-2.5416105591395062,43.325406289775181],[-2.5416144309562219,43.325449076948125],[-2.5416477205360346,43.325598325853733],[-2.5416477444111689,43.325598431302723],[-2.5416502677290778,43.325609779054659],[-2.5416625146022294,43.325664838782288],[-2.5416628717483261,43.325666551079621],[-2.5416765237443846,43.325704514977993],[-2.5416989502430494,43.32574017284837],[-2.5417169277150022,43.32576059518393],[-2.5418082464032814,43.325852807537963],[-2.5418694469561882,43.325898885891974],[-2.5421350139590104,43.32604895222503],[-2.5421423855866689,43.326053117527877],[-2.5421425968336999,43.326053237233658],[-2.5422886286930702,43.326135853238327],[-2.5423721876990255,43.326210385150375],[-2.5423769991045875,43.326214674362348],[-2.5425322007135729,43.326353027135518],[-2.5425691821700016,43.326405131340408],[-2.542589300996132,43.326518309043749],[-2.542589548354266,43.326519698535719],[-2.5426107245940783,43.326638425468175],[-2.5426077337751933,43.326658943898636],[-2.5425187356564707,43.326750254353776],[-2.5424910122229276,43.326778660895442],[-2.5424713780839077,43.326798779578496],[-2.5423156301465277,43.326958617656423],[-2.5423049324094205,43.326970640954514],[-2.5423007023785367,43.326975486488038],[-2.5422777409550736,43.327010962600632],[-2.542263518998968,43.327048814868796],[-2.5422612191121221,43.327059431041462],[-2.5421757952527444,43.327528676750028],[-2.5421731873689817,43.327563874124628],[-2.542185187533184,43.327920412512491],[-2.5421937137166002,43.327967630509299],[-2.5423208309483782,43.328352273552902],[-2.542363402520976,43.328481389116149],[-2.5423316644650722,43.328749327701601],[-2.5423037559360062,43.32898360455971],[-2.5423026326165501,43.32900178926284],[-2.5423070262192558,43.329040886606947],[-2.5423136464731364,43.329062704118101],[-2.5423893524969623,43.329263718530569],[-2.54240504217882,43.329305299496284],[-2.5424194148078305,43.32934339312984],[-2.5424194668249416,43.329343529306698],[-2.5424533271621308,43.329433710295113],[-2.5424541077106522,43.329559777157016],[-2.5423839936743691,43.329648911862215],[-2.5422876049147067,43.329771078132225],[-2.5422401056225827,43.329805285429032],[-2.542240067176107,43.329805313189276],[-2.5422005797429295,43.3298337148832],[-2.5416001666017549,43.330265556424564],[-2.5413373597552282,43.330383918497851],[-2.541319954121446,43.330391757395198],[-2.541319835302895,43.330391810946018],[-2.5411684603068454,43.33046003457963],[-2.5409361388132612,43.330489320735225],[-2.5409358486720905,43.330489356489352],[-2.5407025580953522,43.330477794537273],[-2.5406578961491331,43.330462667625675],[-2.5406538359116184,43.330461300636756],[-2.5404860156365547,43.330404438130628],[-2.5403714699268383,43.330365618489466],[-2.5398388566958179,43.329988527378511],[-2.5397909601898512,43.329960780741331],[-2.5394400048952583,43.329795899446957],[-2.5394379989739542,43.329794956697164],[-2.5394379559530269,43.329794936713917],[-2.5392913217575259,43.329726091658351],[-2.5391997699669293,43.32969708837404],[-2.5387602748156484,43.329616346963277],[-2.5387040761974982,43.32960999722436],[-2.5383686564375396,43.329594806640678],[-2.5383679449668075,43.329594774054101],[-2.5382715592992828,43.329601498589284],[-2.5376184838359515,43.329724743947139],[-2.5375736230615429,43.32973599836366],[-2.5369141065787435,43.329943586303671],[-2.5368873908918448,43.32995311300445],[-2.536170266871145,43.330241594382102],[-2.5361434151011348,43.330254544787451],[-2.5361291640614883,43.330261417793906],[-2.5361285445931032,43.330261775463605],[-2.53602608963131,43.330320249658456],[-2.5359201911405393,43.330380752921378],[-2.5358096565275083,43.330443904418047],[-2.5355814545858686,43.330574084300693],[-2.5355745156447398,43.330578198218497],[-2.5355363137135076,43.330605777108374],[-2.5355052322039353,43.330637797132191],[-2.535482265439192,43.330673271833405],[-2.5354807626380342,43.3306762372317],[-2.5353514353835505,43.330942516740102],[-2.5353470269482736,43.330954474882375],[-2.5353387110110308,43.330977402700952],[-2.5353337259056778,43.331016462195109],[-2.5353381151700058,43.331055559773333],[-2.5353409924389179,43.331066466967755],[-2.5353794970613341,43.331193407448595],[-2.5353986288299066,43.331256517011482],[-2.5354707070268137,43.331493899558609],[-2.5354890210128245,43.331534854591119],[-2.5356030189171825,43.331726394039158],[-2.5356552352448669,43.331786126107112],[-2.5361470484727571,43.332190354900213],[-2.536177005739364,43.332215029990373],[-2.5361787979247383,43.332216506800378],[-2.5361990245005046,43.332233157190721],[-2.5361865861099706,43.332295328178176],[-2.53592096242184,43.332463085989914],[-2.5354175935924275,43.332668507236541],[-2.5353792455361677,43.332684166150422],[-2.5353053619692103,43.332714334680382],[-2.5352586290885668,43.332728101848694],[-2.534719714776386,43.332887002158337],[-2.534666393167154,43.332907405645599],[-2.5340509501974107,43.333201329750317],[-2.5339816207438921,43.333234093976067],[-2.5331605880591814,43.333440821821789],[-2.5330996494885243,43.333440933257883],[-2.5325454020563614,43.333442271197562],[-2.5325206014302921,43.333443070288745],[-2.5324179208894315,43.333449403972118],[-2.5322838937528998,43.333457590381748],[-2.5317560528979746,43.333489918069624],[-2.5317300062712422,43.333492332706527],[-2.5317138229537819,43.333495418039419],[-2.5316779969242287,43.33350229489718],[-2.5316387967892009,43.333514830790747],[-2.5316120731819591,43.3335250765833],[-2.5314066996412059,43.333603475357734],[-2.5312547716692246,43.333661562447432],[-2.5312451204127977,43.333665394847721],[-2.5312009104965658,43.33368772501305],[-2.5311627046375924,43.333715302408955],[-2.5311579846910792,43.333719515197558],[-2.5308946382183444,43.333957416023665],[-2.5308430467983443,43.334025188725697],[-2.5307822327082414,43.3341532540177],[-2.5307449915304114,43.334231710905705],[-2.5307283371887568,43.334295935022801],[-2.5307148116963942,43.334530537949917],[-2.5307168690626267,43.334567735158018],[-2.530808216219151,43.335104420534137],[-2.5309013418174464,43.335650657896885],[-2.5308793876157631,43.335810398474578],[-2.5307136613223697,43.336009529393941],[-2.5307106716311094,43.336013299034541],[-2.5301026098169528,43.33638332036486],[-2.5300650213300715,43.336410539734729],[-2.5300339339717199,43.336442558212191],[-2.5300270791515618,43.336451624631849],[-2.5295376273977648,43.33713251673764],[-2.5293152825466989,43.337441718282513],[-2.5289733735909827,43.337642012391811],[-2.5281666799784293,43.337915603929922],[-2.5277069184807757,43.33807152887551],[-2.5276688213537257,43.338084518178015],[-2.5273205730634771,43.338194375578482],[-2.5273169656510071,43.338195515952137],[-2.5271133044209217,43.338259882247151],[-2.5263557955934917,43.338366129497494],[-2.5263556313404543,43.338366152229099],[-2.5261812180779959,43.338346970516866],[-2.52581974628976,43.338173936029271],[-2.5258063475567143,43.338167757393329],[-2.5257577487936311,43.33815098754355],[-2.5257065863634471,43.338140737132917],[-2.5257058929050382,43.338140597388247],[-2.5256650855721574,43.338137186524953],[-2.5256576853008603,43.338136975743424],[-2.5255545798610246,43.338133396501277],[-2.5253816681258749,43.33812745646884],[-2.5253689633255703,43.338127223656315],[-2.5253153979133067,43.338130423082056],[-2.5252633835779901,43.338140382324283],[-2.5252173732349279,43.338155589098328],[-2.524975305103915,43.338253813991848],[-2.5249488208157875,43.338264599483544],[-2.5245812619602845,43.338413718157362],[-2.5244130974458714,43.338447506403128],[-2.5244129740840382,43.33844750589018],[-2.5244127273603936,43.338447504864249],[-2.5240552698279566,43.338519224824466],[-2.52371535703411,43.33858741491364],[-2.5236521732957131,43.338605791173848],[-2.5234004821358278,43.338703522418712],[-2.5233998639156363,43.338703699933298],[-2.5233962751396573,43.338705125704628],[-2.5233829111586088,43.338710292646738],[-2.5233726403901824,43.338714301887748],[-2.523366700685028,43.338716618314841],[-2.5233654635398741,43.338717063386099],[-2.5231303527825055,43.338808379862478],[-2.5230915993626355,43.338826227351348],[-2.5227158361660198,43.33902951311007],[-2.5226469634065816,43.339081091811479],[-2.52237742859081,43.339361538400283],[-2.5223392543884033,43.339415586284609],[-2.5221729851907768,43.339757784481023],[-2.5220875419320814,43.339829913994734],[-2.5211122437603914,43.339932898460603],[-2.5208236967030846,43.339962665537875],[-2.5204490911955499,43.340001171072643],[-2.5202270096328578,43.33997204740718],[-2.5202256552500431,43.339971864336498],[-2.5199085834620738,43.339848342310162],[-2.5199022103629405,43.339843002882922],[-2.5199000607485127,43.339833989324795],[-2.5199507661374732,43.339426746939907],[-2.5199532654045154,43.339407037497025],[-2.5199551506891797,43.339386965295624],[-2.5199570281693502,43.339367883560264],[-2.5199526482268308,43.339328785492377],[-2.5199398519083069,43.339293163867382],[-2.519938759372383,43.339290908147746],[-2.5199018726955424,43.339212593947082],[-2.5198171757706969,43.339033228215513],[-2.5198106234494726,43.339019333720749],[-2.5198095316327436,43.339016987957429],[-2.5197871131617338,43.338981325915206],[-2.5197565258079413,43.338949051292211],[-2.5197382597278448,43.338934387244855],[-2.5187781351420298,43.338226466970852],[-2.5185746783338212,43.33804254851286],[-2.5180541006091977,43.33757175995391],[-2.5175455328904102,43.336987382369678],[-2.5171870697118601,43.336392020352761],[-2.5171654694345009,43.33636239427738],[-2.5170077763302552,43.336180286978632],[-2.5166964294229652,43.335820410961212],[-2.5166582900362728,43.335776397678082],[-2.5166334451179808,43.335751530194287],[-2.5165979146591972,43.335720764591606],[-2.5164637570184807,43.335604579190502],[-2.5163352363746618,43.335493189874605],[-2.5163065669634963,43.335468396191146],[-2.5163065400110707,43.335468372665368],[-2.5162994977556834,43.33546226661872],[-2.516112378815516,43.335300000282039],[-2.5161062532336285,43.335294661686682],[-2.5160499327621806,43.335256694363913],[-2.515938260512907,43.335198294676758],[-2.5159301549377928,43.335194056151167],[-2.5158176252561364,43.335135230403743],[-2.5157066929651632,43.335077221717732],[-2.5157062016924514,43.335076949501286],[-2.5156823595859978,43.335065682912806],[-2.5156337661137811,43.335048908777189],[-2.5155832349220417,43.335038779870111],[-2.5155819146274396,43.335038514046921],[-2.5155284058609726,43.335034865679738],[-2.515512737659428,43.335035069447166],[-2.5153956396283519,43.335038895544663],[-2.5153402368703022,43.335040731835242],[-2.5153023418923501,43.335043722839863],[-2.5152503286005055,43.335053677538497],[-2.5152129801883976,43.335065495281093],[-2.5145250444335789,43.335324069230801],[-2.5145135358049391,43.33532861269687],[-2.5144693186038807,43.335350936353223],[-2.5144328426293261,43.335377074764708],[-2.5127765293366791,43.336776630270762],[-2.5117196004929605,43.337387403093231],[-2.5117141467027504,43.337390621443753],[-2.5116759297472813,43.337418192258852],[-2.5116448322527987,43.33745020568351],[-2.5116332328047761,43.337466004142328],[-2.5114304321185776,43.337772552938908],[-2.5114190482293095,43.337792224246932],[-2.5114048045658635,43.33783007250252],[-2.5113999781514775,43.337862738354836],[-2.5113858365625261,43.33816478015919],[-2.5113856619382258,43.338171172634311],[-2.511390036304177,43.338210271011349],[-2.5114036721505255,43.338248238362794],[-2.5114169351383744,43.338271166543471],[-2.5115528574771981,43.338474529257226],[-2.5115957756277472,43.338522346532933],[-2.5118136332310024,43.338707959665086],[-2.511882984444985,43.338751747566867],[-2.5121933380009254,43.338894983135134],[-2.512202435110134,43.338898983929809],[-2.5122510306854045,43.338915759522216],[-2.5122521034001766,43.338915985608409],[-2.5122764015694914,43.338921090344535],[-2.5122949983268366,43.338925041595346],[-2.5123043630721273,43.338926432207771],[-2.5123948038417625,43.338940234573741],[-2.5131046526105982,43.33904879179476],[-2.5131048160859843,43.339048867228321],[-2.513882618090916,43.339402827637088],[-2.5141326560745951,43.339561109267805],[-2.5144493477606691,43.339761634463464],[-2.5145127839965116,43.339882384422403],[-2.5145171270341984,43.340126966005052],[-2.5143719310427302,43.340203158272431],[-2.5143490178474037,43.340215206296435],[-2.514315434113144,43.340232864751826],[-2.5142927661995498,43.34024478324033],[-2.5141341901765148,43.340327941918858],[-2.5130604910869039,43.340768628298541],[-2.5129714115492634,43.340805189207607],[-2.5129711937046748,43.340805278325298],[-2.5128287274218306,43.340863651271604],[-2.5128133752568242,43.340870429323218],[-2.5113131056888527,43.341572775631704],[-2.5112791548167603,43.341591089853033],[-2.5111309830718449,43.341683563468386],[-2.5110622910070606,43.341726401539866],[-2.5104609194650536,43.342101659252158],[-2.5098790680416392,43.342349943506214],[-2.5089305549890462,43.342535600373871],[-2.5087731284703825,43.342566350151642],[-2.508502511881384,43.342619304769322],[-2.5082676061942508,43.342665298707679],[-2.5081040003292911,43.342697281629967],[-2.5079920672631624,43.342701302437781],[-2.5078830957940479,43.342705245833756],[-2.5076384782124488,43.342670516107596],[-2.507632562998221,43.342669680235552],[-2.5075516816818846,43.342658177207873],[-2.5070828225476971,43.342591494184873],[-2.5070792484630875,43.342591028554999],[-2.507025733613315,43.342587376184959],[-2.5069721633926365,43.342590566993636],[-2.5069612944544994,43.342592050910419],[-2.5061559068259629,43.342713919262749],[-2.5059836076363848,43.342737577447245],[-2.5058235365740971,43.34275948730145],[-2.5056956784003912,43.342776999673909],[-2.505284630659335,43.342833298954538],[-2.5052697091699279,43.342835342371558],[-2.5050739418637118,43.342862229344647],[-2.5048458147369081,43.342893478156263],[-2.5046549877407069,43.342919665437378],[-2.5046306493389148,43.342923792154586],[-2.5041006336955927,43.34302954967967],[-2.5036417952662147,43.343121206418779],[-2.5035684514270375,43.343143579507434],[-2.5024970604237584,43.343596804398466],[-2.5024577897706992,43.343616443531388],[-2.5020287146367184,43.343869674430429],[-2.5019847787738092,43.343901539244463],[-2.501879641487827,43.3439945483847],[-2.501840370795215,43.344029224863618],[-2.5017271541775035,43.344129492337473],[-2.5017234264779429,43.344132717727007],[-2.5015693228364926,43.344269095148213],[-2.5015510403723709,43.344286934480174],[-2.501108488914912,43.344768547979349],[-2.5010803290774049,43.344799269244938],[-2.5010695232489653,43.344811059456148],[-2.5009965739342883,43.344890341209087],[-2.5007687584727103,43.345138322152273],[-2.5004015112310043,43.345538050206386],[-2.5003883034337728,43.345553840474444],[-2.5000397097247347,43.346010287271184],[-2.4999063830706763,43.346184752312176],[-2.4998792184620471,43.346232357504618],[-2.4998211747033592,43.346380537839458],[-2.4997962951309503,43.34644405138912],[-2.4997907792804663,43.346458107637929],[-2.4997509283080359,43.346559651132281],[-2.4997179126544795,43.346643608962445],[-2.4997060797304367,43.346702266689405],[-2.4997010850158112,43.346949869203215],[-2.4997086683192875,43.34700302905464],[-2.4997941376936215,43.347277770665208],[-2.4998045361113612,43.347303659119042],[-2.4998269458669093,43.347339324983786],[-2.4998572822443417,43.347371333653157],[-2.500095415332829,43.34758154977834],[-2.5001747131163619,43.347631331171783],[-2.500327778317383,43.34769818322053],[-2.500363942765913,43.347711667902423],[-2.5003654183789332,43.347712127276061],[-2.5014695772898343,43.348060195103592],[-2.5014705954462153,43.348060468776744],[-2.501502449242007,43.348068982722666],[-2.501950637940316,43.34816809408165],[-2.5019805761128562,43.348173537115045],[-2.5020566161385691,43.348184403486528],[-2.5024278164692242,43.348237885025469],[-2.5025704068083052,43.348258315217628],[-2.5026427492850765,43.348268714891766],[-2.5028276110718286,43.34829527156041],[-2.5031449574966294,43.348340862814453],[-2.5031671463317728,43.348343390425718],[-2.5035922714261165,43.348381344511914],[-2.5036971972380089,43.348390624302994],[-2.5036998542623063,43.34839086274669],[-2.5037766625789115,43.34839776031496],[-2.5037783258376853,43.348397909802728],[-2.504544244330229,43.348466152898062],[-2.5045444976431299,43.348466410624205],[-2.5046319899647767,43.348554957363],[-2.5047734305291116,43.348838401849228],[-2.5048346237223034,43.348915115168083],[-2.5050988108730348,43.349262482406893],[-2.5053004525160993,43.349669458547119],[-2.5053028037530498,43.349674235709038],[-2.505313197978503,43.349695356642627],[-2.5053758405830004,43.349821690824882],[-2.5053769856315542,43.349821386921917],[-2.5053825179702991,43.3498199187989],[-2.5053827801284161,43.34982060787781],[-2.5054354322841967,43.34995908733444],[-2.5056053760259083,43.35015215857576],[-2.5057196803056421,43.350268180581843],[-2.505738158793946,43.350287079880324],[-2.505815309379356,43.350359179267187],[-2.5058261506525219,43.350369339984226],[-2.5058274940237184,43.350370599217435],[-2.5059129597573593,43.350526093781397],[-2.5059692619035432,43.35062416566749],[-2.5059836574978229,43.350685824146218],[-2.5059755633688794,43.350765502568194],[-2.5059702750350801,43.350805335516398],[-2.505994615522078,43.350865225239907],[-2.5060166106652586,43.350935578881227],[-2.506016419042798,43.350939579660647],[-2.5060162676358573,43.350942729686963],[-2.5060140356271257,43.350989723621566],[-2.5060105317697814,43.351041394410835],[-2.5060087196057923,43.351067049454755],[-2.5060067679865821,43.351094684889745],[-2.5060022875081018,43.351114631250987],[-2.505988845996304,43.351174477536517],[-2.5059716439167716,43.351226359289917],[-2.505965321172746,43.35124524146179],[-2.5059607949100018,43.351258963701781],[-2.5059567190208463,43.351271317399714],[-2.5059343207304923,43.351324887558626],[-2.5059071043790242,43.351394374890944],[-2.5058814423984597,43.351454774370637],[-2.5058385373915226,43.351526445032931],[-2.5058121584193387,43.351568742321959],[-2.5058115341730893,43.351569640076157],[-2.5058106646118872,43.351570356680092],[-2.5057343052621759,43.351628646105638],[-2.5056977682545369,43.351660634320815],[-2.5056792641658516,43.351676766975729],[-2.5055550719258521,43.351760218853464],[-2.5054107251986601,43.351842805450055],[-2.5053184749793975,43.351891320808754],[-2.5051615474612485,43.351955861652748],[-2.5050096584018982,43.352011365545103],[-2.5049415570854898,43.352037849312445],[-2.5049041201160112,43.352054021448495],[-2.5049006240386928,43.352054670847593],[-2.5048612681215499,43.352087103118862],[-2.504831103621715,43.352111961854071],[-2.5047825653630142,43.352141123522841],[-2.5047823598487438,43.35214120727543],[-2.5047115366605759,43.352170975672209],[-2.5046990318747215,43.352176144137275],[-2.5046279290724529,43.35220129105489],[-2.5043744378985684,43.352263595418982],[-2.5039413675929474,43.352389043520681],[-2.5037191388257192,43.352470942574087],[-2.5036815568338371,43.352485910676087],[-2.5036627988116806,43.352490861895816],[-2.5035794785297214,43.352524717430967],[-2.5035545794478198,43.352521457775374],[-2.503496521507163,43.352514002139742],[-2.5034088309623095,43.352523886572023],[-2.5033491778139947,43.352530470976532],[-2.5032834300589912,43.352527844277169],[-2.503211512812654,43.352525190741957],[-2.5031219317120512,43.352524801596743],[-2.5031097161075726,43.352524748526044],[-2.5030188364516444,43.352532277630395],[-2.5029357582672636,43.352536418853383],[-2.5028417358502799,43.352535920141179],[-2.5028084668695421,43.352530102675999],[-2.5027339188746884,43.352517172258594],[-2.5026695579402642,43.352502326708333],[-2.5026682733659742,43.352502029376218],[-2.5026437630049472,43.352481698654849],[-2.5026433928676379,43.352481390891811],[-2.5025636442103947,43.352470688875904],[-2.5025118784149827,43.352478477734913],[-2.5024460748514139,43.352482693741749],[-2.5023802617150781,43.352488080255817],[-2.5023175421435173,43.352492399652007],[-2.5022501644166213,43.352508044428369],[-2.5021986716726481,43.352513366196696],[-2.5021958250257224,43.352513660860481],[-2.5021874264164627,43.352514614801365],[-2.5021630185070105,43.35252675469885],[-2.5021150685971283,43.352550768112231],[-2.5020381153676956,43.352575465637067],[-2.5019439426912435,43.352593334739879],[-2.5018968467178162,43.352588357247022],[-2.5018641748670905,43.352584973326401],[-2.5017735468907931,43.352561707101309],[-2.5017188272976254,43.352553454699759],[-2.5016372219252818,43.352573629429855],[-2.5015990655440286,43.352637305159419],[-2.5015672388313681,43.352696506204019],[-2.5015495721497993,43.352744333220542],[-2.501518261190943,43.35279040971902],[-2.5015178477718565,43.352791018423119],[-2.5015065579587414,43.352828608080621],[-2.5014574379372054,43.352889984845348],[-2.5014254701637699,43.352966383852284],[-2.5014107944467217,43.353025659614545],[-2.5013759297492677,43.35307908446979],[-2.5013441306006063,43.353134863852929],[-2.5013091608225571,43.353186037100478],[-2.5012493028013543,43.353232599550068],[-2.5012209060729385,43.353249584286736],[-2.5011747731373331,43.353292694792252],[-2.5011577372281697,43.353308648521015],[-2.5011166632578323,43.353351781067836],[-2.5010596470252771,43.353427980657052],[-2.5010260979777184,43.353501491202643],[-2.5010211971668967,43.353512275235644],[-2.5009862846282629,43.353571462646045],[-2.5009435405924014,43.353622601857225],[-2.5009251497919407,43.353652239197309],[-2.5008838242978682,43.353697104829095],[-2.50085887741302,43.35394911327159],[-2.5009205883622538,43.354236563444779],[-2.501057832004729,43.354521003334867],[-2.5011864170608229,43.354745297478743],[-2.5014105935128548,43.355031785472605],[-2.5015972566385249,43.355149474896571],[-2.5020148857380877,43.355369908254119],[-2.5024879673969616,43.355632543223706],[-2.5025665389628435,43.35569056336427],[-2.5025811947482355,43.355708151680766],[-2.5025946468392402,43.35573819519923],[-2.5026056654176534,43.355790001934601],[-2.5026052017563072,43.355846768841275],[-2.502586460701377,43.355900115585058],[-2.5025592571580302,43.355957340679012],[-2.502556699316302,43.355960631507052],[-2.5023559343473365,43.356109489582074],[-2.501999615208518,43.356311635892972],[-2.5018802118829617,43.35636287472348],[-2.501754257926057,43.356375683368739],[-2.5016148479726517,43.356355040023551],[-2.501263343676746,43.35624831979311],[-2.501053400832411,43.356178948227743],[-2.5009961440508901,43.356185377070432],[-2.5009340231093566,43.356226847311525],[-2.5009314616598166,43.356260229350731],[-2.5009471776366561,43.356297030015952],[-2.5011514634558742,43.356498279626216],[-2.5012013921485323,43.356548586761775],[-2.5012124565152591,43.356613507987205],[-2.5012015979360056,43.356659353901321],[-2.5011976053657419,43.356664686966596],[-2.5011933566441318,43.356703400422575],[-2.501131579134531,43.356812712218847],[-2.5011263304806479,43.356957809554814],[-2.5011084704921007,43.357156162154375],[-2.5010304821980616,43.357262440690526],[-2.5009275836587137,43.35743672956005],[-2.500861532577769,43.357546050461188],[-2.500858711526301,43.357550720492277],[-2.5008358828681359,43.357573760637656],[-2.5008305689386372,43.357578443199564],[-2.5007727371791826,43.35762940300112],[-2.5006955805846407,43.357678050693401],[-2.5006294714864912,43.357718822605584],[-2.5005351685777097,43.357751547392688],[-2.5004701611279421,43.357778049181185],[-2.5004440377865484,43.357788698164867],[-2.5004064010298186,43.357803524465012],[-2.5003503098405022,43.357825621409795],[-2.500348801892776,43.357826215422442],[-2.5003460479823523,43.357826306042675],[-2.5002181092160396,43.357830492411203],[-2.5000473250055029,43.357868247439477],[-2.4998761538658147,43.357953387627617],[-2.4997583518529058,43.357964718760329],[-2.4996446096876732,43.357976067533144],[-2.4995224093841411,43.35802884312384],[-2.499494096447163,43.358042658197085],[-2.4993960759393272,43.358090484336586],[-2.4993146323286664,43.358122706120533],[-2.4991927237426723,43.358139941855327],[-2.4990953863434155,43.358130631743947],[-2.4988312743754588,43.358165013685714],[-2.4984042029239069,43.358272722672169],[-2.4979275198127118,43.358489793491479],[-2.4973495087002964,43.35868864753796],[-2.4972926868659449,43.358688397793507],[-2.4972401181327193,43.35866447226681],[-2.4971590639223264,43.358649308924079],[-2.4971550508814206,43.35864929128013],[-2.4971430401482326,43.358630110205439],[-2.4971010902265807,43.358584272920211],[-2.4970950896765416,43.358563716266538],[-2.4970421578045441,43.358517740623903],[-2.4970080492280631,43.358478781209897],[-2.4970070092334167,43.358478592944152],[-2.4969627035347552,43.358470567764222],[-2.4969250390942048,43.358488591194138],[-2.4969167827996706,43.358531956584905],[-2.4969198531457732,43.358546894154927],[-2.4969273415482189,43.358583328700469],[-2.496944070424616,43.358634727954154],[-2.4969498351200787,43.358683827854072],[-2.4969432678502943,43.358716935540507],[-2.4969259073670793,43.358741981743066],[-2.4969224444820761,43.358772761912263],[-2.4968966952912917,43.35884225345626],[-2.4968536516906106,43.358928777467284],[-2.4968298093151935,43.358976576530807],[-2.496798059436852,43.35902551138318],[-2.496751995360746,43.359089240671501],[-2.4967170754367776,43.359148426684577],[-2.4967025729631152,43.35918600168656],[-2.4967051675808829,43.359245352776504],[-2.4967126495085594,43.359280773396179],[-2.4967327089356171,43.35931741994677],[-2.4967394083738315,43.359335682643533],[-2.4967471083724666,43.359356667301348],[-2.4967469133036775,43.359359365092352],[-2.4967446800436504,43.359390370373283],[-2.4967535992040983,43.359442725777811],[-2.4968280146950668,43.359558280207928],[-2.4969960924646148,43.359632346810692],[-2.4970925426526973,43.359687766860539],[-2.4972142238338275,43.359730201603512],[-2.4973826027278752,43.359767604430139],[-2.4976155433796614,43.359810529443514],[-2.4977192597663684,43.359825526356538],[-2.4979704470974569,43.359861844937733],[-2.4982926389867997,43.359962774712749],[-2.4983305758881862,43.359977199753772],[-2.4984250251617355,43.36001311245365],[-2.4984711644522077,43.360076166211741],[-2.4984703663560746,43.360173058349545],[-2.4984799716073791,43.360214228529109],[-2.4984807655493584,43.360217624006211],[-2.4985925229879449,43.360253153233543],[-2.4985937489407553,43.360253543100441],[-2.4986429193629616,43.36038436174168],[-2.4986442477703514,43.360387896428904],[-2.4986442840999348,43.360383484382709],[-2.4989141222212137,43.360420774992548]]]},"properties":{"OBJECTID":8,"SITE_CODE":"ES2130010","SITE_NAME":"KBE Lea Ibaia / ZEC Río Lea","AC":"PAÍS VASCO","TIPO":"B","HECTAREAS":110.39905448,"SHAPE.AREA":0,"SHAPE.LEN":0}},{"type":"Feature","id":9,"geometry":{"type":"Polygon","coordinates":[[[-2.441216724646182,43.322257703778099],[-2.4412219244549478,43.322259577816737],[-2.4418809802841168,43.322463532437411],[-2.4424046513021427,43.322715175083502],[-2.4424653141410895,43.322744324999853],[-2.4426078563097557,43.322768182156963],[-2.4427560397424837,43.322753463193095],[-2.4430053478925888,43.322665889938101],[-2.4432920550649269,43.322536034494767],[-2.4432985545924204,43.322531053293858],[-2.4435423128230447,43.322344236054739],[-2.4436331463608005,43.322240449301454],[-2.4436441268898235,43.322159199677536],[-2.4436711718228934,43.321959103214276],[-2.4437055069977509,43.321843187975922],[-2.4437236975903533,43.321665531001372],[-2.4437564132880847,43.321346013927261],[-2.443774481348691,43.321237451905127],[-2.4437893034095035,43.32114388198918],[-2.443836195532834,43.320847859159322],[-2.4439224689402552,43.320563852551352],[-2.4439942710556375,43.3203274834718],[-2.4440387601524169,43.320202847018358],[-2.4440919349725152,43.320053875617255],[-2.4441461795093522,43.319945815299313],[-2.4441559086712377,43.319913910801745],[-2.4447574361727882,43.319284802411829],[-2.4456368351375728,43.318747355455805],[-2.4459280201393305,43.318569393725092],[-2.4463873835530312,43.318394922446515],[-2.4468995215553488,43.318295596378597],[-2.4472915152044998,43.31821256475456],[-2.447417425389149,43.318184338712051],[-2.4474391505583513,43.318181721589546],[-2.4474625214489092,43.318178905308152],[-2.4475025769763268,43.318170096040269],[-2.4475386411539488,43.318162164334005],[-2.4475402194723173,43.318161646091063],[-2.4477727903811499,43.318085356977718],[-2.4478744267382275,43.318064826491259],[-2.4480013447082736,43.318061578824747],[-2.4481016532910322,43.318077504805117],[-2.4482228304944127,43.318124413421707],[-2.4483910656211232,43.318229453606108],[-2.4485799245665025,43.318392497710967],[-2.4486567188208368,43.318455001195034],[-2.4487399855864327,43.318567132950804],[-2.4487430335867968,43.318571019602757],[-2.448773573032279,43.318603313073993],[-2.4488113049683768,43.318631228962552],[-2.4492778167492384,43.31891901440185],[-2.4492779590207188,43.318919101530646],[-2.4492880010460256,43.318925293694456],[-2.4494008476155487,43.318994881256145],[-2.4494438115986084,43.319017059201386],[-2.4494923738386696,43.319033861338511],[-2.4495391505048154,43.319043541258097],[-2.4499209586040771,43.319099405504367],[-2.4499260082764671,43.319100150154696],[-2.4499794988303414,43.319103829126767],[-2.4500330511131656,43.31910066490402],[-2.4500509578686422,43.319097959590479],[-2.4500563921240768,43.319097085263145],[-2.4500721397269318,43.319094210184026],[-2.4502970297740654,43.319053133679731],[-2.4504190760015971,43.319030845885905],[-2.450488746785433,43.319018122215667],[-2.4505174156991676,43.319011776663608],[-2.4505662768103931,43.318995442994044],[-2.450610505241678,43.318973144040825],[-2.4506487379648818,43.318945593627568],[-2.4506620444401772,43.318933321287744],[-2.4508552808222381,43.318741999111268],[-2.4509606901514829,43.318637604701664],[-2.450988865371825,43.318603882791734],[-2.4510212456602902,43.318556085315919],[-2.4513042341410163,43.318228023908524],[-2.4513470835173781,43.318166464459992],[-2.451400055954676,43.318155137780074],[-2.4514315690340771,43.318178450461623],[-2.4514786284906105,43.318236581797272],[-2.4516768890004506,43.318530917284107],[-2.4518034836161986,43.318646850937959],[-2.4520964024694574,43.318915100178799],[-2.452369308530042,43.319140305584334],[-2.4525114303669935,43.319210472364574],[-2.4531121278747277,43.319437244551317],[-2.4531724243358335,43.319455338457942],[-2.4535575129767322,43.319570895681885],[-2.4536545468795827,43.31960876957276],[-2.4536925429600975,43.319621287310355],[-2.453744370524817,43.319631709999378],[-2.4537978617931429,43.319635387189123],[-2.4538293194906404,43.319634366816089],[-2.4541429746286569,43.319612373941339],[-2.4542270924688241,43.319606475765013],[-2.4542273010206115,43.319606461452395],[-2.4543105992111416,43.319600645747308],[-2.4543342988572876,43.319598327583236],[-2.4543692442421983,43.319593860546298],[-2.4543743527848587,43.319593825486088],[-2.4548401545368477,43.319534281609478],[-2.454988602107814,43.319488665096728],[-2.4551374301277606,43.319400586492613],[-2.4552387429842035,43.319304560885143],[-2.4553083347469076,43.31920838412757],[-2.455383592336835,43.31906977059117],[-2.4554481726107764,43.318942687835353],[-2.4554536958550188,43.318919410324469],[-2.4554647547870156,43.318890103599863],[-2.4554697899617315,43.318851047771226],[-2.4554670427492251,43.318826273046298],[-2.4554654527512167,43.318811947321997],[-2.4554616295154381,43.318798152139649],[-2.4554419572747856,43.318736896791364],[-2.455423841742939,43.318707091882892],[-2.4553665826807998,43.318606450789609],[-2.4552037246072747,43.318489864807852],[-2.4550997260849536,43.31843750221919],[-2.4548089724317013,43.318291107204502],[-2.4545040300998968,43.31810049800707],[-2.4543391513355677,43.317941181697996],[-2.4543189675056558,43.317921677869464],[-2.4541266287028503,43.317735826155584],[-2.4536244945131616,43.317131217739302],[-2.4535807258329951,43.31703188009746],[-2.4534949559334542,43.316837213932018],[-2.4534664876475092,43.316548466273318],[-2.453414831930488,43.316289262526212],[-2.4534632061997526,43.316010442173514],[-2.4535034047781412,43.315983350411663],[-2.4536973792929002,43.315984277052792],[-2.4544800324195517,43.316142710999308],[-2.4545068765049982,43.316147161219277],[-2.4545603647683318,43.31615083803846],[-2.4546035452806332,43.316148792805166],[-2.4550280179212587,43.316107053861977],[-2.4550891571500797,43.316096359581273],[-2.4556564996577772,43.31595057575192],[-2.4557034991923774,43.315935131473744],[-2.4568941267896793,43.31545373411381],[-2.456897220866435,43.31545248816596],[-2.4569414444244635,43.315430186724583],[-2.4569796720711392,43.315402634150779],[-2.4569819093603935,43.31540066376752],[-2.4570486490404702,43.315342006081494],[-2.4572579123008071,43.315158044527756],[-2.4574108384340918,43.315023607008186],[-2.4574597114914578,43.314963778369844],[-2.4576108711312288,43.31468967583713],[-2.4576108837347577,43.314689645281369],[-2.4576154096787177,43.314681443771093],[-2.4577111424755138,43.31450780875943],[-2.4577141524080277,43.31450215015132],[-2.4577284237458477,43.314464308576007],[-2.457733457077846,43.314425252607798],[-2.4577334923056937,43.314421290764265],[-2.4577259994343343,43.313932577236024],[-2.4577242025028307,43.313815689394197],[-2.4577198289436977,43.31378055083421],[-2.4577154911372143,43.313768435329166],[-2.4577062319168776,43.313742577126966],[-2.4577032027968762,43.313736529703014],[-2.4575090128074253,43.313372454498165],[-2.4574671997416666,43.313318048656065],[-2.4573523628500218,43.313207577888605],[-2.4569059919054914,43.312778172568159],[-2.4568358932218364,43.31272912496997],[-2.4568129294864121,43.312717523382005],[-2.456812790765329,43.312717453388025],[-2.4565414103288568,43.312580345614919],[-2.4561155412895692,43.312365184028387],[-2.4559541049029727,43.31228362003894],[-2.4556483091081667,43.311922162283963],[-2.4554447422062919,43.311546873172162],[-2.4554210668188206,43.311516722994959],[-2.4554208413396919,43.311516426571394],[-2.4554007271892453,43.311490835252478],[-2.4550476219139545,43.311162223480721],[-2.4548596986794551,43.310987333488086],[-2.4545031558534975,43.310427980295991],[-2.4544874666081808,43.310086542006317],[-2.4547601623886814,43.309445185631724],[-2.4549318499129211,43.309260869819042],[-2.4551301446474851,43.30913466997302],[-2.4555615665657213,43.308999584602098],[-2.4556653293446367,43.308992604657618],[-2.4559290885671734,43.309047076640432],[-2.4561994676688017,43.309188923890488],[-2.4565639430644968,43.309661595535481],[-2.4574377198070931,43.311017870752508],[-2.4574551449836752,43.311041275256585],[-2.4578083343860535,43.31145418893616],[-2.4578534701085917,43.311495373695898],[-2.4584275178168884,43.311908161473461],[-2.4584801494450161,43.311938485941283],[-2.4587749917145159,43.312073494930658],[-2.4587750236465373,43.312073509489068],[-2.4589069251679501,43.312133923916903],[-2.4589975582732584,43.312161906632362],[-2.458999400715534,43.312162167474966],[-2.4589995287954856,43.312162186089921],[-2.4598485495549167,43.312313518027544],[-2.4598781004614341,43.312318785681086],[-2.4599504286807119,43.312325160270824],[-2.4599937194550558,43.312325237698722],[-2.4600108054228049,43.312325267938029],[-2.4603447771534239,43.31232585904592],[-2.4605897960314547,43.312326295347951],[-2.4606553974325496,43.312326415608176],[-2.4606885863296708,43.3123244110051],[-2.4606886628282512,43.312324405963082],[-2.4607077101788306,43.312323240534532],[-2.4607597127046383,43.312313310544624],[-2.4607757833107478,43.312308793976086],[-2.461309574101791,43.312144724606569],[-2.4613096309822526,43.312144706865332],[-2.4613182294786422,43.312142063998387],[-2.4613510117058315,43.312130242302715],[-2.4613952312311742,43.312107939104898],[-2.4614282369168237,43.312084772676734],[-2.4614343689962777,43.312079773396562],[-2.4617973775260742,43.311783776467131],[-2.4618350860736662,43.311761718901003],[-2.4618401395674647,43.311758763964953],[-2.4619520689323533,43.311693287915688],[-2.4619521135530564,43.311693262012341],[-2.4626853570723521,43.311264605471251],[-2.4635902749337242,43.311047070195769],[-2.4640224379098381,43.31102352311629],[-2.4640993614781088,43.311011997511599],[-2.4642264819633608,43.310980278317061],[-2.4642265264560304,43.310980266819534],[-2.4643237850528577,43.310955959771874],[-2.4643712167187415,43.310955911762598],[-2.4643712598755108,43.310955911964697],[-2.4645080200652729,43.310955560914564],[-2.4647011206970499,43.310955205053055],[-2.465036037028514,43.31095452083531],[-2.4652005949740152,43.31097555066512],[-2.4659428076471293,43.311101300723806],[-2.4659428679800461,43.311101310910551],[-2.4662531350457981,43.311153924977006],[-2.4666308461014204,43.311217968871389],[-2.4666939305640772,43.311223755817458],[-2.4673241841795139,43.311233594710103],[-2.4674926283202181,43.311236222282524],[-2.46782526543292,43.311241415482726],[-2.4680094764440055,43.311244289439891],[-2.4683031014814509,43.311312468691369],[-2.4688007228453044,43.311531881125006],[-2.4688391938266609,43.311546287013307],[-2.469174210625384,43.311650608801813],[-2.4691894070486846,43.311655340994584],[-2.469588623653368,43.311779651591998],[-2.4699608583869748,43.311934793489151],[-2.4699609099881821,43.311934815339271],[-2.4702989189976705,43.312075591908112],[-2.4703328470700572,43.312087815156524],[-2.470694794979754,43.312198357792681],[-2.4708127405017124,43.312234379761058],[-2.4708895548862762,43.312249682717564],[-2.471013746075418,43.312262143187361],[-2.4711226560440025,43.312273079526406],[-2.4711227829417926,43.312273092719565],[-2.4714799559496812,43.312308961071487],[-2.4715200146470342,43.312311037126896],[-2.47154950158385,43.312309287807217],[-2.471573559942613,43.312307862777821],[-2.4716166630620164,43.312300137878744],[-2.4719142075977474,43.312230015701672],[-2.4719231052494357,43.312227805637967],[-2.4719719552636743,43.312211462746276],[-2.4720161710043653,43.312189155422622],[-2.4720353943826612,43.312176457662197],[-2.4721498427566493,43.312094449960121],[-2.472273879850563,43.312005570869971],[-2.4722928752004476,43.311990710915815],[-2.4723239801416255,43.31195870808785],[-2.4723469763772368,43.311923246106211],[-2.4723498630764307,43.311917406449517],[-2.4723611710430893,43.311893146262726],[-2.4724482420822103,43.311706342781996],[-2.4724596169480915,43.311674338958547],[-2.4724646406048683,43.311635282272633],[-2.472463352512793,43.311613125076903],[-2.4724114022483992,43.311203897644148],[-2.4723925557666231,43.311144560602081],[-2.4722573107035042,43.310884965058868],[-2.4722408654068153,43.310419892842063],[-2.4722994984572511,43.310241782692266],[-2.4726071953179871,43.309752092195488],[-2.4728459301557857,43.309479723682408],[-2.4735678959930567,43.30887938181813],[-2.4742630651954918,43.308510870150506],[-2.4743095666559829,43.308480468307621],[-2.4746740295851559,43.308189100429757],[-2.4746741003545032,43.308189044025951],[-2.474770448448274,43.30811195705256],[-2.4748179837755226,43.308061659624194],[-2.4751222497356595,43.307621556245991],[-2.4751913095568603,43.30752165754042],[-2.4751914643757251,43.307521434036673],[-2.4754217949297601,43.307188194613758],[-2.4762261607018159,43.306247390085751],[-2.4762261930834288,43.306247352414786],[-2.4762875639388291,43.306175634576256],[-2.4762920497355361,43.306170162318921],[-2.4763150414570076,43.306134699480396],[-2.4763281509616646,43.306101352493634],[-2.4763469629058235,43.306033697132392],[-2.4763469807082141,43.306033634181816],[-2.4763516520387721,43.306016888131474],[-2.4764736859683656,43.305579392619713],[-2.476538689412457,43.30543799127274],[-2.4765762117588084,43.305356368035582],[-2.4765921561040645,43.305279992068229],[-2.4765824572451565,43.304939573445559],[-2.4765813564551635,43.304901029680607],[-2.4765710244560846,43.304538277662999],[-2.4765689929253649,43.304516387220836],[-2.4764491826670749,43.303782218054081],[-2.4764355152739523,43.303698466854883],[-2.4762774434028549,43.302729803040442],[-2.4763103397611301,43.302229748695702],[-2.4766441762797187,43.301895590929377],[-2.4769658828571877,43.301731784987076],[-2.4770830179395316,43.301672141968787],[-2.4774122476057894,43.301556296994221],[-2.4778411412456394,43.30140538116877],[-2.4780308379792495,43.301326382561683],[-2.4783342974523559,43.301218474630367],[-2.4785889183747738,43.301111546284105],[-2.478796134911319,43.30098509912667],[-2.4789036206548811,43.300875930929266],[-2.4789187198042204,43.300865987509887],[-2.4791639211097594,43.300623902847967],[-2.4792610657049035,43.300388864236055],[-2.4792835913059776,43.300226832775884],[-2.4792795238167948,43.300083981592522],[-2.479217584545367,43.299909983873398],[-2.4790221667512311,43.299687378346661],[-2.478681815376103,43.299249346116824],[-2.47859944341061,43.299078153490875],[-2.4785239298605339,43.298667109637179],[-2.4785172400794662,43.298642046361003],[-2.4784692394273296,43.298502796546323],[-2.47844989483887,43.298446680843931],[-2.4784498707908504,43.298446609597946],[-2.4784473491876891,43.298439303476712],[-2.4784061278908558,43.298319712762087],[-2.4783898403385587,43.298272457103806],[-2.478389663481587,43.29827194573668],[-2.478259072687345,43.297893217400656],[-2.4782504961886707,43.297872557752235],[-2.4782281169927143,43.297836887509639],[-2.4781975721658398,43.297804601758891],[-2.4781735696898264,43.297785762697004],[-2.4774642578439958,43.297289072585386],[-2.477396882211981,43.297253286656399],[-2.4766375540981662,43.296955094341492],[-2.4765988299611923,43.296942310713405],[-2.4765470176280084,43.296931898418656],[-2.4765233685330497,43.296929448994611],[-2.4762223868646105,43.296906640201605],[-2.4761925631271451,43.296905423078087],[-2.4761390315759848,43.29690859966928],[-2.4760870446397285,43.296918536759158],[-2.4760833378280109,43.296919510286465],[-2.4759513656659138,43.296955284305426],[-2.4759062357735075,43.296970655487641],[-2.4758620325234659,43.2969929644389],[-2.4758238249598707,43.297020523516274],[-2.475815004218322,43.297028407140068],[-2.4757403066202017,43.297098840939178],[-2.4757402730645799,43.297098872301468],[-2.4757191777394278,43.297118734303446],[-2.4756784250600874,43.297169873712846],[-2.4756398634759758,43.29723731787228],[-2.4756123813286397,43.297285380889903],[-2.4755706742908368,43.297358318716647],[-2.4755018190433593,43.297478732147049],[-2.4754903987374215,43.297502181778619],[-2.4754514698663135,43.297599252913443],[-2.4754441231215742,43.297622090899026],[-2.4754391026120413,43.297661147827299],[-2.4754419097900868,43.297693127021311],[-2.475463961310516,43.297810607573361],[-2.4754645436429126,43.297813712327503],[-2.4755396368620706,43.298213770714355],[-2.4755385441038453,43.29834091060399],[-2.4755370984325795,43.298509109830356],[-2.4751181541675615,43.299242593434577],[-2.4751102565244052,43.299257774958448],[-2.474723389894681,43.300101980619978],[-2.4742691728588828,43.300576867107935],[-2.4738878107673172,43.300608790803466],[-2.4737424233989187,43.300569312192152],[-2.4735457500268234,43.300300970747308],[-2.4735104495811417,43.300048409521537],[-2.4735191149265812,43.299948743344608],[-2.4735256326232937,43.299873790292537],[-2.4735434354592933,43.299669017724412],[-2.4736648497813252,43.299505115675714],[-2.473679403137087,43.299485469785026],[-2.4737680270766895,43.299403947444233],[-2.4743195595123804,43.298882442212282],[-2.4745714772424852,43.29862881647464],[-2.4745798911715942,43.298618111741561],[-2.4747438162346826,43.298409568997428],[-2.4747475548389919,43.29839818364546],[-2.4748686550168428,43.29820335435133],[-2.4749095362139166,43.298137583361182],[-2.4751245757482381,43.297791621416351],[-2.4751269698308,43.297787761325942],[-2.4751520622246117,43.297722773228813],[-2.4751668555699089,43.297636847204046],[-2.4751681059551123,43.297634663023224],[-2.4752558574205943,43.297481299519909],[-2.4752932713804157,43.297415914082436],[-2.4753117849901702,43.297370435743964],[-2.4753431673067854,43.29724775698012],[-2.475410146770562,43.296985310012097],[-2.4754152477405191,43.296936888667119],[-2.4754126414706263,43.29687681154013],[-2.4754106175471353,43.296830162039271],[-2.4753938618678251,43.296442167972707],[-2.4753883376610797,43.296314252113589],[-2.4753786423528745,43.296089748191889],[-2.475371480195347,43.296048114091278],[-2.4752573587829581,43.295672187026931],[-2.4750076363954805,43.294849553181493],[-2.4750064735698176,43.294368522004184],[-2.4751252359576092,43.293947381488415],[-2.4753905774601304,43.293654508416573],[-2.4755116262115684,43.293583657024726],[-2.4756352032823026,43.293577200011022],[-2.4763073316614506,43.293673927131181],[-2.47637534369359,43.293678110476279],[-2.4766356223238835,43.293672908414571],[-2.476678795527373,43.293669774243014],[-2.4767307795972253,43.293659836863725],[-2.4767796134300841,43.293643491782198],[-2.4767867893552933,43.293640463041285],[-2.4771478737696122,43.293480841688726],[-2.4771848981141984,43.293461560977924],[-2.4772231028237917,43.293434001414063],[-2.4772405025252024,43.293417512464529],[-2.4772643581103604,43.293392676032838],[-2.4778114192121907,43.292823114975917],[-2.4778335906116502,43.292796382468211],[-2.4784409722329106,43.29192930865257],[-2.4785343275432972,43.291794935327388],[-2.478592802472408,43.291740692506863],[-2.4787058305176344,43.29163584387117],[-2.4788489428037912,43.291503089145756],[-2.4788538613888962,43.29150048130969],[-2.478879251785409,43.291487018941019],[-2.4789528373004162,43.291448004030727],[-2.4803797269276213,43.290691444474042],[-2.4809873824849609,43.290481244294469],[-2.481358194034109,43.290420974520309],[-2.4824089244331922,43.290407814747581],[-2.4831591073616841,43.290571488921842],[-2.4832656072945469,43.290644817374911],[-2.4833635292674603,43.290712163942665],[-2.483383603255886,43.29075808806752],[-2.4834168608791307,43.290833876984124],[-2.4835033272725138,43.291031378332505],[-2.4834698760372591,43.291211499536921],[-2.4834391358766177,43.291377135550498],[-2.4834365810172416,43.291416834333091],[-2.4834374327746258,43.291431695782457],[-2.4834403478247684,43.291482855118637],[-2.4834410810480625,43.291495554926684],[-2.4834483905923079,43.291623633455664],[-2.4834901550893655,43.292369403502327],[-2.4834956397912964,43.292394713203215],[-2.4835014258635342,43.29242141097388],[-2.4835858697100237,43.292639703713583],[-2.4835922810371436,43.292654140028269],[-2.4836146615070414,43.292689809259961],[-2.4836356656243899,43.292713316056073],[-2.4838081795786091,43.292881760464773],[-2.4838177206848804,43.292890537988889],[-2.4838554529808059,43.292918442442883],[-2.4838992696582167,43.292941151666142],[-2.4839168385044434,43.29294816448175],[-2.4843978432290967,43.293124392715214],[-2.4844288257358498,43.293134167296913],[-2.4844806362298866,43.293144576018676],[-2.4845251083710367,43.293148108146724],[-2.4848732402862383,43.293157078272728],[-2.4849272645149454,43.293158474147361],[-2.4849362624292879,43.293158604710868],[-2.4849842413362162,43.293155759181452],[-2.4849897902705917,43.293155423981332],[-2.485040947434705,43.293145681703606],[-2.4850415252855855,43.293145571747552],[-2.4850417725843132,43.293145482814836],[-2.4850473326268006,43.293143977063259],[-2.4851528148215793,43.293114874465914],[-2.4851690409433096,43.293110397472354],[-2.4852281505559186,43.293088512175103],[-2.485461458448194,43.292977454576949],[-2.4855373340866138,43.292926199477343],[-2.4856571935069711,43.292812498873424],[-2.4856824892842786,43.292788501884154],[-2.4858607806356976,43.292619372095764],[-2.4858656406826523,43.2926147619715],[-2.4858734756830656,43.292607326966888],[-2.485880336677921,43.292598445946432],[-2.4859165983075124,43.292551512133699],[-2.4859384691590476,43.292510414353728],[-2.486072540633641,43.292258482627417],[-2.4860919017488508,43.29219904916485],[-2.4861047917818206,43.292103658244315],[-2.4861209340362143,43.291984214417759],[-2.4861384238949151,43.291854923799114],[-2.4861506654350274,43.29176421054926],[-2.4862225969729517,43.291464861222003],[-2.4862448679688831,43.291372200284698],[-2.4863123912173961,43.291091212187588],[-2.4865041761468794,43.290772503348641],[-2.4865048049784924,43.290771458935545],[-2.4865162865361374,43.290752381086634],[-2.4865289221280289,43.29073136972459],[-2.4865356821935887,43.290719063755837],[-2.4865499299859177,43.29068121830786],[-2.4865549427725826,43.290642160805177],[-2.4865505874596701,43.290603061250813],[-2.4865453168347265,43.290584848281036],[-2.4865020977195922,43.290461742250201],[-2.4864966816136089,43.290446319153141],[-2.4865312258350509,43.290281689869289],[-2.4868069085926647,43.289819817266086],[-2.4869474478173066,43.28958434952478],[-2.4870651978977385,43.289418384154089],[-2.4870917645794797,43.289380946851331],[-2.487095558054,43.289375598914084],[-2.4875712877510439,43.288705054190693],[-2.4881678689684783,43.288134401538294],[-2.4882531668887844,43.288085977279678],[-2.4886447033178425,43.287863694418533],[-2.4889858171281434,43.287770130128266],[-2.4889858924893247,43.287770109754334],[-2.4892831951456396,43.28768861762746],[-2.4893801778510634,43.287662034960306],[-2.4899939286667063,43.287555907337364],[-2.4900805493561298,43.28753036022875],[-2.490413827799324,43.287385610530954],[-2.4904506623867881,43.287388115823099],[-2.4905041849018468,43.287384932482809],[-2.4905561614179104,43.287374988770928],[-2.4906047392928592,43.287358726669829],[-2.4909844705198632,43.287201127273178],[-2.4909894168750117,43.287199076422027],[-2.4909967153512587,43.287195957284538],[-2.491128226327572,43.287137833230567],[-2.4912059229525769,43.287103420142486],[-2.4913792029117636,43.287087945547476],[-2.4914575645954802,43.287080947095113],[-2.4914731785251312,43.287085788957747],[-2.4917142811933499,43.287159527828223],[-2.4918347972123378,43.287237683075908],[-2.4919423297975754,43.287386691870864],[-2.4919801725609543,43.287439131737386],[-2.4920506826856559,43.287868244611339],[-2.4920209262255688,43.287964601409307],[-2.4920209135624583,43.287964641873842],[-2.4920160985825697,43.287980378564939],[-2.491991815387518,43.287995218379706],[-2.4918537708836368,43.288053135201054],[-2.4918537374836962,43.288053149460076],[-2.4917294738552536,43.288105266247257],[-2.4915816396485906,43.288167275056729],[-2.4910664031312315,43.288210727208806],[-2.4909802244916759,43.288227542552832],[-2.4909490372922121,43.288237311539802],[-2.4908709240331701,43.288261779697152],[-2.4905680570772573,43.2883566473241],[-2.4905678136089575,43.288356723679456],[-2.4905665772523662,43.288357168403785],[-2.4905356675804309,43.288368376550501],[-2.4904914758842653,43.288390691247308],[-2.4904532803022694,43.288418255313374],[-2.4904282975700864,43.28844299675287],[-2.4902052745150232,43.288698364319764],[-2.4901932943903473,43.288716220199653],[-2.4901931670776989,43.288716409629551],[-2.490174942397712,43.288743702423865],[-2.4900425110457443,43.289014601148175],[-2.490029520243052,43.289049841310344],[-2.4900245098187308,43.289088898988012],[-2.4900246796077141,43.28909808444925],[-2.4900250989287631,43.289106910838463],[-2.4900253103022667,43.289111414086832],[-2.4900797799527834,43.290263256629991],[-2.4900815639464264,43.290300993899351],[-2.4900874361633938,43.290424383234104],[-2.4900874393573127,43.290424443579234],[-2.4901029366689427,43.290752761300574],[-2.4901154004728228,43.291016741055074],[-2.490119588291734,43.291046655024509],[-2.4901332006064556,43.291084625105519],[-2.4901555843442984,43.29112029308358],[-2.4901814827216802,43.29114841285071],[-2.4904645422973055,43.291410447581264],[-2.4904691918305155,43.291414610412829],[-2.4905069262822099,43.291442512690573],[-2.4905507444042034,43.291465219378814],[-2.4905728616747091,43.291473782215334],[-2.4908500247862944,43.291571185483058],[-2.4908764594672701,43.291579407294108],[-2.4909282690201295,43.291589903139823],[-2.4909817381271471,43.291593562845016],[-2.4909982588373194,43.29159327617792],[-2.4915441380431815,43.291574273033],[-2.4915811434767861,43.291571375955272],[-2.4916331233935085,43.291561431778334],[-2.4916647620886265,43.291551667319268],[-2.4922766471427891,43.291333231779063],[-2.492283948485718,43.291330116176503],[-2.492316976398643,43.291316031888812],[-2.4923502728120273,43.291299157354466],[-2.4926009627650894,43.291172107071333],[-2.4926010791288351,43.291172048157094],[-2.4926725065253588,43.291135896314287],[-2.4927198416852741,43.291106300993746],[-2.4932071433558738,43.29073332905098],[-2.4932442895857934,43.290698555739823],[-2.4933410287368858,43.290587338825141],[-2.4933411170992734,43.290587237464436],[-2.4934827419492231,43.290424304958314],[-2.4936328352756809,43.290251629853621],[-2.4936431738427935,43.290239736407784],[-2.493669119704423,43.29020284231261],[-2.494159242278351,43.289309412184323],[-2.4945811046432351,43.288872302144789],[-2.4945986544327323,43.288851849171607],[-2.4949003678374253,43.288454547651838],[-2.4949321870234669,43.288392916505927],[-2.4950814117203319,43.287889607781985],[-2.4951125679736066,43.287784523687193],[-2.4951333277832108,43.287714501787086],[-2.495173106285526,43.287580331202555],[-2.4952058258531578,43.287469800781238],[-2.4955845329019959,43.286733543183296],[-2.4956023681760144,43.28667842353444],[-2.4956521119789161,43.286341780171909],[-2.4958795210299733,43.285521477783945],[-2.4959212154608799,43.285370898110017],[-2.4959398695400616,43.285303555532494],[-2.4960213844129098,43.28511941007811],[-2.4963647145556047,43.284343684038738],[-2.4963647723285725,43.284343553726131],[-2.4963956694360001,43.284273723862739],[-2.4963958477885746,43.284273320340517],[-2.4964943870459471,43.28405084385949],[-2.4964944046204547,43.284050805216978],[-2.4965121315103023,43.284010872115473],[-2.496512220674675,43.284010671704891],[-2.4965142320519753,43.284005908109407],[-2.4965284780188228,43.283952393321833],[-2.4965427709842225,43.283803348717193],[-2.4965588805227186,43.283636981808314],[-2.4965589397574703,43.283636375157549],[-2.4965908920411857,43.283303975116112],[-2.4965916270831481,43.283289570956399],[-2.4965872658185226,43.283250471704505],[-2.4965736511834371,43.283212502328261],[-2.496554680402959,43.283181352888967],[-2.4964866645921937,43.283089206369013],[-2.4964832507394696,43.28308468903063],[-2.496452703519481,43.283052408060193],[-2.4964149714820123,43.283024507715297],[-2.4963893297390385,43.283010167521809],[-2.4963649063560962,43.28299799559715],[-2.4963581551772345,43.282994628758992],[-2.4960047605102789,43.282818206056568],[-2.4959691432304152,43.282802921352761],[-2.495891736305218,43.282774578566887],[-2.4958537575955653,43.282760631412003],[-2.4957718375489697,43.282740460158642],[-2.4953746689750638,43.282686481892249],[-2.4952974159443384,43.282683259578143],[-2.4947775724288808,43.282709069035455],[-2.4947354221630054,43.282711174534278],[-2.4944882966512769,43.282723449130721],[-2.4944882460969806,43.282723451608696],[-2.4940601849394475,43.282744788283296],[-2.4938216705094876,43.282730791622008],[-2.4937634112309004,43.282727370476181],[-2.4937398825425818,43.282725992189285],[-2.4935719200113322,43.282633041350422],[-2.4935577351988529,43.282560041106343],[-2.4935758347072197,43.282487994213135],[-2.4937268173753169,43.282383575912839],[-2.4937775233432826,43.282348504905798],[-2.4938488768365534,43.282305511127326],[-2.4939824059057059,43.282225057597287],[-2.4940015315126312,43.282213537044512],[-2.4941805823094323,43.282089611318668],[-2.4946560544617973,43.281800304351755],[-2.4951409096986943,43.281497482143948],[-2.495593435970763,43.281177574005504],[-2.4957610097390353,43.281036471974147],[-2.4957895941430337,43.28101240344909],[-2.4958062984951752,43.280984603262596],[-2.4958072070087343,43.280983090888263],[-2.4958385249728168,43.280930969684121],[-2.495878941712983,43.280863704071315],[-2.4959200053027661,43.280765848979222],[-2.4959223563058384,43.28076024765695],[-2.4959505225132013,43.280620049092349],[-2.4959483777603912,43.280534678489829],[-2.4959483760239642,43.280534590236812],[-2.4959483692477678,43.280534365991784],[-2.4959470316733441,43.280481106739806],[-2.4959061318159907,43.280379271479845],[-2.4958006953149661,43.280229714482161],[-2.4957042547800627,43.280114080553766],[-2.4956678532685395,43.280029208139766],[-2.4956684409871217,43.279958053469208],[-2.4956921888813048,43.27989038844909],[-2.4957154690479277,43.279850250306822],[-2.4957233437689226,43.279827214268153],[-2.4957508962499761,43.279782972634436],[-2.4957898935956861,43.279737515391957],[-2.4959079281118939,43.279599929850356],[-2.4959492675389474,43.279541556730535],[-2.4960299334775256,43.279427655142072],[-2.4960361750806337,43.279404013077055],[-2.4960493655461513,43.279354060388648],[-2.496096481652478,43.279231416918201],[-2.4961056221846687,43.27916846891074],[-2.496108906127569,43.279159725475758],[-2.496112777988996,43.279138581655772],[-2.4961392838040775,43.278913582706387],[-2.4961391237079034,43.278873241265515],[-2.4961239510341953,43.278755393888417],[-2.4961239267140138,43.278755204684082],[-2.4961159616120892,43.278693046663633],[-2.4961128948212368,43.278676374590837],[-2.4960992814750371,43.278638405134323],[-2.4960768987616402,43.278602738247073],[-2.4960679899035489,43.27859207353734],[-2.4958906959846927,43.278391299520074],[-2.4958858724278206,43.27837514917038],[-2.4957936792677176,43.278271143668874],[-2.4957432250646727,43.278203151519143],[-2.4957349014235399,43.278087906892509],[-2.4957495134195096,43.278003259351863],[-2.4957871728924093,43.277935655613739],[-2.4959240778516745,43.277836827174653],[-2.4960212006724367,43.277735617166272],[-2.4960623695056894,43.277675197382173],[-2.49607104627334,43.277655428122131],[-2.4961740309738802,43.277420858209972],[-2.4962005319107674,43.27736064390502],[-2.496215261403044,43.277293174045312],[-2.496215502087626,43.277264000100786],[-2.4962179824549846,43.276963346385784],[-2.496218381360451,43.276914993271099],[-2.4962140207521526,43.276875893964871],[-2.4962055589865262,43.27685229337704],[-2.496202827895154,43.2768068889999],[-2.496181976048248,43.276739003988581],[-2.4961819853715022,43.276737873948349],[-2.4961810723098967,43.276736062697175],[-2.4961759007524855,43.276725799851576],[-2.4961409185880696,43.276656369530606],[-2.4960123009798698,43.27650671052303],[-2.4959816333071028,43.276492733477617],[-2.4959522388570368,43.276479337430388],[-2.495933492548275,43.276472791298445],[-2.4958736260669498,43.276451883452047],[-2.4956793577439202,43.276390034235448],[-2.4955543995486527,43.276358987253865],[-2.4955268552790737,43.27632498134939],[-2.4955270232315514,43.276304650530378],[-2.4955363819203344,43.276294526474082],[-2.4957975871558356,43.276112700384758],[-2.4960337795804,43.275911437750615],[-2.49610604269765,43.275817734224425],[-2.4962871644023834,43.275687057995654],[-2.4963233742927398,43.275660930215309],[-2.4963479403081577,43.275640958049721],[-2.4965340407408791,43.275469957184164],[-2.4965470000752328,43.275458049765476],[-2.4966211341087279,43.275390030854126],[-2.4966458765875856,43.275363576063469],[-2.4966688447520551,43.275328108825875],[-2.4966830825942279,43.275290261964685],[-2.4966877624166637,43.275260747355993],[-2.4967158968214993,43.274837653320155],[-2.4967132850335743,43.274795680229971],[-2.4967131662532434,43.274795139429244],[-2.4967123073878144,43.274790641437072],[-2.4966744611662328,43.274592229767315],[-2.4966427898817889,43.274426196205084],[-2.496536205063578,43.273867423497222],[-2.4965351397817979,43.273862106073032],[-2.4965273044380742,43.273827131796189],[-2.4964281670574611,43.273384389446846],[-2.4964121353592872,43.273340916518094],[-2.4963507402911782,43.273222687265594],[-2.4962164660459498,43.272964201358775],[-2.4961973483037307,43.272882549548193],[-2.4961714679795119,43.272772017987485],[-2.4960936160556026,43.272439770392673],[-2.4960626479446097,43.272011103199716],[-2.4960910471046009,43.271810154709428],[-2.496282769231466,43.27155922940026],[-2.4970495403883484,43.27109791707862],[-2.497049612214878,43.271097874172163],[-2.4973337156545559,43.27092703978763],[-2.4973363073116883,43.270925524889606],[-2.497602731332377,43.270805402819661],[-2.4980840087158396,43.270632195211931],[-2.4981003268553472,43.270625873515947],[-2.498144502882238,43.270603555732521],[-2.4981711462715359,43.270585393198559],[-2.4985555807552768,43.270289925896158],[-2.4986047904895226,43.270239805654874],[-2.4987427713892001,43.270048791584337],[-2.4989417934312517,43.269912432777808],[-2.4991884000517635,43.269743595108558],[-2.4992497547494725,43.269684973345086],[-2.4993565298907892,43.269538197686842],[-2.4995239419675737,43.269308068316811],[-2.4995321749313062,43.269295858021771],[-2.4996076846689399,43.269174857087719],[-2.4996333493922736,43.26913373078586],[-2.499680689314558,43.269057871120708],[-2.499698448781059,43.269029412178078],[-2.4997779085566192,43.268902079226926],[-2.4999607068511955,43.26878996021027],[-2.5001223028159671,43.268709262703489],[-2.5002697863601879,43.268635530540244],[-2.5003281354281572,43.268597605738677],[-2.5006903104327303,43.268293929729886],[-2.5010961376186871,43.268076527366333],[-2.5011104987017383,43.268068305726267],[-2.5011486766936173,43.268040737916827],[-2.5011797439747072,43.268008726810386],[-2.501199202903519,43.267979816703338],[-2.5012141121679825,43.267953048770003],[-2.5012142822382142,43.267952744254067],[-2.5014278051183609,43.267569391011016],[-2.5019372377630158,43.267172704394156],[-2.5019372638075246,43.267172683796865],[-2.501985477642183,43.267135094905264],[-2.5029159899584963,43.266778776250412],[-2.5029367621508456,43.266770041959425],[-2.5031527119709041,43.266670938489774],[-2.5031527886506835,43.2666709037047],[-2.5033383577095201,43.26658574758936],[-2.5034767157015021,43.266522255845864],[-2.5037494767366426,43.266397086242307],[-2.5038992205603106,43.266332542110412],[-2.5048253748360154,43.265933326827096],[-2.504992386884735,43.265920775916697],[-2.5054132925076336,43.265889144279853],[-2.5058455259613117,43.265856660464934],[-2.5060036974178472,43.26584477314983],[-2.5060219477677177,43.265843051032888],[-2.5066499864743479,43.265767871184543],[-2.5068356709392798,43.265768671866653],[-2.5071862166155041,43.265770182618141],[-2.5078156534139242,43.265786397788354],[-2.507815734721115,43.26578639993911],[-2.5080010169974996,43.265791249091571],[-2.5084031936346625,43.265837064035843],[-2.5087214344889328,43.265873316161382],[-2.5087536979642486,43.26587579592973],[-2.5093203418714416,43.265896237266382],[-2.5093910976236269,43.265892758800064],[-2.5096310166618236,43.26586065222746],[-2.5098474986565216,43.265831682800162],[-2.5098569977574026,43.265830282758586],[-2.5101901109704348,43.265777681706645],[-2.51022874287229,43.265769652887073],[-2.5102775454990209,43.265753293272589],[-2.5102956005258164,43.265745176335763],[-2.5108891135549887,43.265456807779891],[-2.5109018546079422,43.265450616631632],[-2.5109284631351287,43.265436052817613],[-2.5110814931148915,43.265342870422138],[-2.5112499037420446,43.265240314861913],[-2.5119774855817858,43.265196507017528],[-2.5119926408527777,43.265196571673286],[-2.5126114195207672,43.265199209806326],[-2.5134548167049355,43.265202800199056],[-2.5135046186725454,43.265200040479606],[-2.5139112450958221,43.265153234042302],[-2.5141635749517341,43.265124140427353],[-2.5148179715848475,43.265110169241524],[-2.5152385029690265,43.265158055950366],[-2.5154881995158735,43.265244027701399],[-2.5159617105966099,43.26561918507273],[-2.5160244968173537,43.265657270266978],[-2.5161022066357988,43.265692804507673],[-2.51630955452507,43.265787861092697],[-2.5165401453650671,43.265893571689055],[-2.5166253232319447,43.265920495372846],[-2.5174865483374815,43.266086305132504],[-2.517502914660755,43.266089075561787],[-2.5175702148138206,43.266099207799556],[-2.5179336714953067,43.266153924231709],[-2.5180313594640213,43.266157127310763],[-2.5190425598987738,43.266071336899806],[-2.5190759860280165,43.266067065157365],[-2.5199643403461138,43.265917717498709],[-2.5199990232435363,43.265910299132507],[-2.520047823403611,43.265893935338077],[-2.5200750318910927,43.265881172843827],[-2.5207555406056241,43.26552383984577],[-2.5208258071630527,43.265472627602449],[-2.521347469724633,43.264943537151446],[-2.5213633821137744,43.264925594428668],[-2.52138633199087,43.264890122076373],[-2.5213946100802072,43.264871517080977],[-2.5214724690729136,43.26466411717972],[-2.5215053490973336,43.26457653679433],[-2.5216276934028174,43.264250629809801],[-2.5216992743823821,43.26415416152264],[-2.5217794842079231,43.264004451426807],[-2.5217795329087975,43.264004368787589],[-2.5218522773146037,43.263868596346647],[-2.5218692729656333,43.263836875554063],[-2.5220851131869013,43.263434026816157],[-2.5222958731817982,43.263163828318099],[-2.5225757530576725,43.262948133150125],[-2.5228228060228322,43.262779739586293],[-2.5229010128896303,43.262726417856115],[-2.5230000041131788,43.262658925670429],[-2.5231165660610619,43.262567490330859],[-2.52322784628553,43.262478012981205],[-2.523405845100632,43.2623348900282],[-2.5235503648869799,43.26223383758591],[-2.5238669315709292,43.26206911970506],[-2.5240345258357584,43.261981716496912],[-2.5241419006979857,43.261887285644583],[-2.5242122113956942,43.261789312082072],[-2.5242564358350079,43.261691320033655],[-2.524316004588373,43.261559326253284],[-2.5243729849303223,43.261386750288054],[-2.5244113684958358,43.261220873879502],[-2.5244132275063138,43.26115078034092],[-2.5244179300448217,43.260973541381716],[-2.5244353462875844,43.260522944996417],[-2.5244622896210953,43.260182723181558],[-2.5244661960136492,43.260133397484402],[-2.5245051310108098,43.25989636486991],[-2.524556894304232,43.259798313962015],[-2.5246052201791009,43.25975439376986],[-2.5247016433812193,43.259666763983127],[-2.5250096050233526,43.259413906396141],[-2.5252843388326158,43.259223743709811],[-2.5253085648526472,43.259199628005938],[-2.5255075972252765,43.259001496649702],[-2.5255258672369316,43.258981041801619],[-2.5255680323230121,43.25892781273555],[-2.5257704856517567,43.258672205731422],[-2.5260145778986987,43.258399115452697],[-2.526022536043572,43.258389693530802],[-2.5260454807355668,43.258354220178965],[-2.5260596963608699,43.258316369444636],[-2.5260629013701386,43.258300264376039],[-2.5260974602747348,43.258067028285105],[-2.5261149047191411,43.257949297939142],[-2.5261166843736378,43.257926343418703],[-2.5261198266544906,43.257521146546388],[-2.5261180537921386,43.257495565954812],[-2.5261020231267248,43.25738780195482],[-2.5261002060614994,43.257375548083118],[-2.5260941077494627,43.257334537186878],[-2.5260749626780368,43.257205797417541],[-2.5261174974975735,43.256946909411802],[-2.5261193143048084,43.256935841199613],[-2.5261484318558822,43.256865272492277],[-2.5262658433990297,43.256580673771936],[-2.5264746187490763,43.256296882673681],[-2.5267232402205244,43.256019708785892],[-2.5269523408758325,43.255592154914133],[-2.527141647413961,43.255187597870247],[-2.5272072449982481,43.254917548859758],[-2.5272112037268042,43.254901253263931],[-2.527235475777343,43.254713681871436],[-2.5272374676591838,43.254708931135895],[-2.5272491224960496,43.254667467777935],[-2.5273246078669263,43.254162167518139],[-2.5273319214354513,43.254141849885158],[-2.527426460344679,43.253879301407693],[-2.5274980035668748,43.253755782721221],[-2.5276675670865361,43.253463020757756],[-2.527691428298235,43.253388290462055],[-2.5277184039799385,43.253050011687584],[-2.5277187104219268,43.253046225587831],[-2.5277145525108136,43.25299443155911],[-2.5277084674728831,43.252968833168346],[-2.5276905603849396,43.252894830878674],[-2.5276772921108321,43.252858217127503],[-2.5276549002176174,43.252822556216316],[-2.527637437306046,43.252802673829848],[-2.5276118908503866,43.252776688910956],[-2.5276021281980681,43.252766758764267],[-2.527543261451616,43.252706880411353],[-2.5275308561562353,43.252694264956396],[-2.5274034863785553,43.252564704568499],[-2.5273440819821973,43.252504307922244],[-2.5273129996873465,43.252477345566746],[-2.5270318812165371,43.252269616416228],[-2.5266538525701634,43.251913628872515],[-2.5263602978125399,43.251530885781172],[-2.526295706275322,43.251472448131871],[-2.5261986272475068,43.251409553648379],[-2.5261911505919641,43.251404660156936],[-2.5261652267072106,43.25138762939492],[-2.5261543392009402,43.251380476007057],[-2.5260681132010268,43.251323814379369],[-2.5260185615499759,43.251272157268325],[-2.5258989827809146,43.251149676316849],[-2.5257752560841591,43.251061253532541],[-2.5257606798514431,43.251050835928382],[-2.5257577513182592,43.251049448773784],[-2.5256979361188456,43.251021116102514],[-2.5256452127803977,43.250996141836005],[-2.5256205523863562,43.250936352988241],[-2.5255906129648698,43.250863763707542],[-2.5255967527913308,43.250767252750819],[-2.5256011725174048,43.250697771196101],[-2.5256751535502113,43.250457099355827],[-2.5257066398082175,43.25019872727605],[-2.5257069000881267,43.25019757035389],[-2.5257220697644596,43.250130209836058],[-2.5257220774209665,43.250130175650028],[-2.525794030039664,43.249811168119685],[-2.5257981232423186,43.249775796708292],[-2.5257987634385515,43.249693276002283],[-2.5257987645213187,43.249693136434296],[-2.5257988039130859,43.249688058860322],[-2.5258004117157049,43.249480812979826],[-2.5258012667408365,43.24937059927511],[-2.5257991393421992,43.24934312619056],[-2.5257191286802207,43.248843214972396],[-2.5257211086586584,43.248588030597901],[-2.525871084382092,43.248167323374915],[-2.5259399348661469,43.248104481413826],[-2.5259815686443896,43.24806648040294],[-2.5259816083410689,43.248066444548719],[-2.5260657367208377,43.247989657237085],[-2.5260742996105137,43.247981498454308],[-2.5262951595246075,43.247759907607801],[-2.5263287643201888,43.247728199007561],[-2.526347811764142,43.247707568011954],[-2.5265257202421547,43.247514863266225],[-2.5266020905890025,43.247380948364743],[-2.5266385011263668,43.247317102771596],[-2.526706244889382,43.247098825063446],[-2.526717972889053,43.246931142491249],[-2.5266741762962557,43.24675052457944],[-2.5266451462429784,43.246691357160884],[-2.526595459710542,43.246590092009882],[-2.5265096130936771,43.246452502662898],[-2.5264215692842127,43.246326050147943],[-2.526289566990866,43.246136461102779],[-2.5262886021450264,43.246135075789056],[-2.5262555645969873,43.246087658089117],[-2.5261279711097644,43.245904527257437],[-2.5260835859583648,43.245800146599876],[-2.5260842754787318,43.24571120209832],[-2.5261051231656242,43.245600642519527],[-2.5261096539258898,43.245576614282001],[-2.5261269696855391,43.245493587192804],[-2.5261285029342151,43.245295626476491],[-2.5261294952252813,43.24529299221463],[-2.5263817934868977,43.244623034999364],[-2.5263900257022303,43.244593893903193],[-2.5263990175947244,43.24454603070911],[-2.5264116468766202,43.244289388236389],[-2.5264233357033108,43.244126788595267],[-2.5264217044499273,43.244042088271357],[-2.5264162106343644,43.243756689921625],[-2.5264158990133607,43.243740469390829],[-2.5264277058229072,43.243562621686038],[-2.526435013690596,43.243554996154337],[-2.5265393196341335,43.243336827429076],[-2.5265398145611617,43.24333638014361],[-2.526651287605616,43.243241615088628],[-2.5267121614939367,43.243189865790619],[-2.5267444427580426,43.243156772047612],[-2.5267673812370304,43.243121298427688],[-2.5267759065996072,43.243101973617662],[-2.5268073636629649,43.243017010348417],[-2.5268390620631167,43.242931409635062],[-2.5268891280751591,43.242796282554764],[-2.5268897571575777,43.242794574265808],[-2.5270118667413706,43.2424543418201],[-2.5270800406407079,43.242318741127619],[-2.5271678618072646,43.242144054806751],[-2.5273505108505074,43.241811275922174],[-2.5275059640517132,43.241567003154586],[-2.5275872967022912,43.241439194216966],[-2.5276121037552746,43.241400213602404],[-2.5276190810056787,43.241389254891402],[-2.5277537269460821,43.241195129411174],[-2.5277838249260984,43.241125557353456],[-2.5278466283881356,43.240808221143553],[-2.5279256515275339,43.240527690956327],[-2.52812653055119,43.240226143996139],[-2.5282077717839191,43.240104193561791],[-2.5282238870347147,43.24007481467995],[-2.5284591794871996,43.239542166716603],[-2.5287501990804557,43.239001643571193],[-2.5289040179193463,43.238779681079343],[-2.5290973720731302,43.238600641714207],[-2.529268721452961,43.23844197553997],[-2.5292774268451299,43.238435873761524],[-2.5296620100460578,43.238166338648874],[-2.5297146049844579,43.238117749430572],[-2.5298513956347652,43.237947222482134],[-2.5298815974676647,43.237895659648977],[-2.5299587201285738,43.237699944333961],[-2.5300063310350587,43.237579116835789],[-2.5300367587789014,43.237546194607503],[-2.5303650664399875,43.237487571605769],[-2.5304099796462673,43.237476860296951],[-2.5306445328487839,43.237405785306258],[-2.5306791131233743,43.237393410651109],[-2.5307232532413968,43.237371079988911],[-2.5307597872547287,43.237344846091119],[-2.5311192922970749,43.237040160471643],[-2.5311653840145913,43.236988122135649],[-2.5312707244611072,43.236822507186417],[-2.5316503386780589,43.236609119849824],[-2.5316504042405565,43.236609082298521],[-2.5316562763870452,43.236605722373895],[-2.5316651836389097,43.236600536115212],[-2.5317033281620565,43.236572957800703],[-2.5317344865329647,43.236540938574962],[-2.5317395869590817,43.236534295976092],[-2.5318039229979044,43.236447308282443],[-2.5318176011058333,43.236428811882831],[-2.5318391459164076,43.23639963298529],[-2.5318689036868101,43.236341404318225],[-2.5319699781569893,43.236008644040837],[-2.5319720814085489,43.235992913332773],[-2.5319771630983565,43.235954915384212],[-2.5319766755011264,43.23593816464944],[-2.5319674282246116,43.235633767986293],[-2.5319695213652751,43.235360270506462],[-2.5319617724574019,43.235321787834692],[-2.5319390478667403,43.235208929001296],[-2.5318674201913653,43.235030739956244],[-2.5317749370112246,43.23485246460173],[-2.5315922809832476,43.234648406918126],[-2.5315475063966617,43.234594854515919],[-2.5315408075157393,43.234561788836238],[-2.5315653710451667,43.234531393200413],[-2.5317159546392385,43.234384609955008],[-2.5317271769795155,43.234371852108005],[-2.5319052950868075,43.234169367472568],[-2.5320243243423848,43.234058034070159],[-2.5321095843434378,43.234010416571842],[-2.5321189607824404,43.234005179966992],[-2.5323071549914737,43.233888918105613],[-2.5324508040332989,43.233739563496336],[-2.5325074046017098,43.233610184725755],[-2.5325399679970673,43.233442587195547],[-2.532546859830628,43.233420493503644],[-2.5325501788393079,43.233414690928136],[-2.5326122607006458,43.233316704179529],[-2.5327942193673509,43.233029513958535],[-2.5327973731611397,43.233024536432019],[-2.5330208843916129,43.232795865109338],[-2.533058526883988,43.232757352563098],[-2.5332764806736123,43.232615517422616],[-2.5334943640852647,43.232482776327302],[-2.533680404077403,43.232393213141869],[-2.5338311749609552,43.232306776446016],[-2.5342392288089548,43.232122918190001],[-2.5343102823885033,43.23207888629674],[-2.5343969239693149,43.232025193622292],[-2.5345364118452123,43.231892861709689],[-2.5346102686953778,43.231778800633109],[-2.5346919855586143,43.231545325853908],[-2.5346937654207204,43.231535891659121],[-2.5347245792599526,43.231372644604164],[-2.5346670611926858,43.231166558563928],[-2.5345828565418005,43.230977061347474],[-2.5344996246277245,43.230789753463647],[-2.5344971733216402,43.230655050177127],[-2.5344975993848506,43.230644050859816],[-2.5345015006723011,43.230543247328256],[-2.5345515690965792,43.230357930659274],[-2.5346435355460293,43.230147369516295],[-2.5347289106177362,43.230031506514258],[-2.5347910316977096,43.229947200435234],[-2.5349484884127009,43.2298080650434],[-2.5350622654563377,43.229753690634986],[-2.5351752216351255,43.22969970718372],[-2.5351895314396353,43.229695466478283],[-2.535677399436163,43.229475563541456],[-2.5362109683712371,43.229236297277154],[-2.5362946672902762,43.22919851513447],[-2.5363261956530181,43.229165605547387],[-2.5363618450705259,43.229115063421872],[-2.5363725426151236,43.229104024680005],[-2.5363813757344404,43.229092174260686],[-2.5365432332139375,43.228858707632369],[-2.5365573275473658,43.228835082342549],[-2.5365715296562672,43.228797230044961],[-2.5365748595652216,43.22878031467863],[-2.5366129372475035,43.228513371194239],[-2.5366693928961075,43.228363919051283],[-2.536810350215644,43.228107810561227],[-2.5369269213337704,43.227859227465579],[-2.5370430683718728,43.227666552782466],[-2.5371307780058827,43.227557628308112],[-2.5372427952428831,43.227451343223457],[-2.5376727533314205,43.227122701423731],[-2.5381026312705068,43.226804223984807],[-2.5381031895261739,43.22680367785172],[-2.5382424471850435,43.22669805104205],[-2.5382810968934391,43.226642295870207],[-2.5382988839540288,43.226612019070089],[-2.5383197081627316,43.22659162459113],[-2.5385624520953352,43.226201231168297],[-2.5387595370072162,43.225874187691467],[-2.5389918315771944,43.225486292305888],[-2.5391189676480943,43.225217417680469],[-2.5391187931610633,43.22521687849548],[-2.5392965104225178,43.224949446472856],[-2.5393231974663202,43.224888501962127],[-2.5394123055078346,43.224501657919326],[-2.5394164877457697,43.224469527916078],[-2.5394198617872532,43.224364996729179],[-2.5394209408396979,43.224331579163348],[-2.5394319087314314,43.224272012988884],[-2.539456569399166,43.224227637967182],[-2.5395055463092615,43.224184632288569],[-2.5395792123679355,43.224093439056375],[-2.5396110996761316,43.224012243076068],[-2.5396576341366717,43.223831991990899],[-2.5396694363510997,43.223649059997058],[-2.5396683319323614,43.223554948136602],[-2.5396740009888386,43.2235042194513],[-2.5396820606746378,43.223356851833167],[-2.5396869113639591,43.223334369458016],[-2.5397390062600338,43.223222141631865],[-2.5397824322996252,43.223128588012401],[-2.5397986300513224,43.223105723554511],[-2.5398792246581068,43.223017099114386],[-2.5399636006936936,43.222887828108647],[-2.5399850818819463,43.222804049027999],[-2.5399964816524516,43.222674483625056],[-2.5399972841392735,43.222567749398138],[-2.5400004655218535,43.222496226889184],[-2.54002584709521,43.22239806583022],[-2.5400652386880469,43.222311342157212],[-2.5401741293950266,43.222156755510802],[-2.5402099669769553,43.22201204060044],[-2.5402124687490328,43.22167912988666],[-2.5402179065293837,43.221534400834571],[-2.5402472356088319,43.221379117909947],[-2.5402922730009188,43.221258297938121],[-2.5403293897579351,43.22115872608142],[-2.5403860919604013,43.221006610197961],[-2.5406245994741719,43.220628469318378],[-2.5406263455235392,43.220625504770808],[-2.5407413490743673,43.22043609920371],[-2.540741396341319,43.220436035459926],[-2.5407723564618241,43.220396705545866],[-2.5407996393675041,43.220362047821915],[-2.5408994861902943,43.220341005609058],[-2.5410658330786586,43.220314512101631],[-2.5413200845456823,43.220295517880118],[-2.5413649877422664,43.220295697906174],[-2.5413654236000078,43.220295699653541],[-2.5414029726324854,43.220297984301205],[-2.5414647876299328,43.220301744823686],[-2.5417354447917537,43.22031820940294],[-2.5417413832064866,43.220266096737888],[-2.5417434906184804,43.220247589665448],[-2.5417598054895327,43.220104486201841],[-2.54178657756685,43.219869618746159],[-2.5412360842339883,43.219836076077804],[-2.5411809218764385,43.219836305092507],[-2.5406220011200706,43.219875751286928],[-2.5405772825096546,43.219878906160247],[-2.5405551035023564,43.219881068270851],[-2.5405031923912582,43.219891035118692],[-2.5404544344424682,43.219907407963682],[-2.540410310499615,43.21992974252268],[-2.5404030063441945,43.219935025966649],[-2.5403721803184292,43.219957323886007],[-2.5403700633638846,43.219959508931673],[-2.5403411580922088,43.21998934611122],[-2.5403255999530234,43.220011615315222],[-2.5402747809512993,43.220095310828043],[-2.5400646653567369,43.220441352564499],[-2.5398163111214909,43.220835030850175],[-2.5397988088555485,43.220870168912803],[-2.5396480104637122,43.221274774724044],[-2.539640162587641,43.221303198066821],[-2.5395854651199863,43.221592780523913],[-2.5395799676449022,43.221684210354873],[-2.5395886704298074,43.221912969813374],[-2.5395671711314418,43.221999289891961],[-2.5394651149444658,43.222169152072382],[-2.5394428416330728,43.222229691192929],[-2.5393876619796836,43.222443079924041],[-2.5393676515059616,43.222518194173809],[-2.5393611627730692,43.22259060291892],[-2.5393812671401412,43.222689797924765],[-2.5393766545698777,43.222706648795693],[-2.5393562530761384,43.222781186964433],[-2.5393194786512634,43.222821050456353],[-2.5393001938501119,43.222841954694779],[-2.5392342823110883,43.222908656446862],[-2.5390844840643574,43.22323130263851],[-2.5390793414606438,43.223243798478975],[-2.5390595481999592,43.223296206338553],[-2.5390451663440929,43.223481356553584],[-2.5390439873435846,43.223499905126033],[-2.539031124021335,43.223702163213034],[-2.5390254541885202,43.223791325801002],[-2.5389970026787747,43.223877617729286],[-2.53896450421577,43.223906154185777],[-2.5389480256539034,43.223920624092429],[-2.5389248572726681,43.223936225041186],[-2.5388801286348572,43.223996177367461],[-2.5388533558393389,43.22403206310905],[-2.5388093368970841,43.22420105279506],[-2.5388092836545875,43.224201255186571],[-2.5388015186440187,43.224442197331221],[-2.5388015034892994,43.224442737553169],[-2.5387990721531271,43.22445327587738],[-2.5387966712095054,43.224463702665538],[-2.5387233416056501,43.224781810212257],[-2.5386620568517357,43.224874039728583],[-2.5385061258169035,43.225108705848989],[-2.5385049124958323,43.225109088157211],[-2.5384549789866848,43.225245237927254],[-2.5383779926855414,43.225383245142929],[-2.5382682627373145,43.225579947057867],[-2.5379656151586611,43.22607937739707],[-2.5378158842781544,43.22630055418999],[-2.5377477131522039,43.22640125221718],[-2.5376182269538927,43.226520173764449],[-2.5374814979816396,43.226621883985381],[-2.5371289238407577,43.226884154720061],[-2.5368282615864706,43.227119285428373],[-2.5366219104888139,43.227291263732916],[-2.5365131363615161,43.227428058512295],[-2.5363266351391358,43.227732268049138],[-2.5362862258971393,43.227815939028439],[-2.5360865363388481,43.228229405585857],[-2.5360149062916379,43.228366108262044],[-2.5360148538284446,43.228366206200619],[-2.5359683026769755,43.228692221141245],[-2.5359336891263324,43.228742236972394],[-2.5358774126519124,43.228823321205113],[-2.5358737683159336,43.228824684140484],[-2.5358663979883835,43.228843527210657],[-2.5357790506938485,43.22890416530128],[-2.5356269175363906,43.228978974011376],[-2.5355278779531618,43.229027673726598],[-2.53504669131418,43.229234112343903],[-2.5346990950532424,43.229387103729941],[-2.5346697920356918,43.229396883417486],[-2.5346596461660851,43.229400269339976],[-2.5345445119843846,43.229458253220429],[-2.5343836382237503,43.229589749869845],[-2.5342645639569863,43.229708709924857],[-2.5340642384662986,43.230000152816686],[-2.5339617275218842,43.230225918214728],[-2.5338798559843889,43.230479722724034],[-2.5338611221968064,43.230657543391906],[-2.5338875120071762,43.23084317129927],[-2.5339659386433602,43.231041718635055],[-2.5340426651662948,43.231238801123745],[-2.5340511612425338,43.231260624416954],[-2.5340816658856595,43.231362403689367],[-2.5340917248314123,43.231410731493206],[-2.5340830812793458,43.231443830007137],[-2.5339774433292832,43.231648298202572],[-2.5339662719168068,43.231659510376403],[-2.5338597069392734,43.231755413948783],[-2.5336330412729207,43.231853603119696],[-2.5335518055192274,43.231900683492412],[-2.5333946439921986,43.231991765401752],[-2.5331412719114699,43.232113763858493],[-2.5331136945870716,43.232128779216609],[-2.5328786143334572,43.232271894834348],[-2.5328709420444246,43.232276726046415],[-2.5326234089346782,43.232437709647066],[-2.5325775579220751,43.232474981882739],[-2.5322796614506862,43.232779924251709],[-2.5322508127557537,43.232816185302731],[-2.5319890309268538,43.233229330992884],[-2.5319842919864834,43.233237055650136],[-2.5319323116734775,43.233327938158652],[-2.5318669787360468,43.233442168324032],[-2.531847810208077,43.233505832371783],[-2.5318090530000621,43.233574290493124],[-2.5317390142766656,43.233642621461648],[-2.5316998239586384,43.233672561057418],[-2.5316557958855452,43.233698186491374],[-2.5316167642508076,43.233720904036268],[-2.5315692314376501,43.233759674558932],[-2.5314803571189621,43.233832165850842],[-2.5313367834018727,43.233971353237742],[-2.5312361129339922,43.234080931400101],[-2.5310809169567796,43.234249856586047],[-2.5309932843299108,43.234346070065129],[-2.5309443789110868,43.234438602667353],[-2.5309262720789527,43.234472864249803],[-2.5309012209357626,43.234566792217855],[-2.5309177802682807,43.234673598241976],[-2.5309282108200941,43.234704048085007],[-2.5309517774300092,43.234772851480884],[-2.5311062795992831,43.234933333601774],[-2.5311310914554412,43.234959106798371],[-2.5312517096163516,43.235094294306101],[-2.5312647109049116,43.23510913059485],[-2.5313344069008785,43.235188663811542],[-2.5313495912218835,43.23525227218547],[-2.5313496556685191,43.235252540789574],[-2.5313525358455027,43.235277995368229],[-2.5313542475138107,43.235293131176569],[-2.5313516322819467,43.235634398576778],[-2.5313517078234891,43.235640612128755],[-2.531360762308386,43.235937624196808],[-2.5313381491318232,43.236012028331039],[-2.5313380202771714,43.236012450123546],[-2.5313289424466414,43.236042312134721],[-2.5313044581948883,43.236122849799742],[-2.5312254680758746,43.236250513523935],[-2.5311634015531506,43.236314972336992],[-2.5311380569553572,43.236329214749105],[-2.5308356154997944,43.236499165796424],[-2.5308267081929774,43.236504351990341],[-2.5307885633200993,43.236531930011211],[-2.5307575276169914,43.236563949482274],[-2.5307440830262071,43.236582624104912],[-2.5306631728615963,43.236709893252055],[-2.5306525341342128,43.236726599242026],[-2.5306250284788865,43.236769793580976],[-2.5303412668203653,43.237010315020839],[-2.5301960916325776,43.237054292160458],[-2.5301466357205564,43.237063183789083],[-2.5301410833994442,43.237064174012751],[-2.5298667647950044,43.23711311940334],[-2.5297751648353888,43.237129462842958],[-2.5297444460322112,43.23713618013997],[-2.5296956714553218,43.237152548272519],[-2.52965153112395,43.237174878538084],[-2.529613385303604,43.237202456159444],[-2.5295929119317857,43.237222182306354],[-2.5294687151315349,43.237356741983056],[-2.5294289165747936,43.237419012341469],[-2.5294280751076355,43.237420328068104],[-2.5293281265660932,43.237673824104263],[-2.5293262021590102,43.237678703935472],[-2.5293005760256486,43.237743792494818],[-2.5292049464469342,43.237862981335141],[-2.5289683016423083,43.238028944338929],[-2.5289564162448959,43.238037279671737],[-2.5289561722965366,43.238037450656932],[-2.528827259801115,43.238127785249837],[-2.5287986316730575,43.23815080940053],[-2.5284016744402544,43.238518366130023],[-2.5283687453192933,43.238556050092569],[-2.5281943757258349,43.238807462513627],[-2.5281825253868435,43.238826863777888],[-2.5278826292206649,43.239383917495118],[-2.5278761226030042,43.239397127540862],[-2.5276445859260144,43.239921325413185],[-2.5273549858045259,43.240356046391106],[-2.527330310459424,43.240409252212487],[-2.5272416596887606,43.240723960031538],[-2.527238478927174,43.240737093735355],[-2.5271815705554386,43.241024378312929],[-2.5270674746404973,43.241188962652927],[-2.5270628645848938,43.241195787158681],[-2.5267885554250431,43.241626877892678],[-2.5267820643576644,43.241638016856498],[-2.5265946654758382,43.24197941968724],[-2.5265914150254063,43.241985619471201],[-2.5264287870394662,43.242309115139136],[-2.5264198831098517,43.242329608968234],[-2.5262943702952141,43.242679461711205],[-2.5262186388146461,43.242883730088323],[-2.5261996406034459,43.242935072671507],[-2.526183398002821,43.242948872615919],[-2.5261833000503366,43.2429489559538],[-2.5260343618289083,43.243075581502751],[-2.5260020802254539,43.243108675044262],[-2.5259791413085675,43.243144148508733],[-2.5259771398803341,43.243148102277722],[-2.52582676917649,43.243462643124182],[-2.5258145583929892,43.243496540177723],[-2.5258119918363526,43.24351665861515],[-2.5258092361219955,43.243521939246477],[-2.5258033226466869,43.243705663462684],[-2.5258000755315471,43.243806534903811],[-2.5258041112718033,43.244182675555102],[-2.5257845806920081,43.244459603925016],[-2.5257638100979536,43.24456798375266],[-2.5257008942518255,43.244734995735783],[-2.5255239128689633,43.245204784471696],[-2.5255128656788437,43.245263269095254],[-2.5255114031551069,43.245451702241134],[-2.525499131477889,43.245511461347398],[-2.5254876092120351,43.245546080683681],[-2.5254658052617773,43.245667975780997],[-2.5254669343021838,43.245720883877816],[-2.5254683541105218,43.245787430772523],[-2.5254723600772149,43.245838979388957],[-2.5254746748551726,43.245868780983969],[-2.5255291332164909,43.246018948344556],[-2.5255683212130351,43.246070560030034],[-2.5256356777949893,43.246176955038528],[-2.5257616657303257,43.246370832244914],[-2.5258658530880309,43.246531160255401],[-2.5260001313989946,43.246699446926876],[-2.5260754690190206,43.246847158497438],[-2.5261023157812508,43.246971797254382],[-2.5260734397143563,43.247108911666693],[-2.5260028875778953,43.247240771148412],[-2.5259570039530939,43.247329529254095],[-2.5258745556033282,43.247421526960522],[-2.5258052856406494,43.247486927181846],[-2.525799948467661,43.247492127772325],[-2.5257038969013124,43.247588537084916],[-2.5256880902265526,43.247604402627118],[-2.5256880579416654,43.247604435810572],[-2.5255805777660671,43.247712193053125],[-2.5253974525465002,43.247879364419795],[-2.5253493263350966,43.247923293975752],[-2.525323863475855,43.247950382453418],[-2.5253009223250236,43.24798585574144],[-2.5252916406443076,43.248007248362185],[-2.5251531069090039,43.248395852926542],[-2.5251153423992387,43.248501773977573],[-2.5251054259027503,43.248557291677578],[-2.5251031173598237,43.248854436477188],[-2.5251052444304274,43.248881909575481],[-2.5251852501157912,43.249381821196238],[-2.5251839491226313,43.249549302790186],[-2.5251834539029443,43.249613053847241],[-2.5251823480463602,43.249755413196603],[-2.52509699701818,43.25013370553669],[-2.52509415755463,43.250150352399366],[-2.5250742417544498,43.250313820744942],[-2.5250643903681924,43.250394683254044],[-2.5250642618729295,43.250395049210873],[-2.5250136772051284,43.250539462377404],[-2.5249938715476348,43.250702027986151],[-2.5249932254207605,43.250785169070014],[-2.5249917649178353,43.250973099574487],[-2.5250091427528556,43.251028798110575],[-2.5250401748513109,43.251128260225592],[-2.5250415174287242,43.251132564631526],[-2.5251101555891893,43.251248058999806],[-2.5251975728562988,43.251333134240404],[-2.5253407845498717,43.251406128846305],[-2.5254053552714661,43.251439039598274],[-2.5254928784439921,43.251510561214971],[-2.5256611643085702,43.251661910038194],[-2.5257875267032888,43.251744985182164],[-2.5257893661205211,43.251746073368174],[-2.5258483241491767,43.251784317481608],[-2.5261277302518201,43.252148543679716],[-2.5261531368487464,43.252176563409179],[-2.5264273254836995,43.252434606654489],[-2.526490016613574,43.252493609951586],[-2.5264900728755566,43.25249366241156],[-2.5265567263916875,43.252556430718116],[-2.5265809621503825,43.252576611440062],[-2.526622487904246,43.252607299221459],[-2.5267428398248191,43.252696191557575],[-2.5267428961708616,43.25269623321217],[-2.5267574910246005,43.25270702265847],[-2.5268484838986143,43.252774290263957],[-2.5268485304384978,43.252774325574656],[-2.5268580382538781,43.252781353426265],[-2.5270962660524168,43.253023663716625],[-2.5271012790608873,43.253044485231875],[-2.5270877399126355,43.253218527380305],[-2.527087735812827,43.253218579590467],[-2.5270862348938152,43.253237738928014],[-2.5270795340993484,43.253323270010512],[-2.5268505358520832,43.253718618630238],[-2.5268363789748958,43.253749085907259],[-2.5268040323069525,43.253838910566024],[-2.5268040070134203,43.253838995105284],[-2.5267230667353195,43.254063780617521],[-2.5267146808846195,43.254096703014667],[-2.5267088907228157,43.254135515299446],[-2.5266399645867712,43.254597503722856],[-2.5266311884411818,43.254618450987202],[-2.5265848884260955,43.254959463395878],[-2.5265685050269964,43.255028882818152],[-2.5263791952108505,43.255433438008843],[-2.5262064003610387,43.255751203139667],[-2.5260064219295915,43.255982597852274],[-2.5257763719765047,43.256295361577834],[-2.5257086290197241,43.256387465899273],[-2.5256850213759781,43.256429059620189],[-2.5255217901861631,43.256824587984212],[-2.525510898805623,43.256862722590235],[-2.5254591726667734,43.257177671307623],[-2.5254587754965314,43.257228816157067],[-2.5255037355911667,43.257531379299735],[-2.52550077800788,43.257912264325874],[-2.5254583942274098,43.25819807662716],[-2.5252502179053757,43.258431063947867],[-2.5252415134392883,43.258441383184767],[-2.5250011234205161,43.258744922942313],[-2.5249149362305836,43.258830718036485],[-2.5246601850291737,43.259036332943261],[-2.5243148701562506,43.259322918825035],[-2.5240582979690962,43.25952516155813],[-2.5239553269226236,43.259650106785287],[-2.5238985570453027,43.259795575840165],[-2.5238496609634931,43.260120666584776],[-2.5238138001942536,43.260557633218177],[-2.5238053084906773,43.261052316545992],[-2.5237758537589041,43.26126228071665],[-2.5237187926133657,43.261445021409486],[-2.5236903748717712,43.261499458707313],[-2.5236481909418367,43.261580266443495],[-2.5236153408276918,43.261630957335456],[-2.5235268277825229,43.261684804831475],[-2.5234740107215399,43.261709174740261],[-2.5232666679792755,43.261821443531367],[-2.5231343849016814,43.261890911472491],[-2.522916560097733,43.262054994648658],[-2.5226645828353238,43.262260640865918],[-2.5224313875513462,43.262435868863562],[-2.5223954090759499,43.262457527029881],[-2.5222916342436981,43.262519997531655],[-2.5221190539124994,43.262651428124165],[-2.5221017883157817,43.262671250881255],[-2.5220071177662025,43.262735672646777],[-2.5219857275241298,43.262753373762656],[-2.5217504452230846,43.262948074106738],[-2.5216146098298049,43.263123707419275],[-2.5215511555241408,43.26324634027101],[-2.5214073027192239,43.263524349732926],[-2.521355677866612,43.263624120516035],[-2.5213447705040815,43.26364854862657],[-2.521233245795496,43.263795956344595],[-2.5212331773238525,43.263796046104559],[-2.5211485803327522,43.263907981843047],[-2.5211047567021008,43.263965786555673],[-2.5210772627022107,43.26401510699943],[-2.5210753723379171,43.264020324485656],[-2.5208151293328243,43.264713220551997],[-2.5203553188199863,43.265179625442819],[-2.520118503221811,43.265303976973655],[-2.5201184401209944,43.265304010026128],[-2.5199590174704913,43.2653876813878],[-2.5199589580800703,43.265387712654828],[-2.5197658768469129,43.265489073503097],[-2.5189545184406903,43.265625506614107],[-2.5184063118620434,43.265672006038798],[-2.5183059909866241,43.265680583783706],[-2.5183059539938148,43.265680587229767],[-2.5180095377642773,43.265705722274269],[-2.5178059758845088,43.265675057177347],[-2.5178059143340406,43.26567504971419],[-2.5176361395672786,43.265649490998264],[-2.5176355205159187,43.265649397440846],[-2.5176095643193843,43.265644426373967],[-2.5172290649360889,43.265571150434717],[-2.5172290243322513,43.265571143059624],[-2.51717426641952,43.265560645744436],[-2.5171360122918962,43.265553281452277],[-2.5171357957548151,43.265553240017297],[-2.5168276963676091,43.265493899575027],[-2.5164160926657178,43.26530524801619],[-2.5164160386440568,43.265305223475238],[-2.516386696021828,43.265291772541708],[-2.5159004505877904,43.264906477806917],[-2.5158733696329025,43.264887543474451],[-2.5158295609861341,43.264864846427578],[-2.5158053615346851,43.264855469206431],[-2.5154612936535896,43.264736951831964],[-2.5153774082923746,43.264718226986446],[-2.5148849865949687,43.264662111837566],[-2.514828450622494,43.264659530852498],[-2.5148035234347654,43.264660052748852],[-2.5148034334681379,43.264660055068653],[-2.5144817757548643,43.264666940342302],[-2.5143527471300491,43.264669701831345],[-2.5141258726787377,43.264674558113313],[-2.5140869153044543,43.264677184077335],[-2.5134333901397334,43.264752476472601],[-2.5130721304701056,43.26475093926345],[-2.5130712679811569,43.264750935592069],[-2.5129645657786068,43.264750481340585],[-2.5128710473375429,43.264750083133023],[-2.512838149546476,43.264749943033905],[-2.5124822558364679,43.264748426814016],[-2.5124821880694883,43.26474842652518],[-2.5119675286897927,43.26474623195449],[-2.5119404147074671,43.264747016738106],[-2.5112230706213485,43.264790147726181],[-2.511223013914659,43.264790151085748],[-2.5111021362223673,43.264797464971096],[-2.511075748513337,43.264799873491121],[-2.5110237944984672,43.26480982667568],[-2.5109749928246816,43.264826186615871],[-2.5109308256376663,43.264848509419892],[-2.5106085079920573,43.265044806431838],[-2.5105467321402326,43.265082428292601],[-2.5100030718284878,43.26534663846224],[-2.5097316480005731,43.265389508225006],[-2.50931521563282,43.265445262387445],[-2.5088003127517884,43.265426664054431],[-2.5082777233199871,43.26536710332433],[-2.5080778079520574,43.265344318362253],[-2.5080411098145308,43.265341729284614],[-2.5072034012850128,43.26532011417941],[-2.5071944074078982,43.265319985386647],[-2.5071889860030789,43.265319962030539],[-2.5070843775341798,43.265319511313393],[-2.5070309027700906,43.265319280874508],[-2.5066276242124044,43.26531754222043],[-2.5065759722050842,43.26532047105826],[-2.5061201861703535,43.265375046113412],[-2.5061201171123599,43.265375053018978],[-2.5059314106072583,43.265397650214645],[-2.5059194893962009,43.265398546013785],[-2.505416958649143,43.265436311778309],[-2.505416909334409,43.265436315166966],[-2.5046952719428797,43.26549054520423],[-2.504675171262027,43.265492529236958],[-2.5046232156409109,43.265502479505244],[-2.5045744117230839,43.265518836701631],[-2.5045703317833903,43.265520529914852],[-2.5040064813943612,43.265763553219493],[-2.503432736662889,43.266010853012581],[-2.5034254398922355,43.266014153057313],[-2.5027929988376361,43.266304386507088],[-2.5027929332841716,43.26630441683794],[-2.5026192838300449,43.266384073435638],[-2.50204006549985,43.26660594930177],[-2.5020399542529197,43.266605992039793],[-2.5016534235293348,43.266754012825047],[-2.501571851347856,43.266799310987032],[-2.5013662923884294,43.266959380408615],[-2.501366244025125,43.266959418017315],[-2.5012158202117738,43.267076543000123],[-2.5012157867299218,43.267076568967596],[-2.5011518313146088,43.267126329805428],[-2.501151718466287,43.267126417558821],[-2.5009394006837149,43.267291809089969],[-2.5009292284248765,43.267300139031704],[-2.5008981613769521,43.267332150075198],[-2.500878702515291,43.267361060134647],[-2.5007432693086633,43.267604217698356],[-2.5006613534330797,43.267751183365206],[-2.5002983492140589,43.267945719381672],[-2.5002484150054767,43.267979358706278],[-2.499889590953206,43.268280076449678],[-2.4996004325785299,43.268424597093436],[-2.4995761708343172,43.268437997925119],[-2.4993284763936492,43.268589993025181],[-2.4992917832642667,43.268616666258886],[-2.4992607146863759,43.268648676842709],[-2.4992462543055574,43.268668964038831],[-2.498975422101021,43.26910270244359],[-2.4987296477570773,43.269440650529077],[-2.4982836471568488,43.269746113741569],[-2.4982219166289741,43.269805363662023],[-2.4980796969864225,43.270002211530588],[-2.4977624764417166,43.270246015592633],[-2.4973174139926981,43.270406234235452],[-2.497291820695644,43.270416567147464],[-2.4969949711963046,43.270550331817226],[-2.496960936993057,43.270568101389749],[-2.4968328838281599,43.270645158199422],[-2.4968328157135842,43.270645199321145],[-2.4968106257149554,43.27065853573562],[-2.4967722842212776,43.270681580132759],[-2.4967722012455118,43.270681630193714],[-2.4960291403116521,43.271128590906486],[-2.4960290821060203,43.271128625768156],[-2.4958463456574163,43.271238542488412],[-2.4958072962381399,43.27126664494758],[-2.4957762244820101,43.271298654554329],[-2.4957731103914407,43.271302692915619],[-2.4956173872273313,43.271506952891926],[-2.4955341839010856,43.271616085110374],[-2.4955255703602686,43.271627389367822],[-2.4955224569799541,43.271631337678748],[-2.4955022347543783,43.271662674685778],[-2.4954879970484996,43.271700521424549],[-2.495485142517138,43.271717887789237],[-2.4954815136670829,43.271739482919244],[-2.4954473439222955,43.271982367425579],[-2.495446069492504,43.27201729980451],[-2.4954792441945624,43.272476682711236],[-2.4954832182407727,43.272502813690622],[-2.4955680244608476,43.272864777952584],[-2.495614158615842,43.273061678693445],[-2.4956298333707623,43.273103529327152],[-2.4958250132645343,43.273479432904544],[-2.4958286894681248,43.273495839347788],[-2.4959263954346405,43.273932182606181],[-2.4960680285504333,43.274674608540046],[-2.4960680439093683,43.274674688748973],[-2.4960688318028881,43.274678820845196],[-2.4960989773727267,43.274836918355732],[-2.4960975570754074,43.274859693825171],[-2.4960975374007592,43.274859987289595],[-2.4960970353403815,43.274867513853067],[-2.4960860834412628,43.275032226109246],[-2.4960825757868159,43.275084985018822],[-2.4960771561887434,43.275166481899724],[-2.4958772273978367,43.275350105916132],[-2.4956959849303333,43.275480945755909],[-2.4956889058086835,43.275486056191745],[-2.4956641689405852,43.275503866350853],[-2.4956422909406482,43.275519618044129],[-2.4955904902925679,43.275569275304242],[-2.4954236366132485,43.275785498857466],[-2.4953621123142602,43.275822290521475],[-2.4953500851144073,43.275829483489517],[-2.4952971623089626,43.275862908413707],[-2.4952049365745834,43.275921155836535],[-2.495051723818591,43.276017921438481],[-2.4948660864391616,43.276158161191795],[-2.4948584610023299,43.276176557299429],[-2.4948456446443927,43.276207473935891],[-2.4948264383305316,43.276342220881205],[-2.4948380123597582,43.276405621384775],[-2.4948670547065785,43.276477938874869],[-2.4949221239818629,43.276548211070228],[-2.4950122168326399,43.276595724675929],[-2.4950386611290432,43.276609670730544],[-2.4950653142255019,43.276617742178296],[-2.4951762484984132,43.276662281574403],[-2.4953425528160915,43.276740950488779],[-2.4954671477438435,43.276816046756309],[-2.4954910676330204,43.276844836512225],[-2.4956012519320763,43.277026662201457],[-2.4955993585721434,43.277255882047626],[-2.4954899557138206,43.277505097987195],[-2.4954422022034008,43.2775548513522],[-2.4953724838641294,43.277608532869451],[-2.4952650649155999,43.277699547778639],[-2.4952350497264688,43.277747030916828],[-2.4951945773469268,43.277811057128382],[-2.4951518876350391,43.277926076663327],[-2.49514901136568,43.277934843483067],[-2.4951185848021975,43.278027583843333],[-2.4951264870422096,43.278193654187362],[-2.4951533875967251,43.278305593304395],[-2.495230938077337,43.278461804777564],[-2.4953776599345705,43.278665761353153],[-2.4955148236807694,43.278831998413203],[-2.4955229619840522,43.27889519817257],[-2.4955044070959871,43.279052607288428],[-2.4954637726200208,43.279106645832414],[-2.4954637238342099,43.279106732962134],[-2.4954148237744245,43.279199924071662],[-2.4953395963665916,43.279343288954522],[-2.4952978740157636,43.279416473679092],[-2.4951912002726351,43.279603591861154],[-2.4951790368953604,43.279624926872678],[-2.4951283272783003,43.27971387588903],[-2.4951249868892686,43.279719736664653],[-2.49512496558066,43.279719779792813],[-2.495094880942649,43.279772545585011],[-2.49504746671143,43.279897709509832],[-2.4950554249937458,43.280057003170135],[-2.4950777458336413,43.280162144270165],[-2.4951092847996956,43.280274102933838],[-2.4952006946029708,43.280437153330041],[-2.4952786947692873,43.280539151647972],[-2.4952788422225876,43.280542783864206],[-2.4952825482026717,43.28063404589026],[-2.4952822094565206,43.28067502534747],[-2.4952633219141789,43.280744756669847],[-2.4951600900362254,43.280860533713017],[-2.4948754215893429,43.281072751437463],[-2.4942692842438734,43.281459747393825],[-2.4941220898610252,43.281532626477301],[-2.4932180446829699,43.281877697082777],[-2.4932082752925906,43.281881615834045],[-2.4931640892814118,43.281903931617137],[-2.4931258989836658,43.281931496633305],[-2.4928645785592667,43.282157344912669],[-2.4928339964023518,43.282188905594836],[-2.4928110233993448,43.282224371995746],[-2.4927967815043721,43.282262218308936],[-2.4927917734473262,43.282301276165839],[-2.4927898906374684,43.282527914170267],[-2.4927898902410064,43.282527961893003],[-2.4927891186566593,43.282620838450711],[-2.4928004381016895,43.282682570305681],[-2.4929048992581233,43.282956593867283],[-2.4929115508181328,43.282971931211819],[-2.4929339332544189,43.283007598689963],[-2.4929644785828375,43.283039880590927],[-2.4930022090422002,43.283067782066112],[-2.4930185234350692,43.283077219182367],[-2.4933914201313985,43.283278683877221],[-2.4934189189879712,43.283291952411787],[-2.4934674651802067,43.283308735901095],[-2.4935192689306622,43.28331914051256],[-2.4935727309648561,43.283322798976343],[-2.4935841946915089,43.283322669637293],[-2.494528129607203,43.283301361700445],[-2.4945283305490955,43.283301357185636],[-2.4947305019178403,43.283296763885645],[-2.4947644574616787,43.283295992697234],[-2.4952183600906497,43.283285680132302],[-2.4954508934445494,43.283306336132092],[-2.495676864621204,43.28338476879491],[-2.495786055821072,43.283422667965738],[-2.4957862917919047,43.283422750047485],[-2.495801164192518,43.283427912219722],[-2.4957962757490253,43.283601950000232],[-2.4956808625162981,43.283929438125647],[-2.4956364893588603,43.284055348586804],[-2.49558276294584,43.284143266910149],[-2.4953356219713467,43.284547384699259],[-2.4953212090144778,43.284576225937847],[-2.4950568901728269,43.285238699856336],[-2.495050190150871,43.285258930671098],[-2.4948575645666531,43.285985563247877],[-2.4948551050834031,43.285994853255602],[-2.4947329927880824,43.286456224655261],[-2.4946967345702102,43.286593204796368],[-2.4946923604971718,43.286615336829634],[-2.4946825337744123,43.286693555239594],[-2.4946591076620308,43.28688001568559],[-2.494568851955917,43.287105992048069],[-2.4945534352967877,43.287144582540876],[-2.4945533257887562,43.287144856697758],[-2.4945255333581091,43.28721443771196],[-2.4944744595430568,43.287342308056679],[-2.4944598482737095,43.287378890463643],[-2.494315539769282,43.287740179565446],[-2.4941471483164075,43.288161754104379],[-2.4940920486468983,43.288299697922859],[-2.4940695150204211,43.288330739813205],[-2.4938045162067741,43.288695799429632],[-2.4937881561277822,43.288707729277604],[-2.4936891968351595,43.288779893681408],[-2.4935664064367788,43.288869434945362],[-2.4935492836066815,43.28888295609859],[-2.4935182016198194,43.288914964942535],[-2.4935011101267239,43.288939561900598],[-2.4927977112421313,43.290131717203131],[-2.4924455969143455,43.290509609597095],[-2.4923388291322994,43.290570634574287],[-2.4923286715436159,43.290576441588364],[-2.4919924002527298,43.290768641380083],[-2.4914127700173423,43.290918693767154],[-2.4910850902086317,43.290936956428553],[-2.4910353382692101,43.290916294600201],[-2.4909536686625802,43.290746734564401],[-2.4909217755176702,43.290557370659457],[-2.4907757402180213,43.289690331224669],[-2.4907455455978869,43.28951100593509],[-2.4908011906570895,43.288987635483856],[-2.4909382227889898,43.288814996676578],[-2.4910230919456775,43.288763147596768],[-2.4915842499187328,43.288756638586548],[-2.491688035931463,43.288742242234932],[-2.4922113863447248,43.288598151737432],[-2.4922551471200411,43.288583128200365],[-2.4922993383178342,43.288560812820393],[-2.4923081362362995,43.288555269009805],[-2.4924225278104197,43.288480496307869],[-2.4926068276091375,43.288360023641324],[-2.4926362243329305,43.288338002687787],[-2.4926673064834066,43.288305994081135],[-2.4926677838222351,43.288305364074411],[-2.4926746603866228,43.288296211669085],[-2.4927612632824427,43.288174747111697],[-2.4927613742779324,43.288174591824074],[-2.4928182105629926,43.288094874775723],[-2.492833831955418,43.288069190844254],[-2.4928480752160915,43.288031344571543],[-2.4928530837416858,43.287992286753465],[-2.4928529097880916,43.287983551506656],[-2.4928473952506232,43.28786022777696],[-2.4928380449977392,43.287651125288932],[-2.4928350445093601,43.287626529387694],[-2.4928344578348507,43.287623555263671],[-2.4927733147854805,43.287311994616168],[-2.4927503828873285,43.28725327288123],[-2.4925787059026572,43.286968235732559],[-2.4925201971990862,43.286904043398081],[-2.4922440119207705,43.286691299320793],[-2.4922199914433198,43.286674624198092],[-2.4921761761164847,43.286651918144443],[-2.4921319318725179,43.286636323816204],[-2.4918561084458646,43.286558109366766],[-2.4917584876356469,43.286543088177503],[-2.4912305823274243,43.28652579368606],[-2.4912186279733377,43.286525560421858],[-2.4911651062462976,43.28652874410092],[-2.4911131305486682,43.286538688095106],[-2.4910987990435518,43.286542676412246],[-2.4907859176173237,43.286637371328752],[-2.4907018001820531,43.28666283197186],[-2.4907017643625475,43.28666284081698],[-2.4906220546965665,43.286686969433894],[-2.4905946113437309,43.286696482159364],[-2.4901543635333496,43.286868669970652],[-2.4901473138238526,43.286871520024945],[-2.4901031230759543,43.28689383458228],[-2.4900649282628087,43.286921398529742],[-2.4900396972216066,43.286946408922546],[-2.4900097034022259,43.286980852920834],[-2.4898756028227891,43.287038874995403],[-2.4891611749514082,43.287156978789696],[-2.4891188170058682,43.287166424551188],[-2.4882786598438562,43.287402011708799],[-2.4882280933434586,43.287420154893169],[-2.4876891366810363,43.287661407130308],[-2.4876440627652712,43.287685967931594],[-2.4873807992895474,43.287858937644209],[-2.4873456863891268,43.287886244351093],[-2.4869741357406752,43.288227654287951],[-2.4869478903291329,43.288255811057013],[-2.4863579072986335,43.289007659748158],[-2.4863393027027594,43.289035940730194],[-2.4862222500814011,43.289249382609114],[-2.4862083667516406,43.289274698845702],[-2.4862000930830797,43.289289785827073],[-2.4861723088605552,43.289340448829456],[-2.4861452656952614,43.289389761760667],[-2.4860213250547001,43.289615760021938],[-2.4858366438171231,43.289872296199448],[-2.4856437763525441,43.290140202295269],[-2.4856276515225098,43.290166693384428],[-2.4856134032825481,43.290204538718626],[-2.4856107039582556,43.290217673310117],[-2.4853675967340307,43.29166767248185],[-2.4853666890738175,43.291672981116577],[-2.4853653903553221,43.291680809281956],[-2.4852763791452226,43.292091198950004],[-2.485262139070501,43.292157228683344],[-2.4852283185217221,43.292209796654362],[-2.4852282885425887,43.2922098433434],[-2.4851714584179097,43.292298009206952],[-2.485060912913164,43.292469503185288],[-2.4850517209467311,43.292478650104286],[-2.4849589728993067,43.292570976363123],[-2.4849176764911034,43.292570970500734],[-2.4848477810723084,43.292570925871324],[-2.4846033308724413,43.292570905229098],[-2.4845760710047569,43.292558265994515],[-2.484481396222602,43.292514617233017],[-2.4844039136940221,43.292478789851224],[-2.4843121724162116,43.292379775843514],[-2.484282304407806,43.292293590462684],[-2.4842677928135806,43.292251717546478],[-2.4842406914703079,43.292173518206418],[-2.4842405873162994,43.292036466721434],[-2.4842404362898698,43.291839025624149],[-2.4842404340680244,43.291838996799385],[-2.4842402447670229,43.2916136997694],[-2.4842391078734254,43.290975087841609],[-2.4842315133699251,43.290925618296555],[-2.4841361097572721,43.290618491096488],[-2.4841071259985328,43.290561991525315],[-2.4840507845595581,43.290485156802298],[-2.4839089755318327,43.290291769795083],[-2.4839051969927657,43.290286710165262],[-2.4838746528884932,43.290254425891888],[-2.4838369222189991,43.290226521439578],[-2.4838085793115416,43.290210905609193],[-2.4834706178210628,43.290045946296829],[-2.4834161890248896,43.290024809803],[-2.4830280158203011,43.289908697526506],[-2.4829434631082625,43.289893097559727],[-2.4825283214357596,43.289861234873484],[-2.4824880228966246,43.289860062049932],[-2.4812281456731906,43.289884340373675],[-2.4811876902100094,43.289887128408672],[-2.4805081814098906,43.289966346483119],[-2.4805050967700271,43.289966692658162],[-2.4804531164494983,43.289976631778536],[-2.4804084834881945,43.289991566691306],[-2.4804042865286555,43.289992978459033],[-2.4803778024570993,43.290005284512411],[-2.4799850553474205,43.290209705235696],[-2.4798161313759119,43.290258552544834],[-2.4797771851709181,43.290272242521411],[-2.4797329881964902,43.290294553026946],[-2.4797223291931205,43.290301348047919],[-2.4793703768429038,43.290535037081973],[-2.4791844414616473,43.290569308604425],[-2.4791561594131761,43.290575573099012],[-2.4791073286696097,43.290591919219871],[-2.4790631312202134,43.290614229462896],[-2.4790473890476226,43.290624423021541],[-2.4786368090456845,43.290909619250144],[-2.4783270595164071,43.291036252518033],[-2.4782810055572839,43.291059364404425],[-2.4782428028187993,43.291086924343219],[-2.4782117117115465,43.291118928968395],[-2.4781887268303389,43.291154392316095],[-2.4781877278672617,43.291157043217709],[-2.4781805105608421,43.291176200912581],[-2.4781744737502858,43.291192236692169],[-2.4781694555557152,43.291231293795924],[-2.4781695249325968,43.291237597337741],[-2.4781699063682319,43.291250655758851],[-2.4778898238278249,43.291597946002696],[-2.4776430027388976,43.291817792163087],[-2.4776198732261872,43.291841278604586],[-2.4775955936240304,43.291869799666976],[-2.4774024340193574,43.292095734351555],[-2.4767002897499544,43.292916997619955],[-2.4763985796819203,43.293096339329047],[-2.4763373889367868,43.293091163403083],[-2.4763359734149173,43.293090771525563],[-2.4762641496755413,43.293082076506025],[-2.4761269267804127,43.293065464939325],[-2.4761017421811466,43.29306241679226],[-2.4760571386998476,43.293057016834567],[-2.4760391433777884,43.293054838132313],[-2.4759796054962906,43.293051565055492],[-2.4755981603680013,43.293017674086684],[-2.4754803388624982,43.29300720448559],[-2.4754404744781806,43.293012807134289],[-2.4753852155132625,43.293020575907434],[-2.475360177922775,43.293024094429001],[-2.4750540342639535,43.293067124861778],[-2.4750087147139728,43.293076191608336],[-2.4749598808695881,43.293092535935322],[-2.4749156800999148,43.293114844548768],[-2.4748957198710331,43.29312798968688],[-2.4746971250083951,43.293271241532558],[-2.4746788796046406,43.293285655152275],[-2.474647785506594,43.293317658780886],[-2.4746350600831453,43.29333524935744],[-2.4743387091474003,43.293793122614495],[-2.474316988560858,43.293838856223509],[-2.4742223105393979,43.29413962503142],[-2.4742144713086671,43.294191005278272],[-2.4742190327668907,43.295020890362537],[-2.4742263878184723,43.295068648557745],[-2.4742294480357403,43.295078754981347],[-2.4745231859128221,43.296048632416117],[-2.4745679372528238,43.296435135311029],[-2.4745652609903317,43.297060942622366],[-2.4745501697519048,43.297082307842807],[-2.4743680701272419,43.297340169666725],[-2.4743456215028363,43.297371951784868],[-2.474270721923109,43.297478032891938],[-2.474255713668768,43.297502906644446],[-2.4742414566334188,43.297540750468059],[-2.4742364353618131,43.297579807340156],[-2.4742374982417465,43.297599532293781],[-2.47425431915355,43.297750616704541],[-2.474254324952859,43.297750659052802],[-2.4742545509707132,43.297752328643504],[-2.4741386469426634,43.298040483219516],[-2.4741257667291978,43.298050009396434],[-2.4741209262697761,43.298063780383295],[-2.4741204750817904,43.298065064165321],[-2.4741095051119428,43.298074952102972],[-2.4739537334789858,43.298215348644732],[-2.4739287145265374,43.298237898148351],[-2.4738157532384344,43.298332622872579],[-2.473642833529182,43.298477624288402],[-2.4732775791272985,43.298783905473734],[-2.4730013838334615,43.299137763703314],[-2.4727342074544651,43.299480065800068],[-2.4727130856666251,43.299513195385792],[-2.4726988271945176,43.299551038996391],[-2.4726938047581606,43.299590095781021],[-2.4726909751978243,43.300174300766642],[-2.4726908992559706,43.300190363710151],[-2.4726900760830914,43.30036393334921],[-2.4726977731564852,43.300414844782189],[-2.4727944729576334,43.300723967959073],[-2.472804731968175,43.300749498240144],[-2.472827109034947,43.300785169514754],[-2.4728576524828667,43.300817456675809],[-2.4728953845981625,43.300845364706106],[-2.4729207669484401,43.300860983077719],[-2.4729208932706572,43.300861060198841],[-2.4730607000082943,43.300947157929933],[-2.4731181586853643,43.300975066715786],[-2.4736123032530366,43.301161035519257],[-2.4736462368251471,43.301171997187254],[-2.4736980522440501,43.301182410804408],[-2.4737233048015592,43.301184958235275],[-2.4741369344616508,43.301214684807249],[-2.474165158321918,43.301215805066235],[-2.4742186937479596,43.301212629421393],[-2.474270684645751,43.301202693208729],[-2.4743114836962872,43.301189553929142],[-2.4746958280283491,43.301040762920422],[-2.4747038694762562,43.301037558197791],[-2.4747480760899303,43.301015249727293],[-2.4747833061091651,43.30099019864376],[-2.4753768881832592,43.300495238879208],[-2.4754174488568927,43.300452382953225],[-2.4755580609242109,43.300258618582255],[-2.4755768251156347,43.300227098492286],[-2.4763154481882719,43.298675479141885],[-2.4763319939384374,43.298615044009317],[-2.4763695724175232,43.298158052695385],[-2.4763658198013516,43.298106889407421],[-2.4762535857876227,43.297623819198925],[-2.4762821564933768,43.297535786003742],[-2.4762837697926812,43.29753081384802],[-2.4762848854170536,43.297527376498401],[-2.4762867633763954,43.297521588837405],[-2.4762999081372885,43.297512644423755],[-2.4768632843980996,43.297673973504054],[-2.4773561341450341,43.297951767198576],[-2.4774762766290435,43.298059470801199],[-2.4775416131440822,43.298203932847223],[-2.4775630281219576,43.298251394839177],[-2.4776099741477533,43.298355162112742],[-2.4776012311781801,43.298757177397313],[-2.477608669413105,43.298809978299303],[-2.4777025839440046,43.299115843051439],[-2.477730343718461,43.299171077928293],[-2.4779046870782535,43.299414097451169],[-2.4780189077004375,43.299573310324782],[-2.4780674758037322,43.299641008783141],[-2.4783295972114949,43.299913657955457],[-2.4784127748097515,43.30007617219546],[-2.4784327287830945,43.30021523468033],[-2.4784220538040427,43.300338193252053],[-2.4783833789959027,43.300423468679107],[-2.4783300308291092,43.300481130319675],[-2.4782609590001861,43.300523279138183],[-2.478149183405145,43.300566581981087],[-2.4773755709560357,43.30083964484735],[-2.4763414210859711,43.301244111597917],[-2.476316933193448,43.301254445712622],[-2.4758092626206079,43.30165764295154],[-2.475766852886228,43.301700400486673],[-2.4754445116302319,43.302122948853558],[-2.4754248860881432,43.302154194823018],[-2.4754219846699139,43.302161835418225],[-2.4754219644716566,43.302161890253608],[-2.4754106286616318,43.302192038759721],[-2.4754056386946695,43.302227493959265],[-2.47538620076006,43.30286781122205],[-2.4753861988845385,43.302867885951535],[-2.4753851915841372,43.302899142563469],[-2.4753896289876129,43.302942294897178],[-2.4754565233239574,43.303226523576448],[-2.4755117897420882,43.303461339333964],[-2.4755118135486107,43.303461438493585],[-2.4757592061340223,43.30451232022363],[-2.475772891868024,43.304570460730595],[-2.4757906393181166,43.304872645937259],[-2.4757114307111219,43.305122520335551],[-2.4757039430632828,43.305161655961392],[-2.4756855786483762,43.305419493721551],[-2.4756855744387956,43.305419553132531],[-2.4756778721551229,43.305527122616951],[-2.4756742247738401,43.305578071848032],[-2.4755890092831399,43.305790025501487],[-2.4755736128488102,43.305828320744446],[-2.4755331120984354,43.305929053924515],[-2.4751629978694729,43.30636957136948],[-2.4745908046564837,43.306908209915527],[-2.4745522971161127,43.30695548717464],[-2.474115530535014,43.307680183885239],[-2.4740284156501704,43.307824724668706],[-2.473984255085051,43.307897997171693],[-2.4738501806791984,43.308031638810171],[-2.4730450522482217,43.308439981985572],[-2.4730030310093243,43.30846554148323],[-2.4724893078267356,43.308840195149557],[-2.4724436872439965,43.308882666449087],[-2.4719250969420044,43.309506640887157],[-2.4717771938191651,43.30968460337494],[-2.4716249096940097,43.309867859929426],[-2.4716038022554505,43.309900265346123],[-2.4715977910020994,43.309909515892912],[-2.4714623219703964,43.310188752253666],[-2.4714452686942256,43.310249904576203],[-2.4714159110042067,43.310592573152789],[-2.4714230002954034,43.310656718499857],[-2.4714267197367028,43.31066862172932],[-2.4716779671708577,43.311472450421235],[-2.4715272226097569,43.311649954570875],[-2.47135709070549,43.311645566545828],[-2.471177040613648,43.311590436654861],[-2.4705661780782928,43.311403197056904],[-2.4699300782058735,43.311154876260851],[-2.4695917525754569,43.311022831553245],[-2.4691353730370924,43.310802193942173],[-2.4691353288275915,43.31080217302646],[-2.4691042620184294,43.310787171282676],[-2.4690313648749487,43.310761259909277],[-2.4687132824647637,43.310683964345287],[-2.4686204072828191,43.310672457278919],[-2.4676194719351416,43.310661948024432],[-2.4670045368473312,43.310655485023609],[-2.4670044604064056,43.310655483766936],[-2.4668415838073101,43.310653734161789],[-2.4658542942021211,43.310478941350659],[-2.4657589059598326,43.310462043592331],[-2.4657587557575424,43.310462016777507],[-2.465637360935097,43.31044055908832],[-2.4656373116844654,43.31044055075413],[-2.4656073709788808,43.310435205326591],[-2.4656073205031084,43.310435196086182],[-2.4654253517681091,43.310403009840115],[-2.4654253148321654,43.310403003364307],[-2.4654219278458909,43.310402404938444],[-2.4653149146570463,43.310383493982073],[-2.4650329751330768,43.310333550952429],[-2.4649469596182803,43.310327385686513],[-2.4648974989377135,43.310328961523766],[-2.4648337303830603,43.310330998064153],[-2.4648336650083351,43.310331000459641],[-2.4643772382987037,43.310345339666007],[-2.4643044091657114,43.310354093217072],[-2.4639345323534574,43.310432591080655],[-2.4638142353886363,43.310440483416492],[-2.4634023993581931,43.310467499091956],[-2.4633862303639682,43.310468559613504],[-2.4633215342631747,43.310477890968862],[-2.4625403968789881,43.310656835940428],[-2.4624682921770229,43.310681259687271],[-2.4620812541750947,43.31085953344234],[-2.461869162336944,43.310957224137304],[-2.4618257910671013,43.31098133242967],[-2.4612244440241597,43.31138199641056],[-2.4607668854014091,43.311602182949109],[-2.4607420954424355,43.311614112395212],[-2.4604894682740555,43.311721336139776],[-2.4604317424948254,43.311723134893093],[-2.460210762482347,43.31173002346609],[-2.4601961521917559,43.311730477680676],[-2.4600150806984629,43.311736116183198],[-2.4597324333607791,43.311681923705983],[-2.4594430232388804,43.311626439729849],[-2.4589725036673147,43.311427645232463],[-2.4582564481100055,43.310815456672479],[-2.4579450919024235,43.310357449573878],[-2.4575285476837778,43.309555442472757],[-2.4575285355697822,43.309555418102953],[-2.4574993223963641,43.309499180133493],[-2.4574861046158607,43.309473725433975],[-2.4574668896065739,43.309443649051737],[-2.457258270144159,43.309171334298703],[-2.457195072295792,43.309088839716679],[-2.4571529092291997,43.309046408148603],[-2.4567985673585429,43.308764953653672],[-2.4567435101774042,43.308730474771139],[-2.4566221503670027,43.308670948926348],[-2.4564465318903062,43.308584810518298],[-2.4563779527125567,43.308559541915095],[-2.4559547626351841,43.308449654954252],[-2.4559070034211592,43.308440333154437],[-2.4558535218274735,43.30843665699593],[-2.4558252773371154,43.308437513126911],[-2.4554567832766687,43.30846051567196],[-2.4554111115202004,43.308463366087388],[-2.4553375210964985,43.308474631589348],[-2.4547967295668767,43.308609825181072],[-2.4547942555242637,43.308610712945658],[-2.4547268380103162,43.308634884925318],[-2.454540213019047,43.308724761240036],[-2.454476592728513,43.308765518702984],[-2.4541700787594007,43.309024648885305],[-2.4541178548092626,43.309087071515911],[-2.4536838614430043,43.309866776801549],[-2.4536696387087229,43.309899035296532],[-2.4535869867793738,43.310150768609212],[-2.4535786870960687,43.310210069113651],[-2.4535858008458185,43.310380739803961],[-2.4535906637311542,43.310497372285077],[-2.4535948268038035,43.31052818781982],[-2.4536084205694237,43.310566162019477],[-2.4536189794433652,43.310585032020747],[-2.4537791139274518,43.310837834908888],[-2.4538089905446725,43.310875166474709],[-2.4546212854640763,43.311696747878401],[-2.4547600820740048,43.311903018224349],[-2.454761527816911,43.311905166403612],[-2.454761558233078,43.31190521247192],[-2.4548617550656613,43.312054115138359],[-2.4549696236090082,43.312249940179612],[-2.4550236921486914,43.31234810452704],[-2.4550459552330435,43.312388522270481],[-2.4550605612473952,43.312410650360178],[-2.4550639618192647,43.312415801869179],[-2.455094501579631,43.312448093688836],[-2.4551057622423857,43.312457512089601],[-2.4552108876571341,43.312540374072093],[-2.4555269954211365,43.312789535606697],[-2.4555927416086676,43.312828748306394],[-2.4564570743806509,43.313213302133697],[-2.4566716293679196,43.313380816044457],[-2.4569231553008288,43.313883475116228],[-2.4569091276350705,43.314323191703558],[-2.4568391791764315,43.314520149668802],[-2.4564922810491061,43.314825287457865],[-2.4554886382626133,43.315373034215604],[-2.455069679164616,43.315474591474015],[-2.4546563784734565,43.315508639918292],[-2.4539316273893967,43.315412614233843],[-2.4535938884965578,43.315367865812718],[-2.4534035853616309,43.315342648711976],[-2.4533505903296002,43.315339063754728],[-2.4532970415086162,43.315342229551675],[-2.4532475079470011,43.315351447577655],[-2.4531068515099994,43.315387063531368],[-2.4531043787741384,43.315387772073507],[-2.4530555212322742,43.315404106856882],[-2.4530112962873556,43.315426406788298],[-2.4529784040753868,43.31545011158768],[-2.4529783221551287,43.315450170626036],[-2.4529730668461185,43.315453958025905],[-2.4529721971870964,43.315454674232058],[-2.4529720915140967,43.315454769175084],[-2.4529675974175724,43.315458794334027],[-2.452781719245257,43.315627731329734],[-2.4527560716757604,43.315654892459882],[-2.4527330626591177,43.315690350410513],[-2.4527229849855749,43.315713984202532],[-2.4526358631044411,43.315967766228411],[-2.4526268933467175,43.316032826318597],[-2.4526495290863748,43.316394277978489],[-2.4526476811067397,43.316400805549442],[-2.452661011509166,43.31668267262598],[-2.4528325268015765,43.317011621414551],[-2.4529169280087775,43.317135678532189],[-2.4530986530714083,43.317402787361004],[-2.4534543101609616,43.317832983980018],[-2.4538315352368998,43.318216958480981],[-2.4541465656915977,43.318461662997542],[-2.4544356842132635,43.318648338304946],[-2.4546938766918438,43.318746077751975],[-2.4547569392935085,43.318788842106621],[-2.454768668097719,43.31881733532596],[-2.4547946605243913,43.31884379126879],[-2.4548091868638084,43.318858576666813],[-2.4548032775983284,43.318928034905035],[-2.4547607397878992,43.318975354611617],[-2.4547445363088962,43.318993380139823],[-2.4546293911029533,43.319044155369411],[-2.4545799864958191,43.319065941346267],[-2.4542964123511841,43.319144305230587],[-2.4542844323586368,43.319147616679103],[-2.4542778749022176,43.319149427725463],[-2.4542724854894264,43.319149156186661],[-2.4542724004298706,43.31914915217898],[-2.454239743203892,43.319153321248486],[-2.4540889766993361,43.319163884472395],[-2.4538756467053013,43.319178829360681],[-2.4538492905774136,43.319185985502699],[-2.4538332246477368,43.319183111069741],[-2.4537702131555248,43.319171839006906],[-2.4537384383803724,43.319166154853882],[-2.4534487325995284,43.319045100241219],[-2.4531378104174784,43.318931664866824],[-2.4528902983462246,43.318822392232626],[-2.4525122090434399,43.318534918732844],[-2.4522763121518993,43.318309889978252],[-2.4520307479189301,43.317919816597467],[-2.45200958909391,43.317886205643816],[-2.4519819707372981,43.317852714112924],[-2.45190719181385,43.317762038226576],[-2.4518805536035031,43.317734626746486],[-2.4518428208026197,43.31770671186149],[-2.4517989984843025,43.317683990424698],[-2.4517504366699892,43.317667189265336],[-2.4516986111216381,43.317656765680098],[-2.4516451217243991,43.317653087517364],[-2.4513092025586953,43.317651476547105],[-2.4512628348639844,43.317651254103694],[-2.4512092839128474,43.317654418910315],[-2.4511572753123905,43.31766434451567],[-2.451155919626145,43.317664795442248],[-2.451108415427151,43.31768067844812],[-2.4510950435460468,43.317686557288653],[-2.451090083626831,43.317688868369039],[-2.4509924903919558,43.317734317840433],[-2.4509654963150798,43.317746888303674],[-2.4508845103426777,43.317784596935603],[-2.4508536548089217,43.317801017194299],[-2.4508350353773314,43.317814434643168],[-2.4508154229005288,43.31782856768595],[-2.4507843037060399,43.317860564554564],[-2.4507656834740055,43.31788775897013],[-2.4506567948647393,43.318078673056846],[-2.4504481925293224,43.318386437432522],[-2.4502315484369865,43.318601055584089],[-2.449973990410184,43.318648081766831],[-2.4497380101320183,43.318613539801682],[-2.4492543083049978,43.318315231762227],[-2.4491311243441785,43.318149321078792],[-2.4488489059257996,43.317880371103222],[-2.4488311822646773,43.317869129943645],[-2.4486281172120625,43.317740335049841],[-2.4484280234311009,43.317650582601622],[-2.4483121425959382,43.3176320181976],[-2.448115626474928,43.317600534781107],[-2.4481153801890141,43.317600494873126],[-2.4478627391855121,43.317590048599342],[-2.4478473268637408,43.317589704061348],[-2.4477937758057582,43.317592867268196],[-2.4477417667178094,43.317602791317846],[-2.4477190150122894,43.317609434884623],[-2.4473225846905864,43.317739436861068],[-2.4465720780252846,43.317829905609685],[-2.4465210360696172,43.317842337051637],[-2.4465176851203112,43.317842091219845],[-2.4461449987718371,43.317939699332136],[-2.4461414126075192,43.317940638251251],[-2.4456852759192254,43.318100562016667],[-2.4454727865507766,43.318211482144122],[-2.445065825740723,43.318509211731005],[-2.4450652583581318,43.318509627690304],[-2.4449630796715818,43.318572075584392],[-2.4443302423355235,43.318958833756994],[-2.4442753332366545,43.319002599287593],[-2.4441171888317106,43.319167964952193],[-2.4440314049977263,43.319257665647633],[-2.4440312523025236,43.319257775661519],[-2.4438016055519616,43.319423230920279],[-2.4437019529996733,43.319504385228051],[-2.4436790908872301,43.319523003516309],[-2.4435876991500978,43.319688552620306],[-2.4434197868752254,43.320127812790069],[-2.4433159518366385,43.320497899089062],[-2.4432522023230927,43.320711899088309],[-2.4432286800669383,43.320790859016093],[-2.4431515225522009,43.32123524732215],[-2.4431282258014417,43.32136941886224],[-2.4430819988178261,43.321658765931481],[-2.4430429155419371,43.321745246281687],[-2.4429006745860198,43.322059983161971],[-2.44270175659058,43.322193001904935],[-2.4426543988908431,43.322192771145751],[-2.4422788933370443,43.322041928836377],[-2.442265611459614,43.322033052212227],[-2.4416654243121947,43.321752180311819],[-2.4408277839574,43.321419960426688],[-2.4401657225926656,43.321179867719174],[-2.4399213870252954,43.32109125888234],[-2.4398833056344751,43.32107857047238],[-2.4396156604971124,43.320989392999742],[-2.43933569644018,43.3209609983099],[-2.4390133649323671,43.320940116550375],[-2.4384592938810741,43.32082158733062],[-2.4379733499317289,43.32076901632658],[-2.4375297758114129,43.32070893111942],[-2.4372658529189222,43.320661308977563],[-2.4370392595268058,43.320579126781304],[-2.4369792926199647,43.320542572056183],[-2.4369466418170034,43.320367145708907],[-2.436931896741549,43.31996060734852],[-2.4368419122040401,43.319648606582867],[-2.4367881711115031,43.319445109057909],[-2.4367831075876247,43.319312363216554],[-2.4367830798859447,43.319311623805781],[-2.4367731791739855,43.319052076237568],[-2.4367193132163694,43.318862174931205],[-2.4365348425046203,43.318739344558324],[-2.43647339276141,43.318702933529195],[-2.436473515249415,43.318703024178298],[-2.4363696859332404,43.318686092757652],[-2.4361592059717911,43.318615532945287],[-2.4360965362023532,43.31859959927403],[-2.4357047684432898,43.318499993737362],[-2.4356421222943605,43.318484065336179],[-2.4355113989116148,43.318469919711717],[-2.4351186513181919,43.318427419659905],[-2.435011214251749,43.318421413331428],[-2.4348942984160997,43.318414876525665],[-2.4346290832632009,43.318400049120946],[-2.4342587324436979,43.318414851992969],[-2.433921974221112,43.31849219992359],[-2.4337066196625616,43.318541747621786],[-2.4332312675684942,43.318651114506153],[-2.4332142059756303,43.318655039691244],[-2.4330823773871773,43.318702352745241],[-2.4326084471184819,43.318872443634163],[-2.4320367787092589,43.31909833025707],[-2.4318535965823491,43.319197227922714],[-2.4315329092078688,43.319382772678424],[-2.4310852128048412,43.319750664690432],[-2.4307112422226194,43.320152190142174],[-2.4307106077164007,43.320155027922098],[-2.4306815219689044,43.320285118771586],[-2.4306827326107565,43.320324263107814],[-2.4305672796684288,43.320397785080615],[-2.4305473043368386,43.320410562147799],[-2.4299007376572446,43.320616427057281],[-2.4292558828449859,43.320520374046467],[-2.4287047626981311,43.320200302008622],[-2.4280347232914865,43.319686935135692],[-2.4278522866525156,43.319506651872949],[-2.4276793483357251,43.319584832272028],[-2.4273262819140426,43.319744441146277],[-2.4275503868501307,43.3199658144881],[-2.4275750976571371,43.319987278963772],[-2.4282730541222097,43.320522128853042],[-2.4283043074747162,43.320542995553922],[-2.4289298850306729,43.320906302974024],[-2.4289658521215909,43.320924311569911],[-2.4290144101403706,43.320941122372943],[-2.4290601991739922,43.320950715688042],[-2.4292609363045043,43.32098064557848],[-2.4296828692051107,43.321101552756858],[-2.4299105780883812,43.321095762550677],[-2.4299218080093286,43.321098328993848],[-2.4299504950775215,43.321104885017746],[-2.4301236379502513,43.321090343729168],[-2.4301285094286449,43.321090220326226],[-2.4301296439278768,43.321089839683253],[-2.4301842087498975,43.321085256276831],[-2.4301929990591828,43.321083219116083],[-2.4303708148924112,43.321042003123345],[-2.4304125366807563,43.321032332003085],[-2.4306664278390442,43.320960684382733],[-2.4308180091762992,43.32091790898027],[-2.4310721212070474,43.320826718065994],[-2.431103757701047,43.320815364901122],[-2.4311559075934794,43.320769649709455],[-2.4311923063949115,43.320737742990936],[-2.431235841414372,43.320699580263152],[-2.4312524432489773,43.320682084121643],[-2.4314985202387382,43.320422746216181],[-2.4315477498229092,43.320370864413306],[-2.4315964989434611,43.320339820349545],[-2.4316508743908893,43.320305192494487],[-2.431690426408835,43.320280008778248],[-2.4320953738464,43.320022148592464],[-2.4321148629850691,43.320008558429535],[-2.4321657875441374,43.31996991156776],[-2.4325349351864785,43.319689901849529],[-2.4330143520734295,43.319326243167382],[-2.4332548818682369,43.319228835330215],[-2.4332549895677258,43.319228791741537],[-2.4336324490839583,43.319075917188172],[-2.4337308273723455,43.319050342392387],[-2.4337566390603769,43.319049338307018],[-2.4337841479593227,43.319048574034944],[-2.4338101728276822,43.319048252638019],[-2.4338348361507669,43.319048464769168],[-2.4338580154444225,43.319049119777404],[-2.4338798340299048,43.319050218274008],[-2.4339005377132468,43.319051851521948],[-2.4339201264949057,43.319054019521857],[-2.433938724531985,43.319056632843115],[-2.4339564543097136,43.319059782138048],[-2.4339596606651304,43.319060460741596],[-2.4339734399850865,43.319063377975823],[-2.4339896807225259,43.319067510398277],[-2.4340051765222936,43.319072179405708],[-2.434020174862126,43.319077296177404],[-2.4340344291004898,43.319082859493165],[-2.4340479384017408,43.319088959394698],[-2.4340608277583642,43.319095416409553],[-2.4340686842704962,43.319099868418135],[-2.4342801571819868,43.319349510661546],[-2.4345217780177366,43.319520560289824],[-2.4352145367303608,43.320076009461367],[-2.4354004757797436,43.320254845831052],[-2.4354204510643505,43.320274057508634],[-2.4357228688847141,43.320564919457375],[-2.4359381414254364,43.320707472615005],[-2.4360016960626401,43.320726904500255],[-2.4360871357563241,43.320756590587571],[-2.436232934851386,43.320834118203372],[-2.4363639178841288,43.320913463578698],[-2.4365264176515105,43.321012233825847],[-2.4366056436878685,43.321060438300918],[-2.4366891687556747,43.321110554850755],[-2.4367700016025986,43.321158406942608],[-2.4368315764775863,43.321194908460214],[-2.4368932539617236,43.321233661588835],[-2.4370468976233881,43.32133004630608],[-2.4371095586607354,43.32136916434056],[-2.4371264803307069,43.321379782948334],[-2.4371677682099495,43.321405535656602],[-2.4371752372304933,43.321402854835164],[-2.4371796697580814,43.321405927390416],[-2.437369861890855,43.321422305035121],[-2.4373883112607526,43.321421743857869],[-2.4376977671169233,43.321412335900007],[-2.4378215786258233,43.321415491907203],[-2.438410453221437,43.321430498623307],[-2.438448389653054,43.321431465579678],[-2.4389249337682908,43.32148714815132],[-2.4390346498352926,43.321499967625137],[-2.4394196130137358,43.321609943939379],[-2.4396402070315641,43.321689458184252],[-2.4406663680295981,43.322059334804734],[-2.441216724646182,43.322257703778099]]]},"properties":{"OBJECTID":9,"SITE_CODE":"ES2130011","SITE_NAME":"KBE Artibai Ibaia / ZEC Río Artibai","AC":"PAÍS VASCO","TIPO":"B","HECTAREAS":138.96420651,"SHAPE.AREA":0,"SHAPE.LEN":0}},{"type":"Feature","id":10,"geometry":{"type":"Polygon","coordinates":[[[-2.7365270526832464,43.502127328629278],[-2.8673823215423226,43.50212814801565],[-2.9961929646486158,43.432612202541293],[-2.9833873199955874,43.399504955660866],[-2.9833565397556367,43.399524408021378],[-2.9832047877749948,43.399605410662403],[-2.9830717635978385,43.399705322537294],[-2.9830133058489086,43.39972268977408],[-2.9829530199118861,43.399724211561832],[-2.9828928399393009,43.399713398125172],[-2.9827779826641043,43.399674757159566],[-2.9825264522494908,43.399681019425074],[-2.9824631122172494,43.3996747075089],[-2.9822833892213012,43.399633175554712],[-2.982221678017805,43.39963136508625],[-2.9821583369795972,43.399632974223842],[-2.9820967249898533,43.399642327431962],[-2.9819230826216669,43.39969757759124],[-2.9817727505857419,43.399779659089042],[-2.9816537764336988,43.399885243458534],[-2.9815992710771955,43.399967792081767],[-2.9814970642559881,43.400185734812588],[-2.9814946066365158,43.400230838647012],[-2.9815059986336916,43.400275766433246],[-2.9815298158156933,43.400318444210377],[-2.9815909941525995,43.400397949932561],[-2.9817051176152845,43.400505193330815],[-2.9817273061941525,43.400547781660435],[-2.9817168105465317,43.400572628684579],[-2.9816861499322971,43.400593148539663],[-2.9815723895225736,43.400632203308945],[-2.9810809088229795,43.400708734785489],[-2.9808392363490652,43.400761089687457],[-2.9807207912032734,43.40079563969433],[-2.9805611907600351,43.400868895453591],[-2.9805152523941345,43.400900758011943],[-2.9804787837374946,43.400939284566292],[-2.9803743481858227,43.401104288674269],[-2.9803409333048636,43.401142815707338],[-2.9802568975096682,43.401210953262613],[-2.9801066612458249,43.401295283679076],[-2.9799928949130581,43.401337756763851],[-2.9798160900098729,43.401390842084574],[-2.9796327732183649,43.401424748280796],[-2.9793827636241299,43.40142875368722],[-2.9791354120860274,43.401398906778276],[-2.9790131138255038,43.401377276406578],[-2.9789513012430855,43.401370963727985],[-2.9788261437982921,43.401371840169332],[-2.9787043427398694,43.40138730071638],[-2.9785875244566005,43.401420679134041],[-2.9784879069483186,43.401476568207947],[-2.9783579298757785,43.401576476040404],[-2.9783290942892715,43.401617253562463],[-2.9783311194781823,43.401648764139658],[-2.978354834519866,43.401685680596962],[-2.9783922982202831,43.401722599647641],[-2.9786304405882995,43.401875155562912],[-2.978671061478213,43.401910994576262],[-2.9786933484751343,43.401953583502355],[-2.9786828509663263,43.40197950987573],[-2.9786521910542527,43.401996609920729],[-2.9786029000733674,43.402004882106823],[-2.9784778413496964,43.402005758185325],[-2.9783525877366923,43.401988627880606],[-2.978171234620445,43.401935835403819],[-2.9780504644887227,43.401910783503659],[-2.9779269356587985,43.401912739808047],[-2.9778670487957104,43.401931183765853],[-2.9776505069188497,43.402024950070313],[-2.9774782775742383,43.402083614526248],[-2.9765842141167074,43.402428601836903],[-2.976295160068549,43.402522890964249],[-2.9761512255457769,43.402613969010908],[-2.9759879222793928,43.402759150575704],[-2.9756378982929097,43.40302502129682],[-2.9755647468688293,43.403099819194473],[-2.9754720232627103,43.403220888536012],[-2.9753958194132726,43.403293524599526],[-2.9753436656428165,43.403319711824324],[-2.9752820470037942,43.403333651823807],[-2.9750353804068776,43.403360155978852],[-2.9749784441099072,43.40337850811833],[-2.9748742423317078,43.403427640582642],[-2.9747270482801005,43.403515385358951],[-2.9746367903274797,43.403579106099166],[-2.9742580164977417,43.403891240060027],[-2.974008188559857,43.404156408793504],[-2.9738486195352078,43.404355604918237],[-2.9736788451012015,43.404602245620524],[-2.9736125925900923,43.404732142072966],[-2.9735602907365624,43.404864202778427],[-2.9735608807838152,43.404910297599294],[-2.9735800081069801,43.404954055546582],[-2.9738266350050822,43.405274348335311],[-2.9738380205408261,43.405320445621641],[-2.9738354545619994,43.405365460081804],[-2.9737770439328064,43.405495358405958],[-2.973717835902669,43.405577991256898],[-2.9736383675154245,43.405648375156908],[-2.9735878402218221,43.405676812156948],[-2.9734188524197878,43.405743303280239],[-2.9733207533147561,43.405799098118926],[-2.973039960091878,43.406049761157711],[-2.9730049093563116,43.406087115049637],[-2.9729822804911112,43.40613014376828],[-2.972973256775139,43.40626752611319],[-2.9729388959262502,43.406355566187599],[-2.9729085284510774,43.406395171367748],[-2.9728197928127913,43.406459970635545],[-2.972595489001661,43.406549315069562],[-2.9725464894539235,43.406577751971064],[-2.9724624366644359,43.406644803195562],[-2.9723332251582888,43.406802141846057],[-2.9720105164273956,43.407157947001593],[-2.9719484466386215,43.407256242348055],[-2.9719382397679288,43.407302515498444],[-2.9719383812127194,43.40743755882572],[-2.9719000248952079,43.407571782296742],[-2.9719021432164943,43.407616797846615],[-2.9719726780134921,43.407934889116284],[-2.9719766666890761,43.408118369185694],[-2.9719490030152738,43.408255926921598],[-2.9718609040788979,43.408479356893366],[-2.9718496583818332,43.408570643891693],[-2.9718622246347097,43.408705600202275],[-2.9718427508662182,43.408748629451814],[-2.9717470593642039,43.408869694921911],[-2.9717007581120667,43.409002835795974],[-2.9716510154959934,43.40908871056714],[-2.9715809069866621,43.409164587124181],[-2.9713957859897673,43.409293191965105],[-2.9713576760140041,43.409329463131897],[-2.9713241491083071,43.409369067979718],[-2.9712851004408596,43.409454856123169],[-2.9712841627302446,43.40949987000176],[-2.9713070358435036,43.409590894458603],[-2.97135129900082,43.409678415238353],[-2.9714126784643971,43.409757927225506],[-2.9715582523268598,43.409910113397459],[-2.9717964136600905,43.410059262541594],[-2.9718384601143772,43.410095014237534],[-2.9719188659029738,43.410218284117342],[-2.9720360476029448,43.410325628675373],[-2.9720612867420715,43.410367048074868],[-2.9720587244059091,43.410400808704338],[-2.9719628333210841,43.410510709663477],[-2.9719631248995277,43.410539969669074],[-2.9719808270104138,43.410584808924646],[-2.9721262025851409,43.410732402037837],[-2.9721591842293269,43.410772743667081],[-2.9721783123855476,43.410816502704435],[-2.972172592732742,43.410853773397392],[-2.9721515907209692,43.410896623123051],[-2.9721537098386199,43.410940557208761],[-2.9721742633863402,43.410984315692126],[-2.9721717979143047,43.411030500671991],[-2.9721489728838439,43.411054262337949],[-2.9720984414317568,43.411080448441965],[-2.9720414964359052,43.411100060614245],[-2.971859771046728,43.411142869077722],[-2.9717949918525948,43.411145642695331],[-2.97173164048951,43.41114040537807],[-2.9716742050070684,43.41112283430742],[-2.9713060845143371,43.410959877408608],[-2.9712172980572649,43.410895214013784],[-2.9711817548085251,43.410889802397826],[-2.9711277695158862,43.410898071966805],[-2.9710693983593135,43.410916512718217],[-2.9710139807319833,43.410939365464216],[-2.970923709656057,43.411001912609805],[-2.9706872034887017,43.411220711475885],[-2.9706326725061918,43.411304424377832],[-2.9705562999202511,43.411478339917167],[-2.9705307482762269,43.411659742192633],[-2.9705299719437708,43.412420218238246],[-2.9705259891877289,43.412441823363068],[-2.9705101824814788,43.412480712161042],[-2.9705101629116726,43.412521044838385],[-2.9704983359902073,43.412546970069464],[-2.97048638835316,43.412610347429847],[-2.9704764986364056,43.412627630698012],[-2.9704390001956038,43.412660750141718],[-2.9704152628510299,43.412670738029782],[-2.9703638206285712,43.412680897924986],[-2.9703085116436827,43.41268232248779],[-2.9702116415953124,43.412696702597195],[-2.9700989875050121,43.412698112107222],[-2.9700516220562503,43.41270665212884],[-2.9699745051414874,43.412732650232783],[-2.9698006158407577,43.412777257456021],[-2.9697669983862349,43.412784450323507],[-2.9697412283486266,43.412785883317596],[-2.9697037487957054,43.412780112355073],[-2.969614848715727,43.412738223533353],[-2.9695219732721458,43.41270515793255],[-2.9694863294591816,43.412696505967588],[-2.9693698092048892,43.41269071197776],[-2.969276921126947,43.412680603890834],[-2.9691563286256932,43.412674718545027],[-2.9689568044442276,43.412656026271023],[-2.9688579051933499,43.412650236541452],[-2.9688145182540704,43.412641582258168],[-2.9687294929603985,43.41259393276394],[-2.9687078036738956,43.412583933705179],[-2.9686741960918153,43.412576721853803],[-2.968630704973815,43.412573829412494],[-2.9684745604543732,43.412573784674464],[-2.9684350398791124,43.412576654293105],[-2.9684034591598536,43.412583848222589],[-2.9683836942398356,43.412595366640709],[-2.9683362046147268,43.412642797888957],[-2.9682985956700749,43.412688972135555],[-2.9682768643635984,43.412759548300777],[-2.9682590005351761,43.412834447664899],[-2.968241268055126,43.412851728561996],[-2.968175977985168,43.412854500887306],[-2.9681147659394611,43.412848811941373],[-2.9680693414132735,43.412841596617255],[-2.9680001954458159,43.412815648109621],[-2.967934906448352,43.412814099067695],[-2.9679052645268151,43.412817061316915],[-2.9678242753384034,43.412845757314571],[-2.9677985024669278,43.412850072190764],[-2.9677057130525273,43.412847253749391],[-2.9676760711989725,43.412850036750861],[-2.9675416098381264,43.412874575380279],[-2.9674705041834484,43.412891839195801],[-2.9674072504732161,43.412897584026489],[-2.9673637576398884,43.412897570722357],[-2.9673380949750165,43.412887479325541],[-2.9673261865676333,43.412871630813932],[-2.9673183564042542,43.412847141006715],[-2.9673183873875519,43.412789522515276],[-2.9673381762569111,43.412736230897892],[-2.9673777402853561,43.412652695408426],[-2.967377751882974,43.412631088360904],[-2.9673698228150398,43.412602186353027],[-2.9673481422620287,43.412576341928187],[-2.9673164730339403,43.412561838436766],[-2.9672809296196734,43.412553274956849],[-2.9672512929582675,43.412548944343257],[-2.9672117734372305,43.412547493209779],[-2.9668738167169182,43.412551714344289],[-2.9667868252473322,43.412563212993632],[-2.9667630896560055,43.412568967137666],[-2.9666801682099213,43.412589109348886],[-2.9666228129441095,43.412607817353837],[-2.9666089515166734,43.412626539838442],[-2.9666049183305119,43.412737363489178],[-2.9665891200752226,43.412756175449708],[-2.9665693527278481,43.412769134263336],[-2.9665179034813183,43.412790726262109],[-2.9664724764508228,43.412790712052711],[-2.9664211702588408,43.412738840438962],[-2.9663993796280668,43.412727310158367],[-2.966359861606942,43.412722976410222],[-2.9662828444275151,43.412748882009559],[-2.9662412776075278,43.412766154666762],[-2.9662076558020369,43.412784869466435],[-2.9661937881634208,43.412812235258642],[-2.9661898834880609,43.412872733124118],[-2.9661957744820593,43.412902985275714],[-2.9662075813166942,43.412918833874926],[-2.9662510560826365,43.412949186266786],[-2.9662688680556513,43.412972239281601],[-2.9662728275796724,43.412995288209018],[-2.9662707763903162,43.413021215883276],[-2.9662569111262629,43.413044258652008],[-2.9662272650580532,43.413054333970948],[-2.9661541268306815,43.413062953907641],[-2.9656738763085331,43.413062808064545],[-2.9656383255540959,43.413067118617995],[-2.9656067459054638,43.413075750684051],[-2.9655909477242646,43.413095912270819],[-2.9655651509713228,43.413141909979899],[-2.9654801579461756,43.413221199045573],[-2.9654662906994922,43.413247123137069],[-2.9654544520625561,43.413287452238372],[-2.9654346670965377,43.413330660356692],[-2.9654168282860853,43.413355142531245],[-2.9653337621329019,43.413448748222699],[-2.9653179575456572,43.413477642271744],[-2.965313967934422,43.413507890568184],[-2.9653278057729815,43.413533732996925],[-2.9653456224440267,43.413548232839744],[-2.9654286080098555,43.413598675600731],[-2.965452226051764,43.413620289785172],[-2.9654681057074379,43.413637489454167],[-2.9654818406169103,43.413666393341167],[-2.9654838668043553,43.413685119579789],[-2.9654739759069133,43.41370384312156],[-2.9654443277494069,43.413716798755047],[-2.9653751659101091,43.413721097264293],[-2.9653415482310841,43.413726849920565],[-2.9652980469925057,43.413742681836212],[-2.9652782774552566,43.413758429998268],[-2.9652604392791639,43.413781472337334],[-2.9652525793081068,43.413810368788745],[-2.9652485698740407,43.413875188709177],[-2.9652504914158127,43.413899677758884],[-2.9652683082270874,43.4139140875685],[-2.9653849161303842,43.413947254747455],[-2.9654797250268814,43.413983385792903],[-2.9654994721411883,43.414004997897166],[-2.9655013937881227,43.414029486942106],[-2.9654855887793095,43.414061172386539],[-2.9654579674617505,43.414091413550345],[-2.9654342123038431,43.414130299234259],[-2.9654361314713302,43.414159108607521],[-2.9654638164623264,43.414195128413034],[-2.9654934452198138,43.414216744401791],[-2.9655052484383706,43.414236914297632],[-2.9655052378093294,43.414255640820066],[-2.9655012531459537,43.414277246662742],[-2.9654736387014999,43.41429740466387],[-2.9654479642939915,43.414307480077078],[-2.9654044667675303,43.414316109384423],[-2.9653490512451994,43.414321763600839],[-2.9653155402771318,43.414321753442195],[-2.9652739848126846,43.414318950356581],[-2.9651692926309421,43.41428722740617],[-2.9651356824664719,43.414281454325597],[-2.9650013286828569,43.414285643571205],[-2.9649143309750245,43.414307314002436],[-2.9648807058400002,43.414327470016019],[-2.964769935732654,43.41441242251252],[-2.9646868910127102,43.414462812735181],[-2.9646434907610226,43.414480084240246],[-2.9645722869963151,43.414487263951848],[-2.964319373451072,43.414484303002375],[-2.9642659986358488,43.414487166855871],[-2.9641552651464167,43.414510179054645],[-2.9640682749494851,43.414516002837928],[-2.9636967956183189,43.414518764235062],[-2.9636453512525871,43.4145259496403],[-2.9635564181247158,43.414545997623911],[-2.9634931633161061,43.414545976548375],[-2.9634517087554961,43.414541641178438],[-2.9634299174894343,43.414533081799206],[-2.9633687294872728,43.414485435955385],[-2.9633271797747867,43.414471017342734],[-2.9633015136360514,43.414466688781054],[-2.9632679070321668,43.414455154114897],[-2.9632304383971726,43.414430652710202],[-2.963214559222398,43.41441336268872],[-2.9632046936712806,43.4143888719518],[-2.9632027747377241,43.414361411406865],[-2.9632086957271406,43.4143398972124],[-2.9632305037607116,43.414322618410644],[-2.9632640216943589,43.414311105305416],[-2.9632898003617036,43.414296709187212],[-2.963297657794854,43.414273664855344],[-2.9632917655010687,43.414247733790219],[-2.9632680437211807,43.41422900054819],[-2.9631870893103649,43.414191522366465],[-2.9630625487381672,43.414139623860102],[-2.962785952173761,43.414057426334942],[-2.9627128364654558,43.414028592824941],[-2.9626871735622111,43.414021381806037],[-2.962562615131425,43.413999733152117],[-2.9625369572385747,43.413982438933168],[-2.9625211806085141,43.413963617193019],[-2.9624501290702492,43.413892921665074],[-2.9623789622388039,43.413841130869017],[-2.9623394563334986,43.413816539355615],[-2.9622900704695709,43.413793475325299],[-2.9622485201950961,43.41377914636319],[-2.9622110392911698,43.413777694174826],[-2.9621932035317662,43.413794973196644],[-2.9621892132402317,43.413823781572674],[-2.9621891827699001,43.413872757593978],[-2.9621714383993871,43.413905881749372],[-2.9621476964639251,43.413920278290625],[-2.9621140796061844,43.413926028197302],[-2.9620785352856047,43.413918813767729],[-2.9619856661371751,43.41388133078204],[-2.9619659163740493,43.413864038398408],[-2.961960020179859,43.4138453099104],[-2.9619600355634357,43.413820732305638],[-2.9619501684209806,43.413797771311238],[-2.9619264484655461,43.413779037790071],[-2.9618968148689717,43.413767504042291],[-2.9618691104966262,43.413766054998831],[-2.9618375272366864,43.413779007250959],[-2.9617782211336223,43.413817880308528],[-2.9616852947859837,43.413869705763517],[-2.9616081525335107,43.413925856771129],[-2.9615587267683541,43.413966173740192],[-2.9615408888878236,43.413986424122982],[-2.9615290615027683,43.414006586480646],[-2.9614973353693999,43.414082920817513],[-2.9614261735585785,43.414183727612873],[-2.9614103633204909,43.414218293910913],[-2.9613924585729565,43.414343608005744],[-2.9613943611902842,43.414395465193934],[-2.9614140908427324,43.414444447878985],[-2.9614259971008408,43.414461738611244],[-2.9614496955031804,43.414516573710415],[-2.9614614995863464,43.414535303313144],[-2.9614911258495389,43.414556921237072],[-2.9615385798463296,43.414578544249956],[-2.9616590493459221,43.414621708744768],[-2.961706503395765,43.414643422632544],[-2.9617302212273606,43.414667918133958],[-2.9617341809542994,43.414688085792378],[-2.9617242869242126,43.414709689524294],[-2.9616985104344313,43.414719764060798],[-2.9616669327316529,43.414721104145748],[-2.9615345199589189,43.414716737556098],[-2.9614534387211151,43.414718240109018],[-2.9614336650711741,43.414738398875102],[-2.9614317130445729,43.414764327388447],[-2.96144748868856,43.414784499040771],[-2.9615186785754526,43.414800369022686],[-2.9615759173299474,43.414807590916389],[-2.9616016851009941,43.414813361509253],[-2.9616313179735436,43.414824804386377],[-2.9616569749976303,43.414843630460048],[-2.961668775247396,43.414866681267377],[-2.9616687562242343,43.414896841616091],[-2.9616609029061718,43.414914213941287],[-2.9616390933615544,43.414932843106591],[-2.9615719427287783,43.414973152326354],[-2.9613861023497332,43.415051053726557],[-2.9612279524850758,43.415150391167643],[-2.9611586665452085,43.415183498572908],[-2.9610262192921009,43.415229457167719],[-2.9609412442739242,43.415266970365344],[-2.9608819512891866,43.415284235011228],[-2.9606822512271949,43.41536771237044],[-2.9606565805393013,43.415372024769823],[-2.9606130787710931,43.415384973479583],[-2.9604806284353797,43.415432463094056],[-2.9602968420180806,43.415479933843137],[-2.9601288326674382,43.415544604665257],[-2.9601030593413928,43.415548917804905],[-2.960073416422615,43.415548906559088],[-2.9600398138518651,43.41553313886395],[-2.9600221001012992,43.415517198426599],[-2.9599786464149465,43.415456773380285],[-2.9599351843871213,43.415409131909108],[-2.9599114553032329,43.415400480237089],[-2.9598126483086844,43.415404766785997],[-2.9597790411183045,43.415396201659121],[-2.9597514478366751,43.415378907039248],[-2.9597119304768427,43.415371690477542],[-2.9595833566776237,43.415411977771612],[-2.959504304002496,43.415426353298784],[-2.9594746578503432,43.415434985252951],[-2.9594153531570253,43.415465213717965],[-2.9593778604178946,43.415478164990439],[-2.9593422094086077,43.415478151420764],[-2.9593026951972021,43.415468054200467],[-2.9592810074632721,43.415456522605673],[-2.9592612538264906,43.415443550986282],[-2.9592375366879828,43.415419054976411],[-2.959221786106168,43.41536422226185],[-2.9591921966853909,43.415286515144913],[-2.9591843088349434,43.415201524876068],[-2.9591961413671957,43.41517704153889],[-2.9592871433378294,43.415116484932803],[-2.9592890949946722,43.415090647402359],[-2.9592239188056806,43.415070457849957],[-2.9592022328948828,43.415054604111411],[-2.9592041810463843,43.41503587918389],[-2.9592358678353241,43.415021396044494],[-2.9592714223864571,43.415015646774691],[-2.9593366140130546,43.415012700310989],[-2.9593721727598288,43.414996957889578],[-2.9594097831190749,43.41496095980861],[-2.9594375024587722,43.414940712366551],[-2.9594631771683444,43.414932079013596],[-2.9595363134601715,43.414929314440108],[-2.9595699311162695,43.414923565292483],[-2.9595935746825592,43.414906287835031],[-2.959597565318095,43.414878920264819],[-2.9595956469808562,43.414852991316408],[-2.9595660523202958,43.414780957981932],[-2.9595423605865592,43.414720359658823],[-2.9595344454038939,43.414675792107225],[-2.9595325347734511,43.414638339283172],[-2.959514725828349,43.414613844517397],[-2.959481122057837,43.414600868930549],[-2.9594455766943821,43.414595094392752],[-2.9593072522431432,43.41459504435619],[-2.9592657982177482,43.414592149079269],[-2.9592361625287027,43.414582055352611],[-2.9592084735882547,43.41455899682601],[-2.9592065515599781,43.41453882890616],[-2.9592242890326181,43.414518669798483],[-2.95924803458291,43.414498421884275],[-2.9593033628392957,43.414471073505261],[-2.9593567629199051,43.414430758927139],[-2.9593725628248806,43.414413479626418],[-2.9593864310118771,43.414390436798584],[-2.9593824894129823,43.414344339890903],[-2.959358913706327,43.414262226367065],[-2.9593331801186515,43.414206038542716],[-2.9593075291161681,43.414181540953912],[-2.9592778932562123,43.414175677521392],[-2.9592364340884454,43.41417719440549],[-2.9592106615486555,43.414182946254243],[-2.959179076269574,43.414195899571347],[-2.9591019539104315,43.414220268635667],[-2.9590663990424817,43.414228989317401],[-2.9590189292429412,43.414236174064399],[-2.9589003592251224,43.414244773070678],[-2.9587936143865163,43.414243293948466],[-2.9587620433910837,43.414233199401018],[-2.9587482026380858,43.414217349303151],[-2.9587423122904664,43.414191418904608],[-2.9587442791355496,43.414145324104759],[-2.9587640561590676,43.414119402963642],[-2.9588491287576999,43.414090624814079],[-2.9588807138522011,43.41407614173405],[-2.9589498874570563,43.414057531003706],[-2.9589716927096266,43.414046014951104],[-2.9589835192687959,43.414030174987246],[-2.958983533912134,43.414008477902648],[-2.9589736681272187,43.413986956462097],[-2.95895198493601,43.413969573720784],[-2.9589262238777532,43.413956599883718],[-2.9588669449888969,43.413952256448262],[-2.9588412864764457,43.413939283529373],[-2.9588314208141231,43.413917672032021],[-2.9588393802593522,43.413895978707195],[-2.958888798939622,43.413868717542655],[-2.9589757204163489,43.413814012587316],[-2.9590271712644194,43.413795304505541],[-2.9591398438347323,43.413767976732998],[-2.9592090083683629,43.413762240385374],[-2.9594876893455346,43.413763781058044],[-2.959509390910374,43.413753705575459],[-2.9595173490730717,43.413733542056193],[-2.9595213857171649,43.413637032129564],[-2.959547057946633,43.413631279274284],[-2.9597070750045296,43.413631336665752],[-2.9597110664592781,43.413602529276247],[-2.959720961304698,43.413582366424571],[-2.9597625543765176,43.413529084703768],[-2.9597922291006551,43.413475797877155],[-2.9598139600978373,43.413420978397362],[-2.9598179505366944,43.4133936099118],[-2.9598160819599908,43.413294217374386],[-2.9598121229600864,43.413274049644905],[-2.9597548577414274,43.413154470384747],[-2.9597469280733759,43.413129980025445],[-2.95973118138226,43.413069474564537],[-2.9597213518200016,43.412993126975941],[-2.9596720085002972,43.412906590443193],[-2.9596423948872039,43.412866247317091],[-2.9596207144978215,43.412843101859664],[-2.9595633705157796,43.412843080697463],[-2.9595377045912641,43.412841720953679],[-2.9595139746461299,43.412835951515703],[-2.9593934048651547,43.412797014997416],[-2.9593618316317052,43.412791241842164],[-2.9592452131464704,43.412783906747272],[-2.9590791911054146,43.412781056085649],[-2.9589566633059552,43.412772368816569],[-2.9588835409564247,43.412756496539494],[-2.9587412801969331,43.412713231202936],[-2.9586346488856536,43.412695905962281],[-2.9585615140058117,43.412698669960832],[-2.9585100717491875,43.412705943103511],[-2.9584547627177162,43.412708803543978],[-2.9582808937792642,43.412711530723868],[-2.9582472829164068,43.412707197227618],[-2.9581089960124034,43.412662491844792],[-2.9579943158143558,43.412648133622575],[-2.9579251541909346,43.412649548007757],[-2.9578461087138974,43.412658161358685],[-2.9578065885843223,43.412659587494744],[-2.9575892278110789,43.412659505292183],[-2.9574923699105908,43.412652266681008],[-2.9573856375540015,43.412633500428299],[-2.9572137174081785,43.412617590225452],[-2.957069504194088,43.412598718703777],[-2.9569745936980509,43.412571403188281],[-2.9569133950943769,43.412546892576543],[-2.9568323601619717,43.412490593279585],[-2.9567276844976749,43.41244454824124],[-2.9566980578795699,43.412427251205941],[-2.9566644618739941,43.412404191618783],[-2.9566111264346615,43.412352222986485],[-2.956544043296053,43.412297460430899],[-2.9564985236042287,43.412285919243736],[-2.9564709159593758,43.412290229068674],[-2.9564669262152328,43.412314625077627],[-2.9564747518713004,43.412339207473494],[-2.9564727636997916,43.412412760376732],[-2.9564648047004538,43.412432923688435],[-2.9564450280750818,43.412455963919768],[-2.9564272966823455,43.412468919955423],[-2.9563956145522887,43.412476110530378],[-2.956365974569048,43.412477539935423],[-2.9562671781005809,43.41247173845602],[-2.9562335697863653,43.412465964558983],[-2.9561881526107547,43.412454333243453],[-2.9561387657711657,43.412435677825563],[-2.9561131176483015,43.41240829899386],[-2.9560755788144015,43.412344814092698],[-2.9560716263232649,43.412317443582154],[-2.9560737640843828,43.412177718919366],[-2.9560677748329081,43.412150348525977],[-2.9560480283583357,43.412131614406164],[-2.9560184000018097,43.412117197713314],[-2.9559887660592672,43.412107103141494],[-2.9559334712224534,43.412092677446559],[-2.9557121645530948,43.412060899931802],[-2.9556785564006525,43.412053594216154],[-2.9556469915671157,43.412040708331531],[-2.9556192997029274,43.412023411765901],[-2.9556014878400116,43.412006118129199],[-2.9555877602263547,43.411975863284688],[-2.9555798504706892,43.411928324875511],[-2.9555640806747454,43.411903831175465],[-2.9555383276036409,43.411882124068107],[-2.9554712322982528,43.411845995562189],[-2.9554356910405009,43.411837338356243],[-2.9553427991846286,43.411837302120347],[-2.9552716020131129,43.411841594626402],[-2.9551233887496546,43.411860352239209],[-2.9549494175411142,43.411867485589504],[-2.9548150727824001,43.411867431687334],[-2.9547715828364711,43.411864533075153],[-2.9546727950368372,43.411848647950052],[-2.9545601670975508,43.411818352838893],[-2.954522594771904,43.411803933501481],[-2.954467314276092,43.411767900048659],[-2.9544435985006614,43.411747723359774],[-2.9544219258242617,43.411717464308289],[-2.9543982121581451,43.411692876335465],[-2.9543744918876524,43.411677111805787],[-2.9543567829962112,43.411659819816173],[-2.9543034739412937,43.411576250829604],[-2.9542560759688601,43.41148836385107],[-2.9541968640862231,43.411400381175703],[-2.954171219529226,43.411371650338467],[-2.9541178795143246,43.411329766406169],[-2.9540862160575054,43.411311027163187],[-2.954062591047991,43.411305166590253],[-2.9538095986842978,43.411290747626069],[-2.9537819000174887,43.411283533783212],[-2.9536831323564505,43.411246041654351],[-2.9535902579744144,43.411224306001237],[-2.9535349543322202,43.411219962313581],[-2.9535092925350859,43.411214279086636],[-2.9534875049015601,43.411202747244502],[-2.953459917521402,43.411182568774912],[-2.9533788951430449,43.411114833183682],[-2.9533492666798433,43.411100416697188],[-2.9532485562468143,43.411071565861768],[-2.9532189257448422,43.411061470571838],[-2.9531853262676568,43.411045611707721],[-2.9530628162857329,43.411021073013842],[-2.9528909240485679,43.410974905899806],[-2.9528415397291652,43.410959039530638],[-2.952768431234952,43.41093019965043],[-2.9527328908976016,43.410921542503985],[-2.9526438792003771,43.410911421605832],[-2.9525984535817753,43.410911402786411],[-2.9525648398470028,43.410915709179854],[-2.9525292837969817,43.41092721831015],[-2.9524224872250571,43.410996315431447],[-2.9523987407350236,43.411015031185457],[-2.95237702898965,43.411039420579641],[-2.952335519829707,43.41110719502138],[-2.952285982216567,43.411156059473448],[-2.9522346180247565,43.411193581147174],[-2.9521871372254691,43.411215166561114],[-2.9520804696301908,43.411251133374876],[-2.9519736924665949,43.411294301794534],[-2.9519459758904834,43.411311575976157],[-2.9518748562373225,43.411343235397595],[-2.9518589536477533,43.411360603672854],[-2.9518391824744787,43.411375000652264],[-2.9518095292174458,43.411393713795007],[-2.9517699971049565,43.411409542243661],[-2.9517423908496196,43.41141529253926],[-2.9517008321706872,43.411416714804986],[-2.9516297445419637,43.411410922818405],[-2.9515961280793164,43.411416670536482],[-2.9515704491481078,43.411431064068189],[-2.9515427277155113,43.411452658480087],[-2.9515367970643065,43.411481464773438],[-2.9515387153035628,43.411503072641281],[-2.9515466460298052,43.411520271781285],[-2.951564355242688,43.411537656051863],[-2.9515960203180169,43.411551983817276],[-2.9516769708599466,43.411580916901713],[-2.9516947837704923,43.411595330630938],[-2.951708616526699,43.41161973400343],[-2.9517816966138062,43.411683235336739],[-2.9518014393428591,43.411704850713392],[-2.9518231004332565,43.411748074849172],[-2.9518270543991836,43.411771124279127],[-2.9518270224318184,43.411811456952563],[-2.9518190642539079,43.411828739423065],[-2.9517518841726891,43.411902263865834],[-2.9517281416983434,43.411915217538365],[-2.9516451148888789,43.411935348805528],[-2.951607525892336,43.411941093946211],[-2.9515423383222732,43.411941066343189],[-2.9515047585066809,43.411935288472598],[-2.9514633136572743,43.411925186818323],[-2.9513526248819351,43.41189056904156],[-2.9512124301632268,43.411816954752211],[-2.9511511311261667,43.411796761341201],[-2.9510483733098796,43.411779431579305],[-2.9509772935256562,43.411763465074266],[-2.9509140426420384,43.41176064656694],[-2.9508389777929307,43.411760613422601],[-2.9508112652750635,43.411770685578517],[-2.9507994324315652,43.411793727352169],[-2.9507973734473882,43.411819654750744],[-2.9507895128278272,43.411842699132556],[-2.9507894941668731,43.411865746888424],[-2.9508071996978207,43.411886010893433],[-2.9508328522037481,43.41190321770349],[-2.9508645206439308,43.411913405430624],[-2.9509277622359931,43.411926396276755],[-2.9509494448722107,43.411942250691034],[-2.9509750939570285,43.411965309452839],[-2.9509948317705912,43.411991247096502],[-2.9510283801300732,43.412070487027961],[-2.9510323315679603,43.412096326058297],[-2.9510283407413294,43.412119372112329],[-2.9510125192516292,43.412161228775233],[-2.9509887208351016,43.412244766267428],[-2.9509827770646919,43.412289417633751],[-2.9509807927775569,43.412349915807951],[-2.950974761650385,43.412377282214742],[-2.9509471221833188,43.412422014319851],[-2.9509253113413503,43.412439291684073],[-2.9508976998128977,43.41244936210218],[-2.9508403538088483,43.412450777275353],[-2.9507870000467857,43.412430587986904],[-2.9507356852335329,43.412403196000795],[-2.9507119705221743,43.412382929396841],[-2.9506605908886097,43.412312234101442],[-2.950597394543343,43.412243154477054],[-2.9505717642919835,43.412198488587606],[-2.9505540586123091,43.412176873881336],[-2.9505244233294157,43.41217253983379],[-2.9504750103628807,43.412188362656998],[-2.950391955723989,43.412241623934698],[-2.9503543417102924,43.412277619065357],[-2.9503048933379454,43.412338095712805],[-2.9502119405435661,43.41241151889799],[-2.9501743167969408,43.412459127889228],[-2.9501130526031583,43.412519510159214],[-2.9500912414160059,43.412536876507879],[-2.9501960393295565,43.412549886785904],[-2.9503204998171775,43.412559934946863],[-2.9503442262354813,43.412565797236049],[-2.9503599976273196,43.412585971323999],[-2.9503620191194977,43.412604697831853],[-2.9503619991200125,43.412629185393726],[-2.9503500669493969,43.412647906744709],[-2.9503243931475103,43.412656538055536],[-2.9502512578116225,43.412657946974079],[-2.9501524605638751,43.412656462342532],[-2.9500358468849046,43.412643445962679],[-2.9499746297183265,43.412646300620914],[-2.9499528184714539,43.41266213618821],[-2.9499092736286632,43.412726936473803],[-2.94986969742869,43.41279606151263],[-2.9498123215128618,43.41295592815478],[-2.9497805953799161,43.413013622769519],[-2.9497667108153109,43.413053949349568],[-2.9497666941465286,43.413074116581598],[-2.9498397229507103,43.41320090950839],[-2.9498772855233586,43.413226854255704],[-2.9499483478725748,43.413267218055758],[-2.949970132137627,43.413284425162985],[-2.9499859034685585,43.41330324773395],[-2.9499938291754657,43.413326298057399],[-2.9499858679064328,43.413346461814335],[-2.9499740391855416,43.413363741558527],[-2.949948257713968,43.413376693966192],[-2.9499068002943081,43.413379466289307],[-2.949881132012294,43.413379455043035],[-2.9498494593047453,43.413375209972934],[-2.9497922314928964,43.413353576914268],[-2.9497685118890824,43.413339162099767],[-2.9497546736418987,43.413321870202218],[-2.94974083897606,43.413300257074987],[-2.9497191860072789,43.413249831711518],[-2.9496914929701781,43.413235325089339],[-2.9496440657340588,43.413190738552899],[-2.9496243233233104,43.413167592955652],[-2.9496144574064092,43.413150392834723],[-2.9496105018014336,43.413130224753239],[-2.9496105830879222,43.413032182669653],[-2.9496166303426183,43.412986181660841],[-2.9496443474292251,43.41284925887723],[-2.9496701740706683,43.412781568576868],[-2.949695883785775,43.412729723328617],[-2.9498006900754823,43.412608771340018],[-2.9498423007311247,43.41254540915542],[-2.9498600407269091,43.412525250593873],[-2.9498917354825727,43.412502216724356],[-2.9499451246970789,43.412482073763911],[-2.9499925391351187,43.412418714963756],[-2.9501270964412623,43.412286160849071],[-2.9502615741439868,43.412124888680133],[-2.9503248747500352,43.412067297686704],[-2.9503960123965323,43.412012592378304],[-2.9503997936910111,43.41199836880488],[-2.9503966462079831,43.411985132714527],[-2.9503710969851928,43.411965584697434],[-2.950206072789451,43.411866660424302],[-2.9500519732526085,43.411777681584873],[-2.9499673366622976,43.41172881080913],[-2.9498506575146552,43.411676091833058],[-2.9497618874659208,43.411619423947968],[-2.9495451699735167,43.411586917057868],[-2.9493819966092096,43.411590985192824],[-2.9493727181157072,43.411602954289677],[-2.949335105060324,43.411636068569173],[-2.9493094291389399,43.411647581073581],[-2.9492699106714255,43.411647563550204],[-2.9492382437647144,43.411636025616154],[-2.9491592429325584,43.411589894992844],[-2.9491415343166336,43.411572601295134],[-2.9491277002957652,43.41155242879784],[-2.9490981232963902,43.411477511300362],[-2.9490763907166926,43.411401156577078],[-2.9490507679748301,43.411349288592056],[-2.949038965996428,43.411333347274699],[-2.9489777020012924,43.411271380212284],[-2.9489165588079835,43.411187805213864],[-2.9488256931591748,43.411081170018704],[-2.9487387818296655,43.410999024099418],[-2.9487190429263621,43.410974436727578],[-2.948701345536997,43.410942738560394],[-2.9486519477171536,43.410942716391524],[-2.9485333813878944,43.410954275221258],[-2.948422664283108,43.410958547472795],[-2.948290239830774,43.410977212407552],[-2.9481874633505725,43.410985808352343],[-2.9481676938874339,43.410997323277577],[-2.948086712506707,43.411008808628232],[-2.9479779146944565,43.411030366245363],[-2.9478395674745648,43.411066313788936],[-2.9477071339331049,43.411095062117319],[-2.9475687876488901,43.411129568622769],[-2.94735730133953,43.411175565199578],[-2.9472860856581455,43.411200019972064],[-2.9471635076293925,43.411256141210011],[-2.9470211508782458,43.411333769265681],[-2.9469599121071672,43.411362730676061],[-2.9468234800899475,43.411420284931673],[-2.9466613638745556,43.411497993392011],[-2.9464874192582848,43.411590010445693],[-2.9463865464198018,43.41163182664296],[-2.9462975901695847,43.411674998112964],[-2.946004891537541,43.411872292539009],[-2.9457636304939543,43.412063758629941],[-2.9456390867227942,43.412151566615975],[-2.9455579556475917,43.412213468658514],[-2.9455065749267364,43.412262418430686],[-2.9454017502593839,43.412394981307692],[-2.9452691972259992,43.412551927444596],[-2.9452188823631276,43.41260314131047],[-2.9451899838553905,43.41263255576969],[-2.945166335784327,43.412651269163099],[-2.9451425669109463,43.412691591344817],[-2.9450921367261844,43.412756730462135],[-2.9450277438231947,43.412839904137812],[-2.9449921435036939,43.412897504617867],[-2.94489318004451,43.413079044969997],[-2.9448595006002241,43.413152492341275],[-2.9447466643870861,43.413354013018214],[-2.9447249289966919,43.413398746463962],[-2.9446396813446838,43.413613423233983],[-2.9445505894496438,43.413802080649432],[-2.9445208368531515,43.413924505845792],[-2.9444930670304807,43.414105991190461],[-2.9444414559001992,43.414296197444429],[-2.944433545218502,43.414369657190541],[-2.9444294766637022,43.414474808112296],[-2.9444287586390967,43.415260041310667],[-2.9444385693515724,43.415336391073637],[-2.9444936747048449,43.415561220731192],[-2.9445350327093118,43.41566927509281],[-2.9445586980996947,43.415742750140012],[-2.9445764290889831,43.415846473599828],[-2.9445842649883343,43.415967476270119],[-2.9445979591315776,43.416029422599657],[-2.9446295629741166,43.416113074681398],[-2.9446631211186554,43.416173590808711],[-2.9446868065317253,43.41622681036111],[-2.9447635544185125,43.416512149299635],[-2.9448227118357959,43.416650552569109],[-2.9448306320953641,43.416677925361547],[-2.9448376222469483,43.41671887638811],[-2.9448542367251305,43.41682054263638],[-2.9448837875688691,43.416921389409481],[-2.944901475632193,43.416961731483575],[-2.9449942241250175,43.417127429757464],[-2.9450336600772853,43.417222609349402],[-2.9450593895970609,43.417268716296761],[-2.9451067034978009,43.417327799080851],[-2.9451818088095716,43.417405619883979],[-2.9452410290737268,43.417477671996771],[-2.945319971268014,43.417591417720352],[-2.9454541331988309,43.417810612708578],[-2.9455489704524913,43.41792301428282],[-2.9456634623570053,43.418039746342473],[-2.9457207712913931,43.418085869935531],[-2.9458886490100444,43.418195515394238],[-2.9460940557429258,43.418371350051729],[-2.9461928047406571,43.418439099059846],[-2.9463784764832015,43.418586115141693],[-2.9464100363158447,43.418606296254524],[-2.9464633901666644,43.418633690206072],[-2.9465997361897913,43.418692813103057],[-2.9467498210168506,43.418766438464857],[-2.9468031789706441,43.418788070325128],[-2.9468644873412249,43.418806825338002],[-2.9470185480610684,43.418877480731538],[-2.9472458321496076,43.418971216552762],[-2.9472793344398576,43.418982755869997],[-2.9474532857899867,43.419024611075734],[-2.9476251916867642,43.419076547338143],[-2.9477338458270514,43.419118281248032],[-2.9477931065994079,43.419148648737647],[-2.9478267190409508,43.419152985302368],[-2.9479038324953208,43.419153020457159],[-2.9479558900926657,43.419147643303972],[-2.9480342600507545,43.419106986130707],[-2.9481391475394614,43.419029249890706],[-2.9483032434097347,43.418921289956543],[-2.9483783562614474,43.418875229316654],[-2.9484614132101052,43.418834934141415],[-2.9484792506749544,43.418820537794275],[-2.9485385921220555,43.418755744331861],[-2.9485445163697621,43.418737020486986],[-2.9485425989692424,43.418715412596782],[-2.9485287648051703,43.418692268590668],[-2.9485189057013552,43.418666335899758],[-2.9484735182478894,43.418613018243619],[-2.9484636530858261,43.418595727995871],[-2.948443925183041,43.418553945756344],[-2.9484379375208101,43.418528014803101],[-2.9484410064491158,43.418512891447087],[-2.9484419273080209,43.418507850282374],[-2.9484538612186251,43.418489129150622],[-2.9484736379520893,43.418471852260197],[-2.9484775252089461,43.418453128400508],[-2.9484756249407456,43.418411354195889],[-2.9484974386986158,43.418393989075057],[-2.9485428893640631,43.418372492550525],[-2.9485883437125224,43.418345144931237],[-2.948679336567761,43.418312054904028],[-2.9487029796827167,43.418300542543335],[-2.9487683154216895,43.418251595838719],[-2.9488631927350739,43.418202664110815],[-2.9489975914886517,43.418156538608315],[-2.9491201636577347,43.418122023400805],[-2.9491577639443052,43.418107635736988],[-2.9491716332324951,43.418088916289868],[-2.9491361351165533,43.418025430081329],[-2.9490867821251383,43.41796355849111],[-2.9490215968016491,43.417833886367823],[-2.9489802220921129,43.41773447611412],[-2.9489387219690077,43.417660993145077],[-2.948879503297714,43.417583091870831],[-2.9488459231766257,43.417541303500272],[-2.9488360617221487,43.417519690255844],[-2.9488262208729301,43.417472150562084],[-2.9488302286554315,43.417430379900203],[-2.948852039459279,43.41741598526913],[-2.9488855569731043,43.417410238319718],[-2.9489113282487844,43.417410249835577],[-2.9489429040456572,43.417411705546648],[-2.9489666323524295,43.417420357690254],[-2.9489883188536568,43.417433331945453],[-2.9490396936645999,43.417511141426914],[-2.9490772102741971,43.417594703948076],[-2.9491028429342356,43.417639370131297],[-2.9491660225494529,43.417733119046538],[-2.9491916456976646,43.417789309074514],[-2.9492527766983208,43.417894400810368],[-2.9492547979813017,43.41791465807335],[-2.9492646584804678,43.417939149996045],[-2.9493652511648665,43.418120693272193],[-2.9493790591930722,43.418175437313657],[-2.949414540825761,43.418257649950114],[-2.9494798473528467,43.418246065806038],[-2.9495351820665876,43.418217370609263],[-2.9496241325062726,43.418191481571547],[-2.9496537766681152,43.418190054817764],[-2.9497704343223821,43.418162648008085],[-2.9498059938927521,43.418151140652412],[-2.9498455237700796,43.418143955352392],[-2.9500411981532575,43.418152684353501],[-2.9500926412243325,43.418151267907298],[-2.9501618245927648,43.418129691048726],[-2.9502962292682451,43.418074923371037],[-2.9504227919129504,43.418017449005561],[-2.9505196799375213,43.417998676210914],[-2.9505611404816796,43.417995902768908],[-2.9506521036646043,43.417997383666233],[-2.9507074050867788,43.418011812803329],[-2.9508318463291343,43.418056521142667],[-2.9508713678717622,43.418059418644965],[-2.9509247476849962,43.418056561947623],[-2.9509800713052838,43.418043621097041],[-2.9511125253238446,43.418004786762758],[-2.9511856738621209,43.417991853431168],[-2.9512647319178198,43.417978924372164],[-2.9513735293171504,43.417968887524431],[-2.9516047695398369,43.417960344063772],[-2.9516403275877749,43.417951716653839],[-2.9516482958611325,43.417922820304682],[-2.9515989243313436,43.417881116111424],[-2.9515731930332154,43.417830689413208],[-2.9515732159927053,43.417801879748154],[-2.9515870856149982,43.417781719298318],[-2.9516187825480404,43.417760125681312],[-2.9516543449719612,43.417744295624679],[-2.9516958099422479,43.417735670694157],[-2.9517136500234407,43.417721274741226],[-2.9517433052558992,43.417704001453586],[-2.9517788664719986,43.417689611165997],[-2.9518065792438137,43.417682421104494],[-2.9518401967761156,43.417678114040413],[-2.9518757467336849,43.417681011324071],[-2.9519053791942622,43.417693987468603],[-2.9519566839071958,43.417735782387375],[-2.9520120366414013,43.417813591300266],[-2.9520791015007526,43.417895636275453],[-2.9521481839511017,43.417999379129043],[-2.9521779032113247,43.418032611604239],[-2.9522094647863506,43.418054231828187],[-2.9522391007930118,43.418061446852619],[-2.9522687482249261,43.418055698196355],[-2.9522845544817673,43.41803409776233],[-2.9522866084153718,43.418012492489545],[-2.9522471275882811,43.417957737179798],[-2.9522391958960013,43.417940448063028],[-2.9522352403127323,43.417918749336152],[-2.9522392355217777,43.417890032275139],[-2.9522926445268087,43.417849721924291],[-2.95237763067815,43.417809424702106],[-2.9525140660526308,43.417757625821842],[-2.9525417777549472,43.417753315198688],[-2.9525693823171206,43.417753326650967],[-2.9526780520045404,43.417776420310439],[-2.9526879195820963,43.417795150907025],[-2.9526958424830365,43.41782387291466],[-2.9527016868034308,43.417906072273396],[-2.9527155157243059,43.417937767283128],[-2.9527274213110157,43.417953618201231],[-2.9527471708923616,43.41796947145896],[-2.9527806715539766,43.417985330391922],[-2.9528064453121949,43.417982460513869],[-2.9528815380721514,43.417958004831029],[-2.9529092463716333,43.417956575535221],[-2.9529487634867455,43.417965235153076],[-2.9529862301529817,43.417989738109469],[-2.9530000703825356,43.418007028702284],[-2.9530079978441388,43.418030079699093],[-2.9530079766788591,43.418057448655247],[-2.9530000091039232,43.41808625505449],[-2.9529881791504136,43.418103445051258],[-2.9529327223028861,43.418159690922195],[-2.9529090665777207,43.41818858000056],[-2.952885301788974,43.418227462145012],[-2.9528337469063399,43.41837292816308],[-2.952784254621335,43.418486703917118],[-2.9527585440510618,43.418539899570881],[-2.9527427388813527,43.41856014940457],[-2.9526872847114856,43.418610542274159],[-2.9525904527865783,43.418686847123737],[-2.9525311393965326,43.418722923075499],[-2.9524836506329337,43.418747301754266],[-2.9524065139253719,43.418777608300047],[-2.9523650485210715,43.41878758415077],[-2.9523234825537297,43.418791888054841],[-2.9522424879958584,43.418806348688513],[-2.9522048971733774,43.418810653309038],[-2.9521456106292128,43.418810628515658],[-2.9521199355119796,43.418816379702832],[-2.9520843714461757,43.418833649708723],[-2.9519736128111926,43.418871055368463],[-2.9518747654885327,43.418919988901067],[-2.9518114764345365,43.418957414369636],[-2.9517382902572695,43.419016440852197],[-2.9516987314098415,43.419059638203514],[-2.9516473535264436,43.419107061725036],[-2.951542468090727,43.41918768259972],[-2.9514890515174614,43.419235375318038],[-2.951433705213808,43.419278564977475],[-2.951368483257204,43.419311667252202],[-2.9512518056975807,43.41936203336725],[-2.9511331852743985,43.419421040982421],[-2.9510659354126276,43.4194439699152],[-2.9508959833870287,43.41949152058465],[-2.9508247569774779,43.419517418228438],[-2.950763509578294,43.419549082057777],[-2.9506863558713619,43.419598022994748],[-2.9506112379543716,43.41964984797611],[-2.9505795362260421,43.419677203237626],[-2.9505597584638177,43.419694479587704],[-2.9505083661026856,43.419757926864612],[-2.9504845956413841,43.419801130621963],[-2.9504805900116127,43.419841461517528],[-2.9504963375163435,43.419893325731238],[-2.9504962952678886,43.419945182207911],[-2.9504804844295056,43.419971013565672],[-2.9504289950956744,43.420027259021303],[-2.9504171593944362,43.420051651384682],[-2.9504091479324832,43.420132404111733],[-2.9504210298398896,43.420177064016009],[-2.9504308959495904,43.420195703854084],[-2.9504485967367406,43.42022461123203],[-2.9505335620776592,43.420339884863793],[-2.9505709870357864,43.420417777627272],[-2.9505946827171026,43.420466762940499],[-2.9506065882460226,43.420482613171878],[-2.9506460878894276,43.420512879694428],[-2.950679694273993,43.420525858765565],[-2.9507033238476534,43.420531631786602],[-2.9507646409512969,43.420541741358271],[-2.9508298306865952,43.420547441293884],[-2.9508970657759241,43.420547471083104],[-2.9509385210630992,43.420553340851882],[-2.9509859712608555,43.420579289443253],[-2.9510096788793629,43.420612430486507],[-2.9510096637803729,43.42063115698452],[-2.9509918158524728,43.420657077581446],[-2.9509068050127785,43.420721861278565],[-2.9508929392206342,43.42073770041317],[-2.9508771177194073,43.420775145725806],[-2.9508790242965373,43.420811247988297],[-2.9508909312024074,43.420827098189733],[-2.9509916054831167,43.420917890679021],[-2.9510172641015062,43.420932306951826],[-2.9510470039778212,43.42094096213372],[-2.9511181063240541,43.420943783919796],[-2.9512505192010283,43.420965538405653],[-2.951297987172385,43.420969880754782],[-2.9514244041572177,43.420974256646105],[-2.9514640207835767,43.420985797330438],[-2.9514896727284774,43.421010295749205],[-2.9514915923857457,43.421028932121985],[-2.9514816879419206,43.421059268331071],[-2.9514618951823364,43.421096621993328],[-2.9514559578058899,43.421134160722225],[-2.9514638861542477,43.421154331298219],[-2.9514935121694847,43.421177391594448],[-2.951538932823893,43.421193255937666],[-2.9515803933645732,43.42119471420753],[-2.9516179869422761,43.421190408894901],[-2.9516555827176147,43.421181782347304],[-2.9516970455432925,43.421180360060291],[-2.9517247519065339,43.421183252275092],[-2.9517405249188982,43.421204775906304],[-2.9517404722177667,43.421271126789826],[-2.9517542991127477,43.421305704212585],[-2.9517661025743931,43.421321555178345],[-2.9517878888632008,43.421338940203654],[-2.9518213980778549,43.421347596772577],[-2.951862961076305,43.421346173567237],[-2.9519321545304376,43.421317214727189],[-2.9519617931638873,43.4213230782564],[-2.9519855198431095,43.421334703028158],[-2.9520151427323089,43.421362083510218],[-2.9520565580045171,43.421421070857576],[-2.9520921863039367,43.421454305812311],[-2.952131705547413,43.421461434956008],[-2.9521573840496433,43.421452803254915],[-2.952191025179272,43.421421127151973],[-2.9522741282384568,43.421321771024068],[-2.952297881059684,43.421300173916713],[-2.9523235616263279,43.421287220054992],[-2.9523492219522538,43.42130163602873],[-2.9523768753717961,43.421373761284407],[-2.9524065063178542,43.421389528661798],[-2.9525034552784217,43.42116773775895],[-2.9525667721434452,43.421097092808481],[-2.9525944952982708,43.421078467845248],[-2.9526340311303763,43.421064079848328],[-2.9527526310193375,43.421035320151212],[-2.9528297535309878,43.421025178788661],[-2.9528514576751181,43.421016545291621],[-2.9528633896510272,43.421000795167501],[-2.952871252906315,43.420974870165637],[-2.9528989793310045,43.420951834761972],[-2.9529266901806381,43.420948875611927],[-2.9529503179028169,43.42095752778274],[-2.9530135524522447,43.420990774708031],[-2.9530649644771008,43.42103257005013],[-2.953090624748544,43.421045545150122],[-2.9531282059740738,43.42105699347821],[-2.9531498955788926,43.421067175565518],[-2.953175549347093,43.421090234699442],[-2.9532051572480142,43.42113922188674],[-2.9532170380797957,43.42118820271584],[-2.95321701922497,43.421212690241823],[-2.9532308514516998,43.42124141551291],[-2.9532584497719485,43.421251600896085],[-2.9532979689515804,43.421258819681228],[-2.9533908718928599,43.421263178806718],[-2.9534303899922278,43.421271837353196],[-2.9534561496651568,43.421289134535037],[-2.9534620429245764,43.421309213198981],[-2.9534620207199547,43.42133820293553],[-2.9534560977337532,43.421356926126734],[-2.9534164274751604,43.421414528387238],[-2.9533867597258214,43.421444764861981],[-2.9533274295399683,43.421496598044762],[-2.9532977717987912,43.421515311538101],[-2.9532760665010973,43.421525295782246],[-2.9532424412025846,43.421535455237688],[-2.9530843067517099,43.421575722189928],[-2.9530546555747303,43.421585793176121],[-2.9528390913365059,43.421723987226173],[-2.9528035101064609,43.421761424648381],[-2.9527698758256409,43.421784458486279],[-2.9526056864220767,43.421879550211372],[-2.9525404659061998,43.42191121243205],[-2.9524554796514053,43.421942866399533],[-2.9524119714319852,43.42195581287217],[-2.9523091655497078,43.421977376160307],[-2.9522814498501613,43.421987447752457],[-2.9522181579211164,43.422024782479923],[-2.9521766673191285,43.42206077652807],[-2.9521192532724809,43.422138627260935],[-2.9521014988242027,43.422176071924426],[-2.9520954479149162,43.422227925864128],[-2.9520953570538109,43.422343163534357],[-2.9520914604394739,43.422374851168328],[-2.9520577094407314,43.422543461052136],[-2.9520180973293906,43.422651479503024],[-2.952010108200624,43.42270621403587],[-2.9520159543063889,43.422784001192959],[-2.9520356575092417,43.422860353453871],[-2.9520415948551357,43.422954075771791],[-2.9520533966078433,43.422974157880581],[-2.9520790666002057,43.422977140099533],[-2.9521067806138444,43.422971389779711],[-2.9521660914297252,43.422942604954784],[-2.9522570073420411,43.422886376113084],[-2.9524054251128433,43.422769761374781],[-2.952450881015606,43.422742412242116],[-2.9526209669782464,43.422664698130887],[-2.9528028822937844,43.422569613714103],[-2.9528918486972193,43.422527967122662],[-2.9529511567158107,43.42250494561825],[-2.9532655088841397,43.422404243886831],[-2.9534276226542797,43.422356685628337],[-2.9534553351537869,43.422352375688163],[-2.9534967975021007,43.42235095184833],[-2.9536727304524453,43.422351024155233],[-2.9537261139063582,43.422348165253659],[-2.9537675806293571,43.422340980287473],[-2.9537952963839089,43.422332349043522],[-2.9538585811700133,43.422303565843492],[-2.9539099502668864,43.422269015876068],[-2.9539495051237954,43.422230139005372],[-2.9539910939099738,43.422197024869561],[-2.9540226866335173,43.422181193392149],[-2.9540721046286689,43.42216824958124],[-2.9541689957597268,43.422151002661074],[-2.9543962968235649,43.422116524647073],[-2.954473429001983,43.422094948364808],[-2.9546908804523957,43.4220186916207],[-2.9547561928449895,43.421999991879325],[-2.9548470781212539,43.421979862393165],[-2.9549538471990355,43.421966849885898],[-2.9550644931950987,43.421948258760928],[-2.9551989768249087,43.421930936588787],[-2.9552740584188131,43.421925294091345],[-2.9553531186089308,43.421915242731181],[-2.9553946819133761,43.421913819142951],[-2.9554282943157153,43.421921033986592],[-2.9554480427215628,43.421941208889947],[-2.9554082869080647,43.422253772954768],[-2.9554121268151023,43.422296988480234],[-2.9554279973726123,43.422325804319101],[-2.9554378568488446,43.422356057620703],[-2.9554378346622165,43.42238630707115],[-2.9553448145651342,43.422540490439253],[-2.9552676164423106,43.422651284903345],[-2.9552339685646229,43.422691694390963],[-2.9551924826523841,43.422724809016223],[-2.9550599898758434,43.422803981537839],[-2.9550362310515235,43.422834221655485],[-2.9549609975561593,43.422903244263985],[-2.9549135821101449,43.422963904580726],[-2.9548621029683098,43.423008538103197],[-2.9546426694959385,43.423143853476574],[-2.9545674503424095,43.42319423847578],[-2.9545002857284772,43.423233105472363],[-2.9544310743848183,43.423286284141973],[-2.9543677640475901,43.423349728363711],[-2.9543242247525545,43.423401567445723],[-2.9542213694244981,43.423488044401125],[-2.9540987599359445,43.423561457825137],[-2.9540374088618204,43.423593122443208],[-2.9540117220122215,43.42361030695907],[-2.9539425065412397,43.42366942824566],[-2.9538317095806903,43.423747168259865],[-2.953786238275363,43.423794594187179],[-2.9537605414725383,43.423826273958632],[-2.9537506452415445,43.423845086494964],[-2.9537426772580346,43.423873892016061],[-2.953736722368129,43.423934299365229],[-2.9537228453315763,43.423963283482713],[-2.9536694089660944,43.424035283704079],[-2.9536199618744323,43.424084238703529],[-2.9535824494431608,43.424114383789693],[-2.9534005185652465,43.424225314492496],[-2.9533233699609553,43.424262645070101],[-2.9532482684067372,43.424288630863003],[-2.9532186181505593,43.424295821373249],[-2.9531810227076334,43.424298597357883],[-2.9531335509442669,43.424297226349402],[-2.9530861794423524,43.424297206925786],[-2.9530525671183776,43.424288549789047],[-2.95303281992804,43.424266845530319],[-2.9530307992643716,43.42424388703084],[-2.9530506078626768,43.424187717487669],[-2.9530506245604875,43.424166110487647],[-2.9530407559598602,43.424148820650061],[-2.9530072416846616,43.424144484761385],[-2.9529715812020614,43.424150141986395],[-2.9529399906465437,43.424163093555194],[-2.9529202143758297,43.424179019637407],[-2.9529004103151517,43.4242307778945],[-2.9528865351162046,43.424256790451075],[-2.9528568746550685,43.424275504720249],[-2.9527995064592716,43.424292765040789],[-2.9527718976904076,43.424292753642177],[-2.9527362483496535,43.424285537178882],[-2.9526710531462861,43.424278306679383],[-2.9526493410319135,43.42429405272528],[-2.9525938568593735,43.424377666393191],[-2.9525641658819439,43.424435272463732],[-2.9525582356769982,43.424464079644984],[-2.9525562693529568,43.424503061663806],[-2.952558156865591,43.42456500204905],[-2.9525640398412878,43.424596694643903],[-2.9525975915740044,43.424683135676219],[-2.9526548120147709,43.424856015417113],[-2.9527199091834739,43.424990006494646],[-2.9527692545237634,43.425072222822834],[-2.9528363881496782,43.425206214670062],[-2.9528758362233023,43.425309943825319],[-2.9530138775655335,43.425707568198156],[-2.9530651934180718,43.425879005470193],[-2.9530966691052942,43.426015952162288],[-2.9531163501836692,43.426124085275291],[-2.9531517904774147,43.426272467380294],[-2.9531557158974087,43.426334408571343],[-2.9531636490137876,43.426351607555539],[-2.9531932970065142,43.426350269031758],[-2.9532545379336179,43.426335890616045],[-2.9533099620274044,43.426331592038316],[-2.9533415403555807,43.426335926146407],[-2.9533672041599761,43.426348902074231],[-2.9533751372697248,43.426366190187444],[-2.9533730835066287,43.426387706304453],[-2.9533730182055735,43.426472783608624],[-2.9533789954884027,43.426516000041758],[-2.9534045788522643,43.426635568409253],[-2.953424303620598,43.426686082215717],[-2.9534696882736173,43.426756594464855],[-2.9535763592585962,43.426884929136406],[-2.9536336846051889,43.426926726580191],[-2.9537166808316231,43.426972765562454],[-2.9537403021644204,43.426993031453975],[-2.9537482277871274,43.427020402681123],[-2.9537363974688704,43.427037684573158],[-2.9537046985030666,43.42705495662139],[-2.9536473235249701,43.427077980181977],[-2.9536018660831282,43.427103799918441],[-2.9534950322158289,43.427186042474425],[-2.953461486568763,43.427222039286214],[-2.9534436300193221,43.42725804427706],[-2.9534436069048526,43.427288203656516],[-2.9534554120317158,43.427305584282173],[-2.9535325333694606,43.427305616545617],[-2.9535779770195347,43.427301313782948],[-2.9536037513931985,43.427302764048818],[-2.9536412361708391,43.427311422588915],[-2.953674838167534,43.427335924613502],[-2.9536846954533256,43.427368969407475],[-2.9536807066159732,43.427387783417934],[-2.9536629614817369,43.427412264636608],[-2.9535838477659522,43.427484253466659],[-2.9534690393537582,43.427603765630785],[-2.9534116184036745,43.427685938152358],[-2.9533879580271054,43.427714736334821],[-2.9533582905006464,43.42774065335098],[-2.9533364793374477,43.427752077358306],[-2.9533028507294388,43.427763677525213],[-2.953180272576855,43.427783792792127],[-2.9531526522922009,43.427796655992601],[-2.9530872830428443,43.427880265798457],[-2.9530042771745761,43.427976651886198],[-2.9529725430596656,43.428040019111286],[-2.9529131749782613,43.428135155130796],[-2.9528992944942796,43.428166838648806],[-2.9528815218826669,43.428224450572003],[-2.9528794665061628,43.428246146760721],[-2.952869568233889,43.428266308966933],[-2.952788499783181,43.428361344127445],[-2.9527329930968906,43.428469356152505],[-2.9527230857705034,43.428501042189815],[-2.9527290818463054,43.428519770246666],[-2.9527567026188324,43.42850681800666],[-2.9527982693738801,43.428506836071556],[-2.9528693659409817,43.428527031679209],[-2.9529088878105929,43.428540012515043],[-2.9529227315350206,43.42855586328109],[-2.9529128321097358,43.428577466195598],[-2.9527605437598119,43.428676795002609],[-2.9527090726574281,43.428701260330136],[-2.9526497641509857,43.428718611604552],[-2.9525687588649223,43.428731540788355],[-2.9525430839848568,43.428730090330845],[-2.9525173236702931,43.428709912453762],[-2.9525114335264266,43.428685332462358],[-2.9525114988425405,43.428601785942014],[-2.9525056041365887,43.428583057015715],[-2.9524799408070019,43.428570082700652],[-2.9523988465760991,43.428564286149552],[-2.952327733059803,43.42856425652657],[-2.9522881967982135,43.428572882474171],[-2.952189338266884,43.428613173754087],[-2.9521596766990448,43.428631886927093],[-2.9520785153960345,43.428712608124229],[-2.9520488411383137,43.428745726522827],[-2.9520151797494432,43.428794687405649],[-2.9519953370069838,43.428894070687669],[-2.9519969633244751,43.429285966813474],[-2.9519158408080903,43.429444293327322],[-2.9517891309968105,43.429658956480679],[-2.9517119367280196,43.429745351854606],[-2.9516506678468488,43.429790070688263],[-2.951557704978149,43.429846208068042],[-2.9514865635003193,43.42987930874088],[-2.9513777354801283,43.42989942790031],[-2.9513381912088139,43.429915256142493],[-2.9512512456695794,43.42996419320378],[-2.9511958017562443,43.429985776540335],[-2.9511028601996361,43.430014545550684],[-2.950930851795424,43.430049041608321],[-2.9507588478664259,43.43007777638686],[-2.9507074855742617,43.430092068571255],[-2.9506046688212333,43.430110838923497],[-2.950515707270422,43.430130966741523],[-2.950458343391289,43.430133822415883],[-2.9503773604639334,43.430116502436888],[-2.9502290494962509,43.430076102726126],[-2.9501915563576331,43.430074646596815],[-2.9501223724041243,43.430080377464833],[-2.9500313887710945,43.43008177755091],[-2.9499602769920283,43.430075984533872],[-2.9498297640491629,43.430074486644656],[-2.9497052571893394,43.430080192075572],[-2.9496004339593971,43.430059888702665],[-2.9494284748713162,43.430033973729877],[-2.9493771339479435,43.430023777830655],[-2.9492644772654373,43.429989246413577],[-2.9491894043544868,43.429971926413891],[-2.9491537472256364,43.4299675893485],[-2.9489146239448338,43.429968922583413],[-2.9488276102367035,43.429974643801572],[-2.948673357087499,43.42997457377222],[-2.9486259847983551,43.429968791478267],[-2.9481277722122221,43.429965681562173],[-2.9480289641251471,43.429944029715521],[-2.9479835304473263,43.429936805529749],[-2.9478807329699035,43.429932437508299],[-2.9478550601675524,43.429929545293703],[-2.9478194081085696,43.429920884796736],[-2.9477819299847443,43.42990214211612],[-2.9477483339039883,43.429871877351495],[-2.9477107619615905,43.429844490369696],[-2.9476811281908888,43.429828631753473],[-2.9476357008552054,43.429812765898724],[-2.947576416003193,43.429799773284941],[-2.9474776009090666,43.42978676429253],[-2.9473767397859034,43.429780955100995],[-2.9473431152526075,43.429783821034853],[-2.9473016402049232,43.429792444363784],[-2.9472561854628778,43.42980970827621],[-2.9472126617390413,43.429832734984693],[-2.9471889063543744,43.429851360446747],[-2.9471632073068821,43.429878716583346],[-2.9471137375916348,43.429942164909839],[-2.9470760930976443,43.429998323313676],[-2.9470305853769152,43.430076087748418],[-2.946986998594058,43.430171047877252],[-2.9469671798174071,43.430231627566769],[-2.9469649889166818,43.430407452973434],[-2.94697289817459,43.430450580563175],[-2.9470044078080568,43.430535582395315],[-2.9470083560561409,43.430564483879316],[-2.9470082881929649,43.430642268444188],[-2.9470042971282471,43.430662433771737],[-2.9469924566400132,43.430688356482428],[-2.9469331119445239,43.430741624260449],[-2.9469093598176346,43.430756017590319],[-2.9468777620387185,43.430770408171412],[-2.9467472109525397,43.430812209853542],[-2.946676092360764,43.430814967180176],[-2.946616707905152,43.430797743752954],[-2.9465891128078701,43.430778824308717],[-2.9465614060367247,43.430771699681983],[-2.9465298196277345,43.430774475384013],[-2.9464863062801938,43.430784627311866],[-2.9464388259039334,43.430786045789041],[-2.9463578281439586,43.430783036368418],[-2.9463261312569582,43.430796165232707],[-2.9463004403769171,43.430814788698143],[-2.946152072064864,43.430953092395264],[-2.946055112212203,43.431027950778578],[-2.9459700662106587,43.43111001553428],[-2.9458711248575695,43.431235289410225],[-2.9457542846710596,43.431436986831997],[-2.9457285752955777,43.431474426670867],[-2.9457087626431564,43.431526273655827],[-2.9457007435551348,43.431606845798186],[-2.9457006842368099,43.431673196554271],[-2.9457184411905915,43.431755221637253],[-2.9457459812114597,43.431835990740922],[-2.9457696709338506,43.431892270523463],[-2.9458032518011565,43.431939730668866],[-2.9458664592766106,43.43201178506483],[-2.9459039008231325,43.432072391641604],[-2.9459157971375731,43.432099766165727],[-2.9459197476143939,43.43212569622586],[-2.9459196514185297,43.432233730161848],[-2.945927471643826,43.432261104557178],[-2.9459452854044299,43.43227983854451],[-2.9459551315144066,43.432321615544417],[-2.9459965610905101,43.43236628977315],[-2.9460064212551438,43.432392312663779],[-2.9460103577043038,43.432434087768158],[-2.9460083511407529,43.432513312096638],[-2.9459984293988604,43.432556521361896],[-2.9459786153413812,43.432609809088191],[-2.9459587845871953,43.432681822366973],[-2.9459566010063272,43.432846033798462],[-2.9459486435670357,43.432971350664687],[-2.9459505552819381,43.432998810505232],[-2.9459742380394394,43.433063641715172],[-2.9459742060046699,43.433099653921971],[-2.9459662254265413,43.433137101277147],[-2.9459365097703771,43.433210550579297],[-2.9459304576268592,43.433370438951776],[-2.9459186161513196,43.433396361538421],[-2.9458928149138663,43.433422368464115],[-2.945811768553352,43.43347130415016],[-2.9457939236294388,43.43348714074525],[-2.945778107181007,43.433513061432592],[-2.9457285636559116,43.433655553355543],[-2.9457106387417888,43.433760788334645],[-2.9457067058644424,43.433828487887403],[-2.9457086214399872,43.433851536471714],[-2.9457243916628411,43.433877472141518],[-2.9457560553906994,43.433903415349072],[-2.9458172684243809,43.433930813256929],[-2.9459061921095957,43.433961195696739],[-2.9459457071417812,43.433981381546886],[-2.9459654563147053,43.434001557145017],[-2.9459851888454045,43.434040459192133],[-2.9459950493563287,43.434066392032236],[-2.9460048714550195,43.434135538791331],[-2.9460147281485365,43.434165792841178],[-2.9460266326467726,43.434183085116011],[-2.9461827190633705,43.434311359784914],[-2.9463130582002717,43.434405051544871],[-2.946463240866934,43.434527652080597],[-2.9464889028872183,43.434543509141015],[-2.9466153971756186,43.434606949359633],[-2.9466331155781806,43.434619922170157],[-2.9466845297082709,43.43466604149539],[-2.9467654607711045,43.434751065460802],[-2.9467912229962065,43.434769803908516],[-2.9468168890667323,43.43478125053975],[-2.9468425612691713,43.434787114437924],[-2.9468742461106623,43.434790009670586],[-2.9469375106362632,43.434804444288055],[-2.9470363149325904,43.43483906159792],[-2.9470798171890702,43.434846284359786],[-2.9471311694636517,43.434849099477361],[-2.9472735125228229,43.43484916609674],[-2.947301217330569,43.434860792746726],[-2.9473050735064441,43.434879520080841],[-2.9473031160446581,43.434904007554017],[-2.9472813911580031,43.434928485015462],[-2.9471922850749461,43.434987501982157],[-2.9471230537573656,43.435042296901401],[-2.9470321125333694,43.435101222849504],[-2.9469707510685099,43.435127212633724],[-2.9468165420846857,43.435177466627671],[-2.9467789280700454,43.435194824024087],[-2.9466781226471008,43.435232228177128],[-2.9465555208288303,43.435262419434856],[-2.9464922254558177,43.435282556996874],[-2.9464625626842831,43.435296947456635],[-2.9464328910398483,43.435319980330092],[-2.9464229920141802,43.435337261444388],[-2.9464446857149675,43.4353487053964],[-2.9465257972319652,43.435344512185011],[-2.946638502768864,43.435330161389423],[-2.9467254192155834,43.435330202814228],[-2.946749154258185,43.435335974885867],[-2.9467728767313286,43.435357502850316],[-2.9467768327547481,43.435377761895928],[-2.9467747763735894,43.43539783715466],[-2.946749079814929,43.435420871959849],[-2.9466758979084622,43.435445415375085],[-2.9466146386898591,43.43546978422188],[-2.9465355377095852,43.43550728932216],[-2.9465077984503423,43.43553320362593],[-2.94652561323577,43.435553469161462],[-2.9465750336023873,43.435550611752092],[-2.9466086652741139,43.435541894089461],[-2.9467273026836964,43.435505848968447],[-2.9467925331815406,43.435482921713216],[-2.9469249989120803,43.435480103662051],[-2.9470436183703135,43.435462873803381],[-2.9470812160994071,43.435462891208061],[-2.9471306300772788,43.435468676881406],[-2.9471543614515077,43.435478770980254],[-2.9471701339664098,43.435503266640467],[-2.9471642025641431,43.435527841416189],[-2.9471127120722063,43.435568150133108],[-2.9470118836325918,43.435630042038852],[-2.9470019821854891,43.435651644413745],[-2.9470058654772782,43.435755358915621],[-2.9469860738910447,43.435782719522223],[-2.9469642547883028,43.435798553550633],[-2.9469286781287383,43.435817173455945],[-2.9468178890501022,43.4358503410255],[-2.9467486906208951,43.43586471316484],[-2.9466696146175884,43.435871878035314],[-2.9465806433247415,43.435892002766721],[-2.9464224772450183,43.435920736555261],[-2.9462919161624535,43.435959567122431],[-2.9462227187604113,43.435972498239451],[-2.9461554666378338,43.435973817253824],[-2.9459400508927582,43.435986767502584],[-2.94588858499705,43.435996737146631],[-2.9458193783416147,43.436021280991746],[-2.9457442618724947,43.436041321591269],[-2.9455642855494752,43.436075986747134],[-2.9454871440905319,43.436084591524299],[-2.9453903387193798,43.436090307253224],[-2.9453626245045013,43.436090293114773],[-2.9453329779890005,43.436084517029897],[-2.945295396868914,43.43606289209675],[-2.9452243304672132,43.436002268361605],[-2.9452144621751759,43.435984977884729],[-2.9452084664465628,43.435966249458666],[-2.9452204086238742,43.43594464731742],[-2.9452995420429646,43.435872663490329],[-2.9453134217094874,43.435849622461944],[-2.9453153890833175,43.435815052802973],[-2.9453015614049902,43.435780384645383],[-2.9452878205644977,43.435763182365818],[-2.9452640972614499,43.435744354514611],[-2.9452284498719314,43.435727142640708],[-2.9451237338913012,43.435692520037051],[-2.9451020404797377,43.435680895747247],[-2.9450842245985838,43.43566369238701],[-2.945098097854197,43.435646413297704],[-2.9452127301453661,43.435644938426783],[-2.9452423880427552,43.435637840955074],[-2.9453176614154928,43.435554330528774],[-2.9452207789402634,43.435534117901668],[-2.9451457030814234,43.43551238400584],[-2.9450507570304647,43.435490731459019],[-2.9448096425153798,43.435415709524541],[-2.9444854883796565,43.435339206094703],[-2.9444024667959727,43.43531467738832],[-2.9443234242491547,43.43528582934605],[-2.944264137495503,43.435268514714011],[-2.9440703821855516,43.435219443368716],[-2.9439795265882669,43.435183386688351],[-2.9439242231067819,43.435155991601157],[-2.9438807315592008,43.435138683613751],[-2.9438292911803465,43.435122813310592],[-2.9437857904472788,43.435114148608825],[-2.9437542043366864,43.435112692373181],[-2.9435803080184297,43.435075153797037],[-2.9434616179460145,43.435059159185244],[-2.943161147968131,43.435046133940233],[-2.9430030095169779,43.435046054330435],[-2.9428329469653178,43.43505028975467],[-2.9427875047800907,43.435047386520438],[-2.9427301493592735,43.435037273780225],[-2.942682781932711,43.435022755661159],[-2.9426115867688809,43.434993910367247],[-2.94255036593652,43.434975153170768],[-2.9424574534707855,43.434962141916614],[-2.9423961259320666,43.434949146501339],[-2.9423645522450044,43.43493472534842],[-2.9422874761218254,43.434875627495906],[-2.9422301716460137,43.434812217467019],[-2.941366351813103,43.434680691719791],[-2.941162812961136,43.43463593073951],[-2.9409334746662115,43.434614204645897],[-2.9407240176519558,43.434580964563501],[-2.9405678293091637,43.434567918056587],[-2.9401981236520229,43.434507224730226],[-2.9401368914630228,43.434499989169822],[-2.9399609346536604,43.434489722848959],[-2.9398245066563398,43.434485329026735],[-2.939533911126162,43.434485173942356],[-2.9393342118520898,43.434476513993125],[-2.939241285400259,43.434476463757676],[-2.9390060167824466,43.434476337614662],[-2.9389033148328756,43.434471960676831],[-2.9388083565489853,43.43446749864701],[-2.9385790156798923,43.434448558294449],[-2.9384208872455053,43.43444135977505],[-2.9379404723118636,43.434436776155408],[-2.9377487298104663,43.43441938438378],[-2.9376063941904409,43.434410663485764],[-2.937538126864498,43.434410626218295],[-2.9375379254604508,43.434410626108281],[-2.937282175672979,43.434410484329568],[-2.93705488048038,43.434384339419402],[-2.937017284826422,43.434382968058884],[-2.9366555694911907,43.434382766468367],[-2.9365923000665073,43.434376969486493],[-2.9365606190388687,43.434371099053173],[-2.9365231327920536,43.434359644459271],[-2.9364380958031235,43.434320703602516],[-2.9363709691673203,43.434300500008881],[-2.9362839737724196,43.434281725111433],[-2.9360941669137359,43.434265773248733],[-2.9357541651109162,43.434255497807378],[-2.9353746563246244,43.434220709757533],[-2.9352025675765603,43.434214850458687],[-2.9350740959546413,43.434201812149389],[-2.9349792365173735,43.434200317548893],[-2.9349337934977129,43.434200290801456],[-2.9348289352435435,43.434211754928008],[-2.9346964655392886,43.434220320884343],[-2.9345244483548707,43.434243269296722],[-2.9344789916351584,43.434254766197157],[-2.934443416625478,43.434269150154151],[-2.9343504450216429,43.434312309854761],[-2.9342851961522021,43.434346753843066],[-2.9341783681213971,43.434389994583356],[-2.9341388114365756,43.434411578776064],[-2.9340992491267071,43.434436043460543],[-2.9339805524272586,43.434523931814375],[-2.9339528110644055,43.434548404171899],[-2.9339389207889837,43.434578645542395],[-2.9339388910177711,43.434606014410029],[-2.9339506937434381,43.434621776232582],[-2.9339724749974301,43.434643485821638],[-2.9340080050422723,43.43467078607155],[-2.9340376216251087,43.434702493256282],[-2.9340455377068047,43.434731396554518],[-2.9340396011679131,43.434755880605522],[-2.9339110132239621,43.434755805463659],[-2.9338834091169046,43.434747147080955],[-2.933859680570023,43.434735610424482],[-2.9338399301424047,43.434721193755131],[-2.9338142591297021,43.434715416082263],[-2.93370156620714,43.434715350803756],[-2.9335018814133687,43.434693536050155],[-2.9334445151497111,43.434695033425932],[-2.9333555383957193,43.434716587672845],[-2.9332883863395423,43.434722310436122],[-2.933126275026813,43.434722214850545],[-2.9330708577344771,43.434712098398585],[-2.9330471297095531,43.434699119968791],[-2.9330037778721261,43.434650119628522],[-2.932968141064185,43.434627051073619],[-2.9329424749458624,43.43461695199457],[-2.9329029514511298,43.434606845680392],[-2.9327685644249279,43.434599563228801],[-2.9326736306140035,43.434572138491887],[-2.9325926340683544,43.434566327958819],[-2.9325392500919061,43.434559094757141],[-2.9324048921746604,43.434525793670787],[-2.9323553933938413,43.434507127987338],[-2.9322349368146079,43.434433502397489],[-2.93219939380629,43.43441754533599],[-2.9321479521676372,43.434406081933624],[-2.9319581270271562,43.434405968245116],[-2.9318395296244488,43.434401574604067],[-2.9317564833033645,43.434405846288804],[-2.9316239751601878,43.434448890126852],[-2.9315982861390495,43.4344604877436],[-2.9315429299655369,43.434486472843965],[-2.9315211060684536,43.434502305727221],[-2.9314518356553783,43.434578607161995],[-2.9314261323993915,43.434601639423391],[-2.9313905468025911,43.434624574805859],[-2.9313351875261073,43.434652000507604],[-2.9312521065846218,43.434686521198117],[-2.931149228802894,43.434746958090194],[-2.9311116090524871,43.434765660090967],[-2.9310127288818366,43.434805933005954],[-2.9309711406245982,43.434818871548984],[-2.9308842208481813,43.43482458096625],[-2.9308564945020379,43.43483464733611],[-2.9307971332493739,43.434886466886461],[-2.930753588154388,43.434919571327626],[-2.9306862973135157,43.434955541870195],[-2.9306349219707428,43.43497567607956],[-2.9305518487323701,43.435001644782488],[-2.9303936770014825,43.435031796206331],[-2.9303204989878253,43.435047595788312],[-2.9302769755381162,43.435060443755553],[-2.9302136757024839,43.435082102153224],[-2.9300930646144923,43.435143967071632],[-2.9300415685280874,43.435178507083776],[-2.9300039362266364,43.435208642501458],[-2.9298575672896887,43.43533963440678],[-2.9297566111503719,43.435411594151205],[-2.9295191500779323,43.435629136668858],[-2.9294082778466732,43.435727018165068],[-2.9293588146474701,43.435765880333427],[-2.9292539834879285,43.435837837234835],[-2.9290145187346424,43.436023417226558],[-2.9289551681245172,43.436063802027633],[-2.9288522952922387,43.436117125165424],[-2.9287771607351951,43.436148767584029],[-2.9286881662101161,43.436183282719256],[-2.9286426022283862,43.436197657736656],[-2.9286090690497901,43.436206280131799],[-2.9285496557535491,43.436213445645841],[-2.9284646687767277,43.436219152629228],[-2.9283717392151565,43.436220534263185],[-2.9283302737272705,43.43621609702722],[-2.9282788283620858,43.436206071689334],[-2.9281938516949619,43.436203046910244],[-2.9281503370878643,43.43620734079046],[-2.9280632940986058,43.436227541468455],[-2.9280159047749499,43.436234714268302],[-2.9279545563627267,43.43624187735454],[-2.9278576494998294,43.436246136572784],[-2.9277707227301284,43.436254723224955],[-2.9277133297195732,43.436276294821013],[-2.9276163592563278,43.436333851743655],[-2.9275649724941832,43.436359656433609],[-2.927531331251656,43.436372688799523],[-2.9274799606515121,43.43638697143016],[-2.9274126936896585,43.43639998153165],[-2.9273197552081682,43.436408564925102],[-2.9271497003667659,43.436401253197843],[-2.9270943631126758,43.436408419651634],[-2.9269618489252482,43.436450107407886],[-2.9269242403068194,43.436458636661577],[-2.9268550409609917,43.436467234844578],[-2.9267977772675384,43.43646719730252],[-2.926726563635683,43.436458509270949],[-2.9266277465827693,43.436439808602977],[-2.9265901465220567,43.436441225176232],[-2.9264971735004526,43.436477175854094],[-2.9264260228288013,43.436500177763222],[-2.9263745509422532,43.436513107370835],[-2.9262975028156424,43.436524581571],[-2.9261749221808593,43.43652585226166],[-2.9261472099359289,43.436523043003866],[-2.9260404413376033,43.436508568761361],[-2.9259771830105392,43.436492682788028],[-2.9259277714628418,43.43648688797682],[-2.9258408563900216,43.436485390941897],[-2.9257992777896304,43.436489594238239],[-2.9257498421279466,43.436502526686752],[-2.9256627845192829,43.436535690963225],[-2.925567888664057,43.436560115803317],[-2.9254927789526302,43.43657168076686],[-2.9253721177300891,43.436584564822688],[-2.9253128027015043,43.436594608325876],[-2.9252791650374221,43.43660322967569],[-2.9251684613078939,43.436640608389524],[-2.9251308522104673,43.436649226196344],[-2.9250952888833552,43.436649202907397],[-2.92507351175216,43.436626141878421],[-2.9250518889763852,43.436561126743634],[-2.9250321701689024,43.436522310255029],[-2.9250065259168441,43.436494925465752],[-2.9249828037156207,43.436479064862901],[-2.9249472631989417,43.436461665751118],[-2.9248977651376622,43.436442996846516],[-2.9248226882027879,43.436427101571567],[-2.9247653238863718,43.436425533097946],[-2.9244727829009389,43.436425339360973],[-2.9244015527256364,43.436428261945657],[-2.9243620109777546,43.436433997714538],[-2.9243085953778887,43.436452596978668],[-2.9242690373252693,43.436471387284513],[-2.9241503410989633,43.436543330315089],[-2.9240593895438547,43.436590895127075],[-2.9240316594595446,43.436602400540508],[-2.9239109714609914,43.4366383306998],[-2.9238240165846943,43.436668431247369],[-2.9237666144385064,43.436695851914109],[-2.9237211369926235,43.436721749758654],[-2.9236815612814318,43.436753323395443],[-2.9235567827429261,43.436881530242189],[-2.9235489127423255,43.436900250531075],[-2.9235349587063575,43.436976585005269],[-2.9234833980217534,43.437057216431761],[-2.9234339238080969,43.437101927079389],[-2.9233667087815318,43.437153738393128],[-2.9233330572197866,43.437173882090264],[-2.9232855609879578,43.437182491759906],[-2.9231866638240045,43.43722996049781],[-2.9231352852489838,43.437247210820011],[-2.9229176603307647,43.437306122389423],[-2.9228425462434591,43.437319035367139],[-2.9227832386420971,43.437323316547293],[-2.9227120123489185,43.437323268430809],[-2.9226745190788752,43.437318920973006],[-2.9225875297200319,43.437294373755073],[-2.9225025731619105,43.437275589763566],[-2.9224432815049379,43.437265466440714],[-2.9224076195711439,43.437264001545159],[-2.9223680758570869,43.437269735721905],[-2.9223265798930806,43.437289873796878],[-2.9222900381191956,43.437316437160959],[-2.9222846480651139,43.437320355814322],[-2.9222493727570273,43.437345998875905],[-2.9222335533599582,43.437364623623651],[-2.9222137684314,43.437377663844799],[-2.9221465079840221,43.437384820692465],[-2.9220931129293137,43.437386225032469],[-2.9220061991332029,43.437381843676334],[-2.9218737733507969,43.437351412058383],[-2.9218223225309576,43.437345705025351],[-2.9217037145628884,43.437345622978803],[-2.9215989490979863,43.437358514834216],[-2.9214526289324718,43.437355442073006],[-2.9213972166662789,43.437341089705335],[-2.9213755221313908,43.437332432369175],[-2.9212885607728247,43.437287626985551],[-2.9212609529520099,43.437283286768476],[-2.9211581399034898,43.437281865271032],[-2.9210948683151829,43.437277499519723],[-2.9209406210813391,43.437258666536493],[-2.9209070993617421,43.437257201752168],[-2.920531411494907,43.437254058086197],[-2.9204760758736334,43.437256901026515],[-2.9203435880059838,43.437275533464948],[-2.9202071016269344,43.437310008901591],[-2.9201200368290734,43.437344517807368],[-2.9200507962635478,43.437384802825292],[-2.9200132576095092,43.437415025952994],[-2.9199716069517949,43.437474053964152],[-2.9199002777202141,43.437629663966824],[-2.9198863360324712,43.437693034361637],[-2.9198863076449415,43.437714551252562],[-2.9198980963509404,43.437737696312723],[-2.9199257841648838,43.437759233514704],[-2.9199968753592445,43.43778530238189],[-2.9200186554321239,43.437804043164064],[-2.9200225971152802,43.437828533382252],[-2.9200087105372488,43.437850130623772],[-2.9199829033669382,43.437871719523045],[-2.9199394629610338,43.437896176579756],[-2.9197040753155528,43.437975144894999],[-2.9196466751244867,43.437999682081127],[-2.9195991534950942,43.438028457350811],[-2.9195635505309356,43.438058681688332],[-2.9195180405193883,43.438106094741336],[-2.9194645816072984,43.438155122969654],[-2.9194269407406237,43.438185434972311],[-2.9192568101522709,43.438309193876279],[-2.9190806487319731,43.43844591188801],[-2.9189737701234377,43.438513536671202],[-2.9189005619847181,43.438546525511661],[-2.9188096250533699,43.438579680906763],[-2.9187245100878472,43.438601226495969],[-2.9186889403787166,43.438606963123824],[-2.9185406770413818,43.438606856706507],[-2.9182934880113538,43.43859371402641],[-2.9176529540434126,43.438591811169097],[-2.9176233062813388,43.438588908408931],[-2.9175541474622109,43.438565810914085],[-2.9173505797768877,43.438472032644391],[-2.917279493954636,43.438443171676397],[-2.9171826287588738,43.438412850393313],[-2.9171371943964548,43.438404175960116],[-2.9170245072161549,43.438394009325606],[-2.9169572777898694,43.438378116386978],[-2.9169099170213779,43.438362236046089],[-2.9167893372845128,43.438311731847847],[-2.9166687431708214,43.438272750439211],[-2.9165917496034108,43.438242444033982],[-2.9165423513910738,43.438226562954853],[-2.9164889681033097,43.438217880661497],[-2.9164553435244396,43.438216325353764],[-2.9162022236444076,43.438220460462162],[-2.9161132534091618,43.43822912679618],[-2.9160658543904092,43.438242056548063],[-2.9160025278935802,43.438275139930703],[-2.9159589703165243,43.438309678511743],[-2.9159332496379524,43.438339908979529],[-2.9158777101914248,43.438417653524802],[-2.9158321921571528,43.438469475455591],[-2.9157787268435498,43.438519851711881],[-2.9157075217376156,43.438577417485199],[-2.9156421503948571,43.438616171028684],[-2.9155749569652505,43.438646460857051],[-2.9154839315493533,43.438668089714227],[-2.9154166716633441,43.438672361195181],[-2.9152427292257186,43.438672231505528],[-2.9151775195103533,43.438669301748206],[-2.9151379935551565,43.438662069806121],[-2.9150154482565389,43.438633078288291],[-2.9149442499241798,43.438612859106698],[-2.9148869187871345,43.438585447585453],[-2.9148671683625196,43.438572468352845],[-2.9148415230092497,43.438549402503618],[-2.9147625901959202,43.438448509754991],[-2.9146737280599555,43.438380743023068],[-2.9146283426905155,43.438337493444706],[-2.9145927398637044,43.438292813152238],[-2.9145769817995615,43.438266873219291],[-2.9145631754899286,43.43823085161781],[-2.9145533521828559,43.438187540328855],[-2.9145455988389806,43.438121272972928],[-2.9145357563976999,43.438092456046626],[-2.9145120647020217,43.438056427049531],[-2.9144883589619668,43.438030391117657],[-2.9143402880554201,43.437894876662831],[-2.9141724181389819,43.437782393912691],[-2.9141209888578778,43.43776083749102],[-2.9140439215909191,43.437713244469201],[-2.9139688610292209,43.437685818255268],[-2.9139154818633828,43.437675694959587],[-2.9136782668607362,43.437673984495028],[-2.9135102325978504,43.43767817784088],[-2.9134271565730798,43.437698371273335],[-2.9133816842467084,43.437717062386582],[-2.9133361187903546,43.437729991496575],[-2.9132689570055907,43.437737142296498],[-2.9132214766155662,43.437734224868493],[-2.9131700379530741,43.437721222190419],[-2.9130455872445831,43.437673501563189],[-2.9129843864893306,43.437646086141307],[-2.91294875417625,43.437623100507345],[-2.9129349188288693,43.43760724493437],[-2.9129310744469872,43.437588426415971],[-2.9129686299452517,43.437548122501461],[-2.9129667617789869,43.437500585958233],[-2.9129549859586925,43.437470326717516],[-2.9129233455576395,43.437435732040633],[-2.9128621845011624,43.437380856767376],[-2.9127021775142503,43.437259825462085],[-2.9123011672185561,43.437008786630251],[-2.9122142203793322,43.436959744988762],[-2.9121313319516808,43.436920697681153],[-2.9120502545200373,43.436899118440678],[-2.9120048187068948,43.43689187996771],[-2.9119455201054385,43.436888863771458],[-2.9119178043098324,43.436888842426832],[-2.9118801960014169,43.436894663611497],[-2.911690369504055,43.436960687810284],[-2.9115914757312429,43.436998153441507],[-2.9115103145592021,43.437034101061627],[-2.9113322336868346,43.437150729472513],[-2.9112570529524091,43.437206848701784],[-2.910881015025184,43.437442788478464],[-2.9107345248064451,43.43755647001354],[-2.9106791217615635,43.437605491720959],[-2.9105761485836807,43.437713445117247],[-2.9104870343852642,43.437821409267812],[-2.9104434366486505,43.437880434080334],[-2.9103621417840886,43.43800568909608],[-2.9103423074416757,43.43805032815736],[-2.9103223963553115,43.438146912624966],[-2.9103019828947172,43.438170304447226],[-2.910303990748345,43.43819047227116],[-2.9103178136688648,43.438213529868264],[-2.910337552367845,43.438233712495737],[-2.9103967919260065,43.438278414437008],[-2.9104757924808307,43.438327451228446],[-2.910505399433482,43.438357724675832],[-2.9105171775641594,43.438386542561759],[-2.9104855558341916,43.438409474524512],[-2.9104262300644508,43.438423922448862],[-2.9103312514735444,43.438429609927319],[-2.9103194010918938,43.438449766882677],[-2.9103292364449871,43.438482904474114],[-2.91034703252727,43.438507407686359],[-2.9103785783036247,43.438537681785171],[-2.910427949655332,43.438570850345485],[-2.9105128660629647,43.438615572333191],[-2.9105464369030396,43.438654491290421],[-2.9105523110195466,43.438679073386602],[-2.9105444240440264,43.438706436081524],[-2.91051873535323,43.438712177897003],[-2.9104732003989464,43.438703498937038],[-2.9104416293438198,43.438691949488749],[-2.9103210608573242,43.438637028128724],[-2.9101827938159124,43.438562015637473],[-2.9101136412347368,43.43853747204394],[-2.9100681980269147,43.438534554908323],[-2.9100444106495535,43.438564786470948],[-2.9100523022420424,43.438603684470138],[-2.9100700020864361,43.43862386553873],[-2.9100878151715261,43.438636843175985],[-2.9101450329644667,43.438670108971252],[-2.910170796190704,43.438681653939447],[-2.9102774294212361,43.438719189640715],[-2.9103307833684822,43.438746600353504],[-2.910374251253617,43.438776883800067],[-2.9104611694645302,43.43884609485017],[-2.9105361640809169,43.438918177012241],[-2.9105696935595802,43.438984463890755],[-2.9105677296366648,43.439003188798068],[-2.9105281838110533,43.439008828833046],[-2.9104807121565539,43.439000239305642],[-2.9104016745916903,43.438975689049975],[-2.9103186575904472,43.438954017025736],[-2.9101309114326379,43.438916415847707],[-2.9100419760658425,43.438901941587915],[-2.9098857918217038,43.43888309127459],[-2.9097276044063523,43.438841102369516],[-2.9096663632615507,43.438841053108817],[-2.909611024652337,43.43884542063531],[-2.9094765190201106,43.438845313339669],[-2.9094211935541634,43.438840858276905],[-2.9093797210913839,43.43884082451941],[-2.9093520021215968,43.438842333297735],[-2.9092609829471421,43.438858106148608],[-2.9092195156974268,43.438853751127198],[-2.9091701253866846,43.438833544761209],[-2.909081208547728,43.43880610523847],[-2.9090357889259457,43.438787342674587],[-2.9090022030811382,43.438759857946387],[-2.9089587835859279,43.438699412889235],[-2.9089134095928988,43.438650310897863],[-2.9088086525073766,43.438586846358817],[-2.9087750395375904,43.438576736425851],[-2.9086465634805587,43.438565109136583],[-2.9085931918700312,43.438549222350922],[-2.9084331136732953,43.438546211977467],[-2.9083935982356888,43.438531775095356],[-2.9083442128100243,43.438508687868818],[-2.9082927973705179,43.438479747935652],[-2.9082394606229869,43.438440901600579],[-2.9081388365576073,43.43833998867251],[-2.9080953744635689,43.438306822071077],[-2.9080420219118959,43.4382794112149],[-2.9079926019032567,43.438279371463601],[-2.9079629330636121,43.438290780472499],[-2.9079292678446014,43.438315330875554],[-2.9079153834106179,43.438332604537244],[-2.90792125219807,43.43835997812878],[-2.9079469813032799,43.438394480282028],[-2.9079547894302991,43.438419064069478],[-2.9079547348429391,43.438455075311431],[-2.9079349391313074,43.438473785820932],[-2.9078953964045029,43.438476634485802],[-2.9078459871664872,43.438469392062473],[-2.907759003409387,43.438444833574444],[-2.9076819921801818,43.438428926392241],[-2.90756135421868,43.438421625421071],[-2.9075119450655014,43.438414382853416],[-2.9074012519656129,43.438368198863664],[-2.9073539144521523,43.438337910249658],[-2.9072195033568664,43.438275860926908],[-2.9071760420804442,43.438244134680033],[-2.9071602807298795,43.438222424888927],[-2.9071701978631999,43.438200916031249],[-2.9072117746495771,43.438199509971078],[-2.9072532422721711,43.438202425017636],[-2.9073224099392614,43.438216886329592],[-2.9073520614190889,43.438216910356289],[-2.9073541342267206,43.438193864379535],[-2.9073284047177737,43.438160712751028],[-2.9072850416274787,43.438131868932231],[-2.9072119244631089,43.438101468409769],[-2.9071783242728109,43.438084156299681],[-2.9071230470384433,43.438049539032775],[-2.9070795847372071,43.438017813647612],[-2.9070499872422633,43.437981778305563],[-2.9070420680177786,43.437963046322409],[-2.9070402199149776,43.437905426577593],[-2.9070205079169775,43.437869398362238],[-2.9070027045374034,43.437850658339052],[-2.9069750201729203,43.437829027967688],[-2.9069316474206017,43.437805945919798],[-2.9068743130692902,43.43778429138942],[-2.90679325958325,43.437746773360914],[-2.9067064118092372,43.437700607225757],[-2.9066550033616867,43.43766887519444],[-2.9065858896595715,43.43761984293446],[-2.9065384664870457,43.437580821443298],[-2.9064477097232686,43.437492788665217],[-2.9064141222877797,43.437468361963781],[-2.9063924377453052,43.43745538058274],[-2.9063706452245355,43.437446720320146],[-2.906337027863183,43.437440930876036],[-2.9063113494371744,43.437440909841264],[-2.9062757747959469,43.437449523112313],[-2.9062084812602871,43.437476835909337],[-2.9061115041163559,43.437524291451332],[-2.9060878500473639,43.437532825306668],[-2.9060561533628642,43.437537119582551],[-2.9060265209042764,43.43752422074629],[-2.9060147596853905,43.437486759085296],[-2.9060129149357588,43.437361347904222],[-2.9059971864045169,43.437319651812516],[-2.9059755166231289,43.437298027041614],[-2.9059419106791351,43.437284943927395],[-2.9058963628220424,43.437284906455034],[-2.9058529358955325,43.437296484584529],[-2.9057401724186045,43.437339604703929],[-2.905601603188734,43.437398548453253],[-2.9054157434550825,43.437464564603722],[-2.9053425267048798,43.437499165554705],[-2.9052514558046711,43.437549504862467],[-2.905142652864098,43.437599830290466],[-2.9051149118482842,43.437615743260586],[-2.9050397126615342,43.437680409859048],[-2.9050041160421012,43.437702077292613],[-2.9049586388712347,43.437722205755989],[-2.9046578821736571,43.437824136411528],[-2.9046064921523254,43.437845789651753],[-2.9045807898936191,43.437861613247847],[-2.9045629329364995,43.43787744338578],[-2.9045549261946944,43.437914887795728],[-2.9045628378524295,43.437937942055903],[-2.9045667576031624,43.437972426768653],[-2.9045627223919963,43.438011405240445],[-2.90452905959607,43.438034424798417],[-2.9045033685645505,43.438043045768147],[-2.9044716737660332,43.438045900703223],[-2.9044361256502476,43.438035697833499],[-2.9043531711250576,43.437978098482176],[-2.9043314845736337,43.437966556513075],[-2.9041319087448474,43.437875640351869],[-2.9041003234034997,43.437874173164786],[-2.9040311126031537,43.437888518538209],[-2.9039895301666054,43.437892804844715],[-2.9039539845491795,43.437882692771382],[-2.9039045990638344,43.437861043428349],[-2.9037662800927748,43.437824914922608],[-2.9037188229380835,43.437807588332561],[-2.9036891956980098,43.437791629201193],[-2.9036062386912014,43.437735470907732],[-2.903556896916248,43.437686453482527],[-2.9035312778864486,43.437648979879341],[-2.9035016781007044,43.437615824121949],[-2.9034641227301856,43.43758833261127],[-2.9034384625688241,43.437576787117578],[-2.9033792187387371,43.437539195938484],[-2.9032211538376718,43.437425354731424],[-2.9031402102484658,43.437384952796975],[-2.9031006968262494,43.43737051498529],[-2.9030038245060492,43.437351705510764],[-2.9029603326322819,43.437340144783143],[-2.9029386442708884,43.437330043250952],[-2.9029208400067641,43.437312743293695],[-2.9029050907243366,43.437285361052041],[-2.9028872910908872,43.437265179685717],[-2.9028557464860549,43.43723769307789],[-2.9028221663149409,43.437208945916453],[-2.9028005230671132,43.437171475524998],[-2.9027886429005187,43.437145536358614],[-2.9027689762572293,43.437082139473269],[-2.9027453013127364,43.437040256087784],[-2.902727597443429,43.437024395088017],[-2.9026979753187581,43.437005644338228],[-2.9026327127175615,43.436972458002238],[-2.9025636019846641,43.436924863111713],[-2.9025064152874305,43.436875839442372],[-2.902486682090879,43.436854125615817],[-2.9024570646074084,43.436832583443156],[-2.9024115309843936,43.436823901271687],[-2.9023048123221256,43.436845327064347],[-2.9022592450262183,43.436858340904493],[-2.9022335622106428,43.436861200358209],[-2.9022039158850341,43.436856853797394],[-2.9021723648441418,43.43683521985345],[-2.9021723973329405,43.436815052727226],[-2.9022080614139556,43.436750263258439],[-2.9022199537297708,43.436705528763817],[-2.9022199930141275,43.436681131375849],[-2.9021962838047575,43.436660854802703],[-2.9021666561503787,43.436646515164966],[-2.9020007407387722,43.436601627536263],[-2.9019591903652615,43.436587276726179],[-2.9019256030550498,43.436564200263341],[-2.9018664612450178,43.436464668012867],[-2.90185864979702,43.436443054350377],[-2.9018566913673505,43.436394075935262],[-2.9018666103667314,43.436372389245264],[-2.9018844697649486,43.436355208866217],[-2.9019398471421538,43.436325006082313],[-2.9020111511043813,43.436274651564588],[-2.9020269776481507,43.43625449886931],[-2.9020388861198172,43.436199771319593],[-2.9020547033401249,43.436185381428714],[-2.902078464647877,43.436172438141945],[-2.9021140357276316,43.436166705778973],[-2.902171402895898,43.43616675486949],[-2.9021932221948199,43.436158132009865],[-2.9022168914191004,43.436139425798999],[-2.9022604842993611,43.436087607621985],[-2.9022843011536845,43.436040092842809],[-2.9023061622501944,43.436005449979632],[-2.9023239250164661,43.435985208852365],[-2.902351681939197,43.435959394428473],[-2.9024763532607385,43.43586155094124],[-2.9026129271002321,43.435775240385802],[-2.9028128155636468,43.435665846682525],[-2.9028899058561866,43.435628550209351],[-2.9030581436290075,43.435558021004582],[-2.9031114669708926,43.435536551077831],[-2.9031747757163324,43.435516437540159],[-2.9034063762272719,43.435389784790317],[-2.9034439173032691,43.435362447614196],[-2.9034776019198301,43.435325024941612],[-2.9035549278060393,43.435202651022728],[-2.9035668026692254,43.435168090435255],[-2.903572780030137,43.435124881547736],[-2.9035711495330379,43.43493311971455],[-2.9035534121326627,43.434874045779182],[-2.9034903741587628,43.434724273687635],[-2.9034686947466963,43.43470985104593],[-2.9033738422164026,43.434704008121017],[-2.9033421743286181,43.434691016819059],[-2.8982191672815043,43.433885469044434],[-2.8982310569312943,43.433904205185108],[-2.8982270396517622,43.43393022073645],[-2.8981933598216565,43.433963320662009],[-2.8981616402895023,43.43398201887841],[-2.8980548840275273,43.434027927258988],[-2.8979461127659647,43.434059610384729],[-2.8978115693041793,43.434088298926504],[-2.8977661059290467,43.434099691183285],[-2.897663240650564,43.434134258927699],[-2.8975940265050601,43.43415148272161],[-2.8974338469909178,43.434155659481924],[-2.8972460323024358,43.434172774830053],[-2.897192624887813,43.434182809960198],[-2.8971431703988695,43.434204372456819],[-2.8970719846072304,43.434243110183822],[-2.8970185415462466,43.434274842211529],[-2.8969512131315196,43.434320876002957],[-2.8968542166889737,43.434378405933735],[-2.8968146296386532,43.434410060318193],[-2.896731437610629,43.434499293596453],[-2.8966760419877162,43.434538225421093],[-2.8966503488744824,43.434548284434079],[-2.8966206930548837,43.434551139037801],[-2.8965870696549727,43.43455110863696],[-2.8965534523816743,43.434546756118223],[-2.8965238198836478,43.434536646178131],[-2.8964329352680829,43.434474623514696],[-2.8963717257403538,43.434458632971172],[-2.8962491879286172,43.434436914896999],[-2.8962214880362764,43.434428245535408],[-2.8961878942427384,43.434409489486747],[-2.896142534865922,43.434360472449832],[-2.8961208597939949,43.434344608614254],[-2.8960832948474384,43.43432584712631],[-2.8960496902161368,43.434314202704812],[-2.8959588384862287,43.434292603161389],[-2.8957710489596624,43.434236252781936],[-2.8956881190153454,43.434230415248315],[-2.8956248649955385,43.434218743652821],[-2.8955892253271602,43.434205745677367],[-2.8955517681434326,43.434182664700309],[-2.8955280853647807,43.434149602307713],[-2.8955380172565603,43.43412080179057],[-2.8955855286297534,43.434103560327564],[-2.8956686042509041,43.434083470787975],[-2.8957002170990931,43.434067654575472],[-2.8957180727679037,43.434053266514475],[-2.8957299184778718,43.434037432266308],[-2.8957398763741193,43.433994137365552],[-2.8957319610029169,43.433975494634019],[-2.8956924579027716,43.433958082810392],[-2.8956470298078516,43.43394948718128],[-2.8955995892963093,43.43392630616389],[-2.8955818919170455,43.43390756444694],[-2.8955739866677823,43.433883069751154],[-2.8955839198843756,43.433854179185836],[-2.8956393128009457,43.433815427971204],[-2.8956630893943358,43.433793842698293],[-2.8956750413310379,43.43377656874771],[-2.8956829331244682,43.433749207059662],[-2.8956612707663365,43.433726139623289],[-2.8955881744833554,43.43369006159196],[-2.8955625273768377,43.433672752416854],[-2.8954993432091607,43.433620836528597],[-2.8954775610576617,43.433607852980238],[-2.8954084586725539,43.433561605307212],[-2.8953452671590476,43.43351266168014],[-2.8952900283092835,43.43346210450698],[-2.895262478748553,43.433426067961378],[-2.8952407065026171,43.433407411601429],[-2.8952110921783452,43.433387217302695],[-2.8951656872809721,43.433364037968417],[-2.8949819123608709,43.43328608389433],[-2.8949305891005177,43.433268660949977],[-2.8947843435118203,43.433229723804352],[-2.8946242324872027,43.433195004865802],[-2.8945452040592961,43.433173234100906],[-2.8944721001745366,43.433143006408457],[-2.8944148947916424,43.433109822795885],[-2.8942983165420055,43.433062179943114],[-2.894268691433183,43.433047747308329],[-2.8942529233476626,43.433033328380894],[-2.8942311379305359,43.433021784395301],[-2.8942193472252744,43.433005927536456],[-2.8942095140198267,43.432977109744868],[-2.8942095667118508,43.432946859492723],[-2.8942294300638483,43.432890701179829],[-2.8942433246664572,43.432869107058139],[-2.8943067251929406,43.432797052087736],[-2.8943403352798471,43.43274522767301],[-2.8943621795132066,43.432722201076601],[-2.8943918696107196,43.432699180821388],[-2.8944175998778605,43.432667514473394],[-2.8944197274807424,43.432615660062481],[-2.8944177501242905,43.432581087619901],[-2.8944000822882745,43.432546499788721],[-2.8943428414993315,43.432475774032312],[-2.8943132428099805,43.432447027127033],[-2.8942085382153704,43.432367614997546],[-2.8941927853795906,43.43234455184384],[-2.8941789812304979,43.432314289667055],[-2.894165317337575,43.432260979938711],[-2.8941633702589598,43.432209121757772],[-2.8941733438711803,43.432157274608464],[-2.8942071177222815,43.43207087885812],[-2.8942090866178005,43.432052064170016],[-2.8941992333411819,43.432034859338088],[-2.8941735647397007,43.432030514372116],[-2.8941360604562445,43.432036241579432],[-2.8940568342446062,43.432070738829893],[-2.8939817104766137,43.432089394773527],[-2.8939204346792007,43.432112384729173],[-2.8938907710930004,43.432120999638656],[-2.8938334041188445,43.43212373686044],[-2.8938016991642859,43.432133880600809],[-2.8937819125218827,43.43214538606415],[-2.8937582650975964,43.432151035973192],[-2.8937324824046211,43.432153982571066],[-2.89356440908456,43.432188395982351],[-2.8934537520657644,43.432192614151617],[-2.8934260322948995,43.432195379687876],[-2.8933943297654721,43.432204081711895],[-2.8933132681047011,43.432238576735053],[-2.8932122243724478,43.432337964009818],[-2.8931271267212684,43.432408466454461],[-2.8930915417878342,43.432422838442363],[-2.8929966367112687,43.432450116771925],[-2.8929728787700033,43.432460177673569],[-2.8928897562140024,43.43250763501041],[-2.8926641802446706,43.432619777786456],[-2.8926345009550456,43.432637034783596],[-2.8925494188161203,43.432697454575589],[-2.8924880252484235,43.43272908607937],[-2.8924623105678067,43.432750668873595],[-2.8924601965916148,43.432793880830708],[-2.8924145988647578,43.432881795679641],[-2.8924066133675423,43.43290339513878],[-2.8924065725390067,43.432926441876837],[-2.8924243291459368,43.432968231820716],[-2.8924259585470966,43.433198617370309],[-2.8924417094601673,43.433223209710086],[-2.8925364503226372,43.433289561296881],[-2.8925878604163344,43.433314097076298],[-2.8926471190579539,43.433337200396288],[-2.892797178290702,43.433409454745195],[-2.8928327940176635,43.433435417211811],[-2.8928525266575154,43.433454161262638],[-2.8928682692690466,43.4334828946606],[-2.8928700769251829,43.433556449734937],[-2.8928877628996208,43.433638572965762],[-2.8928874910648643,43.433792702002897],[-2.8928932789710187,43.433861849543263],[-2.8929129812867593,43.433897880209038],[-2.8929327227962998,43.433912393083311],[-2.893043399287345,43.433957150392139],[-2.8930690381847324,43.433978782237553],[-2.8930768463449947,43.434000307362787],[-2.8930726872395733,43.434163164326314],[-2.8930666227759461,43.43419340895003],[-2.8930428563980239,43.434265409346999],[-2.8930150161745809,43.434337405926961],[-2.8929672041671686,43.434524710404595],[-2.8929433399962723,43.43459526998064],[-2.8929234914357052,43.434641345836987],[-2.8928899032558237,43.434678766395365],[-2.8928383955296333,43.434707436782517],[-2.8927809926878392,43.434729079085493],[-2.892674276713501,43.434749146141215],[-2.8925990657210909,43.434757717054815],[-2.892357883804479,43.434758930091668],[-2.8923044814999863,43.434764640829222],[-2.8922787824577938,43.434777580262846],[-2.892195594975413,43.43485951847385],[-2.8921837237735071,43.434888406011972],[-2.8921796937696285,43.434920092306797],[-2.8921835345318336,43.434994999950604],[-2.8921755536291394,43.435013808025118],[-2.8921458627949761,43.435036827694688],[-2.8920983394798934,43.435059829631385],[-2.8920707144529243,43.435066915239204],[-2.8920331093373624,43.435071200954027],[-2.8919263116367597,43.435078391838459],[-2.8918354219792604,43.435079656566337],[-2.891772159799618,43.435072483234073],[-2.8916378192267738,43.435040665920368],[-2.8915487734093674,43.435036259394131],[-2.8915072920368021,43.435041981964275],[-2.8914597813494103,43.435057781026153],[-2.891404430999692,43.435070602071427],[-2.8913095466438619,43.43508356650991],[-2.891246273130085,43.435082064748954],[-2.8912225551516837,43.435069077652088],[-2.8912028367390761,43.435041690913494],[-2.891179251820938,43.434955150572485],[-2.8911240743688738,43.434871550703569],[-2.8910944336343887,43.434865760562246],[-2.8909698155230887,43.434867081620027],[-2.8909302742447243,43.434871365126341],[-2.8908373135265162,43.434891442685327],[-2.8907186741689173,43.434911494732049],[-2.8906771798381632,43.434924419610404],[-2.8906296598863128,43.43494598023598],[-2.8905900704230461,43.434976281799415],[-2.890572308039093,43.434994990359215],[-2.8905247308648141,43.435048242780695],[-2.8904929590603086,43.435094305895859],[-2.8904652920987068,43.435124528787576],[-2.890447433635984,43.435138916022872],[-2.8903801343251949,43.435166220411084],[-2.8902574853123539,43.435206435293964],[-2.8902041669082967,43.435222138216105],[-2.8901625811933611,43.435229390946397],[-2.8901112196555254,43.435233661914964],[-2.8900301159749477,43.435232144147015],[-2.8899313307188241,43.435203238623338],[-2.8898621941779101,43.435177153838183],[-2.8897850903205176,43.43516132364973],[-2.889745563222573,43.435156964334617],[-2.8896961431677428,43.435158356480393],[-2.8896447725696159,43.435166948443381],[-2.8896151068846638,43.435175563137342],[-2.8895299668132921,43.435208521675264],[-2.8894192251688824,43.435256038925559],[-2.8892629241919447,43.435309182932116],[-2.8892233588576328,43.435326430362373],[-2.8891263719087039,43.435373870607357],[-2.8889977551186994,43.43544432863888],[-2.8888790636695778,43.435493277450924],[-2.8886831496752761,43.435589596987448],[-2.8885842573625431,43.435619750066763],[-2.8885348198069098,43.435629784117879],[-2.8884338950924819,43.435657053677467],[-2.8883686383919431,43.435681478364025],[-2.8882855078323222,43.435728931418176],[-2.8881964460557472,43.435787812401365],[-2.8881133230117157,43.435831034168686],[-2.8880915018333648,43.435839656141198],[-2.888032170946778,43.435855353065229],[-2.8880064903846541,43.435856857765827],[-2.8879551455328221,43.435851045553996],[-2.8878030507915415,43.435778872929198],[-2.8876726139597331,43.435729768141918],[-2.8875442627129955,43.435656177787095],[-2.8875047596382952,43.435638763140396],[-2.8873110609665549,43.435583923817219],[-2.8872755237677912,43.435570835111818],[-2.8872379593976683,43.435552161667552],[-2.8871965400459532,43.435524751939724],[-2.8870819777313859,43.435488626671955],[-2.8870364705400435,43.435466794677907],[-2.8869950860165128,43.435420748501002],[-2.8869535669890163,43.435391897881807],[-2.8868705764911087,43.435364447833024],[-2.886833091153985,43.435357207222232],[-2.8867856124669395,43.435355719523152],[-2.8866749384687878,43.435365692129238],[-2.8865721054935656,43.435377114010564],[-2.8865008747192924,43.435381363647764],[-2.8861290946188909,43.435421234720678],[-2.8860796595207217,43.435429828809802],[-2.8860361099171321,43.435451481523607],[-2.8859371337159456,43.435526376002329],[-2.8858758201613339,43.435566648245029],[-2.8858461254396612,43.435589664471621],[-2.8858143781213461,43.435621323766632],[-2.8857311549705384,43.435716310906642],[-2.8857054040933638,43.435755176981992],[-2.8855686409087857,43.435929244754618],[-2.8855032996415488,43.435998411488008],[-2.8854557538743464,43.436031583809374],[-2.8853805887123736,43.43606751979533],[-2.8853351117191828,43.43608475905193],[-2.88530738666848,43.436090492264128],[-2.8852085517726733,43.436088952391501],[-2.8851354208986475,43.436072943871032],[-2.8850919480502148,43.436054263788598],[-2.8850011701349447,43.435995022628312],[-2.8848589720996114,43.435917094125848],[-2.884780037892853,43.435844992021451],[-2.8847089556191872,43.435770015469302],[-2.8846359123913667,43.435709442134772],[-2.8845766846075933,43.435670490559872],[-2.8845134709216551,43.435637295044316],[-2.8844226200009206,43.435617037002075],[-2.884359353001992,43.435612560885239],[-2.884246661143882,43.435611096211794],[-2.8841082820696564,43.435615277270401],[-2.8840726249785371,43.435612268776069],[-2.8840252638166017,43.43560222766974],[-2.8839817795757963,43.435589219024664],[-2.8838929036943526,43.435548795407335],[-2.8838632715867631,43.435538682188955],[-2.8838217057743196,43.435535668515897],[-2.8837169590526188,43.435535561151688],[-2.883675476432761,43.43554137182349],[-2.8836418359416744,43.435549979123039],[-2.8835291124745339,43.435565709415663],[-2.8834479907042829,43.435572828485135],[-2.8833708511720015,43.435575540302324],[-2.8833466788783868,43.435588210052018],[-2.8832853452799152,43.435585266061445],[-2.8832497992361943,43.435576586451866],[-2.8832241507264751,43.4355620649782],[-2.8831945474919998,43.435537637319136],[-2.8831807231664466,43.435520337448423],[-2.883166918247265,43.435492954467051],[-2.8831611054096307,43.435442442839971],[-2.8831512742911358,43.435415063916338],[-2.8831355220937391,43.435393441758002],[-2.8830979634665246,43.435373145266503],[-2.883070264854799,43.435364564567166],[-2.8829399060004666,43.435331299504135],[-2.8828588318832993,43.435313840690213],[-2.8827560537318488,43.435296539656733],[-2.8827205116399068,43.435287859886287],[-2.8826631536877145,43.435283479835263],[-2.8826099000854626,43.435264608682687],[-2.8825466459340263,43.435253109943389],[-2.8824754317540169,43.43524871466542],[-2.8823074105201236,43.435248540964999],[-2.8822619639904796,43.435249933987343],[-2.8822342405890118,43.435254226653186],[-2.882129427257961,43.43528868926667],[-2.8820898794936114,43.435295851117672],[-2.8820581669185943,43.435308692008334],[-2.8820067557595714,43.435337538600969],[-2.8819276296539353,43.435366265613666],[-2.8818682678837018,43.435397893498106],[-2.8818405303729548,43.435409388674628],[-2.8817416365408528,43.435438094230904],[-2.8817040080242875,43.435453901258001],[-2.8816762676516015,43.435466836195381],[-2.8816525921964136,43.435485628193852],[-2.8816426691092238,43.435505783281087],[-2.8816445660341077,43.435525952402251],[-2.8816346345151898,43.435550428692103],[-2.8816147940883785,43.435587770116861],[-2.8815810716448089,43.435638241788475],[-2.8815730903602392,43.435655518371959],[-2.8815691701373254,43.435680001781151],[-2.8815669190795048,43.435789474958199],[-2.8815727869798664,43.435811087995745],[-2.881629998112718,43.435890372450679],[-2.8816398470382607,43.435907668393128],[-2.8816477397392575,43.435936486142211],[-2.8816417102035334,43.435998419373476],[-2.8816337204642406,43.436020018063608],[-2.881613914802744,43.436038813157218],[-2.8815842391324908,43.436051746067427],[-2.8815506024445297,43.43605747314755],[-2.8814477910763703,43.436057366609795],[-2.8813509066588221,43.436048622805117],[-2.881265926816154,43.436048533702987],[-2.8812263897267893,43.436049932449066],[-2.8812046700545979,43.436058552311948],[-2.8809789040762741,43.436249897883187],[-2.8809353167655121,43.436290185018905],[-2.8809036048405985,43.436301674927726],[-2.8808541723531769,43.436308826055111],[-2.8807711158542775,43.436314500504771],[-2.8806861114047129,43.436327375481383],[-2.8806188517064575,43.436331627397891],[-2.8804924007580599,43.436331494419861],[-2.8804627574968387,43.436327141325293],[-2.88041132707554,43.436314122117302],[-2.8801958339464622,43.436306603896831],[-2.8800654632731466,43.436279097465857],[-2.880010046346599,43.436271927656847],[-2.8799547423259129,43.436258905079356],[-2.8798835613485481,43.436237222475633],[-2.8798421249027797,43.43621989409764],[-2.8796939674513573,43.436169320889064],[-2.879674228199685,43.436154895781776],[-2.8796426258283043,43.43611164860679],[-2.8795953451616927,43.436061182296285],[-2.8795716664329007,43.436029467275347],[-2.8795539209987839,43.435986054578805],[-2.8795441340995769,43.435937158478517],[-2.8795343016749402,43.435911219949261],[-2.8794555065723308,43.435772851830819],[-2.879421961362068,43.43573248395235],[-2.8793982558711808,43.435713732501704],[-2.8793272183598644,43.435671884344728],[-2.8792876986515386,43.43566464001475],[-2.8791137499045778,43.435621152298957],[-2.8790367727566664,43.435593701122215],[-2.8790170480178299,43.435572163338854],[-2.8790072115531977,43.435549015222357],[-2.8790052226104499,43.435524615692515],[-2.8789854781712774,43.435512980923228],[-2.8789518602217359,43.435508714174745],[-2.8788214470749494,43.43550425304241],[-2.8787897840357628,43.435491255849271],[-2.8787681206752076,43.435470975683529],[-2.8787523714407075,43.435449262880944],[-2.8787305891667119,43.435437805994923],[-2.8786673587781837,43.435414691258366],[-2.8786278279824038,43.435413117660396],[-2.8785666033397335,43.435405940986719],[-2.878503331234882,43.435404343033063],[-2.8784696754960013,43.435420241459816],[-2.8784537680471098,43.435476403014114],[-2.8784318920786123,43.435512391063128],[-2.8784082172539573,43.43552974078564],[-2.8783389569191455,43.435567118227937],[-2.8782775600701145,43.435595862474479],[-2.8782419710009646,43.435610228927999],[-2.8781845756930764,43.435624481199412],[-2.8781094296909702,43.435648979540439],[-2.877998614811395,43.435677669151211],[-2.8777949423222067,43.435722105406036],[-2.8777613083620355,43.435726390670666],[-2.8776189622765957,43.435726237523518],[-2.8775932945456679,43.435721888839616],[-2.8775360091812634,43.435681494093345],[-2.8775202503841917,43.435664101423342],[-2.8775083794633729,43.435639690383191],[-2.8775124810878219,43.435576314597334],[-2.8775303694985421,43.435547435030855],[-2.8776213443072733,43.435504409445684],[-2.8776510304947709,43.43548715546126],[-2.8776728880210647,43.43546116152698],[-2.8776709346200842,43.43541938531763],[-2.8776532307376432,43.435406402741208],[-2.8776255359694587,43.435396289078625],[-2.8775662648642402,43.435381820394618],[-2.8775149284690742,43.435373122995884],[-2.8773113490713591,43.435321047514563],[-2.8771552500752677,43.435269022685141],[-2.8771078919329862,43.435258797728288],[-2.8770465733774646,43.435248737830733],[-2.8770070442291562,43.435245814814827],[-2.8768844696848994,43.435244241312354],[-2.8766235632412007,43.435223792064399],[-2.8765485005172735,43.435207866010316],[-2.8764654580837594,43.435207776332916],[-2.8764179521610274,43.435219247937226],[-2.8763268976556153,43.435250839592086],[-2.8762557864939176,43.435246440552312],[-2.8762280656072625,43.435249291960865],[-2.8761924808966812,43.435260776373575],[-2.8760876435645621,43.43530531655194],[-2.8760341816934116,43.435339829209191],[-2.8758876213556892,43.435457787276633],[-2.8757945502612325,43.435528358171801],[-2.8757233091106329,43.435587338839461],[-2.8756519433804169,43.435656403355459],[-2.8756024653128529,43.435685157323825],[-2.875337342385508,43.435782819387519],[-2.8753057428213653,43.435788546851732],[-2.8752681449656654,43.43578850494827],[-2.8752286185150009,43.435784139716205],[-2.8751613989605249,43.435769571970532],[-2.8751357506999233,43.435755229672189],[-2.875129898180004,43.435727854405044],[-2.8751318805686115,43.435704809805337],[-2.8751894443649566,43.435608361674433],[-2.8752231642716257,43.435562303141431],[-2.8753538122595059,43.43545288186575],[-2.8754251473030927,43.435398222741483],[-2.8755518388135743,43.43533066019031],[-2.875623047378951,43.435287523736577],[-2.8756883767643981,43.435229887362254],[-2.8757161210649591,43.435215603221003],[-2.8757121917098374,43.43519390194384],[-2.8757004187441928,43.435170931524866],[-2.875680701407942,43.43514642262047],[-2.8756372795204679,43.435104601285367],[-2.8756234605831854,43.435085769757563],[-2.8756056557310719,43.435072876797655],[-2.8754693431535379,43.435062643508061],[-2.8753249753992254,43.435056724287641],[-2.8751628634694373,43.435056546532294],[-2.8751430723498688,43.435068048759291],[-2.8751450726227596,43.43508677649762],[-2.8751528790717193,43.435105511475271],[-2.8751627272619364,43.435122807076468],[-2.8751772653083272,43.435138578848537],[-2.8751993255439712,43.435162911209062],[-2.8752021721178997,43.43516606495578],[-2.8752317387246014,43.435207870439214],[-2.875243612656019,43.435230931060438],[-2.8752475420310089,43.435252542309534],[-2.8752355733954924,43.435275576018341],[-2.8751841680972245,43.435300008293531],[-2.8751604090592595,43.43530862478358],[-2.8751267763814967,43.43531290837462],[-2.8750950875719687,43.435312873767053],[-2.8750654405038985,43.435311401577522],[-2.8750418303748964,43.435296880495173],[-2.874994380264281,43.435281073634499],[-2.8749153354229553,43.435269372423498],[-2.8748480866431589,43.435269298845867],[-2.8748165108713635,43.435263591511763],[-2.8747829227440236,43.435246268988578],[-2.8746131168205964,43.435123643774688],[-2.8745282322910746,43.435077456236705],[-2.874500533477915,43.435070222320597],[-2.8744708870497937,43.435067309273258],[-2.8744392860357122,43.435074476301082],[-2.874383806752792,43.43509890284367],[-2.8743265133956797,43.435113244236383],[-2.8738994388698975,43.435132938556308],[-2.8738006250415298,43.43512274552188],[-2.8736819699733771,43.435098125244942],[-2.8733657980135119,43.435048798820496],[-2.8732985885495577,43.435029998820802],[-2.8732393115877728,43.43501840929553],[-2.8731978467526065,43.435015391872696],[-2.873077207217253,43.435015258039712],[-2.8730336894277966,43.435019619187138],[-2.8730100357625616,43.435026795543919],[-2.872952608222719,43.435055541341754],[-2.872867585799701,43.43507705291448],[-2.8728279405659451,43.435081330045577],[-2.8726777510741113,43.435081162025291],[-2.8726263011876192,43.435078133277621],[-2.8725907532089283,43.435072421804769],[-2.8725354652086565,43.435053633737837],[-2.8723951719576588,43.434998738616677],[-2.8723695109646434,43.434991508259102],[-2.8723398659159667,43.434988593760387],[-2.8721362935031967,43.434984044210594],[-2.8716519640183398,43.434951808853327],[-2.8711438309836765,43.434949794914424],[-2.8711082057481438,43.434980003254452],[-2.8710369974049419,43.435021695294289],[-2.8709795762936436,43.435047559600243],[-2.8709162512972313,43.435070534003664],[-2.8708114913403286,43.43507761832511],[-2.8706987654587737,43.435093335068331],[-2.8705286721772523,43.435108986764796],[-2.8704634611230597,43.435108912915773],[-2.8704218991650907,43.435104542815729],[-2.870388294538794,43.435094421603843],[-2.8703607190548395,43.435077105496468],[-2.8702502234852809,43.434954540122824],[-2.8702227129404005,43.434906883722419],[-2.8702029796217423,43.434890927136237],[-2.8701752738235076,43.434886663617114],[-2.8701040455810851,43.434889463240154],[-2.8700684999913015,43.434882220237462],[-2.8700508040588275,43.434866355083386],[-2.8700251193481727,43.434823021922185],[-2.870001547664037,43.434743859938507],[-2.8699878514206882,43.434716476387202],[-2.8699700560884227,43.434699169502352],[-2.8699423444162302,43.434697697284747],[-2.8698178207728446,43.43470331661257],[-2.8697486364304852,43.434703237832764],[-2.8696814148756262,43.43469019670917],[-2.8696458801591831,43.434678541430053],[-2.8695965206757337,43.434651117173658],[-2.8695491046686343,43.434620903748076],[-2.8695234720311955,43.434600707344423],[-2.8694622992239767,43.434570297197233],[-2.869446447514731,43.434550202885127],[-2.8694505328968325,43.434498261149571],[-2.8694743560111875,43.434459485670502],[-2.8694823622494185,43.43443212592593],[-2.869470495186293,43.434407534863354],[-2.8693934461756996,43.434368554173709],[-2.8693599800039546,43.434342587768505],[-2.8693067061241639,43.434287788229497],[-2.8691961024257484,43.434217078956166],[-2.8691763923649831,43.434191128230395],[-2.8691724807346293,43.434162314167054],[-2.8691844421399066,43.434143602293481],[-2.8692120726982373,43.434134992371632],[-2.8692378603170354,43.434130700648524],[-2.8693050065021319,43.434130777407908],[-2.8694117448847969,43.434151066508953],[-2.8694453692662067,43.434151104901076],[-2.8694730992533306,43.434143933933356],[-2.8695047158421993,43.434129565672237],[-2.8695621602221206,43.434092180094524],[-2.8695660779500405,43.434070488452988],[-2.8695266252509017,43.434033080574835],[-2.86951485318595,43.43401145927583],[-2.8695149057985043,43.4339869718603],[-2.8695406124384863,43.433972596845216],[-2.8695662943146294,43.433969746532298],[-2.8695959665708055,43.433959696340665],[-2.8696317056471039,43.433923725777781],[-2.8697029256009743,43.433877622460315],[-2.869718758095896,43.43385882489649],[-2.8697188011630161,43.433838748726785],[-2.8697169125749125,43.433817139607655],[-2.8696912542586923,43.433808467045679],[-2.8695963131744731,43.433798275689739],[-2.8695647555604116,43.433785275158627],[-2.8695529791976653,43.433765095462796],[-2.86955099140464,43.433741955478808],[-2.8695511025952083,43.433690189286835],[-2.8695610603357244,43.433655629136275],[-2.8695967090692998,43.43361389746152],[-2.869626497924552,43.433596645671763],[-2.8696541201346695,43.433592355945905],[-2.8696858068041444,43.433592392058635],[-2.8697470252732833,43.43360110513099],[-2.8697846322691873,43.433596826745919],[-2.8698341134286833,43.433566543638698],[-2.8698915414516262,43.433536449639767],[-2.869921235036665,43.433516317155629],[-2.8699330947656185,43.433497605085954],[-2.869939047763312,43.433477445592501],[-2.8699372411630226,43.433416943844598],[-2.8699254625377582,43.433350489647594],[-2.8699294822571253,43.433328977294416],[-2.8699473456517124,43.433313153460603],[-2.8699711017555809,43.433305887807556],[-2.8700007487609405,43.433307451362154],[-2.8700264118389502,43.433313243351783],[-2.870089686039107,43.433313316149935],[-2.8701271902814263,43.43330903663481],[-2.8701351745102532,43.433291760846785],[-2.8701352545931873,43.433254308917064],[-2.8700879566880144,43.433169267120014],[-2.870074237954821,43.433151965778215],[-2.8700170093457196,43.433088520537986],[-2.8699340605292285,43.433046652087945],[-2.8699183015079281,43.433030699067274],[-2.8699143924899739,43.433000535266032],[-2.8699341931771571,43.432984712736648],[-2.8699954733494306,43.432963176348174],[-2.8700231996459364,43.432957445946094],[-2.870129989807189,43.43295324695945],[-2.8701636400062602,43.432940320626912],[-2.8701913037465472,43.432915864551781],[-2.8702034353342891,43.432817837455588],[-2.8702034999809363,43.432787588129159],[-2.8701779836643939,43.43271265511666],[-2.8701601950197375,43.432692468654025],[-2.8699883658372727,43.432618809186195],[-2.8699488759565868,43.432598506171331],[-2.8698540939480495,43.432514941906582],[-2.86980479294711,43.432461587808504],[-2.8697317766094437,43.432396684638],[-2.8696687777800554,43.432315946883342],[-2.8696450794960073,43.432297012419909],[-2.8696194309128735,43.432284109580593],[-2.8695917203512011,43.432282637278824],[-2.8695362728681708,43.432340282374348],[-2.8695164784764735,43.432353224334278],[-2.8694946280613913,43.432374806373424],[-2.869474810123255,43.432399270337271],[-2.8694510379867104,43.432413557506003],[-2.8694135080438334,43.432429450653736],[-2.8693877211600034,43.432433742418688],[-2.8693561612000136,43.432422182529308],[-2.8693128324043409,43.432340025443366],[-2.8692792931203868,43.432300915190105],[-2.8692517004227978,43.432292330360156],[-2.8692001738936468,43.432325492292797],[-2.8691606203422872,43.432335529278738],[-2.8690993870757171,43.432335459203294],[-2.8690756718097874,43.432323908215601],[-2.8690461060607091,43.432284892487061],[-2.8690342474819839,43.432256069308771],[-2.8690364060581559,43.432199894189857],[-2.8690482689077612,43.432179741506161],[-2.8690779579623098,43.43216095899151],[-2.8690998156978322,43.432136586573954],[-2.8690999276548492,43.432084640280628],[-2.8690742326204024,43.432045808176049],[-2.8690368117127778,43.432011194708515],[-2.8690012084392427,43.431985134795816],[-2.8689677205631079,43.431969341419112],[-2.8688787275800403,43.431943311225147],[-2.8687958220691572,43.431928810885751],[-2.8687641723834267,43.431911488809106],[-2.8687463794538717,43.431894182628675],[-2.8687425634557986,43.431868160014965],[-2.8687426691030602,43.431819274310286],[-2.8687248930078808,43.431794766420779],[-2.8687011906768367,43.431777362504633],[-2.8686617048854481,43.431755620142837],[-2.8685077060361888,43.431683419620519],[-2.8684346075792369,43.431657497398895],[-2.8683575483459793,43.431625717706275],[-2.868300269866761,43.431586759919313],[-2.8682391300641008,43.431543385494862],[-2.8682352001034146,43.431523302938956],[-2.8682352907275415,43.431481529796052],[-2.8682472550146367,43.431461378210237],[-2.8682709047259953,43.431455643534647],[-2.8683698485417257,43.431449995546018],[-2.8684567580070159,43.431450096450327],[-2.8684963031716455,43.431444290867702],[-2.8685240351523085,43.431435679423601],[-2.8684727597366058,43.431353604713891],[-2.8684294262302843,43.431321864753066],[-2.8684076482341467,43.431308874248039],[-2.8683641718533033,43.431295770520762],[-2.868261237181005,43.431356240845858],[-2.8682414315793761,43.431374942694021],[-2.8682157213701105,43.431390759025284],[-2.8681841246608069,43.4313964845295],[-2.8681505143141779,43.431390683862439],[-2.8681129523625728,43.431374794591989],[-2.8680793701936107,43.43135602939023],[-2.8680557830863149,43.431332955396357],[-2.8680439126444264,43.431309894017531],[-2.868040004861848,43.431279640100612],[-2.8680400488712499,43.431259383835432],[-2.8680560367476491,43.431216188328712],[-2.8681074746134976,43.431175916021822],[-2.8681094607511488,43.431152870629681],[-2.8681056480048266,43.431125497333916],[-2.8680721078867846,43.431088005710095],[-2.8680404776220838,43.431062041022102],[-2.8680188069097698,43.431047521617749],[-2.8679891900834895,43.431033172224453],[-2.8679654649060318,43.43102594310853],[-2.8678883628557776,43.431014329319758],[-2.867803443396109,43.430989743696117],[-2.8677757347074846,43.430988270055785],[-2.8677500464978962,43.43099400227198],[-2.8676650078613148,43.431024154205694],[-2.8676392976548852,43.431039968607472],[-2.8675639087342009,43.431130629551149],[-2.8675362732213214,43.43114203134067],[-2.8675085756048113,43.431134886672247],[-2.8674968079570471,43.431111826255382],[-2.8674949907255054,43.431010901842328],[-2.8674990268612834,43.430982186958644],[-2.8675108795167366,43.430966265589809],[-2.8675327267893542,43.430946214670179],[-2.8675386960392202,43.430918852685288],[-2.8675328430276914,43.430892917711397],[-2.8675071812089752,43.430887126061805],[-2.8674774201332118,43.430891413693125],[-2.8674418614799744,43.430891371580017],[-2.8674122199072025,43.430888455806119],[-2.8673371618239374,43.430873963504986],[-2.8673094425200154,43.430876812755834],[-2.8672559921675234,43.430905559428311],[-2.8672263336164332,43.430909846212849],[-2.8671354514495482,43.430909740658414],[-2.8671037744041752,43.430905381734327],[-2.8670722219779612,43.430890940710164],[-2.8670525097115394,43.4308663393617],[-2.8670485801826096,43.43084625856411],[-2.8670467399316109,43.430803042467069],[-2.8670507781568664,43.430726613239059],[-2.8670470333634439,43.430668990574169],[-2.8668256332968238,43.430670172762298],[-2.866776072772387,43.430690279508916],[-2.8667365504498892,43.430685823099857],[-2.8667228393565716,43.430665729990849],[-2.8667228867660355,43.430644123967149],[-2.8667388151882727,43.430582202101476],[-2.866740804984075,43.430557716930046],[-2.8667330038336263,43.430537451520742],[-2.8667152180104725,43.430517353661678],[-2.8666935604554875,43.430497072098859],[-2.8666698537262119,43.430482730152278],[-2.8666303357518355,43.430476921249195],[-2.8666026229246655,43.430476888925583],[-2.8665710360326502,43.430478292780613],[-2.8665077160697265,43.43049982586296],[-2.8664740791192722,43.430506987418582],[-2.866359366362496,43.43050253220391],[-2.8663020722896313,43.430518309392376],[-2.866270373306643,43.430524034249174],[-2.8662427585988532,43.430525442658528],[-2.8662169945103857,43.430519650599472],[-2.8661676223473243,43.430500776316173],[-2.8660255173363534,43.430396896237241],[-2.8659979227864598,43.430389751322828],[-2.8659425997615693,43.430389686482684],[-2.8659109052281422,43.430393970539733],[-2.8659542852621982,43.430450199005016],[-2.8659779356353585,43.430490559273998],[-2.8659955167641633,43.430556841522055],[-2.8659639361755076,43.430555363805894],[-2.8659066328579961,43.4305293684316],[-2.8658809923779631,43.430513493304538],[-2.8658553648355967,43.430491766221415],[-2.8658237750516729,43.430448605245189],[-2.8657923384621244,43.430380866004285],[-2.8657726012123068,43.430367879191287],[-2.8657370517063994,43.430364956048351],[-2.8657013888635698,43.430366354877691],[-2.8656737519176021,43.430377845360596],[-2.8656519169817445,43.430392134020074],[-2.8656440342089726,43.430409500567457],[-2.8656418502587302,43.430475758747022],[-2.8656378323994289,43.430495830256824],[-2.8656239785036157,43.430540468643734],[-2.8656041709209519,43.430559260979926],[-2.865550710475917,43.430592328961303],[-2.8655150283598303,43.430602370141443],[-2.8654518340169139,43.43061381874886],[-2.8654240955958765,43.430625309951964],[-2.8653924371361006,43.430658402613112],[-2.8653706018316072,43.43067278216224],[-2.8653409383113795,43.430679858918367],[-2.8653093510878231,43.430681351568104],[-2.8652263200360855,43.430678373232979],[-2.8650701626296762,43.43066378293593],[-2.8649930583931238,43.430653608797741],[-2.8649654628134087,43.430646373589198],[-2.864904185145468,43.430620373020012],[-2.8648785429221419,43.430605937471391],[-2.8648666578042796,43.430590078369313],[-2.8648608636533521,43.430538215131357],[-2.8648353817510839,43.43045175619573],[-2.8648116808552579,43.430434443316194],[-2.8647839842842537,43.430427117900123],[-2.8647523993498232,43.430427080549677],[-2.8645208015659658,43.430570850841121],[-2.8644930711950951,43.430578109755821],[-2.8644199116799691,43.430580904453166],[-2.8643566673117333,43.430569304711142],[-2.8643211229561509,43.430563500623805],[-2.864279680723103,43.430551927604647],[-2.8641828804410663,43.430510038525462],[-2.8640623401646703,43.430469562752386],[-2.8640169516333716,43.430446461104019],[-2.8639577409905432,43.430407497936457],[-2.8639163259875549,43.430384400974852],[-2.8638787528558991,43.430374272219218],[-2.8638372959255936,43.430369901648817],[-2.8637147218999313,43.430372636147219],[-2.863651458481463,43.430369679324478],[-2.8636158117622288,43.43036387489569],[-2.863592186885894,43.430357994752285],[-2.8633788224262209,43.430275722484758],[-2.8633294596313235,43.430252615814709],[-2.8632899408914332,43.430246806656676],[-2.8631730541255243,43.430348848899605],[-2.8631414333288459,43.430364746164301],[-2.8630998037218478,43.430392064337127],[-2.8630780467575443,43.430416436636158],[-2.8630522781897798,43.430458268178327],[-2.8630284933455652,43.43047840596693],[-2.8628938621562963,43.430541624866613],[-2.8628146792252123,43.430594826100069],[-2.8627750736792748,43.430627909403256],[-2.8627474210220041,43.430646601786023],[-2.862717749259037,43.430656649306705],[-2.8626167516234129,43.430714145427721],[-2.8625890091588166,43.430727166687468],[-2.8625553651009152,43.43073720939271],[-2.8624070788344604,43.430755755740343],[-2.8623082708135117,43.430746993481293],[-2.8621896759655057,43.430746849725054],[-2.8619801318708586,43.430732190860631],[-2.861640162930263,43.430721696002486],[-2.8614642086651223,43.430721482080727],[-2.861308011358568,43.430724172361458],[-2.8612309674468621,43.430732722228576],[-2.8611992612990789,43.430741324380136],[-2.8611656159728227,43.430751277531257],[-2.8611399369188111,43.430752776201913],[-2.8611102714258863,43.430759942802574],[-2.8610429751584152,43.43078281688868],[-2.8609856792366166,43.430798683255261],[-2.8608313616820866,43.430825862658686],[-2.8607108021135419,43.430838679524982],[-2.8602500955963568,43.43087412697632],[-2.8600820866114969,43.43087392063714],[-2.859844825043365,43.430860664649494],[-2.8597558990147838,43.430851912296163],[-2.8595010301447039,43.430786777612695],[-2.8593904367593539,43.430763593099847],[-2.8592738614030089,43.430727438372273],[-2.8591908589661519,43.430712750859534],[-2.8591097840979129,43.430701217204344],[-2.8589556567098904,43.430690943175179],[-2.8587421221593527,43.430683475181702],[-2.8585484247692072,43.430688996776333],[-2.8583882386187689,43.430698790717372],[-2.8581945510275983,43.430700080553137],[-2.8579000257066465,43.430689630017788],[-2.8577556777688664,43.430679365622375],[-2.8576232278549649,43.430679200796284],[-2.8575876558289175,43.430684918423943],[-2.8575322808516761,43.430706365484589],[-2.8575105491792616,43.430719483044463],[-2.8574728788886019,43.430751126216101],[-2.8574035887227591,43.430798574108479],[-2.857395594650769,43.430818640368969],[-2.8573837381398954,43.430834560684602],[-2.8573263761024186,43.43083448913319],[-2.8572908276487028,43.430830123561265],[-2.8572611989074348,43.430821442350904],[-2.8572434064020391,43.430805485940127],[-2.8572316357376435,43.43078539411632],[-2.8572119115849857,43.430768084627708],[-2.8571921726628111,43.430756536137714],[-2.8571625507434804,43.430744975300399],[-2.8571032878416336,43.430730496010113],[-2.8570696743065001,43.430726131886722],[-2.8567652422825303,43.430725749183026],[-2.8567295938553343,43.430721383311337],[-2.8566743173260223,43.430700967684174],[-2.8566190618353593,43.430672178857037],[-2.8565617407744797,43.430654821210325],[-2.8564925712917404,43.430650413214259],[-2.8561999574806927,43.430650043835897],[-2.8560457851090328,43.430658491396407],[-2.8557394195492734,43.430656663722942],[-2.8554330019330516,43.43063466798899],[-2.8553381550789099,43.430631576592027],[-2.8551800695504648,43.430614179884699],[-2.8550911585259304,43.430599571957593],[-2.8549132830311614,43.430550370542932],[-2.8548540172004042,43.43053742083238],[-2.8548086331033518,43.4305128748302],[-2.8547612485773515,43.430473921916487],[-2.8547276653851807,43.430458034201088],[-2.8546249569111106,43.430418919992377],[-2.8545598219169666,43.430388677804423],[-2.8544768426041482,43.430365523654892],[-2.8543761234699838,43.430346579829035],[-2.854202900037754,43.430281841621181],[-2.8541825122041105,43.430274308650432],[-2.8536372232690521,43.430148288681067],[-2.8536134331935905,43.430169865210885],[-2.8535797854944951,43.43017990617205],[-2.85355014841545,43.430175547005561],[-2.8535007825069649,43.430155315699182],[-2.8534139389717246,43.430129187073405],[-2.8533132219462258,43.430067206638995],[-2.8532836095167422,43.430052673352733],[-2.8532401391230362,43.430038303263629],[-2.8531097020880027,43.430006445674422],[-2.8530465548354487,43.429997721212402],[-2.8529240079925815,43.429990361042016],[-2.852427839820812,43.429986837725821],[-2.8523427765168163,43.429982405807685],[-2.8521392131928165,43.429982141886384],[-2.8520343678537197,43.429984885886213],[-2.8518129384403288,43.429999002619887],[-2.8514868188850122,43.429994256543374],[-2.85137608641163,43.429988350762187],[-2.8511704844780343,43.429988082466977],[-2.8510637902202283,43.42999658509234],[-2.8507096904433515,43.430059501808763],[-2.8505535898615113,43.430065058938034],[-2.850482348673137,43.430075048952666],[-2.8503794884802502,43.43009940101134],[-2.8503003628601205,43.430125136511975],[-2.850237032671139,43.430149630226474],[-2.8501222972773266,43.430195664425831],[-2.8500094625721077,43.430257455116781],[-2.8498986039448191,43.430301962525505],[-2.849849096714995,43.430339349571447],[-2.8497797478592761,43.430408310605777],[-2.8497658520571969,43.430424227453592],[-2.8497579530395449,43.430445824055482],[-2.8497400554951549,43.430473168540303],[-2.849720236121319,43.430494749475983],[-2.849619255372331,43.430582484450447],[-2.8495518834072531,43.430634252224365],[-2.8494865189237459,43.430697545541683],[-2.8494428397688472,43.430768069999068],[-2.8494090527837423,43.430834376294406],[-2.8493634814636981,43.430887613366345],[-2.8492485440551389,43.430973888916732],[-2.8491436407737898,43.431040011315694],[-2.8490327478604387,43.431097482379663],[-2.8488725073432155,43.431169292482004],[-2.8488249348641217,43.431206681635508],[-2.8487912270890732,43.431241297736122],[-2.8487337594182662,43.43128299498197],[-2.8487120083780626,43.431303042435339],[-2.8486643507933893,43.431375002029505],[-2.8485770175253329,43.431544949958969],[-2.8485472534163634,43.431590914959287],[-2.8485114898870263,43.431632730877496],[-2.8484501411334429,43.431678744051325],[-2.8483788257920764,43.431717541353045],[-2.8482521614838729,43.431806681750217],[-2.8481946759180863,43.431855670465509],[-2.8481807471895029,43.431884460672791],[-2.8481746250940931,43.431969439734324],[-2.8481507951175407,43.432005419416157],[-2.8481210929297296,43.43202689690127],[-2.8480636755175364,43.432048515846269],[-2.8480043030089401,43.432078687250055],[-2.8479706149044568,43.432104570656456],[-2.8479507919976017,43.432127591979373],[-2.8479507451189616,43.432146317479891],[-2.8479369393869942,43.432166375346554],[-2.8479131594646683,43.432182278820598],[-2.8478340202742238,43.432212422944701],[-2.8478062705828444,43.432226790365036],[-2.8477864646148787,43.432242519013172],[-2.8477706221518777,43.43226275423654],[-2.8477705641586692,43.432285891880611],[-2.8477348672917131,43.432300247803553],[-2.8476596664361682,43.432343361593503],[-2.8476082178853548,43.432382094829713],[-2.8475547458349864,43.432415243514036],[-2.8474833241568875,43.432495813348361],[-2.8474733287281682,43.432540454664583],[-2.8474554693465275,43.432592287213225],[-2.847451256972501,43.432687351905649],[-2.8474410769577769,43.43280545540992],[-2.8474290908021223,43.432831458547611],[-2.8474132434393487,43.432853043473109],[-2.8473618821917923,43.432857296143823],[-2.8473302021702596,43.432854282400676],[-2.8473005808846201,43.432842809958515],[-2.8472808444142066,43.4328312597654],[-2.8472552116938856,43.432813849730678],[-2.8471881567917627,43.432737325353933],[-2.8471724251301835,43.43271290599494],[-2.8470540490334439,43.432624879146616],[-2.8470223580353444,43.432626277462028],[-2.8469966650221328,43.432633354768242],[-2.8469690196604405,43.432646371463086],[-2.8468502217929545,43.432685105154469],[-2.8468007519497718,43.432706644962416],[-2.8467077751882748,43.432728126437176],[-2.8466603429400203,43.432749579771922],[-2.8465040243282962,43.432798435061834],[-2.8463932165599548,43.432819982389312],[-2.8463576471123617,43.43282425581986],[-2.846290396242229,43.432825605250336],[-2.8462588334292578,43.432816829449244],[-2.8462410539503296,43.432796639279744],[-2.8462273725150267,43.432767811289622],[-2.8462254590620573,43.432718832857077],[-2.8462176715507432,43.432695775610078],[-2.8461505826045395,43.432633745869374],[-2.8461052225976675,43.432600463982602],[-2.8460557788062721,43.432571676982022],[-2.8460044712509029,43.432554323044968],[-2.8459392849359917,43.432545591015668],[-2.845846362957793,43.432545465793808],[-2.8457593253142224,43.432555341522303],[-2.8456624148701439,43.432561062734436],[-2.8455042455533319,43.432576693308668],[-2.8452590723660922,43.43258788385387],[-2.8452195293947331,43.432592150653335],[-2.8451483526346939,43.432615101969859],[-2.8450830246440186,43.432622215213073],[-2.8450296467992628,43.432617820776024],[-2.8449665227366041,43.432598919610811],[-2.8449407853246123,43.43258312970773],[-2.8449092593862644,43.432560039280695],[-2.8448205133969111,43.432480692727474],[-2.84474940835943,43.432435942470164],[-2.8447197919154612,43.432422846771459],[-2.844646743295153,43.432381064364144],[-2.8445915094206518,43.432344977095823],[-2.8444889125051107,43.432264081609915],[-2.8444691939673876,43.432245328330659],[-2.8444455252506908,43.432217928146478],[-2.8444278847644981,43.432183332633613],[-2.8444141460548527,43.432137219488041],[-2.8444022905842345,43.432111275170627],[-2.844376678452011,43.432086752836767],[-2.8442878526037441,43.432039095862173],[-2.8441970155620688,43.431981262899995],[-2.8441789981671035,43.431968445791206],[-2.8441118544861119,43.43192068135378],[-2.8440490385679089,43.431875997783301],[-2.8440135361031222,43.431854341488211],[-2.8438990622769644,43.431796476944186],[-2.8438338199799063,43.43177054792217],[-2.8437409797231505,43.431738640948808],[-2.8436976022879694,43.431728407589901],[-2.8436362854599553,43.431721212085492],[-2.8435473395146365,43.43172109043222],[-2.8435057583330825,43.431725353851306],[-2.8434524455783161,43.431735364016276],[-2.8432248851084618,43.431792759713787],[-2.8431379281210405,43.431811366032456],[-2.8430904049511341,43.431828585694113],[-2.8430626543165793,43.431842951962878],[-2.8430349900932224,43.431863080263113],[-2.8429992216101811,43.431904804403914],[-2.842959429384047,43.432005582007505],[-2.84292369502456,43.43207323435773],[-2.8428958920750422,43.432107766781193],[-2.8428226633341733,43.43217536668196],[-2.8427612046845643,43.432222817352567],[-2.8427097789982141,43.432251555327234],[-2.8424563805039904,43.432370763409644],[-2.8424325878590389,43.432390986939879],[-2.842378974898923,43.432477340041068],[-2.8423512877245605,43.432506111470651],[-2.8422997415886098,43.432542050816728],[-2.8422601560516711,43.43256216248659],[-2.842234458535156,43.432570770365956],[-2.8422027562334451,43.432576487643757],[-2.8420742458958332,43.432587833181309],[-2.8419734630298832,43.432593455875228],[-2.8418626780161436,43.432606265472167],[-2.8417064049751923,43.432636297762343],[-2.8416055719219782,43.432660646523757],[-2.8414057631530327,43.432702050086071],[-2.8411980625720017,43.432760909985234],[-2.8411307817553308,43.432773691033631],[-2.841065551679113,43.43278233196591],[-2.8409884148791149,43.432785106143562],[-2.8406425309979384,43.432774539738993],[-2.8405832272545051,43.432775896887328],[-2.8404644931902552,43.432788694948172],[-2.8403755444620158,43.432788569923311],[-2.8403439671419668,43.432785645332665],[-2.8403143401170472,43.432776870593521],[-2.8402294453358192,43.432707699035817],[-2.8401288327326735,43.432648499430968],[-2.8400971986925847,43.432628198892317],[-2.8400597835902901,43.43259798631437],[-2.8400222472384202,43.432574886134056],[-2.839964945803938,43.4325516691394],[-2.8398820664141429,43.432530035297525],[-2.8398050122358756,43.432501117788462],[-2.8396746618994206,43.432437554005794],[-2.8395700731517035,43.432379698092539],[-2.839467435478821,43.432316263891394],[-2.8394042895693183,43.432268549128288],[-2.8393608858955464,43.432229596337493],[-2.8392662125258634,43.432160321178159],[-2.8391774020340881,43.432108339042529],[-2.8390984100318981,43.432080858134626],[-2.8390568664639635,43.432070716540849],[-2.8389797686730671,43.432059083269877],[-2.8387881848382488,43.431995432235773],[-2.8384266471214641,43.431934421389812],[-2.8382705160457591,43.431911152108832],[-2.838017486772912,43.431889187007982],[-2.8377170304248835,43.431885877815866],[-2.8375015286969711,43.43188989120911],[-2.8373888298268541,43.431894052225381],[-2.8372424897926671,43.431905366979976],[-2.8370448027641402,43.431915167685752],[-2.8368332886706096,43.43191342448285],[-2.8366929317293539,43.431897377277856],[-2.8364440555258144,43.431846605028653],[-2.8363472285886435,43.431821888075945],[-2.8360767436263439,43.431699060555481],[-2.8360530507056545,43.431681650787539],[-2.8360293378698893,43.431671622798525],[-2.8358693244059778,43.43161521475848],[-2.8357488698138402,43.431586232213476],[-2.8356816537455645,43.431576051615984],[-2.8354899217537612,43.431568482387632],[-2.8354247455825852,43.431556955713511],[-2.8352408538088283,43.43155236790421],[-2.8351737327954876,43.431543628750589],[-2.8351164261317754,43.4315233789685],[-2.8350868161237108,43.431508841878426],[-2.8350690211893039,43.431495851670235],[-2.8350218995702554,43.431402243219942],[-2.8349982068210466,43.431384924177365],[-2.8349744906060126,43.431376246625305],[-2.8349171609191495,43.431364549995784],[-2.8348578777699691,43.431358792524662],[-2.8347155473482153,43.431357144391384],[-2.8346819324066326,43.431354215291627],[-2.8346543374526996,43.431348414376536],[-2.8345890880735412,43.431326712139978],[-2.834541774056837,43.431303596012803],[-2.8344844469676307,43.431290548508919],[-2.8342334040428105,43.431288743278131],[-2.8340613694602044,43.431307218439386],[-2.8339348200374248,43.431309915248335],[-2.8337806035624897,43.431332737975971],[-2.8336698494656529,43.431334016744195],[-2.8335314689477245,43.431341016212478],[-2.8334899189219001,43.431333753996086],[-2.8334367048683,43.4313077474106],[-2.8333932385452942,43.43129327884229],[-2.8333516846158751,43.431287457275083],[-2.8333180460649139,43.431293169269438],[-2.833290384060291,43.43131185451189],[-2.8332427991769418,43.431350677867641],[-2.8331933085544176,43.431377973683169],[-2.8331735040303063,43.431392350043687],[-2.8331536428666482,43.431426891687202],[-2.8331318732863724,43.431451347407609],[-2.8330763570127231,43.431484396299169],[-2.8330506613819644,43.431491561413971],[-2.833017031844733,43.431494392822984],[-2.8329894449104982,43.43148571010785],[-2.8329657435548463,43.431471270241225],[-2.832934088507149,43.431459700160417],[-2.8328748346844548,43.431443768525469],[-2.8327444167045153,43.431445017658142],[-2.8326988587268502,43.431450712036458],[-2.8326454379278858,43.431462157710421],[-2.8326197263797184,43.43147508372455],[-2.8325959362720821,43.43149377446548],[-2.8325840468268848,43.431519685249199],[-2.8325739612004783,43.431593133835264],[-2.8325401543660962,43.43165934506078],[-2.832506413482625,43.431702510494503],[-2.8323995079451003,43.431785989491374],[-2.8323163512999749,43.431828989688512],[-2.8322570122502073,43.431843397956023],[-2.8322173794837182,43.431843339814215],[-2.8321601748429099,43.431823088701591],[-2.8321285026075729,43.431817279392313],[-2.8321028320999466,43.431815711857439],[-2.8320277253442483,43.43182145352548],[-2.831954566892299,43.431822784947734],[-2.8319308429698795,43.431816988163817],[-2.8319151032228711,43.431798239467042],[-2.8319072279237036,43.431772299703724],[-2.8318855853043683,43.431750660915995],[-2.8318539435165189,43.431734769341645],[-2.8318243344408551,43.431720140464336],[-2.8317650951321944,43.431698536400894],[-2.8317236276725581,43.431698475388878],[-2.8316801095835773,43.431702732558151],[-2.8316207520297771,43.431724251248255],[-2.8315375864256644,43.431770313264849],[-2.8313771302252708,43.43187522933377],[-2.8313355241713158,43.431924142941014],[-2.8313156337818022,43.431968768252965],[-2.831301726274543,43.431987473300033],[-2.83126014656475,43.432027744489005],[-2.8312264713803041,43.432046421257112],[-2.8311967949791237,43.432056460588861],[-2.8311611143656648,43.432063609638462],[-2.8311215737786974,43.432066341718262],[-2.831040574475336,43.432066222072265],[-2.8310069643181768,43.43206194033835],[-2.8309654301426903,43.432048914409336],[-2.8308884981944935,43.432014230052438],[-2.8308253270033683,43.431978124396167],[-2.8307110058242646,43.431869920354018],[-2.8306636666212999,43.43181943369504],[-2.8306301721321305,43.431773288736331],[-2.8306064968147191,43.431750116847397],[-2.8305867664143145,43.431737213119519],[-2.8305038349001679,43.431699548159791],[-2.8303933917921369,43.431625921061105],[-2.8303281705800232,43.431594132401585],[-2.8302886742824129,43.431581110149814],[-2.8302392880603389,43.431570953713042],[-2.8301701154708576,43.431567968696022],[-2.8299467835963243,43.43156619610528],[-2.8299131740435124,43.431561824906829],[-2.8298696975163513,43.43155167529909],[-2.8298144250118544,43.431532777448034],[-2.8297670151292795,43.43150830854281],[-2.8297176936681701,43.431475105198281],[-2.8296545075747574,43.431444760789702],[-2.8295873066411854,43.431428725569091],[-2.8294628465185276,43.431412784121903],[-2.8293403352031277,43.431392344144584],[-2.8292671800237867,43.431392234948476],[-2.8291980155346317,43.431386458889818],[-2.8290005033275882,43.431334305537504],[-2.8289570189973561,43.431327038781831],[-2.8286980687765619,43.431310714278112],[-2.8286209371181972,43.431312129461098],[-2.8285596887365938,43.431317798675252],[-2.8284528742861719,43.431330602136839],[-2.828292579662353,43.431376455124237],[-2.8282372028834466,43.431395096626062],[-2.8280492878671883,43.431443789193061],[-2.8279028372696362,43.431493894519733],[-2.8278256535150827,43.431514034651691],[-2.8276970994572173,43.431539768317869],[-2.8275546637325837,43.43157556404158],[-2.827469653522714,43.431588400362379],[-2.8273649151052673,43.431588241394792],[-2.8272205240013872,43.431593784347271],[-2.8268962286244936,43.431626422026916],[-2.8268269932960384,43.431645043667039],[-2.8266369494890209,43.431725510838277],[-2.8265558108049347,43.431774361868968],[-2.8264924439452157,43.431807306510841],[-2.8264429290890063,43.431841891133367],[-2.8263676052744287,43.431923793422229],[-2.8263279170079723,43.431978560081554],[-2.8263079865419489,43.432000046739624],[-2.8262308081470198,43.43205331571108],[-2.8261911722817854,43.43208926679538],[-2.8261713399010739,43.432112284327246],[-2.8260859274732169,43.432230270652511],[-2.8260482514342455,43.432293683600527],[-2.8259688429214309,43.432413119671899],[-2.8259329922222829,43.432479326723282],[-2.8259011638980138,43.432564264546293],[-2.8258792388815994,43.432606005300258],[-2.8258395499857398,43.432660681738341],[-2.8258296020862139,43.432683623317317],[-2.8257936907415973,43.432806186996253],[-2.8257599196383105,43.432857991910581],[-2.8257381507017465,43.432881006413481],[-2.8256747253372065,43.432934206814203],[-2.8256490087860278,43.432948571954377],[-2.8255678398434312,43.432971404901629],[-2.8254945169671286,43.433029000461168],[-2.8254489992507845,43.433054859174526],[-2.8253915122012425,43.433097985348873],[-2.8253776832202417,43.43312389241401],[-2.8253913672567359,43.433148400785171],[-2.8254091398940804,43.433168595083835],[-2.8254130389769183,43.433194529217474],[-2.8254030991092067,43.433214590260654],[-2.8253812353820007,43.433234813184207],[-2.8253040468360475,43.433290781923368],[-2.825278193822343,43.433316850694595],[-2.8252345984459288,43.433383044782694],[-2.8251453153558961,43.433463573348583],[-2.8251274698372164,43.433503878584297],[-2.8251173926828805,43.433571565481273],[-2.8250934654631505,43.433636348884463],[-2.8250894254379757,43.433659390375382],[-2.8250913384660388,43.433702607232462],[-2.8251089766641839,43.433734324304694],[-2.8251227259516773,43.433771797344484],[-2.8251265407595736,43.433826540943123],[-2.8251106530106682,43.433859736589689],[-2.8250152973493732,43.433996433327295],[-2.8250033821920835,43.434029544992633],[-2.8250031165492966,43.434121734359394],[-2.8249910917382697,43.43415772726361],[-2.8249613622225747,43.434185050642839],[-2.8249000400028961,43.434215206152714],[-2.8248367276067201,43.434228071929851],[-2.8248110506250841,43.434228032596643],[-2.8247794081678443,43.434212139971244],[-2.8246985640331217,43.434157277408772],[-2.8246768135022213,43.434138518509364],[-2.824655189258797,43.434111116473602],[-2.8246296425085862,43.434066422667073],[-2.8246079214114297,43.434037490625521],[-2.8245822983401747,43.434018814911859],[-2.8245447224741338,43.434011554644286],[-2.8245091664845585,43.434009970237682],[-2.8244755297654667,43.434014238926196],[-2.8244557303893734,43.434025822412913],[-2.8244339730313319,43.434044515467676],[-2.8244160755257393,43.434067534757055],[-2.8243426142399901,43.434172574450052],[-2.8243186734525993,43.434241679776292],[-2.8243028175142322,43.434263262379559],[-2.8242790195891536,43.434283392072814],[-2.8241385196668318,43.434350966633694],[-2.8240930340191959,43.4343652118732],[-2.8239763152113491,43.434383846970107],[-2.8238635243357573,43.434418242999818],[-2.8237884096803789,43.434425329901174],[-2.8234858778158647,43.434430623444854],[-2.8234463321362959,43.434434883609811],[-2.823377144324454,43.434436126530095],[-2.8232031843658176,43.434411459389729],[-2.8231695905105236,43.434401323418392],[-2.8231340814487544,43.434383983654925],[-2.823049263910236,43.43432902373889],[-2.8229742949961452,43.434285693783963],[-2.8228795724201778,43.434203440471705],[-2.8227849219943266,43.434131271221823],[-2.8227671514512269,43.434110985577576],[-2.8227613043884219,43.43408945959569],[-2.8227595826064182,43.434015993609748],[-2.8227437888192233,43.433981398527486],[-2.8227063775936831,43.433952530946748],[-2.822635260700229,43.4339164093604],[-2.8226037623748854,43.433886110212022],[-2.8225369240980944,43.433746102401955],[-2.8225172257351012,43.433723024161829],[-2.8224087919590852,43.433626434871456],[-2.8223752259506467,43.433606126434555],[-2.8223258589898821,43.433588854035726],[-2.8222942749463971,43.433588804959577],[-2.8222704967304604,43.433601640701248],[-2.8222565845637373,43.433620435579577],[-2.8222146645071056,43.433739928177012],[-2.8221947794758293,43.433780229781988],[-2.8221789186863488,43.433803252789303],[-2.8221472772204561,43.433821930039677],[-2.8221176235125558,43.433823412864449],[-2.8220879827205327,43.43382048624558],[-2.8219498928735844,43.433725110095914],[-2.8219242004996672,43.433696260503481],[-2.8218869660317765,43.433606894145541],[-2.8218632816403866,43.433588131697341],[-2.821801995412673,43.433570750460596],[-2.8217289237045913,43.433541736939887],[-2.8217032678982434,43.433534584363848],[-2.8216539183723182,43.433511459740281],[-2.8216262549884776,43.433494130841211],[-2.821608581837626,43.433475376815693],[-2.8215987661077988,43.433452313832454],[-2.8215949151833,43.433410534596767],[-2.8215811131412516,43.433391787506373],[-2.8215594452423747,43.433380229862522],[-2.8215061098301377,43.433361331024599],[-2.8214725126050126,43.433352635252312],[-2.8213954108547279,43.433342521771884],[-2.8213163532879175,43.433339516861352],[-2.821277274552358,43.433323429756193],[-2.8212575471272543,43.43331043528358],[-2.8212240128634347,43.433279952481804],[-2.8212201492219702,43.43324258446976],[-2.8212103306714709,43.433220962152454],[-2.821170869214213,43.433196412974063],[-2.8211570631118463,43.43317910562962],[-2.8210741340012739,43.433141523889432],[-2.8210366691714364,43.433131292089136],[-2.820961487208463,43.433126851393304],[-2.8208982100686746,43.433128283056547],[-2.820825135639069,43.433135280264167],[-2.8207717533829348,43.433132405246617],[-2.8207204533504915,43.433080468472006],[-2.8207047197606414,43.433060277542019],[-2.820690948108004,43.433031357215157],[-2.8206852847609589,43.432947891016369],[-2.8206774228865914,43.432918979053454],[-2.8206223301673421,43.432839757442963],[-2.8204960752853414,43.432741517576737],[-2.8204151633383763,43.432711140244962],[-2.8203776271235337,43.432690915027877],[-2.8202967877602889,43.432636049347522],[-2.8202256226781772,43.432617211934662],[-2.8201347692595884,43.432606985039534],[-2.8200398098619588,43.432606835643519],[-2.8200160526286475,43.432612560173339],[-2.8199883904743825,43.432629712344365],[-2.8199664867338368,43.432662896912213],[-2.8199386833469662,43.432727674044237],[-2.8199188227656711,43.432759332871591],[-2.8198890840852071,43.432789625477128],[-2.8198514145785283,43.432813963575015],[-2.8197900012223367,43.432839884138147],[-2.8197327185711685,43.43284699647716],[-2.8196872724819388,43.432848365533253],[-2.8196476466743823,43.432845331592588],[-2.8196378229691659,43.432825238978992],[-2.8196403110802333,43.432673904978621],[-2.8196684384764739,43.432534225289452],[-2.8196625087195093,43.432506847950805],[-2.8196427892291638,43.43249097090046],[-2.8196092214663437,43.432472191493545],[-2.8195697397462154,43.432454844351106],[-2.8195223877857591,43.432446126301777],[-2.819478886950245,43.432444526891601],[-2.8194412597813345,43.43245464066441],[-2.8194056544131811,43.432470429492327],[-2.8193739457511495,43.432477581135842],[-2.8193324694835513,43.43248030698205],[-2.8192948894174488,43.432474573929092],[-2.8192455288088398,43.432455770359027],[-2.8192139658292934,43.4324484286985],[-2.8191901997373141,43.432457123596045],[-2.8191743436823899,43.432478705494574],[-2.8191663450770497,43.432495977701933],[-2.8191462997289678,43.432589575602869],[-2.8191363649696872,43.432606844745763],[-2.8190967588728868,43.432631270477422],[-2.8188968874645632,43.432688571504805],[-2.8187286803365006,43.432753124101588],[-2.8186733163120472,43.432766090013224],[-2.8185448012628269,43.432777410000661],[-2.81851116174371,43.432783117636056],[-2.8183468498703586,43.432838943380681],[-2.8183151914651829,43.432863470608652],[-2.8182755343857049,43.432905181728231],[-2.8182497502065962,43.432941152064664],[-2.8182318045003654,43.432980015363285],[-2.8182277576053023,43.433004497307685],[-2.8182253386019762,43.433165824464929],[-2.8182133487729244,43.43318885217704],[-2.8181915941137112,43.433206102445858],[-2.8181678235354286,43.433216147783092],[-2.8180413915631148,43.433178493763812],[-2.817990114973949,43.433152483983001],[-2.8179545779044579,43.433145224794082],[-2.8179268725601632,43.433142300177472],[-2.8177727146400495,43.433142053729711],[-2.8177173181853208,43.433131881410155],[-2.8176876986023669,43.433121661017722],[-2.8176481920282086,43.433113045644987],[-2.8176027487868578,43.433112973172506],[-2.8175533074805585,43.43312144578568],[-2.8174919089129675,43.433141604119108],[-2.8173494591236645,43.433178827801981],[-2.817325794065364,43.433187433328591],[-2.8172723224302656,43.43321471588412],[-2.817236568919101,43.433244908141972],[-2.8172286508098647,43.433269292918311],[-2.8172284911106593,43.433322769815035],[-2.8172402314097864,43.43334871675804],[-2.8172974267068422,43.433404986623252],[-2.8173486530867731,43.433446841681622],[-2.8173900423528777,43.433507407465918],[-2.8173978091173777,43.433533348046701],[-2.8173681167204649,43.433547704974096],[-2.8172969977067686,43.433547591371848],[-2.8172673733866929,43.433538901612252],[-2.8172338101208929,43.433518679913782],[-2.8171155050788821,43.433420539977455],[-2.8170898774084536,43.433404653040661],[-2.8170503871284609,43.433390185526186],[-2.8169180109702023,43.433364044591706],[-2.816866573816549,43.433358200312682],[-2.8168013679194859,43.433356655166982],[-2.8167677713725081,43.433347958914112],[-2.8167539708393501,43.433329210343153],[-2.8167560694308991,43.433308956499651],[-2.8167639848928196,43.433285923312958],[-2.8167701324518792,43.433206707919013],[-2.8167684669812703,43.43311739597349],[-2.8167487697811655,43.433094316739492],[-2.8166994715636204,43.43305534500935],[-2.8166125978818499,43.433009111283887],[-2.8165771076804651,43.432986006692374],[-2.8165356502296146,43.432948398127536],[-2.8165140397552246,43.432918203204196],[-2.8164903734695321,43.432893677752205],[-2.8164055768271314,43.432834481759748],[-2.8163483100770019,43.43280270060648],[-2.8163325823712024,43.432781068379015],[-2.8163268396910532,43.432726231338037],[-2.816314983045197,43.432704605325291],[-2.8162893558835136,43.432688719108455],[-2.8162597202896142,43.432684350282138],[-2.8162319922150054,43.432688626040388],[-2.8161450157855681,43.432710093206978],[-2.8160678617841497,43.432718611564965],[-2.8160322803331059,43.432725756052385],[-2.8159847924397652,43.432728561057083],[-2.8159551512499803,43.432725631947122],[-2.8159175803555541,43.432716928146803],[-2.8158287410452343,43.432680773791162],[-2.8157991142277252,43.432673523450248],[-2.8157576580138692,43.432669134552569],[-2.8157061790888136,43.432677694029401],[-2.8155933823545434,43.432713522607358],[-2.8155519173777996,43.432712015030397],[-2.8154985897665119,43.432691763641152],[-2.815467082511983,43.432665783720601],[-2.8154532781574795,43.432648475689042],[-2.8154238221277161,43.432585047947491],[-2.8154060692600544,43.432559091109411],[-2.8153824004209471,43.432536005226851],[-2.8152778256824171,43.432481098577412],[-2.8152127021312485,43.432453623575107],[-2.8151455913325596,43.432408861368337],[-2.8151060846238782,43.432400155072209],[-2.8150625385753307,43.432413047398882],[-2.81503685483808,43.43241588636932],[-2.8149952887602416,43.432414379327405],[-2.8148629729777896,43.432369419603056],[-2.8148392502080859,43.432363710220535],[-2.8147286303665324,43.432353446123116],[-2.8147009343295486,43.432347640230617],[-2.8146338782205005,43.432318721962304],[-2.8146042548853738,43.432310030612257],[-2.814564639444205,43.432304204461794],[-2.8145152288932942,43.432302683624428],[-2.8143887018468408,43.432329846317465],[-2.814269989659095,43.43233397388834],[-2.8141315606195447,43.432355355947465],[-2.814016858313698,43.43238109674266],[-2.8139120602732381,43.432399560872504],[-2.8138526461986304,43.432403785388672],[-2.8138191266620813,43.432403730821292],[-2.8137933624023912,43.432399366757977],[-2.8137757788123681,43.432351893016012],[-2.8137323088507342,43.432340298381646],[-2.8136670952922787,43.432341632845784],[-2.8136235546359991,43.43235308482906],[-2.8135977452417418,43.432363035850877],[-2.8135463154840092,43.432388970235891],[-2.8135184606013293,43.432434930120841],[-2.8134868124965688,43.432455134816507],[-2.8134392937339716,43.432468020045405],[-2.813382015127694,43.432473688505517],[-2.813289102551646,43.432470565390489],[-2.8131823724753882,43.432454636074681],[-2.8131586513469595,43.432448835401836],[-2.8130815406408383,43.432442856525469],[-2.813034130470327,43.43245295219895],[-2.8130083263314472,43.432461552435399],[-2.8129687814920348,43.432465718035559],[-2.812868013975153,43.432465553184826],[-2.8128403133521567,43.432461276682666],[-2.8127692577990562,43.432440993203571],[-2.812735684547405,43.432425093179795],[-2.8126843431265081,43.432388997778446],[-2.8126312457159237,43.432326970392644],[-2.8126154282680544,43.432302456095826],[-2.8126137635220201,43.432214495639201],[-2.8125999645292796,43.432195746566016],[-2.8125703669790605,43.432178413203694],[-2.8125466492283238,43.432171171704404],[-2.8125071353903492,43.432165345908061],[-2.8124676037745959,43.432165280186872],[-2.8124360059112168,43.432169548678985],[-2.8124002966238222,43.432185245111697],[-2.8123507779009516,43.432218384718333],[-2.8122873946781559,43.432254381154742],[-2.812188443646034,43.432293021368992],[-2.812170669788975,43.432307486567488],[-2.8121172055333217,43.432331886219465],[-2.8120735888221797,43.432367825866805],[-2.8120081805392609,43.432432448324199],[-2.8119704855309031,43.432464075551941],[-2.8119467107148894,43.432475650339008],[-2.811909095942239,43.432481350395769],[-2.8118340090936464,43.432479786165267],[-2.811798477624277,43.432471084367123],[-2.8117707996763008,43.432459514975946],[-2.8117174991125955,43.432430618539406],[-2.8116878672117549,43.432424806929063],[-2.8116404821930279,43.432427519354817],[-2.8115178121731534,43.432459096481224],[-2.8114485366716497,43.432489232577602],[-2.8113633265575335,43.432532304188243],[-2.8113336546453076,43.43253936781818],[-2.8112644637338344,43.432542224198457],[-2.8112388009144254,43.432537860627598],[-2.8110867566885784,43.432481431076766],[-2.8110472281141536,43.432479925065287],[-2.8110235104312937,43.432472682350109],[-2.8110077712603294,43.432455371484714],[-2.8110038783767926,43.432429436867999],[-2.8110416846708564,43.432361797926497],[-2.8110496111408794,43.432335882840128],[-2.811049709727377,43.432304193801222],[-2.8110163392622214,43.432223291708915],[-2.8109947350372329,43.43219165594531],[-2.8109809275827167,43.432175788072385],[-2.8109099818505872,43.432120933906788],[-2.8108961789199656,43.432103625326107],[-2.8108843348184402,43.432079027315389],[-2.810868698677595,43.432028675835525],[-2.8108668477929704,43.432001303884554],[-2.8108808659860034,43.431949470697916],[-2.81088288282925,43.431923545847958],[-2.8108695781233726,43.43174625771411],[-2.8108737131184585,43.4316944081801],[-2.8108540589927942,43.431658364353723],[-2.8108029046793077,43.431594897719997],[-2.8107377578625758,43.431542933545444],[-2.8106746216241607,43.431499615991392],[-2.8106628530602511,43.431483749652834],[-2.8106708751610459,43.431459276352491],[-2.8106966003372169,43.431443473886745],[-2.8107361721586392,43.43143048569852],[-2.8109359909739577,43.431392014442913],[-2.8109695323630892,43.431384867266871],[-2.8109992129909309,43.431374834991523],[-2.8110269757338986,43.431358944874219],[-2.8110487840193601,43.431324500336835],[-2.8110727028891769,43.431266921559228],[-2.8110727208119113,43.431261159669113],[-2.811098511273272,43.431256881059646],[-2.8111499241522551,43.431236799706284],[-2.8111756389163363,43.431223878524996],[-2.8111975006440733,43.431205189056868],[-2.8112272441115103,43.431174897811331],[-2.8112490524969083,43.43114036319075],[-2.8112867572470859,43.431105853898849],[-2.8113184530813142,43.431069895775941],[-2.8113423179035775,43.431029602609939],[-2.8113482856190153,43.431010886890405],[-2.8113523888387379,43.430969119514366],[-2.8113568052151612,43.43082652220437],[-2.8113767501385469,43.430768936802522],[-2.8113946963338603,43.430731514370841],[-2.8114025988408753,43.430712800938004],[-2.8114145683973377,43.430696975621949],[-2.8114205405305288,43.430676819199661],[-2.8114324075265875,43.4306609937125],[-2.8114463223517046,43.430642201947016],[-2.8114602282296146,43.43062628977453],[-2.8114779967342916,43.430613444566212],[-2.811505745311226,43.430601966466782],[-2.8115261718596134,43.430585795802216],[-2.8115277887337626,43.430524219124329],[-2.8115238823429132,43.43050260480905],[-2.8114684806840309,43.430495221716619],[-2.8114448707400004,43.430486540359745],[-2.8114330159918852,43.430465002979524],[-2.8113442229200651,43.430415880656803],[-2.8112530060268055,43.430523764122377],[-2.8112369869193343,43.430564070224129],[-2.8111733856160397,43.430670559398855],[-2.8111198771353614,43.430742492785015],[-2.8110880830045568,43.430777100931941],[-2.8110602580928261,43.430813067189327],[-2.8110245932609064,43.43084757797844],[-2.8110008358703151,43.430853301537269],[-2.8109810205647188,43.430869112941245],[-2.8109612186979089,43.430880603148978],[-2.8109355162465746,43.430889203988706],[-2.8109236984015022,43.430889184449811],[-2.8108722863567372,43.430876134888834],[-2.8108466479326846,43.430864569544411],[-2.8108249952067665,43.430848688672214],[-2.8108171200696126,43.430825627963998],[-2.8108191910210154,43.430782327394965],[-2.8108946144695777,43.430707638125007],[-2.8109203975612611,43.430673110136937],[-2.8108828555718746,43.430655762297278],[-2.8108394327997623,43.430629582199451],[-2.8106854247083128,43.430583322028298],[-2.8105078036247297,43.430496599937797],[-2.8104425773209964,43.430470562745221],[-2.8102866263983213,43.43042708838091],[-2.8101719844003692,43.430400969944884],[-2.8099427471299809,43.430367457471554],[-2.8097215020975153,43.430319552585345],[-2.8093579652648435,43.430258446501377],[-2.8090793688412168,43.430207564238245],[-2.808994429167488,43.43019733926247],[-2.8089055037475941,43.430191427878313],[-2.8086841240648637,43.430186735614825],[-2.8085180749437524,43.430179254172351],[-2.8083776841654111,43.43017757740683],[-2.8083025866258406,43.430180332055045],[-2.8082017786786291,43.430194567377058],[-2.8080909943478622,43.430205904458063],[-2.8078813731614898,43.430219955939513],[-2.807675748103835,43.430226812031876],[-2.8073989406353426,43.430255153066952],[-2.8068570876913483,43.430329139654596],[-2.8067166416106963,43.430344747418545],[-2.8065050239247338,43.430377518568442],[-2.8064179427301799,43.43040041797304],[-2.8062220297949447,43.430460584979997],[-2.8061904231948045,43.430467732242903],[-2.8059392420614402,43.430510519322802],[-2.8058620605894671,43.430527673182326],[-2.8056918681944163,43.430573477690118],[-2.8055771690801192,43.430597771129172],[-2.8054702890153886,43.430630718383384],[-2.8054267280676197,43.430648020079303],[-2.8053614112339074,43.430682478647093],[-2.8052089693759075,43.430752801030948],[-2.8050942111668369,43.430795729404899],[-2.8049120824255622,43.430877612873431],[-2.804674482468279,43.430973717423527],[-2.8045181703306246,43.431042590666429],[-2.8042111903361211,43.431200604285742],[-2.8041972091931178,43.431207422796319],[-2.8041894551349409,43.431211190469696],[-2.8038290248624795,43.431387207678647],[-2.8035598858875312,43.431499099948766],[-2.8034371311933288,43.431556505508226],[-2.8033638465783666,43.431596712953485],[-2.8033400462091929,43.431615396687924],[-2.8033142923005165,43.431639839877],[-2.8033003737835434,43.43165854239961],[-2.8032904020175193,43.431685894137978],[-2.8032903224175829,43.431710471525989],[-2.8033177524144355,43.431798386396004],[-2.8033234661306201,43.431858895921927],[-2.8033211755891672,43.431936676537099],[-2.8033092782413038,43.431961144454789],[-2.8032716676536595,43.431965400973247],[-2.8032420417517407,43.431958057336061],[-2.8031848731977109,43.431929238508815],[-2.8031532201806941,43.431919100894589],[-2.8030840392401304,43.431918981789579],[-2.8030167523630727,43.431931829547445],[-2.8029792443241393,43.431936086146379],[-2.8027439493880757,43.431947202559996],[-2.8026825817007719,43.431957089777917],[-2.802623218064987,43.431977243642734],[-2.8025222983947922,43.432024513623347],[-2.8023698858585404,43.432083398461906],[-2.8022055163961528,43.432153695309061],[-2.8019600563984888,43.432251311349418],[-2.8018987188269913,43.432282894311108],[-2.8018233807859039,43.432327417519708],[-2.8017342836823595,43.432373357529066],[-2.8016472402299701,43.432413539112346],[-2.8015146221628542,43.432463723767015],[-2.8013502930851866,43.432521055809175],[-2.8012572393875379,43.432561226653867],[-2.8010216031803394,43.432676051654155],[-2.8009285443061853,43.432717662925789],[-2.8008771312373497,43.432736389016718],[-2.8007701869296233,43.432786618406872],[-2.8006533922278933,43.432826746494072],[-2.8004971584151868,43.432869686172793],[-2.800435750036677,43.432891185991828],[-2.8002198682052502,43.433008926114248],[-2.8001466093925553,43.433040487304559],[-2.8000753380741883,43.433086457166802],[-2.8000673624089991,43.433095086549663],[-2.8000416432645303,43.433108004320069],[-2.8000257979804513,43.433123821660942],[-2.8000098276533985,43.433146841402959],[-2.7999860004095449,43.43320432706119],[-2.7999738420621392,43.433276419357455],[-2.799971650663116,43.433354290102734],[-2.7999675856612232,43.433381651874619],[-2.7999456324556133,43.433457958200833],[-2.7999392749676835,43.433563099591773],[-2.7999212561050957,43.433650935727428],[-2.7998892328315499,43.433753061651736],[-2.7998412637215515,43.433931774510796],[-2.7997655706833795,43.434082889836738],[-2.7997417017330064,43.434121739851932],[-2.7997020028895143,43.43417199682596],[-2.7996782978868717,43.434192211605136],[-2.7996425698696772,43.434212225227022],[-2.7995911551395225,43.434230950731582],[-2.7995732624376308,43.434249644926446],[-2.799549245613064,43.434333239312068],[-2.7995372181958973,43.43439650836428],[-2.7995133106325309,43.434446973038895],[-2.7994755175129855,43.4345059639396],[-2.7994517828236192,43.434534731899028],[-2.7994220286234182,43.434566368902843],[-2.7993664376270071,43.434615247220606],[-2.7993010654869011,43.434664107444625],[-2.7992217752338662,43.434731669647242],[-2.7991304001321389,43.43484827464507],[-2.7990828729427468,43.434892845774769],[-2.7990491624758622,43.434918714713142],[-2.7990253213378846,43.434948922198437],[-2.7990013943610026,43.435005057698127],[-2.7989754357680905,43.435089999198979],[-2.7989555218146958,43.435134617910926],[-2.798903774879931,43.435222394560711],[-2.7988899198172086,43.435252618675861],[-2.7988838023494154,43.435284298902332],[-2.7988816991719547,43.435334710837459],[-2.7988757042708658,43.4353607185068],[-2.7988517913020439,43.435412533684797],[-2.7988121048988819,43.435458557391904],[-2.7987744154627876,43.43548586085064],[-2.7987269642033845,43.435507292455398],[-2.7986676148872558,43.435521683263744],[-2.7986417739876579,43.435540363314786],[-2.7986079769910162,43.435592159234957],[-2.7985780724841041,43.435668451265173],[-2.798558172381675,43.4357087487166],[-2.7985403563527695,43.435734645498684],[-2.7984768468668917,43.435805116379065],[-2.7984688371606961,43.435823826911218],[-2.7984767225838718,43.435842568156318],[-2.7985378167467738,43.435885978857506],[-2.7985575234858522,43.435904740021613],[-2.7985733326448559,43.435930696035179],[-2.7985692632962396,43.435959497540537],[-2.7985513888828217,43.435972429687169],[-2.7985197569198847,43.435985339393639],[-2.7984920273367853,43.435989611745178],[-2.7983793291313868,43.435990852005247],[-2.7983397427376082,43.436006537199788],[-2.7983080829508995,43.436028177463413],[-2.798292117226735,43.43604975625788],[-2.7982920550292558,43.436068481695315],[-2.7983177945644133,43.436080050922641],[-2.7983493679760367,43.43608442961412],[-2.7983909409100653,43.43608450291476],[-2.7984364032791302,43.436078730196876],[-2.7985195084079537,43.436060242045301],[-2.7985411848904076,43.436068922656219],[-2.7985549663766007,43.436091904548384],[-2.7985588443146154,43.436120810996364],[-2.7985526284561679,43.436212988877884],[-2.798548573413195,43.436237469195547],[-2.7985365519237555,43.436267607348952],[-2.7985088228664305,43.436302220024814],[-2.7984671063729887,43.436345359520885],[-2.7984175434997125,43.43638848517034],[-2.7983323348493316,43.436457566149414],[-2.7983085361036322,43.436474719876117],[-2.7982867994821561,43.436484854705391],[-2.7981463848789172,43.436486046743362],[-2.7981068648479739,43.436481655767651],[-2.7980752030549931,43.436472956543312],[-2.7980298295135504,43.436451179418349],[-2.7980041765258714,43.436444021534314],[-2.7979389693707652,43.436442375587255],[-2.7979013326023865,43.436453922951031],[-2.797788440425351,43.436512781427311],[-2.7977249772341399,43.43656884672663],[-2.7976932548487605,43.436609123108838],[-2.7976793299003369,43.436629263821757],[-2.797665371340504,43.436659489398679],[-2.7976573231698016,43.436689634487408],[-2.7976571548818288,43.436740139854955],[-2.7976690047233541,43.436761677729692],[-2.7976946260852009,43.436779098844674],[-2.7977558942051899,43.436800815069461],[-2.797767631641896,43.436825323285618],[-2.7977675548872507,43.436848370805116],[-2.79775760375807,43.436868519454606],[-2.7977436883651507,43.43688577968468],[-2.7975969543082519,43.437009489004751],[-2.7975098754267154,43.437058219717649],[-2.7973435647256943,43.43712427490766],[-2.7973000067281641,43.437138602041038],[-2.7970784101660553,43.437191504260149],[-2.7970131345212303,43.437210114854857],[-2.7969656374603593,43.437214350844734],[-2.7969181247028816,43.437222908897397],[-2.7968825302758886,43.437232839660098],[-2.7968250451738519,43.437267398164686],[-2.7967577909425172,43.437298967827203],[-2.7967379698284862,43.437314776733785],[-2.7967219923259394,43.437339236689894],[-2.7967159760761922,43.437370916067991],[-2.7967097184022918,43.437474708524888],[-2.7967135476306773,43.437517928329818],[-2.7967371402037045,43.437562624868491],[-2.7967527994759345,43.437602985192051],[-2.7967565226729372,43.43767789577759],[-2.7967445045248853,43.437706683981737],[-2.7967128339379377,43.437731115140444],[-2.7966810728870417,43.437752663822323],[-2.7966395567227433,43.437765554529832],[-2.7966019867375302,43.43775684529313],[-2.7965822574143302,43.437745196330191],[-2.7965585886031525,43.437723637320914],[-2.7965075178075232,43.437638558462488],[-2.7964838626129689,43.437612588208019],[-2.7964660741712803,43.437599592919923],[-2.7964364351560413,43.437595218953838],[-2.7964186478800035,43.437612472127938],[-2.796404683638035,43.43764413733841],[-2.7963986720225282,43.437674376002974],[-2.7963985319610627,43.437716148946876],[-2.7964043503979328,43.437743528167111],[-2.7964061418034336,43.437786745252588],[-2.7964001304761883,43.437816893873006],[-2.7963842298813502,43.437848555632293],[-2.796362356075845,43.43786877207063],[-2.7963347232109732,43.437874484772934],[-2.7963090701228919,43.43786723736666],[-2.7962814120145403,43.437849902360142],[-2.7962536910920628,43.437851292776124],[-2.7962200128462724,43.437867078702176],[-2.7961982454421022,43.437885764551382],[-2.7961783804714693,43.437914538710196],[-2.7961664597300575,43.437944766828792],[-2.7961623307741412,43.437990943913604],[-2.7961641694361443,43.438019665809584],[-2.796179905499224,43.438037069639378],[-2.7962767998874427,43.438040124604122],[-2.7963024494473987,43.438048812714406],[-2.7963498119444119,43.438084908348003],[-2.7963714428902571,43.438106553814322],[-2.7963872589856376,43.438131069429161],[-2.7963930762208045,43.438158448645844],[-2.7963929168331054,43.438205983464201],[-2.7963770270268031,43.438234764733522],[-2.7962840083737364,43.438260527220365],[-2.7962582768669781,43.438276236368409],[-2.7962483150372193,43.43829935451172],[-2.7962640372993719,43.438320900326161],[-2.7963232407691838,43.438351345196118],[-2.7963864378695598,43.438375946090432],[-2.7964140033460478,43.438390399498772],[-2.7964337174227181,43.438406280527829],[-2.7964455716804579,43.438426467871679],[-2.7964692845521633,43.438481770949096],[-2.796473648266721,43.438491947378445],[-2.7964925879531095,43.43853611702567],[-2.7964984837002294,43.438570698089507],[-2.7964983826253835,43.438600857228437],[-2.7964884160016572,43.438625416986397],[-2.7964691655542255,43.438655151253592],[-2.7964684177893053,43.438656307887825],[-2.7964727386866532,43.438663778420199],[-2.7964684920779685,43.438677277453564],[-2.7964726481439115,43.438690791441992],[-2.7964616521289547,43.438726788547577],[-2.7964516670506079,43.438733619517144],[-2.7964518643008143,43.438738180593923],[-2.7964523366615688,43.438749142483786],[-2.7964543805150424,43.438757617455799],[-2.7964582659032602,43.438773730531359],[-2.7964660545906335,43.438791030129714],[-2.7964779234172834,43.438806896286067],[-2.7965389325422869,43.438876146890678],[-2.7965586528746016,43.438890586304517],[-2.7966317083395564,43.438922407213731],[-2.7966442195663697,43.438935022107827],[-2.7966474511319586,43.438938280241508],[-2.7966612081296307,43.438968554064964],[-2.7966613633132216,43.438969445775882],[-2.7966863173735295,43.43897931483896],[-2.7966883980559145,43.438981600251601],[-2.7966986290880715,43.438992843318246],[-2.7967047171169801,43.439019867322841],[-2.7967057857687441,43.439069393388209],[-2.7966831905892042,43.439100867694947],[-2.796686292285814,43.439103426855574],[-2.7966862227612044,43.439103523979426],[-2.796738021254237,43.439146262670157],[-2.79676780043203,43.439215689947652],[-2.7967725884946493,43.439226854900411],[-2.7967784874501063,43.439240606988498],[-2.7968191950526431,43.439335225453455],[-2.7968392062901595,43.43944781592176],[-2.796856828253381,43.439562466847313],[-2.7968571898607122,43.439564819437138],[-2.796859279683904,43.43957841618105],[-2.7968453272314955,43.439722460779215],[-2.7968436756196167,43.439735964434071],[-2.7967926655656785,43.439875440985176],[-2.796754453737087,43.43993552061707],[-2.7967543680237865,43.43993565463019],[-2.7966753937820581,43.440059820775389],[-2.796563188969587,43.440244209453439],[-2.7965401661237936,43.440279987063775],[-2.7965165494832132,43.440316686562788],[-2.7964358611341895,43.440442077682974],[-2.7962321174256721,43.440617387789722],[-2.7959570686663171,43.440756460911764],[-2.7957791902199749,43.440846184593283],[-2.7955956758976832,43.440958409799983],[-2.7955756981943121,43.441015510549263],[-2.795573112858345,43.441022899432703],[-2.7955138195909259,43.441192376708393],[-2.7955289977781401,43.44138149604214],[-2.7955336234018318,43.441512067966613],[-2.7954673788007893,43.441660521031281],[-2.7953833765968956,43.441696599916796],[-2.795325513801759,43.441721451132196],[-2.7952586044683145,43.441750188623978],[-2.7950702802046745,43.441821884605389],[-2.7948059414883959,43.441897945197084],[-2.7946125191811269,43.441978635663716],[-2.794504856919009,43.44206595770239],[-2.7945009461138883,43.442069129223889],[-2.7944851318794437,43.442081955469625],[-2.7944136630294714,43.44220338535338],[-2.7943676200802039,43.442333866202489],[-2.7942553112617881,43.442545265517595],[-2.7940771960039497,43.44270251990573],[-2.7938632410838884,43.442787674310878],[-2.7937805625606207,43.442796406271057],[-2.793771397210838,43.442797373922041],[-2.793695609362465,43.44280537898711],[-2.7934766166290661,43.442809483189272],[-2.7932731004309277,43.442804611463977],[-2.7931055617836504,43.442795302280352],[-2.7929579953800929,43.442799535594915],[-2.792794345019312,43.442845490220883],[-2.7927780430570293,43.442850067325864],[-2.7925916074917265,43.442902418506876],[-2.7924491999187118,43.44298770090883],[-2.7922963190106884,43.443099976370874],[-2.792118167209964,43.443230214463625],[-2.7919197773078541,43.443315392617485],[-2.7917366048709633,43.443360079301137],[-2.7917144002915637,43.443365454097901],[-2.7917002609937969,43.443368877023715],[-2.7915889288170788,43.443395826902602],[-2.791410713573732,43.443435929860733],[-2.7912223485890544,43.443516623794039],[-2.791110524799068,43.443583951579321],[-2.7910187356270906,43.443682831221203],[-2.7909321812977073,43.443804232223926],[-2.7908507256353396,43.443916637197589],[-2.7907895307872814,43.444030443344275],[-2.7907797970046011,43.4440485450612],[-2.7907636602465837,43.444078556868313],[-2.7905954469494563,43.444334872143543],[-2.7905140353160185,43.444433771270148],[-2.7902797218070718,43.444649445224883],[-2.7901636731563699,43.444758654519674],[-2.7900455844920065,43.444868005820091],[-2.7898361155144262,43.445026811351035],[-2.789688709026652,43.445125587670155],[-2.789413563634541,43.445282655326402],[-2.7892355242893556,43.445376871548817],[-2.789082773432408,43.445448624080008],[-2.7890467576485669,43.445471716019419],[-2.789021527515263,43.445487890870098],[-2.7888587116751853,43.445592278926085],[-2.7886957476822678,43.445686522136597],[-2.7883750263460452,43.445834498669726],[-2.7881613016828264,43.44588362525117],[-2.7879695214317692,43.445932425644969],[-2.7879632145682294,43.445934297667655],[-2.7877757905094076,43.445992242560223],[-2.7877654427258425,43.445995442422458],[-2.7878319929967783,43.446123067971634],[-2.7878360355451877,43.446130820141164],[-2.7878954290643581,43.446244721399495],[-2.787901426009713,43.446256220313217],[-2.7879134911015684,43.446279356939193],[-2.7879188973465254,43.446288371347819],[-2.7879543468124091,43.44632895770664],[-2.7880449241424512,43.446473196638294],[-2.7881000173368924,43.446621871937907],[-2.7881028862748947,43.446646507839205],[-2.7881029762699563,43.446647279681429],[-2.7881183745808156,43.446779483527493],[-2.7880989147611275,43.446937024139217],[-2.7880427812929058,43.447085492392709],[-2.7879560243978698,43.447221803747617],[-2.7879455076700497,43.447235807668356],[-2.7878794781309568,43.447310298203362],[-2.7878371936037225,43.447350738570798],[-2.7878282324431907,43.447368730705236],[-2.7878236282745532,43.447377726542854],[-2.7877529915496289,43.447467639260729],[-2.7877401361909313,43.44750363292016],[-2.7877097606197339,43.447566607194062],[-2.787703920553692,43.447575599831737],[-2.7876123317810273,43.447719499839039],[-2.7875716726432964,43.447762220331782],[-2.7875712124396275,43.447762703912488],[-2.7874882876180007,43.447849831989693],[-2.7874758973583682,43.447858813342748],[-2.7874382152097006,43.447890257732553],[-2.7873840655796118,43.447930676772941],[-2.7873475573586024,43.447980132974266],[-2.7872235120934046,43.448110464829441],[-2.787069884109481,43.448218229618831],[-2.7870650917666833,43.44824523383199],[-2.7870581798110994,43.448277186506175],[-2.7870573029509242,43.44828123684384],[-2.7870517406218291,43.448295915329012],[-2.7870010420925917,43.448429704312908],[-2.7869094515950912,43.448573603731838],[-2.7867854029374017,43.44870393509143],[-2.7866328849754969,43.448811701351673],[-2.7865528461001459,43.448852314801094],[-2.786515258276181,43.448871387041869],[-2.7864560826928382,43.448901413304434],[-2.7864220480625574,43.448914856309536],[-2.7863527428644379,43.448941739079672],[-2.7861911446030749,43.44899546241524],[-2.7859832487516192,43.449035591416354],[-2.7858186117071457,43.449045631002917],[-2.7857984250180121,43.44904686280902],[-2.7857684021130762,43.449048692984427],[-2.7855599551277379,43.449034793917583],[-2.7855506540850494,43.44904378085306],[-2.7855238950648116,43.449061739423144],[-2.7852724223263623,43.449191828265675],[-2.7852267538739568,43.449209751256753],[-2.7850597159420696,43.449263461873393],[-2.7849489421818361,43.449284842501726],[-2.7849445430396802,43.449285691445368],[-2.7848518184321502,43.449303588812143],[-2.784779609783179,43.449312456409778],[-2.7847262028058664,43.449316858070141],[-2.7844041437035782,43.449311745537479],[-2.7843620154068081,43.449307163914348],[-2.7843443579946139,43.449302627526983],[-2.7842469700953685,43.449302442923361],[-2.7841258971427023,43.449290805881503],[-2.7841033383602278,43.449288637359594],[-2.7840558400139219,43.449284071597646],[-2.7839604776623736,43.449270384009317],[-2.7838767636557611,43.449247713979801],[-2.7838621639852836,43.44925218857459],[-2.7834452264380447,43.449305422424253],[-2.7833825674074086,43.44930530284666],[-2.7832774747560856,43.44935637104382],[-2.7832754319590629,43.449357363056372],[-2.7825462745942944,43.449711685010527],[-2.7825342318418196,43.449717536564549],[-2.7817598173684024,43.450093839831226],[-2.7817223651272411,43.450112038226642],[-2.7800250158941409,43.450936778520635],[-2.780000581500933,43.450948650605064],[-2.778288389536661,43.451780553438752],[-2.7782865706821598,43.451781436843007],[-2.7781404095521083,43.451852449988579],[-2.7781417281254783,43.451897474411219],[-2.7781280279987177,43.452008225026688],[-2.7781238174375682,43.452042269593534],[-2.7781222407235866,43.452055013124081],[-2.7780777784348776,43.452180988060242],[-2.7780554100893569,43.45222959437146],[-2.7780535624688092,43.452233607635918],[-2.7780508676468565,43.452239464251868],[-2.7778781779331854,43.452482246090227],[-2.7778245863900546,43.452536167310342],[-2.7777932010137585,43.452567621628553],[-2.7777762023035559,43.452585597339265],[-2.7777432101159212,43.452617048520914],[-2.7776657133820994,43.452684429757625],[-2.7776370799746175,43.452706885011175],[-2.7774818330958793,43.452810131492292],[-2.777425357122393,43.452841536881337],[-2.7773935430473737,43.452854980610667],[-2.7773504912489329,43.452936857283078],[-2.7773495552575813,43.452938637425696],[-2.7773107713259377,43.453012395946764],[-2.7772579283276437,43.453097834552537],[-2.7772358122174774,43.453129306769405],[-2.7771523906690456,43.453228191407455],[-2.7771224865291004,43.453259648424208],[-2.776942335645975,43.453412369658061],[-2.7768428542240007,43.453475205256176],[-2.7768288379030586,43.453488684458023],[-2.7767955809771667,43.453524637029489],[-2.7766429095807719,43.453632390468563],[-2.776549376174418,43.453679833650853],[-2.7765463868853146,43.453681350448512],[-2.7764660785230282,43.453722086836954],[-2.7762704192215439,43.453789235170014],[-2.7760624992152443,43.453829346048558],[-2.775847634770658,43.453842429827439],[-2.7756329937043454,43.4538284996313],[-2.7755696371518699,43.453814867848486],[-2.7755434507315475,43.453810314266406],[-2.7755365703545745,43.453808521497557],[-2.7755334993753586,43.453807721283994],[-2.7755260398707606,43.453805777905195],[-2.7754148516553916,43.453792052132542],[-2.7752312107405093,43.453751169852758],[-2.7751655226534622,43.453733031078087],[-2.7751360345349489,43.453723916500671],[-2.7751276134152616,43.453721313885872],[-2.7750742582757844,43.453704823699042],[-2.7750669186586028,43.453702555468283],[-2.7750482381364767,43.453696781137225],[-2.7750417209128044,43.453694391162799],[-2.7750358949102587,43.453692254670159],[-2.7748848256702976,43.453611370962676],[-2.7747151747096139,43.453520536636681],[-2.7747028482573954,43.45351150798151],[-2.7746068020497057,43.453429468984744],[-2.7745737131475527,43.453401205674055],[-2.7745707696963993,43.453398691253902],[-2.7745488527796476,43.453376137119697],[-2.7744760511945072,43.453286080423098],[-2.7744756710223362,43.453285609645171],[-2.7744504269896595,43.45325438222325],[-2.7744227692256755,43.453213807999632],[-2.7744104763486477,43.453195775008027],[-2.774391926463625,43.45316688660742],[-2.774390199892296,43.453164198097674],[-2.7743844241798445,43.45315520304171],[-2.7743506368244604,43.453101110149944],[-2.7743481018721003,43.453094445515077],[-2.7743472095611494,43.453092099016096],[-2.7743405476660445,43.453081772263545],[-2.774325499718779,43.453058449160324],[-2.774321953102632,43.453052951295618],[-2.7743210338810913,43.453051526790908],[-2.7742905721916995,43.453033457927525],[-2.7741557665610515,43.452937199769849],[-2.7741555631644843,43.452937054397751],[-2.7741401666259042,43.452926060266485],[-2.7741388279049324,43.452925104059418],[-2.7740495561334768,43.452834883088556],[-2.7740323266102709,43.452814943980073],[-2.7740275269590473,43.452809389603708],[-2.7740261732085112,43.452807823769682],[-2.7740002848324066,43.452789762965153],[-2.7739834023018548,43.452776223041184],[-2.773949750694916,43.452750545390579],[-2.7739479069057724,43.452749138864711],[-2.7738678393834952,43.45266406303309],[-2.7738638961510387,43.452659873605157],[-2.7738247987313676,43.452618331150838],[-2.7737550094835117,43.452507183599195],[-2.773754056022173,43.45250566627702],[-2.7737483758271742,43.452496620052003],[-2.7736391665913551,43.452383847475041],[-2.7735773515268574,43.452289178288673],[-2.773558354383169,43.452245518991234],[-2.7735440189187219,43.452212574220198],[-2.7734433675772689,43.452059299622675],[-2.7734311088374799,43.45203226221745],[-2.7734026480251575,43.451956177404384],[-2.7734015527703653,43.451953248812956],[-2.7733940303735114,43.451933139748547],[-2.7733863447140128,43.451906111400071],[-2.7733651202188763,43.451798015963746],[-2.7733606984999066,43.451757487522322],[-2.7733596197669068,43.451748481011435],[-2.7733493027386826,43.451670164838809],[-2.7733490178952649,43.45166800142384],[-2.773343026509179,43.451622513862702],[-2.7733320544907287,43.451539226874942],[-2.7733317371791704,43.451536822078324],[-2.7728264575196615,43.451477285572395],[-2.7725080408697882,43.451455841651985],[-2.7724915870477771,43.45145473379548],[-2.7723441872320693,43.451444806663993],[-2.7720637524725049,43.451444245321838],[-2.7718898951961446,43.451466407776088],[-2.7717218573758227,43.451452564090005],[-2.7716143717715158,43.451427156133171],[-2.7716034260121973,43.451424568025274],[-2.7715489787640211,43.451411697366197],[-2.771355775154249,43.451352780996437],[-2.771203239552769,43.451325370939294],[-2.7710558437604904,43.451311567573114],[-2.7709641584809916,43.451338397094446],[-2.770801406368125,43.451365082322788],[-2.7707328361367498,43.451374454384478],[-2.7707285068287226,43.451375046296199],[-2.7705417232890088,43.451400576332773],[-2.7704046911280322,43.45139129600966],[-2.7702469602639188,43.451332448982768],[-2.7702141462809702,43.451308471935533],[-2.7701066958513936,43.451229960239012],[-2.7701048495074621,43.45122861127372],[-2.7700441023055764,43.45114744886726],[-2.7700037057709723,43.451012301116862],[-2.7699936451349791,43.450895224018851],[-2.7700551949107242,43.450764784375636],[-2.7701263688496329,43.450638866230612],[-2.7702235949153908,43.450454472853949],[-2.7702316751335632,43.450426153222487],[-2.7702394246564732,43.450398996291121],[-2.7702646797923802,43.450310485401744],[-2.7702595357365092,43.450265453191619],[-2.7701942682474119,43.45016699246883],[-2.7701937902021614,43.450166271158118],[-2.7701022525398291,43.450089549073908],[-2.7699752643033642,43.450039768737327],[-2.7697923799813107,43.449998879221639],[-2.7697565384286227,43.449998806161645],[-2.7695734111459056,43.449989431120898],[-2.769466893567667,43.449984713344641],[-2.769380396598502,43.449980035847261],[-2.7692277781829819,43.44997522396514],[-2.7691691677786539,43.449973375028989],[-2.7691417965692997,43.449972511181635],[-2.7690752846165312,43.449970413031913],[-2.7689732016727451,43.450001721253223],[-2.7687848895077991,43.450055365102955],[-2.768627174065958,43.450091061802539],[-2.7684900593028723,43.450104289954936],[-2.7681437284211148,43.450175619675015],[-2.7680370858051848,43.450170900313488],[-2.7677880321359853,43.450174894326317],[-2.7677239273682099,43.450182868070684],[-2.767685607687917,43.450187634582157],[-2.7675743618778954,43.450201471558529],[-2.7673249773626152,43.450259490140894],[-2.7670500616824207,43.450335554965108],[-2.766780179583781,43.45042054462472],[-2.7663728880877967,43.450658325561115],[-2.766326225817914,43.450725588341228],[-2.7663252365159616,43.450727015313838],[-2.766076593033401,43.451085425800002],[-2.7658881756309959,43.451260624595506],[-2.7656690702686362,43.451413248359906],[-2.7654503501811734,43.451529854998583],[-2.7651598206280132,43.451646312866586],[-2.7650552451544086,43.451669242896628],[-2.7650538794952029,43.45166954263771],[-2.7648343646257918,43.451717676309713],[-2.7645595793036573,43.451757627858775],[-2.764218725072551,43.451815450384359],[-2.7639538112872621,43.451891438319997],[-2.7636535314923383,43.452034886242458],[-2.7636444091994692,43.452041137132206],[-2.763640175844825,43.452044036794348],[-2.7634242640707409,43.452191986865145],[-2.7632662401805081,43.452304212677014],[-2.762966009475091,43.452434151426829],[-2.7626657424378305,43.452478547782192],[-2.7623349113325646,43.452531884200816],[-2.7622173777708938,43.452555125064322],[-2.7622144845754386,43.452555698029272],[-2.7620194939426499,43.452594255211288],[-2.7617241860993857,43.452634067183958],[-2.7614495548357425,43.452665007201681],[-2.7611903733236942,43.452664464427357],[-2.7608976562746665,43.452650672152565],[-2.7608974548472118,43.452650662727017],[-2.7608903344570712,43.452650327282932],[-2.7607174065519198,43.452622950646756],[-2.760518947565235,43.452582013726818],[-2.7603411472688921,43.452536617574935],[-2.7601632224070669,43.452491220885044],[-2.7599290071068614,43.452522242011071],[-2.7597458179385792,43.452557872960632],[-2.7595262095933006,43.45261774333953],[-2.759522803262533,43.452618672630827],[-2.759450843476376,43.452638289476219],[-2.7591963889544671,43.452723293649896],[-2.7589668824755642,43.452812852029901],[-2.7587582973984017,43.452924965012606],[-2.758523983530909,43.45307304076541],[-2.7583658641281157,43.453205471693074],[-2.7583525278101257,43.453216642246723],[-2.758320231190893,43.453243691554064],[-2.7581362681585797,43.453441397841623],[-2.7579834721097649,43.45360315231509],[-2.7578303571107052,43.45375139844991],[-2.7576675321735844,43.453886118145931],[-2.7574634782098011,43.454007242715164],[-2.7573110390161162,43.454078953344215],[-2.757173469982086,43.454110174787871],[-2.7571439631411647,43.454132623047627],[-2.7571260966418039,43.454145591011979],[-2.7571236384954694,43.454147374959085],[-2.756803812813323,43.454379517571901],[-2.7562094175736167,43.454747426484026],[-2.7558863532428135,43.454985350308604],[-2.7557374803482659,43.455078314945126],[-2.7557191261589251,43.455089776115429],[-2.7554193194210606,43.455276990671599],[-2.7552382199422385,43.455465693980763],[-2.7542947203347037,43.455880786141201],[-2.7542560460449779,43.455897800525342],[-2.7534108712577638,43.456269622643831],[-2.7534087866216104,43.456274649787659],[-2.7533979128041057,43.456300872261643],[-2.7533820480414333,43.456315475543434],[-2.7533304896730355,43.456362936198381],[-2.7532431445850891,43.456411092186137],[-2.7531427840225167,43.456451568101031],[-2.753037895118629,43.456477899096122],[-2.7529347821766397,43.456493340351571],[-2.7529032303355243,43.456497042304399],[-2.7528905336673448,43.456498532103453],[-2.7522386774923362,43.456785294582978],[-2.7522364195137823,43.456790365450779],[-2.7522349412183171,43.456793686659012],[-2.7521949048304268,43.45683825344733],[-2.7521672430356823,43.456847916411768],[-2.7521261746983328,43.456838860851455],[-2.752120004877828,43.456837500424378],[-2.7521116117534663,43.456841192028229],[-2.75212658126522,43.456868237570134],[-2.7520493830759798,43.456854563659292],[-2.7516800668906098,43.456970815395238],[-2.7507795865539042,43.457173798425671],[-2.7507786536918264,43.457174008895542],[-2.7506914113370842,43.457193674244834],[-2.7498317393157654,43.457340360645851],[-2.7493044753694806,43.45736795055258],[-2.7493043529731103,43.457367956587305],[-2.7486757640169444,43.457400845588531],[-2.7485533156808946,43.457396716231855],[-2.7485384947324381,43.457396216314663],[-2.7485328948557757,43.457396027514704],[-2.7485021737301145,43.457369113443761],[-2.7485021195373602,43.457369066501876],[-2.7484605972948368,43.457332688489323],[-2.7484605381802991,43.457332636134005],[-2.7484180073034805,43.457295375260323],[-2.7484179543469174,43.457295328321131],[-2.748374659930866,43.45725739852795],[-2.7483746057420442,43.457257350685566],[-2.7483315897253466,43.457219663705821],[-2.7483311340334442,43.457219264710076],[-2.7482892942389481,43.457182609501579],[-2.7482891710811437,43.45718250117811],[-2.7482756444691847,43.457170650474083],[-2.7481908997414841,43.45709640570324],[-2.7481896090341791,43.457095274614275],[-2.7481774285924518,43.457084602832715],[-2.7481708789864294,43.457078865235566],[-2.748170713956275,43.457078719901858],[-2.7481696868095042,43.457077819904775],[-2.7481219023308845,43.457035955124091],[-2.7481172727851209,43.457031899266013],[-2.748105288187944,43.457021399891396],[-2.7478629392240865,43.456811497216741],[-2.747861950224447,43.456810640521915],[-2.7475976332608858,43.45658170853779],[-2.7475974940893391,43.456581587572117],[-2.7475737225560528,43.45656099884598],[-2.7473384985788347,43.456357232839345],[-2.7473365045930866,43.456355506799063],[-2.7470631911769527,43.456118743297743],[-2.7470604249919282,43.456116348321068],[-2.7469640817786609,43.456032888017575],[-2.7468194993016244,43.45589914671276],[-2.7468185425924059,43.455898260365863],[-2.7465692669755271,43.455667674554824],[-2.7465612931817542,43.455660298514999],[-2.7463625399782847,43.455476444311948],[-2.7463600540326962,43.455474144485493],[-2.7463411945809231,43.45545669901356],[-2.7463357412630605,43.455451654376475],[-2.7461981096124348,43.455324338800608],[-2.7461045103064761,43.455234390803369],[-2.7461043601147637,43.455234246400003],[-2.7458643455765781,43.455003594047511],[-2.7458643098791913,43.455003558851118],[-2.7456172862620249,43.45476616773346],[-2.7456134379565622,43.454762470083388],[-2.7453861611682737,43.454544054066616],[-2.7453860122159801,43.454543909665112],[-2.7453857352252742,43.454543644319955],[-2.7451368660776261,43.454315717030269],[-2.7451363489385012,43.4543152440488],[-2.7448752034564152,43.454076072077797],[-2.7448749645891359,43.454075853639154],[-2.7447547069128935,43.453965713072243],[-2.7447467061665369,43.453958385467196],[-2.7447451104496476,43.453956924098044],[-2.7447012457784346,43.453893475040836],[-2.744700793683053,43.453892820314316],[-2.7446498896500686,43.453819188688037],[-2.7446444276254147,43.453811287763763],[-2.7444096392699091,43.45347166769686],[-2.7443997988898396,43.453457434106163],[-2.7442463399671788,43.453235452941904],[-2.7441728073761733,43.453114009505448],[-2.7441622476841747,43.453096569629039],[-2.7439475409837435,43.452741968806627],[-2.7439453978958634,43.452738428892125],[-2.7437795559097413,43.45246452715778],[-2.7437428675448823,43.452364044411929],[-2.7437373545913957,43.452348944333721],[-2.7436078680834273,43.451994296959811],[-2.7436019678765535,43.451978136191329],[-2.743578813036792,43.451914716907666],[-2.7434965884659572,43.451614272717649],[-2.7434949453016175,43.451608267617907],[-2.7433901020699438,43.451225171885646],[-2.7433900046910056,43.451224817795278],[-2.7433790832398115,43.451184911119292],[-2.7432785213291595,43.450869945649337],[-2.7432779041249726,43.450868011024788],[-2.7431633097904862,43.450509094199262],[-2.7431550593470027,43.450483235816989],[-2.7431526783669731,43.45047577664846],[-2.7430324096862639,43.450098863385691],[-2.7430306642270565,43.450093394708539],[-2.7429510884944879,43.449844007187693],[-2.7429476647034767,43.449833277081929],[-2.742926169491827,43.449803818671874],[-2.742921541875194,43.449797476392128],[-2.7428960187225688,43.449762498243416],[-2.7428950786952684,43.449761211205612],[-2.7428857866084719,43.44974847703638],[-2.7426281508858801,43.449395395989434],[-2.7425969093654619,43.449352581899717],[-2.7425968294978036,43.449352471866561],[-2.7425927340053478,43.449346859224782],[-2.7425904239202761,43.449343692588513],[-2.7425889887136363,43.449341726403965],[-2.742568665776703,43.449321526160809],[-2.7425681008703662,43.449320965717327],[-2.742337335004351,43.449091594369051],[-2.7423371910085867,43.449091451775473],[-2.742101607443479,43.448857290464709],[-2.7421008382488288,43.448856526959723],[-2.7420578190095997,43.448813767195432],[-2.7418486200331906,43.448619183273046],[-2.7418479959056281,43.448618601982218],[-2.74160253984294,43.448390293593746],[-2.7415985328830472,43.448386565731617],[-2.7413530491570945,43.448158227922306],[-2.7413528509638017,43.448158043784744],[-2.7412766233086474,43.448087140159416],[-2.7411398058668568,43.447950618606924],[-2.7411393259121462,43.447950140288413],[-2.7409006491024934,43.447711976915642],[-2.740899546451204,43.447710876783574],[-2.7406615422073464,43.447473383451459],[-2.7406611262595324,43.447472967406298],[-2.7404389520910253,43.447251267163971],[-2.7404356737209237,43.447247996535751],[-2.7404174039712696,43.447229765319051],[-2.7401719133479672,43.447018735833588],[-2.7401676443189733,43.447015064953057],[-2.7399275917323949,43.446808707958539],[-2.739922966876791,43.446804731911456],[-2.7397767485646569,43.446679036695002],[-2.7396580225865339,43.446583566754221],[-2.7396506920561654,43.446577672005809],[-2.7396489924391707,43.446576304873162],[-2.7396410350213278,43.446569906252485],[-2.7393877496163603,43.44636623280099],[-2.7393791555206537,43.446359321262065],[-2.7393787848050053,43.446359024173077],[-2.7393665636534701,43.446349195951953],[-2.7391228113677526,43.44615318655184],[-2.7391207484570752,43.446151526840509],[-2.7391198198379532,43.44615078005976],[-2.7389209992452312,43.445953378892469],[-2.7389195693016593,43.445951959238656],[-2.7386964091569435,43.445730388369519],[-2.7386952930223099,43.445729280081096],[-2.738655376757841,43.445689648824448],[-2.7386218127825841,43.445656323434392],[-2.73861996076411,43.445654485008745],[-2.7385501263965,43.445490569885258],[-2.7385496211057876,43.445489383753412],[-2.7383569230654379,43.445037080626953],[-2.7381459998367941,43.444358952304221],[-2.7381339302278631,43.444320147289254],[-2.7381257001850114,43.444293686170319],[-2.7379337363933649,43.443565530104721],[-2.7379337133021862,43.443565440007951],[-2.7379261784674762,43.44353685813099],[-2.7378971677139443,43.443489743731611],[-2.7378956766746412,43.443487323537269],[-2.7378270733071113,43.443375907196689],[-2.7378265198479741,43.443375008190642],[-2.7378107726347727,43.443349433850486],[-2.7377991009060909,43.443330478071267],[-2.7375952106598618,43.44299934865986],[-2.7375893803798688,43.442989880676492],[-2.7373945807248119,43.442673511027508],[-2.7373888081908064,43.442664135010737],[-2.7373883480083134,43.442663387490342],[-2.7373829411630437,43.442654606602503],[-2.737382061294205,43.442653177386696],[-2.7373449526756168,43.442613074867424],[-2.7373448321357414,43.442612944026962],[-2.7372818758967004,43.442544906337275],[-2.7372811280412774,43.4425440987266],[-2.7372137549453375,43.442471288431342],[-2.7372133428951115,43.442470841767332],[-2.7371488186759558,43.442401110276236],[-2.7371338690760436,43.442384953558822],[-2.7371337251629431,43.442384798352563],[-2.7367875630445941,43.442010692841151],[-2.7367872493960865,43.442010353554274],[-2.7366639926462124,43.441877146122216],[-2.7364360633205611,43.441620290422172],[-2.7364329914389165,43.441616827458127],[-2.7361076636261057,43.441250208184087],[-2.7361071102498786,43.441249584703861],[-2.7358993590867646,43.441015461026723],[-2.7357611610573613,43.440881732755088],[-2.7357605236272633,43.440881116282419],[-2.7353616373691789,43.440495125686624],[-2.735356849331422,43.440490492653097],[-2.7349726397644396,43.440118697644479],[-2.7349720983310046,43.440118174135044],[-2.7349153071310686,43.440063218373623],[-2.7348418524428517,43.439981920322367],[-2.7348028697584952,43.439938776334465],[-2.7347663269993827,43.439898333006148],[-2.7344912931316525,43.439593934354193],[-2.7344908946821223,43.43959349491525],[-2.7341560806064833,43.439222928328206],[-2.7341543897008864,43.43922105778698],[-2.7340103412599746,43.439061626030878],[-2.7338402409399647,43.438847592955327],[-2.7338377179710487,43.438844417537219],[-2.7335372108536822,43.438466292311361],[-2.7335350406078276,43.438463561624808],[-2.7332933998209383,43.438159517861642],[-2.7332416631555225,43.438087186457217],[-2.7332415194365773,43.438086991627074],[-2.7329755698024401,43.437715198135876],[-2.7329752750530152,43.437714785946845],[-2.7327011321857908,43.437331551488676],[-2.7327000809976001,43.437330065107425],[-2.7325630401855094,43.437138523780035],[-2.7323889822693528,43.436937188023791],[-2.7323897429886057,43.43693756978945],[-2.7320757792383761,43.436574344700887],[-2.7320751928261049,43.436573666196438],[-2.7320463578151548,43.436540306683966],[-2.7320187944309069,43.436520922264293],[-2.7320098156428689,43.436514607150599],[-2.7319217905912692,43.43645269911179],[-2.7319207349182903,43.436451956475707],[-2.7313268615423265,43.436034280514214],[-2.7311641199743475,43.435943628972119],[-2.7311622575156038,43.435942591789463],[-2.730669401215053,43.435668054094165],[-2.7303345729218642,43.435592111617837],[-2.7303336779899059,43.435591908709412],[-2.7299472890406671,43.435504270148037],[-2.7294949723823607,43.435390424628039],[-2.729351400292201,43.435354287040603],[-2.7286922885793805,43.435168133256909],[-2.7286375327799552,43.435141676278931],[-2.7286359866451386,43.435140929747199],[-2.7278550541030402,43.434763586053194],[-2.7278384019489756,43.43475553971227],[-2.7278308316669548,43.434751882117403],[-2.7270422194357318,43.434230597267721],[-2.7270417328181402,43.434230275549595],[-2.7270173822201826,43.434214179689313],[-2.726360434845327,43.433717365824094],[-2.7262755815185948,43.433657915600364],[-2.7262710254501483,43.43365472344037],[-2.7256253679917233,43.433202351938192],[-2.7254816794910672,43.43310423461439],[-2.7254796926295741,43.433102878284288],[-2.7248116693579858,43.432646714329309],[-2.7246997502462893,43.432563257789454],[-2.7246983008818195,43.432562176473432],[-2.7239515488264976,43.432005326966689],[-2.7239440798816692,43.432000704085624],[-2.72394325930874,43.432000196057366],[-2.7231531384797076,43.431511122580019],[-2.7231470680607264,43.4315073647536],[-2.7230753023730179,43.431462941551572],[-2.7224329110162113,43.431200255542102],[-2.7217104605806512,43.43112646269023],[-2.7209243989835143,43.431183073903988],[-2.7201074498847322,43.431212590909269],[-2.7191329727860278,43.431187688867233],[-2.7182230041397064,43.431000857329209],[-2.7173925179315366,43.43067464853857],[-2.7165458344705189,43.430352894855538],[-2.7158894274343028,43.429847017471225],[-2.7153121372553897,43.429228779088916],[-2.7148765064185145,43.428597385303021],[-2.7144084512026407,43.428136991670343],[-2.7136878008743359,43.427770510239355],[-2.7126059062963419,43.427457142515053],[-2.7120260310001241,43.427212562898049],[-2.7114184386146598,43.426459163029413],[-2.7110294004081141,43.425940516151556],[-2.710654017425782,43.425642421401001],[-2.7099810040411438,43.425271534780521],[-2.7091346334607311,43.424985744398811],[-2.7084444411198376,43.424799395468085],[-2.7075186799834783,43.424634950249818],[-2.7063889980283298,43.424411445466021],[-2.7055735394749254,43.424202246472419],[-2.7048515007224476,43.424065318116668],[-2.7043179657066498,43.423982899232442],[-2.7038308441208434,43.423959126762419],[-2.7035318272316879,43.424070906234924],[-2.7031531714876591,43.424299535601058],[-2.7028684514953341,43.424568927670641],[-2.7025367913794938,43.42481118369065],[-2.7020790568957573,43.42511614034553],[-2.701511563004698,43.42533076550032],[-2.7011500305368905,43.425365838025066],[-2.7008229215588844,43.42500930845452],[-2.7005114706766058,43.424585285839385],[-2.7005162356431329,43.423945985873964],[-2.7006614824988637,43.423302551435739],[-2.7009327515055199,43.422781006893821],[-2.701030015012706,43.422322036897668],[-2.7008919212656894,43.421817428450986],[-2.7005795853642796,43.421600505081102],[-2.700235126188625,43.421460034202056],[-2.6997637573299871,43.421377756979474],[-2.6994810612855167,43.42141303120944],[-2.6992433367339603,43.421696044503129],[-2.6990826997580721,43.422177357326312],[-2.698970269881757,43.422577757048089],[-2.6988398416343626,43.423194215195707],[-2.6986470004775929,43.423765486605078],[-2.6984081769564905,43.424291613406112],[-2.6980907766652922,43.424768098915592],[-2.6977896455394239,43.425077953936025],[-2.6974742820409041,43.42529322507567],[-2.6970021450190975,43.425359507274933],[-2.6964831640927276,43.425380641147889],[-2.6961690012378878,43.425379805992939],[-2.6955249407628932,43.425387096513006],[-2.6950530721253916,43.425399344910382],[-2.6946917405087216,43.425393877700678],[-2.6942203965347153,43.425473657146505],[-2.6940777564620721,43.425585830790119],[-2.693981367432253,43.42586020652066],[-2.69396372819851,43.426148299544614],[-2.6940710140378585,43.426603308394981],[-2.6941761603876824,43.427188875310641],[-2.694298948346781,43.427657432833527],[-2.6945466978878017,43.428139829744566],[-2.6949045529602134,43.428667542817422],[-2.6952305015257254,43.429276208441202],[-2.6955099162773188,43.429754186217544],[-2.6955678961020371,43.430362136947998],[-2.6953594441662228,43.430955870626292],[-2.6949946177277457,43.431490658282684],[-2.6944879251802951,43.431980043798781],[-2.6940766829726099,43.432357127410761],[-2.6936975986194449,43.432653166015477],[-2.6933508930903751,43.432800808531027],[-2.6928947652581798,43.432889627591422],[-2.692329099961448,43.432820573187527],[-2.6916241832678609,43.432485509867313],[-2.6906223184523337,43.431942538895491],[-2.6895578860045615,43.431412895867489],[-2.6887753868005908,43.431010072159481],[-2.687820297686514,43.430534736828562],[-2.6865343547073652,43.430130610520976],[-2.6852950806003482,43.429807548661941],[-2.6838839738045759,43.429434475166168],[-2.6828647166972672,43.429121002027422],[-2.682175106519439,43.428853458461809],[-2.6818312859142805,43.428591374626222],[-2.6813317336059592,43.42815327086798],[-2.6806748611906781,43.427795765371563],[-2.6797653560580819,43.427482570946843],[-2.6784484041405174,43.427123202291426],[-2.6773819555168386,43.426868075227773],[-2.6761427489478646,43.426576431458521],[-2.6750765593763823,43.426253841488801],[-2.6743245000554858,43.425963561990898],[-2.6735576851812466,43.425547173676449],[-2.6729016891643229,43.425063564144828],[-2.6726379891217431,43.424572070070646],[-2.6722193108038743,43.423886537275379],[-2.6718148064081344,43.423300092094223],[-2.6713161761178754,43.422713374028781],[-2.6706604732773775,43.422184820228672],[-2.6697232674239895,43.421448259248606],[-2.6687073214497157,43.42072496904526],[-2.6678317791630679,43.420150649641521],[-2.6672700161075582,43.41968979300384],[-2.6662851818119462,43.419070121524513],[-2.6654080762154999,43.418653356211649],[-2.6646727889313118,43.418282022184229],[-2.6637799141654952,43.417950740097986],[-2.6626033336121147,43.41765922339043],[-2.6615667945280603,43.417620142863903],[-2.6605298805634594,43.417626073938443],[-2.6593987650540538,43.417645221715837],[-2.6584407381732413,43.417615350186942],[-2.6576567870180936,43.417405905241253],[-2.6566847221459904,43.417150867323677],[-2.6553990126703466,43.416791326488003],[-2.6540029876172411,43.416543991858823],[-2.6527483299520531,43.416310667111453],[-2.6516499695286457,43.416136242607784],[-2.6505352024433915,43.416002277323528],[-2.6497972935956784,43.415977508936329],[-2.6493725515557429,43.415989714089768],[-2.6488851243630998,43.41603324070396],[-2.6484610107888242,43.416085964307065],[-2.6478792490140264,43.416165213402408],[-2.6474542690189513,43.416217930602123],[-2.6471082780929884,43.416239374514625],[-2.6469515743093202,43.416252397480882],[-2.6467939534732214,43.416274421823132],[-2.6461650299098407,43.416349014309482],[-2.6454420862063679,43.416405303928606],[-2.6444202374305519,43.41647866881582],[-2.6434305805313807,43.416475586456279],[-2.6426312550388089,43.41626599054954],[-2.6417546180916407,43.415804113075446],[-2.6407059962133208,43.41531008310487],[-2.6397510477009347,43.414915387281475],[-2.639046472409337,43.414647535947879],[-2.6382625455758362,43.41445146379241],[-2.6377063633354005,43.414364161096643],[-2.6374785404987744,43.414124822734877],[-2.6371111846826367,43.41385802794462],[-2.636867588896985,43.413407034260537],[-2.6367882052375688,43.41298807718546],[-2.6366204620042026,43.412434353652543],[-2.6365748559672335,43.412283807756026],[-2.6364583528150929,43.411899218466907],[-2.6364280433007452,43.411860638079723],[-2.6363944283757217,43.411810115405132],[-2.6363631940876884,43.411753117100751],[-2.6363386012738448,43.411692809168656],[-2.6363028394307935,43.411575477573933],[-2.6362716316111596,43.41146311198623],[-2.6362514812037117,43.411409301351497],[-2.6362290898000365,43.411355572728098],[-2.6362046725069499,43.411300037669577],[-2.636175587572732,43.411241425348948],[-2.6361509745034066,43.411184359802277],[-2.6361284916943206,43.411129010068819],[-2.6361106735910309,43.411076826724219],[-2.636095170112787,43.411029601377862],[-2.6360727083968745,43.410936710425645],[-2.6360725820137589,43.41093533324598],[-2.6360682132943705,43.410887900208799],[-2.6360705329786853,43.410840643332101],[-2.6360816023126792,43.4107950341958],[-2.6361085292669162,43.410703650166212],[-2.6361219666913129,43.4106026812116],[-2.6361243057275101,43.410552182797659],[-2.6361251172011668,43.410543105310843],[-2.6361243335765012,43.410547943599873],[-2.6361284703897572,43.410501664079163],[-2.6361373893625117,43.410456039988681],[-2.6361508684727046,43.410412051203551],[-2.6361843906605116,43.410341923284925],[-2.6362268296268874,43.410288212686439],[-2.636249235833525,43.410218049387304],[-2.6362494777227523,43.41013656004565],[-2.6362514487341975,43.410055076202681],[-2.6362715640403294,43.409975360911105],[-2.6362828538498135,43.409892854986161],[-2.6362696358673188,43.409822242506024],[-2.6362248187620341,43.409771683233707],[-2.6362138163258493,43.409721142371019],[-2.6362139693985416,43.409720743061143],[-2.6362338864202144,43.40966898950694],[-2.6362875393740426,43.409621715800689],[-2.6363456059442587,43.409585889032556],[-2.6364037821772346,43.409548442685811],[-2.6364484997797963,43.409496279000088],[-2.6364507127878025,43.409432725541485],[-2.6364597605054172,43.409367573011203],[-2.6365200705377796,43.409313838063561],[-2.6365939073549627,43.409263387664978],[-2.6366273877955457,43.409199843511253],[-2.6366273859252316,43.409115036146112],[-2.6366296142285268,43.409031948509259],[-2.6366608734688994,43.408965155689117],[-2.6366989923142805,43.408909729338149],[-2.6366987740121486,43.408908231207249],[-2.6366899915458051,43.4088478510862],[-2.6366544363736248,43.408781026072681],[-2.6366546367749648,43.408779939874165],[-2.6366543241082923,43.408779351791651],[-2.6366675989524606,43.408707628625216],[-2.6366966947362855,43.408675034963984],[-2.6367657661876143,43.408608171333654],[-2.636812786978127,43.408531693833638],[-2.636875490062049,43.408414385074671],[-2.6368898962564531,43.408355213150358],[-2.636890598982665,43.408352324057503],[-2.6368933427077992,43.408341055614677],[-2.6369179990070095,43.408266127854127],[-2.6369514204408531,43.408209211571595],[-2.6369427094509388,43.408160205191756],[-2.6369114680263488,43.408138949184647],[-2.636826407100465,43.408107978466191],[-2.6367706529076016,43.408064047941885],[-2.6367662467982198,43.408034593945196],[-2.636766334472926,43.408034389822973],[-2.6367907250714775,43.407977683518411],[-2.6368399082556291,43.407944979826738],[-2.6368666500816889,43.407901131201818],[-2.6368659209190772,43.407900383319202],[-2.6368443799798009,43.407878282863692],[-2.6367818666940481,43.407840721327368],[-2.6367438555460012,43.407793515498732],[-2.6367370964891879,43.407731644359032],[-2.6367237169349815,43.407669662143483],[-2.6366835508292228,43.407642074616703],[-2.6366098478931326,43.40758494141064],[-2.636567288018997,43.407514854301141],[-2.636518055632493,43.407436642874956],[-2.6364779066736115,43.407355217803136],[-2.6364601428642098,43.407311227788405],[-2.6364421420007891,43.407221591726],[-2.636435490176507,43.407175925288001],[-2.6364198663580534,43.407097730610971],[-2.6363839910613773,43.407034056028678],[-2.6363482844276174,43.406959129125575],[-2.6363482453918707,43.40695760274933],[-2.6363460425662351,43.406872873894443],[-2.6363551941833787,43.406791337199152],[-2.6363662337944169,43.406716467988169],[-2.6363618366645247,43.406634978252548],[-2.6363461280235514,43.406553452546902],[-2.6363461274474438,43.406552103680291],[-2.6363460615737706,43.406551760401719],[-2.6363460613538092,43.406551177813895],[-2.6363460612284197,43.40655099232206],[-2.6363460580822164,43.406545531120486],[-2.6363460575782702,43.406545202456911],[-2.6363460501060092,43.406527044984124],[-2.6363460491782758,43.406525548443589],[-2.6363460495499456,43.406525486314166],[-2.6363460481197758,43.406523867311662],[-2.6363460480213066,43.406523677317701],[-2.6363460443522406,43.406516032538242],[-2.636346044804708,43.406515956902417],[-2.6363460408100599,43.406508779452217],[-2.6363460404662069,43.406508217574199],[-2.6363460408109445,43.40650815994691],[-2.6363460406795398,43.406507149648519],[-2.6363460400532026,43.406507047896383],[-2.6363460367654272,43.406501403904244],[-2.6363460348879162,43.406501304849442],[-2.6363460382036283,43.406501163490304],[-2.6363458997417815,43.406501186461554],[-2.6363453051259484,43.406500248109197],[-2.636346036950326,43.406500134279071],[-2.6363460373791185,43.40649903033632],[-2.6363460357875939,43.406495993134357],[-2.6363460901282965,43.406495993307153],[-2.6363460775144345,43.406476837225668],[-2.6363461368247521,43.406474974396069],[-2.6363603966355078,43.406443171042426],[-2.6363606770169383,43.406442547025996],[-2.6363818263717698,43.406395377892053],[-2.636383036787135,43.406393919419905],[-2.6363872502149341,43.40638884440871],[-2.6363882242700929,43.406387670625662],[-2.636401186754679,43.406372055822743],[-2.6364112768313666,43.406359902196527],[-2.6364136615799261,43.406357029258587],[-2.6364467643691709,43.406317155692015],[-2.6365228808781929,43.406248783821411],[-2.6365988071276334,43.406191756887139],[-2.6366679884197057,43.406126515334201],[-2.6366993459524992,43.40608744564701],[-2.6367283858289912,43.406043326103173],[-2.6367529785656583,43.40599937251492],[-2.6367797955107122,43.405955425985312],[-2.636835716460415,43.405877264963088],[-2.6368848338338462,43.405800704009579],[-2.6369296303598402,43.405724038371403],[-2.6369811049068415,43.405645863158348],[-2.6370302315912233,43.405567680469147],[-2.6370816580340413,43.405497519007142],[-2.6371443080160977,43.405450355354418],[-2.6372067974895907,43.405409583409501],[-2.6372583613646476,43.405357521226001],[-2.6373162901668832,43.405315023910873],[-2.6373856555926785,43.405280936958881],[-2.6374528171280569,43.405243421290628],[-2.63751318613599,43.405205884052769],[-2.6376314830906922,43.405126120337357],[-2.6376985106090762,43.405090314942662],[-2.6377657766235862,43.405056131063112],[-2.6378147442190398,43.405025130792069],[-2.6378728511950249,43.404994069395897],[-2.6379316506897341,43.404929873821494],[-2.6378749689251388,43.404887553570596],[-2.6378004788629004,43.404828788809034],[-2.6377287532193323,43.404824059399814],[-2.6375428185859202,43.404814465807149],[-2.6374039099661841,43.404809523244076],[-2.6372857490636408,43.404804646318787],[-2.6372303373075501,43.404777458136564],[-2.6371495643848064,43.40473668190144],[-2.6370033906244128,43.404790243764744],[-2.6369650583222271,43.404736096342809],[-2.6368288605780736,43.404546570648002],[-2.6368518065391746,43.404447594661555],[-2.6368497166209122,43.404281006760591],[-2.6371644323189947,43.404439582520716],[-2.6372115277386246,43.404453238593319],[-2.6373461869502353,43.404507692341284],[-2.6374492202485982,43.404584556775959],[-2.6374676643650137,43.404598121908052],[-2.637613718232048,43.404688629224729],[-2.6377352500626392,43.404770054236351],[-2.6379397787472727,43.404892260993229],[-2.6379562637156795,43.404903028466734],[-2.6379572183684745,43.404903651894919],[-2.6381728309807015,43.404668116278579],[-2.6382545675662619,43.404476476709263],[-2.6382765797467194,43.404424866245364],[-2.638358428379564,43.404232964918542],[-2.6386203467389473,43.403619078520912],[-2.6385083140897101,43.4034491987018],[-2.638370142835639,43.40323962377002],[-2.6382952195852978,43.403137061232677],[-2.6380164860493309,43.402755497544078],[-2.6377252006867691,43.402589189655714],[-2.6372554230599747,43.402367305947479],[-2.6369952164755497,43.402266816405827],[-2.6368496691404562,43.402287600306316],[-2.6367870186688935,43.402290911277809],[-2.6367088321639707,43.402303986807034],[-2.6366484553043894,43.402318648724403],[-2.6365881240282651,43.402343034654322],[-2.6365054364716722,43.402359336440639],[-2.6363981098986895,43.402357734634023],[-2.63628648113469,43.402343062599691],[-2.6361769087473257,43.402325068055269],[-2.6360607681701786,43.402298949404049],[-2.6360003740404823,43.402282641938086],[-2.6359378514509286,43.402264796008382],[-2.6358260633776469,43.402225636330563],[-2.6357723468442473,43.402199627909077],[-2.6357188553272355,43.402170286733572],[-2.6356695573304338,43.402137719093389],[-2.6355802301548841,43.402072523240285],[-2.6355400166349816,43.402036652846924],[-2.6354126419390478,43.401930731857519],[-2.6353701041585351,43.401891614194447],[-2.6353321504721752,43.401852509331931],[-2.635294215573345,43.401810074672589],[-2.6352585215665831,43.401767737191911],[-2.6352271241163692,43.401722082659987],[-2.6351936376943299,43.401668317454465],[-2.6351601713121489,43.401611222458634],[-2.6351244423978835,43.401557450978238],[-2.6350885922880467,43.401507010744389],[-2.6349769491610791,43.401376561821493],[-2.6349031674611134,43.40128368495688],[-2.6348652332148799,43.401241250153369],[-2.6348226969614292,43.401202222331612],[-2.6347757428591936,43.401169659984667],[-2.6346773961466181,43.401114248557292],[-2.6346282850835347,43.401084921760173],[-2.6345165466533009,43.401021363406279],[-2.6343377782846753,43.400910505488071],[-2.6342729317774878,43.400873025122017],[-2.6342104267166668,43.400835553108649],[-2.6341500703374412,43.4007964662338],[-2.6340294400936513,43.4007214460092],[-2.6339668328424906,43.400683973534804],[-2.6338997454683026,43.400646485783575],[-2.6338327509125858,43.40061061909045],[-2.6337656459544578,43.400576282760369],[-2.6337031312053485,43.400540521281947],[-2.633571225335785,43.400460692098044],[-2.6335066860352065,43.400423212279264],[-2.6334394985149117,43.400385633891155],[-2.6333701619257481,43.400349760319195],[-2.6333054173323958,43.400312369772529],[-2.6332451730816047,43.40027166377682],[-2.6331244631474822,43.400193220645868],[-2.6330014636001549,43.400123232419055],[-2.6329410592466442,43.400092337894968],[-2.6328852369209255,43.400061368003257],[-2.6328270843285666,43.400028770702413],[-2.6327713731632501,43.39999618121152],[-2.6325970498752578,43.399875610924667],[-2.6325389556835579,43.3998332006163],[-2.6324874707348309,43.399792431417985],[-2.6324405679447564,43.399751766967803],[-2.6323891751308763,43.399712529677501],[-2.6323355613837847,43.399670131865896],[-2.6322819195356453,43.399632597241173],[-2.632228387031724,43.399593533086886],[-2.6321747447780797,43.399556087554188],[-2.6321210104413266,43.39951693175508],[-2.6320718582420493,43.399477880716795],[-2.6320249552768962,43.399437126949536],[-2.6319848032016724,43.399391533385263],[-2.6319154889615874,43.399301909640869],[-2.6318909179359964,43.399256276146019],[-2.6318685887765452,43.399210559817597],[-2.6318418795846017,43.399164828483784],[-2.6318059857766363,43.399122489264236],[-2.6317635456568711,43.399085079601022],[-2.6316629919277537,43.399008500702166],[-2.6316116198817454,43.398966021522824],[-2.6315602369955422,43.398925343175115],[-2.631508873827701,43.398881422365264],[-2.6314596807454871,43.398832558779276],[-2.6314060880653471,43.398786919892359],[-2.6313501345172359,43.398744515872089],[-2.6312966346567928,43.398700498933877],[-2.6312563914992797,43.398653193068789],[-2.6312185118076119,43.398602655009476],[-2.6311895013973596,43.398550434694798],[-2.631171627247288,43.398513875710741],[-2.6311648589067782,43.398500028449156],[-2.6311424852735885,43.398444678868863],[-2.63108659008866,43.398325568693402],[-2.6310531386719407,43.398266942656647],[-2.6310196560444168,43.398213267155832],[-2.6309570725999381,43.398105660129836],[-2.6309257594996547,43.398046949108497],[-2.6308923083897757,43.397988323022965],[-2.630856523460027,43.397928067692249],[-2.6308139986648338,43.397864159097054],[-2.6307806394415012,43.397814025371709],[-2.6307425766003441,43.397760244953894],[-2.6307023559496074,43.397709609112979],[-2.6306600581146227,43.397665718086927],[-2.6306152146633655,43.39762172787777],[-2.6305683638714772,43.397572781419221],[-2.6305213315784655,43.397520591851638],[-2.6304810880185956,43.397473375747715],[-2.6304455226311836,43.397427706403818],[-2.6304052816555226,43.397380491181295],[-2.6303584127590693,43.397334784378167],[-2.6302577371348548,43.397228854716687],[-2.6302018148391184,43.397181677865248],[-2.6301438372355803,43.397137645897466],[-2.6300947454468355,43.397088781137583],[-2.6299629239437596,43.396930531845413],[-2.6299182037439177,43.396883301954396],[-2.6298691043975637,43.396836147917199],[-2.6298154331380532,43.396787267313186],[-2.6297573005338784,43.396735133338602],[-2.6296970200235079,43.396684520434874],[-2.6296343775597952,43.396637322442388],[-2.629576289209365,43.39659500067048],[-2.6294042329171985,43.396472631903471],[-2.6293508475868692,43.396426994508815],[-2.6292971659894921,43.396379734426496],[-2.6292501153949956,43.396330875914487],[-2.6292054048362625,43.396282024969793],[-2.6291250287410155,43.396187412973696],[-2.6290402546492686,43.396096207445943],[-2.62895076684902,43.396009759821602],[-2.6288993172086523,43.395964126692206],[-2.6288479071914215,43.395912014062688],[-2.6287988495799786,43.395858286442419],[-2.6287072715186452,43.39574743246947],[-2.6286581104353108,43.395693705351903],[-2.6286112109423723,43.395636653008552],[-2.6284280181235666,43.395421427767054],[-2.6283856512857589,43.395372584109467],[-2.6283387935649394,43.395325346643183],[-2.6282851050574711,43.395279705956405],[-2.6281710999146335,43.395190025559224],[-2.6281151513749732,43.395147709992536],[-2.6280057293551859,43.395074338794529],[-2.6278135367786635,43.394932456982694],[-2.6276168756277376,43.394805414044839],[-2.6276039840550678,43.394798798814492],[-2.6275414348943338,43.394770415676327],[-2.6273598031257284,43.394699870175032],[-2.6272972336381009,43.394674637495847],[-2.6272325156446792,43.394651017680943],[-2.6271651409515782,43.394628921726685],[-2.6270914447772022,43.394608333176357],[-2.6270154162237804,43.394586117069998],[-2.6268635424507147,43.394544836863275],[-2.6267852560797227,43.394525764796732],[-2.6267048398428661,43.394505065822742],[-2.6265290811269586,43.394456864719238],[-2.6264357742558904,43.394429460161028],[-2.6262601465476028,43.394376487610209],[-2.6261038058327948,43.394333480948617],[-2.6260299797829525,43.394317663650824],[-2.625960193110028,43.394306811067381],[-2.6258507751612172,43.394299879895989],[-2.6257367175269541,43.394302476359307],[-2.6256665572181221,43.394302786999582],[-2.6254059208731411,43.394297608747536],[-2.6253071313631158,43.394300615870478],[-2.6252083254574976,43.394306682568654],[-2.6251137849792725,43.394314474910928],[-2.6248343074933338,43.394342634723458],[-2.6246581050092472,43.394366452333315],[-2.624572311346645,43.394375892836365],[-2.6243962600792763,43.394391788418304],[-2.6243018418803215,43.394396338886473],[-2.6242075531674915,43.394396118240742],[-2.6241158600744012,43.394387892982856],[-2.6240241959421979,43.394374987230243],[-2.6239366482735966,43.39437172700746],[-2.6238468488028812,43.394369990969231],[-2.6237635470778264,43.394371606085173],[-2.6236779960019487,43.39437474539681],[-2.6235108222517822,43.394387517267766],[-2.6234361643932762,43.394390871447619],[-2.6233661082642867,43.394391090074521],[-2.6233007224663565,43.394377099702602],[-2.6232360547524318,43.394345466526389],[-2.623171744218463,43.394305820524181],[-2.6231099259007657,43.394258351523071],[-2.6230503575884923,43.394209269102241],[-2.6229995558103338,43.394158683891298],[-2.6229552587823437,43.39410992279533],[-2.6229108309955289,43.394065931811838],[-2.6228617825585188,43.394028136847567],[-2.6228057321502161,43.394003013251528],[-2.6227402243067797,43.393992263760325],[-2.6226680413236632,43.393990854141514],[-2.6225976284811736,43.393999083286602],[-2.622533388137021,43.394013906014877],[-2.6224714396966529,43.39403665749353],[-2.6224133307584347,43.394064284922308],[-2.6223509646861762,43.3940886557588],[-2.6222845552701903,43.394108152601291],[-2.6222093095596977,43.394124287666003],[-2.6221258463521679,43.394135444879304],[-2.6220378406345688,43.394140194755366],[-2.6219479415544984,43.394138456896933],[-2.6218671435953151,43.394130445940746],[-2.6217999758652737,43.394108436653063],[-2.6217442889296474,43.394073770816128],[-2.6216953627380652,43.394032915141402],[-2.6215648104753728,43.393887985089592],[-2.6214696949935927,43.393791788147297],[-2.6214275362673822,43.393743122678714],[-2.6213920078826876,43.393692949287349],[-2.6213633104274292,43.393641176797935],[-2.6213390105062726,43.393586358246324],[-2.6213101189378047,43.393533055242621],[-2.6212747831833099,43.393484502352855],[-2.621232505749215,43.393438897031935],[-2.6211838239535497,43.393391650579538],[-2.6211284106288715,43.393345731573767],[-2.6210664745660384,43.393301321686252],[-2.6209979007268314,43.393260040427215],[-2.6209247353041865,43.393220274665225],[-2.6208536770171307,43.393185376448351],[-2.6207822530825742,43.393160021700247],[-2.6206411604928657,43.393122099720742],[-2.6205675892781044,43.393098357617518],[-2.6204917990841583,43.393071277354309],[-2.6204202837462214,43.393044390418083],[-2.6203555904103255,43.393017526083767],[-2.6202886782194774,43.392987503685752],[-2.6202308647255639,43.392951209242682],[-2.6201908193722123,43.3929072317475],[-2.6201621113881832,43.39285716976228],[-2.6201377222969398,43.392800639805166],[-2.620115795338823,43.392741148350396],[-2.6200872507061543,43.392681364773495],[-2.6200542069604937,43.39262489519016],[-2.6200166638673448,43.392571383019202],[-2.6199747323608191,43.392519477055657],[-2.6199284237083917,43.392467375539873],[-2.6197743689007758,43.392304540070008],[-2.6197213202788108,43.392255566720245],[-2.6196682431283405,43.392211366514601],[-2.6196103593415874,43.392170299156042],[-2.6195437736988265,43.392137036699395],[-2.6194701236980418,43.392109962875054],[-2.6193119887353928,43.392062169482323],[-2.6192383378074853,43.392035274694045],[-2.6191691969468511,43.392003533369056],[-2.6191157551236333,43.391968963761585],[-2.6189753577119492,43.39185280768617],[-2.6189218351948926,43.391814996112814],[-2.6188596584115893,43.391776796394424],[-2.6187909644285208,43.391738845052238],[-2.6187198995040442,43.391705476237803],[-2.6186507389710112,43.391676975237445],[-2.6185834528826741,43.391658114318687],[-2.6185223170129039,43.391648907747516],[-2.6184826636187388,43.391656157327176],[-2.6184539596898566,43.391719531305966],[-2.6184310473728329,43.391752675017187],[-2.6183373058833954,43.391795575519069],[-2.6182734317219287,43.39180085325544],[-2.618208244580865,43.391788301343844],[-2.6181458443061052,43.391753521285672],[-2.6180948838811067,43.391712658163996],[-2.6180482227306419,43.391668476827391],[-2.6180036984657731,43.391624573643327],[-2.6179612617884396,43.39158859953956],[-2.6179094807161807,43.391565198644138],[-2.6178459830091652,43.391559133580607],[-2.6177736891473686,43.391559341305523],[-2.6176970086166897,43.391561065078996],[-2.6176270055611894,43.391553357344343],[-2.6175732089888708,43.391526708852453],[-2.6175351719529241,43.391487599541911],[-2.6174818260750019,43.39138910862448],[-2.6174189740255711,43.391312823296239],[-2.6173799908287871,43.391294416525113],[-2.6172811788680357,43.391302097161848],[-2.6172386768216311,43.391325271971716],[-2.617201468703322,43.391380514962883],[-2.6171968822259868,43.391445951233926],[-2.6171594030414091,43.391512266087844],[-2.6170805274989766,43.391571600741408],[-2.6170355215080137,43.39160412992846],[-2.6169862481684953,43.391635294136925],[-2.6169325167876942,43.3916630225972],[-2.6168748426703274,43.391685877216169],[-2.6168126111896757,43.391705383985418],[-2.6167463351815821,43.391720105703449],[-2.6166758037531426,43.391731572414606],[-2.6166031547757438,43.391739700333098],[-2.6164713460986699,43.391748351080679],[-2.6163576676456355,43.391739684789712],[-2.6162625956676058,43.3917028131183],[-2.6161899131249369,43.391651883109304],[-2.6161416030247713,43.391594911828761],[-2.6160980757110521,43.391522201478253],[-2.6160577139778445,43.391431947542195],[-2.6160239736686348,43.391389699692091],[-2.615977179290669,43.391350469514698],[-2.6159237386288114,43.391315898416515],[-2.6158677032641884,43.391289241602912],[-2.6158049191318411,43.39126724170827],[-2.6157354771166492,43.391251342441997],[-2.615658968709738,43.391241902597507],[-2.6155736742356375,43.391237112786634],[-2.6154882688469292,43.39123385419802],[-2.6154028532248788,43.39123221541368],[-2.6153193210430796,43.391238505925806],[-2.6152377742813528,43.391252995314993],[-2.6150851259552064,43.391288492286357],[-2.6150141171774934,43.39131103005267],[-2.6149583497329041,43.391338660688021],[-2.6149198470214543,43.391373191919854],[-2.6149170107003754,43.39145141672352],[-2.6149622150792875,43.391532236283958],[-2.6149788839928578,43.39161728010037],[-2.6149775116425888,43.391657158034747],[-2.6149385118952675,43.391706001987551],[-2.6148458576001388,43.391721714320667],[-2.614814634811137,43.391732232626048],[-2.6148325330656794,43.391783789413395],[-2.6148729211472252,43.391821467724405],[-2.6148773329460546,43.391880541031881],[-2.6148660028394128,43.391949195198144],[-2.6148538993029726,43.391979313974133],[-2.6148224013851582,43.392001085128044],[-2.6147303459939324,43.392002484093979],[-2.6146263081665095,43.391966931528508],[-2.614565386035415,43.391956191904278],[-2.6145018465171828,43.391956517109264],[-2.6144377082109242,43.391971245594597],[-2.6143734281038458,43.391992364931113],[-2.6142980599148138,43.392011735989016],[-2.6142166451945323,43.392021363585243],[-2.6141334888474947,43.392016490768874],[-2.6140508205197595,43.391998925952471],[-2.613970626608447,43.391976507020466],[-2.6138905431494108,43.391952647691561],[-2.6138099207421104,43.391933559750569],[-2.6137292383575503,43.39192392353128],[-2.613185992047335,43.391913437705867],[-2.6131155925656682,43.39192013210414],[-2.6130664703422553,43.391943101974611],[-2.6130374968606533,43.392016106646977],[-2.6130499183013676,43.392096274856847],[-2.6130702083949262,43.392139828741612],[-2.6130973215970132,43.392183404805479],[-2.6131623967789919,43.392261409962003],[-2.6131824736432252,43.392306672150703],[-2.6131896002698589,43.392354681917091],[-2.6131833796563186,43.39240417729642],[-2.6131596692276911,43.392450101777236],[-2.6131254018073591,43.392490948043651],[-2.6130781520786086,43.392523649066284],[-2.6130202647134477,43.39254803087298],[-2.6129474814405897,43.392560927475508],[-2.6128665242431612,43.392562542590056],[-2.6127854119398322,43.392556325044154],[-2.6127114981613015,43.392538879847187],[-2.6126445483605241,43.392515244213158],[-2.612575278784055,43.392488269932002],[-2.6125128707111043,43.39245510758164],[-2.6124506974137516,43.392417084485409],[-2.6123844885342797,43.392372744556162],[-2.6123138037812241,43.39232821022668],[-2.6122385175526532,43.392286721767519],[-2.6121654499814881,43.392248570631502],[-2.6120964546167365,43.392210433260942],[-2.6119678217139373,43.392135991937799],[-2.6119071955349571,43.3921108474688],[-2.6118462634124127,43.392101726264748],[-2.611804814833929,43.392110911497674],[-2.6117402190445804,43.392125223611842],[-2.6117201390686744,43.392132847048316],[-2.6117199670228519,43.392132912196715],[-2.6116400914320508,43.392163235430715],[-2.6115784359936796,43.392171667621561],[-2.6115083824304124,43.392171878994333],[-2.6114316179671255,43.392170357576255],[-2.6113550798448575,43.392165685315142],[-2.6112742750190923,43.392159377697602],[-2.6111891107123082,43.392149724452366],[-2.6111039610764584,43.392138360346358],[-2.6110234100494907,43.39212404124693],[-2.6108799422942601,43.392092581452651],[-2.6108145520921422,43.392080114681328],[-2.6107511466925035,43.392075666795833],[-2.6105561843455503,43.392071939736816],[-2.61049274718268,43.392072263062794],[-2.6103545946997211,43.392069630479355],[-2.6101181260546142,43.392060179386625],[-2.6098577022303546,43.392055147415313],[-2.6097807244990525,43.392055334108342],[-2.6097125550402973,43.392063472932911],[-2.6096015408540021,43.392099734966614],[-2.6095040179944884,43.392128209980505],[-2.6094424850114541,43.392133491678152],[-2.6093744546749527,43.392135328555298],[-2.6093022742601817,43.392133911409921],[-2.6092300012080383,43.392130962243961],[-2.6091600796025256,43.392126401166323],[-2.6090898021149345,43.392129760952464],[-2.6090257734241442,43.392142956018098],[-2.6089167652972414,43.39218399570715],[-2.6088377703713945,43.39224476406963],[-2.6088078755259607,43.392285895032451],[-2.6087842728581858,43.392330109027583],[-2.6087503136948142,43.392417409939078],[-2.6087630965024142,43.392487946873359],[-2.6087806240556399,43.392548956211165],[-2.6087601080143323,43.392572654195149],[-2.6086736002027044,43.392598105564943],[-2.6086120672603186,43.392603295870181],[-2.6084893769453723,43.392602514840284],[-2.6080511937386728,43.392593896804563],[-2.6079021264479305,43.392594284465517],[-2.6078187021960537,43.392599129153105],[-2.6077265032973105,43.392606915153742],[-2.6076339889468181,43.392616319899759],[-2.6075437347049508,43.392622580766528],[-2.6074602918630192,43.392630486644535],[-2.6073830185074587,43.392644985095544],[-2.6073121269131359,43.392664367814739],[-2.6072433529069592,43.392686997566301],[-2.6071724525732929,43.392707910026125],[-2.6070975189406917,43.392722596409826],[-2.6070137709269252,43.392730500913359],[-2.6068269493546339,43.392742910748339],[-2.6065323021122428,43.392770614409322],[-2.6064374148280862,43.392784870629072],[-2.6063403678851542,43.392802181752181],[-2.6062430961814633,43.392822731822868],[-2.6061525457119306,43.392843396803165],[-2.6060686313090633,43.392860932109564],[-2.6059869795483008,43.392875324490063],[-2.6059056846454536,43.392881705875617],[-2.6058200527837467,43.392881679990658],[-2.6057323947002833,43.392879936209283],[-2.6056468553997139,43.392881441271541],[-2.6055741931134944,43.392891182937326],[-2.6055310629457926,43.392931907211704],[-2.6055819813179872,43.392977728226739],[-2.6056702866207906,43.393020977699976],[-2.6057219412648509,43.393047535253977],[-2.605811740022729,43.393111675604871],[-2.6058323031593558,43.393143977934656],[-2.6058313015205381,43.393172783342507],[-2.6057769084107418,43.393222740777119],[-2.6056725901230506,43.393262353717972],[-2.6056127249131666,43.393277180226328],[-2.6055465470034695,43.393291896686506],[-2.605409548538717,43.393314829363845],[-2.6053456202928609,43.39332802361244],[-2.6052174488179038,43.393355938971261],[-2.6051467997173532,43.393368928017935],[-2.6050739020539146,43.393383440013686],[-2.6050010155208758,43.393396423044607],[-2.6049283419955915,43.393407784161795],[-2.6048559242265008,43.393411134851355],[-2.6047857661731264,43.393411431788913],[-2.6046519881250947,43.393408806532406],[-2.60458190029548,43.393413875949662],[-2.6045111522091213,43.393426865161594],[-2.6044511430804116,43.393447993683196],[-2.6043830121702682,43.393512307365022],[-2.6043232597512631,43.393587904663924],[-2.6042502711838256,43.393663185093921],[-2.6042117410140739,43.393700774123445],[-2.604198530144147,43.393712342350014],[-2.6041984171312644,43.393712441908363],[-2.6041687317072513,43.393738256691712],[-2.6041169865736236,43.393772468299886],[-2.604017975177952,43.393840816008513],[-2.6039413236908064,43.393900149269761],[-2.6038931902110103,43.393958410677968],[-2.6038425707602788,43.394022966572798],[-2.6037851999139141,43.394092179570173],[-2.6037276760671459,43.394169314127588],[-2.6036933075988173,43.394208628245728],[-2.6036546866431363,43.394244505022144],[-2.6036119102688535,43.394277396812669],[-2.6035097684145239,43.394310532107816],[-2.6034616217174897,43.394308024017363],[-2.6033996970029714,43.394263514568898],[-2.6033288937133259,43.394222304138943],[-2.6032894916251799,43.39422153805355],[-2.6032270978959837,43.394249139064364],[-2.6031600396584245,43.394289328291613],[-2.6030714183770898,43.394309997519855],[-2.6029980393981669,43.394335760286744],[-2.6029506404242762,43.394374757911088],[-2.6028924900405941,43.394407325920838],[-2.6028040815847975,43.394426374878506],[-2.6026987892702724,43.394427538093943],[-2.6025988338003536,43.394406393211604],[-2.6024871774050604,43.394399431008431],[-2.6024235453038127,43.394398219322625],[-2.6023513729954288,43.394395177015795],[-2.6022793107212556,43.394390604288752],[-2.6022092951873508,43.394384417833635],[-2.6021437400695224,43.394381578501367],[-2.6020244631417246,43.394403218999678],[-2.6019029150311899,43.394429622928151],[-2.6018408885057251,43.394447593294636],[-2.6017831179677575,43.394468817349434],[-2.6016760950825821,43.39451625019165],[-2.6016206737394674,43.394536042533957],[-2.6015021037463963,43.394543190478572],[-2.6014539776073224,43.394537530055437],[-2.6013926779830983,43.394475645804526],[-2.6013326047883778,43.394381716239188],[-2.6012685239329745,43.394278137901097],[-2.6012375229174447,43.394223202583731],[-2.6012177531730951,43.394163624104586],[-2.6012178454213948,43.394102855158323],[-2.6012439804395342,43.394045868845929],[-2.6013181095042262,43.39393701310069],[-2.6013532350785877,43.39387546493041],[-2.6013839839046367,43.393813633160669],[-2.6014125834605535,43.393753413792801],[-2.6014279476094067,43.393692968201435],[-2.6014390464165369,43.393630886039993],[-2.6014436381633299,43.393567072154013],[-2.601434772041316,43.393506090991238],[-2.6014172415645409,43.393446611288148],[-2.6013690573206949,43.393325804337806],[-2.6013451437062121,43.393261349020612],[-2.6013189915508583,43.393196886794449],[-2.6012559333473857,43.393061443419377],[-2.60121486637843,43.392988736008029],[-2.6011712133908054,43.392922321782258],[-2.6011251768700969,43.39286220234596],[-2.6010725116529261,43.39280367876966],[-2.6010155712459797,43.392745051109429],[-2.6009540482258862,43.392686316485332],[-2.6008882293610505,43.392630629251819],[-2.6008178310217205,43.392574924194612],[-2.6007408933551548,43.39252225777966],[-2.600665962429086,43.392474460726937],[-2.600586416998564,43.392431417170101],[-2.6005003666171782,43.392386552644176],[-2.6004120671728153,43.392343299196504],[-2.6003191431497745,43.392306331738595],[-2.6002197966248164,43.392270782467321],[-2.6001221599949469,43.392238478892374],[-2.6000334701103038,43.392207918271538],[-2.5999403227097773,43.392174191328891],[-2.5998320062074014,43.392140139298505],[-2.5995043165046949,43.392052201840166],[-2.5994042843398129,43.392027902329943],[-2.5993066064189838,43.392001991078637],[-2.5992069126619155,43.391972831074121],[-2.5991071260098475,43.391942230844045],[-2.5990097049118148,43.391908307171377],[-2.5989213537522611,43.39187297451128],[-2.5988414757149547,43.391834612690033],[-2.5987708211183973,43.391786918535189],[-2.5987114887810332,43.391736292594004],[-2.5986520974185501,43.391679095860745],[-2.5985972989195298,43.391620473602742],[-2.598544647901893,43.391560328998722],[-2.5984986238823682,43.391498676877696],[-2.5984003995321965,43.391370580327013],[-2.5983567400713232,43.391305785789953],[-2.5983174690551016,43.391239476791576],[-2.5982480083205486,43.391103737292674],[-2.5981782196738061,43.39097132914705],[-2.5981412799826868,43.390906738222682],[-2.5981017742103414,43.390845198883973],[-2.598057960009625,43.39078841675267],[-2.5980115696650254,43.390736396112111],[-2.5979629283204049,43.390685898297349],[-2.5979142686479171,43.390638371869052],[-2.5978145924136644,43.390545379885843],[-2.5977614296734202,43.39050125835],[-2.5977058956808388,43.390461719822447],[-2.5976479748547203,43.39042874522643],[-2.597587695309088,43.39039864282833],[-2.5975185336992874,43.390371839890079],[-2.5974470002043359,43.390349710880756],[-2.5973753357643994,43.390332262784938],[-2.597301205246596,43.390318045765696],[-2.5972250274028443,43.390305352246365],[-2.5971421203112652,43.390294166630859],[-2.5970550286591814,43.390284496069512],[-2.5969632437536085,43.390276338760088],[-2.5968756106101236,43.390271437617741],[-2.5967968249742372,43.390268278449128],[-2.5967241865670538,43.390274863019762],[-2.5966514020424603,43.39028783929578],[-2.5965031027548924,43.390326478365992],[-2.5964364760454397,43.39034757934526],[-2.5963745216861036,43.390370317578856],[-2.5963141850767375,43.390394681391705],[-2.5962650267577789,43.390422506330637],[-2.5962034180563309,43.390485219194055],[-2.596165792034427,43.390554858301414],[-2.5961171518974537,43.390627339926311],[-2.596036363556661,43.390680260144343],[-2.5959764441143145,43.390703095393206],[-2.5959100313026262,43.390722576016913],[-2.5958434374928196,43.390738815257059],[-2.5957835394634889,43.390758408874561],[-2.5956979944591367,43.39082229658063],[-2.5956127379971154,43.390873400709815],[-2.5955642259417497,43.390880431829579],[-2.5955208074115457,43.390871634894765],[-2.5954551709974294,43.390804780534765],[-2.5953808045667208,43.390688288777596],[-2.5953325471262123,43.390626447383596],[-2.5952939294224193,43.390600202298089],[-2.5951918671864851,43.390575801870227],[-2.595073312556166,43.390581504298872],[-2.5950071566695625,43.390592972238906],[-2.5949366339386706,43.39060271562726],[-2.5948596161029802,43.390609193456768],[-2.5947847240975683,43.390617389614171],[-2.5946589065837555,43.390643681590959],[-2.5945653983945061,43.390680260313452],[-2.5944854908731299,43.39070752614883],[-2.5944105699506697,43.390720403377344],[-2.5943398000223041,43.390736627831544],[-2.5942158831767825,43.390767785769178],[-2.594151606381129,43.390787363895228],[-2.5939477844659606,43.390845697051489],[-2.5938234762179184,43.390889548561553],[-2.5937549252559085,43.39090902213966],[-2.5936817012634443,43.390926766425764],[-2.593606787656654,43.390938113295249],[-2.5935300965201984,43.3909414407292],[-2.593451230027993,43.390935127407445],[-2.5933729462466375,43.390917562329278],[-2.5932970251884968,43.390896944983979],[-2.5932300052420785,43.390870057927103],[-2.5931720997524734,43.390835280229929],[-2.5931187961388913,43.390797548304469],[-2.5930654226432823,43.390754953696828],[-2.593003508574907,43.390710528678611],[-2.5929417175648197,43.390663042548105],[-2.592884418144108,43.390613772381627],[-2.592829287425197,43.390560008577609],[-2.5927744853110348,43.390502914266264],[-2.5927218187222287,43.390446098567544],[-2.5926208965630551,43.390327439410122],[-2.5925772235154096,43.390265703225616],[-2.5925380384093941,43.390202723289725],[-2.5925071914147986,43.39014139385278],[-2.5924546492926095,43.390020385667604],[-2.5924173793204277,43.389960564073995],[-2.5923689777165033,43.389905293265691],[-2.5923160679043353,43.389854687785189],[-2.5922608948922909,43.389807225772408],[-2.5922052632791064,43.389767774267305],[-2.5921518484638351,43.389731571346303],[-2.5921007861372196,43.389693846932694],[-2.592056382724361,43.389649844026273],[-2.5920162786337206,43.389602704878222],[-2.5919743417247556,43.389555470032469],[-2.5918680706534638,43.389460649332285],[-2.5918172982464545,43.389410140389394],[-2.5917710161411986,43.389358028449699],[-2.5917292448845153,43.389301251174409],[-2.5916940794022425,43.389246296559243],[-2.591663336214713,43.389184967255659],[-2.5916394460013272,43.389118980092853],[-2.5916179082257735,43.38905129137715],[-2.5915918675696048,43.388986918227594],[-2.5915400579158114,43.388848447158402],[-2.5914946618827961,43.388710089917019],[-2.5914752724941703,43.3886409681296],[-2.5914407585337025,43.388504360581784],[-2.5914213474969494,43.388438480312374],[-2.5913996853512495,43.388374121854589],[-2.5913754562521882,43.38831290578257],[-2.5913448964064627,43.388254726800298],[-2.5913051307942694,43.388202817136033],[-2.5912586245433702,43.388153945784644],[-2.5911614392172742,43.388056185405375],[-2.5911128075480856,43.388005594646735],[-2.591062126684696,43.387956617343221],[-2.5910111204007187,43.387910878659383],[-2.5909578533684776,43.387868285230013],[-2.5908405391579827,43.387781346178926],[-2.5907787630782848,43.387732148062618],[-2.5907148511810791,43.387682944069795],[-2.5906464461701866,43.387635252916553],[-2.5905736566921331,43.387589075884222],[-2.5904985931201945,43.387547663028926],[-2.5904164755844805,43.387510907183092],[-2.5903300595676937,43.387477196498075],[-2.5902410444923625,43.38745139856379],[-2.5900582042927507,43.387419050298675],[-2.5899757851607808,43.387396697497636],[-2.5898200923282362,43.387339329123115],[-2.5897377983357148,43.387313644947014],[-2.5896486703668407,43.387289647039211],[-2.5895617626513152,43.387268717647856],[-2.5893814298533537,43.387226835266794],[-2.5891901042576357,43.387184733025016],[-2.5890964652659547,43.387165308958764],[-2.5890051580771933,43.387147604044166],[-2.5889136368799495,43.38713142994694],[-2.5888220932073209,43.387118405457713],[-2.5887281655332428,43.3871117636916],[-2.5886341256753256,43.387106743149069],[-2.5885440021571466,43.387109749693231],[-2.5884557352843194,43.387123925683454],[-2.5883695750799398,43.38714315078829],[-2.5882876573794786,43.387167072522779],[-2.5882055139594731,43.387194234993252],[-2.5881231356828174,43.387226168024917],[-2.5880409713923731,43.387256571909177],[-2.5879564429885398,43.387290026933854],[-2.5878719053704762,43.387325192710968],[-2.5877871523351352,43.387361888407966],[-2.5877068674179298,43.387400220953594],[-2.5876330852976004,43.387440376882644],[-2.587559316532313,43.387478912908691],[-2.5874857812801708,43.387512677362793],[-2.58741215692908,43.387544821544736],[-2.5872542179720441,43.387608801050668],[-2.587096256075669,43.387676111006265],[-2.5869622068468039,43.387745398045702],[-2.586892958703666,43.387777556796422],[-2.5868175339287296,43.387804742535309],[-2.5867376610422586,43.387827320774527],[-2.5866602528335507,43.387846576214017],[-2.5865852203324051,43.387861068723417],[-2.5865123463576252,43.387872418325735],[-2.5864419058996373,43.387885398385599],[-2.5863755145893537,43.38790172199716],[-2.5863155040864503,43.387922931061929],[-2.5862618633652192,43.387950645453088],[-2.5862123625838418,43.387983236308088],[-2.5861671170885669,43.388019174191164],[-2.5860809488119196,43.388098987675455],[-2.5860335329112227,43.388139598169744],[-2.5859859021946154,43.388181829570314],[-2.5859381579164906,43.38822567954211],[-2.5858969987433782,43.388274325703584],[-2.5858602279602825,43.388321637972219],[-2.5858299833532254,43.388367353059976],[-2.5858114673301156,43.388454883222529],[-2.5858183810806055,43.388501364088164],[-2.5858342503513576,43.388548146618909],[-2.5858485043449426,43.388637957427143],[-2.5858470209271216,43.38867630386364],[-2.585803374479422,43.388731333248224],[-2.5857225024233172,43.388780916041298],[-2.5856335600621549,43.388819124813949],[-2.5855341077500085,43.388845952507019],[-2.585464374702084,43.388889363305957],[-2.5854099706503031,43.388939401090134],[-2.5853495642044622,43.388973393644363],[-2.5852634452235521,43.388986044193551],[-2.5851600298864348,43.388996831046455],[-2.5850571066779886,43.388994836856668],[-2.5850161780294898,43.388979652698033],[-2.5849764290326527,43.38892603095475],[-2.5849588141066873,43.388866637526469],[-2.584918918529906,43.388819496642405],[-2.5848565078976109,43.388789469838542],[-2.5848012509010703,43.388740473157497],[-2.5847384648115792,43.388660929384827],[-2.5846865494143505,43.388584755804956],[-2.5846229319886218,43.388522854093637],[-2.5845346402918845,43.388480939062482],[-2.584486487364682,43.388480133808415],[-2.5844553512317803,43.388492264047201],[-2.584422842467454,43.38854121124028],[-2.5843899524177742,43.388601320771187],[-2.5843444579925658,43.388643649292092],[-2.584271921480418,43.388650226325836],[-2.5842352589956161,43.388636678198303],[-2.5841871268524308,43.388573392726592],[-2.5841678802940979,43.388499408711986],[-2.5841482408100322,43.388438297845887],[-2.584101469353024,43.388399053797947],[-2.584034300842684,43.388380082929721],[-2.5839492500111425,43.388370409809312],[-2.5838531250490586,43.388357365578813],[-2.5837729570731618,43.388333485744219],[-2.5837119201132728,43.388325879924523],[-2.5836464273141262,43.388315017144052],[-2.5835452487593793,43.388266662162785],[-2.5835113865976966,43.388230797432705],[-2.5834989937672987,43.38815224688512],[-2.5835006014684416,43.388110749366597],[-2.5834403411358045,43.388079198859067],[-2.5833879241056583,43.388076576718156],[-2.5833415484036841,43.388024550161788],[-2.5833094091333262,43.387945387379936],[-2.5832800141981491,43.387911338848255],[-2.5832777632941353,43.387910274422772],[-2.583259397171934,43.406612007309832],[-2.7365270526832464,43.502127328629278]],[[-2.8166931888229345,43.43382039855819],[-2.8166693916683996,43.433839085965772],[-2.8166318833900648,43.433843347941298],[-2.8165270516488348,43.43383885678378],[-2.8164798475874457,43.433780982680048],[-2.8164463507154585,43.433739244837682],[-2.8164325893738433,43.433707533553914],[-2.8164287115135149,43.433675836333414],[-2.8164289976388122,43.433580766506196],[-2.8164389476262919,43.433559175512649],[-2.8164608129320641,43.4335390452475],[-2.816488433239599,43.433536209065579],[-2.8165140349718603,43.433560647576705],[-2.816561253467873,43.433647241234659],[-2.8165809377246664,43.433674641690885],[-2.8166203674547883,43.433709186386551],[-2.8166578071027466,43.433761192817272],[-2.8166932586590581,43.433797260957206],[-2.8166931888229345,43.43382039855819]],[[-2.8154524255975564,43.433566225647297],[-2.8154521104463535,43.433669937851],[-2.8154657224521635,43.433750625759075],[-2.8154616043610563,43.433798154255626],[-2.8154319422952367,43.433802337554411],[-2.8153924224660867,43.433798042594809],[-2.8153509917910555,43.433785011166052],[-2.8152502378307771,43.433745955719665],[-2.8151968833924665,43.433734255631173],[-2.8151296377408275,43.433734146039967],[-2.8151079782115627,43.433719796723757],[-2.8151021736462889,43.43368521583492],[-2.8151042326010596,43.433644886642959],[-2.8151181817905946,43.433614658904347],[-2.8151677690501722,43.43355847234929],[-2.8152015449116314,43.433508201327321],[-2.8152134916045264,43.433466447405671],[-2.8152176887537794,43.433392990864057],[-2.8152258200767699,43.43333250431759],[-2.8152417228123308,43.433296518701447],[-2.8152615718995944,43.433269091840486],[-2.8152794594908701,43.433250395178447],[-2.8153111159019972,43.433227399538197],[-2.8153428373359874,43.433215926929279],[-2.8153685226332152,43.433213087893101],[-2.8154456448152447,43.433216092891669],[-2.8154851596163577,43.433221919474185],[-2.8155127332016652,43.433234838457167],[-2.8155304879428131,43.433259444618159],[-2.8155323450683505,43.433285465837585],[-2.8155242293778593,43.433374671075434],[-2.8155102539189985,43.433413631292737],[-2.8154665409109048,43.433481261268156],[-2.8154524255975564,43.433566225647297]],[[-2.8167395052939872,43.433530850677123],[-2.8167100214096807,43.433476066558285],[-2.8166804754746981,43.433441447692807],[-2.8166904154200769,43.43342273716933],[-2.8167181425652643,43.433418460398613],[-2.8167458380464301,43.433424266701167],[-2.8167971164735679,43.433448747193445],[-2.8168523347896497,43.43348484785178],[-2.8169154654394291,43.433532574129828],[-2.8170003865734423,43.433584567314512],[-2.8170496801086555,43.433624889564364],[-2.8170574694058317,43.433643716725491],[-2.8170574086569427,43.433663883789407],[-2.8170415416153887,43.43368834587833],[-2.8170217325249007,43.433702718527208],[-2.8169901341743846,43.433706989176095],[-2.8169584593130836,43.433702617267983],[-2.8168991944973558,43.433690997656697],[-2.8167984020891432,43.433664818907637],[-2.8167552651159413,43.433575530567218],[-2.8167395052939872,43.433530850677123]]]},"properties":{"OBJECTID":10,"SITE_CODE":"ES0000490","SITE_NAME":"ZEPA Espacio Marino de la Ría de Mundaka-Cabo de Ogoño","AC":"PAÍS VASCO","TIPO":"A","HECTAREAS":17541.975783099999,"SHAPE.AREA":0,"SHAPE.LEN":0}}]}