{"type":"FeatureCollection", "features": [
{"type":"Feature","geometry":{"type":"MultiPolygon","coordinates":[[[[-3.2622,42.8588],[-3.2532,42.8521],[-3.2363,42.8375],[-3.2257,42.8298],[-3.2168,42.8261],[-3.2052,42.8272],[-3.2221,42.8384],[-3.2091,42.8442],[-3.2067,42.8512],[-3.2003,42.855],[-3.1903,42.8693],[-3.1838,42.8664],[-3.1723,42.8568],[-3.1595,42.8565],[-3.1558,42.8588],[-3.1638,42.8663],[-3.1632,42.8725],[-3.1645,42.8766],[-3.1637,42.8825],[-3.1675,42.8855],[-3.1736,42.8858],[-3.1782,42.8839],[-3.1843,42.8865],[-3.19,42.8859],[-3.1935,42.89],[-3.2019,42.8944],[-3.2089,42.8937],[-3.214,42.8991],[-3.2188,42.8994],[-3.2184,42.9031],[-3.2142,42.9062],[-3.2091,42.9019],[-3.203,42.8994],[-3.1955,42.9006],[-3.1915,42.8956],[-3.1908,42.8926],[-3.1891,42.894],[-3.1902,42.8966],[-3.1893,42.8985],[-3.1898,42.9002],[-3.1872,42.9065],[-3.1833,42.9072],[-3.1792,42.9115],[-3.1799,42.9148],[-3.1868,42.9176],[-3.1932,42.9146],[-3.1944,42.9102],[-3.1874,42.9064],[-3.1901,42.9002],[-3.1895,42.8987],[-3.1909,42.8959],[-3.1926,42.8973],[-3.1954,42.9008],[-3.1945,42.9066],[-3.1994,42.9112],[-3.2066,42.9131],[-3.2118,42.9113],[-3.2206,42.9157],[-3.2263,42.917],[-3.2314,42.9256],[-3.2361,42.9297],[-3.2412,42.93],[-3.2477,42.9188],[-3.2482,42.9123],[-3.2774,42.9017],[-3.2764,42.8871],[-3.287,42.8848],[-3.2829,42.8755],[-3.2622,42.8588]]],[[[-3.1501,42.8702],[-3.1417,42.8724],[-3.1413,42.8762],[-3.1449,42.8799],[-3.1512,42.8804],[-3.1489,42.8831],[-3.1465,42.8883],[-3.1387,42.8894],[-3.1356,42.8952],[-3.139,42.8979],[-3.1462,42.8987],[-3.147,42.9053],[-3.1493,42.9079],[-3.1571,42.9092],[-3.1639,42.9139],[-3.1725,42.9139],[-3.1758,42.9104],[-3.1743,42.9062],[-3.1707,42.9043],[-3.1619,42.9033],[-3.1572,42.8991],[-3.1508,42.8957],[-3.1501,42.89],[-3.1467,42.8884],[-3.1492,42.8829],[-3.1553,42.8786],[-3.1566,42.8744],[-3.1501,42.8702]]],[[[-1.9523,43.1912],[-1.9612,43.1923],[-1.9627,43.1979],[-1.958,43.2003],[-1.9546,43.2067],[-1.9575,43.2087],[-1.9531,43.2148],[-1.9592,43.2201],[-1.9601,43.2261],[-1.9494,43.2282],[-1.9424,43.2265],[-1.9397,43.2303],[-1.9478,43.2315],[-1.9498,43.2342],[-1.9456,43.2386],[-1.9417,43.2364],[-1.9343,43.2354],[-1.9336,43.2302],[-1.9356,43.2266],[-1.9326,43.2235],[-1.9346,43.2181],[-1.9417,43.2149],[-1.9438,43.2037],[-1.9408,43.2031],[-1.9392,43.2144],[-1.9342,43.2156],[-1.929,43.2221],[-1.9261,43.2219],[-1.9194,43.2167],[-1.9146,43.2249],[-1.9086,43.2249],[-1.9101,43.2207],[-1.9044,43.2198],[-1.9042,43.212],[-1.8955,43.2096],[-1.8919,43.21],[-1.8879,43.2147],[-1.8823,43.2115],[-1.8751,43.2109],[-1.8766,43.2149],[-1.8741,43.2201],[-1.8791,43.2206],[-1.877,43.232],[-1.869,43.23],[-1.8647,43.2218],[-1.8667,43.2181],[-1.8548,43.2156],[-1.8535,43.221],[-1.8455,43.2252],[-1.841,43.2239],[-1.83,43.2291],[-1.8257,43.2284],[-1.8225,43.2314],[-1.8224,43.2359],[-1.819,43.239],[-1.8079,43.2392],[-1.804,43.2446],[-1.7951,43.2463],[-1.7958,43.2537],[-1.793,43.2564],[-1.7952,43.2646],[-1.7913,43.2693],[-1.7942,43.2765],[-1.787,43.2796],[-1.7828,43.2859],[-1.7732,43.289],[-1.7647,43.2859],[-1.7613,43.2895],[-1.7453,43.2931],[-1.7396,43.296],[-1.7294,43.2937],[-1.7338,43.3033],[-1.7357,43.3102],[-1.7416,43.3164],[-1.7384,43.3206],[-1.7371,43.3301],[-1.7412,43.3316],[-1.7493,43.3311],[-1.7527,43.3333],[-1.7528,43.3406],[-1.7585,43.3441],[-1.7686,43.3422],[-1.7762,43.3441],[-1.7779,43.3481],[-1.784,43.3487],[-1.7898,43.3532],[-1.7877,43.357],[-1.7793,43.3629],[-1.7871,43.3663],[-1.7911,43.3716],[-1.7909,43.3785],[-1.7961,43.3823],[-1.7906,43.3876],[-1.7913,43.3934],[-1.7944,43.3938],[-1.8004,43.3908],[-1.8143,43.3875],[-1.8206,43.385],[-1.8318,43.3841],[-1.8403,43.3808],[-1.843,43.3775],[-1.852,43.3773],[-1.8547,43.3744],[-1.8598,43.3738],[-1.8708,43.3691],[-1.8717,43.3643],[-1.8757,43.3609],[-1.8792,43.3541],[-1.8853,43.3492],[-1.8963,43.3439],[-1.9186,43.3362],[-1.9258,43.3361],[-1.9233,43.3299],[-1.9136,43.319],[-1.9234,43.3232],[-1.9216,43.3264],[-1.9314,43.3355],[-1.9446,43.3343],[-1.9578,43.3363],[-1.9606,43.3376],[-1.9666,43.3359],[-1.9714,43.3322],[-1.9719,43.3283],[-1.9822,43.3254],[-1.989,43.3275],[-1.9862,43.3209],[-1.9898,43.3161],[-1.9966,43.3153],[-2.005,43.3185],[-2.0084,43.3242],[-2.0154,43.3207],[-2.0224,43.3223],[-2.0251,43.3204],[-2.0305,43.321],[-2.0379,43.3173],[-2.0454,43.3169],[-2.0507,43.3133],[-2.0708,43.3109],[-2.0738,43.3074],[-2.0822,43.3081],[-2.0963,43.3039],[-2.1029,43.303],[-2.1129,43.2994],[-2.1199,43.2957],[-2.13,43.2877],[-2.1344,43.2915],[-2.149,43.2947],[-2.1539,43.2912],[-2.1686,43.2882],[-2.1786,43.288],[-2.1789,43.2912],[-2.1841,43.2945],[-2.1897,43.2927],[-2.1939,43.2995],[-2.2009,43.3006],[-2.2051,43.3043],[-2.2148,43.3077],[-2.2157,43.3089],[-2.2206,43.3094],[-2.2282,43.311],[-2.2394,43.308],[-2.2389,43.305],[-2.2409,43.3035],[-2.2441,43.3032],[-2.246,43.3014],[-2.2483,43.3023],[-2.2529,43.2942],[-2.2565,43.2963],[-2.2517,43.3023],[-2.2575,43.3037],[-2.2618,43.2992],[-2.2677,43.3004],[-2.2712,43.2981],[-2.2866,43.2945],[-2.2952,43.2951],[-2.3067,43.2979],[-2.3237,43.2965],[-2.3355,43.3008],[-2.3448,43.3031],[-2.3457,43.3002],[-2.355,43.2983],[-2.3572,43.3038],[-2.3665,43.3054],[-2.3733,43.3094],[-2.3796,43.311],[-2.383,43.314],[-2.4004,43.3218],[-2.4099,43.3226],[-2.4116,43.321],[-2.4208,43.3233],[-2.4197,43.3277],[-2.4294,43.3328],[-2.4356,43.3342],[-2.4451,43.333],[-2.453,43.3363],[-2.4565,43.3369],[-2.46,43.3354],[-2.4638,43.3392],[-2.4724,43.3509],[-2.4755,43.3511],[-2.4789,43.3555],[-2.485,43.3577],[-2.4874,43.3632],[-2.4956,43.3639],[-2.4991,43.3626],[-2.5069,43.3749],[-2.5095,43.3772],[-2.5204,43.375],[-2.5339,43.3765],[-2.5396,43.3747],[-2.5434,43.3727],[-2.5504,43.3741],[-2.5528,43.376],[-2.5537,43.3819],[-2.5585,43.3848],[-2.5585,43.3879],[-2.5626,43.3905],[-2.5718,43.3901],[-2.5821,43.3858],[-2.5847,43.3886],[-2.5903,43.3875],[-2.5937,43.3909],[-2.5974,43.3903],[-2.6015,43.3945],[-2.609,43.3921],[-2.6174,43.3913],[-2.6219,43.3941],[-2.6284,43.3954],[-2.6328,43.4],[-2.638,43.4028],[-2.6364,43.4119],[-2.6456,43.4159],[-2.6513,43.4114],[-2.6609,43.4091],[-2.6654,43.4117],[-2.6722,43.4133],[-2.6789,43.4107],[-2.6846,43.4047],[-2.6848,43.402],[-2.691,43.4001],[-2.6921,43.3973],[-2.6806,43.3947],[-2.6832,43.3925],[-2.6816,43.3838],[-2.6772,43.3789],[-2.6782,43.3755],[-2.6853,43.3767],[-2.6879,43.3899],[-2.6949,43.3935],[-2.6936,43.3971],[-2.6965,43.4051],[-2.6968,43.4103],[-2.7019,43.4152],[-2.7091,43.4187],[-2.7201,43.4187],[-2.7203,43.4255],[-2.727,43.4258],[-2.736,43.4277],[-2.7425,43.4343],[-2.7434,43.4382],[-2.7481,43.445],[-2.7468,43.4521],[-2.7531,43.4565],[-2.7606,43.4499],[-2.7737,43.4473],[-2.7765,43.4448],[-2.7832,43.4449],[-2.7967,43.439],[-2.8004,43.4329],[-2.8055,43.4306],[-2.8109,43.4307],[-2.817,43.4334],[-2.8232,43.4344],[-2.8264,43.4318],[-2.8345,43.4313],[-2.8403,43.4328],[-2.8476,43.4324],[-2.8499,43.4303],[-2.8681,43.4311],[-2.8704,43.4351],[-2.8851,43.4361],[-2.8966,43.4345],[-2.9075,43.4384],[-2.9122,43.437],[-2.9156,43.4386],[-2.9286,43.4362],[-2.9318,43.4344],[-2.947,43.4358],[-2.9457,43.4315],[-2.9515,43.4301],[-2.9537,43.4274],[-2.9529,43.4225],[-2.9464,43.4186],[-2.945,43.4128],[-2.9526,43.4109],[-2.9601,43.4155],[-2.9697,43.4128],[-2.9719,43.4073],[-2.9763,43.4025],[-2.9857,43.3984],[-2.9942,43.3894],[-3.0075,43.3825],[-3.0132,43.3826],[-3.0219,43.3783],[-3.0307,43.3784],[-3.0375,43.3731],[-3.0333,43.3672],[-3.0193,43.3584],[-3.0218,43.354],[-3.0199,43.3513],[-3.0122,43.3474],[-3.0152,43.3407],[-3.01,43.3375],[-3.0167,43.3273],[-3.0221,43.3268],[-3.0311,43.3302],[-3.0301,43.3353],[-3.0372,43.3361],[-3.0438,43.3391],[-3.0444,43.342],[-3.0502,43.3426],[-3.0566,43.3394],[-3.0549,43.3329],[-3.0489,43.3296],[-3.0545,43.3271],[-3.0583,43.3319],[-3.0645,43.3334],[-3.0689,43.3327],[-3.0773,43.3353],[-3.0739,43.3383],[-3.0751,43.3431],[-3.0689,43.3433],[-3.0615,43.3503],[-3.0707,43.3545],[-3.0688,43.3597],[-3.0481,43.3571],[-3.0473,43.3589],[-3.0597,43.3618],[-3.072,43.3627],[-3.0754,43.3549],[-3.0802,43.3582],[-3.1041,43.3656],[-3.1111,43.3622],[-3.1134,43.3567],[-3.1125,43.3507],[-3.1207,43.3478],[-3.1279,43.3536],[-3.144,43.3514],[-3.1532,43.3525],[-3.1504,43.3487],[-3.1502,43.3419],[-3.1458,43.3435],[-3.1321,43.3418],[-3.1277,43.3389],[-3.1199,43.34],[-3.1173,43.3385],[-3.1231,43.3308],[-3.1289,43.3354],[-3.1377,43.3358],[-3.1403,43.3321],[-3.136,43.3243],[-3.1371,43.3199],[-3.1335,43.3157],[-3.1276,43.3133],[-3.1205,43.306],[-3.1218,43.2998],[-3.1242,43.2997],[-3.1261,43.2987],[-3.1263,43.2948],[-3.1282,43.2936],[-3.1277,43.2925],[-3.1302,43.289],[-3.1348,43.2942],[-3.1406,43.2958],[-3.1474,43.2951],[-3.1553,43.2916],[-3.1587,43.2966],[-3.1632,43.298],[-3.1737,43.2956],[-3.1787,43.2906],[-3.1752,43.2862],[-3.1694,43.2854],[-3.172,43.2796],[-3.1697,43.2717],[-3.1608,43.2668],[-3.1623,43.2638],[-3.1672,43.262],[-3.169,43.2631],[-3.1745,43.2633],[-3.1847,43.2626],[-3.1892,43.2639],[-3.1885,43.2673],[-3.1976,43.274],[-3.2088,43.2749],[-3.2163,43.2745],[-3.2147,43.2709],[-3.2089,43.266],[-3.2044,43.2642],[-3.2021,43.2561],[-3.2091,43.259],[-3.2163,43.2563],[-3.2226,43.2569],[-3.2287,43.2533],[-3.2292,43.2502],[-3.222,43.2351],[-3.2163,43.2337],[-3.209,43.2378],[-3.2069,43.2418],[-3.2079,43.2458],[-3.2009,43.25],[-3.1961,43.2549],[-3.1918,43.2539],[-3.1858,43.2574],[-3.1865,43.2617],[-3.1806,43.2628],[-3.1763,43.2623],[-3.1697,43.2628],[-3.1665,43.2554],[-3.1624,43.2535],[-3.1645,43.2465],[-3.1599,43.2434],[-3.1546,43.2424],[-3.1493,43.2442],[-3.1471,43.2491],[-3.1499,43.2546],[-3.1453,43.2577],[-3.1436,43.2641],[-3.1363,43.2627],[-3.1331,43.26],[-3.1269,43.2596],[-3.123,43.2617],[-3.1037,43.2612],[-3.107,43.2541],[-3.1066,43.2513],[-3.1138,43.2466],[-3.113,43.2413],[-3.1058,43.2391],[-3.1015,43.2405],[-3.0988,43.2459],[-3.0909,43.2462],[-3.0874,43.2494],[-3.0815,43.248],[-3.082,43.245],[-3.0753,43.2381],[-3.0726,43.23],[-3.0736,43.2252],[-3.0795,43.2235],[-3.0789,43.2209],[-3.0738,43.2222],[-3.0707,43.2197],[-3.072,43.219],[-3.0709,43.2162],[-3.0666,43.2141],[-3.062,43.2097],[-3.0605,43.2072],[-3.0586,43.2059],[-3.0581,43.2037],[-3.0606,43.2023],[-3.0654,43.1994],[-3.0725,43.2001],[-3.0755,43.203],[-3.0737,43.2077],[-3.0765,43.2104],[-3.0874,43.2129],[-3.0906,43.2169],[-3.0944,43.218],[-3.1046,43.218],[-3.108,43.2168],[-3.1205,43.2173],[-3.1167,43.2239],[-3.1229,43.2281],[-3.1293,43.2268],[-3.1318,43.2233],[-3.1421,43.2193],[-3.1436,43.2166],[-3.1506,43.219],[-3.1544,43.2239],[-3.1647,43.2258],[-3.1691,43.2284],[-3.1787,43.2284],[-3.1777,43.2349],[-3.1806,43.2385],[-3.1893,43.2397],[-3.1938,43.237],[-3.1931,43.2318],[-3.1974,43.2284],[-3.1957,43.2231],[-3.1918,43.2215],[-3.1856,43.2227],[-3.1816,43.2186],[-3.1718,43.2148],[-3.1608,43.2138],[-3.1559,43.2147],[-3.1522,43.2194],[-3.1478,43.2167],[-3.1508,43.2142],[-3.1516,43.2128],[-3.1533,43.2123],[-3.1548,43.2121],[-3.1592,43.2095],[-3.1711,43.209],[-3.1774,43.2062],[-3.1816,43.2072],[-3.1899,43.2051],[-3.1946,43.2023],[-3.2069,43.2014],[-3.2112,43.2048],[-3.2197,43.2047],[-3.2238,43.2016],[-3.2232,43.1971],[-3.2186,43.1946],[-3.2095,43.1958],[-3.2068,43.1931],[-3.2107,43.1862],[-3.207,43.182],[-3.2,43.1814],[-3.1833,43.1927],[-3.1783,43.1937],[-3.1759,43.1966],[-3.163,43.1983],[-3.1548,43.1977],[-3.1531,43.2002],[-3.14,43.1941],[-3.1312,43.1957],[-3.1215,43.2049],[-3.1172,43.2038],[-3.1106,43.2057],[-3.1043,43.2043],[-3.1005,43.2056],[-3.0903,43.2012],[-3.0813,43.2019],[-3.0791,43.1997],[-3.0631,43.193],[-3.0655,43.1866],[-3.0783,43.1854],[-3.092,43.1806],[-3.0982,43.1759],[-3.097,43.1718],[-3.1003,43.1682],[-3.1079,43.1648],[-3.1099,43.1595],[-3.106,43.1562],[-3.1051,43.1512],[-3.1063,43.1475],[-3.1092,43.144],[-3.1063,43.1407],[-3.1098,43.1386],[-3.1124,43.1388],[-3.1123,43.1355],[-3.1173,43.1303],[-3.1237,43.1371],[-3.1316,43.1377],[-3.1402,43.1314],[-3.1438,43.1224],[-3.1496,43.1208],[-3.152,43.1179],[-3.1619,43.1178],[-3.1693,43.1201],[-3.1729,43.1194],[-3.1762,43.1141],[-3.1696,43.1098],[-3.1625,43.1091],[-3.1563,43.1063],[-3.1519,43.1072],[-3.1468,43.1116],[-3.1376,43.1134],[-3.1372,43.1095],[-3.131,43.1069],[-3.1241,43.1113],[-3.1258,43.1159],[-3.1215,43.1167],[-3.1161,43.1207],[-3.1134,43.1252],[-3.1146,43.1289],[-3.1136,43.1337],[-3.1122,43.135],[-3.1112,43.1379],[-3.1074,43.1374],[-3.1051,43.1304],[-3.0991,43.123],[-3.0942,43.1207],[-3.0928,43.1163],[-3.0989,43.1143],[-3.1036,43.1109],[-3.1038,43.1079],[-3.1101,43.1059],[-3.1116,43.1026],[-3.106,43.0952],[-3.1075,43.0925],[-3.1067,43.0864],[-3.1012,43.0846],[-3.1031,43.0772],[-3.0986,43.073],[-3.0936,43.073],[-3.0896,43.0769],[-3.0908,43.0812],[-3.0978,43.0843],[-3.0936,43.0878],[-3.0916,43.0924],[-3.0936,43.0959],[-3.0992,43.0975],[-3.0891,43.1083],[-3.0921,43.1182],[-3.0963,43.1239],[-3.1054,43.1316],[-3.1053,43.1413],[-3.1087,43.1442],[-3.1057,43.1474],[-3.1048,43.1517],[-3.1051,43.156],[-3.0987,43.1574],[-3.0964,43.1618],[-3.0996,43.1684],[-3.0967,43.1715],[-3.0926,43.1697],[-3.0865,43.1698],[-3.0816,43.1725],[-3.0728,43.1714],[-3.0675,43.1757],[-3.058,43.1778],[-3.0541,43.1805],[-3.0516,43.1868],[-3.0474,43.183],[-3.0397,43.182],[-3.0408,43.178],[-3.0348,43.1726],[-3.0299,43.1716],[-3.0242,43.1668],[-3.0316,43.1634],[-3.0333,43.1575],[-3.0392,43.1532],[-3.0383,43.1474],[-3.0358,43.1446],[-3.0294,43.1441],[-3.0223,43.1475],[-3.0187,43.1529],[-3.0175,43.1578],[-3.0222,43.1653],[-3.0284,43.1704],[-3.0231,43.1768],[-3.0256,43.1813],[-3.0345,43.1848],[-3.0336,43.1878],[-3.0344,43.1899],[-3.0334,43.1912],[-3.0308,43.1896],[-3.0252,43.187],[-3.0118,43.1824],[-3.006,43.196],[-2.9879,43.2008],[-2.9802,43.2012],[-2.973,43.1859],[-2.9657,43.18],[-2.9656,43.178],[-2.9656,43.1777],[-2.9651,43.1775],[-2.9645,43.1767],[-2.9604,43.1745],[-2.9566,43.174],[-2.9548,43.1719],[-2.9483,43.1701],[-2.9458,43.1699],[-2.9452,43.1718],[-2.9438,43.1733],[-2.9415,43.175],[-2.9402,43.1757],[-2.939,43.176],[-2.9355,43.1764],[-2.9329,43.1764],[-2.9298,43.175],[-2.9301,43.1681],[-2.9289,43.1572],[-2.9336,43.1586],[-2.9424,43.157],[-2.9463,43.1544],[-2.9555,43.1511],[-2.9612,43.1514],[-2.9673,43.1578],[-2.9749,43.1593],[-2.9845,43.158],[-2.9922,43.1602],[-2.9965,43.1582],[-2.9973,43.1515],[-3.0049,43.1489],[-3.0088,43.1418],[-3.005,43.1375],[-2.9963,43.1368],[-2.9906,43.1418],[-2.9903,43.1474],[-2.9924,43.1499],[-2.9849,43.1515],[-2.9762,43.1452],[-2.9774,43.1405],[-2.9751,43.1352],[-2.9823,43.1334],[-2.9896,43.1263],[-2.9908,43.1185],[-2.9882,43.1153],[-2.9925,43.1115],[-2.9984,43.1117],[-3.0022,43.1091],[-3.0051,43.1014],[-3.0088,43.0974],[-3.0098,43.0918],[-3.004,43.0876],[-2.9995,43.0792],[-2.9994,43.0731],[-2.9967,43.066],[-3.0006,43.0654],[-3.0056,43.068],[-3.0093,43.0731],[-3.0145,43.0758],[-3.0141,43.081],[-3.0202,43.085],[-3.0287,43.0831],[-3.0313,43.079],[-3.0355,43.0798],[-3.0391,43.0842],[-3.0495,43.0855],[-3.0536,43.0812],[-3.0518,43.0776],[-3.0518,43.0713],[-3.0478,43.0691],[-3.0402,43.07],[-3.0326,43.0731],[-3.0279,43.0694],[-3.0247,43.0694],[-3.0198,43.0647],[-3.0151,43.0632],[-3.0112,43.0583],[-3.0133,43.0563],[-3.014,43.0484],[-3.0196,43.0496],[-3.0266,43.047],[-3.0296,43.0424],[-3.0237,43.0377],[-3.0179,43.0379],[-3.0126,43.0436],[-3.0087,43.0384],[-3.0044,43.0373],[-2.9996,43.0386],[-2.9985,43.0372],[-3.0003,43.0343],[-3.0084,43.0308],[-3.0085,43.0283],[-3.0145,43.0208],[-3.0128,43.0181],[-3.0231,43.0143],[-3.0305,43.0183],[-3.0394,43.0194],[-3.0441,43.0183],[-3.0481,43.0146],[-3.0525,43.0189],[-3.0604,43.0193],[-3.0553,43.0245],[-3.0537,43.0281],[-3.0467,43.0259],[-3.0384,43.0292],[-3.0397,43.0352],[-3.0435,43.0365],[-3.047,43.0418],[-3.052,43.0418],[-3.0582,43.0377],[-3.0581,43.0336],[-3.0532,43.0305],[-3.0554,43.0245],[-3.0635,43.021],[-3.0645,43.0237],[-3.0734,43.0274],[-3.0862,43.0339],[-3.0869,43.0389],[-3.0801,43.04],[-3.0769,43.0431],[-3.0804,43.05],[-3.0798,43.0554],[-3.0878,43.0584],[-3.0946,43.0566],[-3.0972,43.0524],[-3.0925,43.0471],[-3.0978,43.0443],[-3.1054,43.0494],[-3.117,43.0506],[-3.1194,43.0543],[-3.1156,43.0586],[-3.1159,43.0621],[-3.1199,43.0648],[-3.1319,43.0643],[-3.1374,43.0625],[-3.1399,43.0586],[-3.1385,43.0535],[-3.1345,43.0498],[-3.1425,43.0487],[-3.1444,43.0464],[-3.1445,43.039],[-3.1478,43.0342],[-3.142,43.0288],[-3.1507,43.0269],[-3.1698,43.0285],[-3.1772,43.0213],[-3.1694,43.0148],[-3.1643,43.0141],[-3.1454,43.0066],[-3.1368,43.0076],[-3.1242,43.0072],[-3.1199,43.0053],[-3.106,43.0051],[-3.0892,43.0015],[-3.0795,43.0045],[-3.0771,43.0084],[-3.0715,43.0054],[-3.0605,43.0033],[-3.061,42.9984],[-3.049,42.9912],[-3.0427,42.9833],[-3.0371,42.9817],[-3.0395,42.9767],[-3.0436,42.9726],[-3.0417,42.9692],[-3.0287,42.965],[-3.0207,42.9608],[-3.0216,42.9569],[-3.0167,42.9531],[-3.0083,42.9521],[-3.0029,42.9535],[-2.9944,42.9519],[-2.9903,42.9466],[-2.9849,42.9442],[-2.9811,42.9397],[-2.9851,42.9356],[-2.9915,42.9346],[-2.9978,42.9263],[-3.0055,42.9267],[-3.0146,42.9189],[-3.0163,42.9106],[-3.0224,42.9074],[-3.0572,42.9024],[-3.0638,42.9024],[-3.0652,42.897],[-3.0719,42.8936],[-3.0718,42.8895],[-3.0679,42.8857],[-3.0672,42.8822],[-3.0701,42.876],[-3.0742,42.8772],[-3.0755,42.8788],[-3.0806,42.8817],[-3.0837,42.8866],[-3.0894,42.887],[-3.0941,42.8854],[-3.0957,42.8817],[-3.0923,42.878],[-3.0837,42.8777],[-3.0806,42.8816],[-3.0757,42.8787],[-3.0745,42.8772],[-3.0716,42.8759],[-3.0732,42.8722],[-3.0804,42.8713],[-3.0829,42.8679],[-3.08,42.8628],[-3.0713,42.8592],[-3.0776,42.8525],[-3.0774,42.8503],[-3.072,42.8459],[-3.0711,42.8424],[-3.0778,42.8396],[-3.0827,42.8412],[-3.0869,42.845],[-3.086,42.8516],[-3.0903,42.8536],[-3.1029,42.8554],[-3.1104,42.8533],[-3.1141,42.8557],[-3.1209,42.8551],[-3.124,42.8496],[-3.1288,42.8482],[-3.1282,42.8419],[-3.1239,42.8399],[-3.1181,42.841],[-3.1142,42.8437],[-3.0955,42.8408],[-3.0888,42.8432],[-3.0874,42.8394],[-3.0792,42.8375],[-3.0804,42.8297],[-3.0742,42.8252],[-3.0662,42.8264],[-3.0645,42.8309],[-3.06,42.8314],[-3.0579,42.8278],[-3.0537,42.827],[-3.0542,42.8192],[-3.0588,42.8119],[-3.0564,42.8032],[-3.0511,42.8005],[-3.0446,42.8003],[-3.0433,42.794],[-3.0447,42.7888],[-3.0434,42.7853],[-3.056,42.7823],[-3.0591,42.7798],[-3.0578,42.7742],[-3.0526,42.7702],[-3.0652,42.7657],[-3.0686,42.7677],[-3.068,42.7781],[-3.0721,42.7832],[-3.0644,42.7861],[-3.0631,42.7895],[-3.066,42.7946],[-3.0715,42.7973],[-3.072,42.8003],[-3.0678,42.8043],[-3.0816,42.8102],[-3.0878,42.8149],[-3.095,42.8141],[-3.0968,42.8082],[-3.0901,42.8029],[-3.0838,42.8047],[-3.0848,42.7999],[-3.0968,42.7983],[-3.098,42.7953],[-3.1072,42.7942],[-3.116,42.7916],[-3.1262,42.7932],[-3.1326,42.7932],[-3.1427,42.8018],[-3.1471,42.8046],[-3.1555,42.8072],[-3.159,42.8047],[-3.1407,42.7959],[-3.1318,42.7893],[-3.1228,42.7901],[-3.1287,42.7843],[-3.1328,42.7765],[-3.1327,42.7737],[-3.1367,42.7656],[-3.1416,42.7631],[-3.1476,42.7568],[-3.134,42.7585],[-3.1153,42.7595],[-3.1083,42.7644],[-3.1001,42.7673],[-3.0912,42.7649],[-3.0878,42.7587],[-3.0838,42.7577],[-3.0811,42.7616],[-3.0762,42.7645],[-3.0634,42.7602],[-3.0524,42.7649],[-3.0475,42.7646],[-3.047,42.7604],[-3.0499,42.7553],[-3.0487,42.749],[-3.0427,42.7431],[-3.0402,42.7383],[-3.0342,42.7369],[-3.017,42.7411],[-3.0164,42.7339],[-3.0134,42.7325],[-3.0071,42.7334],[-3.0065,42.7299],[-3.0109,42.7276],[-3.0055,42.7225],[-2.9953,42.7216],[-2.9888,42.719],[-2.9866,42.7084],[-2.9808,42.7036],[-2.9758,42.7072],[-2.9795,42.7111],[-2.9724,42.7119],[-2.9651,42.7097],[-2.9614,42.7107],[-2.9586,42.7147],[-2.959,42.721],[-2.9654,42.723],[-2.9823,42.721],[-2.9883,42.725],[-3.0007,42.7274],[-2.999,42.7342],[-3.001,42.7366],[-3.0089,42.7385],[-3.01,42.7426],[-3.0173,42.7461],[-3.0189,42.7497],[-3.0261,42.7517],[-3.0319,42.7509],[-3.0408,42.7563],[-3.0401,42.7657],[-3.0451,42.7703],[-3.0392,42.7748],[-3.0383,42.7813],[-3.0412,42.7837],[-3.0409,42.7907],[-3.0372,42.7925],[-3.0409,42.8007],[-3.0377,42.8029],[-3.0371,42.8091],[-3.0402,42.8165],[-3.0363,42.8182],[-3.0327,42.8241],[-3.0243,42.8245],[-3.0214,42.8286],[-3.0222,42.8314],[-3.0271,42.8339],[-3.0318,42.8333],[-3.0359,42.8271],[-3.0446,42.8279],[-3.0481,42.8254],[-3.0515,42.829],[-3.055,42.829],[-3.0631,42.8405],[-3.0677,42.8419],[-3.0684,42.847],[-3.0747,42.8514],[-3.0681,42.8596],[-3.0678,42.8681],[-3.0691,42.8719],[-3.0644,42.8803],[-3.0616,42.8724],[-3.0556,42.8692],[-3.0494,42.8704],[-3.0459,42.8653],[-3.0501,42.8609],[-3.0409,42.8547],[-3.0373,42.8544],[-3.0317,42.8575],[-3.0233,42.8572],[-3.02,42.8506],[-3.0095,42.8485],[-3.0003,42.8455],[-2.9932,42.841],[-2.9873,42.8422],[-2.9839,42.8472],[-2.9757,42.8475],[-2.9716,42.8444],[-2.9633,42.845],[-2.9539,42.8399],[-2.9492,42.8329],[-2.9442,42.8322],[-2.9394,42.8338],[-2.9358,42.83],[-2.9279,42.8287],[-2.9235,42.8307],[-2.9086,42.8268],[-2.9087,42.8239],[-2.9012,42.8161],[-2.9061,42.8111],[-2.9099,42.8145],[-2.9169,42.8138],[-2.9197,42.8003],[-2.9179,42.7972],[-2.9104,42.7952],[-2.909,42.791],[-2.9141,42.7908],[-2.9181,42.7936],[-2.9243,42.7945],[-2.9302,42.7902],[-2.9285,42.7858],[-2.9204,42.7798],[-2.9135,42.7802],[-2.9117,42.7746],[-2.9038,42.7657],[-2.9036,42.7618],[-2.9117,42.7582],[-2.9099,42.7502],[-2.913,42.7455],[-2.9196,42.7445],[-2.9205,42.7375],[-2.9294,42.7394],[-2.933,42.7347],[-2.9283,42.7335],[-2.9274,42.7249],[-2.9317,42.7204],[-2.93,42.7079],[-2.9268,42.7029],[-2.9212,42.7014],[-2.9151,42.7025],[-2.9064,42.7084],[-2.9059,42.7132],[-2.89,42.718],[-2.8795,42.7195],[-2.8775,42.7169],[-2.8763,42.7047],[-2.8876,42.7046],[-2.8908,42.702],[-2.8914,42.6979],[-2.8873,42.6944],[-2.8941,42.6881],[-2.8936,42.6832],[-2.8995,42.6721],[-2.8999,42.6672],[-2.897,42.6598],[-2.8968,42.6549],[-2.8892,42.6487],[-2.8755,42.6434],[-2.8706,42.639],[-2.8607,42.639],[-2.8538,42.6369],[-2.8439,42.6305],[-2.8429,42.6235],[-2.8481,42.6172],[-2.842,42.6112],[-2.8356,42.609],[-2.82,42.6147],[-2.8188,42.6128],[-2.8236,42.6015],[-2.8177,42.5983],[-2.8194,42.5921],[-2.8259,42.5869],[-2.8397,42.5826],[-2.8409,42.5806],[-2.838,42.5751],[-2.8373,42.5699],[-2.8268,42.5619],[-2.8252,42.5548],[-2.8214,42.5544],[-2.8167,42.5582],[-2.8176,42.5643],[-2.8141,42.5696],[-2.8003,42.5663],[-2.7992,42.573],[-2.8066,42.5781],[-2.8018,42.5803],[-2.7946,42.5788],[-2.7892,42.5813],[-2.7847,42.5813],[-2.781,42.5843],[-2.7801,42.5905],[-2.7882,42.5947],[-2.7852,42.6038],[-2.7819,42.604],[-2.7737,42.5967],[-2.772,42.5985],[-2.775,42.604],[-2.7675,42.6146],[-2.7637,42.6226],[-2.756,42.6188],[-2.7475,42.6233],[-2.7406,42.6224],[-2.7344,42.618],[-2.7302,42.6169],[-2.7281,42.6133],[-2.7217,42.6075],[-2.7141,42.6029],[-2.7067,42.5997],[-2.6808,42.5946],[-2.6864,42.5828],[-2.6876,42.572],[-2.6871,42.562],[-2.6805,42.5621],[-2.6765,42.5548],[-2.6733,42.5437],[-2.667,42.5395],[-2.6662,42.5362],[-2.6693,42.5331],[-2.6729,42.5365],[-2.6791,42.5376],[-2.6862,42.5339],[-2.6914,42.5346],[-2.6944,42.5318],[-2.6901,42.5296],[-2.6892,42.5249],[-2.7018,42.5233],[-2.706,42.5166],[-2.6985,42.5172],[-2.6851,42.5205],[-2.68,42.5254],[-2.6763,42.5245],[-2.6786,42.5118],[-2.6769,42.5091],[-2.6663,42.5097],[-2.6621,42.5059],[-2.6565,42.5038],[-2.6538,42.4957],[-2.6513,42.4926],[-2.6492,42.485],[-2.6458,42.4831],[-2.6398,42.4845],[-2.6307,42.4907],[-2.6276,42.4958],[-2.6197,42.4951],[-2.6099,42.4961],[-2.6073,42.5019],[-2.6036,42.5008],[-2.5923,42.4919],[-2.5976,42.4888],[-2.6025,42.4803],[-2.5997,42.4746],[-2.5898,42.4714],[-2.5853,42.4734],[-2.5919,42.4821],[-2.5883,42.4835],[-2.5787,42.4828],[-2.5737,42.492],[-2.5676,42.494],[-2.5547,42.484],[-2.5328,42.4832],[-2.5293,42.4847],[-2.5377,42.49],[-2.5375,42.4952],[-2.5206,42.5065],[-2.5155,42.5132],[-2.5128,42.519],[-2.5089,42.5187],[-2.5058,42.5143],[-2.5099,42.5046],[-2.5166,42.5009],[-2.519,42.4959],[-2.5175,42.4922],[-2.5131,42.49],[-2.4814,42.4876],[-2.4774,42.4866],[-2.4706,42.4953],[-2.4726,42.5017],[-2.478,42.5082],[-2.4793,42.5153],[-2.4817,42.5176],[-2.4816,42.5265],[-2.4855,42.5297],[-2.487,42.5366],[-2.4842,42.539],[-2.4782,42.5506],[-2.4781,42.5577],[-2.4829,42.5573],[-2.4887,42.5428],[-2.4935,42.5356],[-2.4912,42.5281],[-2.4884,42.5253],[-2.4878,42.5169],[-2.4838,42.5107],[-2.4851,42.5075],[-2.4765,42.4967],[-2.4805,42.4927],[-2.5003,42.4942],[-2.4987,42.504],[-2.502,42.5068],[-2.4991,42.5101],[-2.4989,42.5146],[-2.5019,42.5224],[-2.5094,42.526],[-2.5114,42.53],[-2.5042,42.5367],[-2.5034,42.5401],[-2.4946,42.5536],[-2.4922,42.5596],[-2.4903,42.5703],[-2.4866,42.5724],[-2.4844,42.5786],[-2.4904,42.5876],[-2.4937,42.5969],[-2.4945,42.6021],[-2.4988,42.6103],[-2.4999,42.6163],[-2.4826,42.612],[-2.4789,42.6157],[-2.4752,42.623],[-2.4715,42.6272],[-2.4627,42.6281],[-2.4591,42.6336],[-2.4547,42.6344],[-2.4552,42.6391],[-2.4625,42.6369],[-2.4653,42.6407],[-2.473,42.6411],[-2.4767,42.6363],[-2.4963,42.6366],[-2.499,42.6334],[-2.5104,42.631],[-2.5132,42.6289],[-2.532,42.6308],[-2.5405,42.6291],[-2.546,42.6297],[-2.5517,42.6268],[-2.5593,42.626],[-2.5657,42.6298],[-2.5727,42.6284],[-2.5758,42.6307],[-2.5834,42.6315],[-2.5931,42.6281],[-2.5953,42.624],[-2.5932,42.6209],[-2.5861,42.6186],[-2.5789,42.619],[-2.5751,42.6217],[-2.5675,42.6173],[-2.5801,42.6161],[-2.5815,42.6114],[-2.5945,42.6161],[-2.5972,42.6179],[-2.6023,42.6146],[-2.602,42.6233],[-2.5992,42.6278],[-2.6061,42.6307],[-2.6192,42.6299],[-2.6281,42.6316],[-2.6339,42.6295],[-2.6406,42.6292],[-2.6406,42.6209],[-2.6451,42.6232],[-2.6444,42.6278],[-2.6483,42.6309],[-2.6462,42.6351],[-2.65,42.6374],[-2.6587,42.6367],[-2.6627,42.6342],[-2.6784,42.6325],[-2.6809,42.6363],[-2.6755,42.6432],[-2.6795,42.6486],[-2.6872,42.6497],[-2.691,42.6429],[-2.6881,42.6387],[-2.7001,42.6382],[-2.7039,42.6398],[-2.7049,42.6478],[-2.7089,42.6501],[-2.7184,42.6529],[-2.7223,42.6565],[-2.7282,42.658],[-2.722,42.6623],[-2.7275,42.6637],[-2.7344,42.6623],[-2.7488,42.6658],[-2.7678,42.6659],[-2.7753,42.6702],[-2.7705,42.6725],[-2.7704,42.6763],[-2.7785,42.6779],[-2.7816,42.6805],[-2.7766,42.684],[-2.782,42.6892],[-2.7864,42.6861],[-2.7924,42.688],[-2.797,42.6876],[-2.8092,42.6927],[-2.8097,42.6973],[-2.8136,42.701],[-2.8087,42.7051],[-2.8184,42.7078],[-2.8227,42.705],[-2.8284,42.7041],[-2.8369,42.6965],[-2.8466,42.699],[-2.8524,42.6951],[-2.8523,42.6904],[-2.8619,42.6885],[-2.8595,42.6945],[-2.863,42.7004],[-2.8628,42.7076],[-2.8646,42.7159],[-2.8664,42.7192],[-2.863,42.7227],[-2.8572,42.7229],[-2.8515,42.7259],[-2.8497,42.7305],[-2.8548,42.7353],[-2.8673,42.733],[-2.872,42.7363],[-2.8634,42.7452],[-2.8535,42.7473],[-2.851,42.7527],[-2.8522,42.7591],[-2.8583,42.7635],[-2.8659,42.7655],[-2.8701,42.7635],[-2.8713,42.76],[-2.8649,42.7541],[-2.8725,42.7473],[-2.8809,42.7469],[-2.885,42.7426],[-2.8841,42.738],[-2.8758,42.7358],[-2.8759,42.729],[-2.8813,42.7242],[-2.8807,42.7209],[-2.9048,42.7144],[-2.9079,42.7178],[-2.9191,42.7199],[-2.9256,42.7176],[-2.9286,42.7198],[-2.9238,42.7245],[-2.9251,42.7273],[-2.925,42.7355],[-2.9195,42.7351],[-2.9125,42.7264],[-2.9036,42.7265],[-2.8992,42.7303],[-2.9009,42.7359],[-2.8955,42.7366],[-2.8912,42.7415],[-2.8937,42.7455],[-2.9006,42.7463],[-2.9078,42.7412],[-2.9116,42.7434],[-2.9057,42.7481],[-2.9091,42.7568],[-2.9013,42.7604],[-2.9004,42.7653],[-2.9056,42.7705],[-2.8979,42.775],[-2.8966,42.7791],[-2.902,42.784],[-2.8947,42.7899],[-2.8972,42.7959],[-2.8929,42.7975],[-2.8907,42.803],[-2.8973,42.8068],[-2.8957,42.8105],[-2.8968,42.8161],[-2.8903,42.8186],[-2.8878,42.8228],[-2.875,42.8214],[-2.8741,42.8154],[-2.8647,42.8121],[-2.8599,42.8141],[-2.8585,42.8196],[-2.86,42.8229],[-2.8663,42.825],[-2.8539,42.8455],[-2.8458,42.847],[-2.8433,42.85],[-2.8469,42.8611],[-2.8454,42.8646],[-2.8494,42.8681],[-2.8576,42.8831],[-2.8627,42.887],[-2.8641,42.8925],[-2.8723,42.8939],[-2.8744,42.89],[-2.87,42.8873],[-2.8649,42.8869],[-2.8681,42.8784],[-2.8719,42.8722],[-2.8713,42.8658],[-2.8751,42.8567],[-2.8856,42.8604],[-2.8894,42.8551],[-2.8953,42.8574],[-2.8954,42.8637],[-2.8822,42.8645],[-2.8776,42.8687],[-2.8819,42.8741],[-2.8804,42.8787],[-2.883,42.8819],[-2.8821,42.8858],[-2.8932,42.891],[-2.9004,42.891],[-2.9051,42.8939],[-2.9005,42.8983],[-2.9011,42.9037],[-2.8828,42.9081],[-2.883,42.914],[-2.8875,42.9162],[-2.8879,42.9205],[-2.8764,42.9225],[-2.8685,42.9224],[-2.8682,42.9256],[-2.8622,42.9273],[-2.8573,42.926],[-2.8519,42.9271],[-2.8493,42.9308],[-2.8498,42.9358],[-2.8548,42.9398],[-2.8396,42.9396],[-2.8287,42.9414],[-2.8217,42.9466],[-2.8153,42.9482],[-2.8106,42.9477],[-2.8123,42.9433],[-2.8094,42.9392],[-2.8044,42.9368],[-2.8051,42.9335],[-2.8129,42.9306],[-2.8147,42.9232],[-2.8091,42.9209],[-2.7973,42.9233],[-2.7964,42.9298],[-2.8045,42.9335],[-2.8033,42.9375],[-2.796,42.9391],[-2.795,42.9455],[-2.8014,42.9513],[-2.8106,42.9482],[-2.8079,42.9576],[-2.8047,42.9587],[-2.7981,42.9646],[-2.7914,42.9579],[-2.7872,42.9572],[-2.7811,42.9592],[-2.7782,42.9626],[-2.7825,42.9706],[-2.7884,42.9716],[-2.7871,42.9747],[-2.7805,42.9809],[-2.7771,42.9711],[-2.7754,42.9709],[-2.7634,42.9774],[-2.7455,42.9785],[-2.7479,42.9705],[-2.7526,42.9716],[-2.7613,42.9687],[-2.7633,42.9653],[-2.7611,42.9604],[-2.7532,42.9588],[-2.7464,42.9629],[-2.7447,42.9702],[-2.7391,42.969],[-2.7383,42.9625],[-2.7435,42.958],[-2.7413,42.9516],[-2.7379,42.9492],[-2.7267,42.9475],[-2.7261,42.9404],[-2.7205,42.9385],[-2.7157,42.9391],[-2.7094,42.9425],[-2.7093,42.9491],[-2.7044,42.952],[-2.7027,42.9576],[-2.7049,42.9608],[-2.711,42.9622],[-2.7172,42.959],[-2.7265,42.9701],[-2.7265,42.9775],[-2.7225,42.978],[-2.72,42.9721],[-2.7158,42.9678],[-2.7072,42.9643],[-2.6999,42.9662],[-2.6963,42.9714],[-2.6972,42.9742],[-2.7032,42.9771],[-2.698,42.9803],[-2.6947,42.9765],[-2.6957,42.9739],[-2.6868,42.9741],[-2.6841,42.9701],[-2.6791,42.9692],[-2.6736,42.9647],[-2.6777,42.9617],[-2.6767,42.9556],[-2.6709,42.9538],[-2.6601,42.9568],[-2.6604,42.9533],[-2.6554,42.9459],[-2.6551,42.9384],[-2.6529,42.9349],[-2.6438,42.9286],[-2.6434,42.925],[-2.65,42.9223],[-2.6532,42.9184],[-2.653,42.914],[-2.6468,42.9107],[-2.651,42.9064],[-2.6516,42.9014],[-2.6498,42.8965],[-2.652,42.8923],[-2.6501,42.8894],[-2.6563,42.8836],[-2.6666,42.8842],[-2.6718,42.8814],[-2.6829,42.8842],[-2.69,42.8827],[-2.6928,42.8795],[-2.6984,42.8826],[-2.6932,42.8856],[-2.693,42.8909],[-2.6977,42.8939],[-2.6955,42.8979],[-2.696,42.9023],[-2.703,42.9052],[-2.71,42.9035],[-2.7099,42.8966],[-2.7052,42.8933],[-2.7082,42.8905],[-2.7083,42.8853],[-2.7048,42.8832],[-2.7095,42.8784],[-2.7149,42.8783],[-2.7195,42.8745],[-2.7227,42.869],[-2.7294,42.8663],[-2.7365,42.8674],[-2.7478,42.8714],[-2.758,42.8674],[-2.7567,42.8712],[-2.7519,42.874],[-2.7505,42.8756],[-2.7426,42.879],[-2.7342,42.8817],[-2.7232,42.8816],[-2.718,42.8869],[-2.7195,42.8923],[-2.716,42.8944],[-2.7151,42.9001],[-2.72,42.9041],[-2.728,42.9044],[-2.7297,42.9057],[-2.7292,42.9064],[-2.7296,42.9069],[-2.7311,42.9076],[-2.7358,42.9105],[-2.7268,42.9103],[-2.7205,42.9131],[-2.7175,42.9103],[-2.712,42.9094],[-2.7048,42.9105],[-2.701,42.9144],[-2.7014,42.9212],[-2.7055,42.9251],[-2.7125,42.9246],[-2.7176,42.9214],[-2.7253,42.9234],[-2.7338,42.9219],[-2.7362,42.9259],[-2.7413,42.925],[-2.7398,42.9299],[-2.7426,42.938],[-2.7508,42.941],[-2.7507,42.9435],[-2.7552,42.9472],[-2.7576,42.9522],[-2.7545,42.9544],[-2.7644,42.9571],[-2.7728,42.9543],[-2.7739,42.9511],[-2.7716,42.9475],[-2.7727,42.941],[-2.7688,42.937],[-2.7556,42.9377],[-2.7571,42.9318],[-2.7486,42.9264],[-2.7422,42.9273],[-2.7413,42.9244],[-2.7344,42.9229],[-2.7389,42.9189],[-2.7428,42.9129],[-2.7359,42.9084],[-2.733,42.9074],[-2.7298,42.9068],[-2.7302,42.9058],[-2.7284,42.9042],[-2.7339,42.8996],[-2.738,42.9061],[-2.7442,42.9082],[-2.7505,42.9064],[-2.7516,42.9023],[-2.7449,42.8976],[-2.747,42.8935],[-2.7526,42.8935],[-2.7574,42.8889],[-2.7532,42.8837],[-2.7469,42.8835],[-2.7421,42.88],[-2.7474,42.8776],[-2.7501,42.8762],[-2.7516,42.8748],[-2.7577,42.8737],[-2.7584,42.8669],[-2.7573,42.8631],[-2.7587,42.8585],[-2.7729,42.8487],[-2.7758,42.853],[-2.7683,42.8557],[-2.7647,42.8606],[-2.7681,42.8645],[-2.78,42.866],[-2.7856,42.8654],[-2.7904,42.8606],[-2.7854,42.8548],[-2.7764,42.8528],[-2.7784,42.8495],[-2.785,42.8537],[-2.7946,42.8505],[-2.8013,42.8442],[-2.7923,42.8389],[-2.7963,42.8336],[-2.7997,42.8258],[-2.8121,42.825],[-2.8195,42.8231],[-2.8246,42.819],[-2.8272,42.8221],[-2.8349,42.8253],[-2.8418,42.8244],[-2.8455,42.8204],[-2.8451,42.8169],[-2.8406,42.8126],[-2.8356,42.8117],[-2.8282,42.8143],[-2.8259,42.8109],[-2.821,42.8091],[-2.8151,42.8096],[-2.8147,42.8056],[-2.8217,42.8035],[-2.8253,42.796],[-2.8185,42.7978],[-2.8181,42.8012],[-2.8111,42.8037],[-2.8117,42.8099],[-2.8044,42.8118],[-2.7932,42.8113],[-2.792,42.8084],[-2.7802,42.8002],[-2.7805,42.793],[-2.7731,42.7941],[-2.7671,42.7926],[-2.755,42.7938],[-2.7439,42.7923],[-2.7317,42.7945],[-2.7283,42.791],[-2.7188,42.7887],[-2.7113,42.7838],[-2.703,42.7847],[-2.6951,42.782],[-2.6934,42.7785],[-2.6787,42.7793],[-2.6712,42.7739],[-2.6647,42.7742],[-2.6538,42.7719],[-2.6521,42.7669],[-2.6403,42.7662],[-2.6349,42.7646],[-2.6243,42.7702],[-2.6145,42.7683],[-2.6091,42.7709],[-2.6027,42.7701],[-2.6027,42.7663],[-2.5974,42.7618],[-2.5924,42.7596],[-2.5896,42.7503],[-2.5771,42.7539],[-2.5667,42.759],[-2.5651,42.7625],[-2.5579,42.7627],[-2.5583,42.7541],[-2.5606,42.7359],[-2.5547,42.7333],[-2.5546,42.7228],[-2.5583,42.7136],[-2.5624,42.7083],[-2.5717,42.7065],[-2.5741,42.7039],[-2.5722,42.6996],[-2.5778,42.6961],[-2.5853,42.6971],[-2.5878,42.7025],[-2.596,42.7048],[-2.6087,42.6999],[-2.609,42.6959],[-2.6043,42.6952],[-2.5937,42.6897],[-2.5889,42.6836],[-2.5786,42.6737],[-2.5793,42.669],[-2.5731,42.6679],[-2.5639,42.6701],[-2.5484,42.6688],[-2.5474,42.6729],[-2.5397,42.6865],[-2.5355,42.6873],[-2.5221,42.6839],[-2.5239,42.6717],[-2.5239,42.665],[-2.517,42.6662],[-2.5092,42.6659],[-2.5141,42.6611],[-2.5218,42.6612],[-2.5185,42.6544],[-2.5151,42.6547],[-2.5102,42.6515],[-2.5051,42.651],[-2.4998,42.6554],[-2.488,42.6554],[-2.4846,42.6573],[-2.4796,42.6531],[-2.4744,42.653],[-2.4693,42.6561],[-2.4697,42.6615],[-2.4652,42.6626],[-2.452,42.6623],[-2.4497,42.6657],[-2.4428,42.6639],[-2.4344,42.6687],[-2.4323,42.6663],[-2.4224,42.6644],[-2.4151,42.6665],[-2.4101,42.6647],[-2.3804,42.6757],[-2.3762,42.6743],[-2.3635,42.6738],[-2.3656,42.6712],[-2.3801,42.6653],[-2.3855,42.6619],[-2.3831,42.6596],[-2.3784,42.6634],[-2.3704,42.6667],[-2.3653,42.6674],[-2.3621,42.6636],[-2.3705,42.6594],[-2.3755,42.6591],[-2.3812,42.6541],[-2.3768,42.6507],[-2.3819,42.6474],[-2.3719,42.6432],[-2.3764,42.6368],[-2.369,42.6354],[-2.367,42.6369],[-2.3447,42.6342],[-2.3359,42.6403],[-2.3318,42.6459],[-2.322,42.6481],[-2.316,42.6511],[-2.3058,42.6526],[-2.2939,42.6511],[-2.289,42.6548],[-2.2891,42.6647],[-2.2937,42.6774],[-2.3025,42.6771],[-2.3069,42.6747],[-2.3146,42.6821],[-2.3195,42.6732],[-2.3223,42.6747],[-2.3288,42.6734],[-2.3381,42.6809],[-2.3463,42.6792],[-2.353,42.675],[-2.3594,42.678],[-2.367,42.6764],[-2.3756,42.6766],[-2.3803,42.6784],[-2.388,42.6769],[-2.3927,42.6877],[-2.3869,42.6921],[-2.3899,42.6989],[-2.3978,42.7014],[-2.395,42.708],[-2.4015,42.7225],[-2.398,42.729],[-2.3968,42.7345],[-2.4007,42.7435],[-2.39,42.7456],[-2.3826,42.7433],[-2.375,42.7465],[-2.3731,42.7488],[-2.3653,42.7495],[-2.3616,42.7557],[-2.3492,42.7592],[-2.3423,42.7632],[-2.3373,42.7625],[-2.3364,42.758],[-2.3393,42.7537],[-2.3381,42.7498],[-2.3469,42.749],[-2.3524,42.7435],[-2.3555,42.7479],[-2.3631,42.7498],[-2.3683,42.7475],[-2.3685,42.741],[-2.3715,42.735],[-2.3706,42.7306],[-2.3662,42.7228],[-2.3709,42.7227],[-2.3744,42.7173],[-2.3718,42.7125],[-2.3638,42.7118],[-2.3518,42.6984],[-2.344,42.698],[-2.3426,42.6925],[-2.3353,42.6889],[-2.3311,42.6896],[-2.3274,42.6943],[-2.3123,42.6949],[-2.3137,42.7016],[-2.3127,42.7085],[-2.3182,42.7189],[-2.3233,42.7191],[-2.324,42.7229],[-2.3187,42.7296],[-2.3171,42.7355],[-2.3098,42.7368],[-2.3041,42.7357],[-2.2897,42.7397],[-2.286,42.7428],[-2.277,42.7435],[-2.2712,42.7456],[-2.2626,42.7505],[-2.2663,42.753],[-2.2709,42.765],[-2.2736,42.7685],[-2.2744,42.7734],[-2.2818,42.776],[-2.288,42.7728],[-2.2925,42.7756],[-2.2971,42.776],[-2.2974,42.7798],[-2.294,42.7815],[-2.2845,42.7776],[-2.2793,42.7795],[-2.279,42.7882],[-2.2689,42.7946],[-2.2706,42.8087],[-2.2679,42.8132],[-2.2544,42.8195],[-2.2362,42.834],[-2.2329,42.8433],[-2.2362,42.8514],[-2.2585,42.848],[-2.2632,42.8454],[-2.2733,42.8449],[-2.2843,42.8502],[-2.299,42.8515],[-2.306,42.8498],[-2.3104,42.8469],[-2.3082,42.8407],[-2.3043,42.8389],[-2.2994,42.834],[-2.3053,42.8317],[-2.3229,42.8457],[-2.3308,42.8549],[-2.3396,42.8571],[-2.3437,42.8535],[-2.344,42.8492],[-2.3484,42.8489],[-2.3577,42.8549],[-2.3646,42.8532],[-2.3651,42.8465],[-2.3621,42.8431],[-2.3664,42.8381],[-2.3628,42.8337],[-2.3665,42.8312],[-2.3731,42.8339],[-2.3795,42.8306],[-2.3788,42.826],[-2.3747,42.8229],[-2.3685,42.8226],[-2.3649,42.8248],[-2.3598,42.8214],[-2.3537,42.8223],[-2.3498,42.8261],[-2.3341,42.8172],[-2.3337,42.8153],[-2.3544,42.8056],[-2.3602,42.806],[-2.3728,42.8049],[-2.3847,42.8047],[-2.3883,42.8055],[-2.4099,42.8073],[-2.4198,42.8046],[-2.4253,42.8049],[-2.4261,42.7997],[-2.4329,42.7946],[-2.4248,42.789],[-2.4236,42.7861],[-2.4296,42.78],[-2.4336,42.7741],[-2.42,42.7719],[-2.4198,42.768],[-2.4243,42.7677],[-2.4352,42.7588],[-2.4434,42.7581],[-2.4505,42.7618],[-2.4539,42.7612],[-2.4579,42.7559],[-2.4573,42.753],[-2.4512,42.7494],[-2.4493,42.7453],[-2.454,42.7427],[-2.4579,42.745],[-2.4654,42.7525],[-2.4679,42.7571],[-2.4715,42.7584],[-2.482,42.7569],[-2.4851,42.7507],[-2.4898,42.7525],[-2.5024,42.7509],[-2.5079,42.7546],[-2.5113,42.7596],[-2.5182,42.7593],[-2.5253,42.7662],[-2.5262,42.7689],[-2.533,42.7736],[-2.5363,42.7732],[-2.5388,42.7774],[-2.554,42.7854],[-2.559,42.7843],[-2.559,42.796],[-2.5635,42.801],[-2.5628,42.806],[-2.5702,42.8047],[-2.5705,42.8083],[-2.5651,42.8112],[-2.5592,42.8183],[-2.5551,42.8159],[-2.5529,42.811],[-2.5439,42.8099],[-2.5408,42.8052],[-2.5334,42.8036],[-2.5289,42.8058],[-2.5259,42.8099],[-2.5224,42.8092],[-2.5153,42.8111],[-2.5132,42.814],[-2.5142,42.8191],[-2.5239,42.8233],[-2.5302,42.8212],[-2.5354,42.823],[-2.5411,42.8235],[-2.538,42.8274],[-2.5305,42.8293],[-2.5282,42.8356],[-2.514,42.8336],[-2.5012,42.8351],[-2.4985,42.8396],[-2.4866,42.8412],[-2.4781,42.8403],[-2.4751,42.8384],[-2.4626,42.8377],[-2.4622,42.8323],[-2.4598,42.8298],[-2.4531,42.8294],[-2.4478,42.8348],[-2.4437,42.8335],[-2.4363,42.8219],[-2.4363,42.82],[-2.4435,42.8208],[-2.4477,42.8196],[-2.4506,42.8142],[-2.4464,42.8095],[-2.4396,42.8095],[-2.4345,42.8121],[-2.4288,42.8123],[-2.427,42.8149],[-2.4312,42.8187],[-2.4359,42.8201],[-2.4359,42.822],[-2.4371,42.8243],[-2.4434,42.8336],[-2.4478,42.8351],[-2.4489,42.8408],[-2.4411,42.8429],[-2.4357,42.8453],[-2.4268,42.8432],[-2.4167,42.8475],[-2.4111,42.8464],[-2.4064,42.8476],[-2.404,42.8449],[-2.396,42.8419],[-2.3881,42.8416],[-2.3789,42.8471],[-2.3766,42.8555],[-2.3793,42.8602],[-2.3736,42.8649],[-2.3761,42.8675],[-2.37,42.8707],[-2.3681,42.8743],[-2.3609,42.8723],[-2.3601,42.8772],[-2.3545,42.8811],[-2.3498,42.8794],[-2.3392,42.8802],[-2.3353,42.8817],[-2.334,42.8869],[-2.3423,42.8928],[-2.3359,42.8994],[-2.3298,42.899],[-2.3255,42.8965],[-2.3275,42.8886],[-2.3231,42.8851],[-2.3221,42.8787],[-2.3166,42.8773],[-2.3154,42.8708],[-2.3199,42.8698],[-2.3195,42.8758],[-2.3257,42.8791],[-2.3307,42.8786],[-2.3346,42.8738],[-2.3322,42.869],[-2.3394,42.8671],[-2.3401,42.8622],[-2.345,42.8629],[-2.3458,42.867],[-2.3435,42.8706],[-2.3528,42.8738],[-2.3588,42.8709],[-2.362,42.8659],[-2.3622,42.8614],[-2.3566,42.8582],[-2.3476,42.8612],[-2.34,42.8621],[-2.3369,42.8587],[-2.3283,42.8589],[-2.3245,42.8614],[-2.3101,42.8587],[-2.3007,42.8608],[-2.2946,42.8582],[-2.2898,42.8595],[-2.2879,42.8656],[-2.2807,42.8679],[-2.2711,42.8692],[-2.2677,42.8655],[-2.2714,42.8634],[-2.2769,42.8671],[-2.2828,42.8656],[-2.2842,42.8597],[-2.2802,42.8561],[-2.2727,42.8565],[-2.2652,42.8536],[-2.2601,42.8561],[-2.2589,42.8593],[-2.2614,42.8631],[-2.2541,42.8673],[-2.2524,42.8721],[-2.2448,42.8701],[-2.2414,42.8708],[-2.2427,42.8798],[-2.2415,42.8858],[-2.2531,42.8926],[-2.2487,42.897],[-2.2385,42.8956],[-2.2374,42.9163],[-2.2388,42.9211],[-2.2375,42.9255],[-2.2331,42.9321],[-2.2376,42.9362],[-2.2431,42.9347],[-2.2522,42.9401],[-2.2551,42.9441],[-2.2553,42.9502],[-2.2616,42.9549],[-2.2769,42.9597],[-2.2809,42.9573],[-2.2729,42.9523],[-2.2688,42.9525],[-2.2615,42.9479],[-2.2582,42.9404],[-2.2663,42.9386],[-2.2695,42.94],[-2.2778,42.9392],[-2.2853,42.9439],[-2.2969,42.9449],[-2.3001,42.9434],[-2.3026,42.9508],[-2.3015,42.9551],[-2.2965,42.9576],[-2.2865,42.9481],[-2.2846,42.9501],[-2.2907,42.9549],[-2.2953,42.9618],[-2.2943,42.9666],[-2.29,42.9671],[-2.2826,42.9705],[-2.2817,42.9808],[-2.2774,42.9864],[-2.2712,42.9899],[-2.2702,42.9953],[-2.2652,43.0018],[-2.2618,43.0036],[-2.2542,42.9994],[-2.2477,43.0012],[-2.2453,43.0048],[-2.2351,43.0011],[-2.229,43.0029],[-2.2248,43.0089],[-2.2259,43.0132],[-2.2162,43.0157],[-2.2127,43.0215],[-2.2064,43.0194],[-2.1965,43.0229],[-2.1934,43.0259],[-2.1865,43.0226],[-2.1781,43.0207],[-2.1795,43.0174],[-2.1778,43.0136],[-2.184,43.0104],[-2.1833,43.0035],[-2.1903,42.9879],[-2.1877,42.9847],[-2.1898,42.978],[-2.1871,42.9736],[-2.1813,42.972],[-2.1829,42.9656],[-2.181,42.9612],[-2.1728,42.9591],[-2.1741,42.9515],[-2.1802,42.9548],[-2.1837,42.9586],[-2.183,42.962],[-2.1862,42.9653],[-2.1963,42.9682],[-2.2009,42.9673],[-2.2114,42.9706],[-2.2161,42.9736],[-2.217,42.9768],[-2.2067,42.9809],[-2.2117,42.9862],[-2.2137,42.9816],[-2.219,42.9768],[-2.2196,42.9716],[-2.2281,42.9658],[-2.2237,42.9642],[-2.22,42.9601],[-2.221,42.9577],[-2.2162,42.9528],[-2.2103,42.9499],[-2.2029,42.9496],[-2.1987,42.9512],[-2.1903,42.9479],[-2.1798,42.9382],[-2.1802,42.9351],[-2.1661,42.9359],[-2.1609,42.9379],[-2.1567,42.9427],[-2.1284,42.9392],[-2.1033,42.9485],[-2.1041,42.955],[-2.0984,42.96],[-2.0983,42.9651],[-2.0957,42.9722],[-2.0894,42.9747],[-2.0799,42.9762],[-2.0529,42.9761],[-2.0512,42.9793],[-2.0426,42.9789],[-2.0383,42.9812],[-2.037,42.9854],[-2.0328,42.9868],[-2.0285,42.9987],[-2.0329,43.0008],[-2.0318,43.0067],[-2.0395,43.0158],[-2.0411,43.0221],[-2.0409,43.0297],[-2.0315,43.0319],[-2.0306,43.0365],[-2.0206,43.0477],[-2.0193,43.0503],[-2.0272,43.0529],[-2.0317,43.0524],[-2.039,43.0554],[-2.0463,43.0532],[-2.0483,43.0493],[-2.0572,43.0496],[-2.0713,43.0483],[-2.081,43.0493],[-2.082,43.06],[-2.076,43.0674],[-2.0789,43.0719],[-2.087,43.073],[-2.0907,43.0672],[-2.0864,43.0635],[-2.0923,43.0607],[-2.0958,43.0565],[-2.0974,43.0502],[-2.1037,43.0537],[-2.1101,43.0532],[-2.1128,43.0499],[-2.1124,43.0454],[-2.1049,43.0413],[-2.104,43.0344],[-2.1138,43.0352],[-2.1184,43.0325],[-2.1257,43.0322],[-2.1309,43.0303],[-2.1415,43.0328],[-2.1437,43.0447],[-2.1602,43.0505],[-2.1623,43.0575],[-2.1592,43.0602],[-2.1505,43.0601],[-2.1436,43.0672],[-2.1443,43.0716],[-2.1489,43.0739],[-2.1556,43.0723],[-2.1534,43.0777],[-2.1435,43.0798],[-2.1381,43.0841],[-2.1319,43.0871],[-2.129,43.0835],[-2.1225,43.0843],[-2.1159,43.0941],[-2.1069,43.0984],[-2.0991,43.0927],[-2.0902,43.09],[-2.0846,43.0941],[-2.079,43.0948],[-2.0761,43.099],[-2.0769,43.1019],[-2.0898,43.1112],[-2.0908,43.1167],[-2.0891,43.1204],[-2.0838,43.1216],[-2.0827,43.1162],[-2.0772,43.1095],[-2.0695,43.1054],[-2.0649,43.1062],[-2.0613,43.1111],[-2.0558,43.1132],[-2.0519,43.1106],[-2.0466,43.112],[-2.0424,43.1082],[-2.0432,43.1052],[-2.0416,43.0968],[-2.0339,43.0926],[-2.0327,43.0863],[-2.025,43.081],[-2.0189,43.0817],[-2.0299,43.0875],[-2.033,43.0953],[-2.0267,43.0968],[-2.0149,43.089],[-2.0005,43.0842],[-1.9925,43.08],[-1.9911,43.0815],[-1.9992,43.0857],[-2.0062,43.0877],[-2.0043,43.0952],[-2.0058,43.098],[-2.0117,43.1005],[-2.0164,43.1001],[-2.0199,43.0969],[-2.0264,43.0986],[-2.0274,43.1057],[-2.0337,43.1091],[-2.0395,43.109],[-2.0454,43.1143],[-2.0518,43.1129],[-2.0574,43.1157],[-2.064,43.113],[-2.0698,43.1182],[-2.0693,43.1217],[-2.0652,43.1248],[-2.0606,43.1219],[-2.058,43.1178],[-2.0508,43.1171],[-2.0474,43.1189],[-2.0438,43.1249],[-2.0475,43.1305],[-2.0427,43.1353],[-2.0446,43.1394],[-2.0498,43.1419],[-2.0575,43.1413],[-2.0637,43.1436],[-2.0667,43.1488],[-2.0714,43.1505],[-2.0631,43.1574],[-2.0627,43.1617],[-2.0526,43.1709],[-2.0522,43.1756],[-2.0445,43.1783],[-2.0405,43.1819],[-2.0401,43.1854],[-2.0458,43.1929],[-2.041,43.1969],[-2.0402,43.2007],[-2.0367,43.2027],[-2.0295,43.2028],[-2.0249,43.2065],[-2.013,43.2018],[-2.0146,43.1926],[-2.0248,43.1871],[-2.025,43.1809],[-2.0172,43.17],[-2.0138,43.1617],[-2.0032,43.1611],[-1.9975,43.1578],[-1.9951,43.1541],[-1.9902,43.1522],[-1.9881,43.1469],[-1.9823,43.1432],[-1.9786,43.1427],[-1.9771,43.1373],[-1.9711,43.1324],[-1.9641,43.1311],[-1.9613,43.1279],[-1.9521,43.121],[-1.9446,43.1167],[-1.9427,43.11],[-1.9331,43.1104],[-1.9269,43.1135],[-1.9211,43.1198],[-1.922,43.1219],[-1.9162,43.1284],[-1.9046,43.1346],[-1.906,43.1449],[-1.9119,43.146],[-1.9206,43.1499],[-1.9205,43.1564],[-1.916,43.1645],[-1.9168,43.1694],[-1.9247,43.1745],[-1.9293,43.1748],[-1.9392,43.1821],[-1.9436,43.1815],[-1.9504,43.1844],[-1.9535,43.1875],[-1.9523,43.1912]],[[-2.4195,43.3129],[-2.43,43.3076],[-2.4327,43.301],[-2.4366,43.3001],[-2.4399,43.2954],[-2.4399,43.2883],[-2.4272,43.2791],[-2.4264,43.2743],[-2.4218,43.2736],[-2.4232,43.2669],[-2.4263,43.2668],[-2.4299,43.2649],[-2.4394,43.2675],[-2.4421,43.2701],[-2.4445,43.2712],[-2.4441,43.2722],[-2.445,43.2748],[-2.448,43.2786],[-2.4493,43.2787],[-2.4499,43.2793],[-2.4507,43.2789],[-2.4508,43.2794],[-2.4511,43.2796],[-2.4507,43.2807],[-2.4514,43.282],[-2.4542,43.283],[-2.4568,43.2835],[-2.4609,43.2839],[-2.461,43.2851],[-2.4625,43.2847],[-2.4634,43.2851],[-2.4625,43.2869],[-2.4701,43.2913],[-2.4744,43.2923],[-2.4717,43.299],[-2.4724,43.3017],[-2.4643,43.3037],[-2.4586,43.309],[-2.4497,43.308],[-2.4437,43.3056],[-2.4384,43.3061],[-2.4351,43.3102],[-2.4354,43.3145],[-2.4301,43.3152],[-2.4195,43.3129]],[[-2.6078,42.9609],[-2.6059,42.9587],[-2.6108,42.9535],[-2.6112,42.949],[-2.6075,42.9452],[-2.6181,42.9405],[-2.6227,42.9397],[-2.6255,42.9364],[-2.6225,42.9284],[-2.6181,42.9274],[-2.6178,42.9228],[-2.6225,42.9205],[-2.6261,42.9222],[-2.6365,42.9229],[-2.6384,42.9293],[-2.6346,42.935],[-2.628,42.9405],[-2.6281,42.9454],[-2.6361,42.9497],[-2.6429,42.9484],[-2.6454,42.9436],[-2.645,42.9399],[-2.6511,42.9399],[-2.6507,42.946],[-2.6443,42.9508],[-2.6426,42.958],[-2.6361,42.9602],[-2.6323,42.9692],[-2.6273,42.9645],[-2.6115,42.9637],[-2.6068,42.967],[-2.6094,42.9722],[-2.6221,42.9763],[-2.6315,42.9731],[-2.6357,42.9766],[-2.634,42.9892],[-2.6396,42.9918],[-2.6345,42.9964],[-2.6305,43.0079],[-2.6329,43.0112],[-2.6375,43.0127],[-2.6432,43.0235],[-2.6429,43.0311],[-2.6493,43.0327],[-2.6593,43.0306],[-2.6642,43.0344],[-2.6691,43.0408],[-2.6652,43.0426],[-2.6626,43.0377],[-2.6557,43.0341],[-2.6497,43.035],[-2.6455,43.0395],[-2.6482,43.0468],[-2.6568,43.0533],[-2.6575,43.0556],[-2.6541,43.0604],[-2.6554,43.0644],[-2.6608,43.0671],[-2.6683,43.0641],[-2.6688,43.0598],[-2.6659,43.0551],[-2.6595,43.0501],[-2.6642,43.046],[-2.6716,43.0447],[-2.6778,43.0422],[-2.6791,43.0351],[-2.678,43.029],[-2.6697,43.0271],[-2.6632,43.0236],[-2.6581,43.0189],[-2.6574,43.0147],[-2.6593,43.0112],[-2.6578,43.0052],[-2.6581,42.9984],[-2.6545,42.9932],[-2.6566,42.9859],[-2.6615,42.9846],[-2.6661,42.9876],[-2.6743,42.9894],[-2.6782,42.9945],[-2.6911,42.9912],[-2.6959,42.9989],[-2.6918,43.0003],[-2.6882,42.9977],[-2.6848,43.0008],[-2.6787,42.9999],[-2.6782,43.0044],[-2.6858,43.0132],[-2.6845,43.0177],[-2.6811,43.0191],[-2.6797,43.0242],[-2.6839,43.0292],[-2.6927,43.0309],[-2.6944,43.0399],[-2.6928,43.0447],[-2.7059,43.0593],[-2.7153,43.0631],[-2.7198,43.0664],[-2.7254,43.0627],[-2.7332,43.0546],[-2.7372,43.0552],[-2.7394,43.059],[-2.7453,43.0604],[-2.7498,43.0586],[-2.7566,43.0626],[-2.7551,43.0683],[-2.7492,43.0636],[-2.7403,43.0603],[-2.7348,43.0625],[-2.7317,43.0703],[-2.7338,43.0746],[-2.7295,43.0795],[-2.7308,43.0831],[-2.7257,43.0872],[-2.7274,43.0936],[-2.7346,43.0977],[-2.7403,43.0985],[-2.7407,43.1037],[-2.7341,43.1081],[-2.7351,43.1117],[-2.7428,43.1145],[-2.7469,43.1205],[-2.7576,43.1228],[-2.7712,43.1293],[-2.7754,43.1363],[-2.7785,43.139],[-2.7844,43.1405],[-2.7825,43.1501],[-2.7712,43.1461],[-2.7614,43.1469],[-2.7615,43.1428],[-2.7643,43.1396],[-2.7634,43.1364],[-2.7568,43.1325],[-2.7562,43.1276],[-2.7502,43.1252],[-2.7445,43.1264],[-2.743,43.1243],[-2.7373,43.1221],[-2.7365,43.1162],[-2.7315,43.113],[-2.724,43.1148],[-2.7215,43.1135],[-2.7216,43.1126],[-2.72,43.1115],[-2.7199,43.1102],[-2.7186,43.1084],[-2.7173,43.1084],[-2.7172,43.1064],[-2.7157,43.1046],[-2.7147,43.1038],[-2.7144,43.1025],[-2.7123,43.1009],[-2.7123,43.0996],[-2.7057,43.0949],[-2.693,43.0896],[-2.6893,43.0859],[-2.6827,43.087],[-2.6785,43.0907],[-2.6753,43.0896],[-2.6734,43.0902],[-2.6737,43.0931],[-2.6711,43.0913],[-2.671,43.0852],[-2.6654,43.0836],[-2.662,43.0804],[-2.6525,43.0774],[-2.6325,43.086],[-2.626,43.0844],[-2.6118,43.0848],[-2.605,43.0808],[-2.6068,43.072],[-2.6116,43.0609],[-2.618,43.059],[-2.6197,43.0529],[-2.6168,43.05],[-2.6102,43.0473],[-2.6068,43.0481],[-2.6012,43.0394],[-2.5988,43.0395],[-2.5937,43.0527],[-2.5881,43.0523],[-2.5839,43.0548],[-2.5823,43.0592],[-2.5777,43.0614],[-2.5773,43.0657],[-2.5795,43.0688],[-2.5734,43.0699],[-2.5701,43.0664],[-2.5666,43.0676],[-2.5609,43.0642],[-2.5538,43.0684],[-2.552,43.0739],[-2.5585,43.0772],[-2.5587,43.0863],[-2.5603,43.0876],[-2.56,43.0882],[-2.5603,43.0891],[-2.5606,43.0893],[-2.5613,43.0894],[-2.5623,43.0888],[-2.5629,43.0889],[-2.5632,43.0893],[-2.564,43.0893],[-2.5651,43.0907],[-2.5692,43.0911],[-2.5738,43.0967],[-2.5737,43.102],[-2.5783,43.105],[-2.5771,43.1109],[-2.585,43.117],[-2.578,43.1212],[-2.5793,43.1252],[-2.5756,43.1296],[-2.5665,43.1299],[-2.5616,43.1264],[-2.5567,43.1266],[-2.5423,43.1226],[-2.5389,43.1196],[-2.5263,43.1196],[-2.5187,43.1216],[-2.5158,43.1249],[-2.5186,43.13],[-2.5147,43.139],[-2.5183,43.1425],[-2.5272,43.1444],[-2.5284,43.1477],[-2.5349,43.1506],[-2.5442,43.147],[-2.5441,43.1526],[-2.5358,43.1564],[-2.5354,43.1626],[-2.5408,43.1653],[-2.536,43.1722],[-2.5417,43.1806],[-2.5474,43.1809],[-2.5516,43.1771],[-2.5596,43.1768],[-2.5645,43.1807],[-2.5687,43.1807],[-2.5694,43.1859],[-2.5738,43.1877],[-2.5801,43.1858],[-2.5796,43.191],[-2.5831,43.1952],[-2.5952,43.1961],[-2.6017,43.195],[-2.6028,43.1992],[-2.5964,43.2044],[-2.5977,43.2056],[-2.6018,43.2054],[-2.603,43.2059],[-2.6039,43.2073],[-2.6039,43.2111],[-2.6037,43.2157],[-2.6066,43.217],[-2.6131,43.2174],[-2.6164,43.219],[-2.619,43.2216],[-2.6208,43.2223],[-2.6228,43.2225],[-2.625,43.2221],[-2.6254,43.2223],[-2.6265,43.2225],[-2.6266,43.2231],[-2.6278,43.2239],[-2.6287,43.2241],[-2.6292,43.2247],[-2.6286,43.2298],[-2.6311,43.2324],[-2.638,43.2344],[-2.6458,43.2294],[-2.648,43.2224],[-2.6538,43.2195],[-2.6591,43.2206],[-2.665,43.2099],[-2.6658,43.2059],[-2.6726,43.2063],[-2.6794,43.2028],[-2.6797,43.1969],[-2.6768,43.1942],[-2.6782,43.1897],[-2.6901,43.1893],[-2.6885,43.1944],[-2.6834,43.2001],[-2.6848,43.2048],[-2.6909,43.2088],[-2.693,43.2135],[-2.6971,43.2149],[-2.7056,43.2113],[-2.7105,43.2149],[-2.7194,43.2146],[-2.7184,43.2227],[-2.711,43.22],[-2.7054,43.2225],[-2.7035,43.226],[-2.7056,43.2298],[-2.7105,43.2319],[-2.7139,43.2356],[-2.7217,43.2365],[-2.7283,43.232],[-2.7354,43.2375],[-2.7398,43.2383],[-2.7437,43.2445],[-2.7509,43.2465],[-2.7545,43.2457],[-2.7583,43.2411],[-2.7555,43.2313],[-2.7581,43.2283],[-2.7648,43.2305],[-2.7687,43.231],[-2.7703,43.2304],[-2.7713,43.2296],[-2.7733,43.2307],[-2.7739,43.2309],[-2.7744,43.2309],[-2.7762,43.2312],[-2.7777,43.2313],[-2.781,43.2301],[-2.7892,43.2308],[-2.7935,43.2325],[-2.7942,43.2379],[-2.799,43.2413],[-2.7981,43.2476],[-2.8002,43.2512],[-2.7976,43.2543],[-2.7913,43.2547],[-2.787,43.2591],[-2.7863,43.2624],[-2.7802,43.2625],[-2.7758,43.2646],[-2.7696,43.2651],[-2.7656,43.27],[-2.7517,43.2737],[-2.7496,43.2784],[-2.7472,43.279],[-2.7435,43.2829],[-2.7393,43.2844],[-2.7375,43.2894],[-2.7336,43.2886],[-2.7402,43.2756],[-2.7329,43.2736],[-2.7279,43.2668],[-2.732,43.2609],[-2.7365,43.2626],[-2.7443,43.2599],[-2.7462,43.2569],[-2.7414,43.2518],[-2.7336,43.252],[-2.7292,43.2486],[-2.7135,43.2406],[-2.7097,43.2395],[-2.7043,43.2349],[-2.6997,43.2343],[-2.6861,43.2283],[-2.6704,43.2237],[-2.6672,43.2263],[-2.659,43.2272],[-2.654,43.2305],[-2.6517,43.2366],[-2.6424,43.2393],[-2.624,43.2362],[-2.615,43.2383],[-2.6134,43.2441],[-2.6187,43.2478],[-2.6138,43.2582],[-2.6156,43.2608],[-2.6086,43.2641],[-2.6054,43.2672],[-2.6003,43.265],[-2.5986,43.2599],[-2.594,43.2568],[-2.5844,43.2571],[-2.5831,43.2549],[-2.5723,43.2517],[-2.5696,43.2471],[-2.5595,43.2477],[-2.5538,43.2442],[-2.5454,43.2442],[-2.5442,43.2405],[-2.5404,43.2382],[-2.534,43.238],[-2.533,43.2346],[-2.5404,43.2253],[-2.5375,43.2245],[-2.53,43.2338],[-2.5246,43.2434],[-2.5239,43.2483],[-2.5206,43.2545],[-2.5226,43.2611],[-2.5124,43.2588],[-2.5003,43.2608],[-2.4931,43.2587],[-2.4853,43.2546],[-2.4844,43.2503],[-2.4783,43.2476],[-2.4735,43.2481],[-2.4688,43.2518],[-2.4714,43.258],[-2.4775,43.2599],[-2.4855,43.2556],[-2.4892,43.26],[-2.4863,43.2662],[-2.4924,43.2777],[-2.4868,43.2806],[-2.483,43.2772],[-2.4796,43.2767],[-2.4802,43.275],[-2.4788,43.2729],[-2.4674,43.2685],[-2.4603,43.2679],[-2.4556,43.264],[-2.4489,43.2631],[-2.4456,43.257],[-2.4388,43.2554],[-2.4364,43.2595],[-2.43,43.2591],[-2.4249,43.2604],[-2.4224,43.262],[-2.4223,43.268],[-2.4135,43.2677],[-2.4033,43.2629],[-2.4027,43.2597],[-2.3943,43.2585],[-2.3959,43.2497],[-2.4005,43.2484],[-2.4091,43.2511],[-2.4101,43.2518],[-2.4109,43.2519],[-2.4149,43.2516],[-2.4159,43.2513],[-2.4164,43.2514],[-2.4169,43.251],[-2.4179,43.2506],[-2.4212,43.2493],[-2.4224,43.2495],[-2.4274,43.2468],[-2.4288,43.2412],[-2.4327,43.2378],[-2.4366,43.2379],[-2.443,43.2335],[-2.4411,43.2294],[-2.4327,43.2277],[-2.4278,43.2306],[-2.4272,43.2341],[-2.4307,43.2386],[-2.4286,43.2412],[-2.4273,43.2467],[-2.4225,43.2494],[-2.4212,43.2492],[-2.4185,43.25],[-2.4165,43.2512],[-2.4159,43.2512],[-2.4148,43.2515],[-2.4129,43.2516],[-2.4122,43.2512],[-2.4105,43.2518],[-2.4091,43.2509],[-2.4003,43.2484],[-2.3959,43.2495],[-2.395,43.2444],[-2.4071,43.2389],[-2.4089,43.2342],[-2.4035,43.2307],[-2.4105,43.2242],[-2.4177,43.2221],[-2.4226,43.2222],[-2.4269,43.2175],[-2.4255,43.2145],[-2.4313,43.2088],[-2.4306,43.2056],[-2.4284,43.2037],[-2.4298,43.2017],[-2.4343,43.1992],[-2.4375,43.1937],[-2.4323,43.1903],[-2.4305,43.1852],[-2.4246,43.1808],[-2.4275,43.1773],[-2.4269,43.1734],[-2.4195,43.1714],[-2.4171,43.1685],[-2.4056,43.1624],[-2.4128,43.1587],[-2.4139,43.1556],[-2.4112,43.1521],[-2.4122,43.1456],[-2.4225,43.1357],[-2.4222,43.1312],[-2.4264,43.1286],[-2.4285,43.1216],[-2.4231,43.1162],[-2.4276,43.1121],[-2.43,43.1008],[-2.4287,43.0983],[-2.4378,43.0901],[-2.4416,43.0909],[-2.441,43.0848],[-2.4465,43.0826],[-2.4494,43.0798],[-2.4607,43.0776],[-2.4613,43.0758],[-2.47,43.0729],[-2.4798,43.0749],[-2.4882,43.0743],[-2.495,43.0713],[-2.5063,43.0697],[-2.5093,43.0668],[-2.5132,43.0722],[-2.5075,43.0733],[-2.5048,43.0764],[-2.5069,43.0826],[-2.5163,43.0848],[-2.5212,43.0841],[-2.5247,43.0812],[-2.5243,43.0757],[-2.5392,43.0661],[-2.5392,43.0587],[-2.5443,43.0553],[-2.5462,43.0502],[-2.5558,43.0536],[-2.5564,43.0574],[-2.56,43.0593],[-2.5708,43.059],[-2.576,43.0562],[-2.5767,43.0529],[-2.586,43.0528],[-2.5898,43.0502],[-2.5889,43.0424],[-2.5829,43.0387],[-2.5783,43.033],[-2.5739,43.0308],[-2.5665,43.0326],[-2.563,43.0369],[-2.555,43.0325],[-2.551,43.0324],[-2.5463,43.0351],[-2.5367,43.0354],[-2.5316,43.0332],[-2.5324,43.029],[-2.529,43.025],[-2.5339,43.0198],[-2.5399,43.0166],[-2.5463,43.0171],[-2.5507,43.0146],[-2.5548,43.0183],[-2.5622,43.019],[-2.5668,43.0163],[-2.5721,43.0105],[-2.5746,43.01],[-2.5752,43.0078],[-2.5751,43.007],[-2.5731,43.0039],[-2.5743,43.0033],[-2.5771,43.0033],[-2.5828,43.0083],[-2.5888,43.0083],[-2.5905,43.0126],[-2.5863,43.0149],[-2.5911,43.0126],[-2.5945,43.0016],[-2.5929,42.9986],[-2.5893,42.9964],[-2.59,42.9948],[-2.5871,42.9942],[-2.5853,42.9928],[-2.584,42.992],[-2.5827,42.9897],[-2.5819,42.9892],[-2.5802,42.989],[-2.5783,42.989],[-2.5737,42.9829],[-2.5674,42.9814],[-2.5684,42.9758],[-2.5742,42.9748],[-2.5767,42.9701],[-2.5834,42.9676],[-2.581,42.9641],[-2.5696,42.9606],[-2.5664,42.9618],[-2.551,42.9587],[-2.5449,42.9505],[-2.5409,42.9515],[-2.5381,42.9578],[-2.5403,42.9652],[-2.5346,42.9733],[-2.5153,42.9656],[-2.5149,42.9621],[-2.507,42.9566],[-2.4942,42.9576],[-2.491,42.9596],[-2.4825,42.9582],[-2.4771,42.961],[-2.474,42.9585],[-2.4692,42.9604],[-2.46,42.959],[-2.4544,42.9542],[-2.449,42.9527],[-2.4438,42.9567],[-2.4406,42.9506],[-2.4367,42.9478],[-2.4342,42.9544],[-2.4307,42.9541],[-2.4273,42.9505],[-2.4175,42.955],[-2.407,42.9527],[-2.4026,42.9488],[-2.3901,42.9486],[-2.3908,42.9439],[-2.3835,42.9457],[-2.3779,42.9396],[-2.3714,42.9405],[-2.3655,42.937],[-2.3663,42.9303],[-2.3706,42.9313],[-2.3696,42.9239],[-2.381,42.9222],[-2.3917,42.9257],[-2.4044,42.9239],[-2.4079,42.9244],[-2.4119,42.9211],[-2.4157,42.921],[-2.4207,42.9174],[-2.4268,42.917],[-2.4336,42.9212],[-2.4415,42.9199],[-2.4439,42.917],[-2.4488,42.9174],[-2.4542,42.922],[-2.4607,42.923],[-2.4678,42.9204],[-2.4776,42.9238],[-2.4842,42.9211],[-2.4894,42.924],[-2.4955,42.9248],[-2.5021,42.9223],[-2.5052,42.9182],[-2.505,42.9141],[-2.5006,42.9101],[-2.5044,42.9072],[-2.5113,42.9047],[-2.5203,42.9108],[-2.5205,42.9155],[-2.5258,42.9184],[-2.5322,42.9162],[-2.537,42.9202],[-2.5321,42.9226],[-2.53,42.9261],[-2.5323,42.932],[-2.5382,42.9341],[-2.5497,42.9336],[-2.5547,42.9374],[-2.5583,42.9371],[-2.5743,42.9451],[-2.5858,42.955],[-2.5818,42.9606],[-2.5868,42.9651],[-2.593,42.9642],[-2.5978,42.9598],[-2.6078,42.9609]],[[-2.923,43.0696],[-2.9168,43.0662],[-2.9157,43.0652],[-2.9148,43.0642],[-2.9149,43.0635],[-2.9141,43.0631],[-2.9143,43.0624],[-2.9111,43.0607],[-2.9033,43.0583],[-2.8865,43.0449],[-2.8961,43.0357],[-2.9055,43.0333],[-2.9134,43.0331],[-2.9152,43.0184],[-2.9211,43.0127],[-2.9286,43.011],[-2.9349,43.0146],[-2.9406,43.0135],[-2.9437,43.0105],[-2.941,43.0022],[-2.9486,43.0013],[-2.9511,42.9988],[-2.9493,42.9936],[-2.9448,42.9917],[-2.9376,42.9932],[-2.9358,42.9872],[-2.9305,42.9829],[-2.924,42.9805],[-2.926,42.9773],[-2.9243,42.9729],[-2.934,42.9713],[-2.938,42.9653],[-2.9416,42.9717],[-2.9402,42.9761],[-2.9444,42.9765],[-2.9521,42.9816],[-2.9545,42.994],[-2.958,42.9953],[-2.9648,42.9937],[-2.9696,42.9945],[-2.973,42.993],[-2.9864,42.991],[-2.991,42.9924],[-2.9937,42.9961],[-2.9998,42.9986],[-2.9957,43.0022],[-2.9969,43.0096],[-3.0054,43.0109],[-3.0066,43.0147],[-3.0132,43.0194],[-3.0098,43.0248],[-3.0075,43.0306],[-3.0021,43.0329],[-2.9992,43.0349],[-2.9982,43.037],[-2.9983,43.0399],[-2.9921,43.042],[-2.988,43.0452],[-2.9872,43.0505],[-2.9901,43.0622],[-2.984,43.067],[-2.9848,43.0736],[-2.9908,43.0754],[-2.997,43.0722],[-2.9988,43.0761],[-2.9985,43.0816],[-3.0036,43.0876],[-2.9963,43.0897],[-2.9912,43.0968],[-2.9893,43.1085],[-2.9921,43.1113],[-2.9818,43.1148],[-2.968,43.1293],[-2.9606,43.1301],[-2.9531,43.1333],[-2.9441,43.1326],[-2.9452,43.1266],[-2.9513,43.1233],[-2.9537,43.1199],[-2.9516,43.1156],[-2.9449,43.1141],[-2.9405,43.116],[-2.9343,43.1213],[-2.9253,43.1219],[-2.9193,43.1248],[-2.9199,43.1193],[-2.9241,43.1121],[-2.9189,43.1014],[-2.916,43.0924],[-2.9184,43.0902],[-2.9155,43.0843],[-2.9174,43.0816],[-2.9173,43.0784],[-2.9224,43.0774],[-2.9209,43.0722],[-2.923,43.0696]],[[-2.987,42.9884],[-2.9893,42.9841],[-2.988,42.9796],[-2.9793,42.9781],[-2.979,42.975],[-2.9848,42.9746],[-2.9887,42.9765],[-2.9948,42.9765],[-2.9993,42.9728],[-2.9958,42.9671],[-3.0045,42.965],[-3.0082,42.9683],[-3.0193,42.973],[-3.0154,42.9769],[-3.0168,42.9817],[-3.0023,42.9835],[-2.9988,42.9922],[-2.9989,42.9962],[-2.9935,42.9952],[-2.9911,42.9923],[-2.9861,42.9908],[-2.9729,42.9929],[-2.9748,42.9898],[-2.9831,42.9898],[-2.987,42.9884]],[[-3.0102,43.0097],[-3.0106,43.0026],[-3.0172,42.9996],[-3.0229,42.9995],[-3.0301,42.9948],[-3.0295,42.9904],[-3.034,42.9888],[-3.0377,42.9911],[-3.0412,42.9987],[-3.0472,43.003],[-3.043,43.0095],[-3.0325,43.0069],[-3.0252,43.0093],[-3.0221,43.0058],[-3.0123,43.0068],[-3.0102,43.0097]],[[-2.909,43.1905],[-2.9062,43.1893],[-2.9155,43.1827],[-2.9196,43.1833],[-2.9234,43.1817],[-2.9275,43.1773],[-2.9329,43.1764],[-2.9355,43.1764],[-2.9383,43.1761],[-2.9402,43.1757],[-2.9416,43.1751],[-2.9439,43.1734],[-2.9453,43.1718],[-2.9456,43.1708],[-2.9503,43.1717],[-2.9548,43.172],[-2.9566,43.174],[-2.9604,43.1746],[-2.9645,43.1768],[-2.9651,43.1775],[-2.9656,43.1778],[-2.9649,43.1789],[-2.9657,43.18],[-2.973,43.1859],[-2.9801,43.2012],[-2.9879,43.2009],[-3.0061,43.196],[-3.0117,43.1825],[-3.0252,43.187],[-3.0308,43.1896],[-3.0334,43.1912],[-3.0369,43.1923],[-3.0378,43.1932],[-3.0365,43.1984],[-3.0388,43.2049],[-3.0389,43.2108],[-3.0331,43.216],[-3.0257,43.2151],[-3.015,43.2207],[-3.0068,43.2318],[-3.0027,43.2322],[-2.9974,43.2366],[-2.9924,43.2368],[-2.9853,43.2343],[-2.979,43.2378],[-2.9782,43.2424],[-2.9739,43.2469],[-2.9737,43.2518],[-2.9671,43.2526],[-2.9592,43.2495],[-2.9566,43.2392],[-2.9527,43.2342],[-2.9492,43.2335],[-2.9391,43.2352],[-2.9364,43.2376],[-2.9299,43.2383],[-2.9261,43.2357],[-2.9171,43.235],[-2.9094,43.2398],[-2.9064,43.2396],[-2.9045,43.2317],[-2.9057,43.2231],[-2.9035,43.2176],[-2.9,43.2154],[-2.9033,43.206],[-2.8994,43.2009],[-2.9014,43.1982],[-2.8989,43.1926],[-2.9063,43.1901],[-2.9073,43.1995],[-2.916,43.2013],[-2.9195,43.1994],[-2.9237,43.2021],[-2.9295,43.202],[-2.9331,43.1985],[-2.9428,43.1966],[-2.9453,43.1942],[-2.9521,43.1957],[-2.9587,43.1918],[-2.9563,43.1873],[-2.9521,43.1858],[-2.9442,43.1877],[-2.9373,43.1849],[-2.9304,43.1921],[-2.924,43.1913],[-2.9199,43.1937],[-2.9156,43.1908],[-2.909,43.1905]],[[-2.5589,43.085],[-2.5598,43.0766],[-2.5664,43.0769],[-2.566,43.0895],[-2.565,43.0903],[-2.5641,43.0892],[-2.5633,43.0893],[-2.5629,43.0889],[-2.5623,43.0887],[-2.562,43.0888],[-2.5615,43.0892],[-2.5606,43.0892],[-2.5601,43.0884],[-2.5605,43.0872],[-2.5589,43.085]],[[-3.0573,43.2039],[-3.0585,43.2059],[-3.0604,43.2072],[-3.0619,43.2097],[-3.0665,43.2141],[-3.0708,43.2163],[-3.0719,43.219],[-3.0706,43.2197],[-3.0715,43.2209],[-3.0738,43.2223],[-3.0753,43.2221],[-3.0766,43.2236],[-3.0736,43.2252],[-3.0726,43.23],[-3.0584,43.2161],[-3.0505,43.2106],[-3.0573,43.2039]],[[-2.591,43.3871],[-2.5935,43.3823],[-2.5931,43.3787],[-2.5884,43.374],[-2.5836,43.3733],[-2.5779,43.3753],[-2.5741,43.3726],[-2.5686,43.3727],[-2.5645,43.3754],[-2.5646,43.3809],[-2.5688,43.3831],[-2.5756,43.3834],[-2.5764,43.3866],[-2.5707,43.3896],[-2.5587,43.3876],[-2.5598,43.3834],[-2.5541,43.3816],[-2.5535,43.3762],[-2.5515,43.3743],[-2.5454,43.3721],[-2.5429,43.3724],[-2.5392,43.3746],[-2.5367,43.3733],[-2.5318,43.3753],[-2.5268,43.3732],[-2.5161,43.3753],[-2.5181,43.3694],[-2.523,43.368],[-2.5252,43.3648],[-2.5241,43.3604],[-2.515,43.3589],[-2.5127,43.3547],[-2.5075,43.3514],[-2.5066,43.3483],[-2.5132,43.3456],[-2.5165,43.3404],[-2.5244,43.3441],[-2.5312,43.344],[-2.5345,43.3403],[-2.5346,43.3356],[-2.5437,43.3343],[-2.546,43.3301],[-2.5418,43.3184],[-2.5415,43.3117],[-2.5453,43.3073],[-2.5447,43.3041],[-2.5523,43.3014],[-2.5692,43.3109],[-2.5771,43.3228],[-2.5693,43.3228],[-2.5773,43.3287],[-2.5887,43.3429],[-2.5957,43.3454],[-2.5968,43.3483],[-2.6031,43.3518],[-2.613,43.3553],[-2.6203,43.3641],[-2.6265,43.3652],[-2.6243,43.3766],[-2.6204,43.3778],[-2.6139,43.376],[-2.6062,43.3782],[-2.6076,43.3846],[-2.6168,43.3876],[-2.6162,43.3909],[-2.6047,43.3923],[-2.591,43.3871]],[[-2.5784,43.2931],[-2.5828,43.2899],[-2.5852,43.2873],[-2.5869,43.286],[-2.5883,43.2842],[-2.5901,43.2841],[-2.5913,43.2849],[-2.5925,43.2845],[-2.5935,43.2805],[-2.5944,43.2798],[-2.5963,43.2804],[-2.5969,43.2796],[-2.599,43.2775],[-2.6022,43.2723],[-2.6049,43.2757],[-2.6065,43.2833],[-2.5982,43.2895],[-2.5951,43.2949],[-2.5969,43.3044],[-2.601,43.31],[-2.5974,43.3155],[-2.5889,43.315],[-2.5835,43.3035],[-2.5807,43.301],[-2.5805,43.2977],[-2.5777,43.2962],[-2.5766,43.2938],[-2.5784,43.2931]],[[-2.7392,43.2904],[-2.7401,43.2844],[-2.7443,43.2851],[-2.7392,43.2904]],[[-2.7481,43.28],[-2.7508,43.2788],[-2.7514,43.2759],[-2.7659,43.2764],[-2.7656,43.277],[-2.7676,43.2757],[-2.7687,43.2756],[-2.7687,43.2749],[-2.7733,43.275],[-2.7784,43.2715],[-2.7858,43.2724],[-2.7924,43.2714],[-2.8002,43.2775],[-2.7964,43.2828],[-2.7856,43.2797],[-2.7834,43.2758],[-2.7787,43.2791],[-2.7886,43.2851],[-2.7961,43.286],[-2.8075,43.2932],[-2.8147,43.3],[-2.8224,43.303],[-2.825,43.3038],[-2.8272,43.3033],[-2.8282,43.3037],[-2.8286,43.3038],[-2.8301,43.3045],[-2.8321,43.3044],[-2.8348,43.3067],[-2.8356,43.3092],[-2.838,43.3097],[-2.8385,43.3109],[-2.838,43.3125],[-2.8401,43.313],[-2.8382,43.315],[-2.8248,43.3168],[-2.8191,43.31],[-2.8146,43.3015],[-2.8091,43.2975],[-2.8043,43.2961],[-2.7993,43.2973],[-2.7963,43.3003],[-2.7973,43.3033],[-2.7894,43.3069],[-2.7875,43.3098],[-2.7801,43.3101],[-2.7781,43.3031],[-2.7741,43.3001],[-2.7715,43.2997],[-2.7689,43.294],[-2.7663,43.2929],[-2.7592,43.2942],[-2.7501,43.2933],[-2.7483,43.2873],[-2.7481,43.28]],[[-2.8412,43.3117],[-2.839,43.3126],[-2.8383,43.3099],[-2.8381,43.3096],[-2.8372,43.3095],[-2.8371,43.3092],[-2.8358,43.3091],[-2.8357,43.3067],[-2.8321,43.3044],[-2.8274,43.3033],[-2.8273,43.3032],[-2.8269,43.3033],[-2.8262,43.3035],[-2.8249,43.3037],[-2.8219,43.3026],[-2.8188,43.3002],[-2.8145,43.2997],[-2.8138,43.2981],[-2.8075,43.2931],[-2.7961,43.286],[-2.7887,43.285],[-2.7855,43.2797],[-2.7964,43.2828],[-2.8002,43.2775],[-2.7958,43.2677],[-2.801,43.2672],[-2.8048,43.2644],[-2.8239,43.2708],[-2.8218,43.2804],[-2.8241,43.2841],[-2.8218,43.289],[-2.8256,43.2954],[-2.8334,43.295],[-2.8362,43.2928],[-2.8366,43.2871],[-2.8447,43.2869],[-2.8503,43.2827],[-2.8551,43.2868],[-2.8631,43.29],[-2.875,43.2916],[-2.8776,43.3057],[-2.874,43.3099],[-2.8707,43.318],[-2.867,43.3162],[-2.8674,43.3093],[-2.8625,43.3074],[-2.8553,43.3103],[-2.8534,43.315],[-2.8483,43.3107],[-2.8412,43.3117]],[[-2.8245,43.2702],[-2.8127,43.2659],[-2.8132,43.2598],[-2.8086,43.2567],[-2.8064,43.2524],[-2.8113,43.25],[-2.8138,43.2459],[-2.8096,43.2407],[-2.8173,43.2389],[-2.8294,43.2406],[-2.844,43.2443],[-2.8488,43.2445],[-2.8557,43.2485],[-2.8634,43.2476],[-2.8655,43.2438],[-2.8727,43.247],[-2.8758,43.2525],[-2.8769,43.2581],[-2.8837,43.2624],[-2.88,43.2688],[-2.8722,43.2702],[-2.8663,43.2774],[-2.8557,43.2762],[-2.8453,43.2723],[-2.8419,43.2732],[-2.8359,43.2684],[-2.8282,43.2686],[-2.8245,43.2702]],[[-2.8687,43.2787],[-2.8724,43.2708],[-2.8801,43.2694],[-2.8957,43.2692],[-2.9023,43.2678],[-2.9195,43.2765],[-2.9218,43.28],[-2.93,43.2815],[-2.9342,43.2775],[-2.949,43.2813],[-2.9533,43.2848],[-2.9515,43.2893],[-2.9436,43.2922],[-2.9381,43.2923],[-2.9388,43.2884],[-2.9349,43.284],[-2.9304,43.2828],[-2.9204,43.2861],[-2.9175,43.2884],[-2.9055,43.2904],[-2.8994,43.2878],[-2.8964,43.2836],[-2.8913,43.2829],[-2.882,43.2861],[-2.8774,43.2827],[-2.8687,43.2787]],[[-2.8044,43.2536],[-2.8063,43.2525],[-2.8067,43.2537],[-2.8086,43.2567],[-2.8132,43.2598],[-2.8107,43.2608],[-2.8073,43.2574],[-2.8053,43.2542],[-2.8044,43.2536]],[[-2.8115,43.2627],[-2.8051,43.2639],[-2.8046,43.2583],[-2.8009,43.2554],[-2.8035,43.2523],[-2.8043,43.2537],[-2.8053,43.2543],[-2.8072,43.2575],[-2.8099,43.2604],[-2.8112,43.2613],[-2.8115,43.2627]],[[-2.7551,43.2759],[-2.776,43.266],[-2.7783,43.2714],[-2.773,43.2748],[-2.7686,43.2749],[-2.7663,43.2763],[-2.7646,43.276],[-2.7613,43.276],[-2.7596,43.2756],[-2.7551,43.2759]],[[-2.6078,43.217],[-2.604,43.2111],[-2.606,43.2044],[-2.6094,43.2016],[-2.6198,43.2027],[-2.6273,43.2074],[-2.6321,43.2063],[-2.6362,43.2012],[-2.6342,43.1975],[-2.6363,43.1951],[-2.6443,43.1938],[-2.6488,43.1891],[-2.6485,43.186],[-2.6404,43.1799],[-2.6563,43.1779],[-2.6643,43.1797],[-2.6712,43.1836],[-2.6713,43.1871],[-2.661,43.1889],[-2.6581,43.1946],[-2.6607,43.1974],[-2.659,43.2015],[-2.6656,43.2063],[-2.6607,43.2135],[-2.6589,43.2205],[-2.6538,43.2194],[-2.648,43.2222],[-2.642,43.2207],[-2.6383,43.2234],[-2.633,43.2229],[-2.6292,43.2247],[-2.6288,43.224],[-2.6279,43.2238],[-2.6267,43.2225],[-2.626,43.2223],[-2.6252,43.2222],[-2.6245,43.2218],[-2.6242,43.2211],[-2.6238,43.2207],[-2.6234,43.22],[-2.6233,43.2201],[-2.6237,43.2207],[-2.6241,43.2212],[-2.6244,43.2219],[-2.6247,43.222],[-2.6209,43.2222],[-2.6186,43.2212],[-2.6162,43.2183],[-2.6133,43.2173],[-2.6095,43.2167],[-2.6078,43.217]],[[-2.6153,43.1726],[-2.621,43.1768],[-2.6251,43.177],[-2.6261,43.1812],[-2.619,43.1819],[-2.6152,43.1793],[-2.6153,43.1726]],[[-2.5861,43.1656],[-2.5765,43.1604],[-2.5724,43.1609],[-2.5694,43.1579],[-2.5627,43.1561],[-2.5581,43.1576],[-2.5523,43.1551],[-2.5621,43.1507],[-2.5671,43.152],[-2.5683,43.1504],[-2.5694,43.1501],[-2.5703,43.1494],[-2.5717,43.1478],[-2.5736,43.1472],[-2.5735,43.1463],[-2.5749,43.1456],[-2.5755,43.1456],[-2.5759,43.1459],[-2.5764,43.1457],[-2.5827,43.1467],[-2.5883,43.1454],[-2.5905,43.1443],[-2.5914,43.1439],[-2.5913,43.1437],[-2.5921,43.1429],[-2.5971,43.1509],[-2.6074,43.1576],[-2.6032,43.1616],[-2.5971,43.1642],[-2.5861,43.1656]],[[-2.5934,43.1411],[-2.5922,43.1414],[-2.5921,43.1428],[-2.5907,43.1441],[-2.5895,43.1441],[-2.5882,43.1449],[-2.5832,43.1461],[-2.5825,43.1466],[-2.5766,43.1456],[-2.5759,43.1456],[-2.5742,43.1452],[-2.5745,43.1456],[-2.5735,43.1463],[-2.5734,43.1471],[-2.5715,43.1478],[-2.5693,43.15],[-2.5682,43.1503],[-2.5673,43.1519],[-2.5607,43.1495],[-2.5597,43.1467],[-2.5498,43.1433],[-2.5462,43.1389],[-2.5538,43.1358],[-2.5625,43.1354],[-2.5669,43.1306],[-2.5755,43.1299],[-2.5764,43.1337],[-2.5852,43.1376],[-2.5896,43.1361],[-2.5934,43.1411]],[[-2.5904,43.1357],[-2.593,43.1294],[-2.5931,43.1233],[-2.6048,43.1201],[-2.6077,43.1232],[-2.6006,43.1241],[-2.5974,43.1287],[-2.5991,43.1359],[-2.5951,43.1382],[-2.5904,43.1357]],[[-2.644,43.142],[-2.6315,43.1519],[-2.6241,43.149],[-2.6201,43.1504],[-2.6168,43.1456],[-2.6105,43.1416],[-2.6209,43.1376],[-2.6246,43.1334],[-2.6286,43.1354],[-2.6367,43.1347],[-2.6399,43.1382],[-2.6422,43.1396],[-2.644,43.142]],[[-2.6457,43.1424],[-2.6441,43.142],[-2.6423,43.1395],[-2.6403,43.1384],[-2.6426,43.1361],[-2.6479,43.1385],[-2.6457,43.1424]],[[-2.6239,43.1303],[-2.6236,43.1272],[-2.6219,43.1254],[-2.6284,43.1247],[-2.6239,43.1303]],[[-2.6144,43.1115],[-2.6075,43.1151],[-2.607,43.1109],[-2.6144,43.1115]],[[-2.5981,43.1026],[-2.5941,43.1092],[-2.5893,43.1043],[-2.5956,43.0999],[-2.5981,43.1026]],[[-2.579,43.0879],[-2.5772,43.0935],[-2.5739,43.0966],[-2.5707,43.0921],[-2.574,43.0869],[-2.579,43.0879]],[[-2.9242,43.179],[-2.9233,43.1817],[-2.9196,43.1832],[-2.9161,43.1801],[-2.9242,43.179]],[[-3.1588,43.2093],[-3.1523,43.2124],[-3.1515,43.2128],[-3.1509,43.2133],[-3.1507,43.2141],[-3.1477,43.2167],[-3.1445,43.2156],[-3.1507,43.2099],[-3.1514,43.206],[-3.1458,43.2023],[-3.1473,43.1993],[-3.1579,43.2019],[-3.1561,43.205],[-3.1588,43.2093]],[[-2.9038,43.4367],[-2.9057,43.4309],[-2.9002,43.425],[-2.8904,43.4242],[-2.8855,43.4267],[-2.8843,43.4319],[-2.8778,43.4342],[-2.8705,43.4347],[-2.8678,43.4298],[-2.8516,43.4289],[-2.8456,43.432],[-2.8446,43.4282],[-2.8475,43.4262],[-2.8537,43.4265],[-2.8562,43.4225],[-2.8476,43.4187],[-2.8449,43.4135],[-2.8346,43.4214],[-2.8387,43.4309],[-2.8274,43.4296],[-2.8205,43.4316],[-2.824,43.4247],[-2.8228,43.4195],[-2.8281,43.4136],[-2.8249,43.4091],[-2.8147,43.409],[-2.8167,43.4036],[-2.8122,43.3978],[-2.8051,43.3988],[-2.8017,43.4032],[-2.8098,43.41],[-2.8026,43.4134],[-2.8035,43.4204],[-2.7998,43.421],[-2.7926,43.4258],[-2.7902,43.4289],[-2.7837,43.4297],[-2.7783,43.434],[-2.7773,43.4411],[-2.7634,43.4455],[-2.758,43.444],[-2.7639,43.4373],[-2.7616,43.4339],[-2.7611,43.4259],[-2.7644,43.4204],[-2.7682,43.4177],[-2.7759,43.4203],[-2.768,43.4102],[-2.7557,43.4025],[-2.7566,43.3973],[-2.7615,43.3907],[-2.761,43.3833],[-2.7656,43.3771],[-2.7646,43.3725],[-2.7594,43.3641],[-2.7527,43.3598],[-2.7513,43.3562],[-2.7537,43.3521],[-2.7513,43.3499],[-2.7627,43.3458],[-2.7664,43.3481],[-2.7662,43.3537],[-2.7723,43.3561],[-2.7793,43.3547],[-2.7817,43.3559],[-2.785,43.3548],[-2.7897,43.3553],[-2.792,43.3538],[-2.7944,43.3552],[-2.799,43.3555],[-2.7954,43.3589],[-2.7913,43.3666],[-2.7911,43.3767],[-2.7891,43.3798],[-2.7898,43.3841],[-2.7939,43.3874],[-2.8,43.3883],[-2.8041,43.3863],[-2.8054,43.3822],[-2.8108,43.3795],[-2.818,43.3847],[-2.8261,43.3875],[-2.8345,43.3917],[-2.8402,43.3908],[-2.8451,43.3869],[-2.8485,43.3807],[-2.8521,43.38],[-2.8563,43.3872],[-2.8648,43.3903],[-2.8747,43.388],[-2.8739,43.3931],[-2.8709,43.3977],[-2.8732,43.4013],[-2.8794,43.4044],[-2.8862,43.4014],[-2.8871,43.3977],[-2.882,43.3927],[-2.8818,43.3891],[-2.886,43.3873],[-2.8969,43.3926],[-2.8967,43.3985],[-2.8933,43.4017],[-2.895,43.4147],[-2.9002,43.4186],[-2.9086,43.4185],[-2.9075,43.4224],[-2.9101,43.4255],[-2.9087,43.4286],[-2.9148,43.4297],[-2.9205,43.4355],[-2.9128,43.4355],[-2.9092,43.4374],[-2.9038,43.4367]],[[-2.8973,43.3922],[-2.8861,43.3872],[-2.8869,43.3816],[-2.8835,43.3774],[-2.8894,43.3737],[-2.9025,43.3741],[-2.9072,43.3732],[-2.9111,43.3706],[-2.9157,43.376],[-2.9192,43.3772],[-2.9162,43.3851],[-2.9126,43.3858],[-2.9096,43.3903],[-2.9037,43.3897],[-2.8973,43.3922]],[[-2.9158,43.3744],[-2.9196,43.3694],[-2.926,43.3673],[-2.9295,43.3602],[-2.9308,43.3594],[-2.9335,43.3587],[-2.9328,43.3581],[-2.9346,43.3567],[-2.9379,43.3582],[-2.944,43.3598],[-2.9475,43.3626],[-2.9474,43.3657],[-2.9414,43.3669],[-2.9396,43.3693],[-2.9397,43.3757],[-2.9353,43.3751],[-2.9337,43.3756],[-2.9332,43.3761],[-2.9318,43.3808],[-2.9256,43.3752],[-2.9202,43.3735],[-2.9158,43.3744]],[[-2.9324,43.3814],[-2.9323,43.3795],[-2.933,43.3788],[-2.9337,43.3757],[-2.9353,43.3752],[-2.9398,43.3758],[-2.9467,43.3806],[-2.9457,43.3878],[-2.9416,43.3916],[-2.9343,43.3914],[-2.9344,43.386],[-2.9324,43.3814]],[[-2.9421,43.3916],[-2.9458,43.3878],[-2.9474,43.3844],[-2.9531,43.3843],[-2.9533,43.3879],[-2.9567,43.3905],[-2.9627,43.3912],[-2.9658,43.3968],[-2.9604,43.4],[-2.9589,43.3934],[-2.9503,43.3906],[-2.9421,43.3916]],[[-2.9478,43.3658],[-2.9476,43.3624],[-2.9439,43.3597],[-2.9367,43.3575],[-2.935,43.3564],[-2.9326,43.358],[-2.9329,43.3587],[-2.9307,43.3593],[-2.9293,43.36],[-2.9264,43.3564],[-2.9282,43.3528],[-2.9289,43.3498],[-2.9299,43.3492],[-2.9302,43.347],[-2.933,43.3435],[-2.9412,43.3478],[-2.9473,43.3496],[-2.954,43.3532],[-2.9595,43.3595],[-2.955,43.3674],[-2.952,43.3678],[-2.9478,43.3658]],[[-2.9522,43.368],[-2.955,43.3675],[-2.957,43.366],[-2.959,43.3607],[-2.9779,43.3678],[-2.9702,43.3701],[-2.9657,43.3688],[-2.9587,43.3711],[-2.9522,43.368]],[[-2.9869,43.3707],[-2.984,43.3674],[-2.9744,43.3635],[-2.9661,43.3621],[-2.959,43.355],[-2.9481,43.3492],[-2.9413,43.3477],[-2.934,43.3436],[-2.9286,43.3423],[-2.9322,43.3372],[-2.93,43.333],[-2.9243,43.3307],[-2.922,43.3241],[-2.9173,43.3184],[-2.9296,43.3213],[-2.9322,43.3276],[-2.9375,43.3293],[-2.9421,43.3275],[-2.9446,43.324],[-2.9438,43.3202],[-2.9512,43.3211],[-2.9491,43.326],[-2.9502,43.3295],[-2.9405,43.3299],[-2.9361,43.3358],[-2.9403,43.3393],[-2.9464,43.3396],[-2.9508,43.3418],[-2.956,43.3412],[-2.9622,43.3437],[-2.9689,43.3398],[-2.9893,43.3424],[-2.9936,43.3489],[-2.9897,43.3504],[-2.9782,43.358],[-2.9841,43.3603],[-2.9834,43.365],[-2.9869,43.3707]],[[-2.9284,43.3425],[-2.9329,43.3434],[-2.9301,43.347],[-2.9298,43.3492],[-2.9286,43.3495],[-2.9257,43.3561],[-2.9198,43.3549],[-2.9212,43.3457],[-2.9284,43.3425]],[[-2.9184,43.3454],[-2.9204,43.3497],[-2.9088,43.3457],[-2.9127,43.3435],[-2.9184,43.3454]],[[-2.9075,43.3392],[-2.9085,43.3457],[-2.9016,43.3446],[-2.9013,43.3405],[-2.9075,43.3392]],[[-2.9011,43.3398],[-2.899,43.3432],[-2.8929,43.3428],[-2.8878,43.3469],[-2.8889,43.3516],[-2.8833,43.355],[-2.8727,43.3538],[-2.8709,43.3474],[-2.876,43.3443],[-2.8763,43.3407],[-2.882,43.3421],[-2.8853,43.3412],[-2.8886,43.3388],[-2.8949,43.3371],[-2.9011,43.3398]],[[-2.8947,43.3367],[-2.8886,43.3387],[-2.8852,43.3412],[-2.8798,43.3413],[-2.8836,43.3354],[-2.8844,43.332],[-2.8933,43.3345],[-2.8947,43.3367]],[[-2.8813,43.331],[-2.8834,43.3354],[-2.8797,43.3413],[-2.8762,43.3406],[-2.8741,43.3361],[-2.8705,43.3336],[-2.8725,43.3289],[-2.8772,43.3286],[-2.8813,43.331]],[[-2.9092,43.3671],[-2.9068,43.3724],[-2.8978,43.3727],[-2.903,43.3676],[-2.9032,43.3654],[-2.8976,43.3587],[-2.9075,43.3597],[-2.9058,43.362],[-2.9092,43.3671]],[[-2.8804,43.3891],[-2.8813,43.3924],[-2.8741,43.393],[-2.8751,43.3882],[-2.8804,43.3891]],[[-2.8524,43.3794],[-2.8464,43.381],[-2.8397,43.3783],[-2.8342,43.3785],[-2.8317,43.3758],[-2.8366,43.3736],[-2.84,43.3622],[-2.8479,43.3648],[-2.8447,43.3702],[-2.8455,43.3737],[-2.8524,43.3794]],[[-2.8366,43.3592],[-2.8245,43.3605],[-2.818,43.3631],[-2.8118,43.3563],[-2.8125,43.349],[-2.8249,43.3536],[-2.8311,43.3537],[-2.8366,43.3592]],[[-2.8107,43.3464],[-2.8064,43.3476],[-2.8034,43.3447],[-2.8067,43.3411],[-2.8106,43.341],[-2.8107,43.3464]],[[-2.7912,43.353],[-2.7897,43.3552],[-2.7836,43.3544],[-2.7825,43.3465],[-2.7888,43.3475],[-2.7912,43.353]],[[-2.7475,43.3453],[-2.7411,43.3431],[-2.7353,43.343],[-2.7296,43.3398],[-2.7273,43.3331],[-2.722,43.3293],[-2.716,43.3275],[-2.7127,43.3231],[-2.719,43.3211],[-2.7235,43.3243],[-2.7312,43.3222],[-2.7321,43.3229],[-2.7325,43.3235],[-2.7323,43.3237],[-2.7324,43.3242],[-2.7338,43.3262],[-2.7343,43.3264],[-2.7362,43.3268],[-2.7375,43.3273],[-2.7414,43.3283],[-2.746,43.334],[-2.7485,43.3345],[-2.7494,43.3378],[-2.7475,43.3453]],[[-2.7501,43.3369],[-2.7503,43.3334],[-2.7566,43.333],[-2.7617,43.3273],[-2.7633,43.3266],[-2.7641,43.3269],[-2.7647,43.3276],[-2.7652,43.3275],[-2.7663,43.3266],[-2.769,43.3275],[-2.7693,43.3272],[-2.7693,43.3258],[-2.7763,43.3268],[-2.7759,43.3337],[-2.7612,43.3359],[-2.7536,43.335],[-2.7501,43.3369]],[[-2.7783,43.3242],[-2.777,43.3257],[-2.7692,43.3258],[-2.7691,43.3273],[-2.7663,43.3265],[-2.7649,43.3274],[-2.7639,43.3266],[-2.7632,43.3264],[-2.7615,43.3267],[-2.7591,43.3228],[-2.7538,43.3198],[-2.7562,43.3153],[-2.7654,43.3148],[-2.7712,43.3114],[-2.7744,43.3127],[-2.7763,43.311],[-2.782,43.3101],[-2.7863,43.3124],[-2.788,43.3202],[-2.7783,43.3242]],[[-2.789,43.3088],[-2.7896,43.307],[-2.7975,43.3036],[-2.8016,43.3081],[-2.789,43.3088]],[[-2.8244,43.3174],[-2.8336,43.3159],[-2.8287,43.3221],[-2.8223,43.3207],[-2.8244,43.3174]],[[-2.7937,43.2322],[-2.792,43.2313],[-2.784,43.2299],[-2.7787,43.2298],[-2.7775,43.2307],[-2.7769,43.2308],[-2.7749,43.2307],[-2.7741,43.2308],[-2.7734,43.2306],[-2.7734,43.2302],[-2.7721,43.2292],[-2.7714,43.2291],[-2.7702,43.2303],[-2.7687,43.2308],[-2.7588,43.2281],[-2.7568,43.2287],[-2.7553,43.2313],[-2.7563,43.236],[-2.7479,43.2343],[-2.7473,43.2295],[-2.7525,43.2245],[-2.7473,43.2197],[-2.7484,43.2142],[-2.7574,43.2109],[-2.7644,43.2139],[-2.7748,43.2168],[-2.7869,43.2183],[-2.792,43.2161],[-2.7998,43.2167],[-2.8017,43.2203],[-2.8132,43.2288],[-2.8074,43.2317],[-2.7998,43.23],[-2.7937,43.2322]],[[-2.7614,43.212],[-2.7571,43.2105],[-2.7498,43.2131],[-2.7468,43.2077],[-2.7495,43.1997],[-2.7589,43.2038],[-2.7619,43.2068],[-2.7614,43.212]],[[-2.752,43.1954],[-2.7447,43.1867],[-2.7496,43.1842],[-2.7491,43.1776],[-2.7443,43.1664],[-2.7355,43.1612],[-2.7409,43.1569],[-2.7487,43.1613],[-2.7469,43.1666],[-2.749,43.1701],[-2.7551,43.1714],[-2.7614,43.1694],[-2.7645,43.1656],[-2.7707,43.1688],[-2.7677,43.1714],[-2.7685,43.1772],[-2.7645,43.1823],[-2.7658,43.1856],[-2.7704,43.1886],[-2.7557,43.1928],[-2.752,43.1954]],[[-2.7905,43.1914],[-2.7834,43.188],[-2.7774,43.1873],[-2.7801,43.183],[-2.7789,43.179],[-2.7832,43.1739],[-2.7897,43.1725],[-2.7944,43.1693],[-2.7942,43.1658],[-2.7986,43.1592],[-2.8069,43.1571],[-2.8078,43.1523],[-2.8058,43.1496],[-2.7978,43.1488],[-2.7948,43.144],[-2.7849,43.1405],[-2.7946,43.1371],[-2.798,43.1322],[-2.797,43.1284],[-2.8024,43.1253],[-2.8074,43.1198],[-2.8081,43.1177],[-2.8078,43.1172],[-2.8084,43.1162],[-2.8098,43.1153],[-2.8112,43.1141],[-2.8124,43.1137],[-2.8134,43.1125],[-2.8201,43.1143],[-2.8337,43.1222],[-2.8377,43.1331],[-2.8347,43.1371],[-2.8352,43.1399],[-2.824,43.1406],[-2.8201,43.1431],[-2.8208,43.1483],[-2.8301,43.1516],[-2.8189,43.1557],[-2.8169,43.16],[-2.8188,43.1627],[-2.8246,43.1642],[-2.8292,43.1626],[-2.8312,43.1584],[-2.8474,43.1597],[-2.8519,43.1583],[-2.8538,43.154],[-2.8682,43.155],[-2.8739,43.1599],[-2.8852,43.1622],[-2.8824,43.1632],[-2.882,43.1637],[-2.882,43.164],[-2.8815,43.1646],[-2.8804,43.1655],[-2.8795,43.1658],[-2.8784,43.1666],[-2.8758,43.1678],[-2.8718,43.1689],[-2.8678,43.1716],[-2.8697,43.1777],[-2.8851,43.1833],[-2.8812,43.1878],[-2.8746,43.1886],[-2.8682,43.1832],[-2.8652,43.1839],[-2.8576,43.1906],[-2.859,43.1924],[-2.8499,43.1995],[-2.8372,43.1991],[-2.8384,43.1947],[-2.832,43.1939],[-2.8317,43.1895],[-2.8272,43.186],[-2.8222,43.1864],[-2.8176,43.1903],[-2.8172,43.1944],[-2.812,43.1963],[-2.8066,43.2023],[-2.8002,43.2008],[-2.7945,43.2026],[-2.7916,43.2011],[-2.7945,43.1956],[-2.7905,43.1914]],[[-2.8427,43.2003],[-2.8411,43.2043],[-2.8369,43.2054],[-2.8395,43.2087],[-2.8344,43.2076],[-2.8337,43.2063],[-2.8349,43.2056],[-2.8348,43.2041],[-2.836,43.2033],[-2.838,43.1993],[-2.8427,43.2003]],[[-2.8429,43.2062],[-2.8445,43.2163],[-2.8478,43.2218],[-2.8395,43.2224],[-2.8347,43.22],[-2.8425,43.2147],[-2.8429,43.2062]],[[-2.8578,43.2225],[-2.8554,43.2156],[-2.8472,43.2081],[-2.8462,43.2044],[-2.851,43.2021],[-2.8546,43.1958],[-2.8591,43.1926],[-2.8591,43.1924],[-2.8576,43.1906],[-2.8653,43.184],[-2.8687,43.1837],[-2.8746,43.1887],[-2.8812,43.1879],[-2.8852,43.1833],[-2.8929,43.183],[-2.8921,43.1871],[-2.9005,43.1979],[-2.8987,43.2006],[-2.8919,43.1984],[-2.8858,43.1993],[-2.8812,43.2036],[-2.876,43.2047],[-2.8679,43.2026],[-2.8626,43.2075],[-2.8638,43.2142],[-2.8665,43.2165],[-2.8752,43.2179],[-2.876,43.2236],[-2.8728,43.2246],[-2.8659,43.2208],[-2.8578,43.2225]],[[-2.8207,43.198],[-2.8354,43.1951],[-2.8364,43.1988],[-2.8359,43.2028],[-2.8345,43.2042],[-2.8335,43.2061],[-2.8343,43.2075],[-2.8282,43.2098],[-2.8204,43.2089],[-2.8224,43.2027],[-2.8207,43.198]],[[-3.098,43.3305],[-3.0999,43.3249],[-3.1054,43.3239],[-3.1041,43.336],[-3.098,43.3305]],[[-3.1127,43.3124],[-3.1087,43.3104],[-3.0996,43.3116],[-3.094,43.3089],[-3.0816,43.3116],[-3.0786,43.3083],[-3.0692,43.3048],[-3.0625,43.3057],[-3.0573,43.3032],[-3.0477,43.3021],[-3.0474,43.2979],[-3.054,43.2981],[-3.0592,43.2941],[-3.0574,43.2901],[-3.0633,43.285],[-3.06,43.2795],[-3.0548,43.2786],[-3.0485,43.2811],[-3.0386,43.2752],[-3.0353,43.2783],[-3.0407,43.2814],[-3.0381,43.2903],[-3.0419,43.2929],[-3.0436,43.2981],[-3.028,43.2929],[-3.0222,43.2862],[-3.017,43.2849],[-3.0088,43.2884],[-3.0051,43.2863],[-3.0046,43.2818],[-3.0013,43.2782],[-3.0016,43.2683],[-3.0081,43.2681],[-3.0184,43.2701],[-3.0232,43.2693],[-3.0288,43.263],[-3.0283,43.2587],[-3.0197,43.2562],[-3.0194,43.2506],[-3.0151,43.2486],[-3.0136,43.2406],[-3.0234,43.2358],[-3.0235,43.2293],[-3.0307,43.2263],[-3.034,43.2169],[-3.0396,43.2113],[-3.0475,43.2119],[-3.0528,43.2203],[-3.0496,43.223],[-3.0525,43.2322],[-3.0605,43.2329],[-3.064,43.2354],[-3.0669,43.2418],[-3.068,43.2492],[-3.0619,43.2537],[-3.0655,43.2598],[-3.0744,43.2682],[-3.0776,43.2742],[-3.0755,43.2785],[-3.0827,43.2819],[-3.0927,43.284],[-3.0982,43.2829],[-3.1061,43.2934],[-3.1075,43.2979],[-3.1156,43.305],[-3.1127,43.3124]],[[-3.1171,43.3079],[-3.1156,43.3048],[-3.1076,43.2979],[-3.1062,43.2933],[-3.0982,43.2829],[-3.1085,43.282],[-3.1063,43.2775],[-3.1185,43.2766],[-3.1318,43.2786],[-3.1301,43.2875],[-3.1278,43.291],[-3.127,43.294],[-3.1248,43.2956],[-3.1252,43.2989],[-3.1211,43.2998],[-3.1171,43.3079]],[[-3.0024,43.2658],[-2.993,43.2655],[-2.9882,43.27],[-2.9824,43.2683],[-2.9807,43.2618],[-2.9828,43.2593],[-2.9768,43.2567],[-2.9765,43.2511],[-2.9837,43.2514],[-2.9889,43.255],[-2.9969,43.2557],[-3.0017,43.2516],[-3.0065,43.2533],[-3.0141,43.2538],[-3.0105,43.2588],[-3.0024,43.2658]],[[-2.9334,43.3927],[-2.9311,43.3971],[-2.9307,43.4044],[-2.9224,43.4111],[-2.9179,43.4091],[-2.9097,43.4109],[-2.9073,43.4042],[-2.9157,43.4013],[-2.9205,43.4028],[-2.927,43.4018],[-2.9334,43.3927]],[[-2.934,43.3065],[-2.9289,43.3075],[-2.9244,43.3062],[-2.9149,43.3063],[-2.9094,43.3079],[-2.905,43.3121],[-2.9052,43.3156],[-2.9136,43.3207],[-2.9037,43.3224],[-2.899,43.3172],[-2.9036,43.3105],[-2.8977,43.3055],[-2.8992,43.3006],[-2.9054,43.3004],[-2.9182,43.3043],[-2.9286,43.305],[-2.934,43.3065]],[[-2.9678,43.3347],[-2.9603,43.3332],[-2.963,43.3258],[-2.9591,43.3201],[-2.9606,43.3124],[-2.9662,43.3101],[-2.9673,43.3158],[-2.9715,43.3244],[-2.9758,43.3285],[-2.9697,43.3311],[-2.9678,43.3347]],[[-2.9119,43.0614],[-2.9125,43.0615],[-2.914,43.0631],[-2.9147,43.0634],[-2.9146,43.0644],[-2.915,43.0646],[-2.9155,43.066],[-2.9086,43.0643],[-2.8956,43.064],[-2.905,43.059],[-2.9119,43.0614]],[[-2.9183,43.0775],[-2.912,43.0775],[-2.9142,43.0731],[-2.9207,43.074],[-2.9183,43.0775]],[[-2.9089,43.0763],[-2.9169,43.0819],[-2.9154,43.084],[-2.9158,43.087],[-2.9105,43.0894],[-2.9075,43.0854],[-2.9118,43.0813],[-2.9073,43.079],[-2.9089,43.0763]],[[-2.9021,43.0888],[-2.9088,43.0894],[-2.9086,43.0928],[-2.9012,43.0944],[-2.9021,43.0888]],[[-2.8945,43.0915],[-2.8997,43.0951],[-2.8954,43.098],[-2.8903,43.0955],[-2.8814,43.0931],[-2.8684,43.0922],[-2.8712,43.0816],[-2.8773,43.0841],[-2.8898,43.0839],[-2.9015,43.085],[-2.8986,43.0878],[-2.8929,43.086],[-2.8901,43.0875],[-2.8945,43.0915]],[[-2.8607,43.0822],[-2.8575,43.0859],[-2.8513,43.0851],[-2.8495,43.0828],[-2.8536,43.0773],[-2.8607,43.0822]],[[-2.836,43.079],[-2.8419,43.0807],[-2.8374,43.0854],[-2.8379,43.0898],[-2.8421,43.093],[-2.8285,43.0928],[-2.8294,43.0851],[-2.836,43.079]],[[-2.8206,43.0925],[-2.8244,43.0914],[-2.83,43.0946],[-2.8273,43.0994],[-2.823,43.0985],[-2.8206,43.0925]],[[-2.8248,43.1071],[-2.8202,43.1051],[-2.823,43.1021],[-2.8278,43.1021],[-2.8315,43.1048],[-2.8411,43.1041],[-2.8454,43.1002],[-2.8616,43.1019],[-2.8726,43.1021],[-2.8722,43.109],[-2.8631,43.11],[-2.8513,43.1096],[-2.8449,43.111],[-2.8383,43.108],[-2.8339,43.1101],[-2.8248,43.1071]],[[-2.8491,43.1157],[-2.8512,43.1098],[-2.8631,43.1101],[-2.8724,43.109],[-2.8713,43.112],[-2.8741,43.1168],[-2.8787,43.1189],[-2.8875,43.1206],[-2.8973,43.1202],[-2.9116,43.1275],[-2.9173,43.1265],[-2.9286,43.1327],[-2.9292,43.1393],[-2.9336,43.1416],[-2.9339,43.1457],[-2.9288,43.1472],[-2.9268,43.1534],[-2.9282,43.1603],[-2.9207,43.1581],[-2.9166,43.1586],[-2.9083,43.1652],[-2.9074,43.1726],[-2.8989,43.172],[-2.8915,43.1646],[-2.8856,43.1621],[-2.882,43.1611],[-2.8853,43.1567],[-2.8799,43.1479],[-2.8754,43.1463],[-2.8647,43.145],[-2.854,43.1418],[-2.8384,43.1433],[-2.8351,43.1411],[-2.8358,43.1357],[-2.8383,43.133],[-2.8358,43.1261],[-2.846,43.1224],[-2.8491,43.1157]],[[-2.8372,43.1167],[-2.8398,43.1223],[-2.8341,43.1221],[-2.8372,43.1167]],[[-2.8062,43.1114],[-2.8107,43.114],[-2.809,43.1153],[-2.8083,43.1162],[-2.8077,43.1172],[-2.8073,43.1199],[-2.8023,43.1252],[-2.7969,43.1283],[-2.7948,43.1283],[-2.7955,43.126],[-2.7971,43.1245],[-2.797,43.1242],[-2.7965,43.124],[-2.7976,43.1233],[-2.7991,43.1226],[-2.7997,43.1202],[-2.7987,43.1152],[-2.8062,43.1114]],[[-2.7977,43.1116],[-2.8032,43.1129],[-2.7986,43.1151],[-2.7991,43.1225],[-2.7965,43.1237],[-2.7964,43.124],[-2.7969,43.1243],[-2.7968,43.1247],[-2.7964,43.1248],[-2.7953,43.126],[-2.7926,43.1277],[-2.791,43.1246],[-2.7829,43.1234],[-2.7783,43.1157],[-2.7844,43.1134],[-2.7898,43.1191],[-2.7936,43.1174],[-2.7977,43.1116]],[[-2.79,43.1055],[-2.7903,43.1072],[-2.7808,43.1122],[-2.7782,43.1156],[-2.7719,43.1133],[-2.7732,43.1116],[-2.7738,43.1084],[-2.7745,43.1071],[-2.7744,43.1061],[-2.7802,43.1003],[-2.7799,43.0946],[-2.7742,43.0918],[-2.7801,43.087],[-2.7809,43.0831],[-2.7918,43.092],[-2.7894,43.0991],[-2.7926,43.1023],[-2.79,43.1055]],[[-2.7772,43.0809],[-2.7807,43.0829],[-2.78,43.0869],[-2.7742,43.0851],[-2.7772,43.0809]],[[-2.7728,43.0782],[-2.7773,43.0805],[-2.7741,43.0851],[-2.7763,43.0878],[-2.7741,43.0918],[-2.7634,43.0951],[-2.7592,43.0905],[-2.7547,43.0891],[-2.7523,43.0827],[-2.7561,43.0789],[-2.7521,43.0731],[-2.7566,43.0672],[-2.7674,43.0719],[-2.7687,43.0759],[-2.7728,43.0782]],[[-2.7117,43.0587],[-2.7065,43.0584],[-2.7029,43.0557],[-2.6971,43.0477],[-2.6941,43.0458],[-2.6951,43.0396],[-2.693,43.0308],[-2.6994,43.0276],[-2.703,43.0309],[-2.7127,43.0317],[-2.7158,43.0433],[-2.7126,43.0451],[-2.7133,43.0563],[-2.7117,43.0587]],[[-2.8905,43.1664],[-2.8884,43.1733],[-2.8838,43.1747],[-2.8757,43.1679],[-2.8784,43.1667],[-2.8796,43.1659],[-2.8805,43.1656],[-2.8812,43.165],[-2.8819,43.1642],[-2.8821,43.1641],[-2.8821,43.1637],[-2.8825,43.1633],[-2.8855,43.1627],[-2.8905,43.1664]],[[-2.8891,43.1732],[-2.8911,43.1688],[-2.8953,43.1689],[-2.8986,43.1721],[-2.8947,43.1749],[-2.8891,43.1732]],[[-2.6512,43.14],[-2.6547,43.1431],[-2.662,43.1439],[-2.6604,43.1467],[-2.6561,43.1451],[-2.652,43.1446],[-2.6481,43.1432],[-2.6458,43.1429],[-2.6512,43.14]],[[-2.6457,43.1445],[-2.648,43.1432],[-2.6519,43.1446],[-2.6529,43.1474],[-2.6558,43.1468],[-2.6646,43.1494],[-2.6684,43.1558],[-2.6781,43.1583],[-2.6884,43.1577],[-2.6965,43.16],[-2.7032,43.17],[-2.7084,43.1721],[-2.7188,43.1729],[-2.7244,43.1807],[-2.7302,43.1812],[-2.7336,43.1933],[-2.7281,43.199],[-2.7282,43.2026],[-2.732,43.2082],[-2.7252,43.207],[-2.7239,43.2031],[-2.7152,43.1984],[-2.7125,43.1944],[-2.7145,43.1898],[-2.7113,43.1856],[-2.7046,43.1854],[-2.6978,43.1887],[-2.6991,43.1807],[-2.6957,43.1769],[-2.6903,43.1759],[-2.6844,43.1771],[-2.6709,43.1829],[-2.6648,43.1795],[-2.6555,43.1768],[-2.6498,43.1767],[-2.6512,43.1699],[-2.6466,43.1632],[-2.6397,43.1617],[-2.6462,43.1572],[-2.6496,43.1521],[-2.6501,43.1474],[-2.6457,43.1445]],[[-2.7091,43.1369],[-2.7023,43.1366],[-2.7017,43.1326],[-2.6954,43.1264],[-2.6969,43.1263],[-2.7017,43.1248],[-2.7059,43.119],[-2.7104,43.1175],[-2.724,43.1259],[-2.7269,43.1243],[-2.737,43.1221],[-2.7431,43.1246],[-2.7384,43.1281],[-2.7319,43.1276],[-2.7279,43.1301],[-2.7267,43.1347],[-2.7179,43.1328],[-2.7091,43.1369]],[[-2.693,43.1218],[-2.6949,43.1197],[-2.7025,43.1206],[-2.7002,43.1252],[-2.695,43.124],[-2.693,43.1218]],[[-2.7223,43.1144],[-2.7096,43.1094],[-2.7158,43.1064],[-2.717,43.1084],[-2.7196,43.1099],[-2.7198,43.1116],[-2.7215,43.1131],[-2.7213,43.1135],[-2.7223,43.1144]],[[-2.7063,43.1089],[-2.7067,43.1053],[-2.7028,43.1031],[-2.7116,43.1007],[-2.7144,43.1033],[-2.7142,43.1039],[-2.7156,43.1046],[-2.716,43.1061],[-2.7135,43.1066],[-2.709,43.1096],[-2.7063,43.1089]],[[-2.7008,43.1032],[-2.6815,43.1042],[-2.6838,43.0998],[-2.6902,43.0966],[-2.6944,43.0918],[-2.7058,43.0954],[-2.7116,43.0994],[-2.7008,43.1032]],[[-2.6771,43.0986],[-2.6729,43.0945],[-2.6739,43.0932],[-2.6736,43.0903],[-2.6753,43.0897],[-2.6784,43.0909],[-2.6828,43.0871],[-2.6884,43.0864],[-2.6944,43.0917],[-2.6901,43.0965],[-2.6838,43.0997],[-2.6771,43.0986]],[[-2.7622,43.1482],[-2.7624,43.1558],[-2.7584,43.1591],[-2.7554,43.1559],[-2.7538,43.1491],[-2.7622,43.1482]],[[-2.7582,43.1093],[-2.7594,43.1043],[-2.7639,43.1056],[-2.7731,43.1039],[-2.7734,43.1058],[-2.7744,43.1071],[-2.7737,43.1083],[-2.7731,43.1116],[-2.7719,43.1131],[-2.7633,43.1123],[-2.7582,43.1093]],[[-2.8996,43.1189],[-2.8878,43.1204],[-2.887,43.1174],[-2.89,43.1078],[-2.8958,43.1052],[-2.9027,43.1096],[-2.8996,43.1189]],[[-2.84,43.1558],[-2.8364,43.1581],[-2.8309,43.1581],[-2.8286,43.154],[-2.8302,43.1516],[-2.84,43.1558]],[[-2.7481,43.0882],[-2.7452,43.0835],[-2.7521,43.0829],[-2.7481,43.0882]],[[-2.6474,43.1155],[-2.6528,43.1183],[-2.655,43.1233],[-2.6531,43.1256],[-2.647,43.1196],[-2.6474,43.1155]],[[-2.6457,43.2285],[-2.6439,43.222],[-2.6479,43.2223],[-2.6457,43.2285]],[[-2.7327,43.321],[-2.7352,43.3183],[-2.7422,43.3166],[-2.7448,43.3258],[-2.7504,43.3321],[-2.746,43.3339],[-2.7417,43.3279],[-2.7375,43.3272],[-2.7363,43.3267],[-2.7343,43.3264],[-2.7335,43.3252],[-2.7325,43.3242],[-2.7325,43.3237],[-2.7327,43.3235],[-2.7325,43.3233],[-2.7322,43.3228],[-2.7314,43.3222],[-2.7327,43.321]],[[-2.7355,43.3181],[-2.7332,43.3136],[-2.7371,43.3092],[-2.7394,43.3099],[-2.7403,43.3108],[-2.741,43.311],[-2.7414,43.3123],[-2.742,43.3128],[-2.7421,43.3165],[-2.7355,43.3181]],[[-2.7291,43.3088],[-2.7225,43.3083],[-2.7255,43.3035],[-2.7305,43.3022],[-2.7384,43.3037],[-2.7434,43.3011],[-2.7469,43.3088],[-2.7431,43.3112],[-2.7421,43.3127],[-2.7416,43.3123],[-2.7411,43.3107],[-2.7405,43.3108],[-2.7395,43.3098],[-2.7386,43.3094],[-2.7317,43.3073],[-2.7291,43.3088]],[[-2.7692,43.3092],[-2.7663,43.3063],[-2.774,43.3002],[-2.7781,43.3032],[-2.7795,43.3101],[-2.7756,43.3109],[-2.7692,43.3092]],[[-2.5549,43.1602],[-2.5521,43.1634],[-2.5478,43.1634],[-2.5491,43.1583],[-2.5549,43.1602]],[[-2.6226,43.1262],[-2.6227,43.1345],[-2.6203,43.1377],[-2.61,43.1415],[-2.6016,43.1401],[-2.6029,43.1355],[-2.6096,43.1334],[-2.6127,43.1283],[-2.6183,43.1279],[-2.6226,43.1262]],[[-2.6064,43.2011],[-2.6048,43.2064],[-2.6051,43.2073],[-2.6044,43.2081],[-2.603,43.2059],[-2.6023,43.2054],[-2.6004,43.2052],[-2.6029,43.1994],[-2.6064,43.2011]],[[-2.5912,43.1806],[-2.5942,43.175],[-2.5993,43.1733],[-2.6,43.1777],[-2.5912,43.1806]],[[-2.482,43.3551],[-2.476,43.3507],[-2.4728,43.3505],[-2.464,43.3391],[-2.46,43.335],[-2.4562,43.3367],[-2.4417,43.3317],[-2.4388,43.3334],[-2.4296,43.3326],[-2.4269,43.3307],[-2.4302,43.3265],[-2.4385,43.3252],[-2.4423,43.3269],[-2.4491,43.3268],[-2.4509,43.3291],[-2.4578,43.3319],[-2.4636,43.33],[-2.4651,43.3231],[-2.4573,43.3198],[-2.4563,43.3167],[-2.4669,43.3169],[-2.4759,43.312],[-2.4775,43.3025],[-2.4804,43.2997],[-2.4766,43.296],[-2.4797,43.2922],[-2.4849,43.2941],[-2.4875,43.2914],[-2.4934,43.2919],[-2.5004,43.278],[-2.5068,43.2699],[-2.5195,43.2681],[-2.5272,43.2586],[-2.5338,43.2561],[-2.5441,43.256],[-2.5461,43.2612],[-2.5501,43.2632],[-2.551,43.2685],[-2.5558,43.2734],[-2.5631,43.2779],[-2.5561,43.2826],[-2.551,43.2794],[-2.546,43.2783],[-2.5401,43.2801],[-2.5389,43.2863],[-2.5436,43.2892],[-2.5493,43.2895],[-2.5565,43.2935],[-2.5533,43.2992],[-2.542,43.3022],[-2.5423,43.3067],[-2.5384,43.3112],[-2.5383,43.3231],[-2.5301,43.3292],[-2.5301,43.3333],[-2.5236,43.3341],[-2.5196,43.3375],[-2.5169,43.3346],[-2.521,43.3332],[-2.5223,43.3284],[-2.5202,43.3238],[-2.519,43.323],[-2.5196,43.3216],[-2.5215,43.3208],[-2.5243,43.3206],[-2.5266,43.3197],[-2.5295,43.3162],[-2.5283,43.3122],[-2.5238,43.3099],[-2.5174,43.3109],[-2.5146,43.3148],[-2.5151,43.3168],[-2.5141,43.3195],[-2.5121,43.3203],[-2.5082,43.3191],[-2.4995,43.3215],[-2.4982,43.3227],[-2.4949,43.3235],[-2.4941,43.324],[-2.4925,43.3225],[-2.492,43.3204],[-2.4911,43.32],[-2.4905,43.3159],[-2.4942,43.3142],[-2.4959,43.3145],[-2.4997,43.313],[-2.5009,43.3114],[-2.5014,43.3091],[-2.504,43.3088],[-2.5046,43.307],[-2.5085,43.3064],[-2.5147,43.3068],[-2.512,43.3058],[-2.5087,43.3056],[-2.5073,43.3066],[-2.5045,43.307],[-2.504,43.3087],[-2.5022,43.3078],[-2.5012,43.3091],[-2.5008,43.3114],[-2.4996,43.3129],[-2.4971,43.3134],[-2.4959,43.3144],[-2.4942,43.3141],[-2.4903,43.316],[-2.491,43.32],[-2.4919,43.3205],[-2.4924,43.3225],[-2.4933,43.3235],[-2.4945,43.3244],[-2.4942,43.3257],[-2.4947,43.3273],[-2.4978,43.3294],[-2.4974,43.3376],[-2.4879,43.3384],[-2.4806,43.3406],[-2.4766,43.3456],[-2.4827,43.3516],[-2.482,43.3551]],[[-2.5759,43.2942],[-2.5776,43.2963],[-2.5803,43.2977],[-2.5806,43.301],[-2.5833,43.3035],[-2.5757,43.305],[-2.5733,43.2983],[-2.5759,43.2942]],[[-2.566,43.2803],[-2.5664,43.2771],[-2.5582,43.2717],[-2.5608,43.2694],[-2.5617,43.2647],[-2.5681,43.265],[-2.5731,43.2636],[-2.5757,43.2603],[-2.584,43.2628],[-2.5766,43.2699],[-2.5802,43.2744],[-2.587,43.2753],[-2.5915,43.2742],[-2.5961,43.2756],[-2.5965,43.2801],[-2.5948,43.2797],[-2.5936,43.28],[-2.5933,43.2805],[-2.5929,43.2826],[-2.5917,43.2846],[-2.5906,43.2839],[-2.5894,43.2838],[-2.5877,43.2843],[-2.5816,43.2904],[-2.5745,43.2946],[-2.5666,43.2908],[-2.5708,43.2861],[-2.566,43.2803]],[[-2.5842,43.2625],[-2.5751,43.2597],[-2.5722,43.2525],[-2.5833,43.2556],[-2.5856,43.2587],[-2.5842,43.2625]],[[-2.493,43.2781],[-2.4911,43.2856],[-2.4847,43.2896],[-2.4799,43.2892],[-2.4759,43.2921],[-2.4702,43.2912],[-2.4626,43.2869],[-2.4635,43.2851],[-2.4636,43.2843],[-2.4542,43.2829],[-2.4515,43.2817],[-2.4508,43.2807],[-2.451,43.28],[-2.4518,43.2797],[-2.4509,43.2794],[-2.4507,43.2788],[-2.4481,43.2785],[-2.4452,43.2744],[-2.4444,43.2719],[-2.4446,43.2711],[-2.4439,43.2704],[-2.4422,43.27],[-2.4418,43.2659],[-2.4433,43.263],[-2.4442,43.257],[-2.4482,43.2634],[-2.4549,43.2643],[-2.4598,43.2683],[-2.4672,43.2691],[-2.4717,43.2705],[-2.4796,43.2746],[-2.4785,43.2766],[-2.4827,43.2777],[-2.4867,43.2812],[-2.493,43.2781]],[[-2.439,43.2565],[-2.4433,43.26],[-2.4432,43.2629],[-2.4405,43.2643],[-2.4367,43.26],[-2.439,43.2565]],[[-2.4353,43.2603],[-2.4386,43.2634],[-2.4417,43.2652],[-2.4416,43.2683],[-2.4336,43.2651],[-2.4297,43.2649],[-2.4263,43.2667],[-2.4232,43.262],[-2.4293,43.2593],[-2.4304,43.2622],[-2.4353,43.2603]],[[-2.5607,43.2605],[-2.5606,43.2694],[-2.5556,43.2699],[-2.5539,43.2676],[-2.555,43.263],[-2.5607,43.2605]],[[-2.4983,43.3436],[-2.493,43.3383],[-2.4993,43.3377],[-2.4983,43.3436]],[[-2.5156,43.3191],[-2.5204,43.3206],[-2.5196,43.3215],[-2.5189,43.3229],[-2.5115,43.3205],[-2.507,43.3228],[-2.505,43.3284],[-2.4979,43.3295],[-2.4948,43.3272],[-2.4943,43.3257],[-2.4949,43.3236],[-2.4982,43.3228],[-2.5002,43.3213],[-2.5078,43.3193],[-2.5113,43.3203],[-2.5128,43.3203],[-2.5156,43.3191]],[[-2.6151,42.9236],[-2.6112,42.9265],[-2.6048,42.9256],[-2.6033,42.9226],[-2.594,42.9221],[-2.5868,42.9231],[-2.5815,42.9162],[-2.5766,42.9154],[-2.5646,42.9173],[-2.5623,42.9099],[-2.5701,42.9074],[-2.5681,42.9044],[-2.5723,42.8993],[-2.5668,42.8964],[-2.5594,42.8959],[-2.555,42.8935],[-2.5548,42.8888],[-2.561,42.8838],[-2.5488,42.8776],[-2.5378,42.8795],[-2.5293,42.8829],[-2.5181,42.8891],[-2.5098,42.8879],[-2.5045,42.8859],[-2.4945,42.8853],[-2.4948,42.8809],[-2.4916,42.8782],[-2.4826,42.8766],[-2.4782,42.8811],[-2.4718,42.8795],[-2.4745,42.8763],[-2.4762,42.8725],[-2.473,42.8676],[-2.4664,42.8664],[-2.4625,42.8679],[-2.4603,42.8732],[-2.4516,42.8746],[-2.4433,42.8719],[-2.4394,42.8718],[-2.4337,42.8675],[-2.4262,42.8663],[-2.424,42.8661],[-2.422,42.8663],[-2.4141,42.8667],[-2.4071,42.8661],[-2.4018,42.8671],[-2.3994,42.8597],[-2.4049,42.8523],[-2.4065,42.8482],[-2.4108,42.8469],[-2.4169,42.8481],[-2.4225,42.8548],[-2.4271,42.8582],[-2.4348,42.8592],[-2.4382,42.8569],[-2.4384,42.848],[-2.4448,42.8484],[-2.4475,42.8529],[-2.4531,42.854],[-2.4601,42.8523],[-2.4665,42.8462],[-2.4593,42.8426],[-2.4637,42.8397],[-2.4738,42.8404],[-2.4781,42.8418],[-2.4805,42.8457],[-2.4973,42.8507],[-2.5045,42.8509],[-2.5132,42.8533],[-2.5193,42.8521],[-2.5368,42.8528],[-2.5506,42.8557],[-2.55,42.8587],[-2.5565,42.8635],[-2.5704,42.8624],[-2.5727,42.8655],[-2.5789,42.8669],[-2.5853,42.8644],[-2.5886,42.8682],[-2.5869,42.8734],[-2.5926,42.8792],[-2.5983,42.8789],[-2.6063,42.8724],[-2.608,42.876],[-2.6128,42.878],[-2.6114,42.8811],[-2.6152,42.8854],[-2.6223,42.8874],[-2.6288,42.8872],[-2.6325,42.8944],[-2.636,42.8965],[-2.6234,42.9016],[-2.6202,42.9048],[-2.6203,42.9095],[-2.6114,42.9115],[-2.6099,42.9186],[-2.6151,42.9236]],[[-2.6071,42.8711],[-2.5991,42.8671],[-2.6043,42.8649],[-2.6103,42.8657],[-2.6071,42.8711]],[[-2.4812,42.8418],[-2.4906,42.8421],[-2.4876,42.846],[-2.4812,42.8418]],[[-2.5312,42.8203],[-2.5314,42.8169],[-2.5398,42.8164],[-2.5406,42.822],[-2.5356,42.8227],[-2.5312,42.8203]],[[-2.5538,42.8526],[-2.5535,42.8484],[-2.5621,42.8445],[-2.5654,42.8452],[-2.569,42.8498],[-2.5749,42.8509],[-2.5821,42.8487],[-2.5828,42.8557],[-2.5756,42.8553],[-2.5665,42.8603],[-2.5666,42.8539],[-2.5602,42.8507],[-2.5538,42.8526]],[[-2.578,42.8316],[-2.5861,42.8294],[-2.5854,42.8335],[-2.578,42.8316]],[[-2.7848,42.8073],[-2.7934,42.8126],[-2.7915,42.8178],[-2.793,42.8208],[-2.7863,42.8239],[-2.7788,42.8249],[-2.776,42.8294],[-2.7794,42.8379],[-2.7745,42.8432],[-2.7626,42.8468],[-2.757,42.8418],[-2.7513,42.8425],[-2.7431,42.8403],[-2.7368,42.8446],[-2.7377,42.8486],[-2.7302,42.848],[-2.7193,42.853],[-2.721,42.8466],[-2.727,42.8454],[-2.7311,42.8416],[-2.7305,42.8375],[-2.7243,42.8338],[-2.7152,42.8322],[-2.724,42.8291],[-2.7271,42.8321],[-2.7371,42.8322],[-2.74,42.8301],[-2.7395,42.8239],[-2.7423,42.823],[-2.7528,42.8148],[-2.7644,42.813],[-2.7694,42.81],[-2.7772,42.8132],[-2.7835,42.8108],[-2.7848,42.8073]],[[-2.8056,42.9809],[-2.8095,42.98],[-2.8157,42.9819],[-2.8168,42.9863],[-2.8102,42.9954],[-2.8045,42.9966],[-2.797,42.9846],[-2.8056,42.9809]],[[-2.8954,42.8807],[-2.8946,42.8755],[-2.9007,42.8735],[-2.9038,42.8779],[-2.8954,42.8807]],[[-2.8632,42.6742],[-2.8632,42.6765],[-2.8558,42.6771],[-2.852,42.6757],[-2.8495,42.6811],[-2.8502,42.686],[-2.8339,42.6921],[-2.8275,42.6966],[-2.8245,42.6956],[-2.8206,42.6902],[-2.8077,42.6873],[-2.8024,42.6837],[-2.7998,42.6778],[-2.8105,42.6787],[-2.8136,42.6765],[-2.8234,42.6773],[-2.8322,42.6745],[-2.8343,42.6768],[-2.8411,42.6781],[-2.8461,42.6744],[-2.8458,42.6706],[-2.8525,42.6659],[-2.853,42.6605],[-2.8611,42.6627],[-2.8659,42.6605],[-2.8675,42.6553],[-2.8652,42.6521],[-2.8697,42.6505],[-2.8723,42.6561],[-2.8684,42.6623],[-2.8701,42.666],[-2.8741,42.6682],[-2.8702,42.6722],[-2.8653,42.6724],[-2.8632,42.6742]],[[-2.8713,42.6523],[-2.876,42.6491],[-2.8834,42.6521],[-2.8899,42.6572],[-2.8936,42.6698],[-2.8963,42.6725],[-2.8935,42.6769],[-2.8811,42.6748],[-2.8768,42.6784],[-2.8681,42.68],[-2.864,42.6768],[-2.8655,42.673],[-2.8708,42.6725],[-2.8751,42.6685],[-2.8827,42.6697],[-2.8878,42.668],[-2.8885,42.6609],[-2.8826,42.6549],[-2.8713,42.6523]],[[-2.8652,42.6874],[-2.8677,42.6845],[-2.8768,42.6835],[-2.8804,42.6845],[-2.8797,42.6923],[-2.8744,42.6933],[-2.8668,42.6978],[-2.8737,42.7027],[-2.8723,42.7093],[-2.8733,42.7148],[-2.869,42.7172],[-2.8649,42.7152],[-2.8635,42.7069],[-2.8637,42.7004],[-2.8602,42.6943],[-2.8626,42.6887],[-2.8652,42.6874]],[[-2.899,42.9627],[-2.8967,42.9679],[-2.8926,42.9699],[-2.8901,42.9657],[-2.899,42.9627]],[[-2.8669,42.9361],[-2.8736,42.9368],[-2.8781,42.9422],[-2.875,42.9455],[-2.8766,42.9537],[-2.8831,42.9574],[-2.88,42.9681],[-2.8706,42.9673],[-2.8657,42.9646],[-2.8604,42.9699],[-2.8496,42.9656],[-2.8536,42.9621],[-2.8536,42.959],[-2.8596,42.9555],[-2.8632,42.9512],[-2.8636,42.9461],[-2.8612,42.9408],[-2.8669,42.9361]],[[-2.8475,42.9472],[-2.8466,42.952],[-2.8427,42.9523],[-2.8435,42.9467],[-2.8475,42.9472]],[[-2.8306,42.9751],[-2.8347,42.9718],[-2.8351,42.9669],[-2.8406,42.9684],[-2.8422,42.9724],[-2.8382,42.9754],[-2.8415,42.9801],[-2.8318,42.9801],[-2.8306,42.9751]],[[-2.8985,42.8576],[-2.9022,42.858],[-2.9031,42.8623],[-2.908,42.8643],[-2.9145,42.8626],[-2.9279,42.8661],[-2.9419,42.8707],[-2.9401,42.8763],[-2.9481,42.8797],[-2.9511,42.8856],[-2.9556,42.8874],[-2.9634,42.8882],[-2.9644,42.8933],[-2.9696,42.8958],[-2.9757,42.8944],[-2.984,42.8968],[-2.9832,42.9009],[-2.9736,42.8999],[-2.9657,42.9035],[-2.9575,42.9029],[-2.9518,42.9097],[-2.941,42.9102],[-2.931,42.9132],[-2.9222,42.9184],[-2.9168,42.9308],[-2.9146,42.9261],[-2.9163,42.9205],[-2.9116,42.9167],[-2.9039,42.9178],[-2.9003,42.9129],[-2.8961,42.9121],[-2.8947,42.9077],[-2.9029,42.9057],[-2.9043,42.8991],[-2.9079,42.8949],[-2.9148,42.8938],[-2.9164,42.8876],[-2.9087,42.8832],[-2.904,42.8843],[-2.8999,42.8887],[-2.8961,42.8871],[-2.8974,42.8827],[-2.9057,42.8799],[-2.9099,42.8831],[-2.9169,42.8812],[-2.9161,42.8774],[-2.922,42.8757],[-2.9243,42.8684],[-2.9184,42.8653],[-2.9121,42.8661],[-2.9035,42.8725],[-2.9035,42.8657],[-2.8999,42.8636],[-2.8985,42.8576]],[[-2.9843,42.8785],[-2.9799,42.8838],[-2.9715,42.8816],[-2.9664,42.8768],[-2.9619,42.876],[-2.9545,42.877],[-2.9554,42.8737],[-2.9702,42.8756],[-2.9843,42.8785]],[[-2.9077,42.9823],[-2.9184,42.9826],[-2.9179,42.9873],[-2.9137,42.9892],[-2.9077,42.9823]],[[-2.7327,42.6436],[-2.7259,42.6446],[-2.7199,42.6475],[-2.7206,42.642],[-2.7182,42.6381],[-2.7223,42.6308],[-2.7296,42.6319],[-2.7327,42.6436]],[[-2.8148,42.5852],[-2.8176,42.5817],[-2.8164,42.5788],[-2.8233,42.5676],[-2.8311,42.5726],[-2.8324,42.5793],[-2.8148,42.5852]],[[-2.6238,42.5368],[-2.6186,42.5336],[-2.6209,42.5293],[-2.621,42.5239],[-2.6295,42.5187],[-2.6308,42.5152],[-2.6265,42.5099],[-2.6307,42.5054],[-2.63,42.5006],[-2.6366,42.496],[-2.6376,42.4922],[-2.6438,42.4896],[-2.645,42.495],[-2.6478,42.4983],[-2.6485,42.5028],[-2.6522,42.5079],[-2.6559,42.5089],[-2.6615,42.5134],[-2.6713,42.5163],[-2.6682,42.5252],[-2.6685,42.5281],[-2.6613,42.5308],[-2.6594,42.537],[-2.6524,42.5407],[-2.6526,42.5449],[-2.6473,42.5511],[-2.6474,42.5568],[-2.64,42.56],[-2.6368,42.5545],[-2.6389,42.5527],[-2.6333,42.5481],[-2.6317,42.5417],[-2.6264,42.5364],[-2.6238,42.5368]],[[-2.6111,42.5729],[-2.6091,42.5763],[-2.6024,42.576],[-2.598,42.5733],[-2.5991,42.565],[-2.6041,42.5671],[-2.6154,42.5634],[-2.6111,42.5729]],[[-2.606,42.551],[-2.5975,42.5545],[-2.5946,42.5493],[-2.6,42.5424],[-2.6007,42.5348],[-2.6053,42.5256],[-2.614,42.5228],[-2.6149,42.5254],[-2.6101,42.5341],[-2.6109,42.5409],[-2.606,42.551]],[[-2.5921,42.5715],[-2.5892,42.5738],[-2.5848,42.5702],[-2.5778,42.5694],[-2.5733,42.5623],[-2.5622,42.5565],[-2.5579,42.5566],[-2.5544,42.5509],[-2.5529,42.5431],[-2.5484,42.5387],[-2.5402,42.5357],[-2.5359,42.5313],[-2.5245,42.5227],[-2.5286,42.518],[-2.5234,42.5125],[-2.5309,42.5059],[-2.5404,42.5004],[-2.5444,42.4954],[-2.5444,42.489],[-2.5535,42.4896],[-2.5607,42.4964],[-2.5646,42.4986],[-2.5691,42.5045],[-2.5653,42.511],[-2.5678,42.5153],[-2.5661,42.5187],[-2.5726,42.5285],[-2.5681,42.5326],[-2.5605,42.5312],[-2.5562,42.5337],[-2.5562,42.5379],[-2.5616,42.542],[-2.5638,42.5491],[-2.5674,42.5543],[-2.5811,42.5651],[-2.5815,42.569],[-2.592,42.5677],[-2.5921,42.5715]],[[-2.5909,42.5457],[-2.5857,42.5458],[-2.5819,42.5419],[-2.5777,42.5411],[-2.5705,42.5424],[-2.5714,42.5373],[-2.5761,42.5348],[-2.5791,42.5266],[-2.5743,42.5223],[-2.5743,42.5146],[-2.5716,42.5106],[-2.5757,42.5052],[-2.5749,42.5021],[-2.5801,42.5006],[-2.5861,42.4939],[-2.5946,42.5011],[-2.5984,42.5056],[-2.5984,42.5087],[-2.6076,42.5083],[-2.6124,42.5056],[-2.6153,42.5003],[-2.6196,42.5002],[-2.6242,42.5042],[-2.6107,42.512],[-2.6106,42.517],[-2.6027,42.5208],[-2.5975,42.5266],[-2.5944,42.5345],[-2.5945,42.5395],[-2.5909,42.5417],[-2.5909,42.5457]],[[-2.659,42.5738],[-2.6518,42.578],[-2.6482,42.5694],[-2.6476,42.5618],[-2.6536,42.5575],[-2.6532,42.5523],[-2.658,42.5492],[-2.6639,42.561],[-2.6627,42.5681],[-2.659,42.5738]],[[-2.5058,42.5952],[-2.5018,42.5998],[-2.4977,42.5961],[-2.4972,42.5899],[-2.4933,42.5835],[-2.4997,42.5816],[-2.5018,42.5839],[-2.5007,42.5927],[-2.5058,42.5952]],[[-2.5722,42.5714],[-2.5649,42.5692],[-2.5681,42.5652],[-2.5722,42.5714]],[[-2.6318,42.5577],[-2.6241,42.5625],[-2.6222,42.557],[-2.6229,42.5519],[-2.6292,42.5518],[-2.6318,42.5577]],[[-2.5653,42.5822],[-2.5645,42.5847],[-2.5556,42.5796],[-2.5608,42.5744],[-2.5653,42.5822]],[[-2.5379,42.5844],[-2.5325,42.584],[-2.5333,42.5758],[-2.5254,42.5685],[-2.5267,42.5614],[-2.5251,42.5562],[-2.5168,42.5514],[-2.5207,42.5435],[-2.5249,42.5461],[-2.5262,42.5523],[-2.536,42.566],[-2.5355,42.5732],[-2.5417,42.5777],[-2.5379,42.5844]],[[-2.5246,42.5867],[-2.5201,42.5852],[-2.5221,42.5741],[-2.5269,42.5794],[-2.5246,42.5867]],[[-2.5342,42.5368],[-2.5354,42.5393],[-2.5448,42.5426],[-2.5486,42.5479],[-2.5486,42.5527],[-2.5517,42.5567],[-2.5535,42.567],[-2.5457,42.5617],[-2.5418,42.5512],[-2.5312,42.5467],[-2.5261,42.5412],[-2.5212,42.5302],[-2.5224,42.5277],[-2.5342,42.5368]],[[-2.5086,42.571],[-2.5163,42.5726],[-2.514,42.5841],[-2.5098,42.5885],[-2.5057,42.5795],[-2.5111,42.5801],[-2.5138,42.5761],[-2.5086,42.571]],[[-2.5015,42.5708],[-2.4964,42.5715],[-2.4979,42.5615],[-2.5008,42.5581],[-2.5015,42.5534],[-2.5055,42.5493],[-2.5118,42.5487],[-2.5103,42.553],[-2.5061,42.5552],[-2.5013,42.5623],[-2.5048,42.5675],[-2.5015,42.5708]],[[-2.6339,42.8815],[-2.6273,42.8809],[-2.6236,42.8771],[-2.6264,42.8746],[-2.6282,42.8683],[-2.6354,42.8673],[-2.6389,42.874],[-2.6424,42.8776],[-2.641,42.881],[-2.6339,42.8815]],[[-2.592,42.8177],[-2.6014,42.8185],[-2.6056,42.8221],[-2.6126,42.8223],[-2.6128,42.8268],[-2.6068,42.8261],[-2.5985,42.819],[-2.592,42.8177]],[[-2.6357,42.826],[-2.636,42.819],[-2.6384,42.8155],[-2.6431,42.8157],[-2.6429,42.8195],[-2.6469,42.8255],[-2.6405,42.8296],[-2.6357,42.826]],[[-2.6538,42.8096],[-2.6544,42.8024],[-2.6619,42.8035],[-2.6615,42.8082],[-2.6655,42.8128],[-2.6759,42.8108],[-2.6785,42.8051],[-2.6822,42.8148],[-2.6759,42.8149],[-2.6628,42.8263],[-2.6574,42.8239],[-2.6607,42.8203],[-2.6654,42.8216],[-2.6675,42.818],[-2.6656,42.8136],[-2.6586,42.8128],[-2.6538,42.8096]],[[-2.6621,42.8696],[-2.6628,42.865],[-2.6692,42.8657],[-2.6697,42.869],[-2.6621,42.8696]],[[-2.6478,42.8727],[-2.6433,42.8768],[-2.6377,42.867],[-2.6437,42.8642],[-2.6437,42.8701],[-2.6478,42.8727]],[[-2.3551,42.8817],[-2.3623,42.8773],[-2.3696,42.8771],[-2.3761,42.8802],[-2.3807,42.8797],[-2.3842,42.8767],[-2.3821,42.8693],[-2.386,42.8644],[-2.3939,42.8631],[-2.3965,42.8661],[-2.402,42.8682],[-2.4009,42.8709],[-2.4034,42.8758],[-2.4125,42.8768],[-2.4164,42.8745],[-2.4175,42.8704],[-2.4144,42.8668],[-2.4221,42.8664],[-2.4244,42.8661],[-2.4292,42.8671],[-2.4331,42.8675],[-2.4382,42.8712],[-2.4345,42.8744],[-2.4337,42.8793],[-2.4355,42.8818],[-2.4484,42.8863],[-2.4442,42.8882],[-2.4482,42.8941],[-2.4453,42.9004],[-2.4462,42.9052],[-2.4407,42.909],[-2.4251,42.9122],[-2.4251,42.9064],[-2.4178,42.9016],[-2.4056,42.9019],[-2.4018,42.9058],[-2.4036,42.911],[-2.4113,42.9144],[-2.4177,42.9148],[-2.4138,42.9188],[-2.4065,42.9222],[-2.3919,42.9229],[-2.3822,42.92],[-2.3714,42.9206],[-2.3659,42.9225],[-2.3646,42.928],[-2.3594,42.9343],[-2.3516,42.9317],[-2.3406,42.9311],[-2.3495,42.921],[-2.3518,42.9124],[-2.3516,42.9065],[-2.3466,42.9034],[-2.347,42.9006],[-2.352,42.8945],[-2.3556,42.8941],[-2.3555,42.9071],[-2.367,42.9046],[-2.37,42.9006],[-2.3682,42.8928],[-2.3623,42.8912],[-2.3546,42.8933],[-2.3529,42.8909],[-2.3564,42.8858],[-2.3551,42.8817]],[[-2.3058,42.7676],[-2.3123,42.7631],[-2.3181,42.7654],[-2.3235,42.7643],[-2.3215,42.7725],[-2.3165,42.7686],[-2.3058,42.7676]],[[-2.5579,42.7067],[-2.5515,42.7145],[-2.5403,42.7137],[-2.5413,42.7063],[-2.5313,42.7065],[-2.532,42.7029],[-2.542,42.7034],[-2.5579,42.7067]],[[-2.5729,42.6984],[-2.5535,42.6935],[-2.5497,42.6938],[-2.5418,42.6894],[-2.5456,42.6844],[-2.5537,42.6884],[-2.5623,42.6891],[-2.566,42.6906],[-2.5701,42.6889],[-2.5779,42.6938],[-2.5729,42.6984]],[[-2.4796,42.8853],[-2.468,42.8807],[-2.4538,42.8777],[-2.4523,42.8748],[-2.4612,42.8752],[-2.4653,42.8776],[-2.4711,42.8795],[-2.4782,42.8813],[-2.4796,42.8853]],[[-2.4942,42.8857],[-2.5044,42.886],[-2.5096,42.888],[-2.5012,42.8914],[-2.4942,42.8857]],[[-2.4741,42.7436],[-2.4686,42.7436],[-2.4636,42.7461],[-2.4557,42.7407],[-2.4552,42.7348],[-2.452,42.7323],[-2.4592,42.7248],[-2.472,42.7267],[-2.4734,42.7341],[-2.4836,42.7389],[-2.4856,42.7436],[-2.4741,42.7436]],[[-2.5895,42.8428],[-2.5934,42.8467],[-2.5858,42.8471],[-2.5895,42.8428]],[[-2.5608,42.8401],[-2.5518,42.8401],[-2.5514,42.8437],[-2.5459,42.8428],[-2.5443,42.837],[-2.5484,42.8323],[-2.5608,42.8314],[-2.5608,42.8401]],[[-2.5212,42.9028],[-2.5296,42.8979],[-2.5368,42.9028],[-2.5432,42.9029],[-2.5388,42.9088],[-2.5328,42.9043],[-2.5255,42.9044],[-2.5212,42.9028]],[[-2.3907,42.6754],[-2.3943,42.6756],[-2.3991,42.683],[-2.3998,42.6852],[-2.4001,42.6858],[-2.4006,42.6862],[-2.401,42.6862],[-2.4017,42.6861],[-2.4022,42.6864],[-2.4013,42.687],[-2.3999,42.6874],[-2.3997,42.6884],[-2.3963,42.6874],[-2.3907,42.6754]],[[-2.404,42.6908],[-2.3997,42.6884],[-2.3999,42.6874],[-2.4014,42.687],[-2.4022,42.6864],[-2.4017,42.686],[-2.4009,42.6862],[-2.4002,42.6858],[-2.3999,42.6852],[-2.3992,42.6833],[-2.4001,42.6819],[-2.4018,42.6799],[-2.412,42.6824],[-2.4089,42.6893],[-2.404,42.6908]],[[-2.4348,42.729],[-2.4323,42.7212],[-2.436,42.7195],[-2.4406,42.7144],[-2.4498,42.7223],[-2.4473,42.7283],[-2.4375,42.7297],[-2.4348,42.729]],[[-2.3845,42.785],[-2.3938,42.7893],[-2.3878,42.7936],[-2.3854,42.7905],[-2.3845,42.785]],[[-2.4449,42.8475],[-2.4385,42.8475],[-2.4411,42.843],[-2.449,42.8409],[-2.4449,42.8475]],[[-2.5232,42.6266],[-2.5305,42.6262],[-2.5318,42.6285],[-2.5134,42.6266],[-2.5162,42.6249],[-2.5232,42.6266]],[[-2.6659,43.0554],[-2.6579,43.0553],[-2.6569,43.0532],[-2.6549,43.0516],[-2.6594,43.0502],[-2.6659,43.0554]],[[-2.4386,43.0173],[-2.4432,43.0135],[-2.4537,43.0154],[-2.4557,43.0178],[-2.4614,43.0187],[-2.4717,43.0282],[-2.478,43.0306],[-2.4804,43.0295],[-2.4877,43.0355],[-2.4904,43.0423],[-2.4966,43.0429],[-2.5013,43.046],[-2.5052,43.0458],[-2.5141,43.0395],[-2.5139,43.0339],[-2.5222,43.0365],[-2.515,43.0414],[-2.5161,43.0477],[-2.5228,43.0497],[-2.5301,43.0478],[-2.5317,43.0519],[-2.5382,43.0549],[-2.5376,43.0587],[-2.5309,43.0571],[-2.5237,43.0595],[-2.5222,43.0641],[-2.5134,43.0661],[-2.5039,43.0554],[-2.495,43.0525],[-2.4879,43.0542],[-2.4854,43.0573],[-2.4793,43.0573],[-2.4748,43.0603],[-2.4748,43.0633],[-2.4706,43.066],[-2.4689,43.073],[-2.4648,43.0738],[-2.449,43.0794],[-2.4449,43.0772],[-2.4453,43.0725],[-2.4485,43.0698],[-2.4487,43.0594],[-2.4414,43.0558],[-2.4324,43.0543],[-2.4321,43.049],[-2.4313,43.048],[-2.4282,43.0474],[-2.4271,43.0409],[-2.423,43.0365],[-2.4242,43.034],[-2.4188,43.0277],[-2.4185,43.0219],[-2.4134,43.0199],[-2.4082,43.02],[-2.3974,43.0265],[-2.3886,43.0234],[-2.383,43.0246],[-2.3803,43.0284],[-2.3831,43.0332],[-2.3911,43.0354],[-2.3928,43.0388],[-2.3976,43.0405],[-2.4042,43.0392],[-2.4102,43.0408],[-2.4191,43.0474],[-2.4245,43.0466],[-2.4313,43.0482],[-2.4319,43.049],[-2.4318,43.0545],[-2.4348,43.0559],[-2.4329,43.0629],[-2.4377,43.067],[-2.4479,43.0694],[-2.4444,43.0729],[-2.4438,43.0764],[-2.4468,43.0788],[-2.4466,43.082],[-2.4405,43.0844],[-2.4399,43.0897],[-2.4353,43.0904],[-2.4282,43.097],[-2.4262,43.101],[-2.4207,43.1009],[-2.4125,43.1051],[-2.4071,43.1053],[-2.4031,43.1099],[-2.4054,43.114],[-2.4014,43.1158],[-2.3993,43.1212],[-2.4026,43.1241],[-2.4103,43.1247],[-2.4154,43.1287],[-2.4212,43.1306],[-2.4217,43.1363],[-2.4115,43.1455],[-2.4106,43.1518],[-2.4009,43.1529],[-2.3976,43.158],[-2.4022,43.1637],[-2.4008,43.1701],[-2.4021,43.1733],[-2.409,43.1805],[-2.4164,43.1831],[-2.4244,43.181],[-2.43,43.1851],[-2.4319,43.1906],[-2.4369,43.1936],[-2.4334,43.1996],[-2.4296,43.2014],[-2.4279,43.2034],[-2.4224,43.2025],[-2.4186,43.2046],[-2.4092,43.2055],[-2.4038,43.2084],[-2.3981,43.2058],[-2.3977,43.2002],[-2.3918,43.1969],[-2.3834,43.1979],[-2.3776,43.1953],[-2.3775,43.1866],[-2.3697,43.1791],[-2.3817,43.1825],[-2.3848,43.1856],[-2.3911,43.1839],[-2.3769,43.1761],[-2.3767,43.1713],[-2.3701,43.1735],[-2.3671,43.1713],[-2.3652,43.1635],[-2.369,43.1596],[-2.3651,43.1535],[-2.368,43.1483],[-2.3609,43.1495],[-2.3582,43.1518],[-2.3608,43.1576],[-2.359,43.1625],[-2.3551,43.1649],[-2.363,43.1706],[-2.3656,43.175],[-2.3642,43.1804],[-2.3695,43.1792],[-2.3773,43.1866],[-2.3775,43.1953],[-2.3819,43.1994],[-2.3816,43.2025],[-2.3872,43.2071],[-2.3919,43.2081],[-2.398,43.2059],[-2.4036,43.2089],[-2.4038,43.2126],[-2.3983,43.2179],[-2.3971,43.2229],[-2.3994,43.231],[-2.3922,43.2353],[-2.3921,43.2391],[-2.3968,43.2428],[-2.3929,43.2461],[-2.3892,43.2449],[-2.3776,43.2467],[-2.3761,43.2527],[-2.3809,43.2582],[-2.3761,43.2635],[-2.368,43.267],[-2.3632,43.263],[-2.3575,43.2552],[-2.3516,43.2506],[-2.3475,43.2407],[-2.3446,43.2377],[-2.3364,43.2352],[-2.3322,43.2301],[-2.3194,43.2214],[-2.3107,43.218],[-2.3126,43.2143],[-2.3353,43.2102],[-2.3306,43.2042],[-2.3242,43.203],[-2.3052,43.1904],[-2.2937,43.1912],[-2.29,43.1933],[-2.2699,43.192],[-2.2616,43.1958],[-2.2644,43.2011],[-2.274,43.206],[-2.2739,43.2116],[-2.2798,43.2169],[-2.2815,43.214],[-2.2909,43.217],[-2.2922,43.2193],[-2.2817,43.2297],[-2.2743,43.2359],[-2.2726,43.2396],[-2.2744,43.2427],[-2.2817,43.2436],[-2.2953,43.2438],[-2.2946,43.2521],[-2.2964,43.2586],[-2.2932,43.261],[-2.2863,43.2588],[-2.277,43.2606],[-2.2801,43.2532],[-2.2768,43.2483],[-2.2698,43.2483],[-2.266,43.2513],[-2.2605,43.247],[-2.2645,43.2452],[-2.2671,43.2408],[-2.2643,43.2355],[-2.2599,43.2339],[-2.2558,43.2287],[-2.2597,43.2275],[-2.2573,43.2211],[-2.2637,43.2174],[-2.2638,43.2134],[-2.257,43.2107],[-2.2511,43.2059],[-2.2562,43.2028],[-2.2562,43.1976],[-2.2596,43.1928],[-2.2687,43.1916],[-2.2808,43.1826],[-2.2814,43.1804],[-2.2896,43.1781],[-2.2914,43.1737],[-2.2962,43.1746],[-2.2956,43.1792],[-2.2994,43.1837],[-2.3125,43.1864],[-2.3231,43.1827],[-2.3294,43.1721],[-2.3331,43.1681],[-2.3313,43.1639],[-2.3348,43.1576],[-2.3409,43.156],[-2.3424,43.153],[-2.3445,43.1529],[-2.3428,43.1501],[-2.3466,43.1438],[-2.3504,43.1401],[-2.3523,43.1333],[-2.3499,43.1258],[-2.3423,43.1201],[-2.3425,43.1143],[-2.3335,43.1112],[-2.3318,43.1139],[-2.3246,43.1126],[-2.3176,43.1073],[-2.3228,43.1008],[-2.3232,43.0966],[-2.3332,43.0952],[-2.3322,43.0899],[-2.3282,43.0837],[-2.3331,43.0805],[-2.333,43.077],[-2.3297,43.0744],[-2.335,43.0653],[-2.3397,43.0659],[-2.3485,43.0617],[-2.3492,43.0566],[-2.346,43.0543],[-2.3436,43.0484],[-2.3449,43.0432],[-2.343,43.0394],[-2.3473,43.0362],[-2.3476,43.0275],[-2.3415,43.0237],[-2.3499,43.0112],[-2.3544,43.0083],[-2.3608,43.0067],[-2.3641,43.003],[-2.3741,43.0014],[-2.3798,43.0045],[-2.3884,43.0071],[-2.3982,43.0088],[-2.4052,43.0065],[-2.4135,43.011],[-2.4206,43.0089],[-2.4274,43.0104],[-2.4344,43.0097],[-2.4376,43.012],[-2.4386,43.0173]],[[-2.2437,43.3021],[-2.241,43.3029],[-2.2386,43.3046],[-2.2382,43.3071],[-2.2322,43.3078],[-2.2263,43.3105],[-2.2204,43.3091],[-2.2159,43.3086],[-2.2149,43.3072],[-2.216,43.3027],[-2.2223,43.304],[-2.2302,43.3034],[-2.2322,43.3003],[-2.2397,43.2997],[-2.2437,43.3021]],[[-2.2021,43.2941],[-2.194,43.2992],[-2.1886,43.2897],[-2.2021,43.2941]],[[-2.1468,43.2877],[-2.1416,43.2907],[-2.1378,43.2891],[-2.1401,43.2854],[-2.1468,43.2877]],[[-2.116,43.2818],[-2.1204,43.2915],[-2.1128,43.2973],[-2.1094,43.2965],[-2.1081,43.2922],[-2.1006,43.2943],[-2.0911,43.3006],[-2.0875,43.305],[-2.0828,43.3032],[-2.0728,43.307],[-2.0696,43.3106],[-2.0617,43.3094],[-2.0485,43.3129],[-2.0404,43.3132],[-2.0447,43.3088],[-2.056,43.3067],[-2.0705,43.3024],[-2.0809,43.3006],[-2.0951,43.2939],[-2.1128,43.2883],[-2.116,43.2818]],[[-1.9627,43.3312],[-1.9617,43.3345],[-1.9512,43.3339],[-1.9485,43.3306],[-1.9549,43.3287],[-1.9627,43.3312]],[[-2.0449,43.3081],[-2.0425,43.3042],[-2.0374,43.3033],[-2.0255,43.3071],[-2.0267,43.3025],[-2.0216,43.2976],[-2.0129,43.2957],[-2.0136,43.2911],[-2.0106,43.286],[-2.0156,43.2827],[-2.0163,43.2793],[-2.023,43.2783],[-2.0257,43.2799],[-2.0345,43.2792],[-2.039,43.282],[-2.0556,43.2794],[-2.0583,43.2775],[-2.0646,43.2787],[-2.0694,43.2849],[-2.0743,43.2862],[-2.0814,43.2836],[-2.0846,43.2803],[-2.0914,43.2831],[-2.0915,43.2882],[-2.0978,43.2857],[-2.0966,43.2818],[-2.0998,43.2763],[-2.1089,43.2777],[-2.1151,43.2822],[-2.1124,43.2877],[-2.105,43.2895],[-2.0886,43.2958],[-2.0786,43.3004],[-2.0748,43.3007],[-2.0536,43.3065],[-2.0449,43.3081]],[[-2.1332,43.2843],[-2.1369,43.2819],[-2.1378,43.277],[-2.1357,43.2705],[-2.1312,43.2672],[-2.127,43.2671],[-2.122,43.2619],[-2.1151,43.2609],[-2.1114,43.2651],[-2.1134,43.2698],[-2.1046,43.2704],[-2.093,43.2664],[-2.09,43.2685],[-2.0874,43.2746],[-2.0821,43.2748],[-2.0805,43.2685],[-2.0778,43.266],[-2.0728,43.2666],[-2.0678,43.2636],[-2.0555,43.2606],[-2.0482,43.2624],[-2.0403,43.2676],[-2.04,43.2539],[-2.0467,43.2544],[-2.0545,43.2503],[-2.0622,43.2512],[-2.0725,43.2503],[-2.0772,43.2514],[-2.0853,43.2506],[-2.0951,43.2524],[-2.0952,43.2467],[-2.088,43.2434],[-2.0772,43.2428],[-2.093,43.2289],[-2.0965,43.2236],[-2.1026,43.2205],[-2.1042,43.2169],[-2.1181,43.2107],[-2.1225,43.2103],[-2.1234,43.2057],[-2.1271,43.2085],[-2.1289,43.2079],[-2.1321,43.2045],[-2.1387,43.2001],[-2.1477,43.1991],[-2.1517,43.202],[-2.158,43.202],[-2.1639,43.2074],[-2.1636,43.2094],[-2.1552,43.2116],[-2.1574,43.216],[-2.157,43.2215],[-2.1544,43.2249],[-2.158,43.2273],[-2.1543,43.2303],[-2.1466,43.2302],[-2.1399,43.2372],[-2.1412,43.2418],[-2.1465,43.2444],[-2.1438,43.2484],[-2.1344,43.251],[-2.133,43.2565],[-2.1347,43.2612],[-2.1394,43.2611],[-2.1444,43.2663],[-2.1479,43.2629],[-2.1598,43.2618],[-2.1661,43.2577],[-2.1739,43.2581],[-2.1821,43.2504],[-2.1876,43.2471],[-2.1945,43.2535],[-2.2013,43.2524],[-2.2045,43.2481],[-2.2099,43.2513],[-2.2073,43.2548],[-2.2157,43.2601],[-2.2286,43.2553],[-2.2312,43.263],[-2.2367,43.2657],[-2.232,43.2688],[-2.2226,43.2718],[-2.207,43.273],[-2.2139,43.2776],[-2.2124,43.2816],[-2.2185,43.2858],[-2.2361,43.2938],[-2.2418,43.2951],[-2.2446,43.2984],[-2.2335,43.2994],[-2.2313,43.3003],[-2.2299,43.3029],[-2.2222,43.3034],[-2.216,43.3022],[-2.2146,43.2986],[-2.207,43.2911],[-2.2107,43.287],[-2.2037,43.2864],[-2.2009,43.2828],[-2.1881,43.2822],[-2.1771,43.2751],[-2.1709,43.274],[-2.1557,43.2762],[-2.152,43.2748],[-2.1454,43.2758],[-2.1414,43.2812],[-2.144,43.2862],[-2.1377,43.2844],[-2.1332,43.2843]],[[-2.2702,43.2682],[-2.2618,43.2627],[-2.2669,43.2584],[-2.2712,43.2598],[-2.2729,43.2637],[-2.2702,43.2682]],[[-2.3436,43.1224],[-2.3486,43.1257],[-2.3515,43.1333],[-2.35,43.1398],[-2.342,43.1489],[-2.3428,43.1525],[-2.3386,43.155],[-2.3337,43.1573],[-2.3305,43.1633],[-2.3244,43.1625],[-2.3208,43.1644],[-2.3172,43.1695],[-2.307,43.1674],[-2.3006,43.1689],[-2.2974,43.173],[-2.2908,43.1726],[-2.2863,43.1701],[-2.2756,43.1702],[-2.2709,43.1717],[-2.2626,43.1722],[-2.2565,43.1751],[-2.256,43.1725],[-2.2544,43.1704],[-2.2511,43.1697],[-2.249,43.1658],[-2.2515,43.1611],[-2.2509,43.1541],[-2.2453,43.1514],[-2.238,43.1526],[-2.2378,43.1483],[-2.2329,43.1467],[-2.2345,43.1438],[-2.2407,43.1407],[-2.2394,43.1338],[-2.2353,43.1304],[-2.2271,43.1289],[-2.2271,43.1188],[-2.229,43.1135],[-2.2344,43.1118],[-2.2394,43.114],[-2.247,43.111],[-2.2475,43.1056],[-2.2456,43.1037],[-2.2382,43.1036],[-2.2335,43.1084],[-2.2343,43.1117],[-2.2283,43.1132],[-2.2226,43.127],[-2.2305,43.1306],[-2.227,43.1334],[-2.2268,43.1389],[-2.2323,43.1463],[-2.2366,43.1495],[-2.2367,43.1567],[-2.2417,43.1631],[-2.2496,43.1635],[-2.2485,43.166],[-2.2506,43.1699],[-2.2547,43.1708],[-2.256,43.1751],[-2.2534,43.175],[-2.2515,43.175],[-2.2506,43.1754],[-2.2496,43.1772],[-2.248,43.1778],[-2.2468,43.1786],[-2.2458,43.1796],[-2.2396,43.1781],[-2.2367,43.1781],[-2.2343,43.1796],[-2.2293,43.1788],[-2.2275,43.1792],[-2.2241,43.1777],[-2.2212,43.1737],[-2.2007,43.1736],[-2.1988,43.1709],[-2.1947,43.1687],[-2.19,43.1679],[-2.1768,43.1601],[-2.1722,43.1595],[-2.1664,43.1633],[-2.1686,43.1692],[-2.164,43.1721],[-2.1578,43.1646],[-2.1528,43.1615],[-2.1523,43.1572],[-2.1586,43.1459],[-2.1697,43.148],[-2.1747,43.1437],[-2.1733,43.139],[-2.1678,43.1371],[-2.1597,43.1308],[-2.158,43.1259],[-2.153,43.1218],[-2.1631,43.113],[-2.1634,43.1091],[-2.1708,43.1063],[-2.1852,43.1126],[-2.1932,43.1087],[-2.2038,43.1111],[-2.2007,43.1065],[-2.1994,43.0998],[-2.2014,43.0963],[-2.2063,43.0922],[-2.2082,43.0868],[-2.2156,43.088],[-2.2199,43.0918],[-2.2249,43.0925],[-2.2322,43.0905],[-2.2369,43.0917],[-2.2438,43.0885],[-2.2505,43.0874],[-2.253,43.0815],[-2.2522,43.0774],[-2.2595,43.0779],[-2.2645,43.0744],[-2.2643,43.0703],[-2.2602,43.0673],[-2.2552,43.0677],[-2.2512,43.0717],[-2.2484,43.0708],[-2.2496,43.061],[-2.2467,43.0585],[-2.2477,43.0548],[-2.2506,43.054],[-2.2531,43.0498],[-2.2579,43.0583],[-2.2632,43.0604],[-2.2686,43.059],[-2.268,43.0637],[-2.2725,43.07],[-2.2825,43.074],[-2.29,43.074],[-2.2918,43.0671],[-2.2833,43.0632],[-2.2816,43.0598],[-2.2748,43.0578],[-2.27,43.0545],[-2.2674,43.0499],[-2.2635,43.0479],[-2.266,43.0442],[-2.2638,43.0397],[-2.2668,43.026],[-2.2717,43.0276],[-2.278,43.0262],[-2.2799,43.0217],[-2.2782,43.018],[-2.2808,43.0139],[-2.2786,43.0087],[-2.2828,43.0018],[-2.2668,43.007],[-2.2681,43.0029],[-2.2729,42.9964],[-2.2749,42.9908],[-2.2793,42.9882],[-2.2844,42.9896],[-2.2926,42.9878],[-2.2951,42.9823],[-2.2996,42.9776],[-2.3009,42.9712],[-2.2976,42.9664],[-2.3011,42.9595],[-2.2984,42.9567],[-2.3082,42.9538],[-2.3081,42.9582],[-2.3121,42.9636],[-2.3192,42.9654],[-2.3168,42.972],[-2.3222,42.976],[-2.3231,42.9802],[-2.3174,42.98],[-2.3112,42.9842],[-2.3113,42.988],[-2.3064,42.9922],[-2.3025,42.9928],[-2.3054,42.9975],[-2.306,43.0087],[-2.2979,43.0088],[-2.2896,43.0125],[-2.2988,43.0164],[-2.3082,43.0158],[-2.3163,43.0103],[-2.3156,43.0073],[-2.3221,43.0033],[-2.3272,43.0043],[-2.3301,43.0086],[-2.327,43.0113],[-2.3294,43.0215],[-2.3322,43.0245],[-2.3312,43.03],[-2.3335,43.0321],[-2.3299,43.0374],[-2.3311,43.0435],[-2.3244,43.0497],[-2.324,43.057],[-2.3331,43.0639],[-2.3295,43.0733],[-2.3213,43.0761],[-2.3149,43.0745],[-2.3101,43.0761],[-2.3084,43.0807],[-2.3016,43.0849],[-2.3013,43.0922],[-2.3092,43.0988],[-2.3111,43.1037],[-2.3169,43.105],[-2.3166,43.108],[-2.3232,43.1134],[-2.3312,43.1147],[-2.3335,43.1123],[-2.3408,43.1139],[-2.3414,43.1198],[-2.3436,43.1224]],[[-2.5374,43.0044],[-2.5436,43.0051],[-2.5384,43.0106],[-2.5326,43.0075],[-2.5374,43.0044]],[[-2.5476,43.0032],[-2.543,43.0007],[-2.5458,42.9975],[-2.5513,42.9956],[-2.5504,42.99],[-2.5551,42.9859],[-2.5618,42.9845],[-2.5618,42.9888],[-2.5667,42.9917],[-2.5664,42.9967],[-2.557,42.9984],[-2.5531,43.0042],[-2.5476,43.0032]],[[-2.5714,43.0096],[-2.5698,43.0071],[-2.5721,43.0019],[-2.5678,42.9956],[-2.5674,42.9918],[-2.5781,42.989],[-2.5814,42.9892],[-2.5826,42.9898],[-2.5839,42.992],[-2.5843,42.9924],[-2.5839,42.996],[-2.5789,42.9983],[-2.5762,43.003],[-2.5733,43.0033],[-2.573,43.0037],[-2.5733,43.0054],[-2.5751,43.0074],[-2.5747,43.0096],[-2.5714,43.0096]],[[-2.5041,43.0233],[-2.5102,43.0185],[-2.5103,43.0147],[-2.5183,43.017],[-2.5153,43.0238],[-2.5096,43.0226],[-2.5041,43.0233]],[[-2.0019,43.2685],[-2.0018,43.2762],[-1.9981,43.2774],[-1.9936,43.2838],[-1.9892,43.2819],[-1.9932,43.2777],[-1.9913,43.2739],[-1.9892,43.2615],[-2.0019,43.2685]],[[-1.9426,43.2714],[-1.9371,43.2747],[-1.9361,43.2789],[-1.9304,43.2847],[-1.9348,43.2903],[-1.9359,43.2947],[-1.9394,43.2964],[-1.9442,43.3034],[-1.9494,43.3055],[-1.944,43.3085],[-1.9407,43.3071],[-1.9286,43.3054],[-1.9208,43.3063],[-1.913,43.3029],[-1.9108,43.3],[-1.9213,43.2938],[-1.9237,43.29],[-1.916,43.2877],[-1.92,43.2822],[-1.9194,43.2777],[-1.9235,43.2753],[-1.925,43.2732],[-1.93,43.2738],[-1.9336,43.2769],[-1.9383,43.2718],[-1.9426,43.2714]],[[-1.9096,43.2754],[-1.9068,43.2814],[-1.9028,43.2827],[-1.8944,43.2828],[-1.8879,43.289],[-1.8798,43.2925],[-1.8729,43.2891],[-1.8747,43.2866],[-1.8888,43.2854],[-1.8957,43.2812],[-1.9071,43.2698],[-1.9096,43.2754]],[[-1.8538,43.3043],[-1.8648,43.3077],[-1.87,43.3135],[-1.8844,43.3177],[-1.8815,43.3205],[-1.8826,43.3249],[-1.8907,43.3283],[-1.8907,43.3301],[-1.8726,43.3356],[-1.8711,43.3337],[-1.8544,43.3377],[-1.8424,43.3313],[-1.8355,43.3303],[-1.832,43.3265],[-1.8334,43.3209],[-1.8306,43.3161],[-1.8387,43.3137],[-1.8433,43.3149],[-1.8511,43.3115],[-1.8538,43.3043]],[[-1.8359,43.3095],[-1.8383,43.3134],[-1.8303,43.3157],[-1.8219,43.3206],[-1.812,43.3198],[-1.809,43.3179],[-1.8144,43.3127],[-1.818,43.3127],[-1.8215,43.3109],[-1.8295,43.3089],[-1.8359,43.3095]],[[-1.8163,43.3578],[-1.8194,43.3534],[-1.8338,43.3514],[-1.8346,43.3539],[-1.8262,43.3585],[-1.8243,43.3621],[-1.814,43.3619],[-1.8138,43.36],[-1.8086,43.3578],[-1.8088,43.3548],[-1.8163,43.3578]],[[-1.8914,43.3285],[-1.9072,43.3276],[-1.9113,43.3309],[-1.9044,43.3327],[-1.8992,43.3311],[-1.8924,43.3313],[-1.8914,43.3285]],[[-1.8184,43.3645],[-1.8173,43.3688],[-1.8105,43.3694],[-1.8065,43.3616],[-1.8084,43.3584],[-1.8132,43.3603],[-1.8137,43.3624],[-1.8184,43.3645]],[[-1.8062,43.3257],[-1.7976,43.3269],[-1.79,43.3216],[-1.7826,43.324],[-1.7756,43.3221],[-1.7746,43.3192],[-1.7789,43.3174],[-1.7817,43.3134],[-1.7879,43.31],[-1.7849,43.3074],[-1.7848,43.3024],[-1.7906,43.3023],[-1.7962,43.2977],[-1.8089,43.2954],[-1.8135,43.297],[-1.8184,43.2932],[-1.8153,43.2905],[-1.8218,43.2865],[-1.8255,43.2867],[-1.8295,43.2911],[-1.8389,43.2937],[-1.8441,43.2922],[-1.8456,43.2968],[-1.8523,43.3009],[-1.8526,43.3067],[-1.8443,43.3037],[-1.8386,43.3048],[-1.8361,43.3089],[-1.8292,43.3084],[-1.8214,43.3103],[-1.8174,43.3122],[-1.8121,43.3128],[-1.8081,43.3177],[-1.811,43.32],[-1.8102,43.324],[-1.8062,43.3257]],[[-1.8689,43.2852],[-1.859,43.2864],[-1.8602,43.2791],[-1.8632,43.2783],[-1.8673,43.2728],[-1.8734,43.2715],[-1.8799,43.2679],[-1.8818,43.27],[-1.876,43.2753],[-1.8846,43.2777],[-1.8848,43.2736],[-1.892,43.2678],[-1.8951,43.2702],[-1.9034,43.2692],[-1.9071,43.2663],[-1.9092,43.2701],[-1.9152,43.268],[-1.9147,43.2628],[-1.9254,43.2607],[-1.9353,43.2549],[-1.9443,43.2589],[-1.9495,43.2624],[-1.9556,43.2597],[-1.9607,43.262],[-1.9573,43.2651],[-1.9496,43.265],[-1.9463,43.2686],[-1.9375,43.2713],[-1.9341,43.267],[-1.9287,43.2662],[-1.9263,43.2695],[-1.9284,43.2716],[-1.9245,43.2727],[-1.9231,43.2748],[-1.919,43.2756],[-1.9094,43.2734],[-1.9082,43.2699],[-1.9045,43.2685],[-1.9034,43.2722],[-1.8954,43.2806],[-1.8896,43.284],[-1.8741,43.2859],[-1.8689,43.2852]],[[-2.2512,43.1753],[-2.2571,43.1771],[-2.254,43.1801],[-2.2529,43.1882],[-2.2583,43.1926],[-2.2555,43.1981],[-2.2555,43.2021],[-2.2507,43.2053],[-2.2517,43.2083],[-2.2557,43.2099],[-2.2498,43.2135],[-2.2496,43.2179],[-2.2563,43.2212],[-2.2584,43.2266],[-2.2536,43.2287],[-2.2532,43.2318],[-2.2483,43.2354],[-2.2486,43.2393],[-2.2537,43.2459],[-2.2584,43.2472],[-2.2532,43.2526],[-2.2454,43.254],[-2.2371,43.2459],[-2.2301,43.2444],[-2.2198,43.2445],[-2.2154,43.2352],[-2.2069,43.2226],[-2.2102,43.217],[-2.2078,43.2142],[-2.2014,43.2118],[-2.1968,43.2015],[-2.1899,43.1996],[-2.1715,43.2103],[-2.164,43.2073],[-2.1602,43.2036],[-2.1649,43.2015],[-2.164,43.197],[-2.1687,43.1972],[-2.1745,43.193],[-2.1834,43.195],[-2.1754,43.1844],[-2.1821,43.1811],[-2.1873,43.1809],[-2.1954,43.1739],[-2.1881,43.173],[-2.1818,43.1755],[-2.1777,43.1703],[-2.1828,43.1672],[-2.1946,43.1688],[-2.1986,43.1709],[-2.2006,43.1737],[-2.2169,43.1745],[-2.2208,43.174],[-2.2239,43.178],[-2.2263,43.1789],[-2.2265,43.1809],[-2.229,43.1792],[-2.2325,43.1799],[-2.2344,43.1797],[-2.2367,43.1782],[-2.2404,43.1784],[-2.244,43.1796],[-2.2463,43.1797],[-2.2469,43.1787],[-2.2505,43.1768],[-2.2512,43.1753]],[[-2.2336,43.2757],[-2.2335,43.2686],[-2.2406,43.2656],[-2.2434,43.2614],[-2.2515,43.2674],[-2.2417,43.2738],[-2.2336,43.2757]],[[-2.2809,43.2747],[-2.2727,43.2716],[-2.273,43.2643],[-2.2863,43.2589],[-2.2929,43.2614],[-2.2862,43.27],[-2.2809,43.2747]],[[-2.2437,43.023],[-2.2468,43.0228],[-2.2551,43.0168],[-2.2603,43.0102],[-2.2643,43.0109],[-2.2684,43.0169],[-2.2641,43.0208],[-2.2661,43.0258],[-2.2645,43.0352],[-2.2606,43.0371],[-2.25,43.037],[-2.2412,43.0394],[-2.2385,43.0453],[-2.2321,43.0447],[-2.224,43.049],[-2.2203,43.0416],[-2.2239,43.0353],[-2.2203,43.0313],[-2.2218,43.026],[-2.224,43.0255],[-2.2265,43.0269],[-2.2308,43.0273],[-2.2379,43.0229],[-2.2437,43.023]],[[-2.2199,43.0305],[-2.2114,43.0308],[-2.2079,43.036],[-2.2114,43.0408],[-2.2051,43.0417],[-2.1969,43.034],[-2.2047,43.0333],[-2.2124,43.0288],[-2.2132,43.0219],[-2.2167,43.0161],[-2.2232,43.0145],[-2.2258,43.0176],[-2.223,43.0216],[-2.2229,43.0236],[-2.2237,43.0251],[-2.2221,43.0253],[-2.2214,43.0264],[-2.2209,43.0286],[-2.2199,43.0305]],[[-2.1368,43.0879],[-2.1428,43.0913],[-2.1528,43.0906],[-2.1599,43.0867],[-2.1678,43.0787],[-2.1672,43.0752],[-2.1773,43.0658],[-2.1823,43.06],[-2.19,43.0597],[-2.1967,43.0554],[-2.2037,43.0531],[-2.2118,43.0539],[-2.2162,43.0573],[-2.2311,43.0545],[-2.2376,43.0513],[-2.2389,43.0457],[-2.2433,43.0479],[-2.2481,43.0472],[-2.2517,43.0492],[-2.251,43.0528],[-2.2473,43.0543],[-2.2457,43.0576],[-2.249,43.0614],[-2.2467,43.0672],[-2.2479,43.0712],[-2.251,43.0723],[-2.2524,43.0811],[-2.2472,43.0851],[-2.2455,43.08],[-2.2416,43.0777],[-2.2369,43.0778],[-2.2307,43.0855],[-2.2161,43.0851],[-2.2078,43.0864],[-2.2056,43.0922],[-2.2017,43.0946],[-2.1986,43.0999],[-2.1988,43.1023],[-2.1923,43.1041],[-2.1927,43.1083],[-2.185,43.1121],[-2.1709,43.1054],[-2.1626,43.109],[-2.1624,43.1128],[-2.1524,43.1214],[-2.157,43.1258],[-2.159,43.1307],[-2.153,43.136],[-2.1518,43.1396],[-2.1579,43.1457],[-2.151,43.1569],[-2.15,43.1614],[-2.1445,43.1581],[-2.1384,43.1579],[-2.1369,43.1517],[-2.1391,43.1494],[-2.1346,43.145],[-2.1211,43.1432],[-2.1179,43.1454],[-2.1065,43.1447],[-2.0957,43.1462],[-2.1002,43.1497],[-2.1003,43.1527],[-2.0967,43.1563],[-2.1033,43.1569],[-2.1142,43.164],[-2.1192,43.164],[-2.118,43.1687],[-2.1107,43.1665],[-2.103,43.1691],[-2.0999,43.1735],[-2.1025,43.1776],[-2.1072,43.1785],[-2.1138,43.1766],[-2.1198,43.1732],[-2.1288,43.177],[-2.1282,43.1818],[-2.1379,43.1895],[-2.1348,43.1922],[-2.1382,43.1996],[-2.1314,43.2044],[-2.1284,43.2076],[-2.1234,43.2051],[-2.1218,43.2098],[-2.1174,43.2105],[-2.1035,43.2166],[-2.102,43.2202],[-2.0958,43.2234],[-2.0925,43.2285],[-2.0755,43.2424],[-2.0648,43.2447],[-2.0644,43.2474],[-2.0528,43.2453],[-2.0452,43.2504],[-2.0387,43.2484],[-2.0397,43.2532],[-2.039,43.2627],[-2.0324,43.2554],[-2.0256,43.2545],[-2.0272,43.2468],[-2.0308,43.2361],[-2.027,43.2331],[-2.0331,43.2277],[-2.0335,43.2201],[-2.041,43.2136],[-2.0408,43.2099],[-2.0527,43.2087],[-2.0563,43.2069],[-2.0577,43.2019],[-2.0636,43.1997],[-2.0733,43.2045],[-2.0808,43.2019],[-2.0821,43.1972],[-2.0858,43.1973],[-2.0877,43.1985],[-2.0897,43.2012],[-2.0961,43.2032],[-2.1046,43.1989],[-2.1059,43.1929],[-2.1094,43.1908],[-2.1099,43.187],[-2.1066,43.1832],[-2.099,43.1829],[-2.0944,43.1868],[-2.0866,43.1914],[-2.0877,43.1975],[-2.0843,43.1968],[-2.082,43.197],[-2.077,43.1931],[-2.0704,43.1939],[-2.0702,43.1891],[-2.0662,43.1866],[-2.0638,43.1768],[-2.0745,43.1718],[-2.0804,43.1646],[-2.0785,43.1604],[-2.0878,43.1599],[-2.0918,43.1569],[-2.0915,43.1517],[-2.087,43.1494],[-2.079,43.1511],[-2.0727,43.15],[-2.079,43.1459],[-2.0798,43.1424],[-2.088,43.1382],[-2.0939,43.1292],[-2.0947,43.1249],[-2.0902,43.1205],[-2.0919,43.1161],[-2.0901,43.112],[-2.0992,43.1078],[-2.1074,43.1009],[-2.116,43.0967],[-2.1227,43.1005],[-2.1299,43.0988],[-2.1319,43.0954],[-2.1308,43.0896],[-2.1368,43.0879]],[[-1.9894,43.2606],[-2.0006,43.2509],[-2.0044,43.2398],[-2.0032,43.2343],[-2.0072,43.2333],[-2.0124,43.2292],[-2.021,43.2294],[-2.0254,43.2315],[-2.03,43.2377],[-2.0251,43.2436],[-2.0179,43.2426],[-2.0143,43.2448],[-2.0088,43.2555],[-2.0093,43.2582],[-2.0023,43.268],[-1.9894,43.2606]],[[-2.1672,43.0474],[-2.1629,43.0494],[-2.1572,43.046],[-2.1591,43.0435],[-2.1563,43.0321],[-2.1522,43.0297],[-2.1518,43.0228],[-2.1626,43.0197],[-2.169,43.0199],[-2.1706,43.0162],[-2.1764,43.0169],[-2.1751,43.0213],[-2.1791,43.024],[-2.1745,43.028],[-2.1747,43.0309],[-2.1791,43.0377],[-2.1737,43.0417],[-2.1727,43.0455],[-2.1672,43.0474]],[[-2.0048,43.2127],[-2.008,43.2169],[-2.0035,43.2209],[-2.0038,43.2246],[-1.9989,43.2269],[-1.9991,43.2324],[-1.991,43.2344],[-1.9794,43.2502],[-1.9749,43.252],[-1.9672,43.2507],[-1.9606,43.2564],[-1.9531,43.2577],[-1.9525,43.2503],[-1.9545,43.2471],[-1.948,43.2436],[-1.9501,43.2356],[-1.9614,43.2288],[-1.962,43.2234],[-1.9679,43.2201],[-1.9797,43.2216],[-1.9859,43.2205],[-1.9907,43.217],[-2.001,43.213],[-2.0048,43.2127]],[[-1.7628,43.3226],[-1.7671,43.3247],[-1.7683,43.3319],[-1.7647,43.3341],[-1.7558,43.3349],[-1.7533,43.3307],[-1.7413,43.3277],[-1.7437,43.3231],[-1.7489,43.3232],[-1.7567,43.3209],[-1.7628,43.3226]],[[-1.8486,43.2906],[-1.845,43.2856],[-1.8367,43.2817],[-1.837,43.2786],[-1.844,43.28],[-1.8452,43.2843],[-1.8502,43.2878],[-1.8486,43.2906]],[[-1.9028,43.2583],[-1.899,43.2629],[-1.8964,43.2585],[-1.8989,43.2536],[-1.9028,43.2583]],[[-1.9321,43.2372],[-1.9278,43.2395],[-1.9126,43.2428],[-1.9103,43.2374],[-1.917,43.2352],[-1.9249,43.2347],[-1.9311,43.2319],[-1.9321,43.2372]],[[-1.9832,43.2814],[-1.9801,43.2845],[-1.9728,43.2848],[-1.968,43.2877],[-1.9618,43.2843],[-1.9611,43.2794],[-1.9719,43.2785],[-1.9832,43.2814]]],[[[-3.4079,43.1987],[-3.4076,43.2027],[-3.4162,43.202],[-3.417,43.198],[-3.412,43.1926],[-3.4138,43.1875],[-3.419,43.1807],[-3.4155,43.1775],[-3.4148,43.1709],[-3.4095,43.171],[-3.4055,43.1771],[-3.4095,43.1799],[-3.41,43.1833],[-3.407,43.1863],[-3.4079,43.1987]]],[[[-3.3111,43.2206],[-3.3082,43.2172],[-3.3144,43.2136],[-3.3194,43.2167],[-3.3273,43.2165],[-3.3288,43.2209],[-3.3367,43.223],[-3.3384,43.2275],[-3.3328,43.2291],[-3.3265,43.235],[-3.3201,43.2334],[-3.3055,43.2354],[-3.2991,43.2424],[-3.2959,43.2436],[-3.2981,43.2479],[-3.3047,43.2511],[-3.3045,43.2583],[-3.2911,43.2615],[-3.2789,43.2619],[-3.2674,43.2674],[-3.2537,43.2623],[-3.2512,43.2644],[-3.2488,43.2717],[-3.2499,43.2796],[-3.2458,43.2784],[-3.2399,43.2803],[-3.2374,43.2844],[-3.239,43.287],[-3.2488,43.2892],[-3.2539,43.2859],[-3.2582,43.289],[-3.2575,43.2921],[-3.2662,43.2962],[-3.2696,43.2921],[-3.2804,43.2894],[-3.2898,43.2898],[-3.2935,43.2929],[-3.2914,43.296],[-3.2942,43.2993],[-3.2992,43.2991],[-3.3118,43.296],[-3.3226,43.2911],[-3.3248,43.2959],[-3.3289,43.2967],[-3.3317,43.3014],[-3.3401,43.2975],[-3.3431,43.2943],[-3.3416,43.2844],[-3.3386,43.2781],[-3.3507,43.275],[-3.3598,43.2719],[-3.3691,43.2745],[-3.3776,43.2709],[-3.3831,43.2704],[-3.3859,43.2657],[-3.3898,43.2639],[-3.3917,43.259],[-3.3917,43.2527],[-3.39,43.248],[-3.3854,43.2432],[-3.3894,43.237],[-3.3827,43.2315],[-3.3899,43.2278],[-3.3964,43.23],[-3.4011,43.2286],[-3.4096,43.2286],[-3.414,43.2303],[-3.4079,43.2346],[-3.4122,43.2358],[-3.4161,43.232],[-3.4175,43.2275],[-3.4142,43.2223],[-3.4144,43.2182],[-3.4084,43.208],[-3.4045,43.2099],[-3.4082,43.216],[-3.4006,43.219],[-3.3955,43.2176],[-3.397,43.2114],[-3.4017,43.2109],[-3.4054,43.2077],[-3.4074,43.2018],[-3.4005,43.1957],[-3.393,43.1955],[-3.3915,43.1901],[-3.3879,43.1866],[-3.3828,43.1759],[-3.3917,43.1764],[-3.3954,43.1779],[-3.399,43.1734],[-3.4101,43.1693],[-3.4219,43.1667],[-3.4272,43.1691],[-3.432,43.1667],[-3.4256,43.1554],[-3.4219,43.1522],[-3.4176,43.1333],[-3.4025,43.1357],[-3.4004,43.1379],[-3.3891,43.1403],[-3.3796,43.1454],[-3.3644,43.1509],[-3.3488,43.1545],[-3.347,43.1588],[-3.3416,43.1662],[-3.3346,43.1655],[-3.3222,43.1691],[-3.3198,43.1709],[-3.3114,43.1717],[-3.3055,43.1769],[-3.2991,43.1798],[-3.2973,43.1824],[-3.2876,43.1857],[-3.2842,43.1883],[-3.2773,43.1904],[-3.2779,43.1945],[-3.2722,43.194],[-3.2546,43.1949],[-3.2498,43.1983],[-3.2488,43.2038],[-3.2447,43.2036],[-3.2429,43.2143],[-3.2512,43.2123],[-3.2515,43.219],[-3.2543,43.2225],[-3.2527,43.2258],[-3.256,43.2305],[-3.2608,43.231],[-3.2669,43.2275],[-3.2667,43.2229],[-3.2717,43.2183],[-3.2701,43.2126],[-3.2658,43.2069],[-3.2691,43.2027],[-3.2819,43.2003],[-3.2863,43.1974],[-3.2888,43.2017],[-3.2973,43.2065],[-3.3017,43.2107],[-3.3051,43.2169],[-3.3111,43.2206]],[[-3.3478,43.2593],[-3.3417,43.2584],[-3.345,43.2542],[-3.3435,43.2481],[-3.3505,43.2471],[-3.3552,43.2521],[-3.3485,43.2558],[-3.3478,43.2593]],[[-3.3704,43.1811],[-3.3712,43.1845],[-3.3753,43.1878],[-3.3729,43.197],[-3.3783,43.2005],[-3.3865,43.2006],[-3.3895,43.2027],[-3.3908,43.2073],[-3.3835,43.2052],[-3.3756,43.2053],[-3.3637,43.1996],[-3.3582,43.2005],[-3.3604,43.1948],[-3.3598,43.1901],[-3.3649,43.1878],[-3.3704,43.1811]],[[-3.3555,43.2007],[-3.3483,43.2056],[-3.3482,43.21],[-3.3434,43.2121],[-3.338,43.2095],[-3.338,43.2031],[-3.3457,43.204],[-3.3525,43.1993],[-3.3513,43.1922],[-3.3549,43.1895],[-3.3597,43.1905],[-3.3588,43.197],[-3.3555,43.2007]]],[[[-3.428,43.2063],[-3.4213,43.2046],[-3.416,43.2065],[-3.4146,43.212],[-3.4212,43.2194],[-3.431,43.2206],[-3.438,43.2273],[-3.4458,43.2257],[-3.4443,43.2211],[-3.4374,43.2125],[-3.428,43.2063]]],[[[-3.2461,43.245],[-3.242,43.2386],[-3.2374,43.2381],[-3.2317,43.2427],[-3.2331,43.2488],[-3.2371,43.2532],[-3.2412,43.2535],[-3.2466,43.2499],[-3.2461,43.245]]],[[[-3.2206,43.271],[-3.2284,43.2716],[-3.2245,43.2664],[-3.2206,43.271]]],[[[-3.2411,43.2645],[-3.2335,43.2604],[-3.2272,43.2625],[-3.2262,43.267],[-3.2298,43.2713],[-3.2368,43.2746],[-3.2435,43.2723],[-3.2454,43.2688],[-3.2411,43.2645]]],[[[-3.0782,42.8186],[-3.0806,42.8216],[-3.0873,42.8233],[-3.086,42.8168],[-3.0782,42.8186]]],[[[-3.119,42.8243],[-3.1184,42.8209],[-3.1139,42.8184],[-3.1094,42.8185],[-3.1047,42.8216],[-3.1046,42.8266],[-3.109,42.8299],[-3.1161,42.829],[-3.119,42.8243]]],[[[-3.1358,42.8374],[-3.1407,42.8367],[-3.142,42.8318],[-3.1389,42.8277],[-3.1314,42.8319],[-3.1331,42.8371],[-3.1358,42.8374]]],[[[-3.1201,42.8913],[-3.1126,42.8868],[-3.1069,42.8872],[-3.1049,42.893],[-3.1081,42.896],[-3.1167,42.8957],[-3.1201,42.8913]]],[[[-3.1275,43.0829],[-3.1195,43.0853],[-3.1152,43.0895],[-3.1154,43.0931],[-3.1209,43.0963],[-3.1259,43.0955],[-3.1334,43.0914],[-3.1275,43.0829]]],[[[-3.0205,42.771],[-3.018,42.7742],[-3.0192,42.7783],[-3.0269,42.7812],[-3.0316,42.7784],[-3.0319,42.7726],[-3.0276,42.7697],[-3.0205,42.771]]],[[[-3.032,42.8024],[-3.0255,42.7999],[-3.0191,42.804],[-3.0173,42.8124],[-3.0235,42.8159],[-3.0281,42.815],[-3.0332,42.8093],[-3.032,42.8024]]],[[[-3.0348,43.0282],[-3.0306,43.0267],[-3.0251,43.0275],[-3.0215,43.0301],[-3.0206,43.0343],[-3.0251,43.0379],[-3.0347,43.036],[-3.0374,43.0326],[-3.0348,43.0282]]],[[[-3.0625,43.0353],[-3.0653,43.0391],[-3.074,43.0394],[-3.0785,43.0355],[-3.0747,43.0297],[-3.0679,43.0294],[-3.0633,43.0316],[-3.0625,43.0353]]],[[[-3.0609,43.0453],[-3.0551,43.0468],[-3.0523,43.0515],[-3.0536,43.0556],[-3.0607,43.0583],[-3.0658,43.0556],[-3.0665,43.0501],[-3.0609,43.0453]]],[[[-3.0402,43.07],[-3.0379,43.0672],[-3.0449,43.0653],[-3.0479,43.0589],[-3.0415,43.0553],[-3.0363,43.0559],[-3.0298,43.0597],[-3.0291,43.0641],[-3.0325,43.0667],[-3.0377,43.0672],[-3.0402,43.07]]],[[[-3.0811,43.0692],[-3.0755,43.0637],[-3.0666,43.0664],[-3.0649,43.0696],[-3.0681,43.0741],[-3.072,43.0755],[-3.079,43.0734],[-3.0811,43.0692]]],[[[-3.0552,43.079],[-3.0574,43.0849],[-3.0625,43.0867],[-3.0687,43.0844],[-3.0716,43.0813],[-3.0683,43.0763],[-3.0621,43.075],[-3.0552,43.079]]],[[[-3.0667,43.0897],[-3.0626,43.0979],[-3.0573,43.0981],[-3.0522,43.0943],[-3.0416,43.0964],[-3.0391,43.0986],[-3.0396,43.1034],[-3.0376,43.1065],[-3.0403,43.1112],[-3.044,43.1124],[-3.0504,43.1115],[-3.053,43.1082],[-3.06,43.1088],[-3.0649,43.1077],[-3.0695,43.1035],[-3.0769,43.1027],[-3.0804,43.1003],[-3.0811,43.0937],[-3.0841,43.0905],[-3.0841,43.0869],[-3.0793,43.0838],[-3.0739,43.0831],[-3.0677,43.0863],[-3.0667,43.0897]]],[[[-2.992,42.744],[-2.9893,42.739],[-2.9855,42.7373],[-2.9787,42.738],[-2.9751,42.7416],[-2.9771,42.7486],[-2.9837,42.7498],[-2.9891,42.7475],[-2.992,42.744]]],[[[-3.0041,42.7493],[-2.9999,42.7467],[-2.9945,42.7467],[-2.9898,42.7508],[-2.9882,42.7564],[-2.9948,42.7597],[-3.0016,42.7585],[-3.0043,42.7545],[-3.0041,42.7493]]],[[[-3.0127,42.7812],[-3.0109,42.7775],[-3.005,42.7755],[-2.9989,42.7765],[-2.9942,42.7714],[-2.9824,42.7716],[-2.9713,42.7757],[-2.9619,42.7756],[-2.9549,42.7808],[-2.939,42.785],[-2.9336,42.7892],[-2.9343,42.7955],[-2.9376,42.7978],[-2.9429,42.798],[-2.9438,42.8012],[-2.9523,42.803],[-2.9615,42.8032],[-2.9684,42.8052],[-2.9749,42.8053],[-2.9835,42.8094],[-2.9945,42.8072],[-2.997,42.803],[-2.9959,42.8003],[-3.0029,42.7945],[-3.0047,42.7903],[-3.0037,42.7864],[-3.009,42.7863],[-3.0127,42.7812]]],[[[-3.0156,42.8243],[-3.0103,42.8207],[-3.0064,42.8208],[-3.0004,42.8271],[-3.0027,42.8322],[-3.0076,42.8333],[-3.0124,42.8317],[-3.0156,42.828],[-3.0156,42.8243]]],[[[-2.9976,43.0149],[-2.99,43.0187],[-2.9895,43.0239],[-2.9928,43.0271],[-3.0008,43.0258],[-3.0037,43.0185],[-2.9976,43.0149]]],[[[-2.985,43.0403],[-2.9851,43.0364],[-2.9797,43.032],[-2.9744,43.0311],[-2.9693,43.034],[-2.9687,43.0369],[-2.9722,43.042],[-2.9805,43.0446],[-2.985,43.0403]]],[[[-3.0129,43.1153],[-3.0072,43.1135],[-3.0026,43.1147],[-2.9994,43.1207],[-3.0051,43.1245],[-3.0139,43.1225],[-3.0157,43.1193],[-3.0129,43.1153]]],[[[-3.0122,43.168],[-3.0169,43.1644],[-3.0143,43.1595],[-3.0092,43.1586],[-3.0008,43.1595],[-2.9955,43.1648],[-2.9877,43.1669],[-2.983,43.1626],[-2.9699,43.1619],[-2.9617,43.1632],[-2.9598,43.1663],[-2.9608,43.1702],[-2.969,43.1722],[-2.973,43.1702],[-2.9781,43.1733],[-2.9849,43.1729],[-2.9893,43.1796],[-2.9961,43.1799],[-3.0022,43.1757],[-3.0027,43.1692],[-3.0122,43.168]]],[[[-2.9684,42.7292],[-2.9616,42.7285],[-2.9559,42.7328],[-2.9533,42.7371],[-2.9597,42.7399],[-2.966,42.7401],[-2.9718,42.7361],[-2.973,42.732],[-2.9684,42.7292]]],[[[-2.9521,42.7355],[-2.9443,42.7345],[-2.9369,42.7359],[-2.935,42.7422],[-2.9427,42.7453],[-2.9494,42.7427],[-2.9521,42.7355]]],[[[-2.9692,42.7439],[-2.9653,42.7452],[-2.96,42.7519],[-2.9617,42.7577],[-2.9662,42.7606],[-2.9747,42.7596],[-2.9764,42.7557],[-2.9735,42.7508],[-2.967,42.7484],[-2.9692,42.7439]]],[[[-2.9455,42.7501],[-2.9407,42.7551],[-2.9464,42.7628],[-2.9525,42.7628],[-2.9574,42.7563],[-2.9565,42.7538],[-2.9498,42.7501],[-2.9455,42.7501]]],[[[-2.9333,42.7569],[-2.9335,42.7525],[-2.9236,42.7519],[-2.9205,42.7534],[-2.9189,42.7601],[-2.9234,42.7644],[-2.928,42.7658],[-2.9333,42.7569]]],[[[-2.9332,42.7705],[-2.9285,42.7689],[-2.9258,42.7716],[-2.9274,42.7785],[-2.9314,42.7804],[-2.9335,42.7745],[-2.9332,42.7705]]],[[[-2.939,42.8075],[-2.9388,42.8026],[-2.9338,42.7998],[-2.9275,42.8005],[-2.9246,42.8047],[-2.9262,42.8078],[-2.9342,42.8102],[-2.939,42.8075]]],[[[-2.9677,42.8102],[-2.9631,42.8063],[-2.9581,42.8066],[-2.9536,42.8108],[-2.9565,42.8165],[-2.9612,42.8175],[-2.9666,42.8154],[-2.9677,42.8102]]],[[[-2.961,42.8932],[-2.9574,42.891],[-2.9531,42.8933],[-2.9566,42.8976],[-2.961,42.8932]]],[[[-2.8836,42.7723],[-2.8821,42.7673],[-2.8732,42.7654],[-2.8686,42.7686],[-2.8685,42.772],[-2.8727,42.7765],[-2.8785,42.7775],[-2.8836,42.7723]]],[[[-2.8692,42.788],[-2.864,42.7835],[-2.8596,42.7832],[-2.855,42.7859],[-2.854,42.7902],[-2.8571,42.7945],[-2.8623,42.795],[-2.8685,42.791],[-2.8692,42.788]]],[[[-2.8878,42.794],[-2.8753,42.7915],[-2.8697,42.7939],[-2.8688,42.7994],[-2.8722,42.8017],[-2.8851,42.8023],[-2.8893,42.799],[-2.8878,42.794]]],[[[-2.8734,42.9025],[-2.881,42.9008],[-2.8786,42.8949],[-2.8628,42.8958],[-2.8645,42.8993],[-2.8706,42.8999],[-2.8734,42.9025]]],[[[-2.93,43.0547],[-2.9296,43.0502],[-2.9249,43.043],[-2.917,43.0424],[-2.9141,43.0453],[-2.9143,43.0503],[-2.921,43.0558],[-2.93,43.0547]]],[[[-2.9127,43.2218],[-2.9083,43.2245],[-2.9079,43.228],[-2.9143,43.2321],[-2.9196,43.232],[-2.9263,43.2263],[-2.9253,43.2223],[-2.9191,43.2198],[-2.9127,43.2218]]],[[[-2.8327,42.7124],[-2.8342,42.7156],[-2.8404,42.7178],[-2.846,42.7165],[-2.8489,42.7114],[-2.8445,42.7071],[-2.8404,42.7064],[-2.8333,42.709],[-2.8327,42.7124]]],[[[-2.8544,42.7826],[-2.852,42.7794],[-2.8464,42.7766],[-2.8406,42.7776],[-2.8381,42.7833],[-2.842,42.7878],[-2.8464,42.7897],[-2.852,42.7887],[-2.8544,42.7826]]],[[[-2.7876,42.8044],[-2.7923,42.8063],[-2.7975,42.8042],[-2.7942,42.7991],[-2.7866,42.7989],[-2.7876,42.8044]]],[[[-2.7886,42.8712],[-2.7809,42.8681],[-2.7718,42.8732],[-2.773,42.8777],[-2.7798,42.8802],[-2.7853,42.8781],[-2.7886,42.8745],[-2.7886,42.8712]]],[[[-2.8114,42.8878],[-2.8096,42.8815],[-2.8006,42.8784],[-2.793,42.8802],[-2.7913,42.8839],[-2.7947,42.8877],[-2.7939,42.8925],[-2.7973,42.8963],[-2.8065,42.8961],[-2.8098,42.8937],[-2.8114,42.8878]]],[[[-2.8513,42.9222],[-2.8503,42.9198],[-2.843,42.9165],[-2.8383,42.9174],[-2.8344,42.9238],[-2.83,42.9279],[-2.8354,42.9292],[-2.8459,42.9287],[-2.8509,42.9252],[-2.8513,42.9222]]],[[[-2.8261,42.93],[-2.8196,42.9305],[-2.8216,42.9366],[-2.8288,42.9388],[-2.8287,42.9347],[-2.8341,42.9303],[-2.8261,42.93]]],[[[-2.71,42.6641],[-2.7069,42.6606],[-2.6908,42.6592],[-2.6864,42.6606],[-2.6838,42.6671],[-2.6869,42.6702],[-2.6914,42.6711],[-2.6986,42.6683],[-2.7056,42.67],[-2.7089,42.6683],[-2.71,42.6641]]],[[[-2.6522,42.6629],[-2.653,42.6702],[-2.6594,42.6724],[-2.6639,42.6679],[-2.6579,42.6621],[-2.6522,42.6629]]],[[[-2.7586,42.819],[-2.7555,42.8215],[-2.7476,42.8231],[-2.7434,42.8277],[-2.7452,42.8324],[-2.7551,42.8349],[-2.7622,42.831],[-2.7619,42.8264],[-2.7584,42.8222],[-2.7586,42.819]]],[[[-2.7636,42.8309],[-2.7657,42.8366],[-2.7709,42.8341],[-2.7704,42.8311],[-2.7636,42.8309]]],[[[-2.7725,42.88],[-2.771,42.8767],[-2.7641,42.8744],[-2.7569,42.8794],[-2.7588,42.8855],[-2.7635,42.8869],[-2.7697,42.8857],[-2.7725,42.88]]],[[[-2.7001,42.923],[-2.6974,42.918],[-2.6928,42.9172],[-2.686,42.9205],[-2.6836,42.9236],[-2.6847,42.9279],[-2.6878,42.9295],[-2.6955,42.9286],[-2.7001,42.923]]],[[[-2.6823,42.9182],[-2.6739,42.9193],[-2.6686,42.918],[-2.6631,42.9203],[-2.6618,42.925],[-2.6637,42.9318],[-2.6599,42.9387],[-2.663,42.9448],[-2.6673,42.9469],[-2.6741,42.9448],[-2.6754,42.941],[-2.6735,42.9367],[-2.6793,42.9333],[-2.6807,42.9269],[-2.6837,42.922],[-2.6823,42.9182]]],[[[-2.6928,42.9434],[-2.6908,42.9476],[-2.6929,42.9516],[-2.7006,42.9527],[-2.7077,42.9486],[-2.7076,42.9431],[-2.699,42.9406],[-2.6928,42.9434]]],[[[-2.6902,42.9649],[-2.6964,42.9622],[-2.694,42.9585],[-2.6862,42.962],[-2.6902,42.9649]]],[[[-2.6706,43.1647],[-2.6661,43.1634],[-2.6607,43.1647],[-2.6591,43.1712],[-2.6652,43.1754],[-2.6723,43.1745],[-2.6756,43.1713],[-2.6706,43.1647]]],[[[-2.7584,43.2632],[-2.7536,43.2581],[-2.7454,43.26],[-2.7422,43.2648],[-2.744,43.2693],[-2.7496,43.2707],[-2.7557,43.2687],[-2.7584,43.2632]]],[[[-2.6028,42.8911],[-2.6013,42.8867],[-2.5972,42.8822],[-2.5883,42.8827],[-2.586,42.8772],[-2.5787,42.8754],[-2.5751,42.8766],[-2.5721,42.8813],[-2.5752,42.8871],[-2.5842,42.8863],[-2.5859,42.8909],[-2.5908,42.8941],[-2.5957,42.8938],[-2.6028,42.8911]]],[[[-2.6284,42.9924],[-2.626,43.0004],[-2.631,43.0017],[-2.6315,42.9974],[-2.6284,42.9924]]],[[[-2.5519,42.8672],[-2.5511,42.8643],[-2.5455,42.8607],[-2.5365,42.8626],[-2.5341,42.8708],[-2.5384,42.8751],[-2.5476,42.8732],[-2.5519,42.8672]]],[[[-2.5645,42.868],[-2.5602,42.87],[-2.5579,42.8769],[-2.5623,42.8802],[-2.5678,42.8809],[-2.575,42.8757],[-2.5734,42.8703],[-2.5645,42.868]]],[[[-2.5692,43.3541],[-2.5654,43.3504],[-2.5567,43.3517],[-2.5549,43.3546],[-2.5598,43.3609],[-2.5663,43.3601],[-2.5692,43.3541]]],[[[-2.5402,43.3563],[-2.5348,43.3615],[-2.5361,43.3644],[-2.542,43.3685],[-2.5487,43.37],[-2.5534,43.3684],[-2.5556,43.3642],[-2.5512,43.3583],[-2.5461,43.3562],[-2.5402,43.3563]]],[[[-2.518,42.6329],[-2.5155,42.636],[-2.5172,42.64],[-2.5244,42.643],[-2.5298,42.6417],[-2.5318,42.6345],[-2.5268,42.6315],[-2.518,42.6329]]],[[[-2.4989,42.7724],[-2.4935,42.7739],[-2.4908,42.7784],[-2.4921,42.7818],[-2.4986,42.7842],[-2.5029,42.7827],[-2.5064,42.7776],[-2.5039,42.7736],[-2.4989,42.7724]]],[[[-2.5368,42.7837],[-2.5325,42.7826],[-2.5291,42.7848],[-2.5323,42.7886],[-2.5368,42.7837]]],[[[-2.5037,42.8256],[-2.502,42.8203],[-2.4926,42.819],[-2.488,42.8216],[-2.4868,42.8253],[-2.4896,42.8299],[-2.4999,42.8297],[-2.5037,42.8256]]],[[[-2.51,42.8654],[-2.5049,42.8617],[-2.4962,42.863],[-2.4934,42.869],[-2.4976,42.8745],[-2.5026,42.875],[-2.5101,42.871],[-2.51,42.8654]]],[[[-2.501,42.8828],[-2.5023,42.8847],[-2.5123,42.885],[-2.5103,42.8822],[-2.5028,42.88],[-2.501,42.8828]]],[[[-2.5206,42.945],[-2.5183,42.9418],[-2.5204,42.9338],[-2.518,42.9303],[-2.5126,42.9292],[-2.5062,42.9328],[-2.5056,42.9393],[-2.5109,42.9436],[-2.5177,42.9423],[-2.5206,42.945]]],[[[-2.5036,43.105],[-2.5018,43.0999],[-2.4958,43.1023],[-2.4882,43.1002],[-2.4848,43.1042],[-2.4794,43.1016],[-2.4699,43.1015],[-2.4685,43.0979],[-2.4613,43.0914],[-2.4586,43.0958],[-2.4632,43.0982],[-2.4664,43.1029],[-2.4795,43.104],[-2.4835,43.1059],[-2.4959,43.1052],[-2.5004,43.1112],[-2.5036,43.105]]],[[[-2.5185,43.1846],[-2.507,43.1815],[-2.5061,43.1754],[-2.5016,43.1729],[-2.4932,43.1737],[-2.4819,43.1777],[-2.4714,43.1747],[-2.4647,43.1777],[-2.4589,43.1776],[-2.4549,43.1817],[-2.4458,43.1853],[-2.445,43.1913],[-2.4487,43.1938],[-2.4581,43.1947],[-2.4653,43.1929],[-2.4754,43.1925],[-2.4862,43.1897],[-2.4899,43.1862],[-2.494,43.1917],[-2.4943,43.1954],[-2.5011,43.1988],[-2.509,43.1951],[-2.5174,43.1953],[-2.5186,43.2056],[-2.5248,43.207],[-2.5301,43.2049],[-2.5307,43.1987],[-2.5282,43.1956],[-2.5349,43.1945],[-2.5383,43.1887],[-2.5336,43.1838],[-2.532,43.1793],[-2.5239,43.1773],[-2.5199,43.1787],[-2.5185,43.1846]]],[[[-2.4834,42.8098],[-2.4752,42.8087],[-2.4717,42.8027],[-2.4669,42.8023],[-2.463,42.8046],[-2.4575,42.8027],[-2.4503,42.8062],[-2.4507,42.813],[-2.4542,42.8161],[-2.4629,42.8164],[-2.4674,42.8129],[-2.4711,42.8125],[-2.4752,42.8088],[-2.4834,42.8098]]],[[[-2.4821,42.8259],[-2.4818,42.8197],[-2.4738,42.8163],[-2.4625,42.8209],[-2.4624,42.8244],[-2.4676,42.8248],[-2.4696,42.8273],[-2.4672,42.8321],[-2.4745,42.8368],[-2.4822,42.8366],[-2.4856,42.8332],[-2.4821,42.8259]]],[[[-2.4794,42.8533],[-2.4744,42.8523],[-2.4681,42.8559],[-2.4666,42.8613],[-2.4723,42.8652],[-2.4779,42.8643],[-2.482,42.8605],[-2.4825,42.8563],[-2.4794,42.8533]]],[[[-2.4792,43.1134],[-2.477,43.1096],[-2.4719,43.1078],[-2.4666,43.1093],[-2.4648,43.1152],[-2.4686,43.1189],[-2.4749,43.1189],[-2.4792,43.1134]]],[[[-2.4758,43.1411],[-2.4816,43.1445],[-2.4889,43.1456],[-2.4925,43.143],[-2.4957,43.1361],[-2.494,43.1323],[-2.4901,43.1306],[-2.4828,43.1318],[-2.4768,43.1367],[-2.4769,43.1411],[-2.4642,43.1383],[-2.4672,43.1326],[-2.4591,43.1288],[-2.453,43.1312],[-2.4522,43.1354],[-2.4565,43.1392],[-2.4641,43.1384],[-2.4758,43.1411]]],[[[-2.4676,42.5882],[-2.4793,42.589],[-2.4847,42.5874],[-2.4831,42.5827],[-2.478,42.5839],[-2.4735,42.5747],[-2.4788,42.5708],[-2.4786,42.5657],[-2.476,42.5624],[-2.4694,42.561],[-2.4569,42.5438],[-2.4544,42.5374],[-2.4504,42.5343],[-2.4466,42.5259],[-2.4453,42.5156],[-2.451,42.5103],[-2.4509,42.5054],[-2.4448,42.4977],[-2.4346,42.4961],[-2.4277,42.4977],[-2.4249,42.5011],[-2.4266,42.5082],[-2.4228,42.5113],[-2.4105,42.5155],[-2.3924,42.5162],[-2.3935,42.5225],[-2.3984,42.5287],[-2.3987,42.5339],[-2.4013,42.5381],[-2.4005,42.5437],[-2.3897,42.5489],[-2.3905,42.5609],[-2.3936,42.5654],[-2.3954,42.5791],[-2.3993,42.5884],[-2.3994,42.5975],[-2.4061,42.5981],[-2.4125,42.6004],[-2.4211,42.6069],[-2.4248,42.6039],[-2.4246,42.6001],[-2.4289,42.5978],[-2.4409,42.5798],[-2.4431,42.5752],[-2.4532,42.5668],[-2.4565,42.5752],[-2.4599,42.5785],[-2.4622,42.5874],[-2.4676,42.5882]]],[[[-2.4198,42.8163],[-2.4223,42.8211],[-2.4271,42.8181],[-2.4259,42.814],[-2.4198,42.8163]]],[[[-2.432,42.8201],[-2.4278,42.8192],[-2.4257,42.8225],[-2.4295,42.8245],[-2.4348,42.8237],[-2.432,42.8201]]],[[[-2.4372,42.8296],[-2.4274,42.8286],[-2.4224,42.8324],[-2.4235,42.8382],[-2.4287,42.8406],[-2.4446,42.8382],[-2.439,42.8343],[-2.4372,42.8296]]],[[[-2.4346,43.2097],[-2.4304,43.2146],[-2.4344,43.2203],[-2.4428,43.2206],[-2.4469,43.2174],[-2.4469,43.2119],[-2.4416,43.2091],[-2.4346,43.2097]]],[[[-2.3919,42.8146],[-2.3841,42.8151],[-2.3771,42.8103],[-2.3694,42.814],[-2.3698,42.8179],[-2.376,42.8216],[-2.3821,42.8205],[-2.3838,42.8236],[-2.3888,42.8257],[-2.3937,42.8247],[-2.3966,42.8206],[-2.3919,42.8146]]],[[[-2.4201,42.8287],[-2.4233,42.8252],[-2.4208,42.8197],[-2.4122,42.818],[-2.408,42.8199],[-2.4059,42.8239],[-2.4084,42.8278],[-2.4152,42.8298],[-2.4201,42.8287]]],[[[-2.37,42.8383],[-2.3729,42.8427],[-2.3771,42.8416],[-2.377,42.8353],[-2.37,42.8351],[-2.37,42.8383]]],[[[-2.3871,42.8816],[-2.3817,42.8841],[-2.3852,42.8888],[-2.3912,42.892],[-2.4002,42.8898],[-2.4017,42.8852],[-2.3986,42.8817],[-2.391,42.8799],[-2.3871,42.8816]]],[[[-2.3835,42.8929],[-2.3769,42.8916],[-2.3754,42.8965],[-2.3809,42.8966],[-2.3835,42.8929]]],[[[-2.3997,42.9002],[-2.3958,42.8961],[-2.3918,42.8992],[-2.3997,42.9002]]],[[[-2.3963,42.9071],[-2.3894,42.9056],[-2.3912,42.903],[-2.389,42.8987],[-2.3828,42.8967],[-2.3783,42.8975],[-2.3751,42.9006],[-2.3755,42.9038],[-2.3802,42.9074],[-2.3835,42.9158],[-2.3877,42.9184],[-2.3996,42.9175],[-2.4037,42.9137],[-2.4018,42.9096],[-2.3963,42.9071]]],[[[-2.3762,43.0695],[-2.3798,43.0657],[-2.3758,43.06],[-2.377,43.057],[-2.3734,43.0527],[-2.3689,43.0511],[-2.3753,43.0623],[-2.3754,43.0655],[-2.3706,43.0688],[-2.359,43.0704],[-2.3567,43.0744],[-2.363,43.0743],[-2.3669,43.0721],[-2.3762,43.0695]]],[[[-2.395,43.1023],[-2.3926,43.1015],[-2.3871,43.0945],[-2.383,43.0921],[-2.3731,43.0894],[-2.3685,43.0911],[-2.367,43.0956],[-2.3763,43.1025],[-2.3783,43.1053],[-2.3866,43.1073],[-2.395,43.1023]]],[[[-2.3053,43.0304],[-2.3041,43.0414],[-2.3063,43.0435],[-2.3126,43.0442],[-2.3158,43.0422],[-2.3204,43.0446],[-2.3262,43.041],[-2.3167,43.0407],[-2.3177,43.0323],[-2.313,43.0288],[-2.3053,43.0304]]],[[[-2.3061,43.1374],[-2.3073,43.1357],[-2.3168,43.1322],[-2.3215,43.132],[-2.3312,43.1294],[-2.326,43.1269],[-2.3221,43.1228],[-2.3185,43.1241],[-2.3186,43.1297],[-2.3093,43.1288],[-2.2966,43.1204],[-2.2887,43.1105],[-2.2878,43.1153],[-2.2921,43.1162],[-2.2964,43.1223],[-2.3022,43.127],[-2.3061,43.1374]]],[[[-2.2538,42.9796],[-2.258,42.9736],[-2.2628,42.9723],[-2.2583,42.9682],[-2.2492,42.9763],[-2.2538,42.9796]]],[[[-2.2909,43.0489],[-2.2852,43.0451],[-2.279,43.0436],[-2.2738,43.0454],[-2.2708,43.049],[-2.2734,43.0545],[-2.2817,43.0563],[-2.2864,43.0543],[-2.2909,43.0489]]],[[[-2.245,43.0604],[-2.2425,43.0555],[-2.2337,43.0552],[-2.2312,43.059],[-2.2321,43.0626],[-2.2379,43.0657],[-2.2433,43.0642],[-2.245,43.0604]]],[[[-2.2292,43.0823],[-2.2326,43.0808],[-2.2339,43.0753],[-2.2265,43.0728],[-2.2203,43.0753],[-2.2187,43.0791],[-2.2222,43.0827],[-2.2292,43.0823]]],[[[-2.2827,43.0806],[-2.2809,43.0757],[-2.2733,43.0746],[-2.2684,43.08],[-2.2704,43.0848],[-2.2794,43.0858],[-2.2827,43.0806]]],[[[-2.2175,43.2243],[-2.2181,43.2186],[-2.2126,43.2199],[-2.2175,43.2243]]],[[[-2.2324,43.2359],[-2.2292,43.2296],[-2.2212,43.2295],[-2.2182,43.234],[-2.2194,43.2371],[-2.2244,43.2401],[-2.2292,43.2392],[-2.2324,43.2359]]],[[[-2.1946,43.1293],[-2.1921,43.1343],[-2.1989,43.1395],[-2.2065,43.1374],[-2.2077,43.1346],[-2.203,43.1294],[-2.1946,43.1293]]],[[[-2.1976,43.2697],[-2.2045,43.271],[-2.2096,43.2675],[-2.2093,43.2646],[-2.2043,43.261],[-2.1977,43.2615],[-2.1949,43.2637],[-2.1976,43.2697]]],[[[-2.1399,43.0539],[-2.1401,43.0507],[-2.1366,43.0475],[-2.1291,43.0482],[-2.1267,43.0546],[-2.1304,43.0579],[-2.1377,43.0571],[-2.1399,43.0539]]],[[[-2.1348,43.0721],[-2.1359,43.0669],[-2.1279,43.0638],[-2.1212,43.0671],[-2.1206,43.0707],[-2.1244,43.074],[-2.1319,43.074],[-2.1348,43.0721]]],[[[-2.1216,43.0793],[-2.1191,43.0752],[-2.1146,43.0739],[-2.1081,43.0753],[-2.1055,43.0785],[-2.1068,43.082],[-2.1117,43.0853],[-2.116,43.0856],[-2.1206,43.083],[-2.1216,43.0793]]],[[[-2.1349,43.1026],[-2.1307,43.103],[-2.1261,43.1069],[-2.1271,43.1103],[-2.132,43.1127],[-2.1404,43.1107],[-2.1403,43.1047],[-2.1349,43.1026]]],[[[-2.1343,43.1242],[-2.1286,43.124],[-2.1227,43.1268],[-2.1218,43.1295],[-2.1264,43.1343],[-2.14,43.1342],[-2.1448,43.1307],[-2.1453,43.1273],[-2.1419,43.1242],[-2.1343,43.1242]]],[[[-2.1149,43.1348],[-2.114,43.1317],[-2.1088,43.1287],[-2.104,43.1295],[-2.1011,43.1336],[-2.1036,43.1382],[-2.1124,43.1388],[-2.1149,43.1348]]],[[[-2.1329,43.2338],[-2.1265,43.2298],[-2.1182,43.2311],[-2.1148,43.2371],[-2.118,43.2416],[-2.1279,43.2403],[-2.1325,43.2371],[-2.1329,43.2338]]],[[[-2.0796,43.2968],[-2.076,43.2939],[-2.0668,43.2959],[-2.0597,43.3014],[-2.0758,43.2991],[-2.0796,43.2968]]],[[[-2.0357,43.072],[-2.0286,43.0672],[-2.0259,43.0697],[-2.0329,43.0749],[-2.0387,43.0762],[-2.0426,43.0851],[-2.0482,43.0886],[-2.0525,43.0991],[-2.0566,43.0968],[-2.057,43.0929],[-2.0426,43.0802],[-2.0439,43.0766],[-2.0357,43.072]]],[[[-2.0302,43.1186],[-2.0301,43.1129],[-2.0242,43.1109],[-2.0152,43.1137],[-2.0147,43.1173],[-2.0199,43.1217],[-2.0256,43.122],[-2.0302,43.1186]]],[[[-1.9887,43.1205],[-1.9791,43.1169],[-1.9687,43.1178],[-1.9649,43.1234],[-1.9738,43.1301],[-1.9803,43.1313],[-1.9865,43.1292],[-1.9886,43.1326],[-1.986,43.1357],[-1.9918,43.1399],[-1.994,43.1455],[-2.0014,43.1478],[-2.0068,43.1472],[-2.0087,43.1498],[-2.0154,43.151],[-2.0188,43.1489],[-2.0273,43.1509],[-2.0356,43.1491],[-2.0382,43.1453],[-2.0345,43.1406],[-2.0267,43.1393],[-2.018,43.1408],[-2.0096,43.1399],[-2.0033,43.1336],[-1.996,43.1336],[-1.9915,43.1393],[-1.9868,43.1359],[-1.9896,43.1324],[-1.9876,43.1289],[-1.9916,43.125],[-1.9887,43.1205]]],[[[-2.045,43.22],[-2.0463,43.2247],[-2.0535,43.2217],[-2.0533,43.2188],[-2.045,43.22]]],[[[-1.9903,43.223],[-1.9857,43.2217],[-1.9806,43.2234],[-1.9795,43.2295],[-1.9851,43.2324],[-1.9922,43.2293],[-1.9903,43.223]]]]},"properties":{"Layer":"ZONAS_DE_EXCLUSION_FOTOVOLTAICA_2026"}}
]}