{"type":"FeatureCollection", "features": [
{"type":"Feature","geometry":{"type":"MultiPolygon","coordinates":[[[[-3.1586,42.8597],[-3.1659,42.8702],[-3.1744,42.8731],[-3.1799,42.8771],[-3.1799,42.8786],[-3.1875,42.8815],[-3.1901,42.8843],[-3.1954,42.8993],[-3.2087,42.9088],[-3.2177,42.9121],[-3.2208,42.9148],[-3.2236,42.9141],[-3.2246,42.9142],[-3.2271,42.9158],[-3.2278,42.9166],[-3.2282,42.918],[-3.2302,42.9187],[-3.2335,42.9229],[-3.238,42.9255],[-3.2454,42.924],[-3.2477,42.9188],[-3.2482,42.9123],[-3.2774,42.9017],[-3.2764,42.8871],[-3.287,42.8848],[-3.2829,42.8755],[-3.2692,42.864],[-3.2532,42.8521],[-3.2363,42.8375],[-3.2257,42.8298],[-3.2168,42.8261],[-3.2052,42.8272],[-3.2221,42.8384],[-3.2187,42.8392],[-3.2091,42.8442],[-3.2067,42.8512],[-3.2003,42.855],[-3.1903,42.8693],[-3.1838,42.8664],[-3.1723,42.8568],[-3.1595,42.8565],[-3.1586,42.8597]]],[[[-3.2074,42.9084],[-3.2056,42.9094],[-3.2031,42.917],[-3.2113,42.9197],[-3.2123,42.918],[-3.2123,42.9173],[-3.2126,42.9171],[-3.2113,42.9159],[-3.2103,42.9127],[-3.2074,42.9084]]],[[[-3.2187,42.9238],[-3.2191,42.9225],[-3.2177,42.9209],[-3.2163,42.92],[-3.2161,42.9194],[-3.2136,42.9173],[-3.2123,42.9173],[-3.2123,42.918],[-3.2113,42.9197],[-3.2112,42.9206],[-3.2187,42.9238]]],[[[-3.2114,42.9099],[-3.2103,42.9127],[-3.2113,42.9159],[-3.2126,42.9171],[-3.2136,42.9173],[-3.2148,42.918],[-3.2161,42.9194],[-3.2164,42.92],[-3.2178,42.9209],[-3.2191,42.9226],[-3.2196,42.9246],[-3.2255,42.9298],[-3.2332,42.9338],[-3.2397,42.9316],[-3.2454,42.9241],[-3.2379,42.9256],[-3.233,42.9227],[-3.2302,42.9188],[-3.2283,42.9183],[-3.2276,42.9166],[-3.2249,42.9145],[-3.2237,42.9142],[-3.2206,42.9149],[-3.2175,42.9121],[-3.2114,42.9099]]],[[[-3.3596,43.1934],[-3.3598,43.1901],[-3.3649,43.1878],[-3.3667,43.1843],[-3.3708,43.1832],[-3.3753,43.1878],[-3.3728,43.1937],[-3.3748,43.1989],[-3.3767,43.1975],[-3.3794,43.1966],[-3.3804,43.192],[-3.3855,43.1911],[-3.3845,43.1959],[-3.3768,43.1975],[-3.3749,43.1989],[-3.3816,43.201],[-3.3865,43.2006],[-3.392,43.2048],[-3.396,43.2029],[-3.4007,43.2032],[-3.3979,43.2077],[-3.4013,43.2111],[-3.4054,43.2077],[-3.4074,43.2018],[-3.4056,43.1991],[-3.4005,43.1957],[-3.393,43.1955],[-3.3915,43.1901],[-3.3879,43.1866],[-3.3837,43.1858],[-3.3854,43.1822],[-3.3828,43.1759],[-3.3917,43.1764],[-3.3962,43.1779],[-3.4003,43.1756],[-3.399,43.1734],[-3.4101,43.1693],[-3.4137,43.1693],[-3.4219,43.1667],[-3.4272,43.1691],[-3.4318,43.1689],[-3.4309,43.1652],[-3.4273,43.1645],[-3.4288,43.1611],[-3.4255,43.1554],[-3.4219,43.1522],[-3.4176,43.1333],[-3.4025,43.1358],[-3.4004,43.1379],[-3.3946,43.1398],[-3.3891,43.1403],[-3.3831,43.1427],[-3.3796,43.1454],[-3.3707,43.1489],[-3.3705,43.1512],[-3.3644,43.1509],[-3.3556,43.1524],[-3.3488,43.1545],[-3.347,43.1588],[-3.3416,43.1662],[-3.3382,43.1674],[-3.3346,43.1655],[-3.3222,43.1691],[-3.3198,43.1709],[-3.3114,43.1717],[-3.307,43.1741],[-3.3055,43.1769],[-3.2991,43.1798],[-3.2973,43.1824],[-3.2876,43.1857],[-3.2842,43.1883],[-3.2773,43.1904],[-3.2779,43.1945],[-3.2722,43.194],[-3.2602,43.1952],[-3.2546,43.1949],[-3.2532,43.1983],[-3.2498,43.1983],[-3.2488,43.2038],[-3.2447,43.2036],[-3.2429,43.2143],[-3.245,43.2154],[-3.2512,43.2123],[-3.2593,43.2179],[-3.2618,43.2214],[-3.2652,43.2218],[-3.2673,43.2225],[-3.2715,43.2185],[-3.2702,43.2129],[-3.2657,43.206],[-3.2691,43.2027],[-3.276,43.2008],[-3.2819,43.2003],[-3.2863,43.1974],[-3.2878,43.2006],[-3.2973,43.2065],[-3.3017,43.2107],[-3.3051,43.2169],[-3.3112,43.2161],[-3.3144,43.2136],[-3.3194,43.2167],[-3.3273,43.2165],[-3.3288,43.2209],[-3.3367,43.223],[-3.3384,43.2275],[-3.3318,43.23],[-3.3416,43.2322],[-3.3501,43.2326],[-3.3556,43.2354],[-3.3602,43.2281],[-3.3599,43.2257],[-3.3559,43.2217],[-3.3504,43.2194],[-3.3561,43.2179],[-3.3571,43.2108],[-3.3543,43.2092],[-3.3571,43.2013],[-3.351,43.2022],[-3.3483,43.2056],[-3.3482,43.21],[-3.3434,43.2121],[-3.338,43.2095],[-3.338,43.2031],[-3.3457,43.204],[-3.3497,43.2024],[-3.3525,43.1993],[-3.3513,43.1922],[-3.3549,43.1895],[-3.3597,43.1905],[-3.3596,43.1934]]],[[[-3.218,43.1786],[-3.218,43.1769],[-3.2131,43.1768],[-3.2079,43.1806],[-3.2022,43.188],[-3.1993,43.1943],[-3.2057,43.1978],[-3.2084,43.1984],[-3.2113,43.1984],[-3.213,43.198],[-3.2163,43.1976],[-3.2186,43.1977],[-3.2205,43.1952],[-3.214,43.1946],[-3.2095,43.1958],[-3.2068,43.1931],[-3.2107,43.1862],[-3.207,43.182],[-3.2135,43.1769],[-3.218,43.1786]]],[[[-3.4077,43.1984],[-3.4076,43.2027],[-3.4162,43.202],[-3.417,43.198],[-3.412,43.1926],[-3.4138,43.1875],[-3.4174,43.1846],[-3.419,43.1807],[-3.4155,43.1775],[-3.4148,43.1709],[-3.4095,43.171],[-3.4055,43.1771],[-3.4095,43.1799],[-3.41,43.1833],[-3.407,43.1863],[-3.4077,43.1984]]],[[[-3.217,43.1978],[-3.213,43.198],[-3.2113,43.1984],[-3.2084,43.1984],[-3.2083,43.1989],[-3.2116,43.1995],[-3.2125,43.1989],[-3.2157,43.1995],[-3.2152,43.2003],[-3.2085,43.199],[-3.2112,43.2049],[-3.2197,43.2047],[-3.2238,43.2016],[-3.2236,43.1978],[-3.217,43.1978]]],[[[-3.3578,43.2204],[-3.3583,43.214],[-3.3639,43.2137],[-3.3663,43.2082],[-3.366,43.2076],[-3.366,43.2072],[-3.3654,43.2062],[-3.3655,43.2054],[-3.3647,43.2043],[-3.365,43.2027],[-3.3675,43.2005],[-3.3637,43.1996],[-3.3578,43.2007],[-3.356,43.2057],[-3.357,43.2077],[-3.3574,43.2114],[-3.357,43.2133],[-3.3578,43.2204]]],[[[-3.3765,43.2097],[-3.3834,43.2051],[-3.3756,43.2053],[-3.3707,43.2034],[-3.3676,43.2005],[-3.3651,43.2028],[-3.3648,43.2043],[-3.3656,43.2055],[-3.3655,43.2062],[-3.3661,43.2072],[-3.3661,43.2078],[-3.367,43.2088],[-3.3659,43.21],[-3.364,43.2137],[-3.3606,43.2141],[-3.3584,43.2172],[-3.3602,43.2212],[-3.3616,43.2185],[-3.3643,43.2159],[-3.3733,43.2126],[-3.3737,43.2111],[-3.3765,43.2097]]],[[[-3.4281,43.2064],[-3.4213,43.2046],[-3.416,43.2065],[-3.4146,43.212],[-3.4173,43.2163],[-3.4211,43.2115],[-3.4257,43.2109],[-3.4277,43.2132],[-3.4326,43.2164],[-3.4356,43.2129],[-3.4281,43.2064]]],[[[-3.4075,43.2088],[-3.4054,43.2138],[-3.4108,43.2174],[-3.4119,43.2139],[-3.4075,43.2088]]],[[[-3.3742,43.2158],[-3.3764,43.2165],[-3.3835,43.214],[-3.3852,43.2131],[-3.3902,43.2114],[-3.3895,43.2109],[-3.3881,43.2084],[-3.3834,43.2051],[-3.3804,43.208],[-3.3737,43.2111],[-3.3733,43.2126],[-3.3643,43.2159],[-3.3616,43.2185],[-3.3612,43.2208],[-3.3659,43.2194],[-3.369,43.2164],[-3.3742,43.2158]]],[[[-3.4006,43.2113],[-3.3978,43.2085],[-3.3968,43.2063],[-3.3961,43.2029],[-3.3882,43.2084],[-3.3895,43.2108],[-3.3903,43.2113],[-3.3899,43.2121],[-3.3877,43.2123],[-3.3835,43.2141],[-3.3764,43.2166],[-3.3619,43.2207],[-3.3689,43.2215],[-3.3701,43.2249],[-3.3737,43.2281],[-3.3763,43.2295],[-3.377,43.2293],[-3.3787,43.2291],[-3.382,43.2292],[-3.381,43.2277],[-3.3806,43.2261],[-3.3802,43.2241],[-3.3831,43.2245],[-3.3857,43.2234],[-3.389,43.2234],[-3.3937,43.2216],[-3.3986,43.2242],[-3.3996,43.2261],[-3.4007,43.2277],[-3.4032,43.2242],[-3.4055,43.2216],[-3.408,43.2218],[-3.4109,43.2176],[-3.4042,43.2172],[-3.4006,43.219],[-3.3955,43.2176],[-3.397,43.2114],[-3.4006,43.2113]]],[[[-3.4276,43.2204],[-3.4364,43.2179],[-3.435,43.2154],[-3.4327,43.2164],[-3.4289,43.217],[-3.4206,43.2134],[-3.421,43.2176],[-3.4233,43.2202],[-3.4276,43.2204]]],[[[-3.2569,43.2255],[-3.2529,43.2272],[-3.256,43.2305],[-3.2632,43.2292],[-3.2674,43.2263],[-3.2672,43.2244],[-3.2662,43.2222],[-3.2627,43.2217],[-3.2569,43.2255]]],[[[-3.4307,43.2206],[-3.4296,43.2239],[-3.431,43.2291],[-3.434,43.2318],[-3.4413,43.2339],[-3.4486,43.2324],[-3.4366,43.2187],[-3.4307,43.2206]]],[[[-3.4099,43.2374],[-3.4161,43.232],[-3.4221,43.2308],[-3.4175,43.2275],[-3.4142,43.2223],[-3.4144,43.2182],[-3.4124,43.2166],[-3.4063,43.2244],[-3.4022,43.2256],[-3.4012,43.2274],[-3.4011,43.2278],[-3.4007,43.2277],[-3.3996,43.2261],[-3.3986,43.2242],[-3.3947,43.2248],[-3.3917,43.2228],[-3.389,43.2234],[-3.3857,43.2234],[-3.3843,43.226],[-3.3822,43.2267],[-3.3811,43.2276],[-3.3829,43.2288],[-3.382,43.2292],[-3.3787,43.2291],[-3.377,43.2293],[-3.377,43.2298],[-3.3763,43.2316],[-3.3746,43.2312],[-3.3744,43.2297],[-3.3718,43.2296],[-3.3712,43.2272],[-3.3644,43.225],[-3.3608,43.2299],[-3.3601,43.2362],[-3.362,43.2391],[-3.3672,43.2391],[-3.3697,43.2376],[-3.3677,43.2335],[-3.3698,43.2341],[-3.3712,43.235],[-3.3727,43.2356],[-3.3734,43.2345],[-3.3741,43.2341],[-3.3755,43.2335],[-3.377,43.233],[-3.3836,43.2321],[-3.3899,43.2278],[-3.394,43.2296],[-3.4011,43.2286],[-3.4052,43.2298],[-3.4096,43.2286],[-3.414,43.2303],[-3.4079,43.2346],[-3.4099,43.2374]]],[[[-3.326,43.2308],[-3.3293,43.2312],[-3.3296,43.235],[-3.3328,43.2335],[-3.3349,43.2316],[-3.326,43.2308]]],[[[-3.2209,43.2318],[-3.2145,43.2347],[-3.2187,43.2364],[-3.2209,43.2318]]],[[[-3.209,43.2336],[-3.2131,43.2348],[-3.2086,43.2381],[-3.2104,43.2436],[-3.2135,43.2405],[-3.2143,43.2348],[-3.209,43.2336]]],[[[-3.2242,43.2378],[-3.2189,43.2365],[-3.218,43.2398],[-3.2247,43.2414],[-3.2242,43.2378]]],[[[-3.3418,43.2365],[-3.3423,43.2361],[-3.3424,43.2352],[-3.3394,43.2345],[-3.339,43.2359],[-3.3339,43.2333],[-3.3295,43.235],[-3.3277,43.2353],[-3.3257,43.2383],[-3.3272,43.2415],[-3.3338,43.2439],[-3.3371,43.2438],[-3.3408,43.2408],[-3.3407,43.2372],[-3.3412,43.2368],[-3.3418,43.2365]]],[[[-3.3227,43.2347],[-3.3168,43.2331],[-3.3107,43.2352],[-3.3053,43.2355],[-3.3015,43.2383],[-3.2992,43.2424],[-3.2998,43.2438],[-3.3019,43.2444],[-3.3024,43.2444],[-3.303,43.2439],[-3.3045,43.2423],[-3.3071,43.2402],[-3.3143,43.2379],[-3.3181,43.2377],[-3.318,43.2387],[-3.3218,43.2406],[-3.3239,43.2408],[-3.3249,43.2377],[-3.3227,43.2347]]],[[[-3.2321,43.2417],[-3.2359,43.2442],[-3.2382,43.2403],[-3.2346,43.2388],[-3.2321,43.2417]]],[[[-3.385,43.2323],[-3.377,43.233],[-3.3755,43.2335],[-3.3741,43.2341],[-3.3735,43.2345],[-3.3731,43.2351],[-3.3727,43.2356],[-3.3721,43.2362],[-3.3725,43.2376],[-3.3762,43.2397],[-3.3785,43.2361],[-3.3818,43.2396],[-3.3761,43.2397],[-3.3715,43.2372],[-3.3671,43.2399],[-3.3733,43.2481],[-3.3909,43.2511],[-3.39,43.248],[-3.3854,43.2432],[-3.3894,43.2396],[-3.3894,43.237],[-3.385,43.2323]]],[[[-3.247,43.2486],[-3.2449,43.2435],[-3.2406,43.2452],[-3.24,43.2471],[-3.241,43.248],[-3.2401,43.2488],[-3.2406,43.2501],[-3.2403,43.251],[-3.2398,43.2528],[-3.2453,43.2516],[-3.247,43.2486]]],[[[-3.221,43.2412],[-3.2174,43.2423],[-3.2231,43.2461],[-3.2215,43.2481],[-3.2222,43.2529],[-3.2275,43.2546],[-3.2285,43.2496],[-3.2254,43.2464],[-3.224,43.242],[-3.221,43.2412]]],[[[-3.2097,43.2488],[-3.2108,43.2491],[-3.2134,43.2507],[-3.2189,43.2529],[-3.2184,43.2509],[-3.223,43.2461],[-3.2173,43.2433],[-3.209,43.2451],[-3.2097,43.2488]]],[[[-3.2404,43.2496],[-3.2389,43.247],[-3.2364,43.2451],[-3.2317,43.2445],[-3.2342,43.251],[-3.2377,43.2534],[-3.2397,43.2528],[-3.2389,43.2517],[-3.2402,43.251],[-3.2404,43.2496]]],[[[-3.2119,43.2588],[-3.2115,43.2574],[-3.2117,43.2565],[-3.2113,43.2552],[-3.2103,43.2542],[-3.2086,43.2541],[-3.2096,43.2533],[-3.2106,43.2544],[-3.2114,43.2547],[-3.2161,43.2518],[-3.2134,43.2507],[-3.2108,43.2491],[-3.2094,43.2488],[-3.2048,43.2496],[-3.2014,43.2538],[-3.2051,43.2582],[-3.2119,43.2588]]],[[[-3.2183,43.2568],[-3.2159,43.2536],[-3.2147,43.2535],[-3.2138,43.2541],[-3.2113,43.2548],[-3.2117,43.2563],[-3.2115,43.2574],[-3.2126,43.2587],[-3.2183,43.2568]]],[[[-3.2515,43.2641],[-3.2549,43.2687],[-3.2586,43.2649],[-3.2537,43.2623],[-3.2515,43.2641]]],[[[-3.3556,43.2381],[-3.3539,43.2354],[-3.3493,43.2336],[-3.3449,43.2344],[-3.3437,43.2339],[-3.3423,43.2361],[-3.3421,43.2363],[-3.3412,43.2368],[-3.3407,43.2372],[-3.3408,43.2408],[-3.3384,43.2456],[-3.3315,43.2453],[-3.3269,43.2435],[-3.3234,43.2439],[-3.3235,43.2411],[-3.3215,43.2406],[-3.3196,43.2397],[-3.3174,43.2384],[-3.3142,43.238],[-3.3063,43.2412],[-3.3047,43.2422],[-3.3027,43.2442],[-3.3025,43.2445],[-3.3022,43.2446],[-3.2998,43.2439],[-3.2973,43.2415],[-3.2946,43.2418],[-3.2975,43.2472],[-3.3047,43.2511],[-3.3057,43.2534],[-3.3045,43.2583],[-3.2901,43.2618],[-3.279,43.2619],[-3.2726,43.2662],[-3.2676,43.268],[-3.2628,43.2673],[-3.2581,43.2702],[-3.2587,43.2752],[-3.2612,43.2784],[-3.259,43.2817],[-3.2613,43.2848],[-3.2587,43.286],[-3.2575,43.2921],[-3.2662,43.2962],[-3.2696,43.2921],[-3.2784,43.2908],[-3.2804,43.2894],[-3.2898,43.2898],[-3.2935,43.2929],[-3.2914,43.296],[-3.2942,43.2993],[-3.2992,43.2991],[-3.3118,43.296],[-3.3226,43.2911],[-3.3248,43.2959],[-3.3289,43.2967],[-3.3314,43.3011],[-3.3401,43.2975],[-3.3428,43.2912],[-3.3415,43.2844],[-3.3386,43.2781],[-3.3458,43.2756],[-3.3507,43.275],[-3.3598,43.2719],[-3.3654,43.2745],[-3.3691,43.2745],[-3.3776,43.2709],[-3.3831,43.2704],[-3.3859,43.2657],[-3.3898,43.2639],[-3.3917,43.259],[-3.3917,43.2527],[-3.3759,43.2494],[-3.3712,43.2513],[-3.3658,43.2513],[-3.3629,43.2535],[-3.3732,43.2598],[-3.3729,43.2627],[-3.3692,43.2625],[-3.3711,43.2594],[-3.3683,43.2569],[-3.3627,43.2557],[-3.362,43.2517],[-3.3586,43.2524],[-3.3534,43.2531],[-3.3476,43.2586],[-3.3417,43.2584],[-3.345,43.2542],[-3.3455,43.2507],[-3.3435,43.2481],[-3.3505,43.2471],[-3.3529,43.2509],[-3.3552,43.2521],[-3.3586,43.2524],[-3.362,43.2517],[-3.3641,43.2507],[-3.3678,43.2506],[-3.3727,43.249],[-3.3676,43.2431],[-3.3604,43.2419],[-3.3556,43.2381]]],[[[-3.2314,43.2645],[-3.235,43.2627],[-3.2321,43.2603],[-3.2272,43.2625],[-3.2262,43.267],[-3.2293,43.2709],[-3.2288,43.2759],[-3.2372,43.2766],[-3.2442,43.2727],[-3.2551,43.2725],[-3.2462,43.266],[-3.2394,43.2647],[-3.233,43.2666],[-3.2314,43.2645]]],[[[-3.2206,43.271],[-3.2284,43.2716],[-3.2245,43.2664],[-3.2206,43.271]]],[[[-3.2554,43.2725],[-3.2442,43.2727],[-3.2373,43.2767],[-3.2288,43.2759],[-3.2304,43.2788],[-3.2376,43.2828],[-3.2379,43.2859],[-3.2444,43.2893],[-3.2488,43.2892],[-3.2539,43.2859],[-3.2576,43.2888],[-3.259,43.2839],[-3.2586,43.2791],[-3.2561,43.2765],[-3.2554,43.2725]]],[[[-3.209,43.2828],[-3.2028,43.2873],[-3.2063,43.288],[-3.209,43.2828]]],[[[-3.1521,42.8699],[-3.1541,42.8675],[-3.1512,42.8599],[-3.1474,42.8641],[-3.1521,42.8699]]],[[[-3.1502,42.8702],[-3.1471,42.8699],[-3.1417,42.8724],[-3.1413,42.8762],[-3.1449,42.8799],[-3.1516,42.8804],[-3.1548,42.8762],[-3.1549,42.8727],[-3.1502,42.8702]]],[[[-3.1676,42.8718],[-3.1616,42.8683],[-3.1603,42.8624],[-3.1562,42.8584],[-3.1534,42.8628],[-3.1548,42.8644],[-3.1542,42.8708],[-3.1556,42.874],[-3.163,42.8789],[-3.1637,42.8825],[-3.1675,42.8855],[-3.1777,42.8861],[-3.1842,42.8944],[-3.1871,42.8966],[-3.1914,42.894],[-3.1915,42.8894],[-3.1875,42.8821],[-3.1809,42.8797],[-3.1749,42.8753],[-3.1676,42.8718]]],[[[-3.1472,42.8894],[-3.1465,42.8956],[-3.1505,42.8962],[-3.1518,42.8932],[-3.1472,42.8894]]],[[[-3.1759,42.9072],[-3.1724,42.9049],[-3.1619,42.9033],[-3.1572,42.8991],[-3.1502,42.8988],[-3.1471,42.901],[-3.1478,42.9067],[-3.1531,42.9092],[-3.1571,42.9092],[-3.1648,42.9142],[-3.1659,42.9127],[-3.1684,42.9106],[-3.1759,42.9072]]],[[[-3.1946,42.9005],[-3.1913,42.8956],[-3.1872,42.9058],[-3.1886,42.9104],[-3.1889,42.91],[-3.1895,42.9097],[-3.1916,42.9093],[-3.193,42.9083],[-3.1874,42.9064],[-3.1908,42.8983],[-3.1946,42.9005]]],[[[-3.2011,42.9048],[-3.1988,42.9022],[-3.1946,42.9067],[-3.1976,42.9131],[-3.2018,42.9163],[-3.2056,42.9094],[-3.2011,42.9048]]],[[[-3.1709,42.9097],[-3.1659,42.9127],[-3.1648,42.9142],[-3.1695,42.9147],[-3.1747,42.9123],[-3.1709,42.9097]]],[[[-3.181,42.9159],[-3.1849,42.9105],[-3.1808,42.9088],[-3.1792,42.9134],[-3.181,42.9159]]],[[[-3.1935,42.9088],[-3.1931,42.9084],[-3.1919,42.9093],[-3.1891,42.9099],[-3.1882,42.9112],[-3.1882,42.912],[-3.1873,42.9129],[-3.1844,42.9117],[-3.1815,42.9163],[-3.1868,42.9176],[-3.1902,42.9168],[-3.1935,42.9088]]],[[[-3.1549,43.1063],[-3.156,43.1112],[-3.1604,43.1082],[-3.1549,43.1063]]],[[[-3.1492,43.1151],[-3.1452,43.1169],[-3.1418,43.1176],[-3.1444,43.1192],[-3.1446,43.1215],[-3.1444,43.1219],[-3.1496,43.1208],[-3.152,43.1179],[-3.1619,43.1178],[-3.1693,43.1201],[-3.1729,43.1194],[-3.1762,43.1141],[-3.1696,43.1098],[-3.1626,43.112],[-3.1561,43.1119],[-3.1492,43.1151]]],[[[-3.1987,43.1819],[-3.1923,43.1871],[-3.1865,43.1883],[-3.1832,43.1903],[-3.1875,43.1959],[-3.1905,43.1939],[-3.1909,43.191],[-3.2019,43.1858],[-3.2051,43.1815],[-3.1987,43.1819]]],[[[-3.183,43.1901],[-3.1759,43.1966],[-3.1689,43.1971],[-3.1682,43.2003],[-3.1735,43.2024],[-3.1768,43.201],[-3.1853,43.1944],[-3.183,43.1901]]],[[[-3.1666,43.1992],[-3.1645,43.1976],[-3.1603,43.2007],[-3.1638,43.2023],[-3.1666,43.1992]]],[[[-3.1967,43.1981],[-3.1928,43.1973],[-3.19,43.1993],[-3.1894,43.1989],[-3.1883,43.1999],[-3.1873,43.2003],[-3.1863,43.2004],[-3.1826,43.1997],[-3.1807,43.2025],[-3.1804,43.2026],[-3.1796,43.2027],[-3.179,43.2033],[-3.1783,43.2035],[-3.1779,43.2041],[-3.1777,43.2047],[-3.1769,43.2059],[-3.1816,43.2072],[-3.1901,43.205],[-3.1964,43.2047],[-3.2019,43.2021],[-3.2056,43.1985],[-3.1967,43.1981]]],[[[-3.1869,43.2003],[-3.1853,43.1996],[-3.1836,43.1984],[-3.1793,43.1997],[-3.1736,43.2054],[-3.1752,43.2071],[-3.1778,43.204],[-3.1781,43.2036],[-3.1785,43.2033],[-3.1796,43.2027],[-3.1804,43.2026],[-3.1812,43.2009],[-3.1828,43.1996],[-3.1851,43.2001],[-3.1869,43.2003]]],[[[-3.1368,43.2154],[-3.1443,43.2159],[-3.152,43.2196],[-3.159,43.2184],[-3.1708,43.2191],[-3.1734,43.2213],[-3.1766,43.219],[-3.1718,43.2148],[-3.1608,43.2138],[-3.1559,43.2147],[-3.1522,43.2193],[-3.1478,43.2167],[-3.1508,43.2142],[-3.1516,43.2128],[-3.1533,43.2123],[-3.1548,43.2121],[-3.1592,43.2095],[-3.1641,43.21],[-3.1745,43.2077],[-3.1694,43.2033],[-3.1624,43.2049],[-3.1569,43.2029],[-3.1569,43.2077],[-3.1591,43.2094],[-3.1523,43.2124],[-3.1515,43.2128],[-3.1509,43.2133],[-3.1507,43.2141],[-3.1477,43.2167],[-3.1446,43.2155],[-3.1507,43.2099],[-3.1514,43.206],[-3.1479,43.2031],[-3.1456,43.2074],[-3.1368,43.2154]]],[[[-3.1774,43.2169],[-3.1759,43.2232],[-3.18,43.2252],[-3.185,43.2231],[-3.1774,43.2169]]],[[[-3.1619,43.2212],[-3.1594,43.2199],[-3.1521,43.22],[-3.1544,43.2239],[-3.1648,43.2258],[-3.1619,43.2212]]],[[[-3.1888,43.2216],[-3.1901,43.2264],[-3.1966,43.2276],[-3.1957,43.2231],[-3.1888,43.2216]]],[[[-3.1895,43.2252],[-3.1843,43.2243],[-3.1833,43.2289],[-3.1803,43.2306],[-3.1782,43.2255],[-3.1747,43.2258],[-3.1673,43.2233],[-3.1664,43.2266],[-3.1687,43.2281],[-3.1787,43.2284],[-3.1782,43.2365],[-3.1828,43.2396],[-3.1884,43.2337],[-3.1884,43.2279],[-3.1895,43.2252]]],[[[-3.196,43.2303],[-3.1923,43.2274],[-3.1884,43.2283],[-3.1885,43.2338],[-3.1828,43.2396],[-3.1893,43.2397],[-3.1938,43.237],[-3.196,43.2303]]],[[[-3.1563,43.2426],[-3.155,43.2475],[-3.1644,43.2463],[-3.1622,43.2442],[-3.1563,43.2426]]],[[[-3.1546,43.2488],[-3.154,43.2469],[-3.1489,43.2446],[-3.1471,43.2491],[-3.1477,43.2526],[-3.1511,43.2552],[-3.1534,43.2537],[-3.1541,43.2527],[-3.154,43.2518],[-3.1533,43.2508],[-3.1546,43.2488]]],[[[-3.1585,43.2472],[-3.1561,43.2524],[-3.1547,43.2526],[-3.1538,43.2542],[-3.1536,43.2559],[-3.1545,43.2607],[-3.1611,43.2635],[-3.1669,43.2617],[-3.168,43.259],[-3.1665,43.2554],[-3.1624,43.2535],[-3.1646,43.2499],[-3.1634,43.2469],[-3.1585,43.2472]]],[[[-3.196,43.2564],[-3.1918,43.2539],[-3.1858,43.2574],[-3.1865,43.2617],[-3.1903,43.2608],[-3.196,43.2564]]],[[[-3.1868,43.2636],[-3.1902,43.2697],[-3.1946,43.2677],[-3.1918,43.2617],[-3.1868,43.2636]]],[[[-3.1527,43.269],[-3.1527,43.2663],[-3.1507,43.2662],[-3.1508,43.2627],[-3.1486,43.2637],[-3.1471,43.2659],[-3.1463,43.268],[-3.1463,43.2709],[-3.1525,43.2711],[-3.1527,43.269]]],[[[-3.1752,43.2713],[-3.1744,43.2688],[-3.1685,43.2698],[-3.1633,43.2689],[-3.158,43.264],[-3.1525,43.2653],[-3.1533,43.2681],[-3.163,43.2748],[-3.1632,43.2776],[-3.1711,43.2763],[-3.1689,43.2727],[-3.1752,43.2713]]],[[[-3.2069,43.2671],[-3.2038,43.261],[-3.1996,43.2584],[-3.1926,43.2605],[-3.1965,43.265],[-3.1959,43.267],[-3.1912,43.2705],[-3.1961,43.2719],[-3.1976,43.274],[-3.2088,43.2749],[-3.2163,43.2745],[-3.2147,43.2709],[-3.2089,43.266],[-3.2069,43.2671]]],[[[-3.1524,43.275],[-3.1392,43.2788],[-3.1398,43.2811],[-3.1358,43.2844],[-3.1324,43.2902],[-3.1348,43.2942],[-3.1406,43.2958],[-3.1474,43.2951],[-3.151,43.2931],[-3.1487,43.2897],[-3.1492,43.2885],[-3.1482,43.2866],[-3.1482,43.2851],[-3.1473,43.2835],[-3.1477,43.2833],[-3.1481,43.2833],[-3.1492,43.2835],[-3.1497,43.2833],[-3.1504,43.2835],[-3.1524,43.2846],[-3.1555,43.2886],[-3.1553,43.2916],[-3.1587,43.2966],[-3.1662,43.2975],[-3.1622,43.2911],[-3.1624,43.29],[-3.1595,43.2887],[-3.161,43.2888],[-3.1616,43.2886],[-3.1618,43.2877],[-3.1605,43.2852],[-3.1607,43.2848],[-3.1619,43.2843],[-3.161,43.2841],[-3.1614,43.2836],[-3.1605,43.2828],[-3.1597,43.2818],[-3.1595,43.2782],[-3.1581,43.2767],[-3.1535,43.278],[-3.1524,43.275]]],[[[-3.1705,43.2765],[-3.1629,43.2781],[-3.1594,43.2774],[-3.1601,43.2806],[-3.1625,43.2809],[-3.1629,43.2823],[-3.1619,43.2826],[-3.1615,43.2836],[-3.1611,43.284],[-3.162,43.2843],[-3.1606,43.285],[-3.1618,43.2875],[-3.1617,43.2886],[-3.1609,43.2888],[-3.1615,43.2895],[-3.1641,43.29],[-3.1662,43.2975],[-3.1737,43.2956],[-3.1778,43.2931],[-3.1787,43.2906],[-3.1752,43.2862],[-3.1694,43.2854],[-3.172,43.2796],[-3.1705,43.2765]]],[[[-3.1532,43.2869],[-3.1524,43.2847],[-3.1504,43.2835],[-3.1497,43.2833],[-3.1492,43.2835],[-3.1479,43.2833],[-3.1481,43.284],[-3.1484,43.2857],[-3.1482,43.2866],[-3.1492,43.2885],[-3.1496,43.2906],[-3.1532,43.2869]]],[[[-3.1314,42.8321],[-3.1321,42.8336],[-3.1334,42.8332],[-3.1357,42.8332],[-3.1372,42.8327],[-3.1397,42.8323],[-3.1439,42.8288],[-3.1389,42.8277],[-3.1294,42.8307],[-3.1314,42.8321]]],[[[-3.1354,42.8373],[-3.1407,42.8367],[-3.1398,42.8329],[-3.1375,42.8328],[-3.1358,42.8333],[-3.1334,42.8333],[-3.132,42.8339],[-3.1327,42.8349],[-3.1331,42.8371],[-3.1354,42.8373]]],[[[-3.1478,42.8866],[-3.1387,42.8894],[-3.1361,42.8914],[-3.128,42.8934],[-3.1336,42.8956],[-3.1373,42.8947],[-3.1401,42.8942],[-3.1417,42.8933],[-3.1437,42.8928],[-3.1454,42.8912],[-3.1478,42.8866]]],[[[-3.1459,42.8969],[-3.1449,42.894],[-3.1414,42.8937],[-3.1401,42.8942],[-3.1373,42.8947],[-3.1359,42.8956],[-3.1375,42.8972],[-3.1412,42.8986],[-3.1459,42.8969]]],[[[-3.0477,43.0442],[-3.0582,43.0377],[-3.0576,43.03],[-3.0628,43.0325],[-3.0642,43.0383],[-3.071,43.0402],[-3.0761,43.0385],[-3.0785,43.0409],[-3.0768,43.0445],[-3.0795,43.0513],[-3.0873,43.0522],[-3.0973,43.0488],[-3.1035,43.0475],[-3.109,43.0488],[-3.1107,43.0492],[-3.1107,43.0499],[-3.1096,43.0517],[-3.1048,43.0539],[-3.1015,43.057],[-3.1078,43.0582],[-3.1159,43.062],[-3.1199,43.0648],[-3.1256,43.0645],[-3.1309,43.0588],[-3.134,43.0607],[-3.1371,43.0581],[-3.1402,43.0598],[-3.1432,43.0535],[-3.1412,43.0487],[-3.1448,43.0489],[-3.1445,43.039],[-3.1478,43.0342],[-3.1425,43.031],[-3.142,43.0288],[-3.1507,43.0269],[-3.1626,43.0275],[-3.1698,43.0285],[-3.1714,43.0256],[-3.1766,43.0231],[-3.1771,43.0213],[-3.1711,43.0175],[-3.1694,43.0148],[-3.1643,43.0141],[-3.1492,43.0085],[-3.1454,43.0066],[-3.1368,43.0076],[-3.1252,43.0075],[-3.1199,43.0053],[-3.106,43.0051],[-3.0892,43.0015],[-3.0795,43.0045],[-3.0771,43.0084],[-3.0715,43.0054],[-3.0605,43.0033],[-3.061,42.9984],[-3.049,42.9912],[-3.0427,42.9833],[-3.0371,42.9817],[-3.0395,42.9767],[-3.0436,42.9726],[-3.0417,42.9692],[-3.0287,42.965],[-3.0245,42.9648],[-3.0275,42.9678],[-3.0258,42.9691],[-3.0213,42.9694],[-3.0197,42.9686],[-3.0171,42.9691],[-3.0208,42.9729],[-3.0174,42.9733],[-3.0215,42.9765],[-3.0233,42.9787],[-3.016,42.9807],[-3.0201,42.9846],[-3.0199,42.9897],[-3.0248,42.9932],[-3.0311,42.9942],[-3.04,43.0003],[-3.0402,43.0023],[-3.0507,43.005],[-3.0488,43.0081],[-3.0581,43.0135],[-3.0476,43.0144],[-3.0442,43.0131],[-3.0372,43.0157],[-3.0381,43.0166],[-3.0385,43.0173],[-3.0385,43.0176],[-3.0365,43.0191],[-3.0394,43.0194],[-3.0452,43.0174],[-3.0493,43.0198],[-3.0543,43.027],[-3.0511,43.0295],[-3.047,43.0308],[-3.0468,43.0315],[-3.0459,43.0317],[-3.0458,43.0324],[-3.046,43.0326],[-3.0454,43.0326],[-3.0451,43.0327],[-3.0455,43.033],[-3.0454,43.0332],[-3.0457,43.0338],[-3.0452,43.0343],[-3.046,43.0345],[-3.0467,43.0355],[-3.0469,43.0377],[-3.0482,43.0416],[-3.0484,43.0432],[-3.0477,43.0442]]],[[[-3.1265,43.0882],[-3.1279,43.0934],[-3.1321,43.0924],[-3.1294,43.0853],[-3.1265,43.0882]]],[[[-3.1214,43.0845],[-3.1152,43.0895],[-3.1154,43.0931],[-3.1209,43.0963],[-3.1269,43.095],[-3.1241,43.0912],[-3.1257,43.084],[-3.1214,43.0845]]],[[[-3.1349,43.1187],[-3.1412,43.1164],[-3.1468,43.1157],[-3.1557,43.1114],[-3.1542,43.1064],[-3.1468,43.1116],[-3.1376,43.1134],[-3.1372,43.1095],[-3.131,43.1069],[-3.1321,43.1133],[-3.1313,43.1169],[-3.1349,43.1187]]],[[[-3.1159,43.1213],[-3.1188,43.1219],[-3.1252,43.1183],[-3.1294,43.1178],[-3.1316,43.1126],[-3.1265,43.1084],[-3.1241,43.1113],[-3.1258,43.1159],[-3.1215,43.1167],[-3.1159,43.1213]]],[[[-3.1387,43.1185],[-3.1367,43.1234],[-3.1342,43.1247],[-3.1393,43.1319],[-3.1422,43.1281],[-3.1417,43.1261],[-3.1428,43.1236],[-3.1446,43.1215],[-3.1444,43.1192],[-3.1387,43.1185]]],[[[-3.1211,43.1324],[-3.1217,43.1354],[-3.1273,43.1381],[-3.1316,43.1377],[-3.1393,43.1319],[-3.1334,43.1261],[-3.1276,43.1246],[-3.1191,43.1259],[-3.1211,43.1324]]],[[[-3.1424,43.1944],[-3.1358,43.1943],[-3.138,43.1984],[-3.1424,43.1944]]],[[[-3.1348,43.1934],[-3.1312,43.1957],[-3.1215,43.2049],[-3.1285,43.2045],[-3.1317,43.2014],[-3.1312,43.1991],[-3.1364,43.1977],[-3.1348,43.1934]]],[[[-3.1412,43.2029],[-3.1472,43.1982],[-3.1424,43.1945],[-3.1399,43.2004],[-3.1341,43.2026],[-3.1383,43.2046],[-3.1412,43.2029]]],[[[-3.1402,43.2052],[-3.1327,43.2057],[-3.1338,43.21],[-3.1377,43.2104],[-3.1415,43.2083],[-3.1402,43.2052]]],[[[-3.1408,43.2202],[-3.1379,43.2183],[-3.1282,43.2151],[-3.1271,43.2175],[-3.1289,43.2193],[-3.1375,43.221],[-3.1408,43.2202]]],[[[-3.1541,43.2522],[-3.1541,43.2527],[-3.1538,43.2534],[-3.152,43.2554],[-3.1494,43.2549],[-3.1453,43.2577],[-3.1436,43.264],[-3.1363,43.2627],[-3.1331,43.26],[-3.1309,43.261],[-3.1304,43.2619],[-3.1306,43.2634],[-3.1333,43.2654],[-3.1342,43.2679],[-3.1407,43.2692],[-3.1415,43.2682],[-3.1409,43.2679],[-3.1408,43.2676],[-3.141,43.2669],[-3.1422,43.2649],[-3.1438,43.2645],[-3.1452,43.2636],[-3.146,43.2636],[-3.1472,43.262],[-3.1474,43.2619],[-3.1488,43.2619],[-3.1505,43.2601],[-3.1537,43.2589],[-3.1535,43.2559],[-3.1537,43.2542],[-3.1546,43.2525],[-3.1541,43.2522]]],[[[-3.1326,43.2751],[-3.1396,43.275],[-3.1416,43.2714],[-3.1327,43.2679],[-3.1275,43.2702],[-3.1214,43.2693],[-3.1176,43.2674],[-3.1135,43.2664],[-3.1125,43.2659],[-3.1117,43.265],[-3.1115,43.2646],[-3.1114,43.2642],[-3.1108,43.2633],[-3.1109,43.2629],[-3.1117,43.2622],[-3.1043,43.2594],[-3.1048,43.2542],[-3.1016,43.2525],[-3.1014,43.2592],[-3.1114,43.2679],[-3.1186,43.2717],[-3.1204,43.2704],[-3.1283,43.2741],[-3.1326,43.2751]]],[[[-3.1304,43.2631],[-3.1269,43.2596],[-3.123,43.2617],[-3.1168,43.2613],[-3.1131,43.2633],[-3.1117,43.2622],[-3.1109,43.2633],[-3.1115,43.2642],[-3.1116,43.2649],[-3.1126,43.2658],[-3.1137,43.2664],[-3.1177,43.2674],[-3.1216,43.2692],[-3.1263,43.2678],[-3.1342,43.2679],[-3.1333,43.2654],[-3.1318,43.2646],[-3.1306,43.2634],[-3.1304,43.2631]]],[[[-3.1465,43.263],[-3.1461,43.2636],[-3.1452,43.2637],[-3.1437,43.2645],[-3.1423,43.2649],[-3.1408,43.2678],[-3.1415,43.2682],[-3.1408,43.2692],[-3.1399,43.2698],[-3.1416,43.2698],[-3.145,43.2689],[-3.1461,43.2652],[-3.1471,43.2658],[-3.1478,43.2646],[-3.1489,43.2634],[-3.1511,43.2625],[-3.1501,43.2621],[-3.1474,43.262],[-3.1465,43.263]]],[[[-3.1291,43.2759],[-3.1318,43.2786],[-3.1306,43.2828],[-3.137,43.2834],[-3.1382,43.2802],[-3.1349,43.2777],[-3.1291,43.2759]]],[[[-3.122,43.311],[-3.1222,43.3159],[-3.1289,43.3181],[-3.1301,43.3171],[-3.1327,43.3172],[-3.1335,43.3157],[-3.1276,43.3133],[-3.1248,43.3091],[-3.122,43.311]]],[[[-3.1349,43.3168],[-3.1327,43.3172],[-3.1301,43.3171],[-3.1295,43.3191],[-3.1311,43.3209],[-3.1299,43.3237],[-3.1363,43.3238],[-3.1373,43.3208],[-3.1349,43.3168]]],[[[-3.1361,43.3242],[-3.1297,43.3244],[-3.1329,43.3297],[-3.1367,43.331],[-3.1399,43.3332],[-3.1397,43.3288],[-3.1361,43.3242]]],[[[-3.1234,43.3229],[-3.1228,43.3297],[-3.1244,43.3323],[-3.1315,43.3366],[-3.1354,43.3366],[-3.14,43.3335],[-3.1367,43.3311],[-3.1289,43.3293],[-3.1287,43.3238],[-3.1234,43.3229]]],[[[-3.1203,43.3301],[-3.1169,43.331],[-3.1128,43.336],[-3.1169,43.3387],[-3.1207,43.3349],[-3.1203,43.3301]]],[[[-3.1307,43.3426],[-3.1261,43.3427],[-3.1273,43.3463],[-3.1326,43.3468],[-3.1307,43.3426]]],[[[-3.1238,43.3466],[-3.122,43.3493],[-3.1258,43.3514],[-3.1303,43.3492],[-3.1306,43.347],[-3.1238,43.3466]]],[[[-3.1228,42.7901],[-3.1287,42.7843],[-3.1328,42.7765],[-3.1327,42.7737],[-3.1367,42.7656],[-3.1416,42.7631],[-3.1474,42.757],[-3.1372,42.7588],[-3.1305,42.7589],[-3.127,42.7602],[-3.115,42.7603],[-3.1102,42.7647],[-3.1059,42.7652],[-3.1023,42.7679],[-3.0902,42.7654],[-3.0851,42.7637],[-3.0802,42.7677],[-3.0763,42.7673],[-3.0688,42.7632],[-3.0667,42.7688],[-3.0682,42.7739],[-3.0609,42.7815],[-3.0614,42.7892],[-3.0595,42.7963],[-3.0625,42.8079],[-3.0679,42.813],[-3.0745,42.8162],[-3.0713,42.8183],[-3.0745,42.8224],[-3.0806,42.8216],[-3.085,42.8258],[-3.0873,42.8233],[-3.0861,42.8179],[-3.095,42.8141],[-3.0994,42.8064],[-3.1075,42.8023],[-3.1163,42.8005],[-3.1273,42.8013],[-3.1348,42.8076],[-3.142,42.8118],[-3.1488,42.8129],[-3.159,42.8047],[-3.1543,42.8019],[-3.1407,42.7959],[-3.1318,42.7893],[-3.1228,42.7901]]],[[[-3.1145,42.8228],[-3.1174,42.8198],[-3.1094,42.8185],[-3.1047,42.8216],[-3.1046,42.8266],[-3.1108,42.8256],[-3.1145,42.8228]]],[[[-3.1156,42.8223],[-3.1116,42.8255],[-3.1065,42.827],[-3.109,42.8299],[-3.1161,42.829],[-3.1191,42.8229],[-3.1156,42.8223]]],[[[-3.0858,42.8388],[-3.0882,42.8458],[-3.0991,42.8459],[-3.1024,42.8433],[-3.1005,42.8412],[-3.089,42.8416],[-3.0858,42.8388]]],[[[-3.1011,42.8452],[-3.1068,42.8449],[-3.1124,42.8463],[-3.1124,42.8488],[-3.1168,42.8503],[-3.1186,42.8455],[-3.1261,42.8425],[-3.1239,42.8399],[-3.1181,42.841],[-3.1142,42.8437],[-3.1033,42.842],[-3.1032,42.8432],[-3.1011,42.8452]]],[[[-3.0938,42.8489],[-3.089,42.8479],[-3.086,42.8516],[-3.0875,42.8541],[-3.0967,42.8539],[-3.1025,42.8554],[-3.1025,42.8514],[-3.0988,42.8486],[-3.0938,42.8489]]],[[[-3.1131,42.8495],[-3.1085,42.8487],[-3.1017,42.8495],[-3.1049,42.8548],[-3.1104,42.8533],[-3.1141,42.8557],[-3.1209,42.8551],[-3.1185,42.851],[-3.1131,42.8495]]],[[[-3.1051,42.859],[-3.1023,42.8579],[-3.1011,42.8633],[-3.1058,42.8637],[-3.1051,42.859]]],[[[-3.0753,42.8657],[-3.0759,42.8724],[-3.0804,42.8713],[-3.0829,42.8679],[-3.08,42.8628],[-3.0739,42.8612],[-3.0753,42.8657]]],[[[-3.0873,42.8814],[-3.0816,42.8848],[-3.0852,42.8871],[-3.0941,42.8854],[-3.0957,42.8817],[-3.0923,42.878],[-3.0875,42.8766],[-3.081,42.879],[-3.0835,42.8813],[-3.0873,42.8814]]],[[[-3.1136,42.8895],[-3.1126,42.8868],[-3.1069,42.8872],[-3.1049,42.893],[-3.1092,42.8965],[-3.1136,42.8895]]],[[[-3.114,42.8917],[-3.1118,42.8968],[-3.1192,42.894],[-3.1189,42.8911],[-3.114,42.8917]]],[[[-3.1075,43.0488],[-3.1035,43.0476],[-3.0928,43.0507],[-3.0903,43.0534],[-3.0821,43.054],[-3.0837,43.058],[-3.0878,43.0584],[-3.1047,43.0538],[-3.1096,43.0516],[-3.1106,43.0492],[-3.1075,43.0488]]],[[[-3.0813,43.0693],[-3.0681,43.0702],[-3.0711,43.0739],[-3.0714,43.077],[-3.0724,43.0776],[-3.0732,43.0786],[-3.0737,43.0779],[-3.0748,43.0772],[-3.0772,43.0767],[-3.0797,43.0753],[-3.0815,43.0735],[-3.0843,43.0719],[-3.0813,43.0693]]],[[[-3.096,43.0771],[-3.0896,43.0769],[-3.0908,43.0812],[-3.0978,43.0843],[-3.0936,43.0878],[-3.0916,43.0924],[-3.0936,43.0959],[-3.0978,43.0944],[-3.1061,43.0871],[-3.0981,43.0833],[-3.1025,43.0807],[-3.1031,43.0772],[-3.0986,43.073],[-3.096,43.0771]]],[[[-3.0898,43.0864],[-3.088,43.0837],[-3.0832,43.0833],[-3.0845,43.0877],[-3.0898,43.0864]]],[[[-3.0841,43.0722],[-3.0808,43.0751],[-3.0772,43.0767],[-3.0748,43.0772],[-3.0737,43.0779],[-3.0736,43.0785],[-3.0731,43.0786],[-3.0719,43.0833],[-3.0739,43.0875],[-3.0771,43.0903],[-3.073,43.091],[-3.075,43.0978],[-3.0805,43.1002],[-3.0811,43.0937],[-3.0841,43.0905],[-3.0841,43.0869],[-3.0803,43.084],[-3.0842,43.081],[-3.0859,43.0773],[-3.0841,43.0722]]],[[[-3.1166,43.0775],[-3.1135,43.078],[-3.1115,43.0844],[-3.1074,43.086],[-3.1024,43.0918],[-3.0997,43.0928],[-3.097,43.1004],[-3.0941,43.1042],[-3.0951,43.1113],[-3.0993,43.1141],[-3.1036,43.1109],[-3.1038,43.1079],[-3.1101,43.1059],[-3.1116,43.1026],[-3.1095,43.0983],[-3.106,43.0952],[-3.1075,43.0925],[-3.1075,43.0863],[-3.1118,43.0847],[-3.1135,43.0782],[-3.1166,43.0775]]],[[[-3.1045,43.1514],[-3.1051,43.156],[-3.0987,43.1574],[-3.0967,43.1635],[-3.1009,43.1665],[-3.1062,43.1563],[-3.1045,43.1514]]],[[[-3.0881,43.1742],[-3.0908,43.1744],[-3.0968,43.1716],[-3.0926,43.1697],[-3.0865,43.1698],[-3.0837,43.1639],[-3.0799,43.1605],[-3.08,43.1569],[-3.0798,43.1605],[-3.0836,43.1639],[-3.0853,43.1691],[-3.0816,43.1725],[-3.0728,43.1714],[-3.0675,43.1757],[-3.058,43.1778],[-3.0541,43.1805],[-3.0516,43.1868],[-3.0474,43.183],[-3.0397,43.182],[-3.0408,43.178],[-3.0348,43.1726],[-3.0313,43.1716],[-3.0287,43.1737],[-3.032,43.1768],[-3.0327,43.1773],[-3.0352,43.1778],[-3.0385,43.1789],[-3.0397,43.1821],[-3.0457,43.1863],[-3.0467,43.1931],[-3.0507,43.1921],[-3.0521,43.1899],[-3.0534,43.1898],[-3.0546,43.1883],[-3.0595,43.1855],[-3.06,43.1822],[-3.0709,43.1796],[-3.0761,43.1752],[-3.0816,43.1745],[-3.0855,43.178],[-3.0881,43.1742]]],[[[-3.1142,43.1567],[-3.1058,43.1576],[-3.101,43.1665],[-3.1062,43.166],[-3.1096,43.1622],[-3.1087,43.1577],[-3.1142,43.1567]]],[[[-3.0929,43.1802],[-3.0982,43.1759],[-3.0958,43.1731],[-3.0854,43.1788],[-3.0769,43.1787],[-3.0761,43.1819],[-3.079,43.1848],[-3.0929,43.1802]]],[[[-3.0766,43.2009],[-3.0782,43.2059],[-3.0828,43.2049],[-3.0812,43.2022],[-3.0766,43.2009]]],[[[-3.1016,43.205],[-3.1014,43.2085],[-3.1086,43.2074],[-3.1094,43.205],[-3.1016,43.205]]],[[[-3.0946,43.2122],[-3.0907,43.2085],[-3.0858,43.2067],[-3.0777,43.2059],[-3.0735,43.2067],[-3.0765,43.2104],[-3.0874,43.2129],[-3.0919,43.2175],[-3.0946,43.2122]]],[[[-3.1147,43.2109],[-3.1058,43.2128],[-3.0951,43.2134],[-3.0926,43.2178],[-3.1046,43.218],[-3.108,43.2168],[-3.1205,43.2173],[-3.1167,43.2239],[-3.1184,43.2265],[-3.1229,43.2281],[-3.1293,43.2268],[-3.1315,43.221],[-3.1289,43.2194],[-3.1271,43.2175],[-3.1281,43.2151],[-3.1233,43.2113],[-3.1173,43.2129],[-3.1147,43.2109]]],[[[-3.1096,43.2394],[-3.1045,43.2394],[-3.104,43.2415],[-3.1052,43.2436],[-3.1049,43.2442],[-3.1053,43.2452],[-3.1065,43.2465],[-3.1082,43.2479],[-3.1119,43.2483],[-3.1145,43.2438],[-3.1096,43.2394]]],[[[-3.106,43.2494],[-3.1082,43.2479],[-3.1064,43.2465],[-3.1052,43.2452],[-3.1049,43.2445],[-3.1039,43.2415],[-3.0997,43.242],[-3.1017,43.2458],[-3.106,43.2494]]],[[[-3.1032,43.2489],[-3.1004,43.2442],[-3.0931,43.2454],[-3.0895,43.2466],[-3.0917,43.248],[-3.0927,43.2489],[-3.1002,43.2513],[-3.1032,43.2489]]],[[[-3.0526,43.2008],[-3.0485,43.2062],[-3.0428,43.2083],[-3.0419,43.2123],[-3.0475,43.2119],[-3.0515,43.2165],[-3.0528,43.2203],[-3.0496,43.223],[-3.0525,43.2322],[-3.0605,43.2329],[-3.064,43.2354],[-3.0669,43.2418],[-3.068,43.2492],[-3.0619,43.2537],[-3.0654,43.2572],[-3.0655,43.2598],[-3.0744,43.2682],[-3.0776,43.2742],[-3.0755,43.2785],[-3.0827,43.2819],[-3.0927,43.284],[-3.1016,43.2813],[-3.108,43.2746],[-3.1035,43.27],[-3.1061,43.2666],[-3.1009,43.2629],[-3.101,43.259],[-3.0947,43.2536],[-3.0927,43.2489],[-3.0917,43.248],[-3.0894,43.2466],[-3.089,43.246],[-3.0832,43.2474],[-3.082,43.245],[-3.0753,43.2381],[-3.0726,43.23],[-3.0584,43.2161],[-3.0505,43.2106],[-3.0562,43.2049],[-3.0606,43.2023],[-3.0646,43.2024],[-3.0654,43.1994],[-3.0616,43.1967],[-3.0526,43.2008]]],[[[-3.0925,43.3085],[-3.0891,43.3114],[-3.0907,43.3132],[-3.0937,43.3141],[-3.0936,43.3145],[-3.0955,43.314],[-3.0974,43.3129],[-3.0992,43.3122],[-3.0925,43.3085]]],[[[-3.0752,43.3123],[-3.0785,43.3165],[-3.0811,43.313],[-3.0752,43.3123]]],[[[-3.1108,43.3167],[-3.1149,43.3148],[-3.1132,43.3123],[-3.1083,43.3152],[-3.1108,43.3167]]],[[[-3.0809,43.3162],[-3.0824,43.32],[-3.0915,43.3151],[-3.0818,43.3119],[-3.0809,43.3162]]],[[[-3.1031,43.3194],[-3.109,43.3228],[-3.1096,43.3169],[-3.0989,43.3127],[-3.0976,43.3137],[-3.0962,43.3137],[-3.0957,43.314],[-3.0952,43.3141],[-3.0936,43.3145],[-3.0925,43.315],[-3.1031,43.3194]]],[[[-3.0888,43.3208],[-3.0906,43.3232],[-3.0893,43.3287],[-3.0961,43.3265],[-3.0936,43.3208],[-3.0888,43.3208]]],[[[-3.079,43.323],[-3.0743,43.3254],[-3.0764,43.3303],[-3.0801,43.3287],[-3.079,43.323]]],[[[-3.0987,43.3364],[-3.0976,43.3377],[-3.0896,43.3347],[-3.0871,43.3375],[-3.1017,43.3415],[-3.1052,43.3445],[-3.1107,43.3453],[-3.1114,43.3416],[-3.1068,43.3414],[-3.1023,43.3376],[-3.0987,43.3364]]],[[[-3.0806,43.3344],[-3.087,43.3417],[-3.0893,43.3392],[-3.0806,43.3344]]],[[[-3.0765,43.3394],[-3.0768,43.3457],[-3.0831,43.3423],[-3.0765,43.3394]]],[[[-3.1059,43.3458],[-3.0997,43.3421],[-3.091,43.3414],[-3.0893,43.3455],[-3.0921,43.3481],[-3.0974,43.3487],[-3.1032,43.3476],[-3.1059,43.3458]]],[[[-3.1185,43.3444],[-3.1142,43.3464],[-3.1157,43.3486],[-3.1208,43.3477],[-3.1185,43.3444]]],[[[-3.0991,43.357],[-3.1041,43.3607],[-3.1075,43.358],[-3.1046,43.351],[-3.1003,43.3526],[-3.0866,43.3485],[-3.0873,43.3517],[-3.0903,43.3543],[-3.0991,43.357]]],[[[-3.0446,42.7592],[-3.0458,42.7656],[-3.0441,42.7706],[-3.0392,42.7748],[-3.0421,42.7784],[-3.0471,42.7729],[-3.047,42.7663],[-3.0458,42.7625],[-3.0469,42.7574],[-3.0443,42.7546],[-3.0402,42.7553],[-3.0446,42.7592]]],[[[-3.0567,42.7651],[-3.0479,42.7664],[-3.0483,42.7798],[-3.0506,42.7823],[-3.0568,42.7819],[-3.0591,42.7798],[-3.0578,42.7742],[-3.0532,42.7726],[-3.0484,42.7689],[-3.0494,42.767],[-3.0567,42.7651]]],[[[-3.0408,42.7835],[-3.0445,42.7836],[-3.0451,42.7801],[-3.0379,42.778],[-3.0408,42.7835]]],[[[-3.051,42.8094],[-3.0565,42.8131],[-3.0588,42.8119],[-3.0564,42.8032],[-3.0511,42.8005],[-3.046,42.8022],[-3.0445,42.8045],[-3.047,42.8076],[-3.051,42.8094]]],[[[-3.0431,42.805],[-3.042,42.8024],[-3.0373,42.8035],[-3.0381,42.8112],[-3.0442,42.8068],[-3.0431,42.805]]],[[[-3.0469,42.8161],[-3.0438,42.8085],[-3.0381,42.8112],[-3.0402,42.8165],[-3.0469,42.8161]]],[[[-3.049,42.8226],[-3.0539,42.823],[-3.0542,42.8192],[-3.0523,42.816],[-3.0562,42.8132],[-3.0525,42.8115],[-3.0471,42.8163],[-3.049,42.822],[-3.049,42.8226]]],[[[-3.0497,42.8269],[-3.0488,42.8221],[-3.0445,42.8215],[-3.0429,42.8216],[-3.042,42.8238],[-3.0402,42.8238],[-3.0396,42.8252],[-3.0356,42.8269],[-3.0394,42.8284],[-3.0497,42.8269]]],[[[-3.0744,42.8372],[-3.0796,42.8386],[-3.0789,42.834],[-3.0804,42.8297],[-3.0742,42.8252],[-3.0695,42.8252],[-3.0651,42.8275],[-3.0645,42.8309],[-3.0607,42.8348],[-3.0672,42.8363],[-3.0707,42.8351],[-3.0744,42.8372]]],[[[-3.0741,42.8539],[-3.0765,42.8514],[-3.0716,42.8474],[-3.0702,42.845],[-3.0687,42.8397],[-3.0652,42.8363],[-3.0604,42.8366],[-3.0631,42.8405],[-3.0677,42.8419],[-3.0684,42.847],[-3.0747,42.8514],[-3.0741,42.8539]]],[[[-3.0768,42.8517],[-3.0774,42.8503],[-3.072,42.8459],[-3.0711,42.8424],[-3.0769,42.8405],[-3.0693,42.8371],[-3.0687,42.8389],[-3.0712,42.8466],[-3.0768,42.8517]]],[[[-3.034,42.8556],[-3.0382,42.8598],[-3.0408,42.8598],[-3.044,42.8608],[-3.0476,42.8593],[-3.0409,42.8547],[-3.034,42.8556]]],[[[-3.048,42.8598],[-3.044,42.8609],[-3.0419,42.8603],[-3.043,42.863],[-3.0472,42.8644],[-3.048,42.8598]]],[[[-3.0697,42.8598],[-3.0678,42.8681],[-3.0743,42.865],[-3.0697,42.8598]]],[[[-3.071,42.8757],[-3.0656,42.882],[-3.0649,42.8898],[-3.0718,42.8895],[-3.0679,42.8857],[-3.0672,42.8822],[-3.071,42.8757]]],[[[-3.0657,42.8918],[-3.0652,42.897],[-3.0701,42.8955],[-3.0724,42.8915],[-3.0657,42.8918]]],[[[-3.0512,43.0097],[-3.0487,43.0081],[-3.0506,43.0052],[-3.0467,43.0051],[-3.0434,43.009],[-3.0418,43.0131],[-3.0442,43.0131],[-3.0476,43.0144],[-3.0563,43.013],[-3.0512,43.0097]]],[[[-3.044,43.0256],[-3.0459,43.0307],[-3.0511,43.0294],[-3.0492,43.0262],[-3.044,43.0256]]],[[[-3.0454,43.0313],[-3.0439,43.0272],[-3.04,43.0275],[-3.0381,43.0335],[-3.0435,43.0365],[-3.0454,43.041],[-3.0482,43.0416],[-3.0469,43.0377],[-3.0466,43.0355],[-3.046,43.0345],[-3.0452,43.0343],[-3.0457,43.0338],[-3.0454,43.0332],[-3.0455,43.033],[-3.0451,43.0328],[-3.045,43.0327],[-3.045,43.0326],[-3.0448,43.032],[-3.0443,43.0314],[-3.0454,43.0313]]],[[[-3.0741,43.0521],[-3.0701,43.0504],[-3.0689,43.0492],[-3.067,43.0498],[-3.0627,43.0493],[-3.0587,43.0484],[-3.0528,43.0494],[-3.0536,43.0556],[-3.0566,43.0579],[-3.0607,43.0583],[-3.0658,43.0556],[-3.0665,43.0503],[-3.0684,43.0495],[-3.0726,43.0518],[-3.0741,43.0521]]],[[[-3.0476,43.0625],[-3.0468,43.0574],[-3.0435,43.0557],[-3.0376,43.0597],[-3.031,43.0659],[-3.0399,43.0672],[-3.0449,43.0653],[-3.0476,43.0625]]],[[[-3.0738,43.0676],[-3.0766,43.0695],[-3.0797,43.0664],[-3.0755,43.0637],[-3.0692,43.0646],[-3.0654,43.0679],[-3.0615,43.075],[-3.0555,43.0782],[-3.0555,43.0828],[-3.0591,43.0831],[-3.0621,43.0823],[-3.0644,43.0803],[-3.0713,43.077],[-3.0709,43.0737],[-3.068,43.0703],[-3.0738,43.0676]]],[[[-3.0442,43.0698],[-3.0387,43.0725],[-3.0408,43.075],[-3.0468,43.0748],[-3.045,43.0784],[-3.0517,43.0835],[-3.0535,43.0801],[-3.051,43.0705],[-3.0442,43.0698]]],[[[-3.0726,43.0794],[-3.072,43.0776],[-3.0639,43.0807],[-3.0621,43.0823],[-3.0591,43.0831],[-3.0574,43.0849],[-3.0628,43.0865],[-3.0681,43.0813],[-3.0726,43.0794]]],[[[-3.0681,43.0813],[-3.0645,43.0861],[-3.0672,43.0869],[-3.0656,43.0917],[-3.0708,43.0946],[-3.0739,43.088],[-3.0719,43.0833],[-3.0681,43.0813]]],[[[-3.079,43.1018],[-3.0748,43.0985],[-3.0707,43.0978],[-3.07,43.0945],[-3.0655,43.0918],[-3.0626,43.0979],[-3.0573,43.0981],[-3.0545,43.0951],[-3.0466,43.1024],[-3.0509,43.1037],[-3.0528,43.1045],[-3.0545,43.1072],[-3.0575,43.1086],[-3.0649,43.1077],[-3.0682,43.1034],[-3.079,43.1018]]],[[[-3.0524,43.0956],[-3.0484,43.0943],[-3.0416,43.0964],[-3.0391,43.0986],[-3.0396,43.1034],[-3.0376,43.1065],[-3.0406,43.1113],[-3.044,43.1086],[-3.0456,43.1025],[-3.0443,43.1009],[-3.0514,43.0975],[-3.0524,43.0956]]],[[[-3.0522,43.1046],[-3.0497,43.1038],[-3.0456,43.1052],[-3.0472,43.1061],[-3.0498,43.1087],[-3.0515,43.1091],[-3.0522,43.1096],[-3.0531,43.1064],[-3.0522,43.1046]]],[[[-3.0517,43.1102],[-3.0514,43.1091],[-3.0498,43.1087],[-3.0472,43.1061],[-3.0462,43.1081],[-3.0444,43.1085],[-3.042,43.1119],[-3.0458,43.1126],[-3.0517,43.1102]]],[[[-3.0677,43.1817],[-3.066,43.1819],[-3.0545,43.1884],[-3.0564,43.1897],[-3.0616,43.1907],[-3.0655,43.1866],[-3.0716,43.1853],[-3.0769,43.1857],[-3.0761,43.1819],[-3.071,43.1804],[-3.0677,43.1817]]],[[[-3.0429,43.1951],[-3.0466,43.1932],[-3.0456,43.1863],[-3.0376,43.1818],[-3.0383,43.1789],[-3.0352,43.1778],[-3.0304,43.1786],[-3.0273,43.175],[-3.0231,43.1768],[-3.0256,43.1813],[-3.0345,43.1848],[-3.0344,43.1899],[-3.0387,43.1924],[-3.0362,43.195],[-3.0388,43.2049],[-3.0433,43.2064],[-3.0446,43.2005],[-3.041,43.1995],[-3.0429,43.1951]]],[[[-3.0562,43.1916],[-3.05,43.1933],[-3.0505,43.1981],[-3.06,43.1966],[-3.0562,43.1916]]],[[[-3.0571,43.2843],[-3.0532,43.2841],[-3.0557,43.2817],[-3.0519,43.2817],[-3.0505,43.2797],[-3.0485,43.2811],[-3.0386,43.2752],[-3.0353,43.2783],[-3.0407,43.2814],[-3.0418,43.2837],[-3.0374,43.2876],[-3.0385,43.2908],[-3.0445,43.2964],[-3.0488,43.2926],[-3.0483,43.2873],[-3.0486,43.2871],[-3.0497,43.2871],[-3.0518,43.2867],[-3.0564,43.2857],[-3.0578,43.285],[-3.0633,43.2854],[-3.0624,43.2818],[-3.0585,43.279],[-3.0532,43.2788],[-3.0505,43.2797],[-3.0519,43.2817],[-3.0557,43.2816],[-3.0551,43.2832],[-3.0571,43.2843]]],[[[-3.0595,43.2895],[-3.0547,43.2861],[-3.0528,43.288],[-3.0569,43.2904],[-3.0595,43.2895]]],[[[-3.0499,43.2973],[-3.0532,43.2982],[-3.0588,43.2951],[-3.0591,43.2921],[-3.0528,43.2882],[-3.0527,43.2866],[-3.0497,43.2871],[-3.0488,43.2871],[-3.0485,43.2881],[-3.0499,43.2917],[-3.0492,43.2936],[-3.0515,43.2953],[-3.0499,43.2973]]],[[[-3.0473,43.3013],[-3.0531,43.3066],[-3.0615,43.3103],[-3.0674,43.3085],[-3.0555,43.3026],[-3.0473,43.3013]]],[[[-3.0695,43.3087],[-3.0724,43.3113],[-3.0763,43.3083],[-3.0706,43.305],[-3.0695,43.3087]]],[[[-3.0448,43.3081],[-3.0426,43.3087],[-3.043,43.3136],[-3.0496,43.316],[-3.0588,43.3175],[-3.0551,43.3133],[-3.0497,43.3115],[-3.0448,43.3081]]],[[[-3.0567,43.3227],[-3.065,43.3259],[-3.0679,43.322],[-3.0636,43.3195],[-3.0582,43.3191],[-3.0567,43.3227]]],[[[-3.0627,43.3283],[-3.0563,43.3236],[-3.0548,43.3283],[-3.0583,43.3319],[-3.0645,43.3334],[-3.0689,43.3327],[-3.0679,43.33],[-3.0627,43.3283]]],[[[-3.0549,43.333],[-3.045,43.3314],[-3.054,43.326],[-3.0519,43.3227],[-3.0469,43.3251],[-3.0418,43.3307],[-3.0426,43.333],[-3.0472,43.3339],[-3.0566,43.3395],[-3.057,43.3359],[-3.0549,43.333]]],[[[-3.0451,42.7483],[-3.0401,42.7385],[-3.0339,42.737],[-3.0225,42.74],[-3.0233,42.742],[-3.0291,42.7435],[-3.0306,42.7464],[-3.0358,42.7473],[-3.0371,42.748],[-3.0405,42.7511],[-3.041,42.7506],[-3.0451,42.7483]]],[[[-3.0256,42.7453],[-3.0173,42.7469],[-3.0198,42.7503],[-3.0228,42.7512],[-3.0251,42.7499],[-3.0265,42.7473],[-3.0256,42.7453]]],[[[-3.0352,42.7532],[-3.038,42.7556],[-3.0443,42.7545],[-3.0369,42.7479],[-3.035,42.7472],[-3.03,42.7463],[-3.0264,42.7464],[-3.0265,42.7473],[-3.0251,42.7499],[-3.0252,42.7517],[-3.0345,42.751],[-3.0352,42.7532]]],[[[-3.0207,42.7709],[-3.0234,42.7721],[-3.0238,42.7723],[-3.0248,42.7745],[-3.0295,42.7777],[-3.0319,42.7726],[-3.0299,42.7705],[-3.0249,42.7695],[-3.0207,42.7709]]],[[[-3.0313,42.7789],[-3.0255,42.7759],[-3.0237,42.7723],[-3.0194,42.7724],[-3.0178,42.7761],[-3.024,42.7811],[-3.0313,42.7789]]],[[[-3.0321,42.8025],[-3.0255,42.7999],[-3.0245,42.8041],[-3.0321,42.8025]]],[[[-3.0191,42.8052],[-3.0173,42.8124],[-3.0229,42.8087],[-3.0242,42.8051],[-3.0191,42.8052]]],[[[-3.0329,42.8048],[-3.027,42.8048],[-3.0264,42.8099],[-3.0222,42.8108],[-3.0202,42.8148],[-3.0254,42.8158],[-3.0314,42.8124],[-3.0332,42.8093],[-3.0329,42.8048]]],[[[-3.0418,42.8213],[-3.0486,42.8215],[-3.0469,42.8163],[-3.0382,42.8195],[-3.0338,42.8248],[-3.0293,42.8233],[-3.0253,42.8282],[-3.0265,42.8338],[-3.0306,42.8338],[-3.0349,42.8301],[-3.0354,42.827],[-3.0392,42.8253],[-3.0403,42.8216],[-3.0418,42.8213]]],[[[-3.0156,42.8243],[-3.0093,42.827],[-3.0057,42.8327],[-3.0124,42.8317],[-3.0159,42.8273],[-3.0156,42.8243]]],[[[-3.0106,42.8487],[-3.0145,42.8522],[-3.0221,42.8549],[-3.0213,42.8518],[-3.0159,42.849],[-3.0106,42.8487]]],[[[-3.0092,42.9551],[-3.0083,42.9521],[-3.004,42.9533],[-3.005,42.9554],[-3.0057,42.9606],[-3.0098,42.9604],[-3.0092,42.9551]]],[[[-3.0195,42.9548],[-3.0167,42.9531],[-3.0096,42.9527],[-3.0098,42.9604],[-3.0077,42.9617],[-3.0036,42.9635],[-3.0025,42.9643],[-3.001,42.9684],[-3.0022,42.9695],[-3.0038,42.9701],[-3.0041,42.9703],[-3.0063,42.9699],[-3.0097,42.9733],[-3.0167,42.9765],[-3.0191,42.9751],[-3.0172,42.9736],[-3.0173,42.9731],[-3.0202,42.9725],[-3.0181,42.9701],[-3.0168,42.9692],[-3.017,42.9689],[-3.0199,42.9684],[-3.0214,42.9692],[-3.0257,42.9671],[-3.0251,42.9656],[-3.0192,42.9626],[-3.0177,42.9603],[-3.0202,42.9573],[-3.0195,42.9548]]],[[[-3.0375,42.9991],[-3.0323,42.9957],[-3.0302,42.9982],[-3.0311,43.0022],[-3.036,43.0062],[-3.0387,43.0053],[-3.0398,43.0002],[-3.0375,42.9991]]],[[[-3.0079,43.0133],[-3.0147,43.0165],[-3.0231,43.0143],[-3.0265,43.0166],[-3.0349,43.0131],[-3.0413,43.0124],[-3.0358,43.0069],[-3.0248,43.0081],[-3.0215,43.0056],[-3.0141,43.006],[-3.0106,43.0026],[-3.0181,42.9997],[-3.0168,42.9947],[-3.0105,42.9984],[-3.0103,43.0035],[-3.0085,43.0072],[-3.0106,43.0127],[-3.0079,43.0133]]],[[[-3.0377,43.0133],[-3.0297,43.0161],[-3.0311,43.0185],[-3.035,43.0185],[-3.0365,43.0191],[-3.037,43.018],[-3.0375,43.0177],[-3.0381,43.0177],[-3.0385,43.0175],[-3.0372,43.0156],[-3.0377,43.0133]]],[[[-3.0215,43.036],[-3.0251,43.0379],[-3.0297,43.0378],[-3.0347,43.036],[-3.0374,43.0326],[-3.0332,43.0274],[-3.0267,43.0269],[-3.0215,43.0301],[-3.0215,43.036]]],[[[-3.029,43.0406],[-3.0237,43.0377],[-3.0179,43.0379],[-3.0146,43.04],[-3.0104,43.0402],[-3.0062,43.0375],[-3.0047,43.0407],[-3.0046,43.0476],[-3.0069,43.054],[-3.0105,43.0551],[-3.014,43.0484],[-3.0196,43.0496],[-3.0266,43.047],[-3.0291,43.0443],[-3.029,43.0406]]],[[[-3.0407,43.056],[-3.0363,43.0559],[-3.029,43.0608],[-3.0329,43.0622],[-3.0373,43.0572],[-3.0407,43.056]]],[[[-3.0062,43.0649],[-3.0096,43.063],[-3.0129,43.0602],[-3.0107,43.062],[-3.0096,43.063],[-3.0086,43.0635],[-3.0084,43.0641],[-3.0117,43.0683],[-3.0149,43.0684],[-3.0159,43.0704],[-3.0184,43.0692],[-3.0218,43.0662],[-3.0151,43.0632],[-3.0137,43.0602],[-3.0112,43.0583],[-3.0132,43.0564],[-3.0066,43.0542],[-3.0011,43.0601],[-2.997,43.0613],[-2.9987,43.0659],[-3.0062,43.0649]]],[[[-3.0062,43.0649],[-3.0036,43.0663],[-3.0093,43.0731],[-3.0143,43.0758],[-3.0176,43.0731],[-3.0156,43.0704],[-3.014,43.0694],[-3.0121,43.0686],[-3.0111,43.0678],[-3.0104,43.0667],[-3.0099,43.0661],[-3.0089,43.0649],[-3.0084,43.0643],[-3.0081,43.0638],[-3.0062,43.0649]]],[[[-3.0274,43.0694],[-3.0182,43.0762],[-3.0172,43.0787],[-3.0233,43.079],[-3.0267,43.0766],[-3.0346,43.075],[-3.0361,43.0713],[-3.0317,43.0714],[-3.0274,43.0694]]],[[[-3.0498,43.0886],[-3.0518,43.0843],[-3.0387,43.0761],[-3.0312,43.0763],[-3.0219,43.0806],[-3.0174,43.0806],[-3.0156,43.0831],[-3.0202,43.085],[-3.0287,43.0831],[-3.0313,43.079],[-3.0355,43.0798],[-3.0391,43.0842],[-3.0473,43.0858],[-3.0498,43.0886]]],[[[-3.0097,43.094],[-3.0084,43.0893],[-3.0045,43.0877],[-3.0046,43.0951],[-3.0097,43.094]]],[[[-3.013,43.1154],[-3.0072,43.1135],[-3.0026,43.1147],[-3,43.1171],[-2.9994,43.1207],[-3.0051,43.1245],[-3.0095,43.1246],[-3.0139,43.1225],[-3.0155,43.1179],[-3.013,43.1154]]],[[[-3.0327,43.1465],[-3.0294,43.1441],[-3.0223,43.1475],[-3.0204,43.1515],[-3.0238,43.153],[-3.0327,43.1465]]],[[[-3.0392,43.1528],[-3.0383,43.1474],[-3.0355,43.1444],[-3.0311,43.1517],[-3.028,43.1542],[-3.0357,43.1571],[-3.0392,43.1528]]],[[[-3.0179,43.1592],[-3.0224,43.1597],[-3.0227,43.153],[-3.0182,43.1541],[-3.0179,43.1592]]],[[[-3.0351,43.1573],[-3.0299,43.1556],[-3.0273,43.1566],[-3.0257,43.1644],[-3.0316,43.1634],[-3.0351,43.1573]]],[[[-3.0121,43.1681],[-3.0161,43.1659],[-3.017,43.1632],[-3.0137,43.1617],[-3.0086,43.1642],[-3,43.1655],[-2.9992,43.1708],[-2.9965,43.1733],[-3.0022,43.1757],[-3.0027,43.1692],[-3.0121,43.1681]]],[[[-3.0002,43.1976],[-2.9879,43.2008],[-2.9802,43.2012],[-2.973,43.1859],[-2.9657,43.18],[-2.9656,43.178],[-2.9656,43.1777],[-2.9651,43.1775],[-2.9645,43.1767],[-2.9604,43.1745],[-2.9566,43.174],[-2.9548,43.1719],[-2.9483,43.1701],[-2.9458,43.1699],[-2.9452,43.1718],[-2.9438,43.1733],[-2.9415,43.175],[-2.9402,43.1757],[-2.939,43.176],[-2.9355,43.1764],[-2.9329,43.1764],[-2.9304,43.1731],[-2.9258,43.1712],[-2.9189,43.1765],[-2.9225,43.1767],[-2.9257,43.1782],[-2.9329,43.1764],[-2.9355,43.1764],[-2.9383,43.1761],[-2.9402,43.1757],[-2.9416,43.1751],[-2.9439,43.1734],[-2.9453,43.1718],[-2.9456,43.1708],[-2.9503,43.1717],[-2.9548,43.172],[-2.9566,43.174],[-2.9604,43.1746],[-2.9645,43.1768],[-2.9651,43.1775],[-2.9656,43.1778],[-2.9649,43.1789],[-2.9657,43.18],[-2.973,43.1859],[-2.9801,43.2012],[-2.9879,43.2009],[-3.0002,43.1976]]],[[[-3.0248,43.2152],[-3.0198,43.2189],[-3.015,43.2207],[-3.0068,43.2318],[-2.9988,43.2344],[-3.0008,43.2373],[-3.0121,43.2325],[-3.0163,43.2267],[-3.0232,43.2208],[-3.0248,43.2152]]],[[[-3.0331,43.2208],[-3.0277,43.2192],[-3.0251,43.2235],[-3.0254,43.224],[-3.0261,43.2243],[-3.0264,43.2245],[-3.0263,43.2248],[-3.0274,43.2262],[-3.0282,43.2275],[-3.0307,43.2263],[-3.0331,43.2208]]],[[[-3.0406,43.2389],[-3.0346,43.2409],[-3.0368,43.245],[-3.0406,43.2389]]],[[[-3.0271,43.2574],[-3.0221,43.258],[-3.0225,43.2617],[-3.0268,43.2634],[-3.0289,43.2603],[-3.0271,43.2574]]],[[[-3.027,43.2655],[-3.0207,43.2631],[-3.0185,43.2652],[-3.0127,43.264],[-3.0085,43.2664],[-3.0097,43.2688],[-3.0184,43.2701],[-3.0232,43.2693],[-3.027,43.2655]]],[[[-3.011,43.2864],[-3.0165,43.2903],[-3.024,43.2886],[-3.021,43.2855],[-3.017,43.2849],[-3.011,43.2864]]],[[[-3.0422,43.2991],[-3.0415,43.2976],[-3.0341,43.2949],[-3.0283,43.296],[-3.029,43.2988],[-3.0348,43.2997],[-3.0381,43.3021],[-3.0422,43.2991]]],[[[-3.0339,43.3738],[-3.0331,43.3716],[-3.0258,43.3701],[-3.0214,43.3769],[-3.0289,43.3772],[-3.0339,43.3738]]],[[[-2.9917,42.7441],[-2.9893,42.739],[-2.9858,42.7383],[-2.9853,42.7439],[-2.9824,42.7449],[-2.9813,42.7462],[-2.9836,42.7466],[-2.9839,42.7466],[-2.9842,42.7467],[-2.9843,42.747],[-2.9839,42.7477],[-2.9822,42.748],[-2.9791,42.7496],[-2.9837,42.7498],[-2.9891,42.7475],[-2.9917,42.7441]]],[[[-2.989,42.7543],[-2.9984,42.7522],[-3.0023,42.7481],[-2.9979,42.7463],[-2.9945,42.7467],[-2.9898,42.7508],[-2.989,42.7543]]],[[[-2.9966,42.7599],[-2.9995,42.7584],[-2.9995,42.7534],[-2.989,42.7548],[-2.9851,42.7578],[-2.9882,42.7603],[-2.9907,42.7577],[-2.9966,42.7599]]],[[[-2.9697,42.7836],[-2.9706,42.7869],[-2.9707,42.7894],[-2.9707,42.7897],[-2.9706,42.7899],[-2.9695,42.7935],[-2.9657,42.7952],[-2.966,42.7954],[-2.9662,42.7956],[-2.9668,42.7969],[-2.9656,42.7983],[-2.9677,42.7986],[-2.9679,42.7982],[-2.9679,42.7979],[-2.9683,42.7978],[-2.9708,42.7975],[-2.9712,42.7975],[-2.9766,42.8007],[-2.9853,42.8003],[-2.992,42.8032],[-2.9995,42.7979],[-3.0041,42.7926],[-3.0037,42.7864],[-3.009,42.7863],[-3.0127,42.7831],[-3.0109,42.7775],[-3.005,42.7755],[-3.0001,42.777],[-2.9948,42.7735],[-2.9893,42.7768],[-2.9697,42.7836]]],[[[-2.9869,42.8053],[-2.9907,42.8087],[-2.9956,42.8061],[-2.9959,42.804],[-2.9883,42.8041],[-2.9869,42.8053]]],[[[-3.0026,42.8322],[-3.0057,42.8294],[-3.0085,42.824],[-3.0029,42.8232],[-3.0004,42.8271],[-3.0026,42.8322]]],[[[-2.9993,42.8408],[-2.9895,42.8414],[-2.9872,42.8456],[-2.9939,42.8445],[-2.9993,42.8408]]],[[[-3.0048,42.9552],[-3.0037,42.9531],[-3.0007,42.9535],[-2.9944,42.9519],[-2.9903,42.9466],[-2.9849,42.9442],[-2.9815,42.9412],[-2.979,42.946],[-2.9834,42.9519],[-2.9837,42.9532],[-2.9827,42.9536],[-2.9836,42.9548],[-2.9842,42.9551],[-2.9845,42.9551],[-2.9847,42.9553],[-2.9848,42.9554],[-2.9848,42.9558],[-2.9838,42.9569],[-2.9842,42.958],[-2.9842,42.9585],[-2.9843,42.9588],[-2.9843,42.9589],[-2.9843,42.959],[-2.9842,42.9591],[-2.9841,42.9592],[-2.9839,42.9593],[-2.9843,42.9599],[-2.9843,42.9642],[-2.9874,42.967],[-2.9969,42.9693],[-3.001,42.9686],[-3.0019,42.9693],[-3.0022,42.9695],[-3.0026,42.9697],[-3.0039,42.9705],[-3.0038,42.9702],[-3.0033,42.97],[-3.0029,42.9698],[-3.0022,42.9695],[-3.0018,42.9692],[-3.001,42.9684],[-3.0011,42.9676],[-3.0019,42.9656],[-3.0021,42.9648],[-3.0025,42.9642],[-3.0057,42.9606],[-3.0048,42.9552]]],[[[-2.9971,42.9756],[-2.9942,42.9729],[-2.987,42.9749],[-2.9902,42.9767],[-2.9971,42.9756]]],[[[-2.9893,42.9832],[-2.9891,42.9815],[-2.983,42.9805],[-2.9829,42.9843],[-2.9861,42.986],[-2.9893,42.9832]]],[[[-3.0048,42.9955],[-3.0047,43.0058],[-3.0071,43.0046],[-3.0073,42.9986],[-3.0048,42.9955]]],[[[-2.9977,43.0149],[-2.9927,43.0162],[-2.9893,43.0206],[-2.9904,43.0256],[-2.9937,43.0273],[-2.9948,43.0264],[-2.9953,43.0245],[-2.9951,43.0209],[-3.0003,43.0155],[-2.9977,43.0149]]],[[[-3.0033,43.0228],[-3.004,43.019],[-2.9967,43.0217],[-2.9983,43.0241],[-3.0023,43.0242],[-3.0033,43.0228]]],[[[-3.0019,43.0246],[-2.9983,43.0242],[-2.9955,43.023],[-2.9956,43.0239],[-2.995,43.0265],[-2.9984,43.0271],[-3.0019,43.0246]]],[[[-2.9992,43.0439],[-2.9948,43.0417],[-2.9899,43.0435],[-2.991,43.046],[-2.9992,43.0439]]],[[[-2.9871,43.05],[-2.9916,43.0476],[-2.9877,43.0457],[-2.9871,43.05]]],[[[-2.9933,43.0513],[-2.9903,43.0535],[-2.9898,43.0574],[-2.9935,43.0579],[-2.9946,43.053],[-2.9933,43.0513]]],[[[-2.9909,43.0637],[-2.9852,43.066],[-2.9834,43.0714],[-2.9853,43.0706],[-2.986,43.0698],[-2.9871,43.0689],[-2.9901,43.0673],[-2.9909,43.0637]]],[[[-2.9946,43.0652],[-2.9917,43.0671],[-2.9901,43.0673],[-2.9871,43.0689],[-2.986,43.0698],[-2.9854,43.0706],[-2.9843,43.0714],[-2.9841,43.0727],[-2.9872,43.075],[-2.9921,43.0752],[-2.9927,43.0718],[-2.9958,43.0684],[-2.9946,43.0652]]],[[[-2.9907,43.0988],[-2.994,43.1013],[-2.9964,43.097],[-3.0025,43.0903],[-3.0004,43.0876],[-2.9963,43.0897],[-2.9926,43.0945],[-2.9907,43.0988]]],[[[-2.9991,43.1102],[-3.0027,43.1083],[-3.0051,43.1014],[-3.0096,43.0951],[-3.0042,43.0954],[-3.0012,43.0988],[-2.9958,43.1091],[-2.9991,43.1102]]],[[[-2.9845,43.1212],[-2.981,43.1276],[-2.978,43.1301],[-2.9832,43.1326],[-2.9896,43.1263],[-2.9908,43.1185],[-2.9855,43.1156],[-2.9845,43.1212]]],[[[-2.9957,43.1492],[-3.001,43.1484],[-3.0018,43.1486],[-3.0016,43.1491],[-3.0011,43.1496],[-3.0014,43.1505],[-3.0035,43.1501],[-3.0087,43.1441],[-3.0088,43.1418],[-3.005,43.1375],[-2.9963,43.1368],[-2.9906,43.1418],[-2.9908,43.1483],[-2.9926,43.148],[-2.9957,43.1492]]],[[[-2.9881,43.1503],[-2.9893,43.1546],[-2.9818,43.1528],[-2.9758,43.1478],[-2.9744,43.1488],[-2.9806,43.1584],[-2.9845,43.158],[-2.9922,43.1602],[-2.9965,43.1582],[-2.9981,43.1552],[-2.9973,43.1515],[-3.0014,43.1509],[-3.001,43.15],[-3.0011,43.1496],[-3.0016,43.1491],[-3.0017,43.1486],[-3.0009,43.1485],[-2.9993,43.149],[-2.9961,43.1495],[-2.9924,43.1483],[-2.9924,43.1499],[-2.9881,43.1503]]],[[[-2.9936,43.1653],[-2.9982,43.1689],[-2.9997,43.1656],[-3.0052,43.1629],[-3.0096,43.1627],[-3.0119,43.1604],[-3.0045,43.1589],[-2.9979,43.1608],[-2.9936,43.1653]]],[[[-2.9957,43.1758],[-2.9914,43.1755],[-2.9907,43.1799],[-2.9981,43.1788],[-2.9957,43.1758]]],[[[-3.0008,43.2373],[-2.9924,43.2368],[-2.9868,43.2346],[-2.988,43.2405],[-2.9949,43.24],[-3.0008,43.2373]]],[[[-2.9866,43.235],[-2.9815,43.2358],[-2.9843,43.2396],[-2.9876,43.2394],[-2.9866,43.235]]],[[[-3.0248,43.2357],[-3.0235,43.2293],[-3.0282,43.2275],[-3.0274,43.2262],[-3.0263,43.2248],[-3.0261,43.2243],[-3.0253,43.2241],[-3.0249,43.2241],[-3.0243,43.2242],[-3.0216,43.2255],[-3.0178,43.2263],[-3.0166,43.2299],[-3.0173,43.2353],[-3.0144,43.2369],[-3.0049,43.2378],[-2.9997,43.24],[-2.9939,43.2447],[-2.9915,43.2483],[-2.982,43.2493],[-2.9889,43.255],[-2.9939,43.2559],[-2.999,43.2548],[-3.0019,43.2565],[-3.012,43.2583],[-3.0053,43.2623],[-3.0077,43.2657],[-3.0136,43.2626],[-3.0173,43.2637],[-3.0213,43.2598],[-3.0197,43.2562],[-3.0201,43.2471],[-3.0185,43.244],[-3.0136,43.2406],[-3.0185,43.2375],[-3.0248,43.2357]]],[[[-2.9997,43.2671],[-2.993,43.2655],[-2.9882,43.27],[-2.9824,43.2683],[-2.9807,43.2618],[-2.9828,43.2593],[-2.9768,43.2567],[-2.9722,43.2587],[-2.9764,43.2627],[-2.9756,43.2663],[-2.9781,43.2733],[-2.9876,43.2736],[-2.9901,43.2772],[-2.9948,43.27],[-2.9997,43.2671]]],[[[-3.0018,43.2689],[-2.9961,43.2697],[-2.9936,43.2786],[-2.9971,43.2821],[-3.0043,43.2844],[-3.004,43.2809],[-3.0013,43.2782],[-3.0018,43.2689]]],[[[-2.9973,43.3219],[-2.9944,43.3196],[-2.9911,43.3222],[-2.9959,43.325],[-2.9973,43.3219]]],[[[-2.9873,43.3596],[-2.9839,43.361],[-2.9832,43.3644],[-2.9878,43.3649],[-2.9901,43.3613],[-2.9873,43.3596]]],[[[-3.0013,43.3735],[-2.9969,43.3753],[-2.9985,43.3787],[-3.0038,43.3768],[-3.0013,43.3735]]],[[[-2.955,43.404],[-2.9469,43.4088],[-2.9599,43.4128],[-2.9634,43.4145],[-2.9697,43.4128],[-2.9719,43.4073],[-2.9763,43.4025],[-2.9857,43.3984],[-2.9851,43.3959],[-2.9894,43.3939],[-2.995,43.3878],[-2.9886,43.3912],[-2.9821,43.3882],[-2.9811,43.389],[-2.9796,43.3896],[-2.9789,43.3902],[-2.9784,43.3917],[-2.9824,43.3943],[-2.9819,43.3955],[-2.978,43.393],[-2.9776,43.3942],[-2.9761,43.3952],[-2.9728,43.3965],[-2.9734,43.3984],[-2.9724,43.4008],[-2.9683,43.4072],[-2.9637,43.4092],[-2.9584,43.4035],[-2.955,43.404]]],[[[-2.9985,43.3833],[-2.996,43.3809],[-2.9914,43.3838],[-2.9952,43.3864],[-2.9985,43.3833]]],[[[-2.9856,42.7079],[-2.9804,42.7039],[-2.9771,42.7068],[-2.9822,42.7147],[-2.9867,42.7096],[-2.9856,42.7079]]],[[[-2.9744,42.7116],[-2.9651,42.7097],[-2.9614,42.7107],[-2.9585,42.715],[-2.9682,42.7167],[-2.972,42.7158],[-2.9761,42.7156],[-2.9797,42.7137],[-2.9744,42.7116]]],[[[-2.9644,42.7231],[-2.9661,42.7178],[-2.9584,42.7151],[-2.959,42.721],[-2.9644,42.7231]]],[[[-2.9811,42.7165],[-2.9718,42.7159],[-2.9694,42.7177],[-2.9662,42.7178],[-2.9652,42.723],[-2.9764,42.7218],[-2.9815,42.7191],[-2.9824,42.7167],[-2.9811,42.7165]]],[[[-2.9562,42.732],[-2.9517,42.7341],[-2.9552,42.7378],[-2.9581,42.7344],[-2.9644,42.7312],[-2.9651,42.7285],[-2.9581,42.7298],[-2.9562,42.732]]],[[[-2.9705,42.7351],[-2.9703,42.7306],[-2.9652,42.7303],[-2.9637,42.7328],[-2.9652,42.7382],[-2.9705,42.7351]]],[[[-2.9651,42.7403],[-2.9641,42.7358],[-2.9582,42.7344],[-2.9562,42.737],[-2.9614,42.7402],[-2.9651,42.7403]]],[[[-2.9815,42.745],[-2.9841,42.7411],[-2.9816,42.7373],[-2.9763,42.7395],[-2.9751,42.7416],[-2.9762,42.7475],[-2.979,42.7496],[-2.9821,42.7479],[-2.9839,42.7476],[-2.9842,42.747],[-2.9842,42.7467],[-2.9839,42.7466],[-2.9829,42.7467],[-2.9817,42.7467],[-2.9812,42.7462],[-2.9815,42.745]]],[[[-2.9687,42.7465],[-2.9653,42.7452],[-2.96,42.7519],[-2.9605,42.7566],[-2.966,42.7572],[-2.9656,42.7539],[-2.9657,42.7536],[-2.966,42.753],[-2.9663,42.7522],[-2.9668,42.7508],[-2.9674,42.7503],[-2.9667,42.7474],[-2.9687,42.7465]]],[[[-2.9703,42.749],[-2.9676,42.7484],[-2.9674,42.7503],[-2.9668,42.7508],[-2.9664,42.7522],[-2.966,42.753],[-2.9657,42.7535],[-2.9662,42.7533],[-2.9665,42.7528],[-2.9669,42.7532],[-2.9716,42.753],[-2.9741,42.7518],[-2.9703,42.749]]],[[[-2.9712,42.7612],[-2.9763,42.7572],[-2.9733,42.7525],[-2.9715,42.753],[-2.9684,42.7533],[-2.9697,42.7562],[-2.9662,42.7606],[-2.9712,42.7612]]],[[[-2.9819,42.7793],[-2.9894,42.7767],[-2.9949,42.7727],[-2.9828,42.772],[-2.9782,42.7737],[-2.9733,42.7732],[-2.9713,42.7757],[-2.9619,42.7756],[-2.9549,42.7808],[-2.939,42.785],[-2.9336,42.7892],[-2.9342,42.7955],[-2.9412,42.7924],[-2.9509,42.7935],[-2.9549,42.793],[-2.9667,42.7969],[-2.9663,42.7958],[-2.9658,42.7953],[-2.9656,42.7952],[-2.9632,42.7946],[-2.9658,42.7929],[-2.968,42.7928],[-2.9692,42.7913],[-2.9706,42.7899],[-2.9707,42.7897],[-2.9706,42.7882],[-2.9706,42.7869],[-2.9687,42.7842],[-2.9703,42.7825],[-2.9819,42.7793]]],[[[-2.9838,42.8037],[-2.9824,42.8005],[-2.9766,42.8008],[-2.9711,42.7976],[-2.9708,42.7976],[-2.9682,42.7978],[-2.9681,42.7981],[-2.9685,42.7985],[-2.9683,42.7988],[-2.9647,42.7983],[-2.9614,42.7956],[-2.9548,42.7931],[-2.9509,42.7936],[-2.9442,42.7933],[-2.9343,42.7955],[-2.9376,42.7978],[-2.9429,42.798],[-2.9438,42.8012],[-2.9523,42.803],[-2.9615,42.8032],[-2.9684,42.8052],[-2.9749,42.8053],[-2.981,42.8079],[-2.9838,42.8037]]],[[[-2.9568,42.8071],[-2.9563,42.8114],[-2.961,42.8106],[-2.9631,42.8063],[-2.9568,42.8071]]],[[[-2.9682,42.8123],[-2.9622,42.8124],[-2.9634,42.8146],[-2.9636,42.816],[-2.9644,42.8168],[-2.9682,42.8123]]],[[[-2.962,42.8169],[-2.9633,42.8146],[-2.9622,42.8128],[-2.96,42.8116],[-2.955,42.8117],[-2.9536,42.8137],[-2.9565,42.8165],[-2.962,42.8169]]],[[[-2.9526,42.88],[-2.9498,42.8833],[-2.9511,42.8856],[-2.9556,42.8874],[-2.9634,42.8882],[-2.9644,42.8933],[-2.9676,42.8918],[-2.9658,42.888],[-2.9651,42.8838],[-2.9576,42.8805],[-2.9526,42.88]]],[[[-2.9841,42.8951],[-2.9836,42.8945],[-2.9831,42.8927],[-2.9835,42.8923],[-2.9818,42.8893],[-2.9736,42.8872],[-2.9728,42.885],[-2.9671,42.8833],[-2.9658,42.888],[-2.9676,42.8918],[-2.9671,42.8952],[-2.9696,42.8958],[-2.9757,42.8944],[-2.9793,42.8966],[-2.984,42.8968],[-2.9841,42.8951]]],[[[-2.9607,42.8936],[-2.9574,42.891],[-2.9531,42.8933],[-2.9566,42.8976],[-2.9607,42.8936]]],[[[-2.9535,42.9818],[-2.9544,42.9894],[-2.9585,42.99],[-2.9623,42.9927],[-2.9703,42.9892],[-2.9737,42.9885],[-2.9743,42.9889],[-2.9748,42.9898],[-2.9817,42.9894],[-2.9782,42.9846],[-2.9832,42.9704],[-2.987,42.9668],[-2.9843,42.9642],[-2.984,42.9619],[-2.9843,42.9599],[-2.9839,42.9593],[-2.9841,42.9592],[-2.9842,42.9591],[-2.9843,42.9589],[-2.9842,42.9585],[-2.9842,42.958],[-2.9838,42.9569],[-2.9847,42.9558],[-2.9848,42.9554],[-2.9845,42.9551],[-2.9842,42.9551],[-2.9835,42.9549],[-2.9826,42.954],[-2.9827,42.9535],[-2.9837,42.9532],[-2.9834,42.9519],[-2.9826,42.9516],[-2.9811,42.9489],[-2.979,42.946],[-2.9792,42.9427],[-2.9851,42.9356],[-2.9915,42.9346],[-2.9978,42.9263],[-3.0029,42.9279],[-3.0055,42.9267],[-3.0146,42.9189],[-3.0165,42.9148],[-3.0163,42.9106],[-3.0224,42.9074],[-3.0572,42.9024],[-3.0626,42.9021],[-3.062,42.8823],[-3.0595,42.8802],[-3.062,42.877],[-3.0541,42.872],[-3.0494,42.8704],[-3.0454,42.8641],[-3.043,42.863],[-3.0415,42.8621],[-3.0394,42.8613],[-3.0334,42.8561],[-3.0284,42.858],[-3.021,42.8572],[-3.0221,42.8549],[-3.0143,42.8522],[-3.0079,42.8481],[-2.9977,42.8462],[-2.9889,42.8475],[-2.9805,42.847],[-2.9743,42.8479],[-2.9693,42.8474],[-2.9587,42.844],[-2.9544,42.8412],[-2.9361,42.8349],[-2.9252,42.8305],[-2.9227,42.8309],[-2.9123,42.8289],[-2.9046,42.8266],[-2.8972,42.8264],[-2.8942,42.8323],[-2.8944,42.8463],[-2.8972,42.8499],[-2.8967,42.8595],[-2.8985,42.8625],[-2.895,42.8652],[-2.8964,42.8684],[-2.9019,42.8681],[-2.9086,42.8643],[-2.9145,42.8626],[-2.9279,42.8661],[-2.9395,42.8701],[-2.9396,42.8753],[-2.9434,42.8774],[-2.9503,42.8789],[-2.9564,42.8791],[-2.961,42.8818],[-2.9709,42.8832],[-2.9819,42.8893],[-2.9836,42.8923],[-2.9832,42.8927],[-2.9836,42.8945],[-2.9842,42.8953],[-2.9841,42.8972],[-2.9871,42.8995],[-2.9832,42.9009],[-2.9793,42.8996],[-2.9736,42.8999],[-2.9716,42.9019],[-2.9657,42.9035],[-2.9575,42.9029],[-2.9518,42.9097],[-2.941,42.9102],[-2.931,42.9132],[-2.9222,42.9184],[-2.9203,42.9243],[-2.9168,42.9308],[-2.9174,42.934],[-2.9122,42.9361],[-2.9082,42.9409],[-2.9134,42.943],[-2.9183,42.9463],[-2.908,42.9457],[-2.9007,42.9474],[-2.9036,42.9532],[-2.9008,42.957],[-2.9012,42.9612],[-2.9002,42.963],[-2.9008,42.9654],[-2.9077,42.9665],[-2.9135,42.9725],[-2.9199,42.977],[-2.926,42.9776],[-2.9243,42.9729],[-2.934,42.9713],[-2.938,42.9653],[-2.9416,42.9717],[-2.9503,42.9751],[-2.9559,42.9761],[-2.9489,42.9802],[-2.9535,42.9818]],[[-2.9554,42.8742],[-2.9702,42.8756],[-2.9843,42.8785],[-2.9835,42.882],[-2.9799,42.8838],[-2.975,42.8814],[-2.9715,42.8816],[-2.9664,42.8768],[-2.9619,42.876],[-2.9545,42.877],[-2.9554,42.8742]]],[[[-2.9742,42.989],[-2.9738,42.9888],[-2.9705,42.9893],[-2.9622,42.9929],[-2.9584,42.9902],[-2.9544,42.9895],[-2.9545,42.994],[-2.958,42.9953],[-2.9683,42.9926],[-2.9714,42.9905],[-2.9734,42.9901],[-2.9742,42.989]]],[[[-2.985,43.0404],[-2.9843,43.0357],[-2.9787,43.0325],[-2.9755,43.0355],[-2.9786,43.0403],[-2.9835,43.043],[-2.985,43.0404]]],[[[-2.9727,43.0425],[-2.9764,43.0437],[-2.9764,43.0432],[-2.9771,43.0421],[-2.9772,43.0402],[-2.9756,43.0406],[-2.9746,43.0391],[-2.9689,43.0375],[-2.9727,43.0425]]],[[[-2.9829,43.0435],[-2.9772,43.0396],[-2.9772,43.0402],[-2.9771,43.0421],[-2.9764,43.0432],[-2.9766,43.0446],[-2.9829,43.0435]]],[[[-2.9679,43.1299],[-2.9719,43.1268],[-2.9765,43.1252],[-2.9815,43.1212],[-2.9837,43.1158],[-2.9791,43.1165],[-2.9774,43.1194],[-2.9679,43.1299]]],[[[-2.9741,43.1298],[-2.9755,43.1292],[-2.9837,43.1204],[-2.9835,43.1187],[-2.9824,43.1215],[-2.9767,43.1276],[-2.9741,43.1298]]],[[[-2.9835,43.1187],[-2.9814,43.1215],[-2.9764,43.1253],[-2.9719,43.1269],[-2.9682,43.1305],[-2.9704,43.1322],[-2.9766,43.1276],[-2.9823,43.1216],[-2.9835,43.1187]]],[[[-2.9828,43.133],[-2.9784,43.1305],[-2.9764,43.1351],[-2.9828,43.133]]],[[[-2.9737,43.1367],[-2.968,43.1397],[-2.9736,43.142],[-2.9777,43.1416],[-2.9737,43.1367]]],[[[-2.9443,43.1507],[-2.9463,43.1544],[-2.9555,43.1511],[-2.9612,43.1514],[-2.9647,43.1559],[-2.9673,43.1527],[-2.9681,43.1482],[-2.964,43.1458],[-2.9443,43.1507]]],[[[-2.9693,43.1529],[-2.9646,43.1561],[-2.9673,43.1578],[-2.9771,43.1594],[-2.9805,43.1585],[-2.9772,43.1546],[-2.9693,43.1529]]],[[[-2.9933,43.1728],[-2.9908,43.1684],[-2.9848,43.1631],[-2.979,43.1623],[-2.9739,43.1645],[-2.9699,43.1619],[-2.9617,43.1632],[-2.9598,43.1663],[-2.9608,43.1702],[-2.969,43.1722],[-2.973,43.1702],[-2.9783,43.1733],[-2.9849,43.1729],[-2.9866,43.1778],[-2.9927,43.1746],[-2.9933,43.1728]]],[[[-2.9559,43.1871],[-2.9505,43.1887],[-2.9572,43.1913],[-2.9559,43.1871]]],[[[-2.9789,43.2362],[-2.9784,43.2392],[-2.985,43.2448],[-2.9864,43.2428],[-2.9826,43.2383],[-2.9789,43.2362]]],[[[-2.9664,43.2583],[-2.9686,43.2583],[-2.9695,43.252],[-2.9585,43.2513],[-2.9657,43.2563],[-2.9664,43.2583]]],[[[-2.9699,43.2905],[-2.9669,43.2903],[-2.9612,43.2936],[-2.9615,43.297],[-2.9697,43.2926],[-2.9699,43.2905]]],[[[-2.9703,43.3034],[-2.971,43.3004],[-2.9753,43.299],[-2.9721,43.2959],[-2.9679,43.2971],[-2.9646,43.3014],[-2.9657,43.3044],[-2.962,43.3058],[-2.9641,43.3104],[-2.9679,43.3132],[-2.9734,43.3152],[-2.9778,43.3144],[-2.9765,43.31],[-2.9735,43.3093],[-2.9697,43.3057],[-2.9703,43.3034]]],[[[-2.9772,43.3292],[-2.9791,43.3253],[-2.9773,43.3228],[-2.9714,43.3242],[-2.9772,43.3292]]],[[[-2.9838,43.3293],[-2.9823,43.3257],[-2.9792,43.3254],[-2.9771,43.3303],[-2.9745,43.3338],[-2.9774,43.3346],[-2.9838,43.3293]]],[[[-2.992,43.3454],[-2.9896,43.3464],[-2.9826,43.345],[-2.9782,43.3446],[-2.9767,43.3427],[-2.977,43.3412],[-2.9838,43.341],[-2.9849,43.3382],[-2.9745,43.3397],[-2.9732,43.3365],[-2.9643,43.3332],[-2.9603,43.3332],[-2.959,43.3298],[-2.9528,43.3305],[-2.9405,43.3299],[-2.936,43.3349],[-2.9403,43.3393],[-2.9464,43.3396],[-2.9508,43.3418],[-2.9597,43.3399],[-2.9626,43.337],[-2.9727,43.3408],[-2.978,43.3444],[-2.9778,43.3449],[-2.98,43.3451],[-2.9814,43.3454],[-2.9879,43.3466],[-2.9914,43.3465],[-2.992,43.3454]]],[[[-2.9679,43.3394],[-2.9626,43.337],[-2.9598,43.3399],[-2.9594,43.3435],[-2.9674,43.3419],[-2.9679,43.3394]]],[[[-2.9901,43.3642],[-2.984,43.3674],[-2.9744,43.3635],[-2.9661,43.3621],[-2.9559,43.3529],[-2.954,43.3532],[-2.9613,43.3612],[-2.9688,43.3649],[-2.9779,43.3678],[-2.9702,43.3701],[-2.9657,43.3688],[-2.9636,43.37],[-2.9632,43.3712],[-2.9819,43.3757],[-2.989,43.374],[-2.995,43.3714],[-2.9887,43.3676],[-2.9905,43.3639],[-2.9901,43.3642]]],[[[-2.9716,43.3738],[-2.9628,43.3712],[-2.9618,43.3708],[-2.9587,43.3711],[-2.95,43.3664],[-2.9463,43.3671],[-2.9472,43.3711],[-2.9527,43.3725],[-2.9569,43.3765],[-2.9592,43.3741],[-2.9679,43.3777],[-2.9786,43.379],[-2.9815,43.3758],[-2.9716,43.3738]]],[[[-2.9766,43.3903],[-2.9763,43.3931],[-2.9735,43.3947],[-2.9748,43.3955],[-2.9776,43.3938],[-2.9791,43.3898],[-2.98,43.3893],[-2.9814,43.3888],[-2.9836,43.3863],[-2.9849,43.3843],[-2.9775,43.385],[-2.9676,43.3831],[-2.967,43.3812],[-2.9599,43.3844],[-2.9571,43.3808],[-2.9504,43.3753],[-2.9459,43.3761],[-2.9464,43.3803],[-2.9531,43.3843],[-2.9541,43.3889],[-2.9579,43.3909],[-2.9627,43.3912],[-2.9631,43.3944],[-2.9662,43.3973],[-2.9636,43.3996],[-2.9586,43.4008],[-2.9608,43.4046],[-2.9675,43.4034],[-2.9732,43.3981],[-2.9726,43.3963],[-2.9686,43.3924],[-2.9694,43.3907],[-2.9739,43.3937],[-2.9766,43.3903]]],[[[-2.9524,42.7364],[-2.9443,42.7345],[-2.9381,42.7354],[-2.9346,42.738],[-2.935,42.7422],[-2.9427,42.7453],[-2.9494,42.7427],[-2.9524,42.7364]]],[[[-2.9514,42.7506],[-2.9505,42.7503],[-2.9497,42.7528],[-2.9497,42.756],[-2.9523,42.7563],[-2.9542,42.7572],[-2.9554,42.7573],[-2.9561,42.7572],[-2.9575,42.7564],[-2.9569,42.7543],[-2.9514,42.7506]]],[[[-2.9456,42.7501],[-2.9417,42.7521],[-2.9407,42.7551],[-2.9437,42.7607],[-2.9464,42.7628],[-2.9525,42.7628],[-2.957,42.7584],[-2.9558,42.7574],[-2.9544,42.7572],[-2.954,42.7571],[-2.9521,42.7563],[-2.95,42.757],[-2.9491,42.755],[-2.9496,42.7526],[-2.9504,42.7503],[-2.9456,42.7501]]],[[[-2.9637,42.8448],[-2.9583,42.8429],[-2.9539,42.8399],[-2.9492,42.8329],[-2.9442,42.8322],[-2.9394,42.8338],[-2.9358,42.83],[-2.9288,42.8295],[-2.929,42.8315],[-2.9362,42.8349],[-2.9545,42.8411],[-2.9587,42.844],[-2.9693,42.8473],[-2.9686,42.8439],[-2.9637,42.8448]]],[[[-2.9506,43.1398],[-2.9579,43.1373],[-2.9612,43.134],[-2.9574,43.1311],[-2.9531,43.1333],[-2.9441,43.1326],[-2.9452,43.1266],[-2.9513,43.1233],[-2.9537,43.1199],[-2.9516,43.1156],[-2.9444,43.1142],[-2.9418,43.1168],[-2.9335,43.1216],[-2.9307,43.1252],[-2.9234,43.128],[-2.9322,43.1328],[-2.9393,43.1387],[-2.9434,43.1436],[-2.9475,43.1441],[-2.9514,43.142],[-2.9506,43.1398]]],[[[-2.9424,43.187],[-2.9364,43.1872],[-2.9325,43.1899],[-2.9317,43.1914],[-2.9325,43.1912],[-2.9328,43.1912],[-2.9333,43.1914],[-2.9339,43.192],[-2.9338,43.1932],[-2.9355,43.1937],[-2.9367,43.1941],[-2.94,43.191],[-2.9452,43.1906],[-2.9424,43.187]]],[[[-2.9576,43.193],[-2.9572,43.1913],[-2.9504,43.1887],[-2.9492,43.1946],[-2.9548,43.1951],[-2.9576,43.193]]],[[[-2.9396,43.2436],[-2.9459,43.2439],[-2.9492,43.2405],[-2.9445,43.2379],[-2.9406,43.2377],[-2.9396,43.2436]]],[[[-2.9505,43.2428],[-2.9516,43.2466],[-2.9565,43.2436],[-2.956,43.238],[-2.9505,43.2401],[-2.9505,43.2428]]],[[[-2.9534,43.2495],[-2.9495,43.2519],[-2.9559,43.2554],[-2.9584,43.2521],[-2.9534,43.2495]]],[[[-2.9428,43.2774],[-2.9522,43.2817],[-2.9548,43.2781],[-2.9496,43.2768],[-2.9424,43.2728],[-2.9428,43.2774]]],[[[-2.9441,43.2916],[-2.9446,43.2938],[-2.9497,43.2975],[-2.9528,43.2946],[-2.9592,43.2919],[-2.959,43.2883],[-2.9533,43.2848],[-2.9515,43.2893],[-2.9441,43.2916]]],[[[-2.9443,43.3053],[-2.9455,43.3027],[-2.9397,43.3021],[-2.9375,43.3053],[-2.9331,43.3059],[-2.9357,43.3099],[-2.94,43.3093],[-2.9443,43.3053]]],[[[-2.9462,43.3074],[-2.9427,43.3101],[-2.9431,43.3139],[-2.9381,43.3197],[-2.9382,43.3235],[-2.9411,43.3243],[-2.9468,43.3201],[-2.9512,43.3211],[-2.9492,43.3279],[-2.9551,43.3268],[-2.9597,43.3227],[-2.9591,43.3201],[-2.9615,43.3161],[-2.9567,43.3151],[-2.9523,43.3121],[-2.9506,43.3079],[-2.9462,43.3074]]],[[[-2.938,43.3292],[-2.9365,43.3259],[-2.9355,43.3174],[-2.9319,43.3193],[-2.9302,43.324],[-2.9332,43.3283],[-2.938,43.3292]]],[[[-2.9544,43.3926],[-2.9544,43.392],[-2.9545,43.3911],[-2.9521,43.3906],[-2.9452,43.3927],[-2.948,43.3963],[-2.9497,43.3952],[-2.9543,43.3942],[-2.9544,43.3926]]],[[[-2.9545,43.3914],[-2.9544,43.3931],[-2.9543,43.3942],[-2.9524,43.3949],[-2.9538,43.396],[-2.9525,43.3984],[-2.9586,43.4007],[-2.9604,43.3977],[-2.9597,43.3946],[-2.957,43.3921],[-2.9557,43.3917],[-2.9545,43.3911],[-2.9545,43.3914]]],[[[-2.9272,42.7052],[-2.9266,42.7108],[-2.9307,42.7096],[-2.9272,42.7052]]],[[[-2.9244,42.717],[-2.9227,42.7137],[-2.9183,42.7154],[-2.9218,42.7191],[-2.9244,42.717]]],[[[-2.9276,42.7225],[-2.9301,42.7199],[-2.9283,42.7134],[-2.9242,42.7124],[-2.9245,42.7181],[-2.9286,42.7198],[-2.9276,42.7225]]],[[[-2.9301,42.734],[-2.9269,42.7325],[-2.9255,42.7378],[-2.9294,42.7394],[-2.9324,42.737],[-2.9301,42.734]]],[[[-2.9333,42.7569],[-2.9372,42.7543],[-2.9335,42.7525],[-2.9236,42.7519],[-2.9195,42.7547],[-2.9189,42.7601],[-2.9234,42.7644],[-2.928,42.7658],[-2.9335,42.7656],[-2.9349,42.762],[-2.9307,42.7619],[-2.9333,42.7569]]],[[[-2.9335,42.7716],[-2.9274,42.7688],[-2.9262,42.7746],[-2.9291,42.7808],[-2.9314,42.7804],[-2.9335,42.7716]]],[[[-2.9239,42.7889],[-2.9177,42.7935],[-2.9243,42.7945],[-2.9296,42.7915],[-2.93,42.7878],[-2.9288,42.7882],[-2.9278,42.7886],[-2.9273,42.7887],[-2.9239,42.7889]]],[[[-2.9289,42.7999],[-2.931,42.8031],[-2.9387,42.8024],[-2.9326,42.7995],[-2.9289,42.7999]]],[[[-2.9322,42.8103],[-2.9368,42.8064],[-2.9315,42.8039],[-2.9282,42.8001],[-2.9246,42.8047],[-2.9262,42.8078],[-2.9322,42.8103]]],[[[-2.9283,42.8836],[-2.9267,42.8883],[-2.9344,42.8871],[-2.9332,42.8848],[-2.9283,42.8836]]],[[[-2.9255,42.9867],[-2.9265,42.9835],[-2.9198,42.9789],[-2.9191,42.9801],[-2.9181,42.9809],[-2.919,42.9813],[-2.9193,42.9819],[-2.9193,42.9832],[-2.9232,42.9866],[-2.9255,42.9867]]],[[[-2.9336,42.9853],[-2.9266,42.9836],[-2.9275,42.9884],[-2.9327,42.9887],[-2.9336,42.9853]]],[[[-2.9367,42.9883],[-2.9314,42.9908],[-2.9352,42.9935],[-2.9367,42.9883]]],[[[-2.9493,43.0002],[-2.9511,42.9955],[-2.9475,42.9956],[-2.9457,42.9919],[-2.9427,42.9914],[-2.9398,42.9949],[-2.9363,42.9944],[-2.9359,42.9991],[-2.9326,42.9985],[-2.9313,42.9954],[-2.9352,42.9935],[-2.9279,42.99],[-2.9255,42.987],[-2.9232,42.9866],[-2.9192,42.9832],[-2.9193,42.9819],[-2.9181,42.981],[-2.9183,42.9803],[-2.9191,42.9801],[-2.9187,42.9785],[-2.9154,42.9764],[-2.9083,42.9769],[-2.9095,42.982],[-2.9184,42.9826],[-2.9179,42.9873],[-2.923,42.9928],[-2.9199,42.9933],[-2.9137,42.9892],[-2.9071,42.9814],[-2.9089,42.9746],[-2.9052,42.9734],[-2.9008,42.9748],[-2.8939,42.9817],[-2.8941,42.9896],[-2.895,42.99],[-2.8947,42.9905],[-2.8946,42.9911],[-2.8955,42.9914],[-2.8961,42.9922],[-2.8957,42.9928],[-2.8967,42.9943],[-2.8971,42.9976],[-2.8963,43.0006],[-2.9029,43.0063],[-2.9048,43.0118],[-2.9146,43.0192],[-2.9168,43.0151],[-2.9211,43.0127],[-2.9286,43.011],[-2.9318,43.0138],[-2.9396,43.014],[-2.9437,43.0105],[-2.941,43.0022],[-2.9463,43.0021],[-2.9493,43.0002]]],[[[-2.9225,43.0514],[-2.9211,43.049],[-2.9142,43.0498],[-2.9163,43.0531],[-2.9225,43.0514]]],[[[-2.9277,43.0549],[-2.9225,43.0514],[-2.9187,43.0549],[-2.9221,43.056],[-2.9277,43.0549]]],[[[-2.9209,43.1047],[-2.9163,43.1033],[-2.9148,43.1111],[-2.9236,43.1094],[-2.9209,43.1047]]],[[[-2.9256,43.1118],[-2.9149,43.1127],[-2.9174,43.1212],[-2.9256,43.1118]]],[[[-2.9328,43.1194],[-2.9193,43.1248],[-2.9234,43.128],[-2.9307,43.1252],[-2.9335,43.1216],[-2.9328,43.1194]]],[[[-2.9333,43.1373],[-2.9316,43.1341],[-2.9233,43.1299],[-2.9216,43.1276],[-2.9117,43.1253],[-2.911,43.1236],[-2.9079,43.1233],[-2.9056,43.1254],[-2.9116,43.1275],[-2.9172,43.1271],[-2.9217,43.1284],[-2.9233,43.1303],[-2.9286,43.1327],[-2.9275,43.1362],[-2.9292,43.1393],[-2.9333,43.1373]]],[[[-2.9336,43.1386],[-2.9339,43.1457],[-2.9298,43.1465],[-2.9271,43.1509],[-2.9294,43.1544],[-2.9328,43.1561],[-2.9337,43.1506],[-2.9378,43.1513],[-2.9379,43.1465],[-2.9358,43.1407],[-2.9336,43.1386]]],[[[-2.9295,43.1662],[-2.9236,43.167],[-2.9217,43.1705],[-2.9288,43.1697],[-2.9295,43.1662]]],[[[-2.9294,43.2016],[-2.9333,43.1971],[-2.939,43.1979],[-2.9428,43.1966],[-2.9443,43.1933],[-2.9401,43.1914],[-2.939,43.1933],[-2.9366,43.1942],[-2.9343,43.1935],[-2.9338,43.1932],[-2.9336,43.1928],[-2.9338,43.1919],[-2.9334,43.1915],[-2.933,43.1913],[-2.9326,43.1912],[-2.928,43.1926],[-2.9267,43.1951],[-2.9195,43.1932],[-2.9135,43.1905],[-2.9083,43.1918],[-2.9053,43.1956],[-2.9073,43.1995],[-2.9104,43.2011],[-2.916,43.2013],[-2.9195,43.1994],[-2.9237,43.2021],[-2.9294,43.2016]]],[[[-2.9179,43.2235],[-2.915,43.2309],[-2.9178,43.2309],[-2.9248,43.2248],[-2.9227,43.2208],[-2.9149,43.2205],[-2.9179,43.2235]]],[[[-2.9253,43.2814],[-2.9266,43.2799],[-2.9264,43.2774],[-2.924,43.2752],[-2.9178,43.2738],[-2.9216,43.2798],[-2.9253,43.2814]]],[[[-2.9331,43.2797],[-2.9263,43.2769],[-2.9267,43.2798],[-2.926,43.2816],[-2.9331,43.2797]]],[[[-2.93,43.3235],[-2.9319,43.3193],[-2.93,43.3167],[-2.9314,43.3116],[-2.9259,43.3112],[-2.9215,43.3165],[-2.9225,43.3192],[-2.9296,43.3213],[-2.93,43.3235]]],[[[-2.9164,43.3207],[-2.9131,43.3232],[-2.9144,43.3238],[-2.9153,43.3245],[-2.9162,43.3247],[-2.9164,43.325],[-2.9169,43.3252],[-2.9171,43.3254],[-2.9173,43.3255],[-2.9175,43.3257],[-2.9179,43.3262],[-2.9182,43.3269],[-2.9216,43.3281],[-2.9216,43.3235],[-2.9164,43.3207]]],[[[-2.9312,43.3349],[-2.9259,43.3349],[-2.9287,43.3405],[-2.9315,43.3398],[-2.9312,43.3349]]],[[[-2.9203,43.3458],[-2.9259,43.3441],[-2.9239,43.3404],[-2.9204,43.3418],[-2.919,43.3418],[-2.9172,43.3413],[-2.916,43.3413],[-2.9153,43.3411],[-2.9159,43.3425],[-2.9154,43.3441],[-2.9187,43.3455],[-2.9204,43.3497],[-2.9129,43.3489],[-2.9101,43.3544],[-2.9149,43.3575],[-2.9205,43.3497],[-2.9203,43.3458]]],[[[-2.9261,43.3568],[-2.9234,43.3553],[-2.9184,43.3561],[-2.9201,43.359],[-2.9261,43.3568]]],[[[-2.9307,43.3593],[-2.9257,43.3573],[-2.9199,43.3658],[-2.9276,43.3636],[-2.9307,43.3593]]],[[[-2.9424,43.3788],[-2.9448,43.3757],[-2.943,43.3734],[-2.9397,43.3757],[-2.9353,43.3751],[-2.9337,43.3756],[-2.9332,43.3761],[-2.9318,43.3808],[-2.9269,43.378],[-2.9256,43.3752],[-2.9202,43.3735],[-2.9181,43.3755],[-2.9168,43.376],[-2.9199,43.3767],[-2.9203,43.3775],[-2.9192,43.3805],[-2.9243,43.3812],[-2.9273,43.3861],[-2.9334,43.3842],[-2.9322,43.3812],[-2.9323,43.3795],[-2.933,43.3788],[-2.9337,43.3757],[-2.9398,43.3758],[-2.9424,43.3788]],[[-2.9254,43.3759],[-2.9227,43.3784],[-2.921,43.3793],[-2.9201,43.3765],[-2.9181,43.3758],[-2.9202,43.3736],[-2.9254,43.3759]]],[[[-2.9326,43.385],[-2.9303,43.3889],[-2.9349,43.3896],[-2.9326,43.385]]],[[[-2.9185,43.4092],[-2.9168,43.4124],[-2.9203,43.4169],[-2.9264,43.4178],[-2.9269,43.4147],[-2.9321,43.4101],[-2.9323,43.4069],[-2.9271,43.4062],[-2.9224,43.4111],[-2.9185,43.4092]]],[[[-2.9516,43.4178],[-2.9408,43.4213],[-2.9291,43.4213],[-2.9249,43.4183],[-2.9171,43.4175],[-2.916,43.4219],[-2.9206,43.425],[-2.9276,43.4265],[-2.9368,43.4269],[-2.9453,43.4244],[-2.9502,43.4208],[-2.9502,43.4261],[-2.9448,43.4284],[-2.9421,43.4312],[-2.9346,43.4334],[-2.9255,43.4301],[-2.9176,43.4302],[-2.9201,43.4329],[-2.9205,43.4373],[-2.9286,43.4362],[-2.9318,43.4344],[-2.9401,43.4345],[-2.947,43.4358],[-2.9457,43.4315],[-2.9515,43.4301],[-2.9537,43.4274],[-2.9516,43.4178]]],[[[-2.9145,42.7129],[-2.9092,42.7106],[-2.9059,42.7132],[-2.9118,42.719],[-2.9191,42.7199],[-2.9218,42.7192],[-2.9145,42.7129]]],[[[-2.8992,42.7341],[-2.8995,42.7346],[-2.9018,42.7332],[-2.9039,42.7326],[-2.9052,42.7317],[-2.9062,42.7303],[-2.9083,42.7288],[-2.9104,42.7257],[-2.9036,42.7265],[-2.8992,42.7303],[-2.8992,42.7341]]],[[[-2.9165,42.7328],[-2.9153,42.7287],[-2.9095,42.7303],[-2.9059,42.7329],[-2.9034,42.736],[-2.9042,42.7364],[-2.9078,42.7357],[-2.9124,42.7355],[-2.9139,42.7368],[-2.9189,42.7352],[-2.9165,42.7328]]],[[[-2.8969,42.7364],[-2.892,42.739],[-2.8974,42.7412],[-2.8985,42.7397],[-2.9019,42.7381],[-2.9039,42.735],[-2.9058,42.733],[-2.9064,42.7306],[-2.9153,42.7287],[-2.9131,42.7268],[-2.9083,42.7289],[-2.9062,42.7303],[-2.9052,42.7318],[-2.9039,42.7326],[-2.9018,42.7332],[-2.8995,42.7346],[-2.8969,42.7364]]],[[[-2.9108,42.7428],[-2.9134,42.7406],[-2.9123,42.7356],[-2.9042,42.7364],[-2.902,42.7381],[-2.8985,42.7398],[-2.8986,42.7421],[-2.8939,42.7403],[-2.8913,42.7408],[-2.8937,42.7455],[-2.9006,42.7463],[-2.9056,42.7417],[-2.9108,42.7428]]],[[[-2.9013,42.7834],[-2.9036,42.7777],[-2.9081,42.7751],[-2.9044,42.7717],[-2.8979,42.775],[-2.8965,42.7772],[-2.8976,42.7814],[-2.9013,42.7834]]],[[[-2.912,42.7882],[-2.9132,42.791],[-2.9204,42.7885],[-2.9239,42.7887],[-2.9248,42.7886],[-2.9267,42.7887],[-2.9278,42.7886],[-2.929,42.7881],[-2.93,42.7878],[-2.9285,42.7858],[-2.9249,42.7842],[-2.9204,42.7798],[-2.9135,42.7802],[-2.9093,42.7761],[-2.9029,42.789],[-2.9053,42.7921],[-2.912,42.7882]]],[[[-2.908,42.7939],[-2.9095,42.7995],[-2.9135,42.8003],[-2.9141,42.7998],[-2.9141,42.7985],[-2.9126,42.7968],[-2.9115,42.7961],[-2.9098,42.7938],[-2.908,42.7939]]],[[[-2.8973,42.7995],[-2.905,42.8031],[-2.905,42.7998],[-2.9014,42.7945],[-2.8973,42.7995]]],[[[-2.9087,42.8115],[-2.9105,42.8149],[-2.9169,42.8138],[-2.9136,42.8103],[-2.9187,42.8099],[-2.918,42.8058],[-2.9197,42.8003],[-2.918,42.7972],[-2.914,42.7972],[-2.9142,42.7984],[-2.9142,42.7998],[-2.914,42.8003],[-2.9125,42.8039],[-2.9068,42.8064],[-2.9064,42.8112],[-2.9087,42.8115]]],[[[-2.9051,42.8049],[-2.905,42.8032],[-2.8982,42.8017],[-2.8973,42.8023],[-2.8959,42.8027],[-2.8949,42.8032],[-2.8944,42.8035],[-2.8942,42.8038],[-2.894,42.8041],[-2.8939,42.8051],[-2.8934,42.8057],[-2.896,42.8067],[-2.8963,42.8107],[-2.9051,42.8099],[-2.9051,42.8049]]],[[[-2.9029,42.8181],[-2.9019,42.8232],[-2.9077,42.8224],[-2.9029,42.8181]]],[[[-2.9207,42.8657],[-2.9172,42.8653],[-2.9102,42.8669],[-2.9076,42.8707],[-2.9118,42.8712],[-2.9179,42.8698],[-2.9186,42.8722],[-2.9238,42.8739],[-2.9247,42.8697],[-2.9207,42.8657]]],[[[-2.9217,42.8743],[-2.9186,42.8723],[-2.9118,42.8712],[-2.9084,42.8737],[-2.9116,42.8742],[-2.9132,42.8754],[-2.914,42.8747],[-2.9146,42.8747],[-2.916,42.874],[-2.9162,42.8738],[-2.9166,42.8737],[-2.9179,42.8736],[-2.9197,42.8746],[-2.9217,42.8743]]],[[[-2.9056,42.8773],[-2.9067,42.8751],[-2.8982,42.8707],[-2.8936,42.8739],[-2.8947,42.8782],[-2.893,42.8837],[-2.8954,42.8836],[-2.8965,42.8813],[-2.901,42.8803],[-2.9056,42.8773]],[[-2.8994,42.8744],[-2.9044,42.8766],[-2.8998,42.8796],[-2.8946,42.8806],[-2.8955,42.8774],[-2.8946,42.8755],[-2.8994,42.8744]]],[[[-2.9231,42.8748],[-2.9197,42.8746],[-2.9179,42.8737],[-2.9162,42.8738],[-2.916,42.874],[-2.9146,42.8747],[-2.914,42.8747],[-2.9132,42.8755],[-2.9116,42.8742],[-2.9084,42.8766],[-2.9057,42.8799],[-2.9099,42.8831],[-2.9169,42.8812],[-2.9161,42.8774],[-2.9231,42.8748]]],[[[-2.9135,42.8852],[-2.9087,42.8832],[-2.907,42.887],[-2.9098,42.8888],[-2.908,42.8908],[-2.9079,42.8949],[-2.9148,42.8938],[-2.9171,42.889],[-2.9135,42.8852]]],[[[-2.9017,42.8897],[-2.9064,42.8944],[-2.9078,42.8907],[-2.9017,42.8897]]],[[[-2.9033,42.9189],[-2.9013,42.9135],[-2.8961,42.9121],[-2.8967,42.9161],[-2.9008,42.9158],[-2.9033,42.9189]]],[[[-2.9124,42.9139],[-2.9116,42.9167],[-2.9042,42.9176],[-2.9052,42.9221],[-2.9127,42.9228],[-2.9162,42.92],[-2.9142,42.9177],[-2.9178,42.9146],[-2.9124,42.9139]]],[[[-2.9137,42.9281],[-2.9071,42.9251],[-2.9036,42.9218],[-2.8965,42.9295],[-2.8938,42.9395],[-2.9033,42.9425],[-2.9093,42.9388],[-2.9108,42.9357],[-2.9161,42.9339],[-2.9169,42.9316],[-2.9137,42.9281]]],[[[-2.9078,42.9403],[-2.9025,42.9439],[-2.9141,42.946],[-2.9134,42.943],[-2.9082,42.9409],[-2.9078,42.9403]]],[[[-2.9122,42.9758],[-2.9134,42.9726],[-2.9076,42.9665],[-2.9047,42.9663],[-2.8976,42.9648],[-2.8968,42.9679],[-2.8926,42.9699],[-2.8901,42.9657],[-2.8954,42.9638],[-2.8824,42.9593],[-2.8786,42.9718],[-2.8843,42.9746],[-2.884,42.9806],[-2.8832,42.9818],[-2.8824,42.9822],[-2.8808,42.9847],[-2.8829,42.9868],[-2.8864,42.9946],[-2.8959,43.0009],[-2.897,42.9976],[-2.8966,42.9943],[-2.8956,42.9928],[-2.8961,42.9922],[-2.8949,42.9913],[-2.8946,42.9911],[-2.8945,42.9909],[-2.8941,42.9896],[-2.8939,42.9817],[-2.9008,42.9748],[-2.9046,42.9727],[-2.9122,42.9758]]],[[[-2.9138,43.0461],[-2.92,43.0469],[-2.9207,43.0417],[-2.916,43.0429],[-2.9138,43.0461]]],[[[-2.9098,43.1152],[-2.9061,43.1056],[-2.8951,43.102],[-2.8946,43.1043],[-2.9027,43.1096],[-2.9036,43.1131],[-2.9098,43.1152]]],[[[-2.9095,43.1152],[-2.9022,43.1135],[-2.8995,43.1164],[-2.8995,43.1186],[-2.9013,43.119],[-2.9018,43.1185],[-2.902,43.1185],[-2.9022,43.1185],[-2.9025,43.1185],[-2.9029,43.1184],[-2.9035,43.1184],[-2.904,43.118],[-2.9056,43.1173],[-2.9091,43.1171],[-2.9095,43.1152]]],[[[-2.9087,43.1194],[-2.906,43.1177],[-2.904,43.118],[-2.9036,43.1185],[-2.9029,43.1185],[-2.9023,43.1186],[-2.9021,43.1186],[-2.902,43.1185],[-2.9018,43.1185],[-2.9018,43.1187],[-2.9013,43.1191],[-2.8997,43.1193],[-2.9054,43.1238],[-2.9079,43.1233],[-2.9108,43.1233],[-2.9087,43.1194]]],[[[-2.9182,43.1617],[-2.9236,43.1608],[-2.9221,43.1583],[-2.9149,43.1593],[-2.9107,43.1634],[-2.9138,43.1673],[-2.9181,43.1664],[-2.9182,43.1617]]],[[[-2.911,43.173],[-2.9111,43.1675],[-2.9071,43.1691],[-2.911,43.173]]],[[[-2.9066,43.1775],[-2.9098,43.1809],[-2.9065,43.1826],[-2.9112,43.186],[-2.9155,43.1827],[-2.9196,43.1833],[-2.9234,43.1817],[-2.9231,43.177],[-2.915,43.177],[-2.9136,43.1799],[-2.9066,43.1775]],[[-2.9181,43.1827],[-2.9161,43.1801],[-2.9227,43.1795],[-2.9233,43.1817],[-2.9181,43.1827]]],[[[-2.9056,43.1894],[-2.9109,43.1862],[-2.9066,43.1829],[-2.9034,43.1855],[-2.9056,43.1894]]],[[[-2.9032,43.2066],[-2.8966,43.2056],[-2.8972,43.2084],[-2.9022,43.2097],[-2.9032,43.2066]]],[[[-2.9136,43.2319],[-2.9143,43.2285],[-2.9116,43.2223],[-2.9076,43.2273],[-2.9136,43.2319]]],[[[-2.91,43.2707],[-2.9136,43.2664],[-2.9076,43.2667],[-2.91,43.2707]]],[[[-2.9127,43.3185],[-2.9151,43.3142],[-2.9114,43.3134],[-2.9047,43.3144],[-2.9091,43.3182],[-2.9127,43.3185]]],[[[-2.906,43.3278],[-2.9094,43.3291],[-2.9114,43.326],[-2.9077,43.3249],[-2.906,43.3278]]],[[[-2.9241,43.3307],[-2.9209,43.3289],[-2.9182,43.3269],[-2.9179,43.3262],[-2.9177,43.3261],[-2.9177,43.3259],[-2.9173,43.3255],[-2.9171,43.3254],[-2.9169,43.3252],[-2.9164,43.325],[-2.9162,43.3247],[-2.9153,43.3245],[-2.9144,43.3238],[-2.9134,43.3237],[-2.9132,43.3245],[-2.9163,43.3258],[-2.9143,43.3267],[-2.9116,43.3306],[-2.907,43.3315],[-2.9055,43.3348],[-2.9013,43.3352],[-2.8981,43.339],[-2.9025,43.3401],[-2.9077,43.3391],[-2.9094,43.3431],[-2.9085,43.3457],[-2.9071,43.3458],[-2.9015,43.3446],[-2.8968,43.3485],[-2.9066,43.3503],[-2.9064,43.3475],[-2.9077,43.3461],[-2.9084,43.346],[-2.9086,43.3458],[-2.9089,43.3452],[-2.9091,43.3444],[-2.9152,43.3443],[-2.9153,43.3412],[-2.9152,43.3411],[-2.9156,43.341],[-2.916,43.3413],[-2.9171,43.3412],[-2.9188,43.3417],[-2.9205,43.3417],[-2.9208,43.3412],[-2.9157,43.3393],[-2.9218,43.3357],[-2.9293,43.3342],[-2.9241,43.3307]]],[[[-2.9091,43.3447],[-2.909,43.3452],[-2.9087,43.3458],[-2.9085,43.3459],[-2.9084,43.346],[-2.9077,43.3461],[-2.9064,43.3475],[-2.9066,43.3503],[-2.9102,43.3511],[-2.9125,43.3467],[-2.9091,43.3447]]],[[[-2.8849,43.3702],[-2.8907,43.374],[-2.8969,43.3734],[-2.9033,43.3741],[-2.9072,43.3733],[-2.9102,43.371],[-2.9109,43.3682],[-2.9178,43.3682],[-2.9195,43.3651],[-2.9135,43.3658],[-2.9126,43.3653],[-2.9121,43.3647],[-2.9107,43.3654],[-2.9103,43.3661],[-2.9102,43.3702],[-2.9075,43.3729],[-2.8977,43.3733],[-2.8961,43.3725],[-2.8954,43.3726],[-2.8951,43.3722],[-2.8948,43.371],[-2.8938,43.3711],[-2.8914,43.3708],[-2.8876,43.3717],[-2.8849,43.3702]]],[[[-2.9305,43.3896],[-2.9277,43.3909],[-2.923,43.3978],[-2.9187,43.3975],[-2.9183,43.3915],[-2.9212,43.388],[-2.92,43.3829],[-2.9158,43.3866],[-2.9126,43.3912],[-2.9012,43.3899],[-2.8963,43.3934],[-2.9059,43.3958],[-2.9096,43.3984],[-2.9173,43.3995],[-2.9265,43.402],[-2.9308,43.3992],[-2.9319,43.4053],[-2.9392,43.4028],[-2.9371,43.3992],[-2.9407,43.393],[-2.9358,43.3934],[-2.9305,43.3896]]],[[[-2.9048,43.3984],[-2.9006,43.3948],[-2.8972,43.3944],[-2.8967,43.3985],[-2.8933,43.4017],[-2.895,43.4147],[-2.8974,43.4171],[-2.9022,43.416],[-2.8995,43.4127],[-2.9019,43.4089],[-2.9063,43.4055],[-2.9067,43.402],[-2.9048,43.3984]]],[[[-2.9082,43.4194],[-2.9133,43.4206],[-2.9161,43.4171],[-2.9168,43.4119],[-2.9178,43.4091],[-2.9097,43.4109],[-2.9073,43.4074],[-2.9073,43.4042],[-2.9145,43.4024],[-2.9086,43.3992],[-2.9062,43.4066],[-2.9027,43.4106],[-2.9029,43.4145],[-2.9082,43.4194]]],[[[-2.92,43.4249],[-2.9108,43.4209],[-2.9086,43.4244],[-2.913,43.4265],[-2.92,43.4249]]],[[[-2.8993,43.4313],[-2.9042,43.4346],[-2.9057,43.4309],[-2.9047,43.4281],[-2.9006,43.4252],[-2.8993,43.4313]]],[[[-2.8888,42.6515],[-2.8867,42.655],[-2.89,42.6629],[-2.8914,42.6712],[-2.8949,42.6762],[-2.8993,42.6722],[-2.8964,42.6693],[-2.8997,42.6673],[-2.8965,42.6595],[-2.8959,42.654],[-2.8905,42.6513],[-2.8887,42.6489],[-2.8749,42.6434],[-2.8705,42.6392],[-2.8652,42.6414],[-2.8716,42.6431],[-2.8893,42.6504],[-2.8888,42.6515]]],[[[-2.889,42.6638],[-2.8845,42.6607],[-2.8847,42.6668],[-2.889,42.6638]]],[[[-2.8766,42.6791],[-2.8838,42.6788],[-2.8843,42.6745],[-2.8786,42.676],[-2.8766,42.6791]]],[[[-2.8886,42.6813],[-2.8849,42.6851],[-2.8846,42.6905],[-2.8777,42.7042],[-2.8876,42.7046],[-2.891,42.7012],[-2.8914,42.6979],[-2.8873,42.6944],[-2.8911,42.6917],[-2.8915,42.6877],[-2.8886,42.6813]]],[[[-2.8914,42.7174],[-2.8795,42.7195],[-2.8755,42.7219],[-2.8743,42.7373],[-2.8715,42.7417],[-2.8786,42.74],[-2.8786,42.7427],[-2.8843,42.7445],[-2.885,42.7401],[-2.8812,42.7359],[-2.8758,42.7358],[-2.8759,42.729],[-2.8813,42.7242],[-2.8807,42.7209],[-2.8912,42.7183],[-2.8914,42.7174]]],[[[-2.8881,42.7925],[-2.875,42.7928],[-2.8734,42.7951],[-2.8774,42.7974],[-2.8801,42.7967],[-2.8839,42.7981],[-2.8894,42.7959],[-2.8881,42.7925]]],[[[-2.8935,42.7971],[-2.8974,42.7993],[-2.9014,42.7945],[-2.899,42.7893],[-2.895,42.7921],[-2.8972,42.7959],[-2.8935,42.7971]]],[[[-2.8789,42.7976],[-2.8744,42.7975],[-2.8707,42.7929],[-2.8686,42.7954],[-2.8688,42.7994],[-2.8722,42.8017],[-2.8851,42.8023],[-2.8893,42.799],[-2.8896,42.7966],[-2.8853,42.7976],[-2.8844,42.7983],[-2.8819,42.7981],[-2.8789,42.7976]]],[[[-2.8929,42.8055],[-2.8943,42.8036],[-2.8946,42.8034],[-2.8949,42.8032],[-2.896,42.8026],[-2.897,42.8005],[-2.8929,42.7975],[-2.8906,42.8008],[-2.8929,42.8055]]],[[[-2.8696,42.8379],[-2.8736,42.8394],[-2.8813,42.8386],[-2.8836,42.8285],[-2.8878,42.8228],[-2.8778,42.8216],[-2.8779,42.8233],[-2.8773,42.825],[-2.8752,42.8297],[-2.8714,42.8334],[-2.8696,42.8379]]],[[[-2.8899,42.8355],[-2.8853,42.8419],[-2.8834,42.8433],[-2.8807,42.849],[-2.8778,42.8508],[-2.8751,42.8567],[-2.8856,42.8604],[-2.887,42.8568],[-2.8925,42.8539],[-2.8925,42.8361],[-2.8951,42.8299],[-2.8952,42.8251],[-2.8931,42.8226],[-2.8875,42.8239],[-2.8837,42.8285],[-2.8813,42.8386],[-2.8873,42.8388],[-2.8899,42.8355]]],[[[-2.8919,42.8699],[-2.8875,42.8728],[-2.8889,42.8751],[-2.8932,42.874],[-2.8919,42.8699]]],[[[-2.8895,42.867],[-2.8909,42.8645],[-2.8822,42.8645],[-2.8776,42.8687],[-2.8819,42.8741],[-2.8804,42.8787],[-2.883,42.8819],[-2.8821,42.8858],[-2.8845,42.8883],[-2.892,42.8891],[-2.8914,42.8849],[-2.8929,42.88],[-2.8881,42.8769],[-2.8861,42.8705],[-2.8895,42.867]]],[[[-2.8926,42.9059],[-2.8878,42.9061],[-2.8828,42.9081],[-2.8827,42.9112],[-2.8908,42.9093],[-2.8926,42.9059]]],[[[-2.9018,42.9215],[-2.8921,42.9161],[-2.8893,42.9104],[-2.8816,42.9118],[-2.8875,42.9162],[-2.8879,42.9205],[-2.8764,42.9225],[-2.87,42.9222],[-2.8703,42.9266],[-2.8737,42.9289],[-2.8793,42.9267],[-2.8895,42.925],[-2.8905,42.9237],[-2.8927,42.9229],[-2.8935,42.9229],[-2.895,42.9244],[-2.9018,42.9215]]],[[[-2.8928,42.923],[-2.8897,42.9251],[-2.8793,42.9267],[-2.877,42.9277],[-2.877,42.9284],[-2.8787,42.9286],[-2.8792,42.9292],[-2.8799,42.9291],[-2.8801,42.9293],[-2.8804,42.9295],[-2.8812,42.929],[-2.8823,42.929],[-2.8834,42.9284],[-2.884,42.9284],[-2.8879,42.9288],[-2.8945,42.9245],[-2.8937,42.9233],[-2.8928,42.923]]],[[[-2.8973,42.9278],[-2.8917,42.9276],[-2.8894,42.936],[-2.8934,42.9393],[-2.8944,42.933],[-2.8973,42.9278]]],[[[-2.8928,42.9401],[-2.8896,42.9368],[-2.8859,42.9401],[-2.8928,42.9401]]],[[[-2.8877,42.9458],[-2.8927,42.9507],[-2.9001,42.9505],[-2.8992,42.9459],[-2.8931,42.9413],[-2.8877,42.9458]]],[[[-2.888,42.9499],[-2.8815,42.9508],[-2.8791,42.9537],[-2.8797,42.9551],[-2.8842,42.9541],[-2.8843,42.9538],[-2.8842,42.9536],[-2.8844,42.9535],[-2.8844,42.9533],[-2.8845,42.9532],[-2.8845,42.953],[-2.8844,42.953],[-2.8843,42.9529],[-2.8844,42.9528],[-2.8847,42.9528],[-2.8849,42.9525],[-2.8852,42.9525],[-2.886,42.9518],[-2.8885,42.9512],[-2.888,42.9499]]],[[[-2.8919,42.9527],[-2.8905,42.9497],[-2.8885,42.9512],[-2.886,42.9518],[-2.8852,42.9525],[-2.8849,42.9525],[-2.8847,42.9528],[-2.8844,42.9528],[-2.8843,42.9529],[-2.8844,42.953],[-2.8845,42.953],[-2.8845,42.9531],[-2.8845,42.9532],[-2.8844,42.9533],[-2.8844,42.9535],[-2.8842,42.9536],[-2.8843,42.9539],[-2.8842,42.9541],[-2.8844,42.9544],[-2.8841,42.955],[-2.8853,42.9554],[-2.8831,42.9574],[-2.8824,42.9592],[-2.8855,42.9598],[-2.8895,42.9579],[-2.8919,42.9527]]],[[[-2.8985,42.9625],[-2.9001,42.9559],[-2.8969,42.954],[-2.8925,42.9554],[-2.8896,42.9579],[-2.8857,42.9598],[-2.8955,42.9638],[-2.8985,42.9625]]],[[[-2.9009,43.0054],[-2.9,43.004],[-2.8864,42.9946],[-2.8829,42.9868],[-2.8808,42.9847],[-2.8824,42.9822],[-2.884,42.9806],[-2.884,42.9797],[-2.883,42.9774],[-2.8843,42.9746],[-2.8784,42.9718],[-2.8773,42.9751],[-2.8702,42.9836],[-2.8705,42.9877],[-2.8721,42.9877],[-2.8769,42.9886],[-2.8774,42.9888],[-2.8783,42.9896],[-2.8792,42.9924],[-2.8832,42.9959],[-2.8928,43.0007],[-2.8979,43.0034],[-2.9009,43.0054]]],[[[-2.8999,43.0064],[-2.9007,43.0057],[-2.8979,43.0034],[-2.8928,43.0007],[-2.8877,42.9985],[-2.8831,42.9959],[-2.8791,42.9924],[-2.8782,42.9897],[-2.8773,42.9889],[-2.8749,42.9884],[-2.8719,42.9878],[-2.8716,42.989],[-2.8747,42.9913],[-2.8783,42.995],[-2.8939,43.0024],[-2.8999,43.0064]]],[[[-2.8971,43.0059],[-2.8933,43.0024],[-2.891,43.0051],[-2.8949,43.0077],[-2.8971,43.0059]]],[[[-2.8287,43.1091],[-2.8139,43.1021],[-2.823,43.0985],[-2.8206,43.0948],[-2.8245,43.0913],[-2.8284,43.0902],[-2.8294,43.0851],[-2.8324,43.0819],[-2.8295,43.0801],[-2.8432,43.0776],[-2.849,43.0726],[-2.8526,43.0758],[-2.8479,43.08],[-2.8483,43.0836],[-2.8533,43.0876],[-2.8577,43.093],[-2.8613,43.0941],[-2.8635,43.0899],[-2.8575,43.0859],[-2.8513,43.0851],[-2.8495,43.0828],[-2.8536,43.0773],[-2.8566,43.0803],[-2.8601,43.0799],[-2.8612,43.084],[-2.8658,43.0877],[-2.8646,43.0893],[-2.8639,43.0897],[-2.8638,43.0907],[-2.8628,43.0925],[-2.8627,43.0944],[-2.8665,43.0964],[-2.8683,43.0967],[-2.8743,43.0965],[-2.8819,43.0977],[-2.8914,43.1015],[-2.8953,43.1018],[-2.9016,43.1036],[-2.9028,43.1004],[-2.9037,43.0997],[-2.903,43.0989],[-2.9031,43.0982],[-2.9013,43.0972],[-2.9008,43.0973],[-2.8983,43.096],[-2.8954,43.098],[-2.8903,43.0955],[-2.8847,43.0952],[-2.8814,43.0931],[-2.8684,43.0922],[-2.8666,43.091],[-2.8639,43.0901],[-2.8657,43.0884],[-2.8667,43.0869],[-2.8691,43.0875],[-2.8712,43.0816],[-2.8773,43.0841],[-2.8898,43.0839],[-2.9015,43.085],[-2.8986,43.0878],[-2.8929,43.086],[-2.8901,43.0875],[-2.8957,43.0905],[-2.8952,43.0915],[-2.9007,43.0967],[-2.9028,43.0979],[-2.9031,43.0982],[-2.9035,43.0987],[-2.9073,43.1037],[-2.913,43.1052],[-2.9174,43.0969],[-2.9133,43.0937],[-2.9075,43.0854],[-2.9118,43.0813],[-2.9073,43.079],[-2.9117,43.0772],[-2.9119,43.0741],[-2.9161,43.0708],[-2.916,43.0682],[-2.9126,43.0652],[-2.9086,43.0643],[-2.8931,43.0642],[-2.9002,43.0613],[-2.9033,43.0583],[-2.8955,43.0516],[-2.8893,43.048],[-2.8865,43.0449],[-2.8984,43.0337],[-2.9133,43.033],[-2.9115,43.0283],[-2.9113,43.0204],[-2.9051,43.0151],[-2.8982,43.0074],[-2.8949,43.0077],[-2.891,43.0051],[-2.8889,43.0019],[-2.8869,43.0013],[-2.8777,42.9948],[-2.8745,42.9915],[-2.8672,42.9865],[-2.8685,42.9807],[-2.8709,42.9771],[-2.8611,42.9705],[-2.8569,42.971],[-2.8557,42.9684],[-2.8496,42.9656],[-2.8526,42.9637],[-2.843,42.9616],[-2.8336,42.9609],[-2.8295,42.966],[-2.8298,42.9703],[-2.8327,42.9696],[-2.8375,42.971],[-2.837,42.9692],[-2.8345,42.9696],[-2.8351,42.9669],[-2.8406,42.9684],[-2.8422,42.9724],[-2.8382,42.9754],[-2.8415,42.9801],[-2.8373,42.9808],[-2.8302,42.9794],[-2.8302,42.9772],[-2.828,42.9741],[-2.8274,42.9712],[-2.821,42.967],[-2.8177,42.9706],[-2.8176,42.9763],[-2.8135,42.979],[-2.8168,42.9863],[-2.8102,42.9954],[-2.8045,42.9966],[-2.7975,42.9852],[-2.8019,42.9814],[-2.8135,42.979],[-2.8147,42.9732],[-2.8147,42.9712],[-2.8213,42.9653],[-2.8221,42.9614],[-2.8105,42.9602],[-2.8059,42.9581],[-2.7981,42.9646],[-2.7939,42.966],[-2.7945,42.9614],[-2.792,42.9582],[-2.7862,42.9603],[-2.7838,42.9624],[-2.7836,42.9638],[-2.7841,42.9652],[-2.784,42.9657],[-2.7826,42.9675],[-2.7808,42.9692],[-2.7853,42.9717],[-2.7871,42.9747],[-2.7805,42.9809],[-2.7771,42.9712],[-2.7741,42.9715],[-2.7634,42.9774],[-2.7534,42.9784],[-2.7455,42.9785],[-2.7479,42.9705],[-2.7391,42.969],[-2.7384,42.9633],[-2.7314,42.9645],[-2.733,42.9717],[-2.7399,42.9744],[-2.738,42.9784],[-2.7342,42.9751],[-2.7254,42.9844],[-2.7252,42.9857],[-2.7226,42.9851],[-2.7201,42.9857],[-2.7197,42.9858],[-2.7189,42.9857],[-2.7179,42.9864],[-2.7165,42.9866],[-2.7169,42.9886],[-2.715,42.9891],[-2.7158,42.9875],[-2.7128,42.9864],[-2.7061,42.9872],[-2.7058,42.988],[-2.7033,42.9878],[-2.7022,42.9902],[-2.6996,42.9922],[-2.6943,42.9923],[-2.6959,42.9989],[-2.6918,43.0003],[-2.6882,42.9977],[-2.6848,43.0008],[-2.6787,42.9999],[-2.6777,43.003],[-2.6856,43.0127],[-2.6845,43.0183],[-2.6879,43.0235],[-2.6925,43.022],[-2.7016,43.0282],[-2.703,43.0304],[-2.7124,43.0311],[-2.7158,43.0433],[-2.7126,43.0451],[-2.7121,43.0493],[-2.7133,43.0563],[-2.7119,43.0587],[-2.7074,43.0603],[-2.7153,43.0631],[-2.7198,43.0664],[-2.7254,43.0627],[-2.7288,43.058],[-2.7332,43.0546],[-2.7372,43.0552],[-2.7394,43.059],[-2.7453,43.0604],[-2.7498,43.0586],[-2.7566,43.0626],[-2.7572,43.0659],[-2.7551,43.0683],[-2.7492,43.0636],[-2.7403,43.0603],[-2.7348,43.0625],[-2.7317,43.0703],[-2.7338,43.0746],[-2.7298,43.08],[-2.736,43.0804],[-2.7394,43.0786],[-2.7395,43.0773],[-2.7426,43.0743],[-2.7469,43.0737],[-2.7517,43.0704],[-2.7537,43.0694],[-2.7566,43.0672],[-2.7625,43.0689],[-2.7674,43.0719],[-2.7687,43.0759],[-2.7831,43.0846],[-2.7918,43.092],[-2.7894,43.0991],[-2.7929,43.102],[-2.7906,43.1076],[-2.7844,43.1134],[-2.7898,43.1191],[-2.7936,43.1174],[-2.7972,43.1117],[-2.806,43.1113],[-2.8104,43.1136],[-2.8189,43.1117],[-2.8271,43.1156],[-2.8278,43.1183],[-2.8309,43.1195],[-2.8344,43.1169],[-2.8356,43.1199],[-2.8337,43.1221],[-2.8313,43.1214],[-2.8267,43.1183],[-2.8313,43.1215],[-2.8333,43.1222],[-2.834,43.1221],[-2.8356,43.12],[-2.8394,43.1185],[-2.839,43.1243],[-2.8358,43.1258],[-2.8352,43.1267],[-2.8351,43.1274],[-2.8354,43.1291],[-2.8362,43.1309],[-2.8379,43.1329],[-2.8377,43.1343],[-2.8359,43.1355],[-2.8355,43.1361],[-2.8361,43.1365],[-2.8354,43.1367],[-2.8349,43.137],[-2.8349,43.1378],[-2.8354,43.1388],[-2.8353,43.1399],[-2.8349,43.1406],[-2.835,43.1412],[-2.8348,43.1419],[-2.8346,43.1423],[-2.835,43.142],[-2.8355,43.1383],[-2.8351,43.1372],[-2.8361,43.1367],[-2.8361,43.1361],[-2.8358,43.1357],[-2.8365,43.1354],[-2.8368,43.135],[-2.8376,43.1347],[-2.8382,43.1326],[-2.8362,43.1307],[-2.8359,43.1292],[-2.8354,43.1291],[-2.8352,43.1277],[-2.8361,43.1273],[-2.8363,43.1268],[-2.8358,43.1261],[-2.846,43.1224],[-2.8503,43.1183],[-2.8497,43.1104],[-2.8429,43.1106],[-2.8383,43.108],[-2.8339,43.1101],[-2.8287,43.1091]],[[-2.9082,43.0925],[-2.9012,43.0944],[-2.9021,43.0888],[-2.9088,43.0894],[-2.9082,43.0925]]],[[[-2.8887,43.1012],[-2.8744,43.1082],[-2.8731,43.1144],[-2.8754,43.1179],[-2.8787,43.1189],[-2.887,43.1174],[-2.8893,43.112],[-2.8846,43.1084],[-2.8882,43.1059],[-2.8887,43.1012]]],[[[-2.8878,43.1782],[-2.8905,43.1762],[-2.8995,43.1743],[-2.8987,43.171],[-2.8945,43.1681],[-2.8908,43.1687],[-2.8884,43.1733],[-2.8838,43.1747],[-2.8799,43.1702],[-2.8742,43.1684],[-2.869,43.1703],[-2.8676,43.1754],[-2.8697,43.1777],[-2.8757,43.1792],[-2.8809,43.1792],[-2.8864,43.1818],[-2.8913,43.1789],[-2.8948,43.182],[-2.898,43.1805],[-2.9013,43.1761],[-2.8938,43.1756],[-2.8878,43.1782]],[[-2.8973,43.1729],[-2.8947,43.1749],[-2.8888,43.1732],[-2.8911,43.1688],[-2.8947,43.1685],[-2.8973,43.1729]]],[[[-2.8924,43.1886],[-2.8954,43.1833],[-2.8912,43.1789],[-2.8864,43.1818],[-2.8888,43.184],[-2.8929,43.183],[-2.8924,43.1886]]],[[[-2.882,43.2026],[-2.8841,43.2071],[-2.8888,43.2018],[-2.8858,43.1993],[-2.882,43.2026]]],[[[-2.8976,43.221],[-2.8894,43.2185],[-2.8915,43.2228],[-2.8894,43.226],[-2.8918,43.2304],[-2.8949,43.2272],[-2.8997,43.2248],[-2.906,43.2243],[-2.9033,43.2174],[-2.8967,43.2154],[-2.8908,43.2179],[-2.8976,43.221]]],[[[-2.8904,43.2638],[-2.893,43.2635],[-2.892,43.2546],[-2.8878,43.2529],[-2.8845,43.256],[-2.878,43.2523],[-2.8753,43.2546],[-2.8769,43.2581],[-2.8847,43.2625],[-2.8904,43.2638]]],[[[-2.8874,43.3068],[-2.8891,43.3111],[-2.8928,43.308],[-2.8874,43.3068]]],[[[-2.8726,43.3492],[-2.8709,43.3474],[-2.876,43.3443],[-2.8766,43.3416],[-2.8741,43.3361],[-2.8705,43.3336],[-2.8725,43.3289],[-2.8772,43.3286],[-2.8843,43.3319],[-2.8834,43.3354],[-2.8797,43.3413],[-2.8853,43.3412],[-2.8886,43.3388],[-2.8928,43.3387],[-2.8945,43.3377],[-2.898,43.3389],[-2.9047,43.3312],[-2.9053,43.3276],[-2.9001,43.3266],[-2.9038,43.3221],[-2.902,43.3185],[-2.899,43.3172],[-2.892,43.3176],[-2.8903,43.3202],[-2.8946,43.3231],[-2.8874,43.328],[-2.882,43.3258],[-2.8757,43.3208],[-2.8743,43.3258],[-2.8659,43.3378],[-2.8704,43.3422],[-2.8639,43.3414],[-2.8604,43.3499],[-2.8653,43.3512],[-2.8661,43.3542],[-2.8607,43.3555],[-2.8586,43.3583],[-2.8612,43.3588],[-2.8635,43.3587],[-2.8675,43.3592],[-2.8682,43.3595],[-2.8691,43.3603],[-2.8714,43.3618],[-2.873,43.3626],[-2.8741,43.3593],[-2.8813,43.3578],[-2.8822,43.3546],[-2.8727,43.3538],[-2.8726,43.3492]],[[-2.8946,43.3365],[-2.8927,43.3386],[-2.8886,43.3387],[-2.8852,43.3412],[-2.8798,43.3413],[-2.8836,43.3354],[-2.8844,43.332],[-2.8933,43.3345],[-2.8946,43.3365]]],[[[-2.8994,43.3424],[-2.8941,43.3426],[-2.8896,43.3443],[-2.891,43.3481],[-2.8987,43.3463],[-2.8994,43.3424]]],[[[-2.8848,43.3701],[-2.8937,43.371],[-2.8917,43.3684],[-2.8917,43.3633],[-2.8936,43.3596],[-2.8993,43.3567],[-2.9041,43.3591],[-2.9069,43.3657],[-2.9093,43.3671],[-2.9084,43.3709],[-2.9063,43.3725],[-2.905,43.3729],[-2.9007,43.3725],[-2.898,43.3727],[-2.8962,43.3724],[-2.903,43.3676],[-2.9009,43.3618],[-2.8936,43.3596],[-2.8918,43.3631],[-2.8919,43.3686],[-2.8944,43.37],[-2.8949,43.3708],[-2.8954,43.3725],[-2.8961,43.3724],[-2.8977,43.3732],[-2.9007,43.3727],[-2.9054,43.3729],[-2.9073,43.3729],[-2.9101,43.3703],[-2.9101,43.3661],[-2.9109,43.3651],[-2.9119,43.3646],[-2.9125,43.3646],[-2.9137,43.3657],[-2.9198,43.365],[-2.9177,43.358],[-2.9145,43.3574],[-2.91,43.3545],[-2.9066,43.3546],[-2.903,43.3504],[-2.8929,43.3485],[-2.8861,43.3534],[-2.8823,43.3547],[-2.8814,43.3579],[-2.8767,43.3605],[-2.8748,43.3635],[-2.8763,43.366],[-2.8813,43.3671],[-2.8848,43.3701]]],[[[-2.8691,43.3755],[-2.8668,43.3784],[-2.8683,43.3803],[-2.8715,43.3816],[-2.8751,43.3765],[-2.8842,43.3835],[-2.8872,43.384],[-2.8864,43.3801],[-2.8838,43.3771],[-2.8898,43.374],[-2.8854,43.3708],[-2.8814,43.3672],[-2.8763,43.3662],[-2.8696,43.37],[-2.8691,43.3755]]],[[[-2.8827,43.3823],[-2.8805,43.384],[-2.8861,43.3872],[-2.8872,43.3841],[-2.8842,43.3835],[-2.8827,43.3823]]],[[[-2.8854,43.3878],[-2.8818,43.3852],[-2.8813,43.3924],[-2.8756,43.3924],[-2.8728,43.3954],[-2.8746,43.4023],[-2.8794,43.4044],[-2.8862,43.4014],[-2.8871,43.3977],[-2.882,43.3927],[-2.8818,43.3891],[-2.8854,43.3878]]],[[[-2.8938,43.4311],[-2.9003,43.4251],[-2.8904,43.4242],[-2.8855,43.4267],[-2.8843,43.4318],[-2.8914,43.4327],[-2.8938,43.4311]]],[[[-2.8685,42.6429],[-2.8739,42.6513],[-2.8782,42.6466],[-2.8685,42.6429]]],[[[-2.8754,42.6619],[-2.8745,42.6616],[-2.8718,42.6622],[-2.8703,42.6625],[-2.8694,42.6628],[-2.8689,42.6631],[-2.8673,42.6638],[-2.8607,42.6651],[-2.8472,42.669],[-2.8438,42.6712],[-2.8368,42.6736],[-2.8394,42.6819],[-2.8493,42.6789],[-2.8519,42.6828],[-2.8553,42.6798],[-2.8551,42.6756],[-2.8624,42.6672],[-2.8665,42.6651],[-2.8781,42.6696],[-2.8844,42.6695],[-2.8754,42.6619]]],[[[-2.8827,42.6795],[-2.8682,42.681],[-2.8657,42.6774],[-2.8614,42.6779],[-2.861,42.681],[-2.8622,42.6821],[-2.8639,42.6829],[-2.8651,42.6827],[-2.8662,42.6821],[-2.8714,42.6823],[-2.8763,42.6805],[-2.8777,42.681],[-2.8785,42.6815],[-2.88,42.6812],[-2.8821,42.6802],[-2.8827,42.6795]]],[[[-2.8634,42.7031],[-2.8637,42.7004],[-2.8602,42.6943],[-2.8626,42.6887],[-2.868,42.6835],[-2.8828,42.6838],[-2.8836,42.6807],[-2.8823,42.6804],[-2.8799,42.6814],[-2.8786,42.6816],[-2.8781,42.6815],[-2.876,42.6807],[-2.8716,42.6825],[-2.8663,42.6822],[-2.8657,42.6829],[-2.8639,42.6829],[-2.8629,42.6826],[-2.8557,42.6839],[-2.8504,42.6864],[-2.8452,42.6919],[-2.8459,42.6943],[-2.8426,42.6928],[-2.8386,42.6947],[-2.841,42.6981],[-2.8466,42.699],[-2.8524,42.6951],[-2.8523,42.6904],[-2.8583,42.6883],[-2.8619,42.6885],[-2.8595,42.6945],[-2.8634,42.7031]]],[[[-2.8764,42.6956],[-2.8712,42.696],[-2.8689,42.6998],[-2.8737,42.7001],[-2.8764,42.6956]]],[[[-2.8688,42.7242],[-2.8728,42.7217],[-2.8729,42.7169],[-2.8696,42.7169],[-2.8688,42.7242]]],[[[-2.863,42.7285],[-2.8677,42.7268],[-2.8662,42.7224],[-2.8572,42.7229],[-2.8515,42.7259],[-2.8545,42.7296],[-2.8597,42.7271],[-2.863,42.7285]]],[[[-2.8699,42.7299],[-2.8675,42.7273],[-2.8638,42.7296],[-2.8592,42.7291],[-2.8497,42.7305],[-2.8548,42.7353],[-2.8649,42.7338],[-2.8699,42.7299]]],[[[-2.8739,42.7472],[-2.8763,42.744],[-2.87,42.7431],[-2.8625,42.7479],[-2.8673,42.7505],[-2.8739,42.7472]]],[[[-2.8668,42.7508],[-2.8619,42.748],[-2.8609,42.7513],[-2.8668,42.7508]]],[[[-2.8616,42.7588],[-2.8609,42.7513],[-2.8613,42.7462],[-2.8536,42.7474],[-2.8544,42.7505],[-2.8512,42.7527],[-2.8557,42.7553],[-2.8536,42.7585],[-2.8583,42.7635],[-2.8642,42.7656],[-2.8689,42.7644],[-2.8616,42.7588]]],[[[-2.8617,42.7537],[-2.8621,42.7581],[-2.8689,42.7644],[-2.8713,42.76],[-2.8661,42.7547],[-2.8617,42.7537]]],[[[-2.8773,42.7704],[-2.878,42.7776],[-2.8828,42.7752],[-2.8833,42.7693],[-2.8809,42.7664],[-2.8746,42.7651],[-2.8707,42.7664],[-2.8742,42.7703],[-2.8773,42.7704]]],[[[-2.8772,42.7776],[-2.8771,42.7738],[-2.8719,42.7689],[-2.8685,42.772],[-2.8727,42.7765],[-2.8772,42.7776]]],[[[-2.8693,42.7882],[-2.8654,42.7841],[-2.8596,42.7832],[-2.8546,42.7874],[-2.8607,42.7876],[-2.8621,42.7913],[-2.8665,42.7928],[-2.8693,42.7882]]],[[[-2.866,42.7932],[-2.8618,42.7913],[-2.8575,42.7879],[-2.8546,42.7875],[-2.8545,42.7921],[-2.861,42.7952],[-2.866,42.7932]]],[[[-2.8684,42.8126],[-2.8627,42.8125],[-2.8586,42.8161],[-2.8656,42.8171],[-2.8744,42.8185],[-2.8756,42.8174],[-2.8741,42.8154],[-2.8684,42.8126]]],[[[-2.8662,42.825],[-2.8654,42.8286],[-2.8615,42.8328],[-2.8553,42.8432],[-2.8604,42.8434],[-2.8657,42.8392],[-2.869,42.8392],[-2.8714,42.8334],[-2.8752,42.8297],[-2.8755,42.827],[-2.8773,42.825],[-2.8779,42.8233],[-2.8774,42.8215],[-2.875,42.8214],[-2.8758,42.8184],[-2.8744,42.8186],[-2.8672,42.8174],[-2.8672,42.8183],[-2.8697,42.8185],[-2.8693,42.8199],[-2.8656,42.8205],[-2.8648,42.8193],[-2.8671,42.8187],[-2.867,42.8174],[-2.8586,42.8162],[-2.86,42.8229],[-2.8662,42.825]]],[[[-2.8702,42.8476],[-2.8682,42.8461],[-2.8618,42.8465],[-2.8577,42.8498],[-2.8621,42.8577],[-2.8672,42.854],[-2.8709,42.8534],[-2.8702,42.8476]]],[[[-2.8465,42.8587],[-2.8454,42.8646],[-2.8508,42.8704],[-2.8586,42.8669],[-2.8601,42.8646],[-2.856,42.8628],[-2.8574,42.8583],[-2.8523,42.855],[-2.8529,42.8499],[-2.8469,42.8527],[-2.8465,42.8587]]],[[[-2.8609,42.8695],[-2.8519,42.8721],[-2.855,42.8779],[-2.8605,42.8721],[-2.8609,42.8695]]],[[[-2.871,42.8878],[-2.8649,42.8869],[-2.8637,42.8811],[-2.8654,42.8759],[-2.8566,42.8814],[-2.8601,42.8857],[-2.8595,42.8887],[-2.8641,42.8925],[-2.8723,42.8939],[-2.8735,42.8901],[-2.871,42.8878]]],[[[-2.8615,42.8976],[-2.8645,42.8993],[-2.8706,42.8999],[-2.8732,42.8959],[-2.8628,42.8958],[-2.8615,42.8976]]],[[[-2.8558,42.9341],[-2.857,42.936],[-2.8649,42.9351],[-2.8661,42.9298],[-2.8651,42.9276],[-2.8573,42.926],[-2.8519,42.9271],[-2.8496,42.9298],[-2.854,42.9346],[-2.8558,42.9341]]],[[[-2.8852,42.9287],[-2.8834,42.9284],[-2.8823,42.929],[-2.8812,42.929],[-2.8804,42.9295],[-2.8801,42.9292],[-2.8792,42.9292],[-2.8791,42.9294],[-2.8782,42.9296],[-2.8762,42.9298],[-2.8721,42.9284],[-2.8702,42.9266],[-2.8662,42.9297],[-2.8646,42.9369],[-2.8696,42.9357],[-2.8736,42.9368],[-2.8776,42.9397],[-2.8781,42.9422],[-2.875,42.9455],[-2.8748,42.9492],[-2.8779,42.9512],[-2.8838,42.9471],[-2.8849,42.9444],[-2.8816,42.9429],[-2.8859,42.9401],[-2.8878,42.9371],[-2.8876,42.9322],[-2.8852,42.9287]]],[[[-2.8549,42.9392],[-2.8564,42.94],[-2.8609,42.9397],[-2.8623,42.9361],[-2.857,42.936],[-2.8541,42.9347],[-2.8503,42.9367],[-2.8549,42.9392]]],[[[-2.8641,42.939],[-2.8623,42.9381],[-2.8616,42.9392],[-2.8608,42.9398],[-2.8565,42.9401],[-2.8579,42.9428],[-2.8581,42.9442],[-2.8581,42.9447],[-2.8581,42.9451],[-2.8581,42.9453],[-2.8582,42.9455],[-2.8584,42.9455],[-2.8585,42.9457],[-2.859,42.9459],[-2.8611,42.9477],[-2.8636,42.9461],[-2.8612,42.9408],[-2.8641,42.939]]],[[[-2.8511,42.9407],[-2.8468,42.941],[-2.844,42.9455],[-2.8384,42.9481],[-2.8513,42.9506],[-2.8472,42.9536],[-2.8452,42.9581],[-2.8474,42.9613],[-2.8533,42.9628],[-2.8536,42.959],[-2.8625,42.953],[-2.8626,42.9501],[-2.8611,42.9477],[-2.8604,42.9473],[-2.859,42.9459],[-2.8585,42.9457],[-2.8582,42.9455],[-2.8581,42.9454],[-2.8581,42.9453],[-2.8564,42.9414],[-2.8511,42.9407]]],[[[-2.8701,42.9711],[-2.8706,42.9673],[-2.8657,42.9646],[-2.8604,42.9694],[-2.8666,42.9716],[-2.8701,42.9711]]],[[[-2.8718,42.9687],[-2.8721,42.9708],[-2.8663,42.9724],[-2.8712,42.9773],[-2.8686,42.9807],[-2.8697,42.984],[-2.8772,42.9747],[-2.878,42.9718],[-2.8756,42.9686],[-2.8718,42.9687]]],[[[-2.86,43.0966],[-2.8556,43.0921],[-2.8503,43.0946],[-2.8455,43.0941],[-2.8473,43.0988],[-2.8495,43.1],[-2.8541,43.0988],[-2.8554,43.0976],[-2.8581,43.0979],[-2.86,43.0966]]],[[[-2.887,43.1],[-2.8815,43.0978],[-2.8743,43.0967],[-2.8709,43.0978],[-2.8686,43.0969],[-2.8664,43.0966],[-2.865,43.0959],[-2.8611,43.0962],[-2.8573,43.0983],[-2.8562,43.0977],[-2.8523,43.1007],[-2.8616,43.1019],[-2.8726,43.1021],[-2.8743,43.1081],[-2.8784,43.1059],[-2.8784,43.1032],[-2.887,43.1]]],[[[-2.8821,43.1507],[-2.8799,43.1479],[-2.8754,43.1463],[-2.8647,43.145],[-2.854,43.1418],[-2.8505,43.1461],[-2.8556,43.1476],[-2.8609,43.1474],[-2.8639,43.1502],[-2.8752,43.1544],[-2.879,43.1536],[-2.8821,43.1507]]],[[[-2.8817,43.1595],[-2.8756,43.1549],[-2.8704,43.1563],[-2.8739,43.1599],[-2.8784,43.1607],[-2.8817,43.1595]]],[[[-2.8607,43.1482],[-2.8507,43.1497],[-2.8497,43.1556],[-2.8538,43.154],[-2.8607,43.154],[-2.8649,43.1519],[-2.8607,43.1482]]],[[[-2.8643,43.2066],[-2.8709,43.2072],[-2.8748,43.2044],[-2.8681,43.2036],[-2.8643,43.2066]]],[[[-2.8633,43.2082],[-2.8634,43.2096],[-2.8652,43.2087],[-2.8663,43.2085],[-2.8667,43.2085],[-2.8696,43.209],[-2.8766,43.2071],[-2.8748,43.2044],[-2.8709,43.2072],[-2.8633,43.2082]]],[[[-2.8698,43.2122],[-2.8692,43.2094],[-2.8675,43.2091],[-2.867,43.2087],[-2.8664,43.2086],[-2.8653,43.2087],[-2.8647,43.2091],[-2.8645,43.2095],[-2.8634,43.2097],[-2.8633,43.2089],[-2.8623,43.2088],[-2.8624,43.2101],[-2.8638,43.2142],[-2.8665,43.2165],[-2.8727,43.2168],[-2.8733,43.2135],[-2.8698,43.2122]]],[[[-2.8769,43.2162],[-2.8786,43.2126],[-2.8745,43.2109],[-2.8731,43.2163],[-2.8769,43.2162]]],[[[-2.8756,43.224],[-2.869,43.2225],[-2.8644,43.2255],[-2.8651,43.2276],[-2.873,43.2284],[-2.8756,43.224]]],[[[-2.852,43.2411],[-2.8536,43.2431],[-2.8546,43.2477],[-2.8581,43.2489],[-2.8595,43.2478],[-2.8592,43.2443],[-2.8551,43.2392],[-2.854,43.2361],[-2.8516,43.2362],[-2.8513,43.2394],[-2.852,43.2411]]],[[[-2.8789,43.2521],[-2.8811,43.2508],[-2.8794,43.2447],[-2.8638,43.2371],[-2.8652,43.2337],[-2.8559,43.2354],[-2.8551,43.239],[-2.8588,43.242],[-2.861,43.2486],[-2.8655,43.2438],[-2.8727,43.247],[-2.8733,43.2507],[-2.8789,43.2521]]],[[[-2.8707,43.2864],[-2.8712,43.2905],[-2.8761,43.2878],[-2.8707,43.2864]]],[[[-2.857,43.3186],[-2.8649,43.3202],[-2.8745,43.3191],[-2.8798,43.3097],[-2.8779,43.3054],[-2.874,43.3099],[-2.8707,43.318],[-2.867,43.3162],[-2.8685,43.3109],[-2.8665,43.3086],[-2.8625,43.312],[-2.8585,43.3081],[-2.8553,43.3103],[-2.8534,43.315],[-2.8483,43.3107],[-2.8435,43.3107],[-2.8446,43.3139],[-2.8401,43.3156],[-2.8346,43.316],[-2.8287,43.3221],[-2.8279,43.3254],[-2.8314,43.3288],[-2.8373,43.3201],[-2.844,43.3206],[-2.8474,43.3188],[-2.8538,43.3217],[-2.857,43.3186]]],[[[-2.8722,43.3241],[-2.8742,43.3204],[-2.8651,43.3205],[-2.8617,43.3234],[-2.8691,43.3317],[-2.8722,43.3241]]],[[[-2.8601,43.3396],[-2.859,43.3367],[-2.853,43.3406],[-2.8494,43.338],[-2.8444,43.3404],[-2.8477,43.3463],[-2.8538,43.345],[-2.8598,43.3419],[-2.8601,43.3396]]],[[[-2.8589,43.347],[-2.8518,43.3462],[-2.849,43.3477],[-2.8528,43.3518],[-2.8527,43.3545],[-2.8572,43.3555],[-2.8597,43.3482],[-2.8589,43.347]]],[[[-2.8699,43.3609],[-2.8687,43.3602],[-2.8679,43.3594],[-2.8637,43.3588],[-2.8615,43.3589],[-2.8603,43.3586],[-2.8526,43.3636],[-2.8537,43.3674],[-2.8641,43.3651],[-2.8697,43.3697],[-2.8732,43.3672],[-2.8735,43.3638],[-2.8699,43.3609]]],[[[-2.8519,43.3608],[-2.8453,43.3633],[-2.8528,43.3658],[-2.8519,43.3608]]],[[[-2.865,43.3659],[-2.8571,43.3667],[-2.8598,43.3694],[-2.8625,43.3672],[-2.8643,43.3696],[-2.8612,43.371],[-2.8594,43.3724],[-2.8621,43.3737],[-2.8655,43.3773],[-2.867,43.3683],[-2.865,43.3659]]],[[[-2.8487,43.3676],[-2.8449,43.3683],[-2.8455,43.3737],[-2.856,43.3795],[-2.8573,43.3787],[-2.858,43.3785],[-2.8582,43.3784],[-2.8584,43.3782],[-2.8584,43.378],[-2.8586,43.3773],[-2.8591,43.3771],[-2.8608,43.3772],[-2.8652,43.3775],[-2.862,43.3738],[-2.8593,43.3725],[-2.857,43.3711],[-2.8511,43.3717],[-2.8487,43.3676]]],[[[-2.8642,43.3779],[-2.8628,43.3774],[-2.8608,43.3772],[-2.8591,43.3771],[-2.8586,43.3773],[-2.8584,43.378],[-2.8584,43.3782],[-2.8582,43.3785],[-2.858,43.3785],[-2.8573,43.3787],[-2.8557,43.3801],[-2.8564,43.3847],[-2.8608,43.384],[-2.8642,43.3779]]],[[[-2.8739,43.3817],[-2.8715,43.3817],[-2.8675,43.3809],[-2.8631,43.384],[-2.8555,43.385],[-2.8578,43.3881],[-2.8648,43.3903],[-2.8698,43.3889],[-2.8738,43.3839],[-2.8739,43.3817]]],[[[-2.8728,42.6572],[-2.8715,42.6529],[-2.8738,42.6514],[-2.8709,42.647],[-2.8652,42.6484],[-2.8626,42.6509],[-2.8529,42.6539],[-2.8447,42.6525],[-2.8377,42.6538],[-2.8292,42.6518],[-2.8259,42.6548],[-2.8306,42.6561],[-2.8426,42.6549],[-2.8488,42.6549],[-2.858,42.6566],[-2.8625,42.6585],[-2.8728,42.6572]]],[[[-2.8473,42.7158],[-2.8489,42.7136],[-2.8467,42.7089],[-2.8418,42.7084],[-2.8404,42.7064],[-2.8356,42.7073],[-2.8325,42.711],[-2.8334,42.7145],[-2.8404,42.7178],[-2.8473,42.7158]]],[[[-2.8544,42.7827],[-2.852,42.7794],[-2.8464,42.7766],[-2.8414,42.7774],[-2.843,42.781],[-2.8478,42.7826],[-2.8488,42.785],[-2.8537,42.7872],[-2.8544,42.7827]]],[[[-2.8469,42.7895],[-2.8453,42.7829],[-2.8413,42.7802],[-2.8381,42.7833],[-2.842,42.7878],[-2.8469,42.7895]]],[[[-2.8534,42.7876],[-2.8484,42.7848],[-2.8479,42.7886],[-2.8534,42.7876]]],[[[-2.8476,42.7925],[-2.8414,42.7938],[-2.8381,42.7964],[-2.8364,42.8021],[-2.838,42.8057],[-2.8424,42.8089],[-2.8479,42.8101],[-2.8546,42.8089],[-2.859,42.8058],[-2.8607,42.8021],[-2.8598,42.7977],[-2.8531,42.7927],[-2.8476,42.7925]]],[[[-2.8279,42.8145],[-2.8364,42.8147],[-2.8356,42.8117],[-2.8279,42.8145]]],[[[-2.8514,42.9223],[-2.8503,42.9198],[-2.843,42.9165],[-2.8383,42.9174],[-2.835,42.9205],[-2.8406,42.9229],[-2.8458,42.9288],[-2.8509,42.9252],[-2.8514,42.9223]]],[[[-2.8377,42.9231],[-2.8302,42.926],[-2.83,42.9279],[-2.8354,42.9292],[-2.8446,42.9291],[-2.8377,42.9231]]],[[[-2.8262,42.93],[-2.8196,42.9305],[-2.8216,42.9366],[-2.8288,42.9388],[-2.8287,42.9347],[-2.835,42.9322],[-2.8341,42.9303],[-2.8262,42.93]]],[[[-2.846,42.94],[-2.8396,42.9396],[-2.8312,42.9419],[-2.8331,42.9446],[-2.8371,42.9426],[-2.8436,42.9432],[-2.846,42.94]]],[[[-2.8326,42.9461],[-2.8307,42.9415],[-2.8275,42.9447],[-2.8326,42.9461]]],[[[-2.8275,42.9535],[-2.8307,42.9529],[-2.8351,42.9554],[-2.8362,42.9541],[-2.8377,42.9537],[-2.8402,42.9509],[-2.837,42.9482],[-2.8334,42.9485],[-2.8275,42.9535]]],[[[-2.8409,42.9515],[-2.8412,42.9518],[-2.8421,42.954],[-2.8431,42.9573],[-2.8471,42.9535],[-2.8409,42.9515]]],[[[-2.8411,42.9518],[-2.839,42.9523],[-2.8379,42.9538],[-2.8364,42.9542],[-2.8352,42.9558],[-2.8352,42.9575],[-2.8427,42.9579],[-2.8421,42.954],[-2.8411,42.9518]]],[[[-2.8337,42.9723],[-2.8327,42.9696],[-2.8298,42.9703],[-2.8283,42.9701],[-2.8286,42.9748],[-2.8337,42.9723]]],[[[-2.8487,43.0844],[-2.8439,43.0822],[-2.8398,43.0827],[-2.8371,43.0871],[-2.8379,43.0898],[-2.8423,43.0929],[-2.8503,43.0946],[-2.8542,43.0922],[-2.8525,43.0872],[-2.8487,43.0844]]],[[[-2.844,43.099],[-2.8432,43.0943],[-2.8384,43.093],[-2.8326,43.0934],[-2.8336,43.096],[-2.8388,43.0983],[-2.844,43.099]]],[[[-2.8453,43.1004],[-2.8399,43.1028],[-2.8338,43.1006],[-2.8278,43.1021],[-2.8315,43.1048],[-2.8426,43.1035],[-2.8453,43.1004]]],[[[-2.8364,43.1434],[-2.8371,43.1459],[-2.8419,43.1474],[-2.85,43.1468],[-2.8514,43.142],[-2.8415,43.1421],[-2.8364,43.1434]]],[[[-2.8353,43.1397],[-2.8348,43.1407],[-2.8347,43.141],[-2.8273,43.1404],[-2.8217,43.1416],[-2.8194,43.1445],[-2.8241,43.1461],[-2.8259,43.1439],[-2.8309,43.1452],[-2.8322,43.1435],[-2.8348,43.1419],[-2.8349,43.1406],[-2.8353,43.1397]]],[[[-2.8302,43.1455],[-2.8255,43.1453],[-2.8209,43.1484],[-2.8249,43.1504],[-2.8304,43.1498],[-2.8302,43.1455]]],[[[-2.8445,43.1473],[-2.8427,43.1475],[-2.8396,43.1475],[-2.8355,43.1471],[-2.8309,43.1497],[-2.8349,43.1533],[-2.8373,43.1591],[-2.8449,43.1596],[-2.8496,43.1556],[-2.8503,43.1488],[-2.8445,43.1473]]],[[[-2.8294,43.1557],[-2.8231,43.1561],[-2.8188,43.1627],[-2.8246,43.1642],[-2.8292,43.1626],[-2.8309,43.1581],[-2.8294,43.1557]]],[[[-2.8495,43.2028],[-2.8523,43.2005],[-2.8473,43.1989],[-2.8372,43.1991],[-2.8361,43.2026],[-2.8347,43.204],[-2.8347,43.2055],[-2.8336,43.2063],[-2.8343,43.2075],[-2.8286,43.2129],[-2.8232,43.2158],[-2.8237,43.2179],[-2.8338,43.2173],[-2.8421,43.2155],[-2.8429,43.2084],[-2.8373,43.2064],[-2.8391,43.2045],[-2.8419,43.2045],[-2.844,43.205],[-2.8445,43.2163],[-2.8479,43.2212],[-2.8467,43.2243],[-2.8497,43.2276],[-2.8539,43.2267],[-2.8604,43.2288],[-2.8623,43.2282],[-2.8676,43.2215],[-2.8618,43.2206],[-2.8577,43.2226],[-2.8539,43.2151],[-2.8489,43.2101],[-2.8462,43.2044],[-2.8495,43.2028]],[[-2.8392,43.2073],[-2.8344,43.2076],[-2.8337,43.2063],[-2.8349,43.2056],[-2.8348,43.2041],[-2.836,43.2033],[-2.838,43.1993],[-2.8423,43.1994],[-2.8411,43.2043],[-2.8396,43.2043],[-2.8377,43.2049],[-2.8369,43.2054],[-2.8372,43.2065],[-2.8392,43.2073]]],[[[-2.8418,43.2159],[-2.8338,43.2173],[-2.8229,43.2184],[-2.8264,43.2246],[-2.8292,43.2261],[-2.8352,43.2254],[-2.8395,43.2224],[-2.8347,43.22],[-2.8418,43.2159]]],[[[-2.8362,43.2328],[-2.8337,43.2374],[-2.8368,43.2427],[-2.8392,43.2383],[-2.8362,43.2328]]],[[[-2.8547,43.2482],[-2.8538,43.2465],[-2.8535,43.2431],[-2.8525,43.2422],[-2.8519,43.2411],[-2.8513,43.2394],[-2.8508,43.2362],[-2.8393,43.2353],[-2.8401,43.2423],[-2.844,43.2443],[-2.8488,43.2445],[-2.8547,43.2482]]],[[[-2.8301,43.2727],[-2.8343,43.2718],[-2.8334,43.2689],[-2.8282,43.2686],[-2.8245,43.2702],[-2.8301,43.2727]]],[[[-2.8412,43.2754],[-2.8412,43.2722],[-2.8381,43.269],[-2.8342,43.2683],[-2.8357,43.2746],[-2.8412,43.2754]]],[[[-2.837,43.2752],[-2.8296,43.2788],[-2.8317,43.2796],[-2.8335,43.2811],[-2.8366,43.2816],[-2.8353,43.2801],[-2.8365,43.2794],[-2.837,43.2752]]],[[[-2.8426,43.2761],[-2.8397,43.2805],[-2.8441,43.2814],[-2.8452,43.2802],[-2.8454,43.2798],[-2.8453,43.2784],[-2.8457,43.2777],[-2.8426,43.2761]]],[[[-2.8561,43.2876],[-2.8573,43.2853],[-2.8512,43.2793],[-2.8485,43.2786],[-2.8453,43.2784],[-2.8454,43.2797],[-2.8453,43.2802],[-2.8428,43.2828],[-2.84,43.2812],[-2.8368,43.2816],[-2.8356,43.2815],[-2.8334,43.2811],[-2.8323,43.2808],[-2.8389,43.2862],[-2.8461,43.2864],[-2.8503,43.2827],[-2.8561,43.2876]]],[[[-2.8233,43.2938],[-2.8258,43.2929],[-2.8256,43.2919],[-2.8271,43.2909],[-2.8277,43.2888],[-2.8282,43.2849],[-2.8234,43.2861],[-2.8218,43.289],[-2.8233,43.2938]]],[[[-2.8348,43.2851],[-2.8307,43.2823],[-2.8285,43.2838],[-2.83,43.2888],[-2.8301,43.2958],[-2.8362,43.2928],[-2.8372,43.2881],[-2.8348,43.2851]]],[[[-2.8243,43.2947],[-2.8301,43.2932],[-2.8271,43.2909],[-2.8257,43.2919],[-2.8258,43.2929],[-2.8243,43.2947]]],[[[-2.8342,43.3269],[-2.8306,43.3307],[-2.8345,43.3338],[-2.8389,43.3289],[-2.8342,43.3269]]],[[[-2.8304,43.3315],[-2.8297,43.3302],[-2.8214,43.329],[-2.8165,43.3306],[-2.8173,43.3332],[-2.817,43.3344],[-2.8174,43.3345],[-2.8176,43.3353],[-2.8187,43.3353],[-2.8191,43.3362],[-2.8205,43.3367],[-2.8201,43.3372],[-2.8261,43.3373],[-2.8275,43.3371],[-2.8284,43.3371],[-2.8287,43.3372],[-2.8285,43.3377],[-2.8305,43.3379],[-2.8331,43.3394],[-2.8335,43.3382],[-2.8304,43.3315]]],[[[-2.8447,43.3371],[-2.844,43.334],[-2.8375,43.3375],[-2.8385,43.3419],[-2.8447,43.3371]]],[[[-2.831,43.3393],[-2.8304,43.3379],[-2.8284,43.3377],[-2.8284,43.3372],[-2.8263,43.3374],[-2.8251,43.3379],[-2.82,43.3373],[-2.8186,43.339],[-2.8233,43.3424],[-2.8235,43.3469],[-2.8272,43.3493],[-2.8353,43.3524],[-2.8371,43.3476],[-2.8309,43.347],[-2.8257,43.345],[-2.8275,43.3415],[-2.831,43.3393]]],[[[-2.8208,43.3618],[-2.8279,43.3638],[-2.8303,43.3596],[-2.8208,43.3618]]],[[[-2.8483,43.3817],[-2.8403,43.3787],[-2.8342,43.3785],[-2.8317,43.3758],[-2.8366,43.3736],[-2.8386,43.366],[-2.8343,43.3609],[-2.8299,43.3627],[-2.8323,43.3666],[-2.8317,43.3709],[-2.8276,43.3715],[-2.8253,43.3765],[-2.8335,43.3838],[-2.8384,43.3831],[-2.8392,43.3855],[-2.8454,43.3857],[-2.8483,43.3817]]],[[[-2.847,43.4238],[-2.853,43.4245],[-2.8557,43.4224],[-2.8476,43.4187],[-2.8449,43.4135],[-2.8422,43.4163],[-2.8352,43.4192],[-2.8357,43.424],[-2.8399,43.4226],[-2.847,43.4238]]],[[[-2.8207,43.4218],[-2.8112,43.4314],[-2.8232,43.4344],[-2.8264,43.4318],[-2.8345,43.4313],[-2.8403,43.4328],[-2.8456,43.432],[-2.8446,43.4282],[-2.8486,43.4247],[-2.84,43.4227],[-2.8374,43.4265],[-2.8387,43.4309],[-2.8318,43.4307],[-2.8234,43.4274],[-2.8233,43.4229],[-2.8207,43.4218]]],[[[-2.8267,42.565],[-2.8264,42.5691],[-2.8315,42.5677],[-2.8318,42.5734],[-2.8368,42.5791],[-2.8388,42.5785],[-2.837,42.57],[-2.8266,42.5622],[-2.825,42.5552],[-2.8189,42.5558],[-2.8174,42.5586],[-2.824,42.5588],[-2.8267,42.565]]],[[[-2.8251,42.5856],[-2.8168,42.5904],[-2.8151,42.5855],[-2.809,42.588],[-2.8036,42.5886],[-2.8004,42.5921],[-2.8038,42.5953],[-2.8087,42.5972],[-2.8172,42.5973],[-2.8198,42.5908],[-2.8251,42.5856]]],[[[-2.8245,42.6957],[-2.8206,42.6902],[-2.8178,42.6892],[-2.8117,42.69],[-2.8212,42.7007],[-2.8242,42.7005],[-2.8275,42.6966],[-2.8245,42.6957]]],[[[-2.8185,42.7032],[-2.8176,42.6988],[-2.8114,42.6907],[-2.8098,42.6917],[-2.8097,42.6973],[-2.8136,42.701],[-2.8122,42.7052],[-2.8185,42.7032]]],[[[-2.845,42.8169],[-2.8422,42.8142],[-2.8366,42.8148],[-2.8394,42.8186],[-2.8377,42.821],[-2.832,42.8178],[-2.834,42.815],[-2.8235,42.8147],[-2.8189,42.8164],[-2.8149,42.8209],[-2.8083,42.8206],[-2.803,42.8232],[-2.8028,42.8257],[-2.8121,42.825],[-2.8195,42.8231],[-2.8246,42.819],[-2.8272,42.8221],[-2.8349,42.8253],[-2.8418,42.8244],[-2.8455,42.8199],[-2.845,42.8169]]],[[[-2.8153,42.9268],[-2.8126,42.9239],[-2.8075,42.93],[-2.8136,42.9298],[-2.8153,42.9268]]],[[[-2.8122,42.9492],[-2.8106,42.9477],[-2.8122,42.9441],[-2.8118,42.9418],[-2.8044,42.9368],[-2.8027,42.9392],[-2.8043,42.9414],[-2.8086,42.9452],[-2.8118,42.9492],[-2.8122,42.9492]]],[[[-2.8114,42.9497],[-2.8189,42.9542],[-2.8261,42.9513],[-2.8275,42.9475],[-2.8178,42.9459],[-2.8148,42.9495],[-2.8114,42.9497]]],[[[-2.8139,42.9565],[-2.8147,42.9535],[-2.8108,42.95],[-2.8077,42.956],[-2.8139,42.9565]]],[[[-2.8211,42.9611],[-2.8161,42.9574],[-2.8078,42.9572],[-2.8089,42.9594],[-2.8211,42.9611]]],[[[-2.8288,43.1537],[-2.8219,43.154],[-2.817,43.1581],[-2.819,43.1613],[-2.8231,43.1561],[-2.8288,43.1537]]],[[[-2.814,43.2162],[-2.8135,43.2125],[-2.81,43.2078],[-2.8074,43.2101],[-2.8131,43.2135],[-2.814,43.2162]]],[[[-2.8207,43.2316],[-2.8174,43.2349],[-2.8173,43.2389],[-2.8243,43.2387],[-2.8252,43.2368],[-2.8332,43.2329],[-2.8328,43.2303],[-2.8253,43.2325],[-2.8207,43.2316]]],[[[-2.8158,43.2373],[-2.8127,43.234],[-2.8043,43.2367],[-2.803,43.2416],[-2.8056,43.2455],[-2.8037,43.2508],[-2.8074,43.252],[-2.8113,43.25],[-2.8138,43.2459],[-2.8102,43.2415],[-2.8158,43.2373]]],[[[-2.8293,43.2748],[-2.8293,43.273],[-2.8243,43.2706],[-2.8224,43.2817],[-2.8285,43.2809],[-2.8293,43.2748]]],[[[-2.8184,43.3047],[-2.8091,43.2975],[-2.8043,43.2961],[-2.8013,43.2964],[-2.8046,43.2998],[-2.8044,43.3015],[-2.8076,43.3022],[-2.8065,43.3033],[-2.8085,43.3045],[-2.8118,43.3082],[-2.8119,43.3109],[-2.8148,43.3167],[-2.8198,43.3132],[-2.8178,43.3102],[-2.8184,43.3047]]],[[[-2.8163,43.3229],[-2.8107,43.3242],[-2.8131,43.328],[-2.8164,43.3277],[-2.8163,43.3229]]],[[[-2.8169,43.334],[-2.8124,43.3322],[-2.8083,43.3368],[-2.8198,43.3375],[-2.8204,43.3366],[-2.819,43.3363],[-2.8177,43.3356],[-2.8175,43.3353],[-2.8174,43.3346],[-2.8169,43.3343],[-2.8169,43.334]]],[[[-2.819,43.3634],[-2.8151,43.3646],[-2.8147,43.3684],[-2.8242,43.3745],[-2.8277,43.371],[-2.8209,43.3635],[-2.819,43.3634]]],[[[-2.8014,43.3733],[-2.8013,43.3799],[-2.8054,43.3822],[-2.8093,43.382],[-2.8108,43.3795],[-2.818,43.3847],[-2.8261,43.3875],[-2.8307,43.3907],[-2.8345,43.3917],[-2.8402,43.3908],[-2.8426,43.3861],[-2.835,43.3865],[-2.8286,43.3831],[-2.821,43.3808],[-2.8239,43.377],[-2.82,43.3752],[-2.8119,43.3748],[-2.8118,43.3703],[-2.8073,43.3709],[-2.8014,43.3733]]],[[[-2.8089,43.4009],[-2.8139,43.4054],[-2.8167,43.402],[-2.8151,43.3994],[-2.8103,43.3974],[-2.8089,43.4009]]],[[[-2.8256,43.4088],[-2.8215,43.4095],[-2.8217,43.4135],[-2.827,43.4112],[-2.8256,43.4088]]],[[[-2.8143,43.4111],[-2.811,43.41],[-2.8084,43.4103],[-2.8046,43.4116],[-2.8069,43.4142],[-2.8121,43.4155],[-2.8143,43.4111]]],[[[-2.8052,42.582],[-2.8007,42.5844],[-2.8036,42.5884],[-2.8079,42.5881],[-2.8106,42.5838],[-2.8052,42.582]]],[[[-2.8713,42.6623],[-2.8784,42.6586],[-2.8767,42.6567],[-2.8625,42.6587],[-2.858,42.6567],[-2.8485,42.655],[-2.8426,42.6549],[-2.8228,42.6573],[-2.8063,42.654],[-2.8037,42.6528],[-2.7969,42.6529],[-2.7942,42.652],[-2.7861,42.6523],[-2.7823,42.6499],[-2.7583,42.6515],[-2.7522,42.6499],[-2.752,42.648],[-2.7464,42.6469],[-2.7418,42.6482],[-2.7369,42.6469],[-2.7352,42.6438],[-2.7303,42.6439],[-2.7288,42.6521],[-2.7231,42.6521],[-2.7196,42.6548],[-2.716,42.6553],[-2.7181,42.6612],[-2.7181,42.662],[-2.7275,42.6637],[-2.7344,42.6623],[-2.7488,42.6658],[-2.7678,42.6659],[-2.7753,42.6702],[-2.7705,42.6725],[-2.7704,42.6763],[-2.778,42.6852],[-2.7874,42.6824],[-2.795,42.6818],[-2.8019,42.6856],[-2.809,42.6861],[-2.8135,42.685],[-2.8237,42.6858],[-2.8316,42.6825],[-2.8393,42.682],[-2.8367,42.6735],[-2.8437,42.6711],[-2.8471,42.669],[-2.8499,42.668],[-2.8606,42.6651],[-2.8673,42.6638],[-2.8694,42.6627],[-2.8703,42.6624],[-2.8713,42.6623]]],[[[-2.8157,42.8128],[-2.8111,42.8144],[-2.8008,42.812],[-2.7953,42.8125],[-2.7934,42.8178],[-2.8101,42.8149],[-2.8157,42.8128]]],[[[-2.8055,42.885],[-2.8045,42.889],[-2.8064,42.8917],[-2.8071,42.8938],[-2.8098,42.8937],[-2.8111,42.891],[-2.8114,42.8834],[-2.808,42.8808],[-2.8025,42.8801],[-2.7991,42.8831],[-2.8028,42.8859],[-2.8055,42.885]]],[[[-2.8082,42.8951],[-2.8068,42.8946],[-2.8064,42.8918],[-2.8006,42.8921],[-2.7952,42.891],[-2.7961,42.8955],[-2.7995,42.897],[-2.8082,42.8951]]],[[[-2.7953,42.9265],[-2.7954,42.9277],[-2.7967,42.928],[-2.8016,42.9298],[-2.8047,42.9304],[-2.8034,42.9273],[-2.8089,42.9262],[-2.8115,42.9212],[-2.8009,42.922],[-2.7973,42.9233],[-2.7953,42.9265]]],[[[-2.8021,42.9328],[-2.8047,42.9304],[-2.8016,42.9298],[-2.7967,42.928],[-2.7958,42.929],[-2.797,42.9304],[-2.8021,42.9328]]],[[[-2.8004,42.9424],[-2.7941,42.9435],[-2.8014,42.9513],[-2.8094,42.9488],[-2.8064,42.9455],[-2.8034,42.9455],[-2.8004,42.9424]]],[[[-2.8052,43.1319],[-2.8015,43.1329],[-2.7942,43.1293],[-2.791,43.1336],[-2.7961,43.136],[-2.8052,43.1319]]],[[[-2.7913,43.152],[-2.7932,43.1543],[-2.7942,43.1542],[-2.7973,43.1545],[-2.7981,43.1543],[-2.7995,43.1531],[-2.8023,43.1527],[-2.8024,43.1486],[-2.7944,43.1479],[-2.7911,43.149],[-2.7913,43.152]]],[[[-2.7915,43.2066],[-2.8008,43.2054],[-2.81,43.2071],[-2.8174,43.2161],[-2.8214,43.2141],[-2.8286,43.2129],[-2.8343,43.2075],[-2.8336,43.2063],[-2.8347,43.2055],[-2.8347,43.204],[-2.8361,43.2026],[-2.837,43.1992],[-2.8374,43.1951],[-2.832,43.1939],[-2.8317,43.1895],[-2.8272,43.186],[-2.8222,43.1864],[-2.8189,43.1885],[-2.8134,43.1998],[-2.8088,43.1996],[-2.8066,43.2023],[-2.8002,43.2008],[-2.7945,43.2026],[-2.7916,43.2011],[-2.7945,43.1956],[-2.7913,43.1916],[-2.7846,43.1909],[-2.7797,43.1923],[-2.7767,43.1912],[-2.776,43.1966],[-2.7741,43.1992],[-2.7768,43.2056],[-2.7816,43.2083],[-2.7915,43.2066]],[[-2.8271,43.209],[-2.8204,43.2089],[-2.8225,43.2009],[-2.8257,43.1978],[-2.8354,43.1951],[-2.8364,43.1988],[-2.8359,43.2028],[-2.8345,43.2042],[-2.8335,43.2061],[-2.8335,43.2066],[-2.8343,43.2075],[-2.8271,43.209]]],[[[-2.7996,43.2508],[-2.8032,43.2477],[-2.8014,43.2411],[-2.799,43.2413],[-2.7982,43.2488],[-2.7996,43.2508]]],[[[-2.8045,43.2583],[-2.801,43.2593],[-2.8001,43.2624],[-2.8056,43.2617],[-2.8045,43.2583]]],[[[-2.7995,43.2972],[-2.7982,43.3012],[-2.8007,43.3036],[-2.8049,43.3028],[-2.8045,43.3016],[-2.8029,43.3014],[-2.8046,43.2998],[-2.8012,43.2964],[-2.7995,43.2972]]],[[[-2.7991,43.3141],[-2.7987,43.314],[-2.7983,43.3131],[-2.796,43.3133],[-2.7975,43.3158],[-2.7958,43.3171],[-2.7949,43.3193],[-2.7981,43.3207],[-2.7918,43.3217],[-2.7892,43.3246],[-2.7881,43.3288],[-2.7859,43.3278],[-2.7898,43.331],[-2.7929,43.3311],[-2.7934,43.3313],[-2.7939,43.3315],[-2.7974,43.3311],[-2.7983,43.3295],[-2.801,43.3304],[-2.8035,43.329],[-2.8052,43.3253],[-2.8024,43.3228],[-2.802,43.3187],[-2.7991,43.3151],[-2.7997,43.3148],[-2.7997,43.3147],[-2.7994,43.3146],[-2.799,43.3145],[-2.7992,43.3143],[-2.7992,43.3142],[-2.7991,43.3141]]],[[[-2.8095,43.3177],[-2.8114,43.322],[-2.8073,43.3255],[-2.8047,43.3208],[-2.8044,43.3159],[-2.8157,43.3187],[-2.8132,43.3137],[-2.8077,43.3121],[-2.8076,43.3097],[-2.8016,43.3081],[-2.7983,43.309],[-2.7933,43.3079],[-2.785,43.3079],[-2.7837,43.301],[-2.7839,43.307],[-2.7902,43.3128],[-2.7983,43.3131],[-2.7987,43.3139],[-2.7992,43.3141],[-2.7992,43.3142],[-2.7993,43.3143],[-2.7992,43.3144],[-2.799,43.3145],[-2.7994,43.3146],[-2.7997,43.3147],[-2.7997,43.3148],[-2.7996,43.3149],[-2.7991,43.3151],[-2.802,43.3187],[-2.8026,43.3229],[-2.8076,43.3274],[-2.8087,43.3303],[-2.8125,43.3319],[-2.8107,43.3242],[-2.8144,43.321],[-2.8095,43.3177]]],[[[-2.8125,43.3475],[-2.805,43.3473],[-2.7992,43.3509],[-2.8073,43.3551],[-2.8081,43.355],[-2.8094,43.3544],[-2.8124,43.3507],[-2.8125,43.3475]],[[-2.8098,43.353],[-2.8074,43.3551],[-2.8069,43.3546],[-2.8048,43.3534],[-2.8067,43.351],[-2.8064,43.3476],[-2.812,43.3483],[-2.8098,43.353]]],[[[-2.8086,43.3551],[-2.8027,43.3566],[-2.803,43.3621],[-2.8079,43.3599],[-2.8086,43.3551]]],[[[-2.8026,43.3565],[-2.7982,43.3567],[-2.7954,43.3589],[-2.8006,43.3615],[-2.8026,43.3565]]],[[[-2.8041,43.3715],[-2.8055,43.3676],[-2.8139,43.3644],[-2.8144,43.3604],[-2.8098,43.3549],[-2.8082,43.3629],[-2.8002,43.3638],[-2.7913,43.3666],[-2.7904,43.3718],[-2.7911,43.3767],[-2.7895,43.3823],[-2.7939,43.3874],[-2.7993,43.3883],[-2.8022,43.3833],[-2.7969,43.3807],[-2.7958,43.3824],[-2.792,43.3826],[-2.7906,43.3803],[-2.7938,43.3774],[-2.7959,43.3767],[-2.8041,43.3715]]],[[[-2.8014,43.3733],[-2.8001,43.376],[-2.7979,43.377],[-2.7937,43.3775],[-2.791,43.3805],[-2.792,43.3821],[-2.7966,43.3811],[-2.799,43.3782],[-2.8007,43.3758],[-2.8014,43.3733]]],[[[-2.8112,43.404],[-2.8047,43.4028],[-2.8064,43.4063],[-2.8108,43.4075],[-2.8112,43.404]]],[[[-2.8042,43.4108],[-2.802,43.4154],[-2.8077,43.4152],[-2.8045,43.4116],[-2.8042,43.4108]]],[[[-2.8106,43.4178],[-2.804,43.4192],[-2.8051,43.4227],[-2.8102,43.4228],[-2.8106,43.4178]]],[[[-2.7922,43.4262],[-2.8007,43.4286],[-2.8024,43.4251],[-2.7961,43.4241],[-2.7922,43.4262]]],[[[-2.7872,42.5851],[-2.7893,42.5875],[-2.7967,42.5833],[-2.8003,42.5847],[-2.8046,42.5815],[-2.7971,42.5786],[-2.7892,42.5813],[-2.7827,42.5822],[-2.7872,42.5851]]],[[[-2.7373,42.62],[-2.7329,42.6193],[-2.7283,42.6198],[-2.7268,42.6198],[-2.7248,42.6187],[-2.7247,42.6196],[-2.7256,42.6214],[-2.7247,42.6226],[-2.7256,42.6238],[-2.7261,42.6252],[-2.726,42.6264],[-2.7217,42.6296],[-2.7154,42.6399],[-2.7172,42.641],[-2.725,42.6443],[-2.7283,42.6431],[-2.7286,42.643],[-2.7289,42.6433],[-2.7294,42.6433],[-2.7341,42.6431],[-2.7415,42.6475],[-2.7527,42.6457],[-2.7522,42.6484],[-2.7579,42.6512],[-2.7853,42.6492],[-2.7967,42.6526],[-2.805,42.6522],[-2.8115,42.6525],[-2.8183,42.6553],[-2.8235,42.6559],[-2.8292,42.6517],[-2.8377,42.6538],[-2.8448,42.6524],[-2.8529,42.6538],[-2.8626,42.6508],[-2.8652,42.6484],[-2.8709,42.647],[-2.8671,42.6424],[-2.8545,42.6381],[-2.8403,42.6296],[-2.8332,42.6356],[-2.8271,42.6352],[-2.8321,42.6313],[-2.836,42.632],[-2.841,42.6289],[-2.8427,42.6232],[-2.8479,42.6171],[-2.8438,42.6144],[-2.8392,42.6086],[-2.8356,42.609],[-2.82,42.6147],[-2.8188,42.6128],[-2.8217,42.6038],[-2.8178,42.6001],[-2.8145,42.6003],[-2.8063,42.5981],[-2.8,42.5928],[-2.7965,42.5949],[-2.7891,42.5886],[-2.7854,42.5904],[-2.7827,42.5949],[-2.7765,42.5947],[-2.7714,42.5963],[-2.7723,42.6024],[-2.7744,42.6048],[-2.7675,42.6147],[-2.7637,42.6226],[-2.7562,42.6188],[-2.7522,42.6219],[-2.7475,42.6233],[-2.7406,42.6224],[-2.7373,42.62]]],[[[-2.7957,42.684],[-2.7856,42.6834],[-2.7785,42.6869],[-2.782,42.6892],[-2.7848,42.6869],[-2.7888,42.6865],[-2.7945,42.6881],[-2.7999,42.6862],[-2.7957,42.684]]],[[[-2.7966,42.8038],[-2.797,42.8023],[-2.7919,42.7981],[-2.7854,42.7998],[-2.7882,42.8049],[-2.7927,42.8062],[-2.7966,42.8038]]],[[[-2.7938,42.8234],[-2.7894,42.8222],[-2.785,42.8248],[-2.7896,42.8263],[-2.7922,42.8276],[-2.7951,42.8259],[-2.7938,42.8234]]],[[[-2.7941,42.8272],[-2.7914,42.8279],[-2.7899,42.8277],[-2.7888,42.8262],[-2.7837,42.8245],[-2.7802,42.8256],[-2.778,42.8294],[-2.7831,42.8329],[-2.7863,42.8297],[-2.7889,42.83],[-2.7904,42.8286],[-2.7941,42.8272]]],[[[-2.7918,42.8282],[-2.789,42.83],[-2.7901,42.8329],[-2.7965,42.8322],[-2.7968,42.8274],[-2.7918,42.8282]]],[[[-2.7962,42.8452],[-2.7995,42.8453],[-2.7984,42.8431],[-2.7952,42.842],[-2.7907,42.8397],[-2.7869,42.8383],[-2.7816,42.8355],[-2.773,42.8447],[-2.7886,42.8437],[-2.7962,42.8452]]],[[[-2.7996,42.8454],[-2.7978,42.846],[-2.7877,42.8442],[-2.7771,42.845],[-2.7777,42.847],[-2.7814,42.8457],[-2.7872,42.8446],[-2.7911,42.8505],[-2.8003,42.8466],[-2.8002,42.8426],[-2.7923,42.8389],[-2.7962,42.834],[-2.79,42.8329],[-2.787,42.8357],[-2.787,42.838],[-2.7909,42.8395],[-2.7962,42.8423],[-2.7982,42.8428],[-2.7997,42.8441],[-2.7996,42.8454]]],[[[-2.7943,42.8932],[-2.7952,42.891],[-2.8002,42.8896],[-2.7959,42.884],[-2.7943,42.8932]]],[[[-2.7858,43.1355],[-2.7857,43.1405],[-2.7902,43.1393],[-2.796,43.136],[-2.7903,43.1337],[-2.7858,43.1355]]],[[[-2.7851,43.1406],[-2.7851,43.1481],[-2.7888,43.1477],[-2.7851,43.1406]]],[[[-2.7983,43.1418],[-2.7942,43.1437],[-2.787,43.1433],[-2.7889,43.1476],[-2.7917,43.1483],[-2.7975,43.1469],[-2.7948,43.144],[-2.7983,43.1418]]],[[[-2.7894,43.1582],[-2.7801,43.1634],[-2.7759,43.1672],[-2.7778,43.1706],[-2.7795,43.1703],[-2.7817,43.1709],[-2.7854,43.1726],[-2.7897,43.1725],[-2.7944,43.1693],[-2.7942,43.1658],[-2.7912,43.1629],[-2.7967,43.1616],[-2.7986,43.1592],[-2.8036,43.1592],[-2.8069,43.1571],[-2.808,43.1537],[-2.8015,43.1543],[-2.7987,43.1546],[-2.7942,43.1542],[-2.7935,43.1565],[-2.7923,43.1572],[-2.7925,43.1583],[-2.7894,43.1582]]],[[[-2.8106,43.2182],[-2.8124,43.2169],[-2.8061,43.2124],[-2.8066,43.2097],[-2.7958,43.2097],[-2.7867,43.2137],[-2.7733,43.2096],[-2.7671,43.2091],[-2.7651,43.2123],[-2.7748,43.2168],[-2.7869,43.2183],[-2.792,43.2161],[-2.7998,43.2167],[-2.8017,43.2203],[-2.8132,43.2288],[-2.8074,43.2317],[-2.7998,43.23],[-2.7951,43.231],[-2.8006,43.2357],[-2.8084,43.2349],[-2.8177,43.2304],[-2.8176,43.2257],[-2.8106,43.2182]]],[[[-2.7943,43.2554],[-2.7884,43.2576],[-2.7922,43.2598],[-2.7943,43.2554]]],[[[-2.7922,43.2652],[-2.7919,43.2596],[-2.7886,43.2578],[-2.7843,43.262],[-2.7805,43.2637],[-2.7868,43.2666],[-2.7922,43.2652]]],[[[-2.7959,43.2636],[-2.7922,43.2678],[-2.7989,43.2676],[-2.7959,43.2636]]],[[[-2.7931,43.3135],[-2.7863,43.3124],[-2.7891,43.3231],[-2.7944,43.3202],[-2.7933,43.3175],[-2.7931,43.3135]]],[[[-2.7857,43.3359],[-2.789,43.3411],[-2.7899,43.34],[-2.7909,43.3393],[-2.7913,43.3387],[-2.7925,43.3377],[-2.7925,43.3371],[-2.7927,43.3369],[-2.7931,43.3365],[-2.7939,43.3363],[-2.8006,43.3354],[-2.801,43.3323],[-2.7964,43.3315],[-2.794,43.3316],[-2.7931,43.3312],[-2.791,43.3312],[-2.7897,43.331],[-2.786,43.3288],[-2.7853,43.3315],[-2.7814,43.3311],[-2.7781,43.3326],[-2.7812,43.3376],[-2.7857,43.3359]]],[[[-2.7882,43.3457],[-2.7989,43.3407],[-2.8007,43.3354],[-2.7969,43.3368],[-2.7939,43.3364],[-2.7933,43.3365],[-2.7927,43.3369],[-2.7926,43.3376],[-2.7923,43.338],[-2.7912,43.3392],[-2.7908,43.3414],[-2.7896,43.3416],[-2.7864,43.3396],[-2.7801,43.3426],[-2.7686,43.3435],[-2.7684,43.345],[-2.7706,43.3452],[-2.7712,43.346],[-2.7719,43.3464],[-2.7722,43.3469],[-2.7749,43.3473],[-2.7768,43.3481],[-2.7752,43.3512],[-2.7704,43.3516],[-2.7684,43.3552],[-2.7723,43.3561],[-2.7793,43.3547],[-2.7817,43.3559],[-2.7837,43.3553],[-2.7845,43.3546],[-2.7856,43.3551],[-2.7864,43.355],[-2.7883,43.3554],[-2.7891,43.3552],[-2.7895,43.3553],[-2.7897,43.3553],[-2.7898,43.3552],[-2.7913,43.3537],[-2.7918,43.3525],[-2.7937,43.3506],[-2.7983,43.3477],[-2.7947,43.3463],[-2.7899,43.3502],[-2.7914,43.3531],[-2.7912,43.3538],[-2.7902,43.3546],[-2.7897,43.3552],[-2.7891,43.3551],[-2.7883,43.3553],[-2.7865,43.355],[-2.7856,43.3551],[-2.7844,43.3541],[-2.7836,43.3544],[-2.7817,43.3526],[-2.7845,43.3467],[-2.7882,43.3457]]],[[[-2.7904,43.4287],[-2.7837,43.4297],[-2.7841,43.4316],[-2.7955,43.4316],[-2.7969,43.428],[-2.7919,43.4266],[-2.7904,43.4287]]],[[[-2.7809,42.5915],[-2.7839,42.5927],[-2.7862,42.5888],[-2.7889,42.5879],[-2.7827,42.5823],[-2.7797,42.5875],[-2.7809,42.5915]]],[[[-2.785,42.8506],[-2.7857,42.8486],[-2.7827,42.8455],[-2.779,42.8466],[-2.7806,42.8508],[-2.785,42.8506]]],[[[-2.7901,42.8633],[-2.7904,42.8606],[-2.7854,42.8548],[-2.7767,42.853],[-2.778,42.8521],[-2.778,42.8509],[-2.7772,42.8503],[-2.7768,42.8514],[-2.7768,42.8519],[-2.7766,42.8523],[-2.7756,42.8536],[-2.7751,42.8541],[-2.7751,42.8552],[-2.7762,42.8566],[-2.776,42.8575],[-2.7784,42.8593],[-2.7815,42.8583],[-2.7843,42.861],[-2.7806,42.8615],[-2.7775,42.86],[-2.7733,42.8603],[-2.7745,42.8646],[-2.7817,42.8659],[-2.7901,42.8633]]],[[[-2.7887,42.8713],[-2.787,42.8693],[-2.7809,42.8681],[-2.7754,42.8703],[-2.7745,42.8734],[-2.7846,42.8786],[-2.7879,42.8754],[-2.7887,42.8713]]],[[[-2.7804,42.9687],[-2.7827,42.9672],[-2.784,42.9655],[-2.7835,42.9638],[-2.7835,42.9629],[-2.7836,42.9625],[-2.7839,42.9622],[-2.786,42.9603],[-2.7892,42.9589],[-2.7872,42.9572],[-2.7811,42.9592],[-2.7782,42.9626],[-2.7804,42.9687]]],[[[-2.7778,43.0928],[-2.7711,43.0929],[-2.7724,43.0969],[-2.7778,43.0928]]],[[[-2.7937,43.1299],[-2.791,43.1246],[-2.7829,43.1234],[-2.7801,43.1179],[-2.7749,43.1142],[-2.7674,43.1154],[-2.7696,43.1208],[-2.773,43.1209],[-2.7809,43.1305],[-2.7913,43.1325],[-2.7937,43.1299]]],[[[-2.7886,43.15],[-2.7834,43.1486],[-2.7796,43.1532],[-2.7754,43.1559],[-2.7751,43.1583],[-2.7837,43.1579],[-2.7876,43.1559],[-2.7886,43.15]]],[[[-2.7823,43.1713],[-2.7795,43.1703],[-2.7778,43.1706],[-2.7786,43.1727],[-2.7762,43.1763],[-2.7772,43.1779],[-2.7746,43.1806],[-2.7749,43.1876],[-2.7795,43.1855],[-2.7789,43.179],[-2.7826,43.1764],[-2.7823,43.1713]]],[[[-2.7819,43.2671],[-2.776,43.266],[-2.7782,43.2714],[-2.7819,43.2671]]],[[[-2.7823,43.2672],[-2.7788,43.2715],[-2.7834,43.2728],[-2.7823,43.2672]]],[[[-2.7837,43.3264],[-2.7815,43.3245],[-2.7763,43.3268],[-2.7753,43.3309],[-2.7818,43.331],[-2.7837,43.3264]]],[[[-2.7772,42.85],[-2.7719,42.8541],[-2.7708,42.8588],[-2.7761,42.8566],[-2.7752,42.8553],[-2.7749,42.8545],[-2.775,42.8539],[-2.7757,42.8535],[-2.7767,42.8521],[-2.7767,42.8515],[-2.7772,42.85]]],[[[-2.7656,42.8627],[-2.7697,42.8612],[-2.7718,42.8542],[-2.7655,42.8582],[-2.7656,42.8627]]],[[[-2.7697,42.9451],[-2.7726,42.9418],[-2.7665,42.9413],[-2.761,42.945],[-2.7679,42.9519],[-2.7737,42.95],[-2.7697,42.9451]]],[[[-2.7659,42.9523],[-2.7655,42.9572],[-2.7718,42.9551],[-2.7734,42.952],[-2.7659,42.9523]]],[[[-2.7721,43.1293],[-2.7754,43.1363],[-2.7792,43.1394],[-2.7807,43.1349],[-2.7742,43.1282],[-2.7658,43.122],[-2.7661,43.1174],[-2.7612,43.1163],[-2.755,43.11],[-2.7505,43.1022],[-2.7458,43.1011],[-2.749,43.0978],[-2.7487,43.0909],[-2.7415,43.0889],[-2.7355,43.0825],[-2.7318,43.0816],[-2.7257,43.0872],[-2.7274,43.0936],[-2.7346,43.0977],[-2.7403,43.0985],[-2.7407,43.1037],[-2.7341,43.1081],[-2.7362,43.1126],[-2.7428,43.1145],[-2.7431,43.1171],[-2.7469,43.1205],[-2.7533,43.1226],[-2.7576,43.1228],[-2.7626,43.1257],[-2.7673,43.1266],[-2.7721,43.1293]]],[[[-2.7676,43.1465],[-2.7691,43.1512],[-2.7735,43.1515],[-2.7772,43.1494],[-2.774,43.1466],[-2.7676,43.1465]]],[[[-2.7712,43.1839],[-2.765,43.1803],[-2.7666,43.1863],[-2.7712,43.1839]]],[[[-2.7727,43.1881],[-2.7663,43.1897],[-2.7644,43.1921],[-2.7703,43.1934],[-2.7751,43.1919],[-2.7727,43.1881]]],[[[-2.7749,43.1966],[-2.7643,43.2048],[-2.7719,43.2053],[-2.7715,43.2002],[-2.7749,43.1966]]],[[[-2.7675,43.2957],[-2.7653,43.2995],[-2.7702,43.3026],[-2.7715,43.2998],[-2.7675,43.2957]]],[[[-2.7699,43.3358],[-2.7648,43.3356],[-2.761,43.3375],[-2.7667,43.338],[-2.7673,43.3403],[-2.7735,43.3391],[-2.7699,43.3358]]],[[[-2.7667,43.3437],[-2.7668,43.3496],[-2.7703,43.3516],[-2.7767,43.3481],[-2.7748,43.3474],[-2.773,43.3472],[-2.7725,43.3471],[-2.772,43.3468],[-2.7683,43.3449],[-2.7653,43.3411],[-2.7667,43.338],[-2.7641,43.338],[-2.7633,43.3416],[-2.7653,43.3426],[-2.7667,43.3437]]],[[[-2.7775,43.4383],[-2.7828,43.4402],[-2.7854,43.434],[-2.781,43.4309],[-2.7631,43.4354],[-2.7616,43.4343],[-2.7611,43.4259],[-2.7644,43.4204],[-2.7682,43.4177],[-2.7759,43.4203],[-2.777,43.4179],[-2.7729,43.416],[-2.7706,43.4125],[-2.7612,43.4056],[-2.7592,43.4099],[-2.7554,43.4099],[-2.7532,43.4149],[-2.7482,43.4179],[-2.7475,43.4208],[-2.7403,43.4243],[-2.7401,43.4282],[-2.741,43.4289],[-2.7416,43.4309],[-2.7475,43.4312],[-2.7462,43.4333],[-2.7508,43.4397],[-2.7559,43.4407],[-2.758,43.4459],[-2.7637,43.4443],[-2.7683,43.441],[-2.7736,43.4404],[-2.7775,43.4383]]],[[[-2.7666,42.8353],[-2.7709,42.8341],[-2.7691,42.83],[-2.7626,42.8317],[-2.763,42.8354],[-2.7666,42.8353]]],[[[-2.7707,42.8452],[-2.7596,42.8495],[-2.7483,42.8531],[-2.7598,42.8527],[-2.7624,42.8495],[-2.764,42.8488],[-2.7684,42.8493],[-2.7721,42.8476],[-2.7707,42.8452]]],[[[-2.7664,42.8513],[-2.7606,42.8551],[-2.7575,42.8612],[-2.7615,42.8614],[-2.7609,42.856],[-2.7664,42.8513]]],[[[-2.7726,42.8801],[-2.7687,42.8754],[-2.7638,42.8744],[-2.7582,42.8776],[-2.7564,42.8818],[-2.7588,42.8855],[-2.7635,42.8869],[-2.7697,42.8857],[-2.7726,42.8801]]],[[[-2.7654,42.9367],[-2.7556,42.9377],[-2.7565,42.941],[-2.7668,42.9405],[-2.7654,42.9367]]],[[[-2.7554,42.9586],[-2.7586,42.9628],[-2.7611,42.9604],[-2.7554,42.9586]]],[[[-2.7633,42.9655],[-2.7631,42.9635],[-2.7586,42.9628],[-2.7557,42.9601],[-2.7549,42.9619],[-2.7548,42.962],[-2.7547,42.9621],[-2.7545,42.9622],[-2.755,42.9631],[-2.7563,42.9632],[-2.7571,42.9654],[-2.7633,42.9655]]],[[[-2.779,43.0947],[-2.7724,43.0969],[-2.7655,43.0953],[-2.7592,43.0905],[-2.7549,43.0892],[-2.7504,43.0909],[-2.7519,43.0978],[-2.7505,43.1009],[-2.7517,43.1038],[-2.7576,43.1077],[-2.7594,43.1043],[-2.7639,43.1056],[-2.7731,43.1039],[-2.7743,43.1062],[-2.7802,43.1003],[-2.779,43.0947]]],[[[-2.7571,43.1116],[-2.7611,43.1159],[-2.765,43.1136],[-2.7571,43.1116]]],[[[-2.7606,43.309],[-2.7624,43.3056],[-2.7685,43.3022],[-2.7613,43.2999],[-2.7584,43.3004],[-2.7579,43.3018],[-2.7577,43.3019],[-2.7577,43.3021],[-2.7576,43.3023],[-2.7575,43.3023],[-2.7572,43.3024],[-2.7569,43.3025],[-2.7567,43.3026],[-2.7565,43.3026],[-2.7562,43.3027],[-2.7548,43.3029],[-2.7557,43.3053],[-2.7538,43.3095],[-2.7484,43.3088],[-2.7505,43.3133],[-2.7562,43.3102],[-2.7566,43.31],[-2.758,43.3101],[-2.7595,43.3097],[-2.7606,43.309]]],[[[-2.7712,43.3114],[-2.7663,43.3063],[-2.7624,43.3056],[-2.7615,43.3096],[-2.7581,43.3101],[-2.7567,43.3101],[-2.7559,43.3106],[-2.755,43.3117],[-2.7534,43.3118],[-2.7488,43.3149],[-2.7453,43.3192],[-2.7484,43.3212],[-2.7515,43.3241],[-2.7603,43.3274],[-2.7591,43.3228],[-2.7538,43.3198],[-2.7562,43.3153],[-2.7654,43.3148],[-2.7712,43.3114]]],[[[-2.7609,43.3378],[-2.7561,43.3349],[-2.755,43.3395],[-2.7601,43.3415],[-2.7609,43.3378]]],[[[-2.7569,43.3964],[-2.7615,43.3907],[-2.7593,43.3897],[-2.7569,43.3964]]],[[[-2.792,43.4389],[-2.7865,43.4424],[-2.7791,43.4406],[-2.7636,43.4456],[-2.7553,43.4468],[-2.7532,43.441],[-2.7507,43.4399],[-2.746,43.4334],[-2.7425,43.4313],[-2.7415,43.431],[-2.7413,43.4298],[-2.7398,43.4281],[-2.7434,43.4382],[-2.7481,43.445],[-2.7468,43.4521],[-2.7531,43.4565],[-2.7606,43.4499],[-2.7737,43.4473],[-2.7765,43.4448],[-2.7832,43.4449],[-2.7881,43.4434],[-2.792,43.4389]]],[[[-2.7753,42.8071],[-2.7784,42.8084],[-2.7787,42.8118],[-2.784,42.8102],[-2.7848,42.8071],[-2.7903,42.8111],[-2.792,42.8084],[-2.7846,42.8025],[-2.7802,42.8002],[-2.7805,42.793],[-2.7731,42.7941],[-2.7671,42.7926],[-2.7631,42.7937],[-2.755,42.7938],[-2.7439,42.7923],[-2.7379,42.7927],[-2.7317,42.7945],[-2.7283,42.791],[-2.724,42.797],[-2.7161,42.7985],[-2.7111,42.8036],[-2.7126,42.8048],[-2.7114,42.8154],[-2.7154,42.8152],[-2.7157,42.8264],[-2.7225,42.8249],[-2.7239,42.8286],[-2.7402,42.8263],[-2.7423,42.823],[-2.7508,42.8161],[-2.7555,42.8138],[-2.7644,42.813],[-2.7694,42.81],[-2.7769,42.8125],[-2.7775,42.8085],[-2.7753,42.8071]]],[[[-2.7587,42.8206],[-2.7555,42.8215],[-2.7539,42.8252],[-2.7602,42.8246],[-2.7587,42.8206]]],[[[-2.7458,42.8266],[-2.7517,42.825],[-2.7498,42.8226],[-2.7451,42.8243],[-2.7458,42.8266]]],[[[-2.7616,42.8256],[-2.7555,42.8261],[-2.7553,42.8322],[-2.762,42.8273],[-2.7616,42.8256]]],[[[-2.7618,42.8283],[-2.7558,42.8327],[-2.7597,42.8337],[-2.7618,42.8283]]],[[[-2.7425,42.8583],[-2.7408,42.8532],[-2.7302,42.8562],[-2.7307,42.86],[-2.7337,42.8621],[-2.7379,42.8613],[-2.7425,42.8583]]],[[[-2.7458,42.8621],[-2.7459,42.8668],[-2.7501,42.8697],[-2.755,42.8703],[-2.7582,42.8667],[-2.7575,42.861],[-2.7606,42.855],[-2.7673,42.8496],[-2.7638,42.849],[-2.7593,42.8532],[-2.7501,42.8554],[-2.7458,42.8621]]],[[[-2.7585,42.8716],[-2.7569,42.8713],[-2.75,42.8762],[-2.7517,42.8775],[-2.7601,42.8745],[-2.7585,42.8716]]],[[[-2.7407,42.8848],[-2.7493,42.8848],[-2.7444,42.8813],[-2.7407,42.8848]]],[[[-2.7464,42.8889],[-2.7488,42.8884],[-2.7492,42.8849],[-2.7417,42.8858],[-2.7386,42.8891],[-2.7464,42.8889]]],[[[-2.7449,42.88],[-2.742,42.8798],[-2.7311,42.8898],[-2.7301,42.8914],[-2.7291,42.8912],[-2.7275,42.8935],[-2.7245,42.8962],[-2.7261,42.8984],[-2.7365,42.8927],[-2.7345,42.8896],[-2.7348,42.8892],[-2.7382,42.8891],[-2.7388,42.8847],[-2.7449,42.88]]],[[[-2.737,42.8938],[-2.7261,42.8984],[-2.7276,42.8996],[-2.7363,42.9003],[-2.7356,42.9032],[-2.738,42.9061],[-2.7473,42.9081],[-2.7505,42.9064],[-2.7516,42.9023],[-2.7496,42.8997],[-2.7449,42.8976],[-2.747,42.8935],[-2.7526,42.8935],[-2.7574,42.8889],[-2.755,42.8845],[-2.7497,42.8832],[-2.749,42.8877],[-2.7504,42.8893],[-2.7463,42.889],[-2.7348,42.8893],[-2.7374,42.8934],[-2.737,42.8938]]],[[[-2.7259,42.8997],[-2.7282,42.9039],[-2.7326,42.9004],[-2.7259,42.8997]]],[[[-2.7282,42.9147],[-2.7316,42.9153],[-2.7336,42.9151],[-2.7336,42.914],[-2.7365,42.9123],[-2.7358,42.9105],[-2.7268,42.9103],[-2.7206,42.913],[-2.7244,42.9166],[-2.7282,42.9147]]],[[[-2.7355,42.9129],[-2.7337,42.9143],[-2.7344,42.9159],[-2.7306,42.9191],[-2.7389,42.9189],[-2.7398,42.913],[-2.7355,42.9129]]],[[[-2.7525,42.9281],[-2.7481,42.9308],[-2.7517,42.9312],[-2.7556,42.9321],[-2.7557,42.9298],[-2.7525,42.9281]]],[[[-2.7491,42.9365],[-2.7512,42.9384],[-2.7563,42.9357],[-2.7572,42.9321],[-2.7556,42.9322],[-2.7517,42.9312],[-2.7481,42.9308],[-2.746,42.9279],[-2.743,42.9298],[-2.7451,42.9333],[-2.7491,42.9365]]],[[[-2.7512,42.9404],[-2.7451,42.9337],[-2.7434,42.9365],[-2.7512,42.9404]]],[[[-2.7644,42.9523],[-2.7641,42.9501],[-2.7593,42.9451],[-2.7529,42.9434],[-2.7576,42.9522],[-2.7545,42.9544],[-2.7655,42.9572],[-2.7644,42.9523]]],[[[-2.7308,42.9537],[-2.7297,42.9567],[-2.7324,42.9593],[-2.7338,42.9637],[-2.7384,42.9632],[-2.7386,42.9607],[-2.7421,42.9543],[-2.7413,42.9516],[-2.7358,42.9509],[-2.7308,42.9537]]],[[[-2.7548,42.9631],[-2.7545,42.9622],[-2.7548,42.962],[-2.7551,42.9612],[-2.7556,42.9603],[-2.7556,42.96],[-2.7544,42.9586],[-2.7493,42.9604],[-2.7464,42.9629],[-2.7474,42.9639],[-2.7488,42.9648],[-2.7506,42.9656],[-2.7531,42.9653],[-2.7548,42.9631]]],[[[-2.7567,42.9656],[-2.7536,42.9671],[-2.7514,42.9668],[-2.7513,42.9658],[-2.7505,42.9657],[-2.7488,42.9648],[-2.7473,42.9639],[-2.7467,42.9684],[-2.7517,42.9685],[-2.7561,42.9713],[-2.7624,42.9678],[-2.7567,42.9656]]],[[[-2.7319,42.969],[-2.7272,42.9642],[-2.7213,42.9655],[-2.7265,42.9701],[-2.7261,42.9767],[-2.7298,42.9733],[-2.7319,42.9727],[-2.7319,42.969]]],[[[-2.7535,43.0695],[-2.7469,43.0737],[-2.7426,43.0743],[-2.7395,43.0773],[-2.7394,43.0786],[-2.7379,43.0795],[-2.7394,43.0843],[-2.7521,43.0829],[-2.7561,43.0789],[-2.7551,43.0749],[-2.7521,43.0731],[-2.7535,43.0695]]],[[[-2.729,43.1145],[-2.7336,43.1191],[-2.7365,43.1162],[-2.7315,43.113],[-2.729,43.1145]]],[[[-2.7334,43.1194],[-2.7275,43.122],[-2.7213,43.1235],[-2.724,43.1259],[-2.7335,43.1227],[-2.7334,43.1194]]],[[[-2.7464,43.1262],[-2.7452,43.1307],[-2.7502,43.1307],[-2.752,43.1254],[-2.7464,43.1262]]],[[[-2.7436,43.1272],[-2.7384,43.1281],[-2.7319,43.1276],[-2.7294,43.1312],[-2.7349,43.1318],[-2.7356,43.1351],[-2.7361,43.136],[-2.7367,43.1366],[-2.7382,43.1366],[-2.7398,43.1378],[-2.7426,43.1386],[-2.74,43.1361],[-2.7405,43.1335],[-2.7418,43.1311],[-2.7401,43.1291],[-2.7436,43.1272]]],[[[-2.7618,43.1477],[-2.7607,43.1448],[-2.7643,43.1396],[-2.7634,43.1364],[-2.7568,43.1325],[-2.7558,43.1272],[-2.7528,43.1273],[-2.7512,43.1306],[-2.7463,43.1344],[-2.7504,43.1378],[-2.7517,43.1407],[-2.7557,43.1422],[-2.7569,43.145],[-2.7618,43.1477]]],[[[-2.7456,43.143],[-2.7476,43.1394],[-2.7413,43.1384],[-2.7397,43.1378],[-2.7382,43.1367],[-2.7369,43.1367],[-2.7366,43.1366],[-2.7362,43.1363],[-2.7355,43.1351],[-2.7325,43.133],[-2.7273,43.1306],[-2.7264,43.1337],[-2.7272,43.1345],[-2.7283,43.1367],[-2.7307,43.1373],[-2.732,43.1384],[-2.7351,43.1391],[-2.7337,43.1401],[-2.7355,43.1417],[-2.7373,43.1417],[-2.7438,43.1446],[-2.7456,43.143]]],[[[-2.7447,43.1449],[-2.7397,43.1438],[-2.7391,43.1426],[-2.7373,43.1417],[-2.7355,43.1418],[-2.7345,43.1411],[-2.7282,43.1436],[-2.7314,43.1468],[-2.7352,43.1473],[-2.7363,43.1481],[-2.7374,43.1482],[-2.7379,43.1484],[-2.7384,43.1486],[-2.7405,43.1483],[-2.7447,43.1449]]],[[[-2.7433,43.2166],[-2.7397,43.2226],[-2.7439,43.2242],[-2.7523,43.2258],[-2.751,43.2215],[-2.7473,43.2197],[-2.7489,43.2133],[-2.7438,43.2111],[-2.7412,43.2139],[-2.7429,43.2163],[-2.7433,43.2166]]],[[[-2.7529,43.2382],[-2.7499,43.2379],[-2.7473,43.2295],[-2.7352,43.2251],[-2.7317,43.2251],[-2.7287,43.2322],[-2.7333,43.2367],[-2.7352,43.235],[-2.7369,43.2339],[-2.7361,43.2319],[-2.7346,43.229],[-2.7355,43.2253],[-2.7408,43.2295],[-2.7415,43.2367],[-2.7433,43.2391],[-2.7438,43.242],[-2.7484,43.2464],[-2.755,43.2451],[-2.7583,43.241],[-2.756,43.2365],[-2.7529,43.2382]]],[[[-2.7432,43.2399],[-2.7402,43.2344],[-2.7372,43.2332],[-2.7369,43.2339],[-2.7352,43.2351],[-2.7344,43.2361],[-2.7342,43.2371],[-2.7419,43.2382],[-2.7432,43.2399]]],[[[-2.7458,43.2701],[-2.7533,43.2678],[-2.7557,43.2646],[-2.7566,43.2599],[-2.7536,43.2581],[-2.7454,43.26],[-2.7422,43.2648],[-2.7434,43.2689],[-2.7458,43.2701]]],[[[-2.7584,43.2633],[-2.7533,43.2678],[-2.7557,43.2687],[-2.7584,43.2633]]],[[[-2.7586,43.2911],[-2.7583,43.2912],[-2.7576,43.2915],[-2.757,43.2921],[-2.7562,43.2933],[-2.7555,43.294],[-2.7542,43.2945],[-2.7532,43.2961],[-2.7507,43.297],[-2.7501,43.2933],[-2.744,43.2977],[-2.75,43.2999],[-2.7531,43.2972],[-2.7568,43.2981],[-2.7583,43.2974],[-2.7592,43.2942],[-2.7582,43.2937],[-2.7564,43.2931],[-2.7573,43.2923],[-2.7572,43.292],[-2.7577,43.2915],[-2.7583,43.2913],[-2.7586,43.2911],[-2.7589,43.2911],[-2.7589,43.291],[-2.7585,43.2911],[-2.7583,43.2912],[-2.7576,43.2914],[-2.7576,43.2909],[-2.7578,43.2903],[-2.7582,43.2899],[-2.7581,43.2898],[-2.7577,43.2903],[-2.7575,43.2909],[-2.7575,43.2911],[-2.7574,43.2914],[-2.7568,43.2921],[-2.756,43.293],[-2.7518,43.2928],[-2.7532,43.2961],[-2.7542,43.2944],[-2.7555,43.2939],[-2.7562,43.2933],[-2.757,43.2921],[-2.7576,43.2915],[-2.7583,43.2912],[-2.7586,43.2911]]],[[[-2.7623,43.295],[-2.7585,43.2973],[-2.7578,43.2979],[-2.7568,43.2982],[-2.7547,43.298],[-2.7493,43.3032],[-2.7473,43.3001],[-2.7432,43.3022],[-2.7468,43.307],[-2.7493,43.3072],[-2.7548,43.3029],[-2.7562,43.3027],[-2.7565,43.3026],[-2.7567,43.3026],[-2.7568,43.3025],[-2.7569,43.3024],[-2.7572,43.3024],[-2.7572,43.3023],[-2.7576,43.3022],[-2.7577,43.3019],[-2.7578,43.3018],[-2.7579,43.3018],[-2.7584,43.3004],[-2.761,43.2983],[-2.7623,43.295]]],[[[-2.745,43.3099],[-2.7422,43.3126],[-2.7422,43.3165],[-2.7452,43.3185],[-2.7473,43.3112],[-2.745,43.3099]]],[[[-2.7265,43.3184],[-2.7284,43.3235],[-2.7321,43.3215],[-2.7305,43.3171],[-2.7265,43.3184]]],[[[-2.7617,43.3283],[-2.7557,43.3287],[-2.755,43.3328],[-2.759,43.3321],[-2.7617,43.3283]]],[[[-2.7606,43.3672],[-2.7603,43.3648],[-2.7516,43.359],[-2.7494,43.3593],[-2.734,43.3567],[-2.7319,43.3578],[-2.7243,43.3575],[-2.7237,43.3593],[-2.7233,43.3595],[-2.7218,43.3594],[-2.7221,43.36],[-2.722,43.3602],[-2.7214,43.3604],[-2.72,43.3607],[-2.7196,43.3611],[-2.7185,43.3613],[-2.7179,43.3617],[-2.7174,43.3618],[-2.7128,43.359],[-2.7118,43.3591],[-2.7103,43.3614],[-2.71,43.3669],[-2.7055,43.3674],[-2.7008,43.3745],[-2.7,43.3777],[-2.7015,43.3836],[-2.6962,43.3885],[-2.7004,43.3942],[-2.6954,43.4005],[-2.6995,43.4037],[-2.7022,43.4074],[-2.7033,43.4129],[-2.708,43.4169],[-2.7114,43.4163],[-2.7115,43.4132],[-2.7148,43.4084],[-2.7205,43.4093],[-2.7232,43.4115],[-2.7246,43.413],[-2.725,43.4137],[-2.7278,43.4139],[-2.7303,43.4073],[-2.7287,43.4063],[-2.7285,43.4052],[-2.7289,43.4044],[-2.7302,43.4031],[-2.7312,43.4016],[-2.7318,43.4003],[-2.7313,43.3985],[-2.7301,43.3977],[-2.7313,43.3974],[-2.7317,43.395],[-2.7323,43.3959],[-2.7315,43.3966],[-2.7312,43.3979],[-2.7319,43.3997],[-2.7314,43.4018],[-2.7287,43.4052],[-2.729,43.4062],[-2.7304,43.4072],[-2.7313,43.4074],[-2.7319,43.4075],[-2.7314,43.4078],[-2.7313,43.408],[-2.7325,43.4085],[-2.7353,43.4071],[-2.737,43.4068],[-2.7375,43.4052],[-2.7389,43.4056],[-2.7397,43.4044],[-2.7406,43.4039],[-2.7403,43.4023],[-2.7434,43.4012],[-2.7447,43.4005],[-2.7459,43.4004],[-2.7513,43.4006],[-2.7537,43.4008],[-2.7613,43.3856],[-2.7621,43.3797],[-2.7651,43.3769],[-2.7631,43.3751],[-2.7643,43.3715],[-2.7606,43.3672]]],[[[-2.7504,43.4053],[-2.7425,43.409],[-2.7379,43.41],[-2.737,43.4105],[-2.7362,43.4106],[-2.7359,43.4109],[-2.7348,43.4112],[-2.7343,43.4115],[-2.7345,43.4122],[-2.7342,43.4135],[-2.7345,43.4155],[-2.7372,43.4155],[-2.742,43.4135],[-2.7499,43.4114],[-2.7549,43.4077],[-2.7603,43.4052],[-2.7537,43.4008],[-2.7467,43.4004],[-2.7448,43.4005],[-2.7435,43.4012],[-2.7432,43.4029],[-2.7398,43.4044],[-2.7389,43.4056],[-2.7375,43.4062],[-2.736,43.4089],[-2.7324,43.4103],[-2.7329,43.4121],[-2.7318,43.4134],[-2.7296,43.4143],[-2.7343,43.4156],[-2.7342,43.4135],[-2.7345,43.4122],[-2.7341,43.4113],[-2.7344,43.4109],[-2.7359,43.4105],[-2.737,43.4105],[-2.7379,43.41],[-2.7425,43.409],[-2.7504,43.4053]]],[[[-2.7315,43.4074],[-2.7306,43.4075],[-2.7305,43.4088],[-2.7298,43.4098],[-2.7288,43.4128],[-2.7316,43.4133],[-2.7322,43.4102],[-2.7336,43.4093],[-2.7313,43.408],[-2.7313,43.4078],[-2.7314,43.4077],[-2.7318,43.4075],[-2.7315,43.4074]]],[[[-2.7563,43.4075],[-2.7499,43.4114],[-2.742,43.4135],[-2.7434,43.4159],[-2.7494,43.4168],[-2.753,43.4146],[-2.7563,43.4075]]],[[[-2.728,42.6197],[-2.7312,42.6193],[-2.7307,42.6173],[-2.7067,42.5997],[-2.6889,42.5961],[-2.6856,42.5949],[-2.682,42.5958],[-2.684,42.5979],[-2.6843,42.5988],[-2.6832,42.6023],[-2.6758,42.6068],[-2.6744,42.612],[-2.6786,42.6136],[-2.6845,42.6136],[-2.6923,42.6186],[-2.7009,42.6272],[-2.7022,42.6298],[-2.7033,42.6304],[-2.7035,42.6307],[-2.7036,42.631],[-2.7039,42.6347],[-2.7081,42.6355],[-2.7108,42.6417],[-2.713,42.64],[-2.7109,42.6349],[-2.708,42.6331],[-2.7102,42.6311],[-2.7128,42.6382],[-2.7154,42.6399],[-2.7217,42.6296],[-2.726,42.6264],[-2.726,42.6252],[-2.7255,42.6238],[-2.7246,42.6231],[-2.7246,42.6226],[-2.7255,42.6214],[-2.7246,42.6196],[-2.7247,42.6187],[-2.7254,42.6184],[-2.7258,42.6191],[-2.7269,42.6198],[-2.728,42.6197]]],[[[-2.7105,42.6447],[-2.7106,42.6418],[-2.6991,42.6378],[-2.6963,42.6388],[-2.692,42.6375],[-2.69,42.6399],[-2.6917,42.6398],[-2.6958,42.6403],[-2.6973,42.6406],[-2.6977,42.6408],[-2.6982,42.6411],[-2.6996,42.6416],[-2.7008,42.6416],[-2.7017,42.6423],[-2.7028,42.6449],[-2.7105,42.6447]]],[[[-2.7286,42.643],[-2.7283,42.6431],[-2.727,42.6438],[-2.725,42.6444],[-2.7172,42.6411],[-2.7144,42.641],[-2.7152,42.6422],[-2.7157,42.6431],[-2.7172,42.643],[-2.7197,42.6436],[-2.7251,42.6444],[-2.7269,42.6438],[-2.7289,42.6434],[-2.7286,42.643]]],[[[-2.7127,42.6459],[-2.7156,42.648],[-2.7223,42.6488],[-2.7286,42.6448],[-2.7249,42.6445],[-2.72,42.6437],[-2.7173,42.643],[-2.7155,42.6431],[-2.715,42.642],[-2.7137,42.6405],[-2.7133,42.6419],[-2.7142,42.6421],[-2.714,42.6432],[-2.7148,42.6445],[-2.7127,42.6459]]],[[[-2.7143,42.6512],[-2.7129,42.6468],[-2.7052,42.6453],[-2.7061,42.6514],[-2.7089,42.6501],[-2.7143,42.6512]]],[[[-2.7158,42.6481],[-2.7196,42.6547],[-2.7213,42.6532],[-2.7243,42.6514],[-2.728,42.6496],[-2.7303,42.6439],[-2.7223,42.6488],[-2.7158,42.6481]]],[[[-2.7132,42.6681],[-2.7144,42.664],[-2.7178,42.662],[-2.718,42.6612],[-2.7159,42.6553],[-2.7112,42.6607],[-2.7113,42.6654],[-2.7132,42.6681]]],[[[-2.693,42.6646],[-2.6936,42.6657],[-2.7036,42.6679],[-2.7089,42.6683],[-2.7102,42.6649],[-2.7069,42.6606],[-2.6908,42.6592],[-2.6864,42.6606],[-2.6838,42.6656],[-2.6899,42.6658],[-2.693,42.6646]]],[[[-2.7059,42.6699],[-2.7036,42.6679],[-2.6935,42.6657],[-2.6838,42.6671],[-2.6869,42.6702],[-2.6914,42.6711],[-2.6971,42.6694],[-2.7059,42.6699]]],[[[-2.6941,42.7947],[-2.6906,42.7973],[-2.6895,42.8071],[-2.6831,42.8092],[-2.6859,42.8123],[-2.6807,42.8151],[-2.6783,42.8212],[-2.6779,42.8268],[-2.6749,42.8291],[-2.6739,42.8326],[-2.6812,42.8336],[-2.6827,42.8298],[-2.6823,42.8288],[-2.6834,42.8266],[-2.6864,42.823],[-2.6893,42.8218],[-2.6864,42.8182],[-2.6892,42.8163],[-2.6937,42.8163],[-2.6933,42.8211],[-2.7006,42.8199],[-2.7009,42.8108],[-2.7059,42.8081],[-2.7161,42.7984],[-2.7237,42.797],[-2.7281,42.7909],[-2.7188,42.7887],[-2.7113,42.7838],[-2.703,42.7847],[-2.6951,42.782],[-2.6934,42.7785],[-2.6787,42.7793],[-2.6762,42.7783],[-2.6761,42.7803],[-2.6768,42.7819],[-2.6796,42.7843],[-2.6809,42.7857],[-2.6848,42.7906],[-2.6861,42.7929],[-2.6875,42.7932],[-2.6894,42.7926],[-2.6906,42.795],[-2.6941,42.7947]]],[[[-2.7071,42.8199],[-2.7047,42.8179],[-2.6967,42.8248],[-2.7021,42.8268],[-2.7071,42.8199]]],[[[-2.7249,42.8393],[-2.7218,42.842],[-2.7212,42.8457],[-2.7281,42.8448],[-2.7249,42.8377],[-2.7253,42.8341],[-2.7206,42.8338],[-2.7249,42.8393]]],[[[-2.7194,42.8413],[-2.7204,42.8383],[-2.7153,42.8324],[-2.7103,42.8343],[-2.7125,42.8438],[-2.715,42.8497],[-2.7213,42.8505],[-2.721,42.8451],[-2.7194,42.8413]]],[[[-2.7349,42.8635],[-2.7229,42.8586],[-2.7204,42.8636],[-2.7164,42.8648],[-2.7177,42.8667],[-2.7158,42.8711],[-2.7142,42.8726],[-2.7168,42.875],[-2.7248,42.8679],[-2.7349,42.8635]]],[[[-2.717,42.8658],[-2.7149,42.865],[-2.7086,42.8668],[-2.7032,42.8697],[-2.7026,42.8731],[-2.7026,42.8732],[-2.7024,42.8736],[-2.7013,42.8746],[-2.7011,42.8753],[-2.7038,42.8781],[-2.7089,42.879],[-2.7133,42.8745],[-2.7119,42.872],[-2.7158,42.871],[-2.717,42.8658]]],[[[-2.699,42.8761],[-2.7011,42.8753],[-2.7013,42.8746],[-2.7024,42.8736],[-2.7025,42.8734],[-2.7026,42.8732],[-2.7026,42.8731],[-2.7025,42.873],[-2.7022,42.8729],[-2.7022,42.8725],[-2.7017,42.8718],[-2.7011,42.8721],[-2.6967,42.8719],[-2.699,42.8761]]],[[[-2.6977,42.8819],[-2.6976,42.8879],[-2.7054,42.8871],[-2.7041,42.8807],[-2.6977,42.8819]]],[[[-2.7303,42.891],[-2.7311,42.8897],[-2.7319,42.8889],[-2.731,42.8885],[-2.7265,42.8911],[-2.7228,42.8944],[-2.7247,42.8959],[-2.729,42.8911],[-2.7303,42.891]]],[[[-2.7014,42.8993],[-2.6993,42.8966],[-2.6953,42.8987],[-2.6981,42.9038],[-2.7028,42.9033],[-2.7014,42.8993]]],[[[-2.7052,42.8992],[-2.7025,42.9012],[-2.7036,42.9053],[-2.7078,42.9048],[-2.7088,42.9017],[-2.7052,42.8992]]],[[[-2.7255,42.9021],[-2.7257,42.9],[-2.7203,42.8981],[-2.7164,42.9017],[-2.7239,42.9052],[-2.7255,42.9021]]],[[[-2.7014,42.9213],[-2.7076,42.9209],[-2.7071,42.9147],[-2.7109,42.9115],[-2.7075,42.91],[-2.702,42.9121],[-2.701,42.9144],[-2.7014,42.9213]]],[[[-2.7289,42.9236],[-2.7212,42.9142],[-2.7147,42.9131],[-2.7146,42.9165],[-2.7124,42.919],[-2.7112,42.9196],[-2.7096,42.921],[-2.7109,42.9215],[-2.7134,42.9231],[-2.7141,42.924],[-2.7194,42.9192],[-2.7215,42.9217],[-2.7289,42.9236]]],[[[-2.7135,42.9243],[-2.7134,42.9232],[-2.7109,42.9215],[-2.7095,42.921],[-2.7092,42.9204],[-2.7037,42.9223],[-2.7055,42.9251],[-2.7135,42.9243]]],[[[-2.7197,42.9385],[-2.7202,42.943],[-2.7254,42.9399],[-2.7197,42.9385]]],[[[-2.7086,42.9445],[-2.7147,42.9456],[-2.7175,42.9447],[-2.7161,42.9404],[-2.7101,42.9418],[-2.7086,42.9445]]],[[[-2.6929,42.9433],[-2.6908,42.9476],[-2.6929,42.9516],[-2.6971,42.953],[-2.705,42.9509],[-2.7032,42.9481],[-2.7065,42.9452],[-2.7069,42.9423],[-2.699,42.9406],[-2.6929,42.9433]]],[[[-2.7217,42.9464],[-2.7086,42.9454],[-2.7093,42.9491],[-2.7063,42.9503],[-2.7123,42.9549],[-2.7186,42.9565],[-2.718,42.9527],[-2.7225,42.9508],[-2.7249,42.9526],[-2.7207,42.9553],[-2.7221,42.9585],[-2.7289,42.9561],[-2.7323,42.948],[-2.7217,42.9464]]],[[[-2.7184,42.9572],[-2.7127,42.9551],[-2.7109,42.9575],[-2.7088,42.957],[-2.7105,42.9536],[-2.7062,42.9504],[-2.7027,42.9575],[-2.7049,42.9608],[-2.711,42.9622],[-2.7147,42.961],[-2.7184,42.9572]]],[[[-2.7211,42.9649],[-2.7286,42.9636],[-2.728,42.9604],[-2.7204,42.9593],[-2.7211,42.9649]]],[[[-2.7039,42.9792],[-2.7099,42.9824],[-2.7175,42.98],[-2.7209,42.9761],[-2.7185,42.9698],[-2.709,42.9648],[-2.7043,42.9644],[-2.6999,42.9662],[-2.6963,42.9714],[-2.6972,42.9742],[-2.7032,42.9771],[-2.7039,42.9792]]],[[[-2.732,42.9744],[-2.7298,42.9733],[-2.7261,42.9767],[-2.7171,42.9814],[-2.7165,42.9822],[-2.7187,42.9834],[-2.7189,42.9844],[-2.7198,42.9857],[-2.7207,42.9853],[-2.7216,42.9852],[-2.7228,42.9844],[-2.7286,42.9802],[-2.7324,42.9763],[-2.732,42.9744]]],[[[-2.7082,42.9867],[-2.709,42.9825],[-2.7044,42.9798],[-2.7061,42.9871],[-2.7082,42.9867]]],[[[-2.7159,42.9872],[-2.7166,42.9865],[-2.7183,42.9859],[-2.719,42.9857],[-2.7198,42.9857],[-2.7189,42.9844],[-2.7187,42.9834],[-2.7161,42.9823],[-2.7136,42.9847],[-2.7159,42.9872]]],[[[-2.7005,42.9802],[-2.6962,42.9828],[-2.6988,42.9856],[-2.7004,42.989],[-2.7023,42.99],[-2.7032,42.9878],[-2.704,42.9875],[-2.7038,42.9867],[-2.7061,42.9871],[-2.7045,42.983],[-2.7005,42.9802]]],[[[-2.7007,42.9894],[-2.7004,42.989],[-2.6998,42.9877],[-2.6994,42.9873],[-2.6987,42.9856],[-2.6949,42.9849],[-2.6891,42.9876],[-2.6884,42.9876],[-2.6889,42.9885],[-2.6887,42.9888],[-2.6887,42.9889],[-2.6889,42.989],[-2.6893,42.9896],[-2.6898,42.9897],[-2.6904,42.9899],[-2.6914,42.9906],[-2.6925,42.9914],[-2.6943,42.9922],[-2.6996,42.9921],[-2.7007,42.9894]]],[[[-2.6893,43.0242],[-2.691,43.0293],[-2.693,43.0308],[-2.6994,43.0276],[-2.6932,43.0226],[-2.6893,43.0242]]],[[[-2.7306,43.1194],[-2.7251,43.1169],[-2.7225,43.118],[-2.7197,43.1172],[-2.7182,43.1175],[-2.7156,43.1172],[-2.7148,43.1194],[-2.7178,43.1225],[-2.7219,43.1232],[-2.7275,43.122],[-2.7306,43.1194]]],[[[-2.65,43.1429],[-2.6521,43.1471],[-2.6579,43.1482],[-2.6578,43.1516],[-2.6644,43.1516],[-2.6664,43.1543],[-2.6624,43.1571],[-2.6704,43.1592],[-2.6825,43.1576],[-2.6884,43.1577],[-2.6965,43.16],[-2.7032,43.17],[-2.7084,43.1721],[-2.7188,43.1729],[-2.7244,43.1807],[-2.7302,43.1812],[-2.7336,43.1933],[-2.7281,43.199],[-2.7282,43.2026],[-2.732,43.2082],[-2.7254,43.2089],[-2.7386,43.213],[-2.7468,43.2077],[-2.7424,43.2067],[-2.7474,43.2034],[-2.7495,43.1997],[-2.7563,43.2031],[-2.7635,43.2034],[-2.7716,43.1988],[-2.7703,43.1934],[-2.7565,43.1926],[-2.7518,43.1956],[-2.7447,43.1867],[-2.7496,43.1842],[-2.7491,43.1776],[-2.7443,43.1664],[-2.7355,43.1612],[-2.7409,43.1569],[-2.7487,43.1613],[-2.7469,43.1666],[-2.7499,43.1707],[-2.7551,43.1714],[-2.7614,43.1694],[-2.7645,43.1656],[-2.7687,43.1662],[-2.7707,43.1688],[-2.7677,43.1714],[-2.7685,43.1772],[-2.7658,43.1793],[-2.7708,43.1829],[-2.7742,43.1797],[-2.7724,43.1754],[-2.7722,43.1704],[-2.7679,43.1617],[-2.7715,43.1594],[-2.7725,43.1556],[-2.7675,43.1502],[-2.7627,43.1511],[-2.7624,43.1558],[-2.7584,43.1591],[-2.7554,43.1559],[-2.7538,43.1491],[-2.7592,43.1469],[-2.7559,43.1441],[-2.7463,43.1436],[-2.745,43.1459],[-2.7406,43.1482],[-2.7386,43.1486],[-2.7383,43.1486],[-2.7377,43.1483],[-2.7369,43.1483],[-2.7362,43.1481],[-2.7312,43.1469],[-2.7294,43.1449],[-2.7261,43.1458],[-2.7262,43.1416],[-2.7282,43.1368],[-2.7272,43.1345],[-2.722,43.1329],[-2.7179,43.1328],[-2.7128,43.1359],[-2.7098,43.1402],[-2.7021,43.1356],[-2.7008,43.1315],[-2.6934,43.1269],[-2.6891,43.1253],[-2.6985,43.1171],[-2.7015,43.118],[-2.707,43.1153],[-2.7147,43.1154],[-2.7182,43.1175],[-2.7197,43.1172],[-2.7225,43.118],[-2.7217,43.1158],[-2.7144,43.1112],[-2.7063,43.1118],[-2.7046,43.1084],[-2.7059,43.1045],[-2.6965,43.1032],[-2.6869,43.1043],[-2.6815,43.1042],[-2.6797,43.1014],[-2.6752,43.0987],[-2.6711,43.0913],[-2.671,43.0852],[-2.6654,43.0836],[-2.6619,43.0803],[-2.6573,43.0837],[-2.6548,43.0847],[-2.6532,43.088],[-2.6493,43.0939],[-2.648,43.0978],[-2.6483,43.0996],[-2.6468,43.1002],[-2.6457,43.1024],[-2.6449,43.1117],[-2.6467,43.1143],[-2.6528,43.1183],[-2.655,43.1233],[-2.6618,43.1281],[-2.6659,43.1328],[-2.6603,43.1395],[-2.6579,43.1391],[-2.6536,43.1395],[-2.65,43.1429]]],[[[-2.7051,43.1867],[-2.6958,43.1917],[-2.7,43.1973],[-2.7069,43.196],[-2.7092,43.1927],[-2.7138,43.1927],[-2.7137,43.1874],[-2.7078,43.185],[-2.7051,43.1867]]],[[[-2.7126,43.1943],[-2.7073,43.1961],[-2.7123,43.2003],[-2.7152,43.1983],[-2.7126,43.1943]]],[[[-2.7149,43.2016],[-2.7193,43.2057],[-2.7234,43.2026],[-2.7204,43.2012],[-2.7149,43.2016]]],[[[-2.7071,43.2092],[-2.7024,43.2045],[-2.6953,43.201],[-2.6897,43.202],[-2.6871,43.2063],[-2.6913,43.2079],[-2.6913,43.2119],[-2.6971,43.2149],[-2.7026,43.2138],[-2.7071,43.2092]]],[[[-2.7325,43.2142],[-2.7344,43.2154],[-2.7372,43.2129],[-2.7293,43.2114],[-2.718,43.2059],[-2.7167,43.2075],[-2.7227,43.2106],[-2.7302,43.212],[-2.7325,43.2142]]],[[[-2.7186,43.2117],[-2.7094,43.2101],[-2.7087,43.2128],[-2.7144,43.2139],[-2.7186,43.2117]]],[[[-2.7243,43.2182],[-2.7225,43.2144],[-2.7193,43.2147],[-2.7184,43.2227],[-2.7258,43.2198],[-2.7243,43.2182]]],[[[-2.7296,43.2272],[-2.7294,43.2258],[-2.7291,43.225],[-2.7243,43.2235],[-2.7244,43.2209],[-2.7173,43.2232],[-2.7118,43.2211],[-2.7039,43.2278],[-2.7105,43.2319],[-2.7154,43.2361],[-2.7248,43.2326],[-2.727,43.2304],[-2.725,43.2296],[-2.7235,43.2293],[-2.7226,43.2293],[-2.7212,43.23],[-2.7202,43.2305],[-2.7196,43.2306],[-2.7189,43.2308],[-2.7208,43.2313],[-2.7199,43.232],[-2.7186,43.232],[-2.7177,43.2309],[-2.7186,43.2309],[-2.7196,43.2306],[-2.7212,43.23],[-2.7226,43.2293],[-2.7235,43.2293],[-2.725,43.2296],[-2.7271,43.2303],[-2.7277,43.23],[-2.7282,43.2295],[-2.7289,43.2288],[-2.7292,43.2284],[-2.7294,43.2279],[-2.7296,43.2272]]],[[[-2.7295,43.2258],[-2.7296,43.2268],[-2.7295,43.2279],[-2.7294,43.2281],[-2.7291,43.2286],[-2.7289,43.2288],[-2.7283,43.2295],[-2.7277,43.23],[-2.727,43.2305],[-2.7249,43.2326],[-2.7275,43.2337],[-2.7306,43.2272],[-2.7295,43.2258]]],[[[-2.7159,43.242],[-2.7097,43.2395],[-2.7043,43.2349],[-2.6997,43.2343],[-2.6861,43.2283],[-2.6814,43.2279],[-2.6798,43.2315],[-2.6804,43.2349],[-2.6848,43.2378],[-2.686,43.2405],[-2.6852,43.2437],[-2.6857,43.2492],[-2.6908,43.2516],[-2.7008,43.2486],[-2.7027,43.2468],[-2.7043,43.2467],[-2.7058,43.2456],[-2.708,43.2445],[-2.709,43.2437],[-2.7096,43.2436],[-2.7159,43.242]]],[[[-2.7373,43.2968],[-2.7383,43.2947],[-2.7336,43.288],[-2.7377,43.2793],[-2.7402,43.2756],[-2.7329,43.2736],[-2.7289,43.2697],[-2.7279,43.2668],[-2.732,43.2609],[-2.7365,43.2626],[-2.7403,43.2621],[-2.7449,43.2594],[-2.7462,43.2568],[-2.7445,43.2534],[-2.7377,43.2512],[-2.7336,43.252],[-2.7292,43.2486],[-2.7189,43.2435],[-2.7116,43.2445],[-2.7101,43.244],[-2.7089,43.2439],[-2.7079,43.2448],[-2.7061,43.2455],[-2.7047,43.2467],[-2.7017,43.2481],[-2.7008,43.2491],[-2.691,43.2535],[-2.6915,43.2571],[-2.6911,43.2581],[-2.6891,43.2606],[-2.6855,43.2624],[-2.6862,43.2657],[-2.6848,43.2801],[-2.6909,43.2835],[-2.6958,43.2824],[-2.704,43.2843],[-2.7084,43.2833],[-2.7099,43.2818],[-2.7127,43.2812],[-2.7105,43.2854],[-2.7093,43.292],[-2.7204,43.2944],[-2.7216,43.2957],[-2.7258,43.2995],[-2.7281,43.297],[-2.7308,43.2989],[-2.7353,43.3003],[-2.7364,43.3011],[-2.7392,43.3009],[-2.7373,43.2968]]],[[[-2.7009,43.2844],[-2.6949,43.2836],[-2.6921,43.2886],[-2.6961,43.289],[-2.6993,43.2913],[-2.708,43.2924],[-2.7094,43.2908],[-2.7103,43.2854],[-2.7112,43.2829],[-2.7102,43.2818],[-2.7062,43.2851],[-2.7009,43.2844]]],[[[-2.7052,43.2948],[-2.7019,43.2916],[-2.6987,43.2919],[-2.7018,43.297],[-2.7052,43.2948]]],[[[-2.7525,43.3299],[-2.754,43.3291],[-2.7484,43.3213],[-2.7469,43.3208],[-2.7454,43.3208],[-2.7452,43.3203],[-2.7442,43.3203],[-2.7442,43.3191],[-2.7441,43.3188],[-2.7422,43.3165],[-2.7331,43.3182],[-2.7331,43.3135],[-2.7309,43.3107],[-2.7225,43.3066],[-2.7255,43.3035],[-2.7305,43.3022],[-2.7384,43.3037],[-2.7391,43.3017],[-2.7368,43.3012],[-2.7361,43.301],[-2.7354,43.3004],[-2.7343,43.3],[-2.7307,43.2989],[-2.7256,43.2995],[-2.7165,43.2937],[-2.7058,43.2935],[-2.7063,43.2988],[-2.7022,43.2993],[-2.6919,43.2955],[-2.689,43.2968],[-2.6857,43.3023],[-2.6888,43.3071],[-2.6933,43.3097],[-2.6975,43.3096],[-2.7008,43.3125],[-2.7026,43.3114],[-2.705,43.3132],[-2.7046,43.3156],[-2.7088,43.3155],[-2.713,43.3166],[-2.7131,43.3148],[-2.7135,43.3146],[-2.7156,43.3146],[-2.7173,43.3148],[-2.7184,43.3145],[-2.7204,43.3135],[-2.722,43.3132],[-2.7268,43.314],[-2.7306,43.3171],[-2.7316,43.3191],[-2.7422,43.3166],[-2.744,43.3188],[-2.7441,43.3195],[-2.7442,43.3211],[-2.7435,43.3217],[-2.7423,43.3228],[-2.7424,43.3228],[-2.7436,43.3217],[-2.7443,43.3211],[-2.7444,43.3204],[-2.7448,43.3258],[-2.7479,43.3302],[-2.7525,43.3299]]],[[[-2.7399,43.3567],[-2.7494,43.3593],[-2.7537,43.3521],[-2.7513,43.3499],[-2.7654,43.3457],[-2.7656,43.3436],[-2.7653,43.3426],[-2.7633,43.3416],[-2.7634,43.3407],[-2.7614,43.3404],[-2.7604,43.3451],[-2.7577,43.3467],[-2.7544,43.3413],[-2.756,43.3349],[-2.7494,43.3378],[-2.747,43.345],[-2.7411,43.3431],[-2.7353,43.343],[-2.7338,43.3403],[-2.7296,43.3398],[-2.727,43.3356],[-2.7273,43.3331],[-2.7187,43.3277],[-2.716,43.3275],[-2.7127,43.3231],[-2.719,43.3211],[-2.7219,43.3232],[-2.7255,43.3216],[-2.7221,43.314],[-2.7204,43.3135],[-2.7186,43.3145],[-2.7177,43.3148],[-2.7168,43.3148],[-2.7133,43.3148],[-2.7133,43.3159],[-2.713,43.3167],[-2.7088,43.3155],[-2.7069,43.3157],[-2.7053,43.317],[-2.7045,43.3155],[-2.7047,43.3131],[-2.7007,43.3126],[-2.6975,43.3097],[-2.6927,43.3105],[-2.6901,43.3139],[-2.6879,43.3145],[-2.6879,43.3148],[-2.6877,43.315],[-2.6873,43.3154],[-2.6864,43.3156],[-2.6863,43.3163],[-2.6861,43.3164],[-2.6859,43.3164],[-2.6825,43.3161],[-2.6821,43.3207],[-2.6778,43.3265],[-2.6772,43.3309],[-2.6798,43.3325],[-2.6763,43.3377],[-2.6821,43.3506],[-2.6862,43.3547],[-2.6863,43.3557],[-2.6871,43.3575],[-2.6919,43.3643],[-2.697,43.3661],[-2.7094,43.3657],[-2.71,43.3608],[-2.7111,43.3591],[-2.7122,43.3588],[-2.7132,43.3591],[-2.7142,43.3598],[-2.7148,43.3587],[-2.7161,43.3597],[-2.7156,43.3606],[-2.7165,43.361],[-2.7168,43.3614],[-2.7177,43.3617],[-2.7185,43.3613],[-2.7195,43.361],[-2.7199,43.3607],[-2.7213,43.3604],[-2.7219,43.3601],[-2.7218,43.3594],[-2.7233,43.3594],[-2.7238,43.3589],[-2.7243,43.3575],[-2.7319,43.3577],[-2.734,43.3567],[-2.7399,43.3567]]],[[[-2.6972,43.3737],[-2.695,43.3688],[-2.6921,43.369],[-2.6912,43.3726],[-2.6937,43.3764],[-2.6972,43.3737]]],[[[-2.7202,43.4105],[-2.7151,43.4122],[-2.716,43.4156],[-2.7226,43.4141],[-2.7232,43.4137],[-2.7251,43.4138],[-2.7246,43.413],[-2.7232,43.4115],[-2.7214,43.4102],[-2.7202,43.4105]]],[[[-2.6893,42.5204],[-2.6903,42.5202],[-2.6926,42.5202],[-2.6956,42.5198],[-2.6974,42.5198],[-2.6991,42.5202],[-2.7028,42.5215],[-2.7058,42.5168],[-2.6994,42.5173],[-2.6915,42.5196],[-2.6866,42.5201],[-2.6808,42.5253],[-2.6821,42.5263],[-2.6876,42.521],[-2.6893,42.5204]]],[[[-2.6875,42.5211],[-2.6992,42.5238],[-2.7028,42.5215],[-2.7005,42.521],[-2.6988,42.5201],[-2.6956,42.5198],[-2.6926,42.5202],[-2.6903,42.5202],[-2.6875,42.5211]]],[[[-2.6739,42.5242],[-2.6695,42.5266],[-2.6685,42.5303],[-2.6746,42.531],[-2.6775,42.527],[-2.6739,42.5242]]],[[[-2.6719,42.5347],[-2.6757,42.5374],[-2.6834,42.5363],[-2.6883,42.5325],[-2.6894,42.5271],[-2.6853,42.5233],[-2.6816,42.5269],[-2.679,42.5333],[-2.6723,42.5317],[-2.6719,42.5347]]],[[[-2.6688,42.5401],[-2.665,42.5409],[-2.6679,42.546],[-2.6723,42.5426],[-2.6688,42.5401]]],[[[-2.6742,42.5456],[-2.6679,42.546],[-2.6684,42.5499],[-2.6722,42.5495],[-2.6742,42.5456]]],[[[-2.6742,42.5521],[-2.6678,42.5513],[-2.6696,42.5548],[-2.6742,42.5521]]],[[[-2.6818,42.5622],[-2.684,42.567],[-2.6871,42.5661],[-2.6862,42.562],[-2.6818,42.5622]]],[[[-2.6696,42.5667],[-2.6707,42.57],[-2.6769,42.5671],[-2.6719,42.5644],[-2.6696,42.5667]]],[[[-2.6686,42.5876],[-2.6716,42.5905],[-2.6792,42.5907],[-2.6821,42.5925],[-2.6855,42.5863],[-2.6876,42.5714],[-2.6834,42.5679],[-2.6804,42.5726],[-2.6712,42.5724],[-2.6708,42.5701],[-2.6629,42.5721],[-2.6586,42.5715],[-2.6495,42.5763],[-2.6456,42.5774],[-2.6498,42.5807],[-2.6546,42.5806],[-2.6562,42.5862],[-2.66,42.5875],[-2.6615,42.5875],[-2.6618,42.5874],[-2.6623,42.5864],[-2.6628,42.5857],[-2.6659,42.5859],[-2.6669,42.586],[-2.6684,42.5868],[-2.6688,42.587],[-2.6689,42.5872],[-2.6686,42.5876]]],[[[-2.6437,42.6162],[-2.6461,42.6159],[-2.6468,42.6184],[-2.644,42.6247],[-2.6466,42.6256],[-2.658,42.6244],[-2.66,42.6237],[-2.663,42.623],[-2.6638,42.6229],[-2.6653,42.6231],[-2.6677,42.6235],[-2.6703,42.6254],[-2.6709,42.6259],[-2.6712,42.6268],[-2.6756,42.6272],[-2.6779,42.6272],[-2.6795,42.63],[-2.6843,42.6298],[-2.6879,42.6319],[-2.689,42.6332],[-2.69,42.634],[-2.6907,42.6348],[-2.6923,42.6375],[-2.6963,42.6387],[-2.6992,42.6377],[-2.7027,42.6386],[-2.7036,42.6369],[-2.7037,42.6346],[-2.7032,42.6323],[-2.7036,42.6311],[-2.7035,42.6307],[-2.7024,42.6302],[-2.7021,42.6298],[-2.7009,42.6272],[-2.6959,42.6224],[-2.6928,42.6209],[-2.6922,42.6186],[-2.6844,42.6136],[-2.6786,42.6137],[-2.6744,42.612],[-2.6759,42.6045],[-2.6711,42.6055],[-2.6699,42.6036],[-2.6622,42.6011],[-2.6567,42.6018],[-2.6505,42.608],[-2.6406,42.6137],[-2.6382,42.6167],[-2.6401,42.6204],[-2.6393,42.6232],[-2.6439,42.6249],[-2.6467,42.6181],[-2.6437,42.6162]]],[[[-2.6479,42.6323],[-2.6483,42.6336],[-2.6482,42.6338],[-2.6479,42.634],[-2.6477,42.6345],[-2.6473,42.6348],[-2.6476,42.6351],[-2.648,42.6354],[-2.6485,42.6353],[-2.6493,42.6357],[-2.6501,42.6364],[-2.6584,42.6357],[-2.6597,42.6344],[-2.6743,42.6312],[-2.6773,42.6315],[-2.678,42.6317],[-2.6784,42.6318],[-2.6788,42.6318],[-2.679,42.6319],[-2.6793,42.6321],[-2.6797,42.6328],[-2.6809,42.6337],[-2.6819,42.6361],[-2.6836,42.6374],[-2.6848,42.6373],[-2.6864,42.6379],[-2.6917,42.6376],[-2.6904,42.6345],[-2.6888,42.6331],[-2.6878,42.6319],[-2.684,42.6298],[-2.6794,42.63],[-2.678,42.6275],[-2.6716,42.6271],[-2.671,42.6268],[-2.6707,42.6258],[-2.6688,42.625],[-2.6675,42.6235],[-2.6654,42.6232],[-2.6639,42.623],[-2.6628,42.6232],[-2.6612,42.6236],[-2.66,42.6238],[-2.6581,42.6244],[-2.6443,42.6259],[-2.6496,42.6307],[-2.6479,42.6323]]],[[[-2.674,42.8164],[-2.6767,42.8184],[-2.6727,42.8225],[-2.6668,42.8274],[-2.6716,42.826],[-2.6733,42.8234],[-2.6778,42.8201],[-2.6806,42.8149],[-2.674,42.8164]]],[[[-2.6667,42.8231],[-2.669,42.8252],[-2.6727,42.8225],[-2.6767,42.8184],[-2.6736,42.817],[-2.6667,42.8231]]],[[[-2.6924,42.8213],[-2.6864,42.823],[-2.6834,42.8267],[-2.6823,42.8288],[-2.6838,42.8308],[-2.6875,42.8314],[-2.696,42.8252],[-2.6924,42.8213]]],[[[-2.6674,42.8811],[-2.6776,42.8798],[-2.6739,42.8772],[-2.6731,42.8741],[-2.6694,42.8738],[-2.6642,42.8773],[-2.6674,42.8811]]],[[[-2.6929,42.8801],[-2.6934,42.8786],[-2.6871,42.874],[-2.6846,42.8766],[-2.6874,42.8807],[-2.6929,42.8801]]],[[[-2.6837,42.9266],[-2.688,42.9264],[-2.6938,42.9217],[-2.6937,42.919],[-2.6882,42.9193],[-2.6836,42.9236],[-2.6837,42.9266]]],[[[-2.6806,42.9224],[-2.6823,42.9182],[-2.6729,42.9192],[-2.6626,42.9214],[-2.6695,42.9237],[-2.6748,42.9288],[-2.6806,42.9224]]],[[[-2.6929,42.9253],[-2.6859,42.9272],[-2.6908,42.9296],[-2.6939,42.929],[-2.6929,42.9253]]],[[[-2.6725,42.9344],[-2.6775,42.9341],[-2.6811,42.9312],[-2.6748,42.9289],[-2.6697,42.924],[-2.6625,42.9217],[-2.6629,42.9279],[-2.6679,42.9326],[-2.6725,42.9344]]],[[[-2.6629,42.9279],[-2.6639,42.9366],[-2.6682,42.9391],[-2.6671,42.942],[-2.6695,42.9461],[-2.6725,42.946],[-2.6754,42.9428],[-2.6722,42.9356],[-2.6637,42.9318],[-2.6629,42.9279]]],[[[-2.6667,42.9413],[-2.6653,42.9383],[-2.6599,42.9384],[-2.663,42.9448],[-2.668,42.9447],[-2.6667,42.9413]]],[[[-2.6916,42.9632],[-2.6964,42.9622],[-2.694,42.9585],[-2.6882,42.9603],[-2.6916,42.9632]]],[[[-2.6666,42.955],[-2.6634,42.9582],[-2.6605,42.9544],[-2.6543,42.9544],[-2.6515,42.958],[-2.6558,42.959],[-2.6601,42.9628],[-2.6705,42.9638],[-2.6727,42.968],[-2.6775,42.9726],[-2.6727,42.9728],[-2.6728,42.9787],[-2.6799,42.9779],[-2.6813,42.9823],[-2.6884,42.9876],[-2.6949,42.9849],[-2.6979,42.9791],[-2.6947,42.9762],[-2.6946,42.9735],[-2.6865,42.9727],[-2.6841,42.9701],[-2.6791,42.9692],[-2.6736,42.9647],[-2.6777,42.9617],[-2.6778,42.9572],[-2.6736,42.9541],[-2.6666,42.955]]],[[[-2.671,42.9805],[-2.6682,42.9765],[-2.6686,42.9727],[-2.6646,42.9694],[-2.6613,42.9707],[-2.657,42.9759],[-2.6584,42.9832],[-2.6643,42.9866],[-2.6654,42.9832],[-2.671,42.9805]]],[[[-2.6739,42.9809],[-2.6665,42.9829],[-2.668,42.9875],[-2.6744,42.9837],[-2.6739,42.9809]]],[[[-2.6764,42.9865],[-2.6747,42.9901],[-2.6784,42.9916],[-2.6812,42.989],[-2.6764,42.9865]]],[[[-2.6897,42.9916],[-2.6914,42.991],[-2.6914,42.9906],[-2.6904,42.9899],[-2.6898,42.9898],[-2.6893,42.9896],[-2.6891,42.9894],[-2.6888,42.989],[-2.6887,42.9889],[-2.6887,42.9887],[-2.6889,42.9885],[-2.6882,42.9875],[-2.682,42.9838],[-2.6808,42.9858],[-2.6814,42.9889],[-2.6808,42.9905],[-2.6834,42.9938],[-2.6865,42.9909],[-2.6897,42.9916]]],[[[-2.6798,43.0244],[-2.6839,43.0292],[-2.6901,43.0283],[-2.6855,43.0239],[-2.6841,43.0188],[-2.6798,43.0206],[-2.6798,43.0244]]],[[[-2.6684,43.0342],[-2.6729,43.0345],[-2.6709,43.0365],[-2.6711,43.037],[-2.6712,43.0379],[-2.6709,43.0385],[-2.6713,43.0404],[-2.675,43.0382],[-2.675,43.0352],[-2.6741,43.0351],[-2.674,43.0346],[-2.6746,43.0339],[-2.6738,43.0336],[-2.673,43.0325],[-2.6717,43.0318],[-2.6684,43.0342]]],[[[-2.6682,43.0323],[-2.6718,43.0316],[-2.6731,43.0323],[-2.6738,43.0334],[-2.6748,43.0338],[-2.6742,43.0345],[-2.6751,43.0353],[-2.6751,43.0382],[-2.6737,43.0389],[-2.6715,43.043],[-2.6785,43.0404],[-2.6791,43.0351],[-2.678,43.029],[-2.6697,43.0271],[-2.6632,43.0236],[-2.6581,43.0189],[-2.6574,43.0147],[-2.6593,43.0112],[-2.6577,43.0012],[-2.6554,42.9979],[-2.6514,42.9968],[-2.649,42.9985],[-2.6505,43.011],[-2.6494,43.0186],[-2.6502,43.0215],[-2.6549,43.0231],[-2.6577,43.0274],[-2.661,43.0279],[-2.6682,43.0323]]],[[[-2.6684,43.0342],[-2.6641,43.0356],[-2.6653,43.0384],[-2.6691,43.0408],[-2.6712,43.0404],[-2.6708,43.0385],[-2.6711,43.038],[-2.671,43.037],[-2.6704,43.0356],[-2.6699,43.0351],[-2.6684,43.0342]]],[[[-2.6661,43.0554],[-2.6588,43.055],[-2.6626,43.0607],[-2.6616,43.0671],[-2.6683,43.0641],[-2.6688,43.0598],[-2.6661,43.0554]]],[[[-2.6708,43.1648],[-2.6639,43.1634],[-2.6612,43.1685],[-2.6647,43.1705],[-2.6651,43.1679],[-2.6683,43.1705],[-2.6651,43.1723],[-2.6665,43.1728],[-2.6697,43.1734],[-2.6707,43.1749],[-2.674,43.1736],[-2.6747,43.1681],[-2.6708,43.1648]]],[[[-2.67,43.175],[-2.6697,43.1734],[-2.6665,43.1729],[-2.6654,43.1726],[-2.665,43.1722],[-2.6655,43.1713],[-2.6586,43.1694],[-2.6624,43.1742],[-2.67,43.175]]],[[[-2.6921,43.1812],[-2.6888,43.1815],[-2.6931,43.1867],[-2.697,43.1855],[-2.699,43.1829],[-2.6973,43.1778],[-2.6943,43.1766],[-2.6892,43.1779],[-2.6844,43.1771],[-2.6818,43.179],[-2.6807,43.1828],[-2.6802,43.1833],[-2.6885,43.1845],[-2.6886,43.1804],[-2.6921,43.1812]]],[[[-2.6811,43.1794],[-2.6773,43.1797],[-2.6713,43.1833],[-2.6769,43.1852],[-2.6776,43.1823],[-2.6807,43.1828],[-2.6811,43.1794]]],[[[-2.6763,43.1929],[-2.6725,43.1898],[-2.6688,43.1895],[-2.673,43.1945],[-2.6723,43.196],[-2.6728,43.1967],[-2.6735,43.1965],[-2.6743,43.1968],[-2.6746,43.197],[-2.6749,43.1965],[-2.6752,43.1961],[-2.6752,43.196],[-2.676,43.1949],[-2.6763,43.1947],[-2.6766,43.1933],[-2.6765,43.1922],[-2.6782,43.1911],[-2.6774,43.19],[-2.6762,43.1901],[-2.6738,43.1892],[-2.6736,43.1879],[-2.6715,43.1874],[-2.6741,43.1895],[-2.6779,43.1909],[-2.6762,43.1919],[-2.6763,43.1929]]],[[[-2.6834,43.2009],[-2.6857,43.1993],[-2.688,43.1982],[-2.6906,43.1972],[-2.6923,43.1969],[-2.6916,43.1935],[-2.6866,43.1952],[-2.6834,43.2009]]],[[[-2.6842,43.1889],[-2.6732,43.1874],[-2.6774,43.19],[-2.6783,43.1911],[-2.6765,43.1922],[-2.6766,43.1933],[-2.6763,43.1947],[-2.676,43.1949],[-2.6753,43.196],[-2.6752,43.1962],[-2.6749,43.1966],[-2.6746,43.197],[-2.6745,43.197],[-2.6743,43.1968],[-2.6739,43.1967],[-2.6735,43.1965],[-2.6728,43.1967],[-2.6723,43.196],[-2.6687,43.1997],[-2.6689,43.2015],[-2.6668,43.2037],[-2.6682,43.2059],[-2.6726,43.2063],[-2.6794,43.2028],[-2.6797,43.1969],[-2.6768,43.1942],[-2.6767,43.1926],[-2.6783,43.1911],[-2.6782,43.1897],[-2.6842,43.1889]]],[[[-2.6866,43.206],[-2.6898,43.2015],[-2.6895,43.2006],[-2.6897,43.1976],[-2.688,43.1982],[-2.6858,43.1993],[-2.6833,43.2014],[-2.6866,43.206]]],[[[-2.6683,43.2007],[-2.6672,43.2011],[-2.659,43.2001],[-2.6611,43.2042],[-2.6641,43.2055],[-2.6683,43.2007]]],[[[-2.6827,43.2425],[-2.6859,43.2404],[-2.684,43.2376],[-2.6801,43.2348],[-2.6797,43.2316],[-2.6801,43.2297],[-2.6773,43.2267],[-2.6704,43.2237],[-2.6581,43.2296],[-2.6568,43.2314],[-2.6603,43.2368],[-2.6542,43.24],[-2.6527,43.2426],[-2.6483,43.2436],[-2.6411,43.2477],[-2.6457,43.25],[-2.65,43.2512],[-2.6527,43.2512],[-2.6563,43.2519],[-2.6609,43.2508],[-2.6715,43.2537],[-2.6837,43.2521],[-2.6844,43.2444],[-2.6827,43.2425]]],[[[-2.6417,43.2495],[-2.6375,43.2501],[-2.637,43.2534],[-2.6388,43.2588],[-2.6445,43.2584],[-2.6546,43.2676],[-2.6605,43.2701],[-2.6633,43.2753],[-2.6629,43.2758],[-2.6625,43.2764],[-2.6619,43.2772],[-2.6615,43.2778],[-2.6612,43.2782],[-2.661,43.2785],[-2.6599,43.2797],[-2.6598,43.28],[-2.6599,43.2802],[-2.6605,43.281],[-2.661,43.2823],[-2.6624,43.2835],[-2.6621,43.2878],[-2.6675,43.2886],[-2.6736,43.2871],[-2.6764,43.288],[-2.6763,43.2916],[-2.6795,43.2977],[-2.677,43.3027],[-2.6854,43.2986],[-2.6861,43.2917],[-2.6891,43.2877],[-2.6843,43.2841],[-2.6836,43.2804],[-2.6851,43.2724],[-2.6855,43.2634],[-2.6844,43.2619],[-2.6873,43.2609],[-2.6887,43.2594],[-2.6911,43.2578],[-2.6914,43.2569],[-2.6899,43.2549],[-2.6878,43.2538],[-2.6806,43.2528],[-2.6715,43.2538],[-2.665,43.2534],[-2.6588,43.2525],[-2.6527,43.2513],[-2.65,43.2512],[-2.6417,43.2495]]],[[[-2.6717,43.2901],[-2.6679,43.2928],[-2.6696,43.2988],[-2.6761,43.3019],[-2.6789,43.2988],[-2.6767,43.2931],[-2.6763,43.2917],[-2.6762,43.288],[-2.6736,43.2872],[-2.6675,43.2887],[-2.6621,43.288],[-2.6626,43.2922],[-2.6667,43.293],[-2.6717,43.2901]]],[[[-2.6699,43.3064],[-2.6675,43.3052],[-2.6641,43.3067],[-2.6637,43.3072],[-2.6627,43.3079],[-2.6634,43.309],[-2.6626,43.3092],[-2.6628,43.3103],[-2.6604,43.3123],[-2.6633,43.3131],[-2.6662,43.3157],[-2.6705,43.3142],[-2.6713,43.3099],[-2.6699,43.3064]]],[[[-2.6884,43.312],[-2.6842,43.3116],[-2.6829,43.3159],[-2.6844,43.316],[-2.6858,43.3164],[-2.6859,43.3162],[-2.6849,43.3156],[-2.685,43.3155],[-2.6859,43.3161],[-2.6862,43.3163],[-2.6863,43.3156],[-2.6878,43.3148],[-2.6879,43.3144],[-2.6877,43.3141],[-2.6873,43.3139],[-2.6884,43.312]]],[[[-2.6767,43.3241],[-2.6738,43.3243],[-2.6688,43.3341],[-2.6697,43.3338],[-2.6705,43.3335],[-2.6708,43.3334],[-2.6711,43.3332],[-2.6717,43.3323],[-2.6741,43.3306],[-2.6738,43.3293],[-2.6743,43.3289],[-2.6756,43.3295],[-2.6765,43.3282],[-2.6768,43.3273],[-2.6767,43.3241]]],[[[-2.6745,43.3336],[-2.6767,43.3338],[-2.6765,43.3282],[-2.6756,43.3295],[-2.6695,43.3375],[-2.6675,43.3448],[-2.6684,43.3465],[-2.6791,43.3566],[-2.6818,43.3601],[-2.6827,43.3616],[-2.6832,43.3621],[-2.685,43.3631],[-2.6866,43.3647],[-2.6896,43.3666],[-2.6934,43.3666],[-2.6874,43.3581],[-2.6871,43.3576],[-2.6861,43.3555],[-2.6816,43.3543],[-2.682,43.3508],[-2.6745,43.3336]]],[[[-2.6833,43.3625],[-2.6827,43.3616],[-2.6818,43.3601],[-2.6791,43.3566],[-2.6684,43.3465],[-2.6674,43.3448],[-2.6687,43.3392],[-2.6695,43.3375],[-2.6727,43.3323],[-2.6717,43.3323],[-2.6711,43.3332],[-2.6708,43.3334],[-2.6705,43.3336],[-2.6699,43.3338],[-2.6688,43.3341],[-2.6667,43.3389],[-2.6668,43.3447],[-2.6719,43.3559],[-2.6751,43.3549],[-2.6793,43.3574],[-2.6796,43.3605],[-2.6833,43.3625]]],[[[-2.6787,43.3578],[-2.6749,43.362],[-2.6803,43.3659],[-2.6787,43.3578]]],[[[-2.6544,43.3419],[-2.6538,43.3438],[-2.6569,43.3501],[-2.6521,43.3529],[-2.652,43.3565],[-2.653,43.3571],[-2.6541,43.358],[-2.6549,43.3589],[-2.6559,43.3591],[-2.6583,43.359],[-2.6601,43.3593],[-2.661,43.3589],[-2.6617,43.3587],[-2.6681,43.3604],[-2.6693,43.3699],[-2.6755,43.3812],[-2.6813,43.3876],[-2.6826,43.3923],[-2.6826,43.3934],[-2.6819,43.394],[-2.6808,43.3943],[-2.6803,43.3949],[-2.6837,43.3969],[-2.6844,43.3979],[-2.6867,43.3983],[-2.6847,43.4012],[-2.6842,43.404],[-2.6781,43.4077],[-2.6783,43.4091],[-2.6768,43.4093],[-2.6758,43.4088],[-2.6749,43.409],[-2.6744,43.41],[-2.6732,43.4103],[-2.6724,43.4112],[-2.6719,43.4114],[-2.6789,43.4107],[-2.6846,43.4047],[-2.6848,43.402],[-2.691,43.4001],[-2.6921,43.3973],[-2.6873,43.3959],[-2.6852,43.3978],[-2.6806,43.3947],[-2.6815,43.3945],[-2.6829,43.3934],[-2.6832,43.3925],[-2.6816,43.3838],[-2.6748,43.3766],[-2.673,43.3712],[-2.6795,43.3704],[-2.6797,43.3683],[-2.6746,43.3618],[-2.6764,43.3594],[-2.6753,43.3554],[-2.6727,43.3565],[-2.6712,43.356],[-2.671,43.3547],[-2.6664,43.3443],[-2.666,43.3423],[-2.6667,43.3377],[-2.6741,43.3227],[-2.6701,43.3219],[-2.6676,43.3244],[-2.6674,43.3258],[-2.665,43.3276],[-2.6599,43.3297],[-2.6548,43.3353],[-2.6562,43.3413],[-2.6544,43.3419]]],[[[-2.6909,43.3712],[-2.6901,43.3673],[-2.6813,43.3679],[-2.6814,43.3786],[-2.6843,43.3769],[-2.6915,43.3795],[-2.6939,43.3778],[-2.6937,43.3764],[-2.6912,43.3726],[-2.6909,43.3712]]],[[[-2.6797,43.371],[-2.6734,43.3712],[-2.6752,43.3755],[-2.6795,43.3765],[-2.6797,43.371]]],[[[-2.657,42.5698],[-2.6554,42.5682],[-2.6493,42.5698],[-2.6462,42.5722],[-2.6494,42.5762],[-2.6582,42.5715],[-2.657,42.5698]]],[[[-2.6977,42.6408],[-2.6973,42.6407],[-2.6958,42.6403],[-2.6917,42.6398],[-2.69,42.6399],[-2.6851,42.6375],[-2.6835,42.6376],[-2.6846,42.6405],[-2.6826,42.6427],[-2.6847,42.643],[-2.6838,42.6449],[-2.6824,42.6446],[-2.6823,42.6426],[-2.6846,42.6404],[-2.683,42.6383],[-2.6836,42.6374],[-2.6819,42.6362],[-2.6809,42.6337],[-2.6797,42.6329],[-2.6793,42.6321],[-2.679,42.6319],[-2.6788,42.6318],[-2.6784,42.6318],[-2.6782,42.6317],[-2.6773,42.6315],[-2.6743,42.6312],[-2.6597,42.6344],[-2.6584,42.6357],[-2.6501,42.6364],[-2.6493,42.6357],[-2.6485,42.6354],[-2.648,42.6354],[-2.6478,42.6353],[-2.6475,42.6351],[-2.6473,42.6348],[-2.6473,42.6347],[-2.6477,42.6345],[-2.6479,42.634],[-2.6483,42.6336],[-2.6482,42.6334],[-2.648,42.6332],[-2.6478,42.6325],[-2.6496,42.6307],[-2.6454,42.6277],[-2.6438,42.6252],[-2.6401,42.6283],[-2.6393,42.6289],[-2.6375,42.6287],[-2.6358,42.6289],[-2.6333,42.6289],[-2.629,42.6308],[-2.6197,42.6291],[-2.6104,42.6299],[-2.6047,42.6292],[-2.5902,42.6254],[-2.5959,42.6304],[-2.591,42.6337],[-2.5937,42.6355],[-2.6023,42.6384],[-2.6108,42.6388],[-2.6158,42.6381],[-2.6273,42.6397],[-2.6361,42.6383],[-2.6403,42.6424],[-2.6456,42.6449],[-2.6552,42.6456],[-2.6642,42.6437],[-2.6682,42.6416],[-2.6724,42.6415],[-2.6773,42.6471],[-2.6831,42.6493],[-2.69,42.6469],[-2.7029,42.6479],[-2.7017,42.6423],[-2.7008,42.6416],[-2.6996,42.6416],[-2.6982,42.6411],[-2.6977,42.6408]]],[[[-2.6554,42.662],[-2.6573,42.6688],[-2.6623,42.6697],[-2.6639,42.6679],[-2.6598,42.6627],[-2.6554,42.662]]],[[[-2.6525,42.6628],[-2.653,42.6702],[-2.6579,42.6723],[-2.6547,42.6621],[-2.6525,42.6628]]],[[[-2.6532,42.8277],[-2.6547,42.8278],[-2.6607,42.8203],[-2.6654,42.8216],[-2.6675,42.8171],[-2.6661,42.814],[-2.6586,42.8128],[-2.6545,42.8146],[-2.6502,42.8214],[-2.6532,42.8277]]],[[[-2.6634,42.8843],[-2.6622,42.8812],[-2.6587,42.8811],[-2.6566,42.8836],[-2.6634,42.8843]]],[[[-2.6529,42.8874],[-2.653,42.8838],[-2.6478,42.8842],[-2.6469,42.8882],[-2.6529,42.8874]]],[[[-2.6513,42.8888],[-2.6469,42.8882],[-2.6485,42.8936],[-2.6518,42.8918],[-2.6513,42.8888]]],[[[-2.6556,42.9488],[-2.648,42.9493],[-2.6474,42.9517],[-2.6499,42.9527],[-2.6539,42.953],[-2.6556,42.9488]]],[[[-2.6424,42.9561],[-2.6426,42.958],[-2.649,42.9586],[-2.6499,42.9527],[-2.6456,42.9511],[-2.6446,42.9505],[-2.6424,42.9561]]],[[[-2.6573,42.983],[-2.6487,42.9835],[-2.6457,42.9894],[-2.6472,42.9967],[-2.6566,42.9956],[-2.6543,42.9886],[-2.6573,42.983]]],[[[-2.651,43.0296],[-2.6507,43.0306],[-2.6467,43.0291],[-2.6457,43.0291],[-2.6444,43.0285],[-2.6438,43.028],[-2.6437,43.0279],[-2.6435,43.0277],[-2.6434,43.0276],[-2.6432,43.0276],[-2.6429,43.0278],[-2.6427,43.0276],[-2.6424,43.028],[-2.6422,43.0281],[-2.643,43.0285],[-2.6423,43.0295],[-2.6419,43.0304],[-2.6491,43.0326],[-2.655,43.0268],[-2.6487,43.0217],[-2.6452,43.0146],[-2.6442,43.0056],[-2.6444,42.9996],[-2.6433,42.9882],[-2.6392,42.9899],[-2.6394,42.9926],[-2.6345,42.9964],[-2.6337,42.9999],[-2.636,43.0026],[-2.6323,43.0044],[-2.6305,43.0079],[-2.6329,43.0112],[-2.6375,43.0127],[-2.6432,43.0235],[-2.6421,43.0267],[-2.6424,43.0271],[-2.6419,43.0276],[-2.642,43.028],[-2.6424,43.028],[-2.6425,43.0276],[-2.6428,43.0276],[-2.6429,43.0278],[-2.6432,43.0276],[-2.6433,43.0276],[-2.6434,43.0276],[-2.6435,43.0277],[-2.6438,43.0279],[-2.6438,43.028],[-2.6445,43.0285],[-2.651,43.0296]]],[[[-2.6692,43.0447],[-2.6652,43.0426],[-2.6626,43.0377],[-2.6544,43.0339],[-2.6522,43.0365],[-2.657,43.0382],[-2.6598,43.0411],[-2.6692,43.0447]]],[[[-2.6639,43.0444],[-2.6596,43.0436],[-2.6572,43.0466],[-2.6603,43.0497],[-2.6639,43.0444]]],[[[-2.6548,43.0516],[-2.6568,43.0533],[-2.6564,43.055],[-2.6575,43.0556],[-2.6553,43.0574],[-2.6541,43.0604],[-2.6554,43.0644],[-2.6611,43.0656],[-2.6588,43.0607],[-2.66,43.0595],[-2.6577,43.0579],[-2.6578,43.0562],[-2.6575,43.0548],[-2.6568,43.0533],[-2.6548,43.0516]]],[[[-2.6465,43.0808],[-2.6482,43.0832],[-2.6551,43.0823],[-2.6573,43.0834],[-2.6612,43.08],[-2.6525,43.0774],[-2.6375,43.0834],[-2.6325,43.086],[-2.626,43.0844],[-2.6118,43.0848],[-2.605,43.0807],[-2.6054,43.0717],[-2.6025,43.0735],[-2.6013,43.0748],[-2.6019,43.076],[-2.5996,43.0782],[-2.6014,43.0825],[-2.5996,43.0782],[-2.6019,43.076],[-2.6013,43.0748],[-2.6017,43.0729],[-2.6026,43.0708],[-2.6089,43.067],[-2.6116,43.0609],[-2.618,43.059],[-2.6197,43.0529],[-2.6168,43.05],[-2.6102,43.0473],[-2.6068,43.0481],[-2.6012,43.0394],[-2.5988,43.0395],[-2.5937,43.0527],[-2.5868,43.0527],[-2.5824,43.0586],[-2.5768,43.0634],[-2.5795,43.0688],[-2.5734,43.0699],[-2.5701,43.0664],[-2.5666,43.0676],[-2.5609,43.0642],[-2.5538,43.0684],[-2.5517,43.0731],[-2.556,43.0763],[-2.5664,43.0769],[-2.5672,43.0821],[-2.5703,43.0871],[-2.5769,43.0872],[-2.5825,43.0898],[-2.5836,43.0929],[-2.5773,43.0934],[-2.5746,43.097],[-2.5769,43.0979],[-2.5776,43.0984],[-2.5792,43.0989],[-2.5845,43.0985],[-2.5833,43.1053],[-2.5858,43.109],[-2.5884,43.1091],[-2.5941,43.1114],[-2.5893,43.1043],[-2.5914,43.1015],[-2.5956,43.0999],[-2.6052,43.1083],[-2.6079,43.1063],[-2.6124,43.106],[-2.6154,43.1116],[-2.6131,43.1166],[-2.6088,43.1185],[-2.6077,43.1232],[-2.6006,43.1241],[-2.5974,43.1287],[-2.599,43.1325],[-2.6053,43.1346],[-2.6096,43.1334],[-2.6127,43.1283],[-2.6183,43.1279],[-2.625,43.123],[-2.6284,43.1247],[-2.6243,43.129],[-2.6239,43.1313],[-2.6268,43.1349],[-2.6336,43.1356],[-2.6367,43.1347],[-2.6399,43.1382],[-2.6426,43.1361],[-2.6474,43.1382],[-2.6475,43.1405],[-2.6509,43.1398],[-2.6579,43.139],[-2.662,43.136],[-2.6617,43.1281],[-2.6551,43.1245],[-2.6531,43.1256],[-2.647,43.1196],[-2.648,43.1164],[-2.6447,43.1115],[-2.6456,43.1024],[-2.6465,43.1003],[-2.6482,43.0991],[-2.6479,43.0976],[-2.6492,43.0938],[-2.6531,43.088],[-2.6527,43.0875],[-2.649,43.0933],[-2.6482,43.0961],[-2.6447,43.0964],[-2.6416,43.0946],[-2.6426,43.0926],[-2.6401,43.0879],[-2.648,43.0893],[-2.6509,43.0873],[-2.6465,43.0808]]],[[[-2.6501,43.1661],[-2.6455,43.1699],[-2.6482,43.1731],[-2.6512,43.1699],[-2.6501,43.1661]]],[[[-2.6369,43.1841],[-2.6392,43.1875],[-2.6422,43.1873],[-2.6395,43.1917],[-2.6443,43.1938],[-2.6479,43.1907],[-2.649,43.1876],[-2.6462,43.184],[-2.6416,43.1833],[-2.6369,43.1841]]],[[[-2.6711,43.1958],[-2.6728,43.1943],[-2.6685,43.1894],[-2.6663,43.188],[-2.661,43.1889],[-2.6581,43.1946],[-2.6607,43.1974],[-2.659,43.2],[-2.6649,43.2008],[-2.6692,43.1987],[-2.6711,43.1958]]],[[[-2.6681,43.2978],[-2.6668,43.2941],[-2.6623,43.2928],[-2.6613,43.2883],[-2.6619,43.2832],[-2.661,43.2824],[-2.6607,43.2819],[-2.6605,43.281],[-2.6599,43.2802],[-2.6598,43.28],[-2.6599,43.2798],[-2.6593,43.2799],[-2.659,43.2791],[-2.6588,43.2789],[-2.6584,43.2787],[-2.6574,43.2786],[-2.657,43.2785],[-2.6564,43.2783],[-2.6562,43.2782],[-2.6551,43.278],[-2.6548,43.2779],[-2.6542,43.2777],[-2.6539,43.2776],[-2.6514,43.2776],[-2.6539,43.2776],[-2.6541,43.2777],[-2.6548,43.2779],[-2.6551,43.278],[-2.6562,43.2782],[-2.6564,43.2783],[-2.657,43.2785],[-2.6574,43.2786],[-2.6584,43.2787],[-2.6588,43.2789],[-2.659,43.2791],[-2.6593,43.2799],[-2.6599,43.2798],[-2.6599,43.2797],[-2.6603,43.2793],[-2.6606,43.2789],[-2.6612,43.2781],[-2.6615,43.2778],[-2.6619,43.2772],[-2.6623,43.2767],[-2.6625,43.2764],[-2.6629,43.2758],[-2.6633,43.2753],[-2.6605,43.2701],[-2.6546,43.2676],[-2.6445,43.2584],[-2.6405,43.259],[-2.6404,43.2604],[-2.6396,43.2604],[-2.639,43.2609],[-2.6386,43.2605],[-2.6382,43.2605],[-2.639,43.2609],[-2.6391,43.2611],[-2.639,43.2614],[-2.6382,43.2624],[-2.6389,43.2628],[-2.6392,43.2633],[-2.6389,43.264],[-2.6391,43.2646],[-2.6391,43.2648],[-2.6388,43.265],[-2.6365,43.2668],[-2.6415,43.2672],[-2.6452,43.2707],[-2.647,43.2736],[-2.6442,43.2782],[-2.6461,43.2849],[-2.649,43.2861],[-2.651,43.2877],[-2.6512,43.2882],[-2.6514,43.2895],[-2.6512,43.2907],[-2.6519,43.2921],[-2.6519,43.2943],[-2.6493,43.2975],[-2.6503,43.3004],[-2.6558,43.3038],[-2.6563,43.3067],[-2.6622,43.3085],[-2.6626,43.308],[-2.6635,43.3073],[-2.6641,43.3066],[-2.6676,43.3045],[-2.6691,43.3015],[-2.6681,43.2978]]],[[[-2.6417,43.2822],[-2.6374,43.2831],[-2.6406,43.2874],[-2.6427,43.2881],[-2.6422,43.2885],[-2.6421,43.2892],[-2.6424,43.2894],[-2.6427,43.2895],[-2.6427,43.2897],[-2.6424,43.2902],[-2.6424,43.2905],[-2.6426,43.2911],[-2.6428,43.2913],[-2.6434,43.2912],[-2.6445,43.2914],[-2.647,43.2905],[-2.6464,43.2927],[-2.6465,43.2934],[-2.6469,43.294],[-2.6469,43.2945],[-2.6472,43.2947],[-2.6477,43.2948],[-2.6493,43.2946],[-2.6497,43.2961],[-2.6518,43.2943],[-2.6512,43.291],[-2.6513,43.2896],[-2.6512,43.2882],[-2.6509,43.2876],[-2.649,43.2862],[-2.6422,43.283],[-2.6417,43.2822]]],[[[-2.6411,43.2987],[-2.6397,43.3017],[-2.6399,43.3035],[-2.6416,43.3046],[-2.6427,43.3059],[-2.642,43.3071],[-2.6459,43.3102],[-2.6497,43.3144],[-2.6522,43.3143],[-2.6547,43.3152],[-2.6562,43.3204],[-2.6614,43.3209],[-2.6672,43.319],[-2.666,43.3159],[-2.6599,43.3122],[-2.656,43.3067],[-2.6554,43.3037],[-2.6471,43.2991],[-2.6487,43.2957],[-2.647,43.2947],[-2.6468,43.2945],[-2.6468,43.2941],[-2.6465,43.2933],[-2.6464,43.2927],[-2.645,43.2914],[-2.6445,43.2914],[-2.6436,43.2913],[-2.6427,43.2913],[-2.6424,43.291],[-2.6423,43.2905],[-2.6424,43.2902],[-2.6426,43.2896],[-2.6423,43.2894],[-2.6421,43.2892],[-2.642,43.2886],[-2.6422,43.2883],[-2.6427,43.2881],[-2.6405,43.2875],[-2.6384,43.2845],[-2.6367,43.2855],[-2.6367,43.2887],[-2.6341,43.2874],[-2.6356,43.2855],[-2.635,43.2849],[-2.6352,43.2837],[-2.6347,43.283],[-2.6336,43.2824],[-2.6333,43.2817],[-2.6326,43.2805],[-2.6315,43.2805],[-2.6304,43.2809],[-2.6339,43.2837],[-2.6315,43.2866],[-2.6321,43.2889],[-2.6343,43.2895],[-2.6344,43.2901],[-2.6337,43.2907],[-2.6338,43.2913],[-2.6349,43.2921],[-2.6349,43.2927],[-2.6348,43.293],[-2.6341,43.2936],[-2.634,43.294],[-2.6346,43.2947],[-2.6361,43.2945],[-2.6366,43.2967],[-2.6411,43.2987]]],[[[-2.6471,43.3117],[-2.6433,43.3082],[-2.6421,43.3077],[-2.6418,43.3069],[-2.6414,43.307],[-2.6409,43.3074],[-2.6401,43.308],[-2.6396,43.3089],[-2.6391,43.3095],[-2.6388,43.3106],[-2.6389,43.3122],[-2.6409,43.3124],[-2.6426,43.314],[-2.644,43.3139],[-2.6451,43.3145],[-2.6481,43.3151],[-2.6486,43.3151],[-2.6493,43.3155],[-2.6506,43.3157],[-2.6486,43.3133],[-2.6471,43.3117]]],[[[-2.6534,43.3159],[-2.6522,43.3143],[-2.6504,43.315],[-2.6506,43.3157],[-2.6504,43.3159],[-2.6492,43.3155],[-2.6486,43.3151],[-2.6481,43.3151],[-2.6451,43.3146],[-2.6439,43.3157],[-2.644,43.3189],[-2.6485,43.3177],[-2.65,43.3175],[-2.6523,43.3173],[-2.6534,43.3159]]],[[[-2.6828,43.4035],[-2.684,43.3972],[-2.6804,43.3957],[-2.678,43.3957],[-2.6824,43.3935],[-2.6825,43.3923],[-2.6783,43.3884],[-2.6751,43.3823],[-2.6705,43.3769],[-2.671,43.3737],[-2.6693,43.37],[-2.668,43.3629],[-2.6657,43.361],[-2.6634,43.3595],[-2.6623,43.3589],[-2.6616,43.3588],[-2.6603,43.3593],[-2.6599,43.3594],[-2.6555,43.3592],[-2.6548,43.359],[-2.6544,43.3587],[-2.653,43.3572],[-2.6521,43.3569],[-2.6516,43.3571],[-2.6514,43.3564],[-2.6513,43.3586],[-2.6505,43.36],[-2.6486,43.3609],[-2.638,43.3601],[-2.6401,43.3626],[-2.6416,43.3657],[-2.638,43.3692],[-2.6348,43.3842],[-2.6341,43.3855],[-2.6316,43.3876],[-2.6321,43.3882],[-2.6393,43.3914],[-2.6406,43.3914],[-2.6422,43.3934],[-2.6437,43.3963],[-2.644,43.3976],[-2.6456,43.3983],[-2.6468,43.3992],[-2.6479,43.4016],[-2.6524,43.4046],[-2.6543,43.4078],[-2.6579,43.4076],[-2.6673,43.4109],[-2.67,43.4113],[-2.6723,43.4112],[-2.673,43.4102],[-2.6745,43.4097],[-2.6749,43.409],[-2.6753,43.4087],[-2.6763,43.4088],[-2.6781,43.4081],[-2.6777,43.4064],[-2.6828,43.4035]]],[[[-2.643,43.4032],[-2.6371,43.4055],[-2.6364,43.4119],[-2.6456,43.4159],[-2.6493,43.4151],[-2.6513,43.4114],[-2.6548,43.4106],[-2.6525,43.405],[-2.6479,43.4018],[-2.6458,43.3985],[-2.6448,43.3986],[-2.6432,43.3973],[-2.6435,43.3961],[-2.6418,43.3929],[-2.6402,43.3915],[-2.6367,43.3921],[-2.6337,43.3913],[-2.6329,43.3951],[-2.6354,43.3995],[-2.6412,43.3999],[-2.643,43.4032]]],[[[-2.6327,42.5494],[-2.6333,42.5462],[-2.6317,42.5417],[-2.6264,42.5364],[-2.624,42.5388],[-2.6297,42.5477],[-2.6327,42.5494]]],[[[-2.6233,42.5678],[-2.6238,42.5741],[-2.6262,42.5734],[-2.6271,42.5706],[-2.6297,42.5686],[-2.6295,42.5647],[-2.6351,42.5633],[-2.6362,42.5589],[-2.6272,42.5599],[-2.6236,42.5637],[-2.6233,42.5678]]],[[[-2.638,42.5591],[-2.6366,42.5654],[-2.634,42.5696],[-2.6409,42.5757],[-2.6443,42.5722],[-2.6386,42.571],[-2.6426,42.5662],[-2.6405,42.5603],[-2.638,42.5591]]],[[[-2.6256,42.5737],[-2.6393,42.5768],[-2.6382,42.5737],[-2.6303,42.5673],[-2.6297,42.5686],[-2.6271,42.5706],[-2.6262,42.5734],[-2.6256,42.5737]]],[[[-2.6459,42.5722],[-2.6423,42.5762],[-2.6476,42.5768],[-2.6459,42.5722]]],[[[-2.6679,42.8065],[-2.6759,42.8079],[-2.6865,42.7987],[-2.6875,42.7946],[-2.6858,42.7927],[-2.6847,42.7907],[-2.681,42.7859],[-2.6775,42.7827],[-2.6767,42.7819],[-2.6762,42.781],[-2.6759,42.7794],[-2.6757,42.776],[-2.6712,42.7739],[-2.6647,42.7742],[-2.6538,42.7719],[-2.6521,42.7669],[-2.6403,42.7662],[-2.6348,42.7646],[-2.6229,42.7701],[-2.6145,42.7683],[-2.6091,42.7709],[-2.6028,42.7701],[-2.6027,42.7663],[-2.5974,42.7618],[-2.5924,42.7596],[-2.5879,42.7594],[-2.5874,42.7673],[-2.5863,42.7689],[-2.5844,42.7735],[-2.5853,42.7746],[-2.5867,42.7753],[-2.5877,42.7756],[-2.588,42.7758],[-2.5897,42.7774],[-2.5896,42.7797],[-2.592,42.7804],[-2.5945,42.7829],[-2.5948,42.7843],[-2.5963,42.7863],[-2.597,42.7868],[-2.5972,42.7872],[-2.598,42.7873],[-2.5985,42.7879],[-2.5993,42.788],[-2.5999,42.7883],[-2.6009,42.788],[-2.6015,42.7887],[-2.6016,42.7907],[-2.6016,42.7916],[-2.6074,42.7937],[-2.6057,42.7954],[-2.6064,42.7969],[-2.6061,42.7991],[-2.6063,42.7999],[-2.6073,42.8019],[-2.6108,42.8038],[-2.6121,42.8042],[-2.6125,42.8046],[-2.6127,42.8049],[-2.6128,42.8053],[-2.6135,42.8079],[-2.6136,42.8096],[-2.6171,42.8133],[-2.6186,42.8239],[-2.6196,42.8254],[-2.6229,42.8241],[-2.6212,42.8278],[-2.6254,42.8294],[-2.6308,42.8294],[-2.6386,42.8278],[-2.636,42.819],[-2.6384,42.8155],[-2.6426,42.8155],[-2.6429,42.8195],[-2.648,42.816],[-2.6545,42.8146],[-2.6527,42.8084],[-2.6544,42.8024],[-2.6619,42.8035],[-2.6614,42.8076],[-2.6655,42.8128],[-2.6727,42.8123],[-2.6761,42.808],[-2.6679,42.8065]]],[[[-2.641,42.8277],[-2.6348,42.8296],[-2.6296,42.8325],[-2.6218,42.8364],[-2.617,42.8403],[-2.6269,42.8444],[-2.6356,42.8396],[-2.6355,42.8451],[-2.6409,42.8439],[-2.6487,42.8351],[-2.6502,42.8288],[-2.641,42.8277]]],[[[-2.6334,42.8423],[-2.6272,42.8444],[-2.6307,42.8462],[-2.6342,42.8454],[-2.6334,42.8423]]],[[[-2.6287,42.8528],[-2.6311,42.8529],[-2.6341,42.8476],[-2.6311,42.8465],[-2.6236,42.8482],[-2.6287,42.8528]]],[[[-2.6393,42.8618],[-2.6408,42.8541],[-2.6366,42.8526],[-2.6308,42.8535],[-2.6225,42.8562],[-2.6196,42.8567],[-2.6198,42.8602],[-2.626,42.8616],[-2.6357,42.8624],[-2.6393,42.8618]]],[[[-2.635,42.8638],[-2.6328,42.8634],[-2.6157,42.865],[-2.6171,42.8664],[-2.6234,42.8657],[-2.6335,42.8674],[-2.635,42.8638]]],[[[-2.6342,42.8701],[-2.6335,42.8679],[-2.628,42.8689],[-2.6331,42.8755],[-2.6342,42.8701]]],[[[-2.6422,42.8776],[-2.638,42.8701],[-2.6345,42.8718],[-2.6422,42.8776]]],[[[-2.6317,42.8751],[-2.6276,42.8688],[-2.6214,42.869],[-2.6193,42.8735],[-2.6205,42.8781],[-2.6236,42.8771],[-2.6268,42.8736],[-2.6317,42.8751]]],[[[-2.632,42.8836],[-2.6344,42.882],[-2.6232,42.8798],[-2.62,42.8804],[-2.623,42.8875],[-2.632,42.8836]]],[[[-2.629,42.8859],[-2.6301,42.8882],[-2.6352,42.8887],[-2.6369,42.8854],[-2.6344,42.882],[-2.629,42.8859]]],[[[-2.6413,42.8916],[-2.6372,42.8975],[-2.6438,42.9],[-2.6448,42.894],[-2.6413,42.8916]]],[[[-2.6265,42.9061],[-2.6306,42.904],[-2.6336,42.9018],[-2.6353,42.9003],[-2.6394,42.8926],[-2.6347,42.8916],[-2.6346,42.8886],[-2.6289,42.8881],[-2.6325,42.8944],[-2.636,42.8965],[-2.635,42.8985],[-2.6348,42.9007],[-2.6329,42.8997],[-2.6304,42.8992],[-2.6269,42.8998],[-2.6209,42.9036],[-2.6208,42.908],[-2.6265,42.9061]]],[[[-2.638,42.9006],[-2.6276,42.9071],[-2.6239,42.913],[-2.6215,42.9135],[-2.6173,42.9192],[-2.6183,42.9224],[-2.6265,42.918],[-2.6304,42.9151],[-2.6359,42.9126],[-2.6364,42.9085],[-2.6415,42.9099],[-2.6438,42.9001],[-2.638,42.9006]]],[[[-2.6382,42.9146],[-2.636,42.9127],[-2.6303,42.9152],[-2.6322,42.9167],[-2.6349,42.9148],[-2.6352,42.9137],[-2.6359,42.9136],[-2.6363,42.9142],[-2.6364,42.9171],[-2.6382,42.9146]]],[[[-2.6288,42.9177],[-2.6239,42.9213],[-2.6312,42.9225],[-2.6363,42.9197],[-2.6387,42.9193],[-2.6363,42.9171],[-2.6361,42.914],[-2.6353,42.9138],[-2.6351,42.9148],[-2.6323,42.9167],[-2.6288,42.9177]]],[[[-2.6339,42.936],[-2.6272,42.9419],[-2.6333,42.9425],[-2.6365,42.9396],[-2.6339,42.936]]],[[[-2.6283,42.9534],[-2.6301,42.9531],[-2.631,42.9521],[-2.6328,42.9462],[-2.6309,42.9506],[-2.6304,42.9527],[-2.6283,42.9534]]],[[[-2.6264,42.9757],[-2.6245,42.9711],[-2.6212,42.9762],[-2.6264,42.9757]]],[[[-2.6412,42.9791],[-2.6423,42.9749],[-2.6374,42.9717],[-2.6377,42.9701],[-2.6275,42.9706],[-2.6357,42.9766],[-2.6349,42.9835],[-2.6333,42.9876],[-2.6356,42.9905],[-2.6413,42.9848],[-2.6412,42.9791]]],[[[-2.6423,43.141],[-2.6451,43.143],[-2.6441,43.1444],[-2.64,43.1453],[-2.6347,43.1495],[-2.6388,43.1518],[-2.6437,43.1492],[-2.6457,43.1442],[-2.6456,43.1429],[-2.6447,43.1426],[-2.6431,43.1408],[-2.6423,43.141]]],[[[-2.6476,43.1451],[-2.6435,43.1511],[-2.6341,43.1611],[-2.6349,43.1643],[-2.6438,43.1668],[-2.6434,43.163],[-2.6397,43.1617],[-2.6462,43.1572],[-2.6505,43.1489],[-2.6476,43.1451]]],[[[-2.6254,43.1771],[-2.6315,43.1785],[-2.6316,43.1759],[-2.6233,43.1728],[-2.6165,43.1742],[-2.6217,43.1769],[-2.6254,43.1771]]],[[[-2.6348,43.1833],[-2.6309,43.1793],[-2.6254,43.1789],[-2.619,43.1819],[-2.6152,43.1793],[-2.6136,43.1736],[-2.6074,43.171],[-2.6063,43.18],[-2.6048,43.1863],[-2.6073,43.1912],[-2.6114,43.1935],[-2.6167,43.1956],[-2.6174,43.1935],[-2.6185,43.1928],[-2.6193,43.1925],[-2.6202,43.1878],[-2.6227,43.1914],[-2.6203,43.1918],[-2.6196,43.1924],[-2.6186,43.1928],[-2.6184,43.1933],[-2.6189,43.1942],[-2.621,43.1964],[-2.6219,43.1985],[-2.6233,43.1991],[-2.6253,43.2004],[-2.6296,43.2005],[-2.6293,43.2021],[-2.6356,43.2036],[-2.6342,43.1975],[-2.6363,43.1951],[-2.6412,43.195],[-2.6391,43.1913],[-2.64,43.1885],[-2.6348,43.1833]]],[[[-2.6385,43.2236],[-2.6281,43.2264],[-2.6286,43.2298],[-2.6355,43.2342],[-2.6403,43.2338],[-2.6386,43.2308],[-2.6449,43.2291],[-2.6437,43.2255],[-2.6385,43.2236]]],[[[-2.6261,43.2497],[-2.6262,43.2485],[-2.6232,43.247],[-2.6225,43.2464],[-2.6224,43.2441],[-2.6255,43.2433],[-2.6269,43.2408],[-2.6293,43.2413],[-2.6322,43.2424],[-2.6356,43.2442],[-2.6376,43.2436],[-2.6391,43.2441],[-2.6393,43.2453],[-2.641,43.247],[-2.6483,43.2435],[-2.6521,43.2402],[-2.6602,43.2369],[-2.6567,43.2314],[-2.6543,43.2319],[-2.6517,43.2366],[-2.6424,43.2393],[-2.624,43.2362],[-2.6209,43.238],[-2.615,43.2383],[-2.6133,43.2429],[-2.6187,43.2478],[-2.617,43.2503],[-2.6185,43.25],[-2.6205,43.2502],[-2.6239,43.2499],[-2.6248,43.2503],[-2.6257,43.2501],[-2.6261,43.2497]]],[[[-2.6325,43.248],[-2.6321,43.2469],[-2.6307,43.2456],[-2.6304,43.2454],[-2.6302,43.2451],[-2.6299,43.2447],[-2.6296,43.2445],[-2.6296,43.2443],[-2.6296,43.2438],[-2.6296,43.2436],[-2.6295,43.2434],[-2.6293,43.2427],[-2.6291,43.2424],[-2.6288,43.242],[-2.6278,43.2415],[-2.6288,43.242],[-2.6291,43.2424],[-2.6293,43.2427],[-2.6296,43.2434],[-2.6296,43.2436],[-2.6296,43.2438],[-2.6296,43.2443],[-2.6296,43.2445],[-2.6299,43.2447],[-2.6301,43.245],[-2.6323,43.2425],[-2.627,43.2409],[-2.6257,43.2433],[-2.6224,43.2441],[-2.6226,43.2464],[-2.6262,43.2484],[-2.6265,43.2488],[-2.6263,43.2495],[-2.6257,43.2502],[-2.6247,43.2503],[-2.6239,43.2499],[-2.6205,43.2503],[-2.6172,43.2503],[-2.6195,43.2518],[-2.6221,43.2528],[-2.6236,43.2543],[-2.6303,43.2567],[-2.6333,43.2532],[-2.6337,43.25],[-2.6325,43.248]]],[[[-2.6652,43.3201],[-2.6602,43.3224],[-2.6526,43.3203],[-2.6531,43.3186],[-2.652,43.3176],[-2.6499,43.3175],[-2.6473,43.3186],[-2.645,43.3187],[-2.6453,43.3197],[-2.6427,43.3208],[-2.6389,43.3237],[-2.6347,43.3257],[-2.631,43.3262],[-2.6225,43.325],[-2.6152,43.3257],[-2.6118,43.3236],[-2.6092,43.3235],[-2.6077,43.3233],[-2.6063,43.3229],[-2.6037,43.3228],[-2.6027,43.3225],[-2.6021,43.3214],[-2.6013,43.3212],[-2.6011,43.3208],[-2.601,43.3202],[-2.5998,43.3191],[-2.5955,43.3222],[-2.5936,43.3233],[-2.5919,43.3237],[-2.5908,43.3237],[-2.59,43.3235],[-2.5885,43.3213],[-2.5862,43.3255],[-2.5861,43.3276],[-2.5884,43.3304],[-2.594,43.3344],[-2.5952,43.3374],[-2.5989,43.3386],[-2.6116,43.3481],[-2.6122,43.3503],[-2.6184,43.353],[-2.6225,43.3529],[-2.6251,43.3557],[-2.6244,43.3593],[-2.6354,43.3605],[-2.6373,43.3592],[-2.6465,43.3595],[-2.6492,43.3566],[-2.6497,43.3481],[-2.6538,43.3435],[-2.6553,43.3381],[-2.6539,43.3354],[-2.6598,43.3296],[-2.666,43.3268],[-2.6655,43.3241],[-2.6627,43.3234],[-2.6652,43.3201]]],[[[-2.6112,43.3807],[-2.6221,43.3827],[-2.6282,43.3796],[-2.6286,43.3795],[-2.6293,43.3799],[-2.6302,43.3806],[-2.6336,43.3812],[-2.6362,43.376],[-2.6375,43.367],[-2.6401,43.3628],[-2.6373,43.3592],[-2.6355,43.3605],[-2.6166,43.3598],[-2.6211,43.3643],[-2.6265,43.3652],[-2.6238,43.3698],[-2.6252,43.3709],[-2.6243,43.3766],[-2.6204,43.3778],[-2.6124,43.3759],[-2.6076,43.3771],[-2.6051,43.3809],[-2.6112,43.3807]]],[[[-2.6342,43.3853],[-2.6348,43.3821],[-2.6302,43.3807],[-2.6285,43.3796],[-2.6282,43.3797],[-2.6281,43.3804],[-2.627,43.3805],[-2.6246,43.3831],[-2.6214,43.3846],[-2.6219,43.3853],[-2.6217,43.3859],[-2.6208,43.3872],[-2.6305,43.3914],[-2.6297,43.3879],[-2.6342,43.3853]]],[[[-2.622,42.5103],[-2.6241,42.5145],[-2.6289,42.5117],[-2.6248,42.5087],[-2.622,42.5103]]],[[[-2.6101,42.5138],[-2.6136,42.5173],[-2.6154,42.5112],[-2.6128,42.5101],[-2.6101,42.5138]]],[[[-2.6234,42.5188],[-2.6183,42.5195],[-2.6186,42.524],[-2.6243,42.5228],[-2.6234,42.5188]]],[[[-2.6174,42.5457],[-2.6243,42.5456],[-2.6242,42.5413],[-2.6203,42.5379],[-2.6163,42.5425],[-2.6174,42.5457]]],[[[-2.6314,42.5508],[-2.6291,42.5481],[-2.6238,42.5459],[-2.6184,42.5459],[-2.6197,42.5504],[-2.6267,42.5522],[-2.6314,42.5508]]],[[[-2.6024,42.56],[-2.6049,42.5607],[-2.6049,42.5626],[-2.6057,42.5631],[-2.6061,42.5638],[-2.6067,42.5667],[-2.6118,42.5623],[-2.6072,42.5526],[-2.5999,42.5526],[-2.5973,42.5548],[-2.5958,42.5594],[-2.5973,42.5629],[-2.6024,42.56]]],[[[-2.6126,42.8049],[-2.6083,42.8026],[-2.6074,42.8021],[-2.6072,42.8018],[-2.6063,42.7999],[-2.6061,42.7991],[-2.6063,42.7971],[-2.6049,42.7969],[-2.6055,42.7987],[-2.6048,42.8006],[-2.604,42.8018],[-2.6036,42.802],[-2.6035,42.8025],[-2.6037,42.803],[-2.6035,42.8032],[-2.6036,42.8037],[-2.6035,42.804],[-2.6034,42.8043],[-2.6035,42.8046],[-2.6052,42.806],[-2.607,42.8067],[-2.6092,42.8073],[-2.6104,42.8079],[-2.6107,42.8089],[-2.6137,42.811],[-2.6134,42.8079],[-2.6129,42.8067],[-2.6127,42.8058],[-2.6127,42.8053],[-2.6126,42.8049]]],[[[-2.6247,42.8294],[-2.6213,42.8281],[-2.6204,42.8273],[-2.6106,42.8275],[-2.6113,42.8294],[-2.6247,42.8294]]],[[[-2.6121,42.8336],[-2.6057,42.834],[-2.5938,42.8301],[-2.5923,42.8333],[-2.595,42.8348],[-2.5934,42.8383],[-2.5976,42.8388],[-2.6076,42.838],[-2.6164,42.8396],[-2.6162,42.8359],[-2.6131,42.834],[-2.613,42.8295],[-2.5973,42.8288],[-2.599,42.8317],[-2.6058,42.8339],[-2.6121,42.8336]]],[[[-2.6226,42.8358],[-2.6273,42.8335],[-2.6249,42.8295],[-2.6194,42.8295],[-2.6194,42.8358],[-2.6226,42.8358]]],[[[-2.6292,42.8466],[-2.6262,42.8442],[-2.6166,42.8404],[-2.613,42.8502],[-2.6292,42.8466]]],[[[-2.6193,42.8526],[-2.613,42.8506],[-2.6118,42.8579],[-2.6215,42.8563],[-2.6193,42.8526]]],[[[-2.6122,42.8513],[-2.5931,42.8549],[-2.5964,42.8595],[-2.6041,42.8592],[-2.6115,42.8579],[-2.6122,42.8513]]],[[[-2.6192,42.8603],[-2.6148,42.8615],[-2.6157,42.8649],[-2.6331,42.8633],[-2.6192,42.8603]]],[[[-2.6107,42.8584],[-2.6018,42.8601],[-2.5981,42.8627],[-2.6065,42.8653],[-2.6156,42.8649],[-2.6137,42.8605],[-2.6107,42.8584]]],[[[-2.624,42.8687],[-2.6234,42.8662],[-2.6163,42.8666],[-2.617,42.869],[-2.624,42.8687]]],[[[-2.6157,42.869],[-2.6161,42.8666],[-2.6011,42.8679],[-2.5969,42.8701],[-2.5981,42.8728],[-2.5964,42.8739],[-2.5957,42.8746],[-2.5961,42.8749],[-2.5991,42.8745],[-2.6002,42.8739],[-2.603,42.8734],[-2.6052,42.8723],[-2.607,42.872],[-2.6091,42.8769],[-2.6187,42.8765],[-2.618,42.873],[-2.6131,42.8735],[-2.6157,42.869]]],[[[-2.6114,42.8806],[-2.6198,42.8803],[-2.6204,42.8783],[-2.6128,42.8773],[-2.6114,42.8806]]],[[[-2.619,42.8868],[-2.6202,42.8821],[-2.6175,42.8807],[-2.6114,42.8812],[-2.6129,42.8839],[-2.619,42.8868]]],[[[-2.6113,42.8937],[-2.6131,42.8952],[-2.6193,42.8946],[-2.6191,42.8921],[-2.6134,42.8914],[-2.6113,42.8937]]],[[[-2.621,42.9121],[-2.6203,42.9095],[-2.6151,42.9098],[-2.6093,42.9142],[-2.6141,42.9182],[-2.6154,42.9149],[-2.621,42.9121]]],[[[-2.6163,42.9285],[-2.6085,42.9262],[-2.6049,42.9237],[-2.5956,42.9224],[-2.6019,42.9296],[-2.6009,42.9337],[-2.6118,42.9306],[-2.6163,42.9285]]],[[[-2.6149,42.9394],[-2.6097,42.9381],[-2.603,42.9427],[-2.6075,42.9452],[-2.6158,42.9414],[-2.6149,42.9394]]],[[[-2.6056,43.1158],[-2.6059,43.112],[-2.6032,43.1099],[-2.5984,43.1119],[-2.6003,43.1139],[-2.6007,43.1149],[-2.5997,43.1155],[-2.6002,43.1158],[-2.6012,43.1162],[-2.6056,43.1158]]],[[[-2.6069,43.1154],[-2.6049,43.1162],[-2.6032,43.116],[-2.6019,43.1162],[-2.6012,43.1162],[-2.6008,43.1161],[-2.5931,43.1208],[-2.6,43.122],[-2.6048,43.1201],[-2.6069,43.1154]]],[[[-2.6102,43.1418],[-2.6062,43.14],[-2.6,43.1405],[-2.6062,43.1456],[-2.6069,43.1439],[-2.6102,43.1418]]],[[[-2.6145,43.1479],[-2.6177,43.1468],[-2.6115,43.1424],[-2.6075,43.1442],[-2.6093,43.148],[-2.6145,43.1479]]],[[[-2.6163,43.1486],[-2.6124,43.149],[-2.6152,43.1532],[-2.6228,43.155],[-2.6296,43.1503],[-2.6241,43.149],[-2.6201,43.1504],[-2.6163,43.1486]]],[[[-2.6122,43.1547],[-2.6076,43.1542],[-2.6007,43.148],[-2.6014,43.1464],[-2.5978,43.1418],[-2.595,43.1473],[-2.5962,43.1502],[-2.6007,43.152],[-2.6021,43.1546],[-2.6055,43.157],[-2.6086,43.158],[-2.6116,43.1601],[-2.6122,43.1547]]],[[[-2.6036,43.1612],[-2.605,43.1633],[-2.6102,43.1632],[-2.6095,43.1587],[-2.6073,43.1577],[-2.6046,43.1592],[-2.6036,43.1612]]],[[[-2.6352,43.2041],[-2.6292,43.2021],[-2.628,43.2029],[-2.6253,43.2004],[-2.6223,43.1989],[-2.6216,43.1982],[-2.621,43.1971],[-2.621,43.1965],[-2.6165,43.1956],[-2.612,43.1943],[-2.6078,43.1925],[-2.6046,43.186],[-2.6062,43.1802],[-2.6063,43.1744],[-2.5982,43.1801],[-2.6015,43.1844],[-2.6011,43.1884],[-2.602,43.189],[-2.6025,43.1914],[-2.6041,43.1919],[-2.6055,43.1941],[-2.6056,43.1942],[-2.6055,43.1943],[-2.6053,43.1947],[-2.605,43.1961],[-2.6029,43.1994],[-2.6089,43.2015],[-2.6138,43.2011],[-2.6167,43.2032],[-2.6291,43.2074],[-2.6352,43.2041]]],[[[-2.6425,43.281],[-2.6456,43.2738],[-2.6451,43.2707],[-2.6415,43.2673],[-2.6365,43.2669],[-2.6369,43.2652],[-2.6372,43.2651],[-2.6389,43.2648],[-2.6388,43.2639],[-2.6391,43.2634],[-2.6389,43.2629],[-2.6382,43.2627],[-2.6382,43.2622],[-2.6386,43.2618],[-2.639,43.2611],[-2.6389,43.2609],[-2.638,43.2605],[-2.6377,43.2601],[-2.6375,43.2584],[-2.6362,43.2551],[-2.6374,43.2501],[-2.6402,43.2462],[-2.6396,43.2458],[-2.6391,43.2451],[-2.6391,43.2442],[-2.6377,43.2437],[-2.6356,43.2442],[-2.6323,43.2425],[-2.6308,43.2443],[-2.6304,43.2447],[-2.6301,43.245],[-2.6321,43.2469],[-2.6337,43.25],[-2.6333,43.2532],[-2.6303,43.2567],[-2.6236,43.2543],[-2.6171,43.2503],[-2.6139,43.2583],[-2.6156,43.2608],[-2.6086,43.2641],[-2.6094,43.2668],[-2.6017,43.2664],[-2.5991,43.2608],[-2.5971,43.2601],[-2.5947,43.2626],[-2.5933,43.2629],[-2.593,43.264],[-2.594,43.2646],[-2.5929,43.2657],[-2.5944,43.2663],[-2.5969,43.2699],[-2.6029,43.2705],[-2.6024,43.2673],[-2.6071,43.2673],[-2.6072,43.2724],[-2.6174,43.2721],[-2.6215,43.2747],[-2.6285,43.28],[-2.6296,43.2803],[-2.6303,43.2808],[-2.6315,43.2805],[-2.6326,43.2805],[-2.6329,43.2807],[-2.6348,43.283],[-2.6353,43.2837],[-2.6352,43.284],[-2.636,43.2853],[-2.6374,43.2831],[-2.639,43.2819],[-2.6425,43.281]]],[[[-2.6023,43.2721],[-2.5934,43.2727],[-2.5973,43.2767],[-2.6023,43.2721]]],[[[-2.6308,43.3979],[-2.6308,43.3914],[-2.6267,43.3921],[-2.6207,43.3872],[-2.6218,43.3853],[-2.6186,43.3829],[-2.6163,43.3817],[-2.6121,43.3812],[-2.6081,43.3813],[-2.6051,43.381],[-2.6076,43.3846],[-2.6168,43.3876],[-2.6162,43.3909],[-2.6219,43.3941],[-2.6261,43.3943],[-2.6308,43.3979]]],[[[-2.6035,42.5037],[-2.6037,42.5013],[-2.5951,42.4955],[-2.5918,42.4921],[-2.5935,42.4891],[-2.5984,42.4878],[-2.6019,42.4814],[-2.5996,42.4754],[-2.5944,42.4728],[-2.5888,42.4741],[-2.5933,42.4815],[-2.5885,42.4838],[-2.579,42.4832],[-2.5823,42.4902],[-2.5777,42.4935],[-2.5837,42.4956],[-2.5881,42.4915],[-2.5876,42.4859],[-2.5956,42.4808],[-2.5908,42.4753],[-2.5958,42.4743],[-2.5994,42.4773],[-2.5999,42.4826],[-2.5966,42.4877],[-2.5923,42.4883],[-2.5903,42.4916],[-2.5925,42.4949],[-2.599,42.4993],[-2.6035,42.5037]]],[[[-2.5798,42.5413],[-2.5787,42.5458],[-2.585,42.5492],[-2.5857,42.5458],[-2.5798,42.5413]]],[[[-2.5933,42.5479],[-2.5909,42.5501],[-2.5924,42.5529],[-2.5961,42.5523],[-2.5933,42.5479]]],[[[-2.586,42.5524],[-2.5866,42.5579],[-2.5924,42.5573],[-2.5924,42.553],[-2.586,42.5524]]],[[[-2.6065,42.5663],[-2.6057,42.5631],[-2.6026,42.5614],[-2.5974,42.5629],[-2.6065,42.5663]]],[[[-2.5914,42.5612],[-2.5853,42.5618],[-2.5832,42.5637],[-2.5811,42.5651],[-2.5815,42.569],[-2.5885,42.5674],[-2.5914,42.5612]]],[[[-2.5289,42.5973],[-2.5258,42.5949],[-2.5216,42.5948],[-2.5202,42.5949],[-2.5187,42.596],[-2.518,42.5962],[-2.5176,42.5961],[-2.5172,42.5957],[-2.5163,42.5945],[-2.5155,42.5942],[-2.5135,42.5939],[-2.5114,42.5949],[-2.5108,42.5968],[-2.5107,42.597],[-2.5105,42.5971],[-2.5097,42.5971],[-2.5094,42.5974],[-2.5093,42.5981],[-2.5085,42.5982],[-2.4998,42.6007],[-2.4978,42.6038],[-2.4953,42.604],[-2.4988,42.6103],[-2.4999,42.6163],[-2.4826,42.612],[-2.4795,42.6156],[-2.4833,42.6194],[-2.4835,42.62],[-2.4879,42.6233],[-2.4888,42.6229],[-2.4903,42.6242],[-2.4922,42.6241],[-2.4942,42.6248],[-2.4958,42.6258],[-2.4965,42.6267],[-2.5029,42.6256],[-2.5076,42.6274],[-2.515,42.6251],[-2.5231,42.6257],[-2.5309,42.6253],[-2.5355,42.624],[-2.5378,42.6236],[-2.5497,42.6249],[-2.5573,42.6241],[-2.5696,42.6237],[-2.578,42.6262],[-2.5803,42.6241],[-2.5874,42.6234],[-2.5887,42.625],[-2.6048,42.6291],[-2.6102,42.6298],[-2.6197,42.6291],[-2.629,42.6308],[-2.6332,42.6288],[-2.6358,42.6288],[-2.6375,42.6286],[-2.639,42.6288],[-2.64,42.6284],[-2.641,42.626],[-2.643,42.6247],[-2.6393,42.6232],[-2.6401,42.6204],[-2.6382,42.6167],[-2.6405,42.6137],[-2.6505,42.608],[-2.6535,42.6034],[-2.6567,42.6018],[-2.6622,42.6011],[-2.6699,42.6036],[-2.6711,42.6055],[-2.6759,42.6045],[-2.6787,42.6045],[-2.6828,42.6024],[-2.6839,42.5979],[-2.6808,42.5946],[-2.6821,42.5926],[-2.679,42.5907],[-2.6715,42.5906],[-2.6669,42.5891],[-2.6686,42.5875],[-2.6686,42.5869],[-2.6674,42.5863],[-2.6644,42.5864],[-2.6624,42.5863],[-2.662,42.5871],[-2.6617,42.5875],[-2.66,42.5876],[-2.6591,42.5874],[-2.6561,42.5862],[-2.6545,42.5806],[-2.6504,42.5812],[-2.6448,42.5777],[-2.6424,42.5776],[-2.6265,42.574],[-2.6222,42.5742],[-2.6207,42.5738],[-2.6167,42.5712],[-2.6117,42.5721],[-2.6059,42.5701],[-2.5949,42.5687],[-2.5853,42.5708],[-2.5848,42.5684],[-2.5817,42.5691],[-2.5827,42.5704],[-2.5769,42.5696],[-2.5841,42.5754],[-2.5898,42.5814],[-2.5797,42.5806],[-2.5722,42.5803],[-2.5711,42.5774],[-2.5805,42.5737],[-2.5745,42.5697],[-2.5647,42.5735],[-2.5597,42.5788],[-2.5458,42.58],[-2.5415,42.5818],[-2.5382,42.5851],[-2.5337,42.5849],[-2.5317,42.5871],[-2.5289,42.5973]]],[[[-2.5902,42.6329],[-2.5958,42.6303],[-2.5906,42.6264],[-2.5846,42.6267],[-2.5842,42.6315],[-2.5885,42.63],[-2.5902,42.6329]]],[[[-2.5937,42.6962],[-2.5858,42.6941],[-2.583,42.6947],[-2.5828,42.6955],[-2.5824,42.6954],[-2.582,42.696],[-2.5815,42.6962],[-2.5813,42.6963],[-2.581,42.6986],[-2.5878,42.6971],[-2.5903,42.6982],[-2.5937,42.6962]]],[[[-2.6051,42.6963],[-2.6023,42.6965],[-2.5942,42.7034],[-2.5948,42.706],[-2.6018,42.7045],[-2.6087,42.6999],[-2.609,42.6959],[-2.6051,42.6963]]],[[[-2.5877,42.7002],[-2.5869,42.7002],[-2.5863,42.7001],[-2.5859,42.7006],[-2.5846,42.7011],[-2.5825,42.7049],[-2.5803,42.7079],[-2.5878,42.7067],[-2.591,42.7018],[-2.5898,42.7008],[-2.5898,42.7005],[-2.5887,42.7002],[-2.5877,42.7002]]],[[[-2.5937,42.8299],[-2.5848,42.8295],[-2.5889,42.8331],[-2.5922,42.8334],[-2.5937,42.8299]]],[[[-2.586,42.8382],[-2.5893,42.8352],[-2.5783,42.8316],[-2.5762,42.8315],[-2.5756,42.8291],[-2.5788,42.8292],[-2.5789,42.8283],[-2.5753,42.8283],[-2.5693,42.8298],[-2.5689,42.8303],[-2.5793,42.8358],[-2.586,42.8382]]],[[[-2.616,42.8405],[-2.6076,42.8381],[-2.5932,42.8391],[-2.5861,42.8383],[-2.5872,42.844],[-2.5924,42.8433],[-2.5934,42.8467],[-2.5886,42.8463],[-2.5893,42.8508],[-2.5928,42.8546],[-2.6126,42.8503],[-2.616,42.8405]]],[[[-2.5929,42.8596],[-2.593,42.855],[-2.5859,42.8564],[-2.5901,42.8596],[-2.5929,42.8596]]],[[[-2.593,42.8745],[-2.5962,42.871],[-2.5981,42.8661],[-2.5953,42.8642],[-2.585,42.8641],[-2.5819,42.863],[-2.5734,42.863],[-2.5749,42.8664],[-2.5789,42.8669],[-2.5853,42.8644],[-2.5934,42.8648],[-2.5886,42.8682],[-2.587,42.8748],[-2.593,42.8745]]],[[[-2.6042,42.8733],[-2.6002,42.8739],[-2.5991,42.8745],[-2.5971,42.8748],[-2.5961,42.8749],[-2.5954,42.8748],[-2.593,42.8749],[-2.5896,42.878],[-2.6016,42.877],[-2.6042,42.8733]]],[[[-2.5799,42.883],[-2.5847,42.885],[-2.5887,42.8838],[-2.5931,42.8849],[-2.5938,42.8815],[-2.5883,42.8827],[-2.587,42.8785],[-2.582,42.8796],[-2.5799,42.883]]],[[[-2.5921,42.8846],[-2.5847,42.885],[-2.5794,42.8841],[-2.5768,42.8875],[-2.5858,42.8873],[-2.5921,42.8846]]],[[[-2.5914,42.8866],[-2.5858,42.8873],[-2.5875,42.8926],[-2.5908,42.8941],[-2.5957,42.8938],[-2.601,42.8894],[-2.5992,42.8838],[-2.5914,42.8866]]],[[[-2.5894,42.9033],[-2.5942,42.903],[-2.5946,42.9005],[-2.5887,42.9007],[-2.5894,42.9033]]],[[[-2.577,42.9159],[-2.5752,42.9209],[-2.5788,42.9254],[-2.5822,42.9244],[-2.5823,42.9224],[-2.5862,42.923],[-2.583,42.9202],[-2.5784,42.9188],[-2.577,42.9159]]],[[[-2.5805,42.926],[-2.5825,42.9282],[-2.5881,42.9254],[-2.5825,42.923],[-2.5823,42.9243],[-2.5805,42.926]]],[[[-2.601,42.9523],[-2.5985,42.9495],[-2.5943,42.9523],[-2.5939,42.9572],[-2.601,42.9546],[-2.601,42.9523]]],[[[-2.5887,42.9599],[-2.5907,42.9575],[-2.5858,42.955],[-2.5825,42.958],[-2.5824,42.9625],[-2.5866,42.9651],[-2.5887,42.9599]]],[[[-2.6012,42.9556],[-2.5945,42.958],[-2.6022,42.9598],[-2.6052,42.9576],[-2.6012,42.9556]]],[[[-2.4995,43.0264],[-2.5063,43.0273],[-2.5101,43.0254],[-2.5095,43.0226],[-2.5103,43.0147],[-2.5183,43.017],[-2.515,43.0208],[-2.5176,43.023],[-2.5226,43.0208],[-2.5247,43.0162],[-2.5235,43.0136],[-2.5245,43.0112],[-2.5195,43.0079],[-2.5229,43.0061],[-2.5266,43.0085],[-2.5246,43.0144],[-2.5266,43.0151],[-2.5341,43.0128],[-2.5412,43.0133],[-2.5444,43.011],[-2.5503,43.0032],[-2.543,43.0007],[-2.5458,42.9975],[-2.5513,42.9956],[-2.5524,42.992],[-2.5504,42.99],[-2.5551,42.9859],[-2.5598,42.9851],[-2.5625,42.982],[-2.5621,42.9793],[-2.5689,42.9758],[-2.5744,42.9743],[-2.5769,42.9697],[-2.5815,42.9678],[-2.5808,42.964],[-2.5716,42.9609],[-2.5665,42.9619],[-2.5588,42.9609],[-2.551,42.9587],[-2.5482,42.9535],[-2.5449,42.9505],[-2.5409,42.9515],[-2.5381,42.9578],[-2.5403,42.9652],[-2.5355,42.9702],[-2.5346,42.9733],[-2.5153,42.9656],[-2.5149,42.9621],[-2.507,42.9566],[-2.5023,42.9563],[-2.4942,42.9576],[-2.491,42.9596],[-2.4825,42.9582],[-2.4771,42.961],[-2.4663,42.9597],[-2.4633,42.9608],[-2.4766,42.9657],[-2.4903,42.9635],[-2.4902,42.9656],[-2.4827,42.9654],[-2.4758,42.9664],[-2.456,42.959],[-2.4544,42.9542],[-2.449,42.9527],[-2.4438,42.9567],[-2.4406,42.9506],[-2.4367,42.9478],[-2.4342,42.9544],[-2.4307,42.9541],[-2.4273,42.9505],[-2.4217,42.952],[-2.4175,42.955],[-2.4127,42.9535],[-2.4096,42.9578],[-2.407,42.9527],[-2.4029,42.9537],[-2.4026,42.9488],[-2.3901,42.9486],[-2.3908,42.9439],[-2.3835,42.9457],[-2.3797,42.9434],[-2.3779,42.9396],[-2.3714,42.9405],[-2.3655,42.937],[-2.3663,42.9303],[-2.3706,42.9313],[-2.3696,42.9239],[-2.3759,42.9237],[-2.381,42.9222],[-2.3854,42.9237],[-2.3917,42.922],[-2.384,42.9213],[-2.3822,42.92],[-2.3758,42.9212],[-2.3714,42.9206],[-2.3659,42.9225],[-2.3646,42.928],[-2.3594,42.9343],[-2.3516,42.9317],[-2.3406,42.9311],[-2.3496,42.9205],[-2.3518,42.9124],[-2.3516,42.9065],[-2.3466,42.9034],[-2.347,42.9006],[-2.352,42.8945],[-2.3516,42.8888],[-2.3471,42.8868],[-2.3428,42.8924],[-2.341,42.8967],[-2.3357,42.9005],[-2.329,42.8997],[-2.3234,42.8961],[-2.323,42.9036],[-2.3209,42.9047],[-2.319,42.8985],[-2.3207,42.8965],[-2.3214,42.8952],[-2.3196,42.8951],[-2.3183,42.8945],[-2.3135,42.8955],[-2.3109,42.8955],[-2.3145,42.8902],[-2.311,42.8889],[-2.315,42.8839],[-2.3146,42.8786],[-2.3121,42.8769],[-2.2987,42.8748],[-2.2994,42.878],[-2.2945,42.8759],[-2.2947,42.8762],[-2.2957,42.8771],[-2.294,42.8767],[-2.295,42.8739],[-2.2798,42.872],[-2.2761,42.8741],[-2.2698,42.8732],[-2.2646,42.8709],[-2.2546,42.8703],[-2.2488,42.8707],[-2.2488,42.8704],[-2.2486,42.8703],[-2.2414,42.8708],[-2.2427,42.8798],[-2.2415,42.8858],[-2.2531,42.8926],[-2.2487,42.897],[-2.2385,42.8956],[-2.2379,42.9113],[-2.2399,42.913],[-2.2374,42.9163],[-2.2388,42.9211],[-2.2361,42.9311],[-2.237,42.9314],[-2.2377,42.9319],[-2.2401,42.9328],[-2.2413,42.9331],[-2.2438,42.9346],[-2.2524,42.9363],[-2.2599,42.9386],[-2.2663,42.9386],[-2.2695,42.94],[-2.2778,42.9392],[-2.2839,42.9419],[-2.2853,42.9439],[-2.2911,42.9436],[-2.2969,42.9449],[-2.3001,42.9434],[-2.3026,42.9508],[-2.3015,42.9551],[-2.2965,42.9576],[-2.2925,42.9531],[-2.289,42.9519],[-2.2865,42.9481],[-2.2806,42.9458],[-2.2804,42.9481],[-2.2852,42.9497],[-2.2877,42.953],[-2.291,42.9543],[-2.2957,42.9583],[-2.2974,42.9615],[-2.3011,42.9595],[-2.2984,42.9567],[-2.303,42.9549],[-2.3032,42.9522],[-2.3082,42.9538],[-2.3081,42.9582],[-2.3121,42.9636],[-2.3192,42.9654],[-2.3168,42.972],[-2.3222,42.976],[-2.3276,42.9785],[-2.3231,42.9802],[-2.3174,42.98],[-2.3112,42.9842],[-2.3113,42.988],[-2.3079,42.9887],[-2.3064,42.9922],[-2.3025,42.9928],[-2.3054,42.9975],[-2.306,43.0087],[-2.2979,43.0088],[-2.2896,43.0125],[-2.2964,43.0145],[-2.2983,43.0164],[-2.3082,43.0158],[-2.3163,43.0103],[-2.3156,43.0073],[-2.3221,43.0033],[-2.3272,43.0042],[-2.3329,43.0126],[-2.3363,43.0193],[-2.3369,43.025],[-2.3413,43.0273],[-2.3426,43.0198],[-2.3459,43.0179],[-2.3499,43.0112],[-2.3544,43.0083],[-2.3608,43.0067],[-2.3641,43.003],[-2.3741,43.0014],[-2.3766,43.0061],[-2.3798,43.0045],[-2.3884,43.0071],[-2.3982,43.0088],[-2.4052,43.0065],[-2.4125,43.0125],[-2.4135,43.011],[-2.4206,43.0089],[-2.4297,43.0104],[-2.4359,43.0064],[-2.4328,43.0031],[-2.4273,43.0008],[-2.4215,42.995],[-2.4166,42.9932],[-2.4132,42.9891],[-2.4062,42.9875],[-2.401,42.9822],[-2.3985,42.9821],[-2.3906,42.978],[-2.3925,42.9755],[-2.405,42.9793],[-2.4042,42.9813],[-2.4063,42.9874],[-2.4133,42.9891],[-2.4166,42.9932],[-2.4216,42.995],[-2.4274,43.0008],[-2.4328,43.003],[-2.436,43.0064],[-2.4372,43.0055],[-2.4353,43.0014],[-2.4364,43.0007],[-2.4402,43.0071],[-2.4392,43.0128],[-2.4537,43.0154],[-2.4557,43.0178],[-2.4614,43.0187],[-2.4646,43.0232],[-2.4706,43.0225],[-2.4729,43.0127],[-2.4754,43.0172],[-2.4761,43.022],[-2.4799,43.0204],[-2.4819,43.0204],[-2.4837,43.0229],[-2.4836,43.0261],[-2.4714,43.0245],[-2.4717,43.0282],[-2.478,43.0306],[-2.4804,43.0295],[-2.4878,43.0332],[-2.4939,43.028],[-2.4841,43.0253],[-2.4844,43.0232],[-2.4832,43.0204],[-2.4762,43.0186],[-2.4772,43.0162],[-2.4833,43.0203],[-2.4882,43.025],[-2.494,43.0279],[-2.4995,43.0264]],[[-2.3044,42.8825],[-2.3099,42.8814],[-2.3052,42.8876],[-2.3006,42.8844],[-2.3044,42.8825]]],[[[-2.299,42.8807],[-2.2955,42.8787],[-2.2956,42.8792],[-2.299,42.8807]]],[[[-2.5904,42.999],[-2.5862,42.9959],[-2.5821,42.999],[-2.5876,43.001],[-2.5879,43.0038],[-2.5935,43.0019],[-2.5904,42.999]]],[[[-2.5884,43.0084],[-2.588,43.0059],[-2.5778,42.9996],[-2.577,43.0024],[-2.5733,43.0033],[-2.573,43.0037],[-2.5733,43.0054],[-2.5737,43.0059],[-2.5749,43.0069],[-2.5751,43.0074],[-2.5747,43.0096],[-2.572,43.0103],[-2.5697,43.0046],[-2.5655,43.0049],[-2.5603,43.0031],[-2.5548,43.0039],[-2.5489,43.009],[-2.5493,43.0128],[-2.5525,43.0141],[-2.558,43.0093],[-2.562,43.013],[-2.5598,43.0147],[-2.5518,43.0159],[-2.5559,43.0187],[-2.5622,43.019],[-2.5668,43.0163],[-2.5682,43.0132],[-2.5662,43.0088],[-2.5697,43.0072],[-2.5721,43.0105],[-2.5746,43.01],[-2.5752,43.0078],[-2.5751,43.007],[-2.5735,43.0056],[-2.5731,43.0039],[-2.5743,43.0033],[-2.5771,43.0033],[-2.5828,43.0083],[-2.5884,43.0084]]],[[[-2.6034,43.1088],[-2.5946,43.1091],[-2.5984,43.1119],[-2.6034,43.1088]]],[[[-2.5842,43.1093],[-2.5772,43.111],[-2.5821,43.115],[-2.5859,43.1118],[-2.5842,43.1093]]],[[[-2.5916,43.1113],[-2.5884,43.1091],[-2.5843,43.1148],[-2.5858,43.1217],[-2.5921,43.1203],[-2.5854,43.1159],[-2.5901,43.1149],[-2.5924,43.1202],[-2.5979,43.1168],[-2.5963,43.1122],[-2.5916,43.1113]]],[[[-2.5792,43.118],[-2.578,43.1212],[-2.5789,43.1294],[-2.5858,43.1276],[-2.5867,43.1247],[-2.585,43.1206],[-2.5792,43.118]]],[[[-2.5927,43.1213],[-2.588,43.1217],[-2.586,43.1275],[-2.5869,43.13],[-2.5913,43.1308],[-2.5927,43.1213]]],[[[-2.5874,43.137],[-2.5773,43.1303],[-2.5764,43.1337],[-2.5801,43.1364],[-2.5874,43.137]]],[[[-2.5961,43.1698],[-2.5942,43.1681],[-2.5846,43.1694],[-2.5837,43.1741],[-2.5849,43.1767],[-2.591,43.175],[-2.5961,43.1698]]],[[[-2.5883,43.1768],[-2.5823,43.1768],[-2.5788,43.1788],[-2.5769,43.1824],[-2.5736,43.1843],[-2.5756,43.1876],[-2.5801,43.1858],[-2.5883,43.1768]]],[[[-2.5989,43.1832],[-2.5982,43.18],[-2.5866,43.1817],[-2.5822,43.1871],[-2.5813,43.1942],[-2.5851,43.1957],[-2.5914,43.1949],[-2.5952,43.1961],[-2.6017,43.195],[-2.6028,43.1992],[-2.605,43.1961],[-2.6053,43.1947],[-2.6055,43.1943],[-2.6056,43.1942],[-2.6053,43.1939],[-2.6048,43.1936],[-2.6046,43.1933],[-2.6041,43.1919],[-2.6025,43.1914],[-2.602,43.189],[-2.6011,43.1884],[-2.6012,43.1864],[-2.5989,43.1832]]],[[[-2.6065,43.2385],[-2.6032,43.2452],[-2.6,43.2466],[-2.5977,43.2495],[-2.5892,43.2562],[-2.5844,43.2571],[-2.5853,43.26],[-2.5892,43.2607],[-2.5927,43.2641],[-2.5931,43.2634],[-2.5924,43.2624],[-2.5937,43.2627],[-2.5947,43.2626],[-2.5961,43.2608],[-2.5981,43.2595],[-2.594,43.2568],[-2.5896,43.2566],[-2.5971,43.2501],[-2.5994,43.2493],[-2.6011,43.2463],[-2.6036,43.2453],[-2.6059,43.2426],[-2.6065,43.2385]]],[[[-2.6387,43.3114],[-2.6387,43.3104],[-2.6391,43.3094],[-2.6396,43.3089],[-2.6401,43.308],[-2.6405,43.3077],[-2.6403,43.3075],[-2.6405,43.3046],[-2.6395,43.3029],[-2.6388,43.3004],[-2.6351,43.2984],[-2.6343,43.2946],[-2.6339,43.294],[-2.634,43.2936],[-2.6347,43.2929],[-2.6349,43.2924],[-2.6346,43.292],[-2.6338,43.2913],[-2.6336,43.2907],[-2.6343,43.2895],[-2.632,43.289],[-2.6305,43.2856],[-2.631,43.2841],[-2.6305,43.2825],[-2.6319,43.2824],[-2.6309,43.2814],[-2.6298,43.2805],[-2.6285,43.2801],[-2.6261,43.2783],[-2.6214,43.2762],[-2.6184,43.2736],[-2.6161,43.2739],[-2.6069,43.2727],[-2.6054,43.2745],[-2.6052,43.2816],[-2.6065,43.2833],[-2.6015,43.2861],[-2.5982,43.2895],[-2.5951,43.2949],[-2.5969,43.3044],[-2.601,43.31],[-2.6012,43.313],[-2.5974,43.3155],[-2.5889,43.315],[-2.5863,43.3087],[-2.5804,43.3055],[-2.5757,43.305],[-2.574,43.2994],[-2.5667,43.2952],[-2.5607,43.2991],[-2.5526,43.3007],[-2.5457,43.3041],[-2.5438,43.3076],[-2.5406,43.3112],[-2.5421,43.3156],[-2.5476,43.3177],[-2.5564,43.3167],[-2.562,43.3117],[-2.5626,43.308],[-2.5695,43.3087],[-2.5692,43.3109],[-2.5771,43.3228],[-2.5693,43.3228],[-2.5773,43.3287],[-2.5839,43.3377],[-2.587,43.3393],[-2.5887,43.3429],[-2.5957,43.3454],[-2.5968,43.3483],[-2.6031,43.3518],[-2.613,43.3553],[-2.6168,43.3589],[-2.6233,43.3598],[-2.6212,43.3543],[-2.6063,43.3478],[-2.6067,43.3459],[-2.6017,43.3432],[-2.5988,43.3387],[-2.5952,43.3374],[-2.5883,43.3308],[-2.586,43.3277],[-2.5853,43.3242],[-2.5832,43.322],[-2.5858,43.319],[-2.5902,43.3175],[-2.5987,43.3172],[-2.5999,43.3191],[-2.6012,43.3203],[-2.6012,43.3209],[-2.602,43.3212],[-2.6025,43.3217],[-2.6027,43.3223],[-2.6037,43.3228],[-2.6064,43.3228],[-2.6077,43.3232],[-2.6119,43.3236],[-2.6152,43.3257],[-2.6225,43.325],[-2.631,43.3261],[-2.6388,43.3237],[-2.6412,43.3203],[-2.6387,43.3114]]],[[[-2.5987,43.3183],[-2.5902,43.3175],[-2.5859,43.3191],[-2.5868,43.3206],[-2.5886,43.3213],[-2.5909,43.3236],[-2.5919,43.3236],[-2.5935,43.3232],[-2.5955,43.3219],[-2.5987,43.3183]]],[[[-2.5911,43.3804],[-2.5936,43.3796],[-2.5902,43.3754],[-2.5844,43.3749],[-2.5856,43.3797],[-2.5911,43.3804]]],[[[-2.5799,43.3861],[-2.5814,43.3818],[-2.5756,43.3834],[-2.5799,43.3861]]],[[[-2.5937,43.3802],[-2.5852,43.3812],[-2.5827,43.3878],[-2.5858,43.3887],[-2.5913,43.3846],[-2.5937,43.3802]]],[[[-2.5634,42.4934],[-2.5641,42.4976],[-2.5687,42.4949],[-2.5634,42.4934]]],[[[-2.5828,42.4985],[-2.5802,42.4956],[-2.5723,42.497],[-2.5723,42.5027],[-2.5801,42.5006],[-2.5828,42.4985]]],[[[-2.5765,42.5412],[-2.57,42.5417],[-2.5714,42.5373],[-2.5761,42.5348],[-2.5733,42.5314],[-2.5681,42.5326],[-2.5605,42.5312],[-2.5562,42.5337],[-2.5562,42.5379],[-2.5586,42.5407],[-2.5634,42.5427],[-2.5646,42.5454],[-2.576,42.5475],[-2.5765,42.5412]]],[[[-2.5802,42.5532],[-2.5806,42.5506],[-2.577,42.5481],[-2.5713,42.5491],[-2.5638,42.5452],[-2.5633,42.5479],[-2.5668,42.5537],[-2.5738,42.5592],[-2.5834,42.5577],[-2.5802,42.5532]]],[[[-2.5852,42.5589],[-2.5821,42.558],[-2.5752,42.559],[-2.579,42.5613],[-2.5808,42.5649],[-2.5832,42.5636],[-2.5852,42.5589]]],[[[-2.5566,42.625],[-2.556,42.6284],[-2.5603,42.63],[-2.5724,42.6285],[-2.5742,42.6261],[-2.568,42.6251],[-2.5636,42.6257],[-2.5566,42.625]]],[[[-2.5826,42.6269],[-2.5792,42.6273],[-2.5765,42.6309],[-2.5842,42.6315],[-2.5826,42.6269]]],[[[-2.5888,42.7553],[-2.5896,42.7503],[-2.5771,42.7539],[-2.5683,42.7582],[-2.5783,42.7583],[-2.5815,42.7572],[-2.5876,42.7574],[-2.5888,42.7553]]],[[[-2.5667,42.8389],[-2.5668,42.8355],[-2.5705,42.8355],[-2.5705,42.8313],[-2.5664,42.8305],[-2.5637,42.8323],[-2.5634,42.8367],[-2.5615,42.8413],[-2.565,42.8432],[-2.5703,42.8429],[-2.5705,42.8388],[-2.5667,42.8389]]],[[[-2.5812,42.8395],[-2.5826,42.8376],[-2.5753,42.8338],[-2.5706,42.8362],[-2.5704,42.8429],[-2.5812,42.8395]]],[[[-2.587,42.8441],[-2.5849,42.8398],[-2.5804,42.8399],[-2.5751,42.8418],[-2.5773,42.8457],[-2.5703,42.8461],[-2.5703,42.8431],[-2.5651,42.8443],[-2.569,42.8498],[-2.5749,42.8509],[-2.5821,42.8487],[-2.5832,42.8562],[-2.5927,42.8547],[-2.5895,42.8518],[-2.587,42.8441]]],[[[-2.5869,42.8598],[-2.5735,42.8563],[-2.5704,42.8618],[-2.5665,42.8603],[-2.5669,42.8549],[-2.5603,42.8541],[-2.5614,42.8587],[-2.5693,42.8619],[-2.5766,42.8621],[-2.5869,42.8598]]],[[[-2.5733,42.8628],[-2.5688,42.8619],[-2.5613,42.8587],[-2.5572,42.8585],[-2.5538,42.8617],[-2.5562,42.8634],[-2.563,42.8629],[-2.5669,42.8643],[-2.5733,42.8628]]],[[[-2.5647,42.8679],[-2.5652,42.8722],[-2.5753,42.8743],[-2.5734,42.8703],[-2.5647,42.8679]]],[[[-2.5752,42.8749],[-2.5684,42.8729],[-2.5677,42.8761],[-2.5636,42.8754],[-2.5651,42.8722],[-2.5599,42.8714],[-2.5556,42.8722],[-2.5517,42.8749],[-2.555,42.8773],[-2.5728,42.8787],[-2.5752,42.8749]]],[[[-2.5736,42.878],[-2.5847,42.8783],[-2.5832,42.8756],[-2.5787,42.8754],[-2.5736,42.878]]],[[[-2.5725,42.8799],[-2.5719,42.8834],[-2.5762,42.8874],[-2.5803,42.8802],[-2.5725,42.8799]]],[[[-2.562,42.9117],[-2.5656,42.9071],[-2.559,42.9082],[-2.5594,42.9154],[-2.5636,42.915],[-2.562,42.9117]]],[[[-2.5737,42.9158],[-2.5661,42.9174],[-2.5669,42.9191],[-2.5737,42.9158]]],[[[-2.5823,42.944],[-2.5779,42.9393],[-2.5738,42.9373],[-2.5691,42.9406],[-2.5823,42.944]]],[[[-2.5731,42.9855],[-2.57,42.9858],[-2.5682,42.9918],[-2.573,42.9909],[-2.5757,42.9868],[-2.5731,42.9855]]],[[[-2.5662,42.9844],[-2.5622,42.9894],[-2.5667,42.9917],[-2.5662,42.9844]]],[[[-2.5656,42.9977],[-2.5646,42.9985],[-2.5697,43.0046],[-2.5721,43.0019],[-2.5698,42.9983],[-2.5656,42.9977]]],[[[-2.5693,43.0339],[-2.5688,43.0358],[-2.5638,43.0382],[-2.5651,43.0432],[-2.5675,43.0464],[-2.5697,43.0452],[-2.5708,43.0443],[-2.5711,43.044],[-2.5715,43.0439],[-2.5723,43.0436],[-2.5723,43.0422],[-2.5751,43.0407],[-2.5757,43.039],[-2.5772,43.0394],[-2.5784,43.0385],[-2.5788,43.039],[-2.5812,43.0402],[-2.5835,43.0422],[-2.5816,43.0453],[-2.584,43.0485],[-2.5838,43.0519],[-2.5867,43.0526],[-2.5888,43.0514],[-2.5902,43.0484],[-2.5889,43.0424],[-2.5829,43.0387],[-2.5783,43.033],[-2.5753,43.0319],[-2.5693,43.0339]]],[[[-2.5727,43.0464],[-2.5806,43.0444],[-2.5835,43.0423],[-2.5813,43.0403],[-2.5781,43.0389],[-2.5762,43.0403],[-2.5723,43.0423],[-2.5724,43.0436],[-2.5722,43.0439],[-2.5712,43.044],[-2.5698,43.0452],[-2.5689,43.0458],[-2.5727,43.0464]]],[[[-2.586,43.0528],[-2.5836,43.0518],[-2.5832,43.0507],[-2.5802,43.0451],[-2.5744,43.0466],[-2.5692,43.0468],[-2.5658,43.0522],[-2.5766,43.0553],[-2.5807,43.0533],[-2.586,43.0528]]],[[[-2.5697,43.0546],[-2.5652,43.053],[-2.5632,43.0546],[-2.5555,43.0557],[-2.56,43.0593],[-2.5721,43.0588],[-2.5697,43.0546]]],[[[-2.5806,43.1067],[-2.5771,43.1061],[-2.5771,43.1109],[-2.584,43.1071],[-2.5822,43.1039],[-2.5779,43.1],[-2.5784,43.0992],[-2.5768,43.0979],[-2.5746,43.097],[-2.5734,43.0975],[-2.5737,43.102],[-2.5773,43.1059],[-2.5806,43.1067]]],[[[-2.5439,43.2512],[-2.5378,43.2541],[-2.5441,43.256],[-2.5461,43.2612],[-2.5501,43.2632],[-2.5514,43.2691],[-2.5582,43.2717],[-2.5608,43.2694],[-2.5617,43.2647],[-2.5681,43.265],[-2.5731,43.2636],[-2.5757,43.2603],[-2.5792,43.2621],[-2.584,43.2628],[-2.5766,43.2699],[-2.5802,43.2744],[-2.587,43.2753],[-2.5923,43.274],[-2.5945,43.2699],[-2.591,43.2662],[-2.5928,43.2642],[-2.5892,43.2607],[-2.5841,43.2627],[-2.5792,43.262],[-2.5751,43.2597],[-2.5723,43.2553],[-2.5654,43.2543],[-2.5604,43.2587],[-2.5606,43.2694],[-2.5556,43.2699],[-2.5539,43.2676],[-2.555,43.263],[-2.5589,43.2606],[-2.557,43.2564],[-2.5571,43.2508],[-2.551,43.2498],[-2.5439,43.2512]]],[[[-2.5698,43.2817],[-2.5691,43.2821],[-2.5678,43.2811],[-2.5657,43.2803],[-2.5668,43.2778],[-2.5652,43.2779],[-2.5646,43.2795],[-2.5615,43.2835],[-2.5626,43.2843],[-2.5646,43.2846],[-2.5651,43.2845],[-2.5658,43.2843],[-2.5666,43.2839],[-2.5666,43.2838],[-2.5676,43.2833],[-2.5691,43.2821],[-2.5698,43.2817]]],[[[-2.5723,43.2806],[-2.5711,43.2807],[-2.5705,43.2814],[-2.5691,43.2821],[-2.5675,43.2833],[-2.5666,43.2839],[-2.5658,43.2843],[-2.5653,43.2846],[-2.5639,43.2848],[-2.5653,43.2895],[-2.5708,43.286],[-2.5705,43.2847],[-2.5696,43.2827],[-2.5692,43.2821],[-2.5705,43.2815],[-2.5712,43.2808],[-2.5723,43.2806]]],[[[-2.5634,43.3542],[-2.5622,43.3612],[-2.5663,43.3601],[-2.569,43.3564],[-2.5689,43.3533],[-2.5634,43.3542]]],[[[-2.5745,43.3751],[-2.5724,43.3723],[-2.5676,43.3731],[-2.5718,43.3768],[-2.5753,43.3776],[-2.5767,43.3821],[-2.5832,43.3803],[-2.5846,43.378],[-2.5816,43.3744],[-2.5782,43.3759],[-2.5745,43.3751]]],[[[-2.5677,43.3827],[-2.5708,43.3761],[-2.5684,43.3738],[-2.5645,43.3754],[-2.5639,43.3796],[-2.5677,43.3827]]],[[[-2.5743,43.3823],[-2.575,43.3777],[-2.5702,43.3787],[-2.5686,43.383],[-2.5743,43.3823]]],[[[-2.5484,42.5684],[-2.5472,42.5736],[-2.5505,42.5765],[-2.5533,42.5729],[-2.5516,42.5662],[-2.5474,42.5626],[-2.5457,42.5658],[-2.5484,42.5684]]],[[[-2.5529,42.6277],[-2.5512,42.6258],[-2.5454,42.6286],[-2.5435,42.629],[-2.5408,42.628],[-2.5395,42.6281],[-2.5387,42.6291],[-2.5367,42.6295],[-2.538,42.6319],[-2.5408,42.631],[-2.5506,42.6315],[-2.5529,42.6277]]],[[[-2.546,42.8164],[-2.5518,42.8177],[-2.5483,42.8112],[-2.5439,42.8099],[-2.5408,42.8052],[-2.5366,42.8067],[-2.539,42.8123],[-2.546,42.8164]]],[[[-2.5625,42.8296],[-2.5614,42.8276],[-2.555,42.826],[-2.553,42.8209],[-2.5488,42.824],[-2.5487,42.827],[-2.548,42.8279],[-2.5477,42.8281],[-2.5455,42.8289],[-2.5445,42.8313],[-2.5484,42.8323],[-2.5608,42.8314],[-2.5603,42.8402],[-2.5529,42.8393],[-2.5512,42.8431],[-2.5468,42.847],[-2.5478,42.8503],[-2.5535,42.8518],[-2.5545,42.8481],[-2.5607,42.8436],[-2.5611,42.8419],[-2.5633,42.8367],[-2.5625,42.8296]]],[[[-2.5581,42.8556],[-2.5531,42.8531],[-2.55,42.8587],[-2.5522,42.8618],[-2.5581,42.8556]]],[[[-2.5519,42.8673],[-2.5494,42.8628],[-2.5455,42.8641],[-2.5454,42.8687],[-2.5519,42.8673]]],[[[-2.5462,42.8759],[-2.5555,42.8721],[-2.5444,42.8687],[-2.5409,42.871],[-2.5412,42.8718],[-2.5411,42.8727],[-2.5401,42.8763],[-2.5462,42.8759]]],[[[-2.5718,42.8792],[-2.548,42.8767],[-2.5427,42.8776],[-2.53,42.8782],[-2.5265,42.8815],[-2.5215,42.8894],[-2.5205,42.8932],[-2.5332,42.8988],[-2.5352,42.9011],[-2.5423,42.9022],[-2.5431,42.9024],[-2.5431,42.9026],[-2.5438,42.9034],[-2.5458,42.9047],[-2.5446,42.9068],[-2.5395,42.908],[-2.5366,42.907],[-2.536,42.9023],[-2.533,42.8987],[-2.5204,42.8932],[-2.5156,42.9011],[-2.5175,42.9024],[-2.5186,42.9036],[-2.5188,42.9045],[-2.5205,42.9069],[-2.5247,42.9083],[-2.53,42.9059],[-2.5362,42.9099],[-2.5389,42.9149],[-2.5451,42.9136],[-2.5431,42.9085],[-2.5462,42.9055],[-2.5469,42.9017],[-2.5405,42.8976],[-2.5469,42.8941],[-2.5469,42.8924],[-2.5405,42.8915],[-2.532,42.8918],[-2.5253,42.8895],[-2.5392,42.8879],[-2.5457,42.888],[-2.5461,42.8832],[-2.5439,42.8799],[-2.5487,42.8793],[-2.5583,42.8837],[-2.5576,42.885],[-2.5493,42.8847],[-2.5496,42.8884],[-2.5533,42.8917],[-2.554,42.8951],[-2.5589,42.8981],[-2.5565,42.9024],[-2.5616,42.9052],[-2.5705,42.9082],[-2.5769,42.9066],[-2.5803,42.9028],[-2.5806,42.8976],[-2.5768,42.8929],[-2.5667,42.8892],[-2.5688,42.8846],[-2.568,42.8809],[-2.5718,42.8792]]],[[[-2.562,42.9355],[-2.5565,42.9289],[-2.5521,42.9255],[-2.5458,42.9276],[-2.5494,42.9296],[-2.5497,42.9327],[-2.5581,42.9372],[-2.562,42.9355]]],[[[-2.5586,43.0008],[-2.5629,42.999],[-2.5614,42.9965],[-2.557,42.9984],[-2.5586,43.0008]]],[[[-2.5403,43.0398],[-2.5355,43.0462],[-2.5453,43.0487],[-2.5444,43.0457],[-2.5468,43.0432],[-2.5488,43.0372],[-2.5413,43.0352],[-2.5403,43.0398]]],[[[-2.5632,43.0526],[-2.565,43.0494],[-2.5638,43.0428],[-2.5585,43.0427],[-2.5585,43.0407],[-2.5614,43.0422],[-2.5635,43.0383],[-2.5687,43.0358],[-2.5653,43.0342],[-2.563,43.0369],[-2.557,43.0332],[-2.551,43.0324],[-2.5514,43.0351],[-2.5485,43.041],[-2.5518,43.0512],[-2.5558,43.0536],[-2.5614,43.0543],[-2.5632,43.0526]]],[[[-2.5427,43.069],[-2.538,43.0669],[-2.5392,43.0638],[-2.538,43.0591],[-2.5339,43.0595],[-2.5316,43.0623],[-2.5364,43.0681],[-2.5338,43.0716],[-2.537,43.0732],[-2.5438,43.074],[-2.5427,43.069]]],[[[-2.5425,43.077],[-2.5376,43.0737],[-2.5348,43.0754],[-2.5371,43.0783],[-2.5425,43.077]]],[[[-2.5506,43.1313],[-2.5453,43.1359],[-2.5487,43.1381],[-2.5512,43.1347],[-2.5545,43.1319],[-2.5506,43.1313]]],[[[-2.5646,43.1311],[-2.5512,43.1347],[-2.5588,43.1363],[-2.5649,43.1339],[-2.5646,43.1311]]],[[[-2.5486,43.1419],[-2.5446,43.1465],[-2.5483,43.1477],[-2.5495,43.1489],[-2.5508,43.1478],[-2.5526,43.1483],[-2.5543,43.1479],[-2.5547,43.1468],[-2.5546,43.146],[-2.5548,43.1455],[-2.555,43.1441],[-2.5486,43.1419]]],[[[-2.5335,43.1633],[-2.5408,43.1653],[-2.5378,43.1711],[-2.5458,43.1673],[-2.5584,43.1655],[-2.5621,43.1668],[-2.5716,43.1681],[-2.5708,43.1625],[-2.5627,43.1561],[-2.5581,43.1576],[-2.5553,43.1607],[-2.5523,43.1551],[-2.5591,43.1523],[-2.5594,43.1506],[-2.5552,43.1458],[-2.5547,43.146],[-2.5548,43.1468],[-2.5544,43.1479],[-2.5538,43.1487],[-2.5546,43.1492],[-2.5526,43.1505],[-2.5446,43.1467],[-2.5441,43.1526],[-2.5346,43.1583],[-2.5335,43.1633]],[[-2.5505,43.158],[-2.5553,43.161],[-2.5521,43.1634],[-2.5478,43.1634],[-2.5505,43.158]]],[[[-2.5474,43.173],[-2.5462,43.1771],[-2.5553,43.1759],[-2.5596,43.1768],[-2.5645,43.1807],[-2.5687,43.1807],[-2.5717,43.1836],[-2.5752,43.1777],[-2.5751,43.1734],[-2.5727,43.1688],[-2.5615,43.1675],[-2.5523,43.1674],[-2.5526,43.1695],[-2.5474,43.173]]],[[[-2.5277,43.2661],[-2.5304,43.2677],[-2.528,43.2699],[-2.5335,43.2722],[-2.5376,43.2734],[-2.5412,43.2748],[-2.5428,43.275],[-2.5424,43.2761],[-2.5421,43.2831],[-2.5476,43.2833],[-2.5489,43.284],[-2.5495,43.2844],[-2.5497,43.2849],[-2.55,43.2849],[-2.5507,43.2858],[-2.5551,43.2866],[-2.5586,43.2852],[-2.5509,43.2794],[-2.5495,43.2724],[-2.5474,43.2697],[-2.5379,43.266],[-2.5311,43.2679],[-2.5273,43.2655],[-2.5241,43.2646],[-2.5277,43.2661]]],[[[-2.5627,43.291],[-2.5542,43.2877],[-2.5507,43.2858],[-2.5501,43.285],[-2.5496,43.2849],[-2.5494,43.2845],[-2.5489,43.2841],[-2.5476,43.2834],[-2.5472,43.284],[-2.5483,43.2844],[-2.5486,43.285],[-2.5471,43.2853],[-2.5421,43.2832],[-2.5399,43.2789],[-2.5371,43.2784],[-2.5356,43.2793],[-2.536,43.2782],[-2.5352,43.2784],[-2.5342,43.2791],[-2.534,43.2795],[-2.5339,43.2801],[-2.534,43.2805],[-2.5335,43.281],[-2.5341,43.2839],[-2.5436,43.2892],[-2.5493,43.2895],[-2.5523,43.2924],[-2.5565,43.2935],[-2.5533,43.2992],[-2.5565,43.2997],[-2.5614,43.2953],[-2.5627,43.291]]],[[[-2.5574,43.3555],[-2.5576,43.3598],[-2.5622,43.3612],[-2.562,43.3562],[-2.5574,43.3555]]],[[[-2.5521,43.3595],[-2.5491,43.3588],[-2.5468,43.3628],[-2.5507,43.3647],[-2.5549,43.3626],[-2.5521,43.3595]]],[[[-2.5491,43.37],[-2.551,43.3674],[-2.5423,43.3618],[-2.5373,43.3609],[-2.5361,43.3644],[-2.5455,43.37],[-2.5491,43.37]]],[[[-2.5217,42.523],[-2.5268,42.5214],[-2.5286,42.5179],[-2.5205,42.5166],[-2.5198,42.5198],[-2.5217,42.523]]],[[[-2.5358,42.569],[-2.5355,42.5732],[-2.5385,42.5769],[-2.5412,42.5729],[-2.5422,42.5664],[-2.5378,42.563],[-2.5358,42.569]]],[[[-2.5445,42.5789],[-2.5474,42.5767],[-2.5472,42.5736],[-2.5415,42.5732],[-2.5385,42.5769],[-2.5445,42.5789]]],[[[-2.5419,42.6284],[-2.5454,42.6286],[-2.5497,42.625],[-2.5401,42.6243],[-2.5356,42.6241],[-2.5309,42.6254],[-2.5231,42.6258],[-2.5151,42.6251],[-2.5132,42.6277],[-2.532,42.6297],[-2.534,42.6288],[-2.5367,42.6295],[-2.5395,42.6281],[-2.5408,42.628],[-2.5419,42.6284]]],[[[-2.5369,42.6332],[-2.538,42.6319],[-2.5351,42.6292],[-2.532,42.6297],[-2.5132,42.6277],[-2.5118,42.631],[-2.5217,42.6406],[-2.5259,42.643],[-2.5298,42.6417],[-2.532,42.639],[-2.5316,42.6343],[-2.5369,42.6332]]],[[[-2.6037,42.8209],[-2.61,42.8228],[-2.6185,42.824],[-2.6169,42.8162],[-2.6149,42.8119],[-2.6107,42.8089],[-2.6104,42.8079],[-2.607,42.8068],[-2.6052,42.806],[-2.6039,42.8052],[-2.6034,42.8046],[-2.6034,42.8041],[-2.6035,42.804],[-2.6036,42.8037],[-2.6035,42.8033],[-2.6037,42.803],[-2.6035,42.8025],[-2.6035,42.8021],[-2.6054,42.7987],[-2.6013,42.7934],[-2.6015,42.7888],[-2.6009,42.788],[-2.6001,42.7883],[-2.5998,42.7883],[-2.5985,42.7879],[-2.5975,42.7874],[-2.5972,42.7873],[-2.5969,42.7869],[-2.5962,42.7864],[-2.5948,42.7845],[-2.592,42.7804],[-2.5896,42.7797],[-2.5897,42.7775],[-2.5886,42.7766],[-2.5877,42.7757],[-2.5867,42.7753],[-2.5853,42.7746],[-2.5844,42.7737],[-2.5843,42.7734],[-2.5862,42.7689],[-2.5873,42.7673],[-2.5871,42.7584],[-2.5815,42.7572],[-2.5783,42.7583],[-2.5683,42.7582],[-2.5651,42.7625],[-2.5579,42.7627],[-2.5586,42.7534],[-2.564,42.7466],[-2.5623,42.7416],[-2.5642,42.737],[-2.57,42.7316],[-2.5663,42.729],[-2.566,42.7247],[-2.5681,42.7184],[-2.5683,42.7144],[-2.5647,42.7085],[-2.5717,42.7065],[-2.5741,42.7037],[-2.5783,42.705],[-2.5821,42.7052],[-2.5846,42.7011],[-2.5859,42.7006],[-2.5863,42.7001],[-2.5869,42.7002],[-2.5887,42.7002],[-2.5897,42.7005],[-2.59,42.7002],[-2.5878,42.6971],[-2.5835,42.6986],[-2.581,42.6986],[-2.5779,42.6972],[-2.571,42.7017],[-2.5666,42.7036],[-2.565,42.701],[-2.5755,42.6981],[-2.5777,42.6961],[-2.5815,42.6962],[-2.582,42.6959],[-2.5824,42.6954],[-2.5828,42.6955],[-2.583,42.6947],[-2.5858,42.6941],[-2.5998,42.6976],[-2.6043,42.6952],[-2.5945,42.6899],[-2.589,42.6836],[-2.5786,42.6737],[-2.5793,42.6687],[-2.5731,42.6679],[-2.5679,42.6703],[-2.5608,42.6693],[-2.5484,42.6687],[-2.5474,42.6729],[-2.5409,42.6831],[-2.5397,42.6865],[-2.5355,42.6873],[-2.5221,42.6839],[-2.5239,42.6717],[-2.5239,42.6659],[-2.5187,42.6671],[-2.5082,42.6669],[-2.5036,42.6632],[-2.5098,42.6618],[-2.5108,42.66],[-2.5213,42.6604],[-2.5177,42.6516],[-2.5153,42.6488],[-2.5078,42.651],[-2.5069,42.6555],[-2.5046,42.6562],[-2.5016,42.656],[-2.4991,42.6549],[-2.4957,42.6548],[-2.4911,42.656],[-2.4867,42.6545],[-2.4761,42.6592],[-2.4726,42.659],[-2.4693,42.6611],[-2.4635,42.6634],[-2.4577,42.6686],[-2.4478,42.6715],[-2.4488,42.6727],[-2.4494,42.6751],[-2.4501,42.6762],[-2.4503,42.6772],[-2.4524,42.6781],[-2.4513,42.6823],[-2.4526,42.686],[-2.4488,42.6876],[-2.4507,42.6915],[-2.4503,42.6937],[-2.4483,42.6939],[-2.4449,42.6959],[-2.4416,42.6986],[-2.4355,42.6968],[-2.4346,42.7021],[-2.4332,42.7019],[-2.4324,42.7015],[-2.4321,42.7012],[-2.4316,42.7014],[-2.4319,42.7019],[-2.432,42.7024],[-2.4323,42.7028],[-2.4324,42.7034],[-2.4329,42.7037],[-2.4333,42.7047],[-2.434,42.7046],[-2.4352,42.705],[-2.4357,42.7053],[-2.436,42.7058],[-2.4373,42.7088],[-2.438,42.7099],[-2.4386,42.7116],[-2.4399,42.7115],[-2.4406,42.7116],[-2.4422,42.7126],[-2.4467,42.7206],[-2.4467,42.7219],[-2.4485,42.7257],[-2.4499,42.7269],[-2.4505,42.7277],[-2.4511,42.7289],[-2.448,42.734],[-2.4566,42.7339],[-2.461,42.7358],[-2.4643,42.7343],[-2.4715,42.735],[-2.474,42.7334],[-2.48,42.733],[-2.4815,42.744],[-2.4802,42.7483],[-2.4822,42.7496],[-2.4894,42.7513],[-2.4926,42.7516],[-2.4953,42.7511],[-2.4958,42.7514],[-2.4991,42.7508],[-2.5025,42.7497],[-2.5047,42.751],[-2.5067,42.7525],[-2.5067,42.7529],[-2.5069,42.7531],[-2.5075,42.7534],[-2.5077,42.7534],[-2.5079,42.7538],[-2.5085,42.7543],[-2.5088,42.7547],[-2.5094,42.7552],[-2.5104,42.7563],[-2.5123,42.7593],[-2.5136,42.76],[-2.5142,42.7607],[-2.5217,42.7552],[-2.5273,42.7545],[-2.5323,42.7586],[-2.534,42.7639],[-2.5379,42.7662],[-2.5428,42.7627],[-2.5464,42.7637],[-2.5415,42.7746],[-2.5414,42.7789],[-2.5486,42.782],[-2.554,42.7854],[-2.559,42.7843],[-2.559,42.796],[-2.5635,42.801],[-2.5628,42.806],[-2.5702,42.8047],[-2.5705,42.8083],[-2.5651,42.8112],[-2.5592,42.8183],[-2.555,42.8218],[-2.5684,42.83],[-2.5747,42.8284],[-2.5783,42.8276],[-2.5921,42.8284],[-2.5932,42.8249],[-2.5977,42.8274],[-2.6036,42.8285],[-2.6037,42.8209]],[[-2.5883,42.8204],[-2.5862,42.8152],[-2.5905,42.8144],[-2.5921,42.817],[-2.5883,42.8204]]],[[[-2.5301,42.8106],[-2.5338,42.8072],[-2.5291,42.8056],[-2.5301,42.8106]]],[[[-2.5284,42.8121],[-2.5259,42.8099],[-2.5191,42.8097],[-2.5146,42.8117],[-2.52,42.8147],[-2.5256,42.8146],[-2.5284,42.8121]]],[[[-2.5478,42.828],[-2.5486,42.8269],[-2.5488,42.824],[-2.5529,42.8208],[-2.5437,42.8161],[-2.5384,42.8119],[-2.532,42.8123],[-2.5314,42.8172],[-2.5398,42.8164],[-2.5409,42.8198],[-2.5374,42.8231],[-2.5315,42.8214],[-2.5307,42.8167],[-2.5286,42.8137],[-2.5244,42.8162],[-2.5259,42.8194],[-2.5354,42.823],[-2.5411,42.8235],[-2.538,42.8274],[-2.5305,42.8293],[-2.5279,42.8324],[-2.5286,42.8354],[-2.5337,42.839],[-2.5311,42.8444],[-2.5372,42.845],[-2.5353,42.8395],[-2.5379,42.8382],[-2.5377,42.8319],[-2.5396,42.8325],[-2.5407,42.8307],[-2.5413,42.8302],[-2.5478,42.828]]],[[[-2.5266,42.8348],[-2.5231,42.837],[-2.5293,42.8428],[-2.5293,42.8366],[-2.5266,42.8348]]],[[[-2.5454,42.8292],[-2.5412,42.8303],[-2.5397,42.8325],[-2.5392,42.8339],[-2.5395,42.844],[-2.5376,42.8456],[-2.5464,42.8487],[-2.5469,42.8443],[-2.5431,42.8377],[-2.5453,42.8352],[-2.5445,42.8313],[-2.5454,42.8292]]],[[[-2.5406,42.8505],[-2.5361,42.8501],[-2.5336,42.8462],[-2.5288,42.8464],[-2.5347,42.8509],[-2.5406,42.8505]]],[[[-2.5277,42.8522],[-2.5219,42.852],[-2.5189,42.85],[-2.511,42.8495],[-2.5132,42.8533],[-2.5193,42.8521],[-2.5277,42.8522]]],[[[-2.534,42.8703],[-2.54,42.8686],[-2.5412,42.8653],[-2.5455,42.864],[-2.5452,42.8607],[-2.5383,42.8614],[-2.5329,42.8675],[-2.534,42.8703]]],[[[-2.5383,42.8747],[-2.5404,42.8749],[-2.5411,42.872],[-2.5401,42.8697],[-2.5341,42.8709],[-2.5383,42.8747]]],[[[-2.5426,42.9024],[-2.5405,42.9023],[-2.5369,42.9055],[-2.5395,42.9079],[-2.5445,42.9068],[-2.5457,42.9047],[-2.5437,42.9034],[-2.5426,42.9024]]],[[[-2.5289,42.9069],[-2.5238,42.9089],[-2.5203,42.9069],[-2.5186,42.9044],[-2.5177,42.9028],[-2.5164,42.9023],[-2.5154,42.9013],[-2.5141,42.9026],[-2.5132,42.9057],[-2.5128,42.9084],[-2.5123,42.9095],[-2.5147,42.9188],[-2.5192,42.9178],[-2.522,42.9153],[-2.5236,42.9148],[-2.5248,42.9148],[-2.5262,42.9146],[-2.5262,42.9141],[-2.5273,42.9122],[-2.5264,42.9106],[-2.527,42.9093],[-2.5289,42.9069]]],[[[-2.5255,42.9155],[-2.5214,42.9191],[-2.5281,42.9193],[-2.5255,42.9155]]],[[[-2.5351,42.9219],[-2.5397,42.9238],[-2.5416,42.9241],[-2.5465,42.9267],[-2.5504,42.9236],[-2.5553,42.9234],[-2.5523,42.9196],[-2.5556,42.9147],[-2.5543,42.9104],[-2.5503,42.9092],[-2.5474,42.914],[-2.5404,42.9193],[-2.5347,42.9152],[-2.5338,42.9114],[-2.5301,42.9074],[-2.527,42.9093],[-2.5264,42.9106],[-2.5274,42.9123],[-2.5262,42.9141],[-2.5263,42.9144],[-2.5262,42.9146],[-2.5259,42.9148],[-2.5255,42.9155],[-2.5282,42.9193],[-2.5295,42.9193],[-2.5302,42.9196],[-2.5351,42.9219]]],[[[-2.5245,42.924],[-2.5212,42.9193],[-2.5169,42.9212],[-2.5245,42.924]]],[[[-2.5293,42.9243],[-2.5304,42.9293],[-2.5354,42.9333],[-2.5375,42.9267],[-2.5397,42.9238],[-2.5335,42.9213],[-2.5293,42.9194],[-2.5214,42.9191],[-2.5258,42.924],[-2.5293,42.9243]]],[[[-2.5397,42.9286],[-2.5372,42.9289],[-2.5354,42.9335],[-2.5436,42.9339],[-2.5456,42.9285],[-2.5419,42.9254],[-2.5397,42.9286]]],[[[-2.5395,43.0172],[-2.5326,43.0174],[-2.5241,43.0233],[-2.515,43.0261],[-2.5101,43.0286],[-2.5064,43.0371],[-2.5125,43.0384],[-2.5158,43.0328],[-2.5199,43.036],[-2.5203,43.038],[-2.5235,43.0383],[-2.526,43.0365],[-2.529,43.036],[-2.5314,43.0334],[-2.5324,43.029],[-2.529,43.025],[-2.5339,43.0198],[-2.5395,43.0172]]],[[[-2.5384,43.0351],[-2.5337,43.0371],[-2.5319,43.0361],[-2.526,43.0365],[-2.5235,43.0383],[-2.5209,43.039],[-2.5285,43.0399],[-2.5327,43.0417],[-2.5392,43.0409],[-2.5384,43.0351]]],[[[-2.5234,43.0421],[-2.518,43.0487],[-2.5228,43.0497],[-2.5301,43.0478],[-2.5341,43.054],[-2.5383,43.0549],[-2.5395,43.0514],[-2.5338,43.0456],[-2.5326,43.0417],[-2.5266,43.0434],[-2.5182,43.039],[-2.516,43.0407],[-2.52,43.0441],[-2.5234,43.0421]]],[[[-2.5323,43.0575],[-2.5237,43.0595],[-2.5222,43.0641],[-2.5155,43.066],[-2.5185,43.0684],[-2.5225,43.0685],[-2.5289,43.0651],[-2.5319,43.0615],[-2.5323,43.0575]]],[[[-2.5262,43.0703],[-2.531,43.0723],[-2.5364,43.0681],[-2.5321,43.0655],[-2.5268,43.0674],[-2.5262,43.0703]]],[[[-2.5287,43.0768],[-2.5276,43.0716],[-2.5228,43.0722],[-2.5287,43.0768]]],[[[-2.5301,43.077],[-2.5262,43.0809],[-2.5321,43.0818],[-2.5353,43.087],[-2.5381,43.0852],[-2.5357,43.0804],[-2.5301,43.077]]],[[[-2.5415,43.0918],[-2.5348,43.0883],[-2.5273,43.0867],[-2.5247,43.0873],[-2.5194,43.0818],[-2.5149,43.0785],[-2.5159,43.0753],[-2.5099,43.0731],[-2.5053,43.0751],[-2.5046,43.0793],[-2.5018,43.0799],[-2.4973,43.0844],[-2.4972,43.0869],[-2.5002,43.0916],[-2.5076,43.0944],[-2.5168,43.0953],[-2.5265,43.0985],[-2.5283,43.1055],[-2.5314,43.1061],[-2.5358,43.1042],[-2.5393,43.1047],[-2.5422,43.1001],[-2.541,43.0983],[-2.5446,43.0919],[-2.5436,43.0897],[-2.5353,43.087],[-2.5293,43.0842],[-2.5273,43.0866],[-2.5348,43.0883],[-2.5415,43.0918]]],[[[-2.5313,43.123],[-2.5256,43.1202],[-2.522,43.1211],[-2.5236,43.1243],[-2.5304,43.1256],[-2.5313,43.123]]],[[[-2.5311,43.1239],[-2.5304,43.1256],[-2.5243,43.1255],[-2.5243,43.1285],[-2.5233,43.1312],[-2.5333,43.1263],[-2.5311,43.1239]]],[[[-2.5317,43.1372],[-2.5273,43.1373],[-2.5247,43.1388],[-2.5259,43.1396],[-2.5259,43.1399],[-2.5249,43.142],[-2.5239,43.1426],[-2.524,43.1433],[-2.5234,43.1437],[-2.5236,43.144],[-2.5248,43.1438],[-2.5254,43.1439],[-2.5267,43.1436],[-2.5289,43.1441],[-2.5294,43.1457],[-2.5319,43.1463],[-2.5313,43.1437],[-2.5346,43.1377],[-2.5317,43.1372]]],[[[-2.5238,43.1441],[-2.5236,43.144],[-2.5233,43.1437],[-2.524,43.1433],[-2.5238,43.1425],[-2.5249,43.1419],[-2.5258,43.1402],[-2.5258,43.1396],[-2.5185,43.1399],[-2.5183,43.1425],[-2.5218,43.144],[-2.5238,43.1441]]],[[[-2.5432,43.1418],[-2.5369,43.1449],[-2.538,43.1475],[-2.5418,43.1481],[-2.5432,43.1418]]],[[[-2.5284,43.1513],[-2.5313,43.1495],[-2.539,43.15],[-2.5375,43.1463],[-2.5335,43.1452],[-2.5312,43.1495],[-2.5284,43.1513]]],[[[-2.5361,43.1855],[-2.5312,43.1852],[-2.534,43.19],[-2.5386,43.1893],[-2.5361,43.1855]]],[[[-2.524,43.1884],[-2.5155,43.1854],[-2.5093,43.1884],[-2.5159,43.1892],[-2.5173,43.1913],[-2.5265,43.1932],[-2.5283,43.1885],[-2.524,43.1884]]],[[[-2.536,43.194],[-2.5296,43.1907],[-2.5266,43.1933],[-2.5289,43.1956],[-2.536,43.194]]],[[[-2.53,43.2001],[-2.5265,43.1962],[-2.5218,43.1946],[-2.518,43.197],[-2.5173,43.2012],[-2.5186,43.2056],[-2.5227,43.2068],[-2.5299,43.2051],[-2.53,43.2001]]],[[[-2.5265,43.2429],[-2.5275,43.2524],[-2.5351,43.2512],[-2.5394,43.2519],[-2.5439,43.2491],[-2.5478,43.2485],[-2.5504,43.2453],[-2.5454,43.2442],[-2.5442,43.2405],[-2.5374,43.2377],[-2.5285,43.2386],[-2.5265,43.2429]]],[[[-2.5261,43.2455],[-2.5208,43.2517],[-2.5208,43.2552],[-2.524,43.2568],[-2.5266,43.2522],[-2.5261,43.2455]]],[[[-2.5355,43.2524],[-2.5301,43.2525],[-2.5259,43.2566],[-2.5307,43.2582],[-2.5338,43.2561],[-2.5355,43.2524]]],[[[-2.5256,43.2741],[-2.5283,43.2811],[-2.5314,43.2816],[-2.5335,43.281],[-2.534,43.2805],[-2.5339,43.2799],[-2.5339,43.2795],[-2.5341,43.2792],[-2.5352,43.2784],[-2.5361,43.2782],[-2.5356,43.2792],[-2.537,43.2783],[-2.5399,43.2789],[-2.5408,43.2768],[-2.542,43.2769],[-2.5428,43.275],[-2.5416,43.2749],[-2.5393,43.2742],[-2.5333,43.2722],[-2.528,43.27],[-2.5256,43.2741]]],[[[-2.5281,43.3141],[-2.5275,43.3115],[-2.5218,43.3097],[-2.5174,43.3109],[-2.5147,43.3154],[-2.5163,43.3184],[-2.5213,43.3208],[-2.5281,43.3141]]],[[[-2.5524,43.2998],[-2.5466,43.3003],[-2.5403,43.3036],[-2.5381,43.3075],[-2.5389,43.3175],[-2.5383,43.3231],[-2.5404,43.3256],[-2.5341,43.3262],[-2.5301,43.3292],[-2.5277,43.333],[-2.522,43.3352],[-2.5193,43.3339],[-2.522,43.3277],[-2.519,43.323],[-2.5148,43.3207],[-2.5089,43.3213],[-2.5144,43.3272],[-2.5117,43.3294],[-2.5088,43.3312],[-2.5069,43.3339],[-2.5056,43.3365],[-2.5042,43.3334],[-2.5003,43.334],[-2.5023,43.3383],[-2.5101,43.3425],[-2.5148,43.3403],[-2.5119,43.3385],[-2.515,43.3354],[-2.5208,43.3402],[-2.5311,43.336],[-2.5356,43.3312],[-2.5426,43.3289],[-2.5415,43.3221],[-2.5393,43.3189],[-2.5399,43.3116],[-2.544,43.3065],[-2.5431,43.3034],[-2.5524,43.2998]]],[[[-2.5153,43.3643],[-2.5211,43.3618],[-2.5192,43.3585],[-2.515,43.3589],[-2.5127,43.3547],[-2.5075,43.3514],[-2.5177,43.3506],[-2.5219,43.3489],[-2.526,43.3443],[-2.5334,43.3424],[-2.5346,43.3356],[-2.5412,43.3353],[-2.5446,43.3336],[-2.544,43.3308],[-2.5377,43.3313],[-2.5327,43.3344],[-2.5304,43.3376],[-2.5217,43.3405],[-2.5152,43.3404],[-2.511,43.3426],[-2.5052,43.3439],[-2.5065,43.3514],[-2.5049,43.3548],[-2.5089,43.3559],[-2.5088,43.3585],[-2.5145,43.3622],[-2.5153,43.3643]]],[[[-2.545,43.3721],[-2.5392,43.3746],[-2.5367,43.3733],[-2.5318,43.3753],[-2.5268,43.3732],[-2.5227,43.3749],[-2.5213,43.3745],[-2.5161,43.3753],[-2.518,43.3699],[-2.5241,43.3669],[-2.5252,43.3624],[-2.5173,43.3672],[-2.5061,43.3704],[-2.5069,43.3749],[-2.5095,43.3772],[-2.5204,43.375],[-2.5266,43.3762],[-2.5339,43.3765],[-2.5396,43.3747],[-2.545,43.3721]]],[[[-2.5198,42.5167],[-2.5116,42.5205],[-2.5134,42.5259],[-2.5197,42.5206],[-2.5198,42.5167]]],[[[-2.5071,42.5197],[-2.5005,42.5192],[-2.5019,42.5224],[-2.5099,42.5261],[-2.5134,42.5259],[-2.5105,42.5205],[-2.5071,42.5197]]],[[[-2.5142,42.5532],[-2.5132,42.56],[-2.5231,42.5658],[-2.5234,42.5614],[-2.5218,42.559],[-2.5142,42.5532]]],[[[-2.5053,42.5569],[-2.5022,42.5597],[-2.5022,42.5647],[-2.5077,42.5654],[-2.5115,42.5606],[-2.5116,42.5552],[-2.5076,42.5539],[-2.5053,42.5569]]],[[[-2.5207,42.5689],[-2.521,42.5661],[-2.5128,42.5663],[-2.5146,42.5704],[-2.5207,42.5689]]],[[[-2.513,42.5703],[-2.5099,42.5657],[-2.5076,42.5691],[-2.513,42.5703]]],[[[-2.5166,42.5848],[-2.5144,42.586],[-2.5141,42.5878],[-2.5126,42.5892],[-2.5108,42.5922],[-2.5115,42.5943],[-2.5132,42.5938],[-2.5131,42.5925],[-2.5155,42.591],[-2.516,42.5943],[-2.5167,42.5949],[-2.5175,42.596],[-2.518,42.5962],[-2.5187,42.596],[-2.5198,42.5951],[-2.5205,42.5948],[-2.5216,42.5947],[-2.5259,42.5949],[-2.5279,42.5953],[-2.5291,42.59],[-2.5166,42.5848]]],[[[-2.5123,42.5861],[-2.5074,42.5896],[-2.5059,42.5951],[-2.5032,42.5965],[-2.4947,42.5972],[-2.4946,42.6027],[-2.4978,42.6038],[-2.4998,42.6006],[-2.5066,42.5969],[-2.5085,42.5981],[-2.5094,42.5972],[-2.5097,42.5971],[-2.5107,42.5969],[-2.5105,42.5962],[-2.5106,42.5957],[-2.5115,42.5943],[-2.5107,42.5923],[-2.5109,42.5915],[-2.5125,42.5892],[-2.514,42.5877],[-2.5123,42.5861]]],[[[-2.5241,42.8176],[-2.5203,42.8175],[-2.5193,42.8145],[-2.5146,42.8117],[-2.5131,42.8151],[-2.5142,42.8191],[-2.5227,42.8231],[-2.5241,42.8176]]],[[[-2.5044,42.8362],[-2.5053,42.8387],[-2.5176,42.8387],[-2.5168,42.8343],[-2.5113,42.8341],[-2.5044,42.8362]]],[[[-2.5021,42.8658],[-2.5094,42.8715],[-2.5107,42.8662],[-2.5049,42.8617],[-2.501,42.8609],[-2.496,42.8633],[-2.4984,42.8648],[-2.501,42.8652],[-2.5021,42.8658]]],[[[-2.5086,42.8721],[-2.503,42.8677],[-2.502,42.8733],[-2.5086,42.8721]]],[[[-2.5197,42.8885],[-2.5219,42.8886],[-2.5264,42.8814],[-2.5291,42.8788],[-2.5174,42.8802],[-2.5123,42.8838],[-2.5062,42.8805],[-2.5028,42.88],[-2.501,42.8829],[-2.5038,42.8853],[-2.5116,42.8854],[-2.5107,42.8876],[-2.5138,42.8908],[-2.5167,42.8901],[-2.5192,42.8886],[-2.5197,42.8885]]],[[[-2.5192,42.8945],[-2.5218,42.8887],[-2.5193,42.8886],[-2.514,42.8923],[-2.5127,42.8952],[-2.5165,42.8981],[-2.5192,42.8945]]],[[[-2.5075,42.9115],[-2.5124,42.9092],[-2.5129,42.9067],[-2.5113,42.9052],[-2.5055,42.9074],[-2.5075,42.9115]]],[[[-2.5079,42.9307],[-2.514,42.9338],[-2.5137,42.9292],[-2.5079,42.9307]]],[[[-2.5155,42.9331],[-2.514,42.934],[-2.5141,42.9348],[-2.5138,42.9354],[-2.5143,42.9358],[-2.5144,42.9367],[-2.5157,42.9376],[-2.5176,42.9387],[-2.5198,42.9395],[-2.5193,42.9369],[-2.5204,42.9338],[-2.5155,42.9331]]],[[[-2.514,42.9344],[-2.5078,42.9316],[-2.5105,42.9374],[-2.5112,42.9436],[-2.5177,42.9423],[-2.5146,42.9375],[-2.5144,42.937],[-2.5143,42.9358],[-2.5138,42.9354],[-2.514,42.9344]]],[[[-2.5056,42.9389],[-2.5105,42.9374],[-2.506,42.9331],[-2.5056,42.9389]]],[[[-2.5077,43.0389],[-2.5038,43.0436],[-2.5052,43.0458],[-2.511,43.0426],[-2.5077,43.0389]]],[[[-2.5221,43.0714],[-2.5157,43.0707],[-2.5108,43.0723],[-2.5164,43.0755],[-2.5154,43.078],[-2.5199,43.0817],[-2.5252,43.0805],[-2.5276,43.078],[-2.5221,43.0714]]],[[[-2.5035,43.1054],[-2.5018,43.0999],[-2.4958,43.1023],[-2.4934,43.1002],[-2.4882,43.1002],[-2.4848,43.1042],[-2.4794,43.1016],[-2.4699,43.1015],[-2.4685,43.0979],[-2.4613,43.0914],[-2.4586,43.0958],[-2.4632,43.0982],[-2.4664,43.1029],[-2.4795,43.104],[-2.4835,43.1059],[-2.4959,43.1052],[-2.5004,43.1111],[-2.5035,43.1054]]],[[[-2.5171,43.1335],[-2.515,43.1382],[-2.5233,43.1341],[-2.5219,43.1318],[-2.5242,43.1284],[-2.521,43.1244],[-2.5158,43.1249],[-2.5186,43.13],[-2.5171,43.1335]]],[[[-2.5068,43.1771],[-2.499,43.1783],[-2.4997,43.1832],[-2.5047,43.186],[-2.5107,43.1851],[-2.5139,43.1828],[-2.5056,43.1808],[-2.5068,43.1771]]],[[[-2.5122,43.1935],[-2.511,43.1917],[-2.5028,43.1931],[-2.5061,43.1973],[-2.509,43.1951],[-2.5145,43.1962],[-2.5198,43.1939],[-2.5139,43.1922],[-2.5122,43.1935]]],[[[-2.5111,43.2443],[-2.5166,43.2447],[-2.5187,43.2409],[-2.5117,43.2423],[-2.5111,43.2443]]],[[[-2.5195,43.2621],[-2.5147,43.2588],[-2.5049,43.2592],[-2.4963,43.2617],[-2.4973,43.2661],[-2.5049,43.2653],[-2.5195,43.2621]]],[[[-2.5177,43.267],[-2.504,43.2663],[-2.499,43.2713],[-2.5039,43.2735],[-2.5058,43.2704],[-2.5183,43.2688],[-2.5177,43.267]]],[[[-2.5171,42.5136],[-2.5143,42.518],[-2.5106,42.52],[-2.5079,42.5194],[-2.5051,42.5116],[-2.5073,42.5105],[-2.5095,42.5045],[-2.5171,42.5001],[-2.5186,42.4955],[-2.5151,42.4906],[-2.4851,42.4881],[-2.4871,42.4893],[-2.4992,42.4903],[-2.503,42.4919],[-2.5001,42.4945],[-2.5005,42.4979],[-2.4984,42.5024],[-2.5018,42.5068],[-2.5067,42.5081],[-2.5037,42.5113],[-2.5036,42.5154],[-2.5068,42.519],[-2.5097,42.5202],[-2.5113,42.5203],[-2.5201,42.5166],[-2.5171,42.5136]]],[[[-2.4831,42.5718],[-2.4851,42.5757],[-2.4932,42.5721],[-2.4936,42.567],[-2.4912,42.5658],[-2.4856,42.5685],[-2.4831,42.5718]]],[[[-2.5054,42.57],[-2.5027,42.5676],[-2.4975,42.5656],[-2.4937,42.567],[-2.4932,42.5723],[-2.495,42.5747],[-2.5038,42.5722],[-2.5054,42.57]]],[[[-2.5064,42.5716],[-2.5004,42.5737],[-2.4995,42.5778],[-2.5033,42.5809],[-2.5069,42.5754],[-2.5064,42.5716]]],[[[-2.4886,42.5766],[-2.4879,42.5803],[-2.4898,42.5827],[-2.4972,42.5832],[-2.4948,42.5777],[-2.4918,42.5748],[-2.4886,42.5766]]],[[[-2.4968,42.5819],[-2.5033,42.5809],[-2.4994,42.5778],[-2.4954,42.5777],[-2.4968,42.5819]]],[[[-2.4927,42.6295],[-2.4917,42.6295],[-2.4847,42.633],[-2.4823,42.6362],[-2.4837,42.636],[-2.4834,42.6348],[-2.4847,42.6332],[-2.4862,42.635],[-2.488,42.6348],[-2.4897,42.635],[-2.4903,42.6348],[-2.4908,42.6349],[-2.491,42.6351],[-2.4934,42.6349],[-2.5039,42.6289],[-2.5026,42.6274],[-2.4927,42.6295]]],[[[-2.5118,42.6311],[-2.5085,42.6282],[-2.4978,42.6326],[-2.4953,42.6358],[-2.5136,42.6342],[-2.5118,42.6311]]],[[[-2.4835,42.636],[-2.4841,42.6405],[-2.4926,42.6382],[-2.4918,42.6374],[-2.4912,42.6361],[-2.4911,42.6354],[-2.4908,42.6349],[-2.4903,42.6348],[-2.4897,42.635],[-2.488,42.6348],[-2.4862,42.635],[-2.4851,42.6358],[-2.4835,42.636]]],[[[-2.5066,42.652],[-2.5021,42.6471],[-2.4848,42.6477],[-2.4835,42.6527],[-2.4911,42.656],[-2.4957,42.6548],[-2.499,42.6548],[-2.5017,42.656],[-2.5069,42.6554],[-2.5066,42.652]]],[[[-2.5114,42.7582],[-2.5104,42.7563],[-2.5095,42.7557],[-2.5094,42.7552],[-2.5087,42.7547],[-2.5085,42.7543],[-2.5079,42.7538],[-2.5077,42.7535],[-2.5075,42.7535],[-2.5072,42.7533],[-2.5069,42.7531],[-2.5068,42.753],[-2.5067,42.7529],[-2.5067,42.7525],[-2.5047,42.751],[-2.5025,42.7497],[-2.4999,42.7509],[-2.497,42.7514],[-2.4958,42.7514],[-2.4953,42.7511],[-2.4926,42.7516],[-2.4894,42.7513],[-2.4822,42.7496],[-2.4756,42.7522],[-2.48,42.758],[-2.488,42.7605],[-2.4988,42.76],[-2.5052,42.7671],[-2.5102,42.7692],[-2.509,42.7641],[-2.514,42.7608],[-2.5136,42.76],[-2.5123,42.7593],[-2.5114,42.7582]]],[[[-2.499,42.7724],[-2.4939,42.7737],[-2.4993,42.7791],[-2.5039,42.7818],[-2.5064,42.7776],[-2.5039,42.7736],[-2.499,42.7724]]],[[[-2.4973,42.7795],[-2.4956,42.7762],[-2.4907,42.7777],[-2.4935,42.783],[-2.4972,42.7841],[-2.4973,42.7795]]],[[[-2.503,42.7827],[-2.4991,42.7791],[-2.4972,42.7841],[-2.5014,42.7876],[-2.503,42.7827]]],[[[-2.5045,42.8144],[-2.5029,42.8118],[-2.4977,42.8136],[-2.5001,42.8159],[-2.5045,42.8144]]],[[[-2.4971,42.8235],[-2.4969,42.8254],[-2.5005,42.8294],[-2.5034,42.8254],[-2.4995,42.8242],[-2.5007,42.8196],[-2.4951,42.8188],[-2.4898,42.82],[-2.4874,42.8225],[-2.4924,42.8229],[-2.4937,42.8237],[-2.4971,42.8235]]],[[[-2.4868,42.8261],[-2.4873,42.8268],[-2.49,42.8261],[-2.4926,42.8263],[-2.4924,42.8229],[-2.4874,42.8225],[-2.4868,42.8261]]],[[[-2.4999,42.8297],[-2.4969,42.8256],[-2.4938,42.8263],[-2.4946,42.8272],[-2.4949,42.8277],[-2.4951,42.8283],[-2.4955,42.8306],[-2.4999,42.8297]]],[[[-2.4949,42.8306],[-2.4952,42.83],[-2.4951,42.8286],[-2.4949,42.8277],[-2.4946,42.8272],[-2.494,42.8267],[-2.4933,42.8264],[-2.4899,42.8262],[-2.4901,42.8299],[-2.4949,42.8306]]],[[[-2.501,42.8455],[-2.5062,42.8443],[-2.5047,42.8398],[-2.4986,42.8388],[-2.4996,42.8431],[-2.4913,42.84],[-2.4906,42.8421],[-2.4956,42.8473],[-2.501,42.8455]]],[[[-2.4938,42.8667],[-2.5,42.8681],[-2.5011,42.8653],[-2.4988,42.865],[-2.4981,42.8647],[-2.4958,42.8633],[-2.4938,42.8667]]],[[[-2.4993,42.875],[-2.502,42.8733],[-2.499,42.868],[-2.4943,42.8677],[-2.4952,42.8728],[-2.4993,42.875]]],[[[-2.4812,42.8772],[-2.4855,42.8796],[-2.4916,42.8805],[-2.4926,42.8788],[-2.487,42.8765],[-2.4812,42.8772]]],[[[-2.499,42.8856],[-2.4945,42.8853],[-2.4952,42.8834],[-2.495,42.8813],[-2.4917,42.8805],[-2.4906,42.8824],[-2.4873,42.8835],[-2.4888,42.8847],[-2.4945,42.8853],[-2.499,42.8856]]],[[[-2.5016,42.9105],[-2.4946,42.9131],[-2.4994,42.9164],[-2.5053,42.9145],[-2.5016,42.9105]]],[[[-2.4913,42.9135],[-2.4827,42.9143],[-2.4797,42.9164],[-2.4895,42.9174],[-2.4913,42.9135]]],[[[-2.5055,42.917],[-2.5037,42.9155],[-2.4963,42.9184],[-2.5024,42.9221],[-2.5055,42.917]]],[[[-2.4893,42.9181],[-2.4797,42.9164],[-2.4785,42.9196],[-2.4811,42.923],[-2.4842,42.9211],[-2.4883,42.9236],[-2.4904,42.9243],[-2.4917,42.9244],[-2.4924,42.9242],[-2.492,42.9234],[-2.4919,42.9222],[-2.4894,42.9193],[-2.4893,42.9181]]],[[[-2.4914,42.9177],[-2.4894,42.9193],[-2.492,42.9222],[-2.492,42.9234],[-2.4924,42.9242],[-2.4923,42.9246],[-2.4975,42.9242],[-2.4969,42.9208],[-2.4924,42.9199],[-2.4914,42.9177]]],[[[-2.5012,43.0435],[-2.5028,43.0391],[-2.5018,43.0304],[-2.4985,43.0275],[-2.496,43.0313],[-2.4917,43.0316],[-2.4877,43.0355],[-2.4874,43.0387],[-2.4904,43.0423],[-2.5012,43.0435]]],[[[-2.4951,43.0525],[-2.4955,43.0576],[-2.5021,43.0542],[-2.4951,43.0525]]],[[[-2.4961,43.0713],[-2.4923,43.071],[-2.4911,43.0678],[-2.4858,43.0701],[-2.4832,43.0687],[-2.4776,43.0715],[-2.4787,43.0749],[-2.4882,43.0743],[-2.4961,43.0713]]],[[[-2.4902,43.1306],[-2.4887,43.1347],[-2.4954,43.1371],[-2.494,43.1323],[-2.4902,43.1306]]],[[[-2.4766,43.137],[-2.4808,43.1404],[-2.4829,43.1379],[-2.4885,43.1346],[-2.4885,43.1305],[-2.4828,43.1318],[-2.4766,43.137]]],[[[-2.4931,43.1414],[-2.4887,43.1379],[-2.487,43.1412],[-2.4931,43.1414]]],[[[-2.4894,43.1756],[-2.4954,43.1774],[-2.5013,43.1765],[-2.5025,43.1731],[-2.4932,43.1737],[-2.4894,43.1756]]],[[[-2.4885,43.1879],[-2.494,43.1917],[-2.4943,43.1954],[-2.5011,43.1988],[-2.5049,43.1965],[-2.5022,43.1941],[-2.5014,43.1895],[-2.4965,43.1869],[-2.4988,43.1823],[-2.4968,43.1794],[-2.4929,43.1783],[-2.4902,43.1807],[-2.4838,43.1831],[-2.4816,43.1857],[-2.4855,43.1902],[-2.4885,43.1879]]],[[[-2.4981,43.2581],[-2.4899,43.2577],[-2.4908,43.2615],[-2.4926,43.2624],[-2.4945,43.2641],[-2.4981,43.2581]]],[[[-2.4945,43.2651],[-2.4933,43.2631],[-2.4905,43.262],[-2.4889,43.2602],[-2.4878,43.2616],[-2.4863,43.2662],[-2.4905,43.2747],[-2.4952,43.2719],[-2.4921,43.2676],[-2.4945,43.2651]]],[[[-2.5039,43.3199],[-2.4966,43.3178],[-2.4906,43.3179],[-2.4945,43.3238],[-2.5039,43.3199]]],[[[-2.494,43.3261],[-2.4973,43.3292],[-2.5003,43.3338],[-2.5078,43.3324],[-2.5088,43.3311],[-2.5109,43.3297],[-2.5129,43.3271],[-2.5103,43.3236],[-2.506,43.3247],[-2.5031,43.3206],[-2.4945,43.3238],[-2.494,43.3261]]],[[[-2.4975,43.3333],[-2.497,43.3291],[-2.4942,43.3273],[-2.4907,43.321],[-2.4863,43.3195],[-2.483,43.3223],[-2.482,43.3289],[-2.4845,43.3324],[-2.4912,43.3353],[-2.4975,43.3352],[-2.4975,43.3333]]],[[[-2.5014,43.3386],[-2.4988,43.3415],[-2.4946,43.3396],[-2.4879,43.3384],[-2.4796,43.3411],[-2.4801,43.344],[-2.4853,43.3446],[-2.4896,43.3469],[-2.4886,43.348],[-2.4897,43.3491],[-2.49,43.3516],[-2.4911,43.3519],[-2.4916,43.354],[-2.495,43.3547],[-2.4931,43.3556],[-2.4952,43.358],[-2.4958,43.3586],[-2.4959,43.3591],[-2.4967,43.3599],[-2.5015,43.3625],[-2.5056,43.36],[-2.5064,43.3574],[-2.5031,43.353],[-2.5063,43.3513],[-2.505,43.3481],[-2.5,43.3467],[-2.5051,43.3432],[-2.5052,43.3406],[-2.5014,43.3386]]],[[[-2.4938,43.3567],[-2.4916,43.3541],[-2.4908,43.3526],[-2.4887,43.3531],[-2.4898,43.3511],[-2.4896,43.3491],[-2.4837,43.3447],[-2.4803,43.3442],[-2.4767,43.3466],[-2.4856,43.3547],[-2.4886,43.3618],[-2.4906,43.3623],[-2.4944,43.3605],[-2.4964,43.3615],[-2.4963,43.3601],[-2.4957,43.3587],[-2.4953,43.3582],[-2.4945,43.3577],[-2.4938,43.3567]]],[[[-2.4646,42.5628],[-2.4685,42.5665],[-2.4714,42.5639],[-2.4689,42.561],[-2.4646,42.5628]]],[[[-2.4785,42.5667],[-2.4731,42.5657],[-2.4727,42.5685],[-2.4789,42.5697],[-2.4785,42.5667]]],[[[-2.4789,42.5704],[-2.4724,42.5687],[-2.4725,42.5716],[-2.4776,42.5729],[-2.4789,42.5704]]],[[[-2.4712,42.5747],[-2.4706,42.5703],[-2.4666,42.5701],[-2.4672,42.5737],[-2.4712,42.5747]]],[[[-2.494,42.6268],[-2.4957,42.6258],[-2.4942,42.6249],[-2.4922,42.6242],[-2.4903,42.6243],[-2.4888,42.6229],[-2.4881,42.6234],[-2.4863,42.6223],[-2.4835,42.62],[-2.4833,42.6194],[-2.4797,42.616],[-2.4789,42.6157],[-2.4752,42.623],[-2.4715,42.6272],[-2.4627,42.6281],[-2.4591,42.6336],[-2.4547,42.6344],[-2.4552,42.6391],[-2.4502,42.647],[-2.4578,42.6478],[-2.4645,42.646],[-2.4746,42.6418],[-2.4771,42.6364],[-2.4822,42.6362],[-2.4844,42.6332],[-2.4848,42.6329],[-2.4852,42.6326],[-2.4941,42.6283],[-2.494,42.6268]]],[[[-2.4817,42.6374],[-2.4771,42.6364],[-2.4785,42.6417],[-2.4837,42.6406],[-2.4817,42.6374]]],[[[-2.4799,42.7339],[-2.4659,42.7378],[-2.4657,42.7397],[-2.4699,42.7397],[-2.4707,42.74],[-2.4729,42.7399],[-2.4757,42.7402],[-2.4799,42.7339]]],[[[-2.4801,42.7357],[-2.4758,42.7402],[-2.4762,42.7403],[-2.4785,42.7411],[-2.4792,42.7414],[-2.4801,42.7416],[-2.4812,42.7421],[-2.4801,42.7357]]],[[[-2.4807,42.7468],[-2.4812,42.7421],[-2.4801,42.7416],[-2.4792,42.7414],[-2.4785,42.7411],[-2.4762,42.7403],[-2.4749,42.7403],[-2.4729,42.7399],[-2.4707,42.74],[-2.4699,42.7397],[-2.4657,42.7397],[-2.4645,42.7394],[-2.4634,42.7456],[-2.4708,42.7496],[-2.4775,42.7503],[-2.4807,42.7468]]],[[[-2.4667,42.7498],[-2.4632,42.7508],[-2.4661,42.7556],[-2.4719,42.756],[-2.4736,42.7529],[-2.4667,42.7498]]],[[[-2.4711,42.7997],[-2.4682,42.8032],[-2.4683,42.8044],[-2.4682,42.8053],[-2.4683,42.8059],[-2.4683,42.8064],[-2.4691,42.8082],[-2.4673,42.8086],[-2.47,42.8127],[-2.4752,42.8088],[-2.4739,42.8042],[-2.4699,42.8022],[-2.4711,42.7997]]],[[[-2.4683,42.8186],[-2.4742,42.8202],[-2.4731,42.8164],[-2.4683,42.8186]]],[[[-2.4716,42.8275],[-2.4747,42.8282],[-2.4747,42.8252],[-2.4732,42.8214],[-2.4679,42.8191],[-2.4686,42.8225],[-2.4683,42.8257],[-2.4716,42.8275]]],[[[-2.4818,42.8263],[-2.4768,42.8212],[-2.4747,42.8252],[-2.4749,42.8261],[-2.4747,42.829],[-2.4774,42.8303],[-2.4841,42.8278],[-2.4818,42.8263]]],[[[-2.4716,42.8275],[-2.4683,42.8258],[-2.4686,42.8225],[-2.467,42.8213],[-2.4625,42.8209],[-2.4624,42.8244],[-2.4676,42.8248],[-2.4696,42.8273],[-2.4672,42.8321],[-2.4721,42.8361],[-2.4793,42.8373],[-2.4851,42.8344],[-2.4716,42.8275]]],[[[-2.4831,42.8282],[-2.479,42.8309],[-2.4851,42.8343],[-2.4852,42.8295],[-2.4831,42.8282]]],[[[-2.4735,42.8594],[-2.4764,42.858],[-2.4787,42.8591],[-2.4817,42.861],[-2.4825,42.8563],[-2.4801,42.8537],[-2.4744,42.8523],[-2.4681,42.8559],[-2.4697,42.8568],[-2.4725,42.8599],[-2.4735,42.8594]]],[[[-2.4652,42.857],[-2.4665,42.8603],[-2.4739,42.8611],[-2.471,42.8587],[-2.4697,42.8569],[-2.466,42.8552],[-2.4652,42.857]]],[[[-2.4754,42.8599],[-2.4783,42.864],[-2.4817,42.861],[-2.4783,42.8589],[-2.4765,42.8586],[-2.4754,42.8599]]],[[[-2.461,42.87],[-2.4611,42.8751],[-2.4642,42.8759],[-2.467,42.8709],[-2.4702,42.8716],[-2.4717,42.87],[-2.4758,42.8699],[-2.473,42.8676],[-2.464,42.867],[-2.461,42.87]]],[[[-2.4859,42.883],[-2.4906,42.8823],[-2.4916,42.8805],[-2.4855,42.8797],[-2.4807,42.8775],[-2.4782,42.8811],[-2.4754,42.8806],[-2.4718,42.8795],[-2.4698,42.8784],[-2.4729,42.8774],[-2.4745,42.8763],[-2.4762,42.8725],[-2.4717,42.87],[-2.4705,42.8715],[-2.4695,42.872],[-2.4687,42.8737],[-2.4674,42.8737],[-2.4665,42.877],[-2.4677,42.878],[-2.4695,42.8784],[-2.4713,42.8793],[-2.475,42.8805],[-2.4859,42.883]]],[[[-2.5134,42.8918],[-2.508,42.8887],[-2.5012,42.8914],[-2.4968,42.8871],[-2.4872,42.8879],[-2.484,42.8859],[-2.468,42.8807],[-2.4548,42.8778],[-2.4489,42.8758],[-2.4482,42.8777],[-2.4443,42.8801],[-2.4453,42.8818],[-2.4452,42.8846],[-2.4487,42.884],[-2.4484,42.8863],[-2.4451,42.8864],[-2.4455,42.8896],[-2.4497,42.8922],[-2.4461,42.9011],[-2.4476,42.9034],[-2.4522,42.9036],[-2.4519,42.9068],[-2.4595,42.909],[-2.464,42.9135],[-2.4706,42.9131],[-2.4729,42.9137],[-2.4738,42.9124],[-2.4745,42.9121],[-2.476,42.9122],[-2.4786,42.9138],[-2.4864,42.9117],[-2.4906,42.913],[-2.493,42.911],[-2.4976,42.9109],[-2.5044,42.9045],[-2.5116,42.903],[-2.5164,42.8982],[-2.5134,42.8966],[-2.5114,42.8933],[-2.5134,42.8918]]],[[[-2.4795,42.9146],[-2.4764,42.9133],[-2.4759,42.9122],[-2.4745,42.9122],[-2.4734,42.9156],[-2.4795,42.9146]]],[[[-2.4783,42.9237],[-2.4794,42.9222],[-2.4762,42.916],[-2.453,42.9135],[-2.4528,42.9141],[-2.453,42.9144],[-2.4528,42.9148],[-2.4529,42.9157],[-2.4527,42.9162],[-2.4517,42.917],[-2.4542,42.922],[-2.4607,42.923],[-2.4678,42.9204],[-2.4711,42.9203],[-2.4739,42.9229],[-2.4783,42.9237]]],[[[-2.4754,43.0594],[-2.4762,43.0615],[-2.484,43.0602],[-2.4821,43.0581],[-2.4754,43.0594]]],[[[-2.4686,43.0709],[-2.4744,43.0683],[-2.4706,43.066],[-2.4686,43.0709]]],[[[-2.4746,43.1128],[-2.4781,43.1105],[-2.4719,43.1078],[-2.4676,43.1087],[-2.4663,43.1115],[-2.4746,43.1128]]],[[[-2.4792,43.1134],[-2.4728,43.1128],[-2.473,43.1158],[-2.4733,43.1157],[-2.474,43.1162],[-2.4754,43.1164],[-2.4772,43.1175],[-2.4792,43.1134]]],[[[-2.465,43.1115],[-2.4662,43.1175],[-2.4704,43.1194],[-2.4771,43.1175],[-2.4754,43.1165],[-2.4739,43.1163],[-2.4731,43.1157],[-2.472,43.1165],[-2.4703,43.1153],[-2.4704,43.1141],[-2.4665,43.113],[-2.465,43.1115]]],[[[-2.4809,43.144],[-2.4836,43.1423],[-2.4819,43.1409],[-2.4807,43.1405],[-2.4783,43.1387],[-2.4765,43.1404],[-2.4809,43.144]]],[[[-2.4701,43.1747],[-2.4705,43.1792],[-2.4791,43.1812],[-2.4819,43.1777],[-2.4701,43.1747]]],[[[-2.4618,43.1772],[-2.4629,43.1833],[-2.4705,43.1803],[-2.4618,43.1772]]],[[[-2.4836,43.1908],[-2.481,43.19],[-2.4796,43.1862],[-2.4742,43.1864],[-2.4691,43.189],[-2.4703,43.1926],[-2.4754,43.1925],[-2.4791,43.1907],[-2.4836,43.1908]]],[[[-2.475,43.2522],[-2.4693,43.2508],[-2.4692,43.2559],[-2.4723,43.2584],[-2.4734,43.258],[-2.4747,43.2583],[-2.475,43.2583],[-2.4754,43.2581],[-2.4759,43.2571],[-2.4759,43.2568],[-2.4747,43.2559],[-2.4744,43.2538],[-2.475,43.2522]]],[[[-2.4759,43.2546],[-2.4759,43.2568],[-2.4759,43.2571],[-2.4756,43.2579],[-2.4754,43.2581],[-2.4749,43.2584],[-2.4807,43.2594],[-2.4831,43.257],[-2.4759,43.2546]]],[[[-2.4608,43.3116],[-2.4671,43.3098],[-2.4705,43.3071],[-2.4726,43.3028],[-2.4644,43.3036],[-2.4649,43.3063],[-2.4608,43.3116]]],[[[-2.4684,43.3111],[-2.4664,43.3143],[-2.4679,43.3163],[-2.4748,43.3131],[-2.4684,43.3111]]],[[[-2.4669,43.3116],[-2.459,43.3145],[-2.4625,43.3176],[-2.4678,43.3164],[-2.4664,43.3143],[-2.4669,43.3116]]],[[[-2.449,42.687],[-2.4452,42.6899],[-2.4457,42.6917],[-2.4454,42.6947],[-2.4462,42.6951],[-2.4483,42.6939],[-2.4502,42.6937],[-2.4507,42.6915],[-2.4487,42.6876],[-2.449,42.687]]],[[[-2.4563,42.739],[-2.4596,42.7352],[-2.4567,42.7339],[-2.4509,42.7372],[-2.4527,42.7402],[-2.4563,42.739]]],[[[-2.4536,42.743],[-2.4521,42.7411],[-2.447,42.7426],[-2.4457,42.7469],[-2.451,42.748],[-2.4508,42.7448],[-2.4536,42.743]]],[[[-2.4476,42.7485],[-2.4423,42.7503],[-2.4406,42.7552],[-2.4456,42.7603],[-2.4505,42.7618],[-2.4566,42.7589],[-2.4575,42.7534],[-2.4491,42.7535],[-2.4476,42.7485]]],[[[-2.4502,42.8066],[-2.4535,42.8087],[-2.4566,42.8069],[-2.4565,42.8026],[-2.4518,42.804],[-2.4502,42.8066]]],[[[-2.4615,42.8108],[-2.46,42.8123],[-2.4628,42.8164],[-2.4674,42.8129],[-2.4673,42.8086],[-2.4685,42.8068],[-2.4683,42.8064],[-2.4683,42.8059],[-2.4681,42.8053],[-2.4683,42.8044],[-2.4679,42.8034],[-2.4669,42.8023],[-2.463,42.8046],[-2.4565,42.8026],[-2.4567,42.8084],[-2.4615,42.8108]]],[[[-2.4508,42.8131],[-2.4568,42.8117],[-2.4558,42.8079],[-2.4535,42.8087],[-2.4501,42.8078],[-2.4508,42.8131]]],[[[-2.4603,42.8128],[-2.4569,42.8117],[-2.4513,42.8138],[-2.4549,42.8165],[-2.4628,42.8164],[-2.4603,42.8128]]],[[[-2.45,42.816],[-2.4443,42.8153],[-2.4455,42.8205],[-2.45,42.816]]],[[[-2.4513,42.83],[-2.4508,42.8307],[-2.4513,42.8321],[-2.4511,42.8332],[-2.4515,42.8345],[-2.4523,42.8347],[-2.4526,42.835],[-2.4528,42.8352],[-2.4529,42.8353],[-2.4533,42.8353],[-2.4536,42.8354],[-2.4536,42.8355],[-2.4537,42.8356],[-2.4537,42.8358],[-2.4544,42.836],[-2.4539,42.8348],[-2.4558,42.8336],[-2.4561,42.829],[-2.4513,42.83]]],[[[-2.4424,42.8321],[-2.4414,42.829],[-2.4363,42.8224],[-2.4362,42.8199],[-2.4397,42.8149],[-2.433,42.8161],[-2.4312,42.8187],[-2.4359,42.8201],[-2.4359,42.822],[-2.4371,42.8243],[-2.441,42.829],[-2.4407,42.8306],[-2.4434,42.8336],[-2.4451,42.8346],[-2.4478,42.8351],[-2.4482,42.8386],[-2.4528,42.841],[-2.4507,42.8448],[-2.4548,42.8492],[-2.4605,42.852],[-2.4625,42.8495],[-2.4673,42.8486],[-2.4665,42.8462],[-2.4608,42.8445],[-2.4573,42.8416],[-2.4618,42.839],[-2.4564,42.8371],[-2.4537,42.8365],[-2.4539,42.8359],[-2.4537,42.8358],[-2.4537,42.8356],[-2.4535,42.8356],[-2.4536,42.8354],[-2.4533,42.8353],[-2.453,42.8354],[-2.4529,42.8353],[-2.4528,42.8352],[-2.4526,42.835],[-2.4523,42.8347],[-2.4515,42.8345],[-2.451,42.834],[-2.4478,42.835],[-2.4452,42.8344],[-2.4424,42.8321]]],[[[-2.4642,42.8382],[-2.4622,42.8323],[-2.4562,42.829],[-2.4568,42.837],[-2.4642,42.8382]]],[[[-2.4513,42.8493],[-2.445,42.8502],[-2.4491,42.8535],[-2.4513,42.8493]]],[[[-2.46,42.8523],[-2.4548,42.8492],[-2.452,42.8493],[-2.4492,42.8535],[-2.4531,42.854],[-2.46,42.8523]]],[[[-2.4558,42.8751],[-2.442,42.8725],[-2.4411,42.8747],[-2.4463,42.8752],[-2.4529,42.8764],[-2.4558,42.8751]]],[[[-2.4575,42.9086],[-2.4531,42.9086],[-2.453,42.9134],[-2.46,42.9098],[-2.4575,42.9086]]],[[[-2.4528,42.9135],[-2.4485,42.9132],[-2.4481,42.9175],[-2.4509,42.9166],[-2.4518,42.9167],[-2.4529,42.9157],[-2.4528,42.9148],[-2.4529,42.9144],[-2.4528,42.9141],[-2.4528,42.9135]]],[[[-2.4446,43.0616],[-2.4483,43.0591],[-2.4438,43.0565],[-2.4364,43.0561],[-2.4396,43.0596],[-2.4446,43.0616]]],[[[-2.4489,43.0595],[-2.4431,43.0652],[-2.4488,43.0652],[-2.4489,43.0595]]],[[[-2.4524,43.1322],[-2.4649,43.1334],[-2.4658,43.1309],[-2.4591,43.1288],[-2.4552,43.1295],[-2.4524,43.1322]]],[[[-2.4617,43.1377],[-2.4569,43.1331],[-2.4522,43.1354],[-2.4565,43.1392],[-2.4617,43.1377]]],[[[-2.4614,43.1817],[-2.4605,43.1774],[-2.4563,43.1792],[-2.4549,43.1817],[-2.4492,43.1836],[-2.4519,43.1889],[-2.456,43.1887],[-2.4615,43.1851],[-2.4614,43.1817]]],[[[-2.4445,43.1901],[-2.4508,43.1884],[-2.4458,43.1853],[-2.4445,43.1901]]],[[[-2.4668,43.1931],[-2.4656,43.1886],[-2.4524,43.1912],[-2.4542,43.1949],[-2.4668,43.1931]]],[[[-2.4612,43.3207],[-2.4494,43.3192],[-2.445,43.3221],[-2.4397,43.3225],[-2.4361,43.3208],[-2.4281,43.3209],[-2.4221,43.3273],[-2.4268,43.3306],[-2.4302,43.3265],[-2.4385,43.3252],[-2.4423,43.3269],[-2.4488,43.325],[-2.4507,43.329],[-2.4578,43.3319],[-2.4636,43.33],[-2.4654,43.3275],[-2.4612,43.3207]]],[[[-2.4265,42.4984],[-2.4329,42.4996],[-2.4329,42.4964],[-2.4265,42.4984]]],[[[-2.4422,42.4993],[-2.4416,42.5029],[-2.4483,42.5024],[-2.4442,42.4974],[-2.4422,42.4993]]],[[[-2.4261,42.5078],[-2.4308,42.505],[-2.4312,42.4998],[-2.4261,42.4988],[-2.4247,42.505],[-2.4261,42.5078]]],[[[-2.4511,42.5058],[-2.4446,42.505],[-2.4457,42.5093],[-2.4423,42.5107],[-2.4454,42.5155],[-2.451,42.5103],[-2.4511,42.5058]]],[[[-2.4421,42.525],[-2.4457,42.5229],[-2.4453,42.5177],[-2.4419,42.5117],[-2.433,42.507],[-2.428,42.509],[-2.4305,42.5114],[-2.441,42.516],[-2.4431,42.516],[-2.4455,42.5228],[-2.4421,42.525]]],[[[-2.4249,42.5646],[-2.43,42.5673],[-2.4328,42.5614],[-2.4272,42.5626],[-2.4249,42.5646]]],[[[-2.4356,42.5624],[-2.4333,42.5629],[-2.432,42.5686],[-2.4344,42.5724],[-2.4379,42.5708],[-2.4396,42.5674],[-2.4356,42.5624]]],[[[-2.4198,42.5618],[-2.4199,42.5638],[-2.4274,42.5706],[-2.4297,42.5739],[-2.4336,42.5726],[-2.4222,42.5629],[-2.4198,42.5618]]],[[[-2.4796,42.6575],[-2.4833,42.6559],[-2.4831,42.6521],[-2.4845,42.6477],[-2.474,42.6509],[-2.4691,42.6533],[-2.4598,42.6545],[-2.452,42.6567],[-2.446,42.6617],[-2.4423,42.6624],[-2.4393,42.6599],[-2.4307,42.6578],[-2.4159,42.6627],[-2.4036,42.6594],[-2.396,42.6604],[-2.3871,42.6639],[-2.3815,42.6692],[-2.3804,42.6757],[-2.3876,42.6744],[-2.3909,42.6777],[-2.3955,42.6871],[-2.3985,42.6827],[-2.3976,42.681],[-2.3975,42.6784],[-2.3961,42.6771],[-2.3959,42.6768],[-2.396,42.6766],[-2.399,42.6767],[-2.4014,42.6762],[-2.4018,42.6762],[-2.4034,42.6766],[-2.4038,42.6753],[-2.4058,42.6741],[-2.4074,42.6746],[-2.4152,42.6689],[-2.4171,42.6677],[-2.4189,42.667],[-2.419,42.666],[-2.4222,42.6652],[-2.426,42.6662],[-2.4346,42.6656],[-2.4392,42.6669],[-2.444,42.6688],[-2.4457,42.6705],[-2.4497,42.6709],[-2.4576,42.6686],[-2.4637,42.6632],[-2.4693,42.661],[-2.4726,42.659],[-2.4778,42.6569],[-2.4796,42.6575]]],[[[-2.4359,42.6958],[-2.4416,42.6986],[-2.4435,42.6954],[-2.4359,42.6958]]],[[[-2.4457,42.6893],[-2.449,42.6864],[-2.4522,42.6861],[-2.4511,42.6821],[-2.4523,42.6781],[-2.4503,42.6773],[-2.4499,42.6769],[-2.45,42.6761],[-2.4493,42.6751],[-2.4487,42.6726],[-2.4434,42.6697],[-2.4415,42.6679],[-2.4345,42.6656],[-2.426,42.6663],[-2.4222,42.6652],[-2.4191,42.6661],[-2.419,42.667],[-2.4172,42.6678],[-2.4143,42.6698],[-2.414,42.6705],[-2.4076,42.6756],[-2.4062,42.6777],[-2.4113,42.6797],[-2.4114,42.6801],[-2.4131,42.6799],[-2.4136,42.6798],[-2.4138,42.6798],[-2.414,42.6798],[-2.4142,42.6798],[-2.4143,42.6799],[-2.4154,42.6804],[-2.4156,42.6818],[-2.4159,42.6819],[-2.4167,42.6821],[-2.4176,42.6821],[-2.4215,42.6845],[-2.4265,42.6857],[-2.4271,42.6868],[-2.4266,42.6871],[-2.4255,42.6875],[-2.4225,42.6884],[-2.4226,42.6897],[-2.421,42.6902],[-2.4202,42.6899],[-2.42,42.6897],[-2.4194,42.6889],[-2.4187,42.6888],[-2.4167,42.689],[-2.4149,42.6902],[-2.4101,42.6921],[-2.41,42.6932],[-2.409,42.6943],[-2.408,42.6946],[-2.4018,42.6963],[-2.4123,42.7031],[-2.4177,42.7076],[-2.4207,42.713],[-2.4271,42.7223],[-2.4274,42.728],[-2.4319,42.7284],[-2.4349,42.7311],[-2.4353,42.7365],[-2.4375,42.7372],[-2.4478,42.7339],[-2.4491,42.7301],[-2.4501,42.7289],[-2.4509,42.7286],[-2.4498,42.7269],[-2.4488,42.7262],[-2.4482,42.7252],[-2.4466,42.722],[-2.4465,42.7202],[-2.4421,42.7126],[-2.4407,42.7118],[-2.4396,42.7116],[-2.4387,42.7116],[-2.4383,42.7114],[-2.438,42.71],[-2.4371,42.7088],[-2.4361,42.7062],[-2.4357,42.7055],[-2.4353,42.7051],[-2.4342,42.7047],[-2.4333,42.7047],[-2.433,42.7045],[-2.433,42.704],[-2.4323,42.7034],[-2.4319,42.7024],[-2.4318,42.7018],[-2.4315,42.7014],[-2.4318,42.7012],[-2.4322,42.7012],[-2.4324,42.7014],[-2.4333,42.7018],[-2.4346,42.7021],[-2.4344,42.6959],[-2.4453,42.6952],[-2.4456,42.6918],[-2.4451,42.6898],[-2.4457,42.6893]]],[[[-2.4419,42.7589],[-2.4405,42.7554],[-2.436,42.7562],[-2.4352,42.7588],[-2.4419,42.7589]]],[[[-2.4348,42.7693],[-2.4306,42.7726],[-2.4261,42.7733],[-2.42,42.7719],[-2.4208,42.7753],[-2.4258,42.7754],[-2.4314,42.7738],[-2.4348,42.7693]]],[[[-2.442,42.7824],[-2.4461,42.7809],[-2.4447,42.7772],[-2.441,42.7783],[-2.442,42.7824]]],[[[-2.4398,42.8095],[-2.439,42.8139],[-2.4462,42.8155],[-2.4506,42.814],[-2.4464,42.8095],[-2.4398,42.8095]]],[[[-2.4341,42.8156],[-2.4345,42.8121],[-2.4288,42.8123],[-2.4285,42.8162],[-2.4341,42.8156]]],[[[-2.4421,42.8162],[-2.4397,42.8154],[-2.4368,42.8197],[-2.4455,42.8205],[-2.4421,42.8162]]],[[[-2.432,42.8201],[-2.4278,42.8192],[-2.4257,42.8225],[-2.4295,42.8245],[-2.4348,42.8237],[-2.432,42.8201]]],[[[-2.43,42.8283],[-2.426,42.8293],[-2.4287,42.8334],[-2.4324,42.8314],[-2.43,42.8283]]],[[[-2.4401,42.8384],[-2.4444,42.8359],[-2.439,42.8343],[-2.437,42.8294],[-2.4319,42.8296],[-2.434,42.8348],[-2.4321,42.8388],[-2.4401,42.8384]]],[[[-2.4227,42.8318],[-2.427,42.8369],[-2.4287,42.8336],[-2.426,42.8293],[-2.4227,42.8318]]],[[[-2.4446,42.8479],[-2.4509,42.8484],[-2.4507,42.8448],[-2.4446,42.8479]]],[[[-2.4275,42.8479],[-2.4295,42.8452],[-2.4229,42.8448],[-2.423,42.8486],[-2.4275,42.8479]]],[[[-2.434,42.8485],[-2.4299,42.8492],[-2.429,42.852],[-2.439,42.8545],[-2.4385,42.8498],[-2.434,42.8485]]],[[[-2.4386,42.8562],[-2.439,42.8546],[-2.4304,42.8531],[-2.4292,42.8552],[-2.438,42.8572],[-2.4386,42.8562]]],[[[-2.433,42.8586],[-2.4335,42.857],[-2.4288,42.8554],[-2.4246,42.8531],[-2.4265,42.8579],[-2.433,42.8586]]],[[[-2.4334,42.8782],[-2.4391,42.8779],[-2.4412,42.875],[-2.4361,42.8729],[-2.4334,42.8782]]],[[[-2.444,42.8848],[-2.4452,42.8817],[-2.4396,42.8779],[-2.4364,42.8783],[-2.4363,42.8823],[-2.444,42.8848]]],[[[-2.4495,42.9096],[-2.4497,42.9061],[-2.4312,42.9108],[-2.4311,42.9136],[-2.4469,42.9131],[-2.4495,42.9096]]],[[[-2.4482,42.9134],[-2.4426,42.9144],[-2.434,42.914],[-2.4264,42.916],[-2.4281,42.9187],[-2.4369,42.9215],[-2.4459,42.9175],[-2.4482,42.9134]]],[[[-2.4231,43.0369],[-2.4202,43.0388],[-2.4248,43.0444],[-2.4268,43.0412],[-2.4231,43.0369]]],[[[-2.439,43.0612],[-2.4341,43.0574],[-2.4329,43.0629],[-2.4377,43.067],[-2.4412,43.0628],[-2.439,43.0612]]],[[[-2.4295,43.1058],[-2.4219,43.1068],[-2.4219,43.1105],[-2.4161,43.1112],[-2.4177,43.1191],[-2.4238,43.1194],[-2.4231,43.1162],[-2.4276,43.1121],[-2.4295,43.1058]]],[[[-2.4264,43.1728],[-2.4203,43.1769],[-2.4248,43.1807],[-2.4275,43.1773],[-2.4264,43.1728]]],[[[-2.4295,43.2116],[-2.4306,43.2056],[-2.4259,43.2046],[-2.4235,43.2109],[-2.421,43.2103],[-2.4179,43.2151],[-2.4252,43.2208],[-2.4267,43.2187],[-2.4255,43.2145],[-2.4295,43.2116]]],[[[-2.4476,43.2159],[-2.4469,43.2119],[-2.4416,43.2091],[-2.4334,43.2101],[-2.4304,43.2146],[-2.4344,43.2203],[-2.4375,43.2214],[-2.4428,43.2206],[-2.4476,43.2159]]],[[[-2.4407,43.2292],[-2.4336,43.2275],[-2.4355,43.2318],[-2.4417,43.2357],[-2.4431,43.2325],[-2.4407,43.2292]]],[[[-2.4412,43.2361],[-2.4363,43.2329],[-2.4322,43.2279],[-2.4278,43.2306],[-2.4272,43.2341],[-2.4325,43.2377],[-2.4366,43.2379],[-2.4412,43.2361]]],[[[-2.4361,43.3],[-2.4391,43.2977],[-2.4385,43.2934],[-2.4399,43.2883],[-2.4343,43.2834],[-2.4321,43.2834],[-2.4272,43.2791],[-2.4264,43.2743],[-2.4218,43.2736],[-2.4179,43.2675],[-2.4135,43.2677],[-2.4033,43.2629],[-2.4027,43.2597],[-2.3943,43.2585],[-2.396,43.2496],[-2.3905,43.2521],[-2.3898,43.2555],[-2.3812,43.2599],[-2.3741,43.2668],[-2.3724,43.2716],[-2.3787,43.2791],[-2.3766,43.2856],[-2.3803,43.289],[-2.3797,43.2919],[-2.3818,43.2949],[-2.3897,43.2995],[-2.3959,43.3006],[-2.3932,43.3055],[-2.3989,43.308],[-2.4034,43.3081],[-2.4116,43.3095],[-2.4117,43.3165],[-2.4125,43.3172],[-2.4132,43.3195],[-2.4129,43.3204],[-2.4174,43.322],[-2.4198,43.3189],[-2.423,43.3191],[-2.4303,43.317],[-2.4434,43.3208],[-2.4457,43.3168],[-2.4493,43.3153],[-2.4524,43.3106],[-2.4518,43.3084],[-2.4437,43.3056],[-2.4364,43.3078],[-2.4341,43.3144],[-2.4301,43.3152],[-2.42,43.3125],[-2.4255,43.3106],[-2.43,43.3076],[-2.4361,43.3]]],[[[-2.4069,42.5253],[-2.4069,42.5222],[-2.4028,42.5189],[-2.4002,42.5227],[-2.4007,42.5272],[-2.4027,42.5305],[-2.4073,42.5316],[-2.4069,42.5253]]],[[[-2.411,42.5243],[-2.4101,42.5256],[-2.4126,42.5269],[-2.4136,42.528],[-2.4137,42.5287],[-2.415,42.5301],[-2.4161,42.5299],[-2.4167,42.5255],[-2.411,42.5243]]],[[[-2.4157,42.5306],[-2.4142,42.5295],[-2.4137,42.5287],[-2.4136,42.528],[-2.4125,42.5269],[-2.4113,42.5263],[-2.408,42.5292],[-2.4077,42.5329],[-2.4134,42.5324],[-2.4157,42.5306]]],[[[-2.4252,42.5564],[-2.4219,42.5577],[-2.4227,42.5616],[-2.4275,42.5589],[-2.4252,42.5564]]],[[[-2.4148,42.5672],[-2.4185,42.5666],[-2.4173,42.5721],[-2.4185,42.5738],[-2.4274,42.5706],[-2.4199,42.5638],[-2.4162,42.5616],[-2.4148,42.5672]]],[[[-2.4122,42.5712],[-2.4153,42.5753],[-2.4185,42.5738],[-2.4138,42.5671],[-2.4122,42.5712]]],[[[-2.426,42.5829],[-2.4202,42.5826],[-2.4223,42.5879],[-2.426,42.5829]]],[[[-2.42,42.6896],[-2.4202,42.6899],[-2.421,42.6902],[-2.4226,42.6897],[-2.4225,42.6884],[-2.4237,42.6879],[-2.4255,42.6875],[-2.4266,42.6871],[-2.4267,42.6862],[-2.4265,42.6857],[-2.4215,42.6846],[-2.4176,42.6821],[-2.4167,42.6821],[-2.4159,42.682],[-2.4156,42.6818],[-2.4154,42.6817],[-2.4152,42.6814],[-2.4154,42.6804],[-2.4147,42.6802],[-2.4145,42.6801],[-2.4143,42.6799],[-2.4114,42.6801],[-2.4113,42.6797],[-2.4061,42.6777],[-2.405,42.676],[-2.4034,42.6766],[-2.4018,42.6762],[-2.4003,42.6766],[-2.3989,42.6767],[-2.3972,42.6767],[-2.396,42.677],[-2.3976,42.6784],[-2.3976,42.6808],[-2.4006,42.6862],[-2.3997,42.69],[-2.4042,42.6946],[-2.4066,42.6943],[-2.4078,42.6946],[-2.4089,42.6942],[-2.4099,42.6932],[-2.4101,42.6921],[-2.4149,42.6902],[-2.4166,42.689],[-2.4187,42.6888],[-2.4194,42.6889],[-2.42,42.6896]]],[[[-2.3917,42.7003],[-2.3961,42.6982],[-2.3934,42.6938],[-2.388,42.6961],[-2.3917,42.7003]]],[[[-2.4397,42.7392],[-2.4337,42.736],[-2.4349,42.7335],[-2.4331,42.7301],[-2.4269,42.7289],[-2.4262,42.7212],[-2.4217,42.7182],[-2.4211,42.7145],[-2.4174,42.708],[-2.4113,42.7044],[-2.4025,42.6976],[-2.3974,42.696],[-2.3973,42.7013],[-2.399,42.7045],[-2.3969,42.7082],[-2.4015,42.7181],[-2.4002,42.72],[-2.4037,42.723],[-2.3981,42.7288],[-2.3968,42.7345],[-2.3995,42.7381],[-2.4007,42.7435],[-2.3993,42.7454],[-2.4029,42.7498],[-2.3994,42.7532],[-2.4034,42.7572],[-2.4049,42.7598],[-2.4052,42.7631],[-2.4102,42.7647],[-2.4105,42.7628],[-2.4117,42.7603],[-2.4127,42.7596],[-2.4146,42.7621],[-2.4164,42.7613],[-2.4203,42.7604],[-2.4248,42.7599],[-2.4274,42.7571],[-2.4291,42.7594],[-2.4324,42.7568],[-2.4414,42.7522],[-2.443,42.7481],[-2.443,42.7424],[-2.4397,42.7392]]],[[[-2.4275,42.7604],[-2.4217,42.7629],[-2.4161,42.7624],[-2.4149,42.7622],[-2.4137,42.7616],[-2.4118,42.7603],[-2.4106,42.7628],[-2.4101,42.7662],[-2.4104,42.7672],[-2.4097,42.7668],[-2.4081,42.7674],[-2.4063,42.7677],[-2.4039,42.7677],[-2.3996,42.7703],[-2.3969,42.7707],[-2.3954,42.7721],[-2.3913,42.7749],[-2.39,42.7759],[-2.3899,42.7761],[-2.3902,42.7767],[-2.3901,42.7771],[-2.3896,42.7791],[-2.3912,42.7813],[-2.3935,42.781],[-2.3943,42.7814],[-2.3946,42.7815],[-2.3947,42.7816],[-2.395,42.7817],[-2.3953,42.7816],[-2.3973,42.7806],[-2.3998,42.7801],[-2.4019,42.7782],[-2.4031,42.778],[-2.4044,42.7767],[-2.4049,42.7763],[-2.4054,42.7761],[-2.4054,42.776],[-2.4088,42.7752],[-2.416,42.7767],[-2.4207,42.7753],[-2.4175,42.7722],[-2.4198,42.768],[-2.4243,42.7677],[-2.4284,42.7631],[-2.4275,42.7604]]],[[[-2.4215,42.8192],[-2.4271,42.8181],[-2.4259,42.814],[-2.4205,42.8132],[-2.4198,42.8173],[-2.4215,42.8192]]],[[[-2.4099,42.8206],[-2.4171,42.824],[-2.4217,42.8205],[-2.4165,42.818],[-2.4122,42.818],[-2.408,42.8199],[-2.4061,42.8228],[-2.4066,42.8263],[-2.4094,42.8282],[-2.4156,42.8298],[-2.4187,42.8272],[-2.4099,42.8206]]],[[[-2.393,42.8627],[-2.3964,42.866],[-2.3999,42.8635],[-2.3984,42.8575],[-2.3948,42.8563],[-2.393,42.8627]]],[[[-2.4163,42.8666],[-2.4128,42.8699],[-2.4175,42.8712],[-2.4163,42.8666]]],[[[-2.4172,42.8728],[-2.4175,42.8712],[-2.4065,42.8699],[-2.4009,42.8708],[-2.4034,42.8758],[-2.4071,42.877],[-2.4125,42.8768],[-2.4172,42.8728]]],[[[-2.4015,42.8876],[-2.4013,42.8843],[-2.3972,42.8811],[-2.3963,42.8869],[-2.4015,42.8876]]],[[[-2.3896,42.8822],[-2.3898,42.8843],[-2.3903,42.8868],[-2.3902,42.8874],[-2.3885,42.8915],[-2.3958,42.8915],[-2.3968,42.8814],[-2.3929,42.8805],[-2.3896,42.8822]]],[[[-2.3993,42.9011],[-2.3993,42.8978],[-2.3958,42.8961],[-2.3918,42.8992],[-2.3993,42.9011]]],[[[-2.4102,42.9017],[-2.4112,42.9063],[-2.4197,42.9021],[-2.4102,42.9017]]],[[[-2.4018,42.9057],[-2.4112,42.9063],[-2.4089,42.9016],[-2.4036,42.9029],[-2.4018,42.9057]]],[[[-2.4249,42.906],[-2.419,42.9051],[-2.4192,42.9095],[-2.4223,42.9099],[-2.4249,42.906]]],[[[-2.3917,42.9108],[-2.3966,42.912],[-2.3896,42.9127],[-2.3899,42.9112],[-2.3935,42.9067],[-2.3871,42.9052],[-2.3874,42.9093],[-2.3859,42.9124],[-2.383,42.9135],[-2.385,42.9173],[-2.3917,42.9184],[-2.3969,42.9173],[-2.3991,42.9137],[-2.3972,42.9094],[-2.3928,42.9079],[-2.3917,42.9108]]],[[[-2.423,42.9114],[-2.4142,42.909],[-2.4063,42.9081],[-2.4054,42.9119],[-2.4113,42.9144],[-2.4177,42.9148],[-2.4182,42.9179],[-2.4253,42.912],[-2.423,42.9114]]],[[[-2.4043,43.0219],[-2.4093,43.0256],[-2.4149,43.0224],[-2.4156,43.0204],[-2.4082,43.02],[-2.4043,43.0219]]],[[[-2.3892,43.0275],[-2.3946,43.0283],[-2.398,43.0325],[-2.4028,43.0296],[-2.4006,43.0275],[-2.3932,43.0242],[-2.3886,43.0234],[-2.3892,43.0275]]],[[[-2.4116,43.0249],[-2.4112,43.0274],[-2.421,43.0353],[-2.4242,43.0333],[-2.4188,43.0277],[-2.4193,43.0227],[-2.4169,43.0209],[-2.4116,43.0249]]],[[[-2.3898,43.0281],[-2.3911,43.0354],[-2.3928,43.0388],[-2.3991,43.0403],[-2.397,43.0319],[-2.3898,43.0281]]],[[[-2.4016,43.0398],[-2.4084,43.0352],[-2.4009,43.0344],[-2.4016,43.0398]]],[[[-2.4251,43.0462],[-2.4205,43.043],[-2.4126,43.0348],[-2.4102,43.0408],[-2.416,43.046],[-2.4212,43.0475],[-2.4251,43.0462]]],[[[-2.4235,43.1005],[-2.4196,43.1013],[-2.4072,43.1074],[-2.4132,43.1108],[-2.4238,43.1028],[-2.4235,43.1005]]],[[[-2.4017,43.1081],[-2.4054,43.114],[-2.3993,43.1179],[-2.3993,43.1212],[-2.4034,43.1197],[-2.4095,43.1186],[-2.4124,43.1135],[-2.4089,43.1117],[-2.4064,43.1081],[-2.4017,43.1081]]],[[[-2.4207,43.13],[-2.4201,43.1238],[-2.4142,43.1208],[-2.4034,43.1198],[-2.3994,43.1213],[-2.402,43.1238],[-2.4131,43.1258],[-2.4154,43.1287],[-2.4207,43.13]]],[[[-2.4113,43.1522],[-2.4071,43.1566],[-2.4032,43.1584],[-2.4015,43.1614],[-2.4056,43.1624],[-2.4128,43.1587],[-2.4139,43.1556],[-2.4113,43.1522]]],[[[-2.4035,43.1564],[-2.4001,43.1551],[-2.3976,43.158],[-2.4022,43.16],[-2.4035,43.1564]]],[[[-2.4031,43.1666],[-2.4127,43.1714],[-2.4129,43.1703],[-2.413,43.1701],[-2.4135,43.1697],[-2.4143,43.169],[-2.4144,43.168],[-2.4108,43.1653],[-2.4059,43.1644],[-2.4031,43.1666]]],[[[-2.406,43.1692],[-2.4008,43.1676],[-2.4015,43.1714],[-2.406,43.1692]]],[[[-2.4159,43.1678],[-2.4144,43.168],[-2.4143,43.169],[-2.4135,43.1697],[-2.413,43.1701],[-2.4129,43.1703],[-2.413,43.171],[-2.4127,43.1714],[-2.4138,43.1722],[-2.417,43.1766],[-2.4229,43.1745],[-2.4159,43.1678]]],[[[-2.4051,43.1761],[-2.4055,43.1706],[-2.4016,43.1721],[-2.4051,43.1761]]],[[[-2.4178,43.1832],[-2.4202,43.1793],[-2.4148,43.1778],[-2.4112,43.1738],[-2.4063,43.1782],[-2.409,43.1805],[-2.4178,43.1832]]],[[[-2.385,43.199],[-2.3868,43.2002],[-2.3878,43.2012],[-2.3931,43.2032],[-2.3943,43.205],[-2.3981,43.2058],[-2.3977,43.2002],[-2.3918,43.1969],[-2.3866,43.1963],[-2.385,43.199]]],[[[-2.3897,43.2025],[-2.3876,43.2014],[-2.3868,43.2002],[-2.3833,43.198],[-2.3816,43.2001],[-2.3827,43.204],[-2.3863,43.2046],[-2.3912,43.2075],[-2.3968,43.2068],[-2.3897,43.2025]]],[[[-2.4047,43.2073],[-2.4141,43.2113],[-2.4238,43.204],[-2.4092,43.2055],[-2.4047,43.2073]]],[[[-2.3976,43.2247],[-2.4027,43.2249],[-2.4047,43.2188],[-2.4015,43.2166],[-2.3983,43.2179],[-2.3976,43.2247]]],[[[-2.4247,43.2212],[-2.4234,43.2194],[-2.4167,43.218],[-2.4195,43.2225],[-2.4247,43.2212]]],[[[-2.4188,43.2223],[-2.4155,43.2198],[-2.4078,43.2197],[-2.4106,43.2233],[-2.4188,43.2223]]],[[[-2.3961,43.2427],[-2.397,43.2375],[-2.4022,43.235],[-2.4025,43.2328],[-2.3977,43.2315],[-2.3927,43.2342],[-2.392,43.2386],[-2.3961,43.2427]]],[[[-2.4084,43.2375],[-2.4039,43.2352],[-2.3991,43.2389],[-2.4017,43.2421],[-2.4084,43.2375]]],[[[-2.4103,43.3124],[-2.4083,43.3097],[-2.4034,43.3083],[-2.3934,43.3081],[-2.3928,43.3101],[-2.3965,43.3161],[-2.4008,43.3174],[-2.4098,43.3149],[-2.4103,43.3124]]],[[[-2.4123,43.3214],[-2.4131,43.3195],[-2.4099,43.315],[-2.4008,43.3174],[-2.3965,43.3162],[-2.3934,43.3127],[-2.3912,43.3075],[-2.3857,43.3095],[-2.383,43.314],[-2.3952,43.3199],[-2.3998,43.3215],[-2.4094,43.3223],[-2.4123,43.3214]]],[[[-2.3805,42.663],[-2.3828,42.6652],[-2.3895,42.6594],[-2.3862,42.6585],[-2.3805,42.663]]],[[[-2.3565,42.6733],[-2.3604,42.6769],[-2.3676,42.6747],[-2.3565,42.6733]]],[[[-2.3927,42.6847],[-2.3927,42.6877],[-2.3876,42.6902],[-2.3914,42.6932],[-2.3952,42.6902],[-2.3927,42.6847]]],[[[-2.3526,42.7003],[-2.3585,42.7066],[-2.359,42.7099],[-2.3657,42.7114],[-2.3679,42.711],[-2.3715,42.7117],[-2.374,42.7113],[-2.3753,42.7114],[-2.3686,42.7017],[-2.3604,42.6934],[-2.351,42.6894],[-2.3505,42.6947],[-2.3526,42.7003]]],[[[-2.373,42.7125],[-2.374,42.7113],[-2.3715,42.7117],[-2.3679,42.711],[-2.3634,42.7124],[-2.3639,42.7143],[-2.3662,42.7149],[-2.3673,42.7157],[-2.3686,42.7162],[-2.3686,42.7158],[-2.3687,42.7153],[-2.3688,42.7151],[-2.369,42.7151],[-2.3694,42.7149],[-2.3701,42.7134],[-2.371,42.7127],[-2.373,42.7125]]],[[[-2.3684,42.7165],[-2.3655,42.7168],[-2.3619,42.7231],[-2.3669,42.7269],[-2.3689,42.74],[-2.37,42.7421],[-2.3691,42.7456],[-2.3705,42.7457],[-2.3711,42.7447],[-2.3716,42.7447],[-2.3723,42.7451],[-2.3728,42.745],[-2.3736,42.7447],[-2.3743,42.7447],[-2.3773,42.7454],[-2.3781,42.7455],[-2.3816,42.7444],[-2.387,42.7448],[-2.3874,42.744],[-2.3826,42.7433],[-2.3787,42.7444],[-2.3807,42.7411],[-2.3823,42.7362],[-2.3808,42.7253],[-2.3765,42.7195],[-2.3755,42.7118],[-2.3728,42.7125],[-2.371,42.7127],[-2.3701,42.7135],[-2.3694,42.7149],[-2.369,42.7151],[-2.3688,42.7153],[-2.3686,42.7158],[-2.3686,42.7163],[-2.3684,42.7165]]],[[[-2.369,42.7402],[-2.3641,42.7444],[-2.367,42.7447],[-2.3691,42.7456],[-2.369,42.7402]]],[[[-2.3597,42.7495],[-2.3599,42.7443],[-2.3544,42.747],[-2.357,42.7529],[-2.3597,42.7495]]],[[[-2.3561,42.7537],[-2.3544,42.747],[-2.3506,42.7492],[-2.3516,42.7515],[-2.3513,42.7528],[-2.3561,42.7537]]],[[[-2.4064,42.7671],[-2.4081,42.7673],[-2.4098,42.7667],[-2.4102,42.7648],[-2.4052,42.7632],[-2.4035,42.7575],[-2.4007,42.7565],[-2.3963,42.7578],[-2.3958,42.7555],[-2.4006,42.7516],[-2.3965,42.7464],[-2.3897,42.7466],[-2.387,42.7449],[-2.3817,42.7445],[-2.3781,42.7455],[-2.3777,42.7455],[-2.3743,42.7448],[-2.3725,42.7451],[-2.3721,42.7451],[-2.3716,42.7447],[-2.3711,42.7447],[-2.3706,42.7458],[-2.37,42.746],[-2.3693,42.7471],[-2.3671,42.7449],[-2.3615,42.7453],[-2.3598,42.7479],[-2.3632,42.7557],[-2.3612,42.7572],[-2.3597,42.7599],[-2.3577,42.7624],[-2.3576,42.7643],[-2.358,42.7656],[-2.3576,42.7662],[-2.3586,42.7672],[-2.3599,42.77],[-2.3606,42.7707],[-2.3621,42.7732],[-2.3623,42.7738],[-2.3619,42.7743],[-2.3631,42.7797],[-2.3651,42.7809],[-2.3667,42.7824],[-2.3689,42.7816],[-2.3818,42.7789],[-2.3821,42.7765],[-2.3886,42.7775],[-2.3897,42.777],[-2.3898,42.7763],[-2.39,42.7759],[-2.3913,42.7748],[-2.3969,42.7707],[-2.3996,42.7702],[-2.4036,42.7677],[-2.4064,42.7671]]],[[[-2.3842,42.7784],[-2.3828,42.7803],[-2.3849,42.7842],[-2.3888,42.7824],[-2.3896,42.7816],[-2.3898,42.7816],[-2.39,42.7815],[-2.3903,42.7813],[-2.3906,42.7811],[-2.3908,42.781],[-2.3842,42.7784]]],[[[-2.4381,42.7657],[-2.4314,42.7739],[-2.4258,42.7754],[-2.416,42.7767],[-2.4088,42.7752],[-2.4069,42.7763],[-2.4059,42.7763],[-2.4054,42.7761],[-2.4045,42.7767],[-2.4031,42.778],[-2.4019,42.7782],[-2.3998,42.7801],[-2.3973,42.7806],[-2.3968,42.7811],[-2.3962,42.7812],[-2.3956,42.7815],[-2.3953,42.7816],[-2.3952,42.7817],[-2.3948,42.7817],[-2.3947,42.7816],[-2.3946,42.7816],[-2.3943,42.7814],[-2.3935,42.781],[-2.3929,42.7814],[-2.3912,42.7813],[-2.3909,42.7811],[-2.3906,42.7811],[-2.3902,42.7815],[-2.39,42.7816],[-2.3898,42.7816],[-2.3896,42.7817],[-2.3889,42.7824],[-2.388,42.7858],[-2.3937,42.7899],[-2.3878,42.7936],[-2.3837,42.7862],[-2.3842,42.7837],[-2.3813,42.779],[-2.3754,42.7803],[-2.3775,42.783],[-2.3785,42.788],[-2.3693,42.79],[-2.3702,42.7873],[-2.3752,42.7855],[-2.3758,42.7825],[-2.373,42.7808],[-2.368,42.7819],[-2.3527,42.7898],[-2.3503,42.7896],[-2.3402,42.7926],[-2.3356,42.7933],[-2.3334,42.7931],[-2.3315,42.7931],[-2.3308,42.7933],[-2.3304,42.7936],[-2.3296,42.7964],[-2.3287,42.7964],[-2.327,42.7961],[-2.3265,42.7962],[-2.3257,42.7983],[-2.3242,42.7991],[-2.3239,42.8003],[-2.3227,42.8017],[-2.3225,42.803],[-2.3232,42.8048],[-2.325,42.8065],[-2.3275,42.8075],[-2.3276,42.8076],[-2.3317,42.8148],[-2.3322,42.8159],[-2.3352,42.8151],[-2.3364,42.8144],[-2.3462,42.8095],[-2.3477,42.8079],[-2.3544,42.8056],[-2.3602,42.806],[-2.3728,42.8049],[-2.3847,42.8047],[-2.3883,42.8055],[-2.4099,42.8073],[-2.4198,42.8046],[-2.4253,42.8049],[-2.4261,42.7997],[-2.4301,42.7982],[-2.4329,42.7946],[-2.4248,42.789],[-2.4236,42.7861],[-2.4302,42.7787],[-2.4303,42.7759],[-2.4381,42.7657]]],[[[-2.3752,42.8103],[-2.3745,42.8139],[-2.384,42.8178],[-2.3854,42.8162],[-2.3824,42.8125],[-2.3752,42.8103]]],[[[-2.3814,42.8209],[-2.382,42.8174],[-2.3776,42.8171],[-2.3779,42.8216],[-2.3814,42.8209]]],[[[-2.392,42.8147],[-2.3856,42.8145],[-2.3855,42.8215],[-2.3871,42.8255],[-2.391,42.8256],[-2.3959,42.8229],[-2.3962,42.8192],[-2.392,42.8147]]],[[[-2.3687,42.8225],[-2.3666,42.8256],[-2.3703,42.8287],[-2.3751,42.8266],[-2.3738,42.8225],[-2.3687,42.8225]]],[[[-2.3556,42.8215],[-2.364,42.8331],[-2.3703,42.8287],[-2.3627,42.8226],[-2.3556,42.8215]]],[[[-2.366,42.8318],[-2.3744,42.8338],[-2.3703,42.8287],[-2.366,42.8318]]],[[[-2.3717,42.844],[-2.369,42.8421],[-2.368,42.8408],[-2.3673,42.8403],[-2.3662,42.8397],[-2.3664,42.8381],[-2.3661,42.8372],[-2.3641,42.8332],[-2.3607,42.8294],[-2.358,42.8301],[-2.3603,42.8324],[-2.3601,42.8379],[-2.3632,42.8378],[-2.3636,42.8384],[-2.365,42.839],[-2.3665,42.84],[-2.3677,42.8406],[-2.369,42.8422],[-2.3717,42.844]]],[[[-2.371,42.8392],[-2.3738,42.8424],[-2.3778,42.8407],[-2.377,42.8353],[-2.37,42.8351],[-2.371,42.8392]]],[[[-2.3843,42.8573],[-2.386,42.8547],[-2.3835,42.8509],[-2.3802,42.8519],[-2.3843,42.8573]]],[[[-2.3636,42.8615],[-2.3561,42.8627],[-2.3619,42.8661],[-2.3636,42.8615]]],[[[-2.3841,42.8575],[-2.3801,42.8582],[-2.3818,42.8628],[-2.3758,42.8626],[-2.3736,42.8649],[-2.3742,42.871],[-2.3773,42.8722],[-2.384,42.8672],[-2.3865,42.8599],[-2.3841,42.8575]]],[[[-2.3519,42.8656],[-2.3529,42.8625],[-2.3448,42.8634],[-2.3458,42.867],[-2.3435,42.8706],[-2.3477,42.8731],[-2.3528,42.8738],[-2.3586,42.8712],[-2.3577,42.8685],[-2.361,42.8657],[-2.3519,42.8656]]],[[[-2.3685,42.8725],[-2.3747,42.8762],[-2.3762,42.8729],[-2.3742,42.871],[-2.3685,42.8725]]],[[[-2.3824,42.8695],[-2.3787,42.8742],[-2.3802,42.8751],[-2.3834,42.8778],[-2.3849,42.8748],[-2.3824,42.8695]]],[[[-2.3762,42.8754],[-2.3789,42.8791],[-2.3834,42.8778],[-2.3802,42.8751],[-2.3787,42.8747],[-2.3778,42.8758],[-2.3762,42.8754]]],[[[-2.3681,42.874],[-2.3585,42.8721],[-2.3568,42.8755],[-2.3601,42.8772],[-2.3545,42.8811],[-2.3498,42.8794],[-2.338,42.8805],[-2.3377,42.8821],[-2.3446,42.8854],[-2.3484,42.8844],[-2.3557,42.8807],[-2.3589,42.8785],[-2.3643,42.8761],[-2.3729,42.878],[-2.3747,42.8762],[-2.3681,42.874]]],[[[-2.3645,42.8777],[-2.3631,42.8767],[-2.3591,42.8785],[-2.3557,42.8807],[-2.3497,42.8839],[-2.3493,42.8872],[-2.3544,42.8906],[-2.3564,42.8858],[-2.3549,42.8815],[-2.3623,42.8773],[-2.3645,42.8777]]],[[[-2.3897,42.8828],[-2.3848,42.8861],[-2.3862,42.8901],[-2.3887,42.8893],[-2.39,42.8876],[-2.3902,42.8868],[-2.3897,42.8843],[-2.3897,42.8828]]],[[[-2.3567,42.8935],[-2.3597,42.8947],[-2.3593,42.8994],[-2.3604,42.905],[-2.3634,42.9057],[-2.369,42.9022],[-2.3703,42.8987],[-2.3682,42.8928],[-2.3649,42.8913],[-2.3595,42.8918],[-2.3567,42.8935]]],[[[-2.3815,42.9011],[-2.3868,42.9024],[-2.3876,42.8979],[-2.3837,42.8968],[-2.3783,42.8975],[-2.3754,42.9],[-2.3815,42.9011]]],[[[-2.3597,42.9017],[-2.3541,42.9035],[-2.3555,42.9071],[-2.3604,42.9057],[-2.3597,42.9017]]],[[[-2.3827,42.913],[-2.3858,42.9124],[-2.3874,42.9093],[-2.3838,42.9077],[-2.3827,42.913]]],[[[-2.3898,43.0281],[-2.3817,43.0256],[-2.3803,43.0296],[-2.3831,43.0332],[-2.3873,43.0344],[-2.3901,43.0322],[-2.3898,43.0281]]],[[[-2.3729,43.0713],[-2.3751,43.0718],[-2.3775,43.0667],[-2.3798,43.0657],[-2.3758,43.06],[-2.377,43.057],[-2.3736,43.0553],[-2.3734,43.0527],[-2.3689,43.0511],[-2.3753,43.0623],[-2.3754,43.0655],[-2.3706,43.0688],[-2.359,43.0704],[-2.3567,43.0744],[-2.363,43.0743],[-2.3669,43.0721],[-2.3729,43.0713]]],[[[-2.3748,43.0937],[-2.3698,43.0902],[-2.3677,43.0921],[-2.3748,43.0937]]],[[[-2.3802,43.0911],[-2.3793,43.092],[-2.3874,43.1008],[-2.3918,43.1],[-2.3871,43.0945],[-2.3802,43.0911]]],[[[-2.3704,43.0934],[-2.3677,43.097],[-2.3763,43.1025],[-2.3792,43.1029],[-2.3809,43.099],[-2.3704,43.0934]]],[[[-2.3834,43.1013],[-2.377,43.1044],[-2.3847,43.1072],[-2.3909,43.1056],[-2.3892,43.1036],[-2.3834,43.1013]]],[[[-2.3581,43.125],[-2.3503,43.127],[-2.3518,43.1307],[-2.3524,43.1333],[-2.3522,43.1362],[-2.3511,43.1388],[-2.3578,43.141],[-2.364,43.1358],[-2.3645,43.1314],[-2.3617,43.1271],[-2.3581,43.125]]],[[[-2.3837,43.1842],[-2.3887,43.1869],[-2.3925,43.1865],[-2.3994,43.1888],[-2.4008,43.1871],[-2.3911,43.1839],[-2.3859,43.1804],[-2.3812,43.179],[-2.3769,43.1761],[-2.3767,43.1713],[-2.3701,43.1735],[-2.3671,43.1713],[-2.3652,43.1635],[-2.369,43.1596],[-2.3651,43.1535],[-2.368,43.1483],[-2.3609,43.1495],[-2.3582,43.1518],[-2.3608,43.1576],[-2.3576,43.1598],[-2.359,43.1625],[-2.3551,43.1649],[-2.363,43.1706],[-2.3656,43.175],[-2.3642,43.1804],[-2.3731,43.1787],[-2.3763,43.1814],[-2.3837,43.1842]]],[[[-2.3883,43.2462],[-2.3818,43.2456],[-2.3773,43.2469],[-2.3834,43.2511],[-2.3889,43.2493],[-2.3883,43.2462]]],[[[-2.3863,43.2561],[-2.3823,43.2568],[-2.3779,43.2477],[-2.3756,43.2491],[-2.3776,43.255],[-2.3824,43.2575],[-2.3863,43.2561]]],[[[-2.3366,43.2913],[-2.337,43.2939],[-2.3412,43.294],[-2.3398,43.2977],[-2.3462,43.2992],[-2.3513,43.295],[-2.3525,43.2906],[-2.3567,43.2904],[-2.3615,43.2881],[-2.364,43.2911],[-2.367,43.29],[-2.367,43.2822],[-2.3645,43.2802],[-2.3666,43.2774],[-2.3736,43.2784],[-2.3709,43.2713],[-2.3668,43.2746],[-2.3644,43.2721],[-2.365,43.2691],[-2.362,43.2664],[-2.354,43.2639],[-2.3488,43.2598],[-2.3413,43.252],[-2.3376,43.2503],[-2.3347,43.2503],[-2.3337,43.2515],[-2.3325,43.2502],[-2.3283,43.248],[-2.3248,43.2478],[-2.3234,43.2484],[-2.3228,43.2483],[-2.3203,43.2466],[-2.319,43.2487],[-2.3244,43.2547],[-2.3246,43.255],[-2.3247,43.2561],[-2.3252,43.2573],[-2.3252,43.2585],[-2.3265,43.2614],[-2.3299,43.2664],[-2.3368,43.2678],[-2.3354,43.2738],[-2.3324,43.2785],[-2.3355,43.2802],[-2.3375,43.2821],[-2.3395,43.2875],[-2.3384,43.2904],[-2.3368,43.2909],[-2.3366,43.2913]]],[[[-2.3798,43.3061],[-2.3834,43.306],[-2.3867,43.3033],[-2.3854,43.299],[-2.3768,43.2922],[-2.3757,43.2887],[-2.3767,43.2789],[-2.3716,43.2798],[-2.367,43.2777],[-2.3651,43.28],[-2.3684,43.282],[-2.3671,43.2839],[-2.3687,43.2909],[-2.3639,43.2936],[-2.3611,43.2904],[-2.3581,43.2903],[-2.3565,43.299],[-2.3572,43.3034],[-2.363,43.305],[-2.3673,43.3049],[-2.3741,43.3075],[-2.3798,43.3061]]],[[[-2.3791,42.6553],[-2.3768,42.6507],[-2.3819,42.6474],[-2.3743,42.6449],[-2.3719,42.6432],[-2.3764,42.6368],[-2.383,42.6357],[-2.3823,42.6338],[-2.369,42.6354],[-2.367,42.6369],[-2.3447,42.6342],[-2.3359,42.6403],[-2.3358,42.6425],[-2.3318,42.6459],[-2.322,42.6481],[-2.316,42.6511],[-2.3147,42.6529],[-2.3154,42.6532],[-2.3162,42.6535],[-2.3149,42.6536],[-2.3157,42.6543],[-2.3159,42.6554],[-2.3152,42.6564],[-2.3145,42.6568],[-2.3156,42.6605],[-2.323,42.6622],[-2.3283,42.6614],[-2.3302,42.6606],[-2.3309,42.6612],[-2.3311,42.6622],[-2.331,42.6627],[-2.331,42.6629],[-2.3313,42.6631],[-2.3313,42.6633],[-2.3315,42.6635],[-2.3319,42.6641],[-2.3324,42.6649],[-2.3335,42.6657],[-2.3338,42.665],[-2.334,42.6645],[-2.3344,42.6642],[-2.3344,42.664],[-2.3345,42.6639],[-2.3349,42.6639],[-2.3353,42.6639],[-2.336,42.6648],[-2.3373,42.6655],[-2.3394,42.6636],[-2.3398,42.6635],[-2.3402,42.6639],[-2.3413,42.6644],[-2.3443,42.6664],[-2.3481,42.6678],[-2.3612,42.6677],[-2.3677,42.6649],[-2.3693,42.6667],[-2.3787,42.6629],[-2.3827,42.6588],[-2.3791,42.6553]]],[[[-2.3341,42.67],[-2.3353,42.6676],[-2.3358,42.6672],[-2.3359,42.6669],[-2.3361,42.6667],[-2.3361,42.6666],[-2.3361,42.6664],[-2.336,42.6661],[-2.3355,42.6653],[-2.3349,42.6651],[-2.3349,42.6639],[-2.3345,42.664],[-2.3344,42.6642],[-2.3341,42.6645],[-2.3338,42.665],[-2.3335,42.6657],[-2.3324,42.6649],[-2.3319,42.6641],[-2.3315,42.6635],[-2.3312,42.6633],[-2.3313,42.6631],[-2.3311,42.663],[-2.331,42.6628],[-2.3302,42.6606],[-2.3284,42.6615],[-2.323,42.6622],[-2.3143,42.6613],[-2.3141,42.6637],[-2.313,42.6671],[-2.313,42.6687],[-2.317,42.6695],[-2.3199,42.6695],[-2.3212,42.6705],[-2.3265,42.6714],[-2.3304,42.6728],[-2.3319,42.6745],[-2.3355,42.6745],[-2.3351,42.6736],[-2.3343,42.673],[-2.334,42.6726],[-2.3337,42.6721],[-2.3335,42.6718],[-2.3334,42.6713],[-2.3333,42.671],[-2.3335,42.6706],[-2.3341,42.67]]],[[[-2.3361,42.6667],[-2.3343,42.6697],[-2.3334,42.671],[-2.3334,42.6715],[-2.3337,42.6721],[-2.334,42.6726],[-2.3343,42.673],[-2.3351,42.6736],[-2.3413,42.6739],[-2.3409,42.6694],[-2.3465,42.6686],[-2.3443,42.6664],[-2.3413,42.6644],[-2.3402,42.6639],[-2.3398,42.6636],[-2.3389,42.6642],[-2.3388,42.6647],[-2.3373,42.6655],[-2.3355,42.6653],[-2.336,42.666],[-2.3361,42.6664],[-2.3361,42.6666],[-2.3361,42.6667]]],[[[-2.3268,42.6717],[-2.328,42.6786],[-2.3349,42.6768],[-2.3339,42.6748],[-2.3319,42.6745],[-2.3306,42.673],[-2.3268,42.6717]]],[[[-2.3121,42.6687],[-2.3094,42.671],[-2.3117,42.6805],[-2.3149,42.6823],[-2.3269,42.6789],[-2.3262,42.6759],[-2.324,42.6742],[-2.3198,42.6695],[-2.3176,42.6696],[-2.316,42.6695],[-2.3121,42.6687]]],[[[-2.3349,42.6776],[-2.3355,42.68],[-2.3402,42.681],[-2.3461,42.6793],[-2.3452,42.6748],[-2.3349,42.6776]]],[[[-2.3506,42.6983],[-2.3484,42.6894],[-2.3448,42.6899],[-2.3353,42.6889],[-2.3347,42.6934],[-2.3417,42.6969],[-2.3468,42.6976],[-2.3487,42.6981],[-2.3501,42.6987],[-2.3506,42.6983]]],[[[-2.3646,42.7336],[-2.3661,42.729],[-2.3631,42.7266],[-2.3609,42.7212],[-2.3634,42.7183],[-2.3628,42.7123],[-2.3587,42.7099],[-2.3581,42.7063],[-2.3507,42.6989],[-2.35,42.6987],[-2.3489,42.6982],[-2.3469,42.6977],[-2.3417,42.697],[-2.3381,42.6968],[-2.3344,42.6959],[-2.3337,42.6904],[-2.3307,42.6904],[-2.3307,42.6913],[-2.331,42.6915],[-2.3309,42.692],[-2.3313,42.6923],[-2.3312,42.6925],[-2.3315,42.6928],[-2.3316,42.6929],[-2.3316,42.6931],[-2.3315,42.6933],[-2.3321,42.6939],[-2.3338,42.6966],[-2.3364,42.6976],[-2.3373,42.7011],[-2.337,42.7025],[-2.3388,42.7039],[-2.3401,42.7055],[-2.3396,42.7082],[-2.3421,42.7132],[-2.348,42.7188],[-2.3484,42.7231],[-2.3545,42.7246],[-2.3549,42.7248],[-2.3549,42.7253],[-2.3554,42.726],[-2.3556,42.7264],[-2.3556,42.7265],[-2.3555,42.7266],[-2.3552,42.7268],[-2.355,42.7268],[-2.3545,42.7269],[-2.3542,42.7272],[-2.3552,42.7292],[-2.3577,42.7294],[-2.3581,42.7296],[-2.3584,42.7299],[-2.3589,42.7302],[-2.3592,42.7306],[-2.3579,42.7315],[-2.3592,42.7341],[-2.36,42.7364],[-2.3602,42.7378],[-2.36,42.7392],[-2.359,42.7407],[-2.3558,42.7427],[-2.3574,42.7454],[-2.3596,42.7443],[-2.3594,42.7419],[-2.3645,42.7424],[-2.3673,42.7383],[-2.3646,42.7336]]],[[[-2.3597,42.7384],[-2.3602,42.7377],[-2.36,42.7364],[-2.3592,42.7341],[-2.3579,42.7315],[-2.3581,42.7296],[-2.3573,42.7294],[-2.3565,42.7295],[-2.3552,42.7292],[-2.3542,42.7272],[-2.3545,42.7269],[-2.355,42.7268],[-2.3552,42.7268],[-2.3555,42.7266],[-2.3556,42.7265],[-2.3555,42.7263],[-2.3554,42.7261],[-2.3549,42.7253],[-2.3549,42.7248],[-2.3545,42.7246],[-2.3532,42.7252],[-2.352,42.7241],[-2.3484,42.7231],[-2.348,42.7188],[-2.3421,42.7132],[-2.3396,42.7082],[-2.3401,42.7055],[-2.3388,42.7039],[-2.3377,42.7039],[-2.3369,42.7024],[-2.3364,42.6976],[-2.3338,42.6966],[-2.3315,42.6933],[-2.3316,42.6931],[-2.3316,42.693],[-2.3315,42.6928],[-2.3311,42.6925],[-2.3309,42.692],[-2.331,42.6915],[-2.3307,42.6913],[-2.3307,42.6904],[-2.3292,42.6891],[-2.323,42.6874],[-2.3286,42.6795],[-2.3162,42.6832],[-2.3122,42.6878],[-2.3122,42.6941],[-2.3137,42.7016],[-2.3127,42.7085],[-2.3182,42.7189],[-2.3233,42.7191],[-2.324,42.7229],[-2.3187,42.7296],[-2.3171,42.7355],[-2.3098,42.7368],[-2.3041,42.7357],[-2.2897,42.7397],[-2.286,42.7428],[-2.277,42.7435],[-2.2734,42.7422],[-2.2713,42.7456],[-2.2673,42.7479],[-2.2622,42.7479],[-2.2627,42.7505],[-2.2663,42.753],[-2.2709,42.765],[-2.2728,42.7681],[-2.2746,42.7685],[-2.2755,42.7693],[-2.2757,42.77],[-2.2772,42.7692],[-2.2779,42.7692],[-2.2789,42.7694],[-2.2792,42.7696],[-2.2794,42.7696],[-2.2795,42.7696],[-2.28,42.7678],[-2.2815,42.7667],[-2.2816,42.7656],[-2.2827,42.7659],[-2.2828,42.7669],[-2.2841,42.7669],[-2.2846,42.767],[-2.285,42.7673],[-2.2856,42.768],[-2.2846,42.7692],[-2.291,42.7697],[-2.2918,42.7682],[-2.2959,42.7666],[-2.2976,42.7664],[-2.3017,42.764],[-2.3092,42.7648],[-2.3179,42.7604],[-2.3156,42.7591],[-2.3144,42.757],[-2.3144,42.7537],[-2.3156,42.7532],[-2.3172,42.7535],[-2.3179,42.754],[-2.3185,42.7545],[-2.3193,42.7553],[-2.32,42.7555],[-2.324,42.7558],[-2.3253,42.7568],[-2.3302,42.7517],[-2.3356,42.7524],[-2.3424,42.7475],[-2.3502,42.7462],[-2.3589,42.7407],[-2.3597,42.7384]]],[[[-2.3442,42.7567],[-2.349,42.7571],[-2.35,42.7558],[-2.3516,42.7515],[-2.3506,42.7492],[-2.337,42.753],[-2.3373,42.7551],[-2.3392,42.7566],[-2.3394,42.7576],[-2.3442,42.7567]]],[[[-2.3177,42.7539],[-2.3172,42.7535],[-2.3157,42.7533],[-2.3144,42.7537],[-2.3148,42.7559],[-2.3145,42.757],[-2.3156,42.7591],[-2.3198,42.7571],[-2.3216,42.7592],[-2.3253,42.7568],[-2.3198,42.7555],[-2.3193,42.7553],[-2.3177,42.7539]]],[[[-2.3278,42.7612],[-2.3246,42.7595],[-2.324,42.7584],[-2.3199,42.7607],[-2.3224,42.7634],[-2.324,42.7631],[-2.3256,42.7634],[-2.3278,42.7612]]],[[[-2.3005,42.7894],[-2.3042,42.7924],[-2.3109,42.793],[-2.3178,42.7953],[-2.3212,42.7968],[-2.3236,42.7988],[-2.3257,42.7982],[-2.3262,42.7967],[-2.3264,42.7963],[-2.3267,42.7961],[-2.3274,42.796],[-2.3296,42.7961],[-2.3304,42.7936],[-2.331,42.7931],[-2.3317,42.793],[-2.3332,42.793],[-2.3353,42.7932],[-2.3402,42.7925],[-2.3419,42.7916],[-2.3502,42.7895],[-2.3529,42.7896],[-2.3667,42.7825],[-2.3634,42.78],[-2.363,42.7795],[-2.3622,42.7769],[-2.3618,42.7743],[-2.3623,42.7737],[-2.3607,42.7708],[-2.3599,42.7701],[-2.3584,42.767],[-2.3576,42.7662],[-2.358,42.7656],[-2.3575,42.7643],[-2.3576,42.7626],[-2.3582,42.7612],[-2.3597,42.7598],[-2.3616,42.7557],[-2.3532,42.7603],[-2.3511,42.7587],[-2.3458,42.759],[-2.3454,42.7619],[-2.339,42.7629],[-2.3367,42.7604],[-2.3371,42.7577],[-2.3392,42.7566],[-2.3373,42.7551],[-2.336,42.7533],[-2.3253,42.7572],[-2.3246,42.7595],[-2.3306,42.7618],[-2.33,42.7644],[-2.324,42.7631],[-2.3223,42.7637],[-2.3237,42.7645],[-2.3238,42.7651],[-2.3255,42.7661],[-2.3219,42.7689],[-2.3236,42.7722],[-2.3215,42.7725],[-2.3199,42.7691],[-2.3231,42.7646],[-2.3223,42.7637],[-2.3216,42.7626],[-2.3199,42.7607],[-2.318,42.7605],[-2.3132,42.7636],[-2.3031,42.7672],[-2.2999,42.7696],[-2.2951,42.7714],[-2.2952,42.7824],[-2.3005,42.7894]]],[[[-2.3164,42.8393],[-2.3246,42.8459],[-2.3315,42.8469],[-2.3373,42.8493],[-2.3418,42.8561],[-2.3442,42.8504],[-2.3424,42.8473],[-2.347,42.8457],[-2.3504,42.8505],[-2.3577,42.8549],[-2.361,42.853],[-2.3543,42.8453],[-2.3611,42.8476],[-2.3645,42.845],[-2.3621,42.8431],[-2.3661,42.8398],[-2.3636,42.8384],[-2.3632,42.8378],[-2.3579,42.8394],[-2.3592,42.8374],[-2.3603,42.8324],[-2.358,42.8301],[-2.3578,42.8273],[-2.3526,42.8231],[-2.3513,42.8268],[-2.343,42.8233],[-2.3398,42.8206],[-2.3323,42.821],[-2.3334,42.8169],[-2.3321,42.8159],[-2.3316,42.8146],[-2.3282,42.8088],[-2.3274,42.8075],[-2.3249,42.8065],[-2.3236,42.8056],[-2.3231,42.8049],[-2.3224,42.803],[-2.3226,42.8017],[-2.3238,42.8003],[-2.3238,42.7992],[-2.3211,42.7969],[-2.3172,42.7953],[-2.3155,42.7953],[-2.3109,42.7931],[-2.3042,42.7924],[-2.2941,42.7856],[-2.2926,42.783],[-2.2913,42.7822],[-2.2896,42.78],[-2.2884,42.7792],[-2.2874,42.7791],[-2.2848,42.7784],[-2.2808,42.7801],[-2.2773,42.7803],[-2.2812,42.785],[-2.279,42.7882],[-2.2689,42.7946],[-2.2704,42.8022],[-2.2706,42.8087],[-2.2679,42.8132],[-2.2544,42.8195],[-2.2361,42.8342],[-2.2329,42.8433],[-2.2362,42.8514],[-2.2585,42.848],[-2.2632,42.8454],[-2.2675,42.845],[-2.2699,42.8426],[-2.2733,42.8449],[-2.2826,42.8486],[-2.2843,42.8502],[-2.299,42.8515],[-2.306,42.8498],[-2.3104,42.8469],[-2.3082,42.8407],[-2.3043,42.8389],[-2.2994,42.834],[-2.3053,42.8317],[-2.3161,42.8405],[-2.3183,42.8438],[-2.3229,42.8457],[-2.3263,42.8497],[-2.3337,42.8519],[-2.3378,42.8566],[-2.3417,42.8561],[-2.3338,42.8507],[-2.3315,42.8469],[-2.3246,42.8459],[-2.3164,42.8393]]],[[[-2.3271,42.85],[-2.3289,42.8534],[-2.3349,42.857],[-2.3337,42.8519],[-2.3271,42.85]]],[[[-2.3123,42.8584],[-2.3108,42.8614],[-2.3143,42.865],[-2.3179,42.8647],[-2.3215,42.8618],[-2.3123,42.8584]]],[[[-2.3037,42.8645],[-2.311,42.8656],[-2.3111,42.8625],[-2.3071,42.8598],[-2.3037,42.8645]]],[[[-2.3108,42.8709],[-2.3034,42.8693],[-2.3026,42.8715],[-2.3108,42.8709]]],[[[-2.3065,42.8738],[-2.3079,42.872],[-2.2951,42.8709],[-2.292,42.8731],[-2.3021,42.8744],[-2.3065,42.8738]]],[[[-2.3234,42.8727],[-2.3296,42.879],[-2.3342,42.8752],[-2.3284,42.8729],[-2.3234,42.8727]]],[[[-2.3157,42.8864],[-2.3201,42.8898],[-2.3152,42.8918],[-2.316,42.895],[-2.3183,42.8945],[-2.3196,42.8951],[-2.3217,42.8951],[-2.3222,42.8954],[-2.3256,42.8935],[-2.3275,42.8886],[-2.3231,42.8851],[-2.3236,42.8802],[-2.3192,42.8775],[-2.3151,42.8838],[-2.3157,42.8864]]],[[[-2.3396,42.8911],[-2.3423,42.8928],[-2.3451,42.8893],[-2.3414,42.8843],[-2.3356,42.8815],[-2.334,42.8869],[-2.3396,42.8911]]],[[[-2.3304,43.0365],[-2.3355,43.0386],[-2.3393,43.0336],[-2.3391,43.0305],[-2.3338,43.0259],[-2.3346,43.0213],[-2.3328,43.0125],[-2.33,43.0087],[-2.327,43.0113],[-2.329,43.0166],[-2.3294,43.0215],[-2.3322,43.0245],[-2.3312,43.03],[-2.3335,43.0321],[-2.3304,43.0365]]],[[[-2.3473,43.027],[-2.3406,43.0297],[-2.3408,43.0345],[-2.3465,43.032],[-2.3473,43.027]]],[[[-2.307,43.0341],[-2.3143,43.0339],[-2.3171,43.0313],[-2.3109,43.0286],[-2.3056,43.0301],[-2.307,43.0341]]],[[[-2.3172,43.0362],[-2.3121,43.0346],[-2.3059,43.0343],[-2.3038,43.0391],[-2.3063,43.0435],[-2.3126,43.0442],[-2.3158,43.0422],[-2.3204,43.0446],[-2.3262,43.041],[-2.3167,43.0407],[-2.3172,43.0362]]],[[[-2.3477,43.0347],[-2.3419,43.0346],[-2.3372,43.0373],[-2.3388,43.0439],[-2.3364,43.0492],[-2.344,43.0496],[-2.3449,43.0432],[-2.343,43.0394],[-2.3477,43.0347]]],[[[-2.3257,43.0483],[-2.3304,43.0483],[-2.3351,43.0457],[-2.3361,43.0431],[-2.3348,43.0387],[-2.3297,43.038],[-2.3311,43.0435],[-2.3257,43.0483]]],[[[-2.3354,43.0392],[-2.3363,43.0437],[-2.3352,43.0457],[-2.3306,43.0483],[-2.3252,43.0488],[-2.3232,43.0519],[-2.324,43.057],[-2.3288,43.0607],[-2.3321,43.0603],[-2.3289,43.054],[-2.3298,43.0517],[-2.3363,43.0455],[-2.3365,43.0431],[-2.3354,43.0392]]],[[[-2.3441,43.0501],[-2.3364,43.0505],[-2.3401,43.0545],[-2.3398,43.0568],[-2.3437,43.0586],[-2.3358,43.0656],[-2.3397,43.0659],[-2.3477,43.0624],[-2.3495,43.0571],[-2.346,43.0543],[-2.3441,43.0501]]],[[[-2.3274,43.0751],[-2.3213,43.0761],[-2.3244,43.0787],[-2.3274,43.0751]]],[[[-2.309,43.0771],[-2.3094,43.0822],[-2.3154,43.0819],[-2.3151,43.0782],[-2.3125,43.0749],[-2.309,43.0771]]],[[[-2.3321,43.0818],[-2.3272,43.0792],[-2.3276,43.0838],[-2.3219,43.0878],[-2.3264,43.0896],[-2.3311,43.0875],[-2.3282,43.0837],[-2.3321,43.0818]]],[[[-2.3326,43.0919],[-2.3289,43.0889],[-2.3219,43.0929],[-2.3283,43.0939],[-2.3326,43.0919]]],[[[-2.3158,43.0981],[-2.3119,43.0947],[-2.3118,43.0913],[-2.3034,43.0836],[-2.3006,43.0864],[-2.3013,43.0922],[-2.3058,43.095],[-2.3098,43.1026],[-2.3149,43.1003],[-2.3158,43.0981]]],[[[-2.333,43.0928],[-2.3284,43.0939],[-2.3162,43.093],[-2.3184,43.0974],[-2.318,43.1049],[-2.3228,43.1008],[-2.3232,43.0966],[-2.333,43.0928]]],[[[-2.315,43.1004],[-2.3111,43.1037],[-2.3156,43.105],[-2.315,43.1004]]],[[[-2.3414,43.1143],[-2.3414,43.1198],[-2.3474,43.1247],[-2.3431,43.127],[-2.343,43.13],[-2.3508,43.1287],[-2.3499,43.1259],[-2.3419,43.1199],[-2.3414,43.1143]]],[[[-2.3203,43.1294],[-2.3093,43.1288],[-2.2966,43.1204],[-2.2887,43.1105],[-2.2878,43.1153],[-2.2921,43.1162],[-2.2964,43.1223],[-2.3022,43.127],[-2.3048,43.1325],[-2.3035,43.1397],[-2.3066,43.1404],[-2.3073,43.1357],[-2.3168,43.1322],[-2.3215,43.132],[-2.3312,43.1294],[-2.326,43.1269],[-2.3221,43.1228],[-2.3185,43.1241],[-2.3203,43.1294]]],[[[-2.3499,43.1292],[-2.3403,43.131],[-2.3414,43.137],[-2.3475,43.1412],[-2.3501,43.1402],[-2.352,43.1361],[-2.3516,43.1306],[-2.3499,43.1292]]],[[[-2.3313,43.162],[-2.323,43.163],[-2.3205,43.1646],[-2.3237,43.1681],[-2.3172,43.1695],[-2.3094,43.1678],[-2.3113,43.1718],[-2.3152,43.1749],[-2.318,43.1743],[-2.3203,43.1702],[-2.3309,43.1641],[-2.3313,43.162]]],[[[-2.333,43.1686],[-2.3299,43.1659],[-2.326,43.1702],[-2.3314,43.1709],[-2.333,43.1686]]],[[[-2.3243,43.183],[-2.3242,43.1799],[-2.3266,43.1763],[-2.3196,43.1765],[-2.3182,43.1796],[-2.3243,43.183]]],[[[-2.305,43.185],[-2.3045,43.1803],[-2.3005,43.1754],[-2.296,43.175],[-2.2956,43.1792],[-2.2994,43.1837],[-2.305,43.185]]],[[[-2.3227,43.1831],[-2.3171,43.1806],[-2.3139,43.1816],[-2.3045,43.1803],[-2.3057,43.1848],[-2.3125,43.1864],[-2.3176,43.1856],[-2.3227,43.1831]]],[[[-2.3425,43.2197],[-2.3413,43.2232],[-2.346,43.2248],[-2.347,43.2214],[-2.3425,43.2197]]],[[[-2.3234,43.2422],[-2.3266,43.2475],[-2.3284,43.2479],[-2.3331,43.2505],[-2.3362,43.2499],[-2.3377,43.2502],[-2.3414,43.252],[-2.3489,43.2598],[-2.3541,43.2639],[-2.362,43.2664],[-2.3651,43.2691],[-2.3654,43.2712],[-2.3678,43.2725],[-2.3712,43.2679],[-2.368,43.267],[-2.3632,43.263],[-2.3575,43.2552],[-2.3516,43.2506],[-2.3475,43.2407],[-2.3446,43.2377],[-2.3364,43.2352],[-2.3322,43.2301],[-2.3214,43.2228],[-2.3108,43.218],[-2.3104,43.2218],[-2.3162,43.2238],[-2.3243,43.2357],[-2.3234,43.2422]]],[[[-2.3099,43.2749],[-2.3123,43.2789],[-2.3177,43.2809],[-2.3234,43.278],[-2.3244,43.2768],[-2.3247,43.2751],[-2.326,43.2747],[-2.3263,43.2761],[-2.328,43.2757],[-2.3278,43.2688],[-2.3304,43.2677],[-2.3261,43.2609],[-2.3252,43.2587],[-2.3251,43.2573],[-2.3247,43.2565],[-2.3245,43.255],[-2.3226,43.2539],[-2.3193,43.2501],[-2.3161,43.2449],[-2.3142,43.2451],[-2.3138,43.2451],[-2.313,43.2448],[-2.3127,43.2445],[-2.3126,43.2441],[-2.3118,43.2433],[-2.3113,43.2421],[-2.3077,43.2405],[-2.3034,43.2434],[-2.2953,43.2438],[-2.2946,43.2521],[-2.2964,43.2586],[-2.2932,43.261],[-2.2946,43.2633],[-2.3064,43.2706],[-2.3088,43.2727],[-2.3099,43.2749]]],[[[-2.3252,43.2751],[-2.3256,43.278],[-2.3181,43.2821],[-2.326,43.2844],[-2.3286,43.279],[-2.3252,43.2751]]],[[[-2.3371,43.2992],[-2.341,43.2941],[-2.3369,43.2942],[-2.3366,43.2925],[-2.3365,43.2912],[-2.3368,43.2908],[-2.3394,43.2875],[-2.3373,43.2828],[-2.3355,43.2802],[-2.3326,43.2788],[-2.3283,43.281],[-2.3305,43.2848],[-2.327,43.2854],[-2.3179,43.2822],[-2.3066,43.2888],[-2.3072,43.2969],[-2.316,43.2976],[-2.3237,43.2965],[-2.3353,43.3008],[-2.3371,43.2992]]],[[[-2.3048,42.6667],[-2.3064,42.6696],[-2.3113,42.6691],[-2.3141,42.6637],[-2.3138,42.6602],[-2.3097,42.6573],[-2.3132,42.6568],[-2.315,42.6565],[-2.3158,42.6553],[-2.3157,42.6543],[-2.3148,42.6536],[-2.3157,42.6535],[-2.315,42.653],[-2.3058,42.6526],[-2.2939,42.6511],[-2.289,42.6548],[-2.2891,42.6647],[-2.2939,42.6697],[-2.2951,42.6761],[-2.3008,42.6772],[-2.3069,42.6747],[-2.3076,42.6719],[-2.3045,42.6705],[-2.3048,42.6667]]],[[[-2.295,42.767],[-2.2918,42.7682],[-2.2916,42.7732],[-2.2965,42.7704],[-2.2992,42.7697],[-2.295,42.767]]],[[[-2.2849,42.7784],[-2.2875,42.779],[-2.2884,42.7792],[-2.289,42.7795],[-2.2896,42.78],[-2.2911,42.7819],[-2.2925,42.7829],[-2.293,42.7834],[-2.2951,42.7824],[-2.2919,42.7808],[-2.2914,42.7762],[-2.2889,42.7696],[-2.2862,42.7697],[-2.2846,42.7692],[-2.2856,42.768],[-2.285,42.7673],[-2.2841,42.7669],[-2.2828,42.7669],[-2.2827,42.7659],[-2.2801,42.7678],[-2.28,42.7688],[-2.2797,42.7694],[-2.2795,42.7696],[-2.2794,42.7696],[-2.2792,42.7696],[-2.2788,42.7695],[-2.2779,42.7692],[-2.2772,42.7692],[-2.2767,42.77],[-2.2757,42.77],[-2.2755,42.7693],[-2.2744,42.77],[-2.2759,42.7786],[-2.2808,42.7801],[-2.2849,42.7784]]],[[[-2.2771,42.8555],[-2.2727,42.8565],[-2.2685,42.8539],[-2.2641,42.8538],[-2.2675,42.8586],[-2.2687,42.8636],[-2.2842,42.8634],[-2.2825,42.8574],[-2.2771,42.8555]]],[[[-2.2951,42.8628],[-2.2997,42.8597],[-2.2946,42.8582],[-2.2898,42.8595],[-2.287,42.8632],[-2.2951,42.8628]]],[[[-2.303,42.8647],[-2.3007,42.8608],[-2.2963,42.8633],[-2.2993,42.8659],[-2.303,42.8647]]],[[[-2.284,42.8639],[-2.2733,42.8637],[-2.273,42.8656],[-2.282,42.8659],[-2.284,42.8639]]],[[[-2.2932,42.8687],[-2.2931,42.8665],[-2.2848,42.8662],[-2.286,42.8685],[-2.2932,42.8687]]],[[[-2.2967,42.8705],[-2.2932,42.8688],[-2.286,42.8686],[-2.2906,42.8728],[-2.2941,42.871],[-2.2967,42.8705]]],[[[-2.2937,42.9567],[-2.2953,42.9618],[-2.2943,42.9666],[-2.2843,42.9694],[-2.2821,42.9711],[-2.2822,42.9716],[-2.2862,42.9725],[-2.2895,42.9739],[-2.2922,42.9714],[-2.2956,42.9704],[-2.2966,42.968],[-2.2974,42.9676],[-2.2966,42.9656],[-2.2973,42.9616],[-2.2937,42.9567]]],[[[-2.2976,42.9674],[-2.2984,42.9642],[-2.2967,42.9656],[-2.2974,42.9676],[-2.2967,42.9681],[-2.2956,42.9705],[-2.2939,42.9725],[-2.2937,42.9779],[-2.2891,42.9796],[-2.2891,42.9842],[-2.2941,42.9848],[-2.2996,42.9776],[-2.3009,42.9713],[-2.2976,42.9674]]],[[[-2.282,42.9712],[-2.2817,42.9808],[-2.2791,42.9822],[-2.2774,42.9864],[-2.2859,42.9842],[-2.2896,42.9765],[-2.2885,42.9742],[-2.2862,42.9725],[-2.2822,42.9716],[-2.282,42.9712]]],[[[-2.2914,42.9846],[-2.2889,42.9843],[-2.2793,42.9882],[-2.2844,42.9896],[-2.2913,42.9883],[-2.2914,42.9846]]],[[[-2.277,43.0073],[-2.2805,43.006],[-2.2828,43.0018],[-2.2687,43.0061],[-2.2674,43.0095],[-2.2718,43.01],[-2.2734,43.0119],[-2.2772,43.0139],[-2.2808,43.0133],[-2.277,43.0073]]],[[[-2.2737,43.0141],[-2.2736,43.0157],[-2.2728,43.0174],[-2.2722,43.0178],[-2.2709,43.018],[-2.2716,43.0187],[-2.2736,43.019],[-2.2764,43.0188],[-2.2769,43.0182],[-2.2788,43.0164],[-2.2799,43.0137],[-2.2771,43.0139],[-2.2746,43.0128],[-2.2738,43.014],[-2.2737,43.0141]]],[[[-2.2808,43.0139],[-2.2788,43.0164],[-2.2769,43.0182],[-2.2764,43.0188],[-2.2757,43.019],[-2.2743,43.02],[-2.2734,43.0232],[-2.276,43.025],[-2.2789,43.03],[-2.2842,43.0251],[-2.2846,43.0207],[-2.2806,43.0155],[-2.2808,43.0139]]],[[[-2.27,43.0232],[-2.2702,43.0233],[-2.2702,43.0236],[-2.2698,43.0244],[-2.2702,43.0248],[-2.2703,43.025],[-2.2702,43.0251],[-2.2698,43.0252],[-2.2695,43.0252],[-2.2694,43.025],[-2.2692,43.025],[-2.2692,43.0253],[-2.2687,43.0259],[-2.2687,43.0261],[-2.2689,43.0266],[-2.27,43.0267],[-2.2698,43.0275],[-2.2696,43.0277],[-2.2691,43.0277],[-2.2711,43.0312],[-2.2787,43.0301],[-2.2764,43.026],[-2.272,43.0229],[-2.2709,43.0233],[-2.2705,43.0234],[-2.27,43.0232]]],[[[-2.291,43.0307],[-2.2955,43.0317],[-2.297,43.0296],[-2.2951,43.0262],[-2.2907,43.0282],[-2.291,43.0307]]],[[[-2.2876,43.0469],[-2.2841,43.0446],[-2.279,43.0436],[-2.2738,43.0454],[-2.2708,43.049],[-2.2711,43.0525],[-2.2753,43.0541],[-2.2788,43.0529],[-2.2772,43.0498],[-2.2823,43.0494],[-2.2829,43.0524],[-2.2885,43.05],[-2.2876,43.0469]]],[[[-2.2883,43.0505],[-2.2839,43.0526],[-2.2789,43.0528],[-2.2796,43.0564],[-2.2864,43.0543],[-2.2883,43.0505]]],[[[-2.2762,43.0619],[-2.2818,43.0655],[-2.2833,43.0632],[-2.2816,43.0598],[-2.2763,43.0577],[-2.2709,43.0589],[-2.2762,43.0619]]],[[[-2.2801,43.0652],[-2.2876,43.0699],[-2.2896,43.0678],[-2.2801,43.0652]]],[[[-2.2808,43.073],[-2.2812,43.0687],[-2.2729,43.0646],[-2.2737,43.0707],[-2.2808,43.073]]],[[[-2.2735,43.0749],[-2.2701,43.0768],[-2.2684,43.08],[-2.2704,43.0848],[-2.2755,43.0865],[-2.2812,43.0848],[-2.2828,43.0818],[-2.282,43.0768],[-2.2782,43.0744],[-2.2735,43.0749]]],[[[-2.2633,43.172],[-2.2643,43.1761],[-2.2752,43.1731],[-2.2709,43.1717],[-2.2633,43.172]]],[[[-2.2759,43.186],[-2.2808,43.1826],[-2.2814,43.1804],[-2.2896,43.1781],[-2.2901,43.1744],[-2.284,43.1756],[-2.2784,43.1784],[-2.2699,43.1841],[-2.2667,43.1847],[-2.2633,43.188],[-2.26,43.1886],[-2.2596,43.1928],[-2.2687,43.1916],[-2.2759,43.186]]],[[[-2.268,43.2158],[-2.2571,43.2174],[-2.2572,43.2206],[-2.2618,43.2215],[-2.2664,43.2189],[-2.268,43.2158]]],[[[-2.3107,43.218],[-2.3127,43.2142],[-2.3198,43.2117],[-2.3216,43.2088],[-2.3312,43.2086],[-2.3306,43.2042],[-2.3242,43.203],[-2.323,43.1998],[-2.3187,43.1991],[-2.3052,43.1904],[-2.2937,43.1912],[-2.29,43.1933],[-2.2803,43.1927],[-2.2753,43.1914],[-2.2699,43.192],[-2.262,43.1962],[-2.2694,43.2032],[-2.2685,43.206],[-2.274,43.206],[-2.2757,43.2136],[-2.2813,43.2184],[-2.2799,43.2192],[-2.2773,43.2216],[-2.2709,43.2254],[-2.2699,43.2263],[-2.2683,43.2265],[-2.2661,43.2258],[-2.2652,43.2241],[-2.2627,43.223],[-2.2587,43.2248],[-2.2595,43.2272],[-2.2586,43.2283],[-2.2545,43.2309],[-2.259,43.2323],[-2.2608,43.2375],[-2.265,43.236],[-2.2639,43.2333],[-2.2688,43.2297],[-2.2702,43.2262],[-2.2776,43.2218],[-2.2806,43.2189],[-2.2864,43.2222],[-2.2883,43.2229],[-2.2835,43.2281],[-2.2743,43.2359],[-2.2726,43.2396],[-2.2744,43.2427],[-2.2823,43.2418],[-2.288,43.2441],[-2.3032,43.2434],[-2.3077,43.2405],[-2.3115,43.2421],[-2.3118,43.2433],[-2.3127,43.2441],[-2.3129,43.2446],[-2.3138,43.245],[-2.3142,43.245],[-2.3162,43.2448],[-2.318,43.2467],[-2.3203,43.2465],[-2.3233,43.2484],[-2.3247,43.2478],[-2.3236,43.2451],[-2.3232,43.2394],[-2.3242,43.2357],[-2.3162,43.2239],[-2.3103,43.2218],[-2.3107,43.218]]],[[[-2.2593,43.221],[-2.2652,43.2241],[-2.2661,43.2258],[-2.2683,43.2265],[-2.2702,43.226],[-2.2698,43.2232],[-2.267,43.2189],[-2.2618,43.2215],[-2.2593,43.221]]],[[[-2.2772,43.2612],[-2.277,43.2583],[-2.2801,43.2532],[-2.2768,43.2483],[-2.2698,43.2483],[-2.266,43.2513],[-2.2617,43.249],[-2.2606,43.2475],[-2.2605,43.247],[-2.2619,43.2466],[-2.2645,43.2452],[-2.2671,43.2394],[-2.2656,43.2366],[-2.2614,43.238],[-2.2625,43.2409],[-2.2594,43.2433],[-2.2605,43.2459],[-2.2605,43.2471],[-2.2607,43.2475],[-2.2617,43.2491],[-2.262,43.2542],[-2.2671,43.2547],[-2.2716,43.2597],[-2.2768,43.2584],[-2.2772,43.2612]]],[[[-2.2962,43.2647],[-2.2927,43.2616],[-2.2862,43.27],[-2.2802,43.2752],[-2.2802,43.2768],[-2.2828,43.2774],[-2.286,43.2791],[-2.292,43.28],[-2.2922,43.2802],[-2.2932,43.2818],[-2.2941,43.2819],[-2.2946,43.2814],[-2.2967,43.2807],[-2.2996,43.279],[-2.3117,43.2829],[-2.3101,43.2804],[-2.3119,43.2789],[-2.3092,43.2738],[-2.3069,43.2711],[-2.2962,43.2647]]],[[[-2.3129,43.2797],[-2.3118,43.2829],[-2.3094,43.2836],[-2.3073,43.2815],[-2.2995,43.2791],[-2.2968,43.2808],[-2.2946,43.2815],[-2.2941,43.2819],[-2.2934,43.282],[-2.2931,43.2818],[-2.2921,43.2802],[-2.286,43.2792],[-2.2828,43.2775],[-2.2744,43.2754],[-2.268,43.2805],[-2.2659,43.2853],[-2.2599,43.285],[-2.2593,43.2905],[-2.2621,43.2992],[-2.2677,43.3004],[-2.2712,43.2981],[-2.2799,43.2956],[-2.2866,43.2945],[-2.2952,43.2951],[-2.3067,43.2979],[-2.3066,43.2888],[-2.3135,43.2846],[-2.3129,43.2797]]],[[[-2.2659,42.8585],[-2.2623,42.8545],[-2.2589,42.8593],[-2.2624,42.8638],[-2.2669,42.8617],[-2.2659,42.8585]]],[[[-2.2635,42.9472],[-2.26,42.9443],[-2.2623,42.9414],[-2.2524,42.9364],[-2.2436,42.9346],[-2.2413,42.9331],[-2.2401,42.9329],[-2.2377,42.9319],[-2.2363,42.9311],[-2.235,42.9312],[-2.2341,42.931],[-2.233,42.9321],[-2.2376,42.9362],[-2.2431,42.9347],[-2.2522,42.9401],[-2.2551,42.9441],[-2.2553,42.9502],[-2.2616,42.9549],[-2.2769,42.9597],[-2.2809,42.9573],[-2.2729,42.9523],[-2.2688,42.9525],[-2.2635,42.9472]]],[[[-2.2527,42.9813],[-2.2537,42.9775],[-2.258,42.9736],[-2.2628,42.9723],[-2.2583,42.9682],[-2.2492,42.9763],[-2.2524,42.9772],[-2.2527,42.9813]]],[[[-2.2514,43.0059],[-2.2616,43.0052],[-2.259,43.0009],[-2.2542,42.9994],[-2.2477,43.0012],[-2.2453,43.0049],[-2.2446,43.0118],[-2.2467,43.0145],[-2.2514,43.012],[-2.2514,43.0059]]],[[[-2.2362,43.0048],[-2.2369,43.0073],[-2.2354,43.018],[-2.2407,43.0206],[-2.2453,43.0189],[-2.2412,43.013],[-2.2422,43.0068],[-2.2414,43.0042],[-2.2362,43.0048]]],[[[-2.2231,43.0241],[-2.2308,43.021],[-2.2323,43.018],[-2.231,43.0132],[-2.2349,43.0039],[-2.2344,43.0011],[-2.229,43.0029],[-2.2248,43.0089],[-2.2258,43.0176],[-2.2231,43.0241]]],[[[-2.2628,43.0062],[-2.2555,43.0091],[-2.2515,43.0162],[-2.2551,43.0168],[-2.2603,43.0102],[-2.2659,43.0109],[-2.2661,43.0146],[-2.2605,43.0205],[-2.2658,43.02],[-2.2718,43.0215],[-2.2717,43.0188],[-2.2708,43.0185],[-2.2708,43.018],[-2.2726,43.0175],[-2.2735,43.0156],[-2.2735,43.0142],[-2.2706,43.0101],[-2.2619,43.0102],[-2.2628,43.0062]]],[[[-2.2506,43.015],[-2.2487,43.017],[-2.2423,43.0207],[-2.2477,43.0214],[-2.2506,43.015]]],[[[-2.2501,43.0387],[-2.2532,43.0387],[-2.2587,43.0418],[-2.261,43.0381],[-2.2655,43.036],[-2.2645,43.0332],[-2.2659,43.0278],[-2.2696,43.0277],[-2.2699,43.0268],[-2.2689,43.0267],[-2.2686,43.026],[-2.2687,43.0258],[-2.2691,43.0254],[-2.2692,43.0249],[-2.2694,43.0249],[-2.2697,43.0252],[-2.2701,43.0251],[-2.2702,43.0249],[-2.2698,43.0245],[-2.2698,43.0243],[-2.2702,43.0234],[-2.2698,43.0231],[-2.2699,43.023],[-2.2705,43.0233],[-2.271,43.0232],[-2.2707,43.022],[-2.2668,43.0204],[-2.2604,43.021],[-2.2624,43.0274],[-2.2653,43.0295],[-2.2634,43.0319],[-2.2645,43.0352],[-2.2606,43.0371],[-2.2503,43.037],[-2.2501,43.0387]]],[[[-2.2656,43.0493],[-2.266,43.0442],[-2.2641,43.04],[-2.257,43.0441],[-2.2656,43.0493]]],[[[-2.2368,43.0466],[-2.2313,43.05],[-2.2351,43.0536],[-2.2381,43.0498],[-2.2368,43.0466]]],[[[-2.2451,43.0606],[-2.2425,43.0555],[-2.2374,43.0545],[-2.2415,43.0623],[-2.2451,43.0606]]],[[[-2.2374,43.0657],[-2.2382,43.0619],[-2.2367,43.0567],[-2.232,43.0566],[-2.2321,43.0626],[-2.2374,43.0657]]],[[[-2.2643,43.0701],[-2.2597,43.0672],[-2.2552,43.0677],[-2.2512,43.0717],[-2.2484,43.0708],[-2.2496,43.061],[-2.2467,43.0585],[-2.2477,43.0548],[-2.2506,43.054],[-2.2531,43.0498],[-2.2564,43.0567],[-2.2606,43.0558],[-2.2579,43.0482],[-2.2507,43.0433],[-2.248,43.0428],[-2.2437,43.0459],[-2.2517,43.0492],[-2.251,43.0528],[-2.2473,43.0543],[-2.2457,43.0576],[-2.249,43.0614],[-2.2467,43.0672],[-2.2479,43.0712],[-2.251,43.0723],[-2.2522,43.0774],[-2.2595,43.0779],[-2.2645,43.0744],[-2.2643,43.0701]]],[[[-2.2291,43.0824],[-2.2326,43.0808],[-2.2345,43.0767],[-2.23,43.0729],[-2.2251,43.0757],[-2.2248,43.0784],[-2.2258,43.0777],[-2.2268,43.0781],[-2.2251,43.0788],[-2.2243,43.0796],[-2.2229,43.0805],[-2.2257,43.0819],[-2.2291,43.0824]]],[[[-2.2445,43.0865],[-2.2444,43.0821],[-2.2414,43.078],[-2.2342,43.0794],[-2.2351,43.0859],[-2.2391,43.0827],[-2.2445,43.0865]]],[[[-2.2294,43.107],[-2.2308,43.1126],[-2.2371,43.1114],[-2.2414,43.1076],[-2.2419,43.1032],[-2.2341,43.101],[-2.2294,43.107]]],[[[-2.2397,43.1096],[-2.2373,43.1116],[-2.2317,43.1136],[-2.2354,43.116],[-2.2421,43.1172],[-2.2475,43.1161],[-2.2532,43.1111],[-2.2533,43.1056],[-2.2507,43.1022],[-2.2447,43.0995],[-2.2425,43.1017],[-2.2418,43.1085],[-2.2397,43.1096]]],[[[-2.2329,43.1346],[-2.2301,43.1307],[-2.227,43.1334],[-2.2262,43.1369],[-2.2323,43.1369],[-2.2329,43.1346]]],[[[-2.239,43.1331],[-2.2338,43.1344],[-2.2342,43.1379],[-2.2401,43.1359],[-2.239,43.1331]]],[[[-2.2361,43.141],[-2.2323,43.137],[-2.2268,43.1389],[-2.2305,43.1426],[-2.234,43.1437],[-2.2361,43.141]]],[[[-2.251,43.1539],[-2.2508,43.1539],[-2.2498,43.1531],[-2.2489,43.1525],[-2.2431,43.1512],[-2.2399,43.1519],[-2.2447,43.1566],[-2.2467,43.1567],[-2.2471,43.1565],[-2.2481,43.1561],[-2.2492,43.1545],[-2.2502,43.1544],[-2.251,43.1539]]],[[[-2.2424,43.1561],[-2.2381,43.1532],[-2.2374,43.1593],[-2.2441,43.1587],[-2.2424,43.1561]]],[[[-2.2539,43.1521],[-2.2528,43.152],[-2.2516,43.1524],[-2.251,43.1526],[-2.2507,43.1529],[-2.2507,43.1531],[-2.2511,43.1536],[-2.2511,43.1538],[-2.251,43.154],[-2.2502,43.1544],[-2.249,43.1548],[-2.248,43.1562],[-2.247,43.1565],[-2.2457,43.1582],[-2.2466,43.1635],[-2.2519,43.1604],[-2.2521,43.1566],[-2.2509,43.1541],[-2.2512,43.1538],[-2.2512,43.1536],[-2.2509,43.1532],[-2.2508,43.1529],[-2.2511,43.1526],[-2.2539,43.1521]]],[[[-2.2559,43.1818],[-2.2527,43.1838],[-2.2529,43.1882],[-2.2554,43.191],[-2.26,43.1876],[-2.26,43.1817],[-2.2559,43.1818]]],[[[-2.2513,43.2129],[-2.2495,43.2141],[-2.2521,43.2185],[-2.2548,43.2129],[-2.2513,43.2129]]],[[[-2.2323,43.236],[-2.2324,43.2329],[-2.2292,43.2296],[-2.2212,43.2295],[-2.2191,43.2309],[-2.22,43.2314],[-2.2217,43.2327],[-2.2234,43.2331],[-2.2244,43.233],[-2.2247,43.2335],[-2.2261,43.2335],[-2.2262,43.2349],[-2.2269,43.2355],[-2.2282,43.2374],[-2.2301,43.2386],[-2.2323,43.236]]],[[[-2.2599,43.247],[-2.2588,43.2425],[-2.2541,43.2383],[-2.2568,43.2329],[-2.2535,43.2313],[-2.2531,43.2291],[-2.2582,43.2279],[-2.2588,43.2268],[-2.2558,43.2198],[-2.2494,43.2189],[-2.2459,43.2233],[-2.2469,43.2295],[-2.2506,43.2327],[-2.2481,43.2383],[-2.2537,43.2459],[-2.2599,43.2473],[-2.2539,43.2517],[-2.2561,43.2559],[-2.2594,43.2542],[-2.2609,43.2497],[-2.2599,43.247]]],[[[-2.2567,43.2682],[-2.2602,43.265],[-2.2622,43.2635],[-2.2624,43.263],[-2.2618,43.2627],[-2.2651,43.26],[-2.2674,43.2552],[-2.2633,43.2553],[-2.2606,43.2582],[-2.2555,43.2557],[-2.2511,43.2523],[-2.2466,43.2542],[-2.2393,43.2543],[-2.2395,43.2583],[-2.245,43.2573],[-2.248,43.2603],[-2.2475,43.2632],[-2.2515,43.2674],[-2.2518,43.2703],[-2.247,43.2699],[-2.2417,43.2738],[-2.2292,43.2763],[-2.228,43.2785],[-2.2318,43.2817],[-2.2381,43.2812],[-2.242,43.2787],[-2.2456,43.2778],[-2.2517,43.2778],[-2.2539,43.2771],[-2.2555,43.2742],[-2.2576,43.2723],[-2.2648,43.2712],[-2.2665,43.2658],[-2.2625,43.263],[-2.2624,43.2633],[-2.2621,43.2636],[-2.2602,43.265],[-2.2591,43.2662],[-2.2587,43.2678],[-2.2567,43.2682]]],[[[-2.2657,43.2814],[-2.2682,43.2739],[-2.2639,43.2729],[-2.2609,43.2761],[-2.2558,43.2742],[-2.2551,43.2762],[-2.2531,43.2783],[-2.2542,43.2784],[-2.2551,43.2787],[-2.2558,43.2793],[-2.256,43.2801],[-2.256,43.2813],[-2.2555,43.2824],[-2.2587,43.2833],[-2.2657,43.2814]]],[[[-2.2525,43.2784],[-2.2479,43.278],[-2.2462,43.2781],[-2.2432,43.2787],[-2.2407,43.2797],[-2.2359,43.2834],[-2.2318,43.2849],[-2.2298,43.2869],[-2.232,43.2878],[-2.2328,43.2878],[-2.2347,43.2868],[-2.2363,43.2848],[-2.2379,43.2848],[-2.2405,43.2802],[-2.2457,43.2783],[-2.2491,43.2782],[-2.2544,43.2795],[-2.2549,43.2824],[-2.2459,43.2883],[-2.2533,43.2908],[-2.2555,43.2851],[-2.257,43.2836],[-2.2553,43.2827],[-2.2559,43.2812],[-2.2559,43.2797],[-2.2554,43.279],[-2.2545,43.2786],[-2.2525,43.2784]]],[[[-2.2419,43.2951],[-2.2446,43.2984],[-2.2335,43.2994],[-2.2313,43.3003],[-2.2299,43.3029],[-2.2222,43.3034],[-2.219,43.302],[-2.216,43.3022],[-2.2146,43.2986],[-2.2081,43.294],[-2.2069,43.2946],[-2.2061,43.2946],[-2.2052,43.2943],[-2.2052,43.2949],[-2.2048,43.2967],[-2.2049,43.297],[-2.2064,43.2978],[-2.2092,43.3008],[-2.2136,43.3027],[-2.219,43.3023],[-2.2227,43.3039],[-2.2302,43.3034],[-2.2322,43.3003],[-2.2397,43.2997],[-2.2443,43.303],[-2.2475,43.2971],[-2.2418,43.2923],[-2.2459,43.285],[-2.2541,43.2826],[-2.2527,43.2806],[-2.2437,43.2802],[-2.238,43.285],[-2.2365,43.285],[-2.2349,43.2869],[-2.2333,43.2878],[-2.2323,43.288],[-2.2251,43.2854],[-2.2236,43.2884],[-2.2361,43.2938],[-2.2419,43.2951]]],[[[-2.194,42.9756],[-2.1893,42.9762],[-2.1871,42.9736],[-2.1801,42.9718],[-2.1843,42.9773],[-2.194,42.9756]]],[[[-2.1987,42.976],[-2.1867,42.9777],[-2.1826,42.9773],[-2.1811,42.9822],[-2.1822,42.9842],[-2.1813,42.9866],[-2.1858,42.9884],[-2.1883,42.9851],[-2.1842,42.9838],[-2.1886,42.9807],[-2.1898,42.978],[-2.1987,42.976]]],[[[-2.2135,43.0214],[-2.2106,43.0203],[-2.2017,43.0236],[-2.2034,43.0259],[-2.2085,43.024],[-2.2105,43.022],[-2.2135,43.0214]]],[[[-2.1865,43.0298],[-2.1895,43.0295],[-2.1932,43.0258],[-2.1865,43.0226],[-2.1798,43.0226],[-2.1865,43.0298]]],[[[-2.2094,43.0231],[-2.2078,43.0264],[-2.2104,43.0302],[-2.2142,43.0243],[-2.2119,43.0225],[-2.2094,43.0231]]],[[[-2.2009,43.0289],[-2.2033,43.0335],[-2.2064,43.0324],[-2.2064,43.0273],[-2.2009,43.0289]]],[[[-2.1909,43.0299],[-2.1884,43.0325],[-2.1907,43.0394],[-2.1956,43.045],[-2.1996,43.044],[-2.2054,43.0444],[-2.2051,43.0417],[-2.1969,43.034],[-2.2023,43.0325],[-2.1993,43.03],[-2.1909,43.0299]]],[[[-2.2264,43.0488],[-2.2213,43.0475],[-2.2222,43.0445],[-2.2203,43.0416],[-2.2163,43.0444],[-2.2206,43.0495],[-2.2264,43.0488]]],[[[-2.2228,43.0531],[-2.2182,43.053],[-2.2142,43.0484],[-2.2093,43.0501],[-2.2042,43.0498],[-2.1992,43.0529],[-2.2118,43.0539],[-2.2162,43.0573],[-2.2204,43.0573],[-2.2228,43.0531]]],[[[-2.199,43.0553],[-2.1976,43.0514],[-2.1937,43.0513],[-2.1893,43.0546],[-2.1879,43.0547],[-2.1875,43.0556],[-2.1881,43.0565],[-2.1881,43.058],[-2.1902,43.0597],[-2.1967,43.0554],[-2.199,43.0553]]],[[[-2.2283,43.0827],[-2.2256,43.082],[-2.2244,43.0815],[-2.2212,43.0809],[-2.2229,43.0804],[-2.2243,43.0796],[-2.225,43.0788],[-2.2242,43.078],[-2.2221,43.0769],[-2.2251,43.0757],[-2.2265,43.0728],[-2.2203,43.0753],[-2.2187,43.0791],[-2.2222,43.0827],[-2.2283,43.0827]]],[[[-2.2363,43.0875],[-2.2337,43.089],[-2.2212,43.0851],[-2.2239,43.0924],[-2.2322,43.0905],[-2.2369,43.0917],[-2.2417,43.091],[-2.2454,43.0874],[-2.2386,43.0838],[-2.2363,43.0875]]],[[[-2.2125,43.087],[-2.2156,43.088],[-2.2199,43.0918],[-2.2223,43.0888],[-2.2157,43.0867],[-2.2078,43.0864],[-2.2056,43.0922],[-2.2017,43.0946],[-2.1986,43.0999],[-2.1988,43.1023],[-2.1923,43.1041],[-2.1932,43.1087],[-2.2038,43.1111],[-2.2007,43.1065],[-2.1994,43.0998],[-2.2014,43.0963],[-2.2063,43.0922],[-2.2082,43.0868],[-2.2125,43.087]]],[[[-2.1971,43.1284],[-2.1949,43.1314],[-2.2019,43.132],[-2.1997,43.1283],[-2.1971,43.1284]]],[[[-2.2033,43.1361],[-2.1976,43.1348],[-2.1949,43.1377],[-2.2025,43.1394],[-2.2033,43.1361]]],[[[-2.2176,43.2242],[-2.2181,43.2186],[-2.2133,43.2195],[-2.2141,43.2235],[-2.2176,43.2242]]],[[[-2.2376,43.2478],[-2.2354,43.2449],[-2.2198,43.2445],[-2.2154,43.2352],[-2.2128,43.2325],[-2.2069,43.2226],[-2.2102,43.217],[-2.2075,43.2142],[-2.2015,43.212],[-2.2009,43.209],[-2.1956,43.201],[-2.1899,43.1996],[-2.1845,43.2026],[-2.1806,43.2076],[-2.1786,43.2064],[-2.1715,43.2103],[-2.1773,43.2122],[-2.1827,43.2111],[-2.1884,43.2138],[-2.1889,43.214],[-2.1892,43.2146],[-2.1892,43.2152],[-2.19,43.2156],[-2.1916,43.2179],[-2.1927,43.2181],[-2.193,43.2201],[-2.1994,43.224],[-2.2042,43.237],[-2.2103,43.2434],[-2.2107,43.2471],[-2.2198,43.25],[-2.2247,43.2491],[-2.2355,43.2524],[-2.2417,43.25],[-2.2376,43.2478]]],[[[-2.2296,43.239],[-2.2301,43.2387],[-2.2281,43.2374],[-2.2268,43.2355],[-2.2252,43.2356],[-2.2242,43.2331],[-2.2234,43.2331],[-2.2216,43.2327],[-2.2182,43.234],[-2.2194,43.2371],[-2.2244,43.2401],[-2.2296,43.239]]],[[[-2.2198,43.25],[-2.2107,43.2471],[-2.2103,43.2434],[-2.2042,43.237],[-2.1994,43.224],[-2.193,43.2201],[-2.1926,43.2181],[-2.1916,43.2179],[-2.1905,43.2169],[-2.19,43.2156],[-2.1892,43.2152],[-2.1892,43.2146],[-2.1889,43.214],[-2.1884,43.2138],[-2.1868,43.2138],[-2.1827,43.2111],[-2.1774,43.2122],[-2.1676,43.2118],[-2.1636,43.2094],[-2.1583,43.2099],[-2.1552,43.2116],[-2.1575,43.2159],[-2.1555,43.2189],[-2.1546,43.2252],[-2.158,43.2274],[-2.1494,43.2337],[-2.1491,43.2379],[-2.1461,43.2405],[-2.1478,43.2432],[-2.1409,43.2486],[-2.1344,43.251],[-2.133,43.2565],[-2.1394,43.2611],[-2.1444,43.2663],[-2.1479,43.2629],[-2.1598,43.2618],[-2.165,43.2578],[-2.1694,43.2595],[-2.1739,43.2581],[-2.1821,43.2504],[-2.1876,43.2471],[-2.1908,43.2513],[-2.195,43.2536],[-2.2013,43.2524],[-2.2045,43.2481],[-2.2099,43.2513],[-2.2073,43.2548],[-2.2157,43.2601],[-2.2247,43.256],[-2.2286,43.2553],[-2.2294,43.2607],[-2.2327,43.2637],[-2.2371,43.2603],[-2.2323,43.2589],[-2.2319,43.2554],[-2.2352,43.2525],[-2.2247,43.2491],[-2.2198,43.25]]],[[[-2.1975,43.2696],[-2.2045,43.271],[-2.2096,43.2675],[-2.2091,43.2643],[-2.2044,43.2611],[-2.1962,43.2624],[-2.1943,43.2652],[-2.1975,43.2696]]],[[[-2.2304,43.2733],[-2.2273,43.2705],[-2.2203,43.2721],[-2.2156,43.2719],[-2.2137,43.275],[-2.2139,43.2806],[-2.219,43.2838],[-2.223,43.2809],[-2.2304,43.2733]]],[[[-2.2108,43.2883],[-2.2071,43.2868],[-2.203,43.29],[-2.207,43.2911],[-2.2108,43.2883]]],[[[-2.2075,43.2995],[-2.2062,43.2978],[-2.2048,43.2971],[-2.2047,43.2967],[-2.2051,43.2949],[-2.2047,43.2943],[-2.2053,43.2943],[-2.2022,43.2905],[-2.2047,43.2878],[-2.2009,43.2828],[-2.186,43.2823],[-2.1816,43.2862],[-2.1777,43.2867],[-2.1803,43.2914],[-2.1886,43.2897],[-2.2021,43.2941],[-2.1952,43.2975],[-2.2026,43.3001],[-2.2075,43.2995]]],[[[-2.1904,42.9464],[-2.1867,42.9446],[-2.1798,42.9382],[-2.1802,42.9351],[-2.1661,42.9359],[-2.1609,42.9379],[-2.1567,42.9427],[-2.1464,42.9412],[-2.1444,42.9419],[-2.136,42.94],[-2.1302,42.9409],[-2.1284,42.9392],[-2.1156,42.9438],[-2.1064,42.9481],[-2.1033,42.9485],[-2.1047,42.953],[-2.1029,42.9564],[-2.0997,42.9585],[-2.0994,42.9603],[-2.1071,42.9592],[-2.1077,42.9579],[-2.109,42.9581],[-2.11,42.9581],[-2.1104,42.9582],[-2.1107,42.958],[-2.111,42.9576],[-2.1131,42.9565],[-2.1168,42.9577],[-2.12,42.954],[-2.1238,42.9561],[-2.133,42.9559],[-2.1442,42.9571],[-2.1502,42.9571],[-2.1517,42.9581],[-2.1572,42.9583],[-2.1569,42.9592],[-2.1572,42.9597],[-2.1612,42.9602],[-2.1637,42.9602],[-2.1672,42.9616],[-2.17,42.9636],[-2.1759,42.9628],[-2.1768,42.9589],[-2.1737,42.9568],[-2.1741,42.9515],[-2.1802,42.9548],[-2.1837,42.9586],[-2.183,42.962],[-2.1862,42.9653],[-2.1908,42.9669],[-2.2114,42.9706],[-2.2161,42.9736],[-2.217,42.9768],[-2.2067,42.9809],[-2.2117,42.9862],[-2.2164,42.9879],[-2.2137,42.9816],[-2.219,42.9768],[-2.2196,42.9716],[-2.2281,42.9658],[-2.2237,42.9642],[-2.22,42.9601],[-2.221,42.9577],[-2.2164,42.9547],[-2.2162,42.9528],[-2.2103,42.9499],[-2.2027,42.9496],[-2.1987,42.9512],[-2.1907,42.948],[-2.1904,42.9464]]],[[[-2.1778,42.9591],[-2.1756,42.9639],[-2.1791,42.9677],[-2.1829,42.966],[-2.181,42.9612],[-2.1778,42.9591]]],[[[-2.1538,42.9645],[-2.1552,42.9662],[-2.1569,42.9676],[-2.1548,42.9676],[-2.1547,42.9683],[-2.1548,42.9685],[-2.1553,42.9687],[-2.1557,42.9689],[-2.1564,42.9691],[-2.1587,42.9708],[-2.1605,42.971],[-2.161,42.9721],[-2.162,42.9727],[-2.163,42.9728],[-2.1636,42.9727],[-2.1647,42.9728],[-2.1651,42.9731],[-2.167,42.9739],[-2.1679,42.9743],[-2.1683,42.9746],[-2.1705,42.977],[-2.171,42.978],[-2.1719,42.9795],[-2.1765,42.9823],[-2.1799,42.9907],[-2.1826,42.989],[-2.1809,42.9863],[-2.1813,42.9839],[-2.18,42.9779],[-2.1819,42.9755],[-2.1763,42.9656],[-2.1698,42.9637],[-2.1661,42.9612],[-2.1635,42.9603],[-2.1615,42.9604],[-2.1586,42.9599],[-2.1575,42.9598],[-2.1568,42.9595],[-2.1538,42.9645]]],[[[-2.1837,42.9896],[-2.1804,42.9966],[-2.1841,42.9958],[-2.1854,42.9958],[-2.1859,42.9957],[-2.1874,42.9956],[-2.1873,42.9931],[-2.1902,42.9874],[-2.1837,42.9896]]],[[[-2.1859,42.9957],[-2.1854,42.9958],[-2.1841,42.9958],[-2.1831,42.9961],[-2.1804,42.9966],[-2.1766,43.0035],[-2.1786,43.0077],[-2.1847,43.0065],[-2.1833,43.0035],[-2.1851,43.0008],[-2.1857,42.9987],[-2.1874,42.9956],[-2.1859,42.9957]]],[[[-2.1836,43.0074],[-2.1786,43.0077],[-2.1756,43.0108],[-2.1758,43.0128],[-2.1778,43.0136],[-2.184,43.0104],[-2.1836,43.0074]]],[[[-2.1834,43.0379],[-2.1856,43.0372],[-2.1773,43.0251],[-2.1745,43.0307],[-2.1791,43.0377],[-2.1815,43.0375],[-2.1825,43.0375],[-2.1834,43.0379]]],[[[-2.1517,43.0303],[-2.1513,43.0341],[-2.1544,43.0364],[-2.1569,43.0332],[-2.1517,43.0303]]],[[[-2.1401,43.0316],[-2.1431,43.0406],[-2.1498,43.0374],[-2.1483,43.0348],[-2.1401,43.0316]]],[[[-2.1525,43.0363],[-2.1506,43.0409],[-2.1531,43.0426],[-2.1586,43.0406],[-2.157,43.0344],[-2.1544,43.0365],[-2.1525,43.0363]]],[[[-2.1865,43.0397],[-2.1854,43.0389],[-2.1825,43.0376],[-2.1816,43.0375],[-2.1799,43.0386],[-2.1762,43.0392],[-2.1737,43.0417],[-2.1854,43.044],[-2.1895,43.0425],[-2.1865,43.0397]]],[[[-2.1487,43.0401],[-2.1434,43.0411],[-2.1437,43.0447],[-2.1484,43.0473],[-2.1532,43.047],[-2.152,43.0436],[-2.1487,43.0401]]],[[[-2.1659,43.0476],[-2.1629,43.0494],[-2.1695,43.0523],[-2.1765,43.0488],[-2.1705,43.0457],[-2.1659,43.0476]]],[[[-2.1399,43.0541],[-2.14,43.0503],[-2.1334,43.047],[-2.1278,43.0491],[-2.1289,43.05],[-2.1299,43.0512],[-2.1304,43.0515],[-2.1321,43.0517],[-2.1333,43.0522],[-2.1337,43.0538],[-2.1388,43.0561],[-2.1399,43.0541]]],[[[-2.138,43.0569],[-2.1372,43.0554],[-2.1336,43.0538],[-2.1327,43.0538],[-2.1318,43.0517],[-2.1304,43.0516],[-2.13,43.0515],[-2.1267,43.0546],[-2.1304,43.0579],[-2.138,43.0569]]],[[[-2.1577,43.0626],[-2.1608,43.0623],[-2.1632,43.0622],[-2.1646,43.0624],[-2.1662,43.0618],[-2.1674,43.0598],[-2.1623,43.0575],[-2.1592,43.0602],[-2.1508,43.06],[-2.1485,43.0612],[-2.1487,43.062],[-2.1486,43.0626],[-2.1481,43.0628],[-2.1473,43.0636],[-2.1487,43.0642],[-2.1489,43.064],[-2.1497,43.0637],[-2.1501,43.0632],[-2.1506,43.0632],[-2.1503,43.0638],[-2.1509,43.0645],[-2.1529,43.0647],[-2.1579,43.0638],[-2.1584,43.0633],[-2.1571,43.0632],[-2.1571,43.0627],[-2.1577,43.0626]]],[[[-2.1763,43.0588],[-2.1732,43.0637],[-2.1667,43.0657],[-2.1674,43.0674],[-2.1626,43.0707],[-2.1635,43.0735],[-2.1604,43.076],[-2.1674,43.0795],[-2.1672,43.0752],[-2.1732,43.0688],[-2.184,43.0593],[-2.1893,43.0593],[-2.1881,43.058],[-2.1881,43.0565],[-2.1869,43.0566],[-2.1859,43.0547],[-2.1829,43.0538],[-2.1765,43.0569],[-2.1763,43.0588]]],[[[-2.1347,43.0722],[-2.1359,43.0669],[-2.1318,43.064],[-2.1279,43.0638],[-2.1212,43.0671],[-2.1205,43.0697],[-2.1244,43.074],[-2.1319,43.074],[-2.1347,43.0722]]],[[[-2.1609,43.0715],[-2.1654,43.0642],[-2.1632,43.0622],[-2.1608,43.0623],[-2.1573,43.0627],[-2.1573,43.0632],[-2.1584,43.0633],[-2.158,43.0639],[-2.1563,43.0642],[-2.1558,43.0652],[-2.1509,43.0646],[-2.1498,43.0637],[-2.1489,43.0641],[-2.149,43.0647],[-2.1486,43.065],[-2.1478,43.064],[-2.1472,43.0636],[-2.147,43.0632],[-2.1436,43.0672],[-2.1443,43.0716],[-2.1489,43.0739],[-2.1556,43.0723],[-2.1534,43.0777],[-2.1496,43.0781],[-2.1404,43.0811],[-2.1418,43.0836],[-2.1466,43.0831],[-2.1517,43.085],[-2.1542,43.0789],[-2.1589,43.0778],[-2.1609,43.0715]]],[[[-2.1656,43.0812],[-2.163,43.0777],[-2.1583,43.0804],[-2.1542,43.0806],[-2.1553,43.0861],[-2.1523,43.0869],[-2.1458,43.0855],[-2.1441,43.0916],[-2.1528,43.0906],[-2.1599,43.0867],[-2.1656,43.0812]]],[[[-2.1445,43.0858],[-2.1441,43.0847],[-2.1326,43.0887],[-2.1242,43.087],[-2.125,43.091],[-2.1317,43.0951],[-2.1308,43.0896],[-2.1385,43.0869],[-2.144,43.0916],[-2.1445,43.0858]]],[[[-2.1267,43.1056],[-2.1281,43.1113],[-2.1325,43.1127],[-2.1389,43.1117],[-2.1414,43.1091],[-2.1403,43.1047],[-2.1366,43.1028],[-2.1295,43.1035],[-2.1267,43.1056]]],[[[-2.1276,43.1238],[-2.1265,43.1275],[-2.1337,43.127],[-2.1365,43.1253],[-2.1395,43.124],[-2.1364,43.1206],[-2.1276,43.1238]]],[[[-2.1354,43.1294],[-2.1401,43.128],[-2.1404,43.1263],[-2.1392,43.1255],[-2.1367,43.1253],[-2.1337,43.1271],[-2.1269,43.1276],[-2.1286,43.1289],[-2.1354,43.1294]]],[[[-2.1284,43.129],[-2.1218,43.1295],[-2.1241,43.1331],[-2.1307,43.1374],[-2.1401,43.1383],[-2.1462,43.1356],[-2.1486,43.1325],[-2.1491,43.1281],[-2.1455,43.1231],[-2.1396,43.1241],[-2.1386,43.1251],[-2.1402,43.126],[-2.1404,43.1263],[-2.1403,43.1279],[-2.139,43.129],[-2.1368,43.1302],[-2.1284,43.129]]],[[[-2.1584,43.1271],[-2.1599,43.1363],[-2.1638,43.1409],[-2.1712,43.1399],[-2.1653,43.1344],[-2.1599,43.1326],[-2.1584,43.1271]]],[[[-2.1582,43.1323],[-2.153,43.136],[-2.1518,43.1396],[-2.1541,43.1433],[-2.1579,43.1457],[-2.1605,43.1425],[-2.1576,43.1385],[-2.1582,43.1323]]],[[[-2.1746,43.1445],[-2.1703,43.1424],[-2.1618,43.1417],[-2.1599,43.1448],[-2.168,43.1482],[-2.1718,43.1474],[-2.1746,43.1445]]],[[[-2.183,43.1652],[-2.1777,43.1639],[-2.1712,43.1597],[-2.1662,43.1637],[-2.1679,43.1654],[-2.1735,43.1639],[-2.1785,43.1668],[-2.183,43.1652]]],[[[-2.1948,43.1751],[-2.1881,43.173],[-2.1818,43.1755],[-2.1777,43.1703],[-2.1821,43.1682],[-2.174,43.1654],[-2.1688,43.1657],[-2.1671,43.1719],[-2.164,43.1721],[-2.1601,43.1685],[-2.1578,43.1646],[-2.1534,43.1647],[-2.1445,43.1581],[-2.1384,43.1579],[-2.1369,43.1517],[-2.1391,43.1494],[-2.1346,43.145],[-2.1257,43.1444],[-2.1211,43.1432],[-2.1179,43.1454],[-2.1065,43.1447],[-2.0957,43.1462],[-2.0938,43.1497],[-2.1002,43.1497],[-2.1003,43.1527],[-2.0967,43.1563],[-2.1033,43.1569],[-2.1085,43.1599],[-2.1095,43.1621],[-2.118,43.1662],[-2.1082,43.1699],[-2.1093,43.1731],[-2.1055,43.1733],[-2.1038,43.174],[-2.1024,43.1741],[-2.102,43.1748],[-2.1,43.1747],[-2.1003,43.1757],[-2.1037,43.1781],[-2.1138,43.1766],[-2.1198,43.1732],[-2.1288,43.177],[-2.1282,43.1818],[-2.1379,43.1895],[-2.1348,43.1922],[-2.1355,43.1963],[-2.1397,43.2007],[-2.1477,43.1991],[-2.1517,43.202],[-2.1577,43.202],[-2.1602,43.2036],[-2.1649,43.2015],[-2.164,43.197],[-2.1685,43.1909],[-2.169,43.1978],[-2.1741,43.201],[-2.175,43.1946],[-2.1834,43.195],[-2.1861,43.1942],[-2.1792,43.1896],[-2.1754,43.1844],[-2.1821,43.1811],[-2.1873,43.1809],[-2.1948,43.1751]]],[[[-2.1375,43.2321],[-2.1328,43.2335],[-2.1266,43.2298],[-2.124,43.2326],[-2.1307,43.2341],[-2.1375,43.2321]]],[[[-2.1421,43.2335],[-2.1398,43.2378],[-2.1407,43.2407],[-2.1457,43.2417],[-2.1468,43.2374],[-2.1493,43.2337],[-2.1529,43.2308],[-2.1453,43.2306],[-2.1421,43.2335]]],[[[-2.1295,43.2342],[-2.121,43.2378],[-2.1222,43.242],[-2.1279,43.2403],[-2.1325,43.2371],[-2.1295,43.2342]]],[[[-2.1332,43.2692],[-2.127,43.2671],[-2.122,43.2619],[-2.1187,43.2606],[-2.1163,43.2632],[-2.1211,43.2687],[-2.1209,43.2714],[-2.1276,43.2729],[-2.1332,43.2692]]],[[[-2.1653,43.2791],[-2.1696,43.2762],[-2.1653,43.2745],[-2.1554,43.2784],[-2.1616,43.2797],[-2.1653,43.2791]]],[[[-2.1319,43.2747],[-2.1338,43.2781],[-2.132,43.2829],[-2.1354,43.2832],[-2.1381,43.2789],[-2.1356,43.274],[-2.1319,43.2747]]],[[[-2.182,43.2779],[-2.1769,43.2801],[-2.1813,43.2821],[-2.1874,43.2811],[-2.182,43.2779]]],[[[-2.1608,43.2889],[-2.1572,43.2843],[-2.1533,43.2845],[-2.1462,43.2812],[-2.1424,43.2834],[-2.1334,43.2846],[-2.1306,43.2869],[-2.1344,43.2915],[-2.1423,43.2935],[-2.1448,43.2924],[-2.149,43.2947],[-2.1539,43.2912],[-2.1608,43.2889]],[[-2.1475,43.2896],[-2.1418,43.2913],[-2.1353,43.2888],[-2.1401,43.2854],[-2.1475,43.2896]]],[[[-2.0848,43.0435],[-2.089,43.0488],[-2.0929,43.0469],[-2.0977,43.0466],[-2.0993,43.0467],[-2.1012,43.0463],[-2.1015,43.0464],[-2.1015,43.0468],[-2.1006,43.0475],[-2.0989,43.0479],[-2.0981,43.0488],[-2.0986,43.0498],[-2.1016,43.0499],[-2.1035,43.0493],[-2.1052,43.046],[-2.1044,43.0435],[-2.1043,43.0433],[-2.1047,43.0427],[-2.1046,43.0425],[-2.1036,43.0407],[-2.104,43.0392],[-2.0986,43.0369],[-2.0983,43.0364],[-2.0981,43.0351],[-2.0983,43.0348],[-2.1001,43.0344],[-2.1016,43.0343],[-2.1022,43.0335],[-2.1033,43.0333],[-2.1046,43.0336],[-2.1068,43.0353],[-2.1074,43.0351],[-2.1077,43.0336],[-2.1092,43.0333],[-2.1155,43.0344],[-2.1187,43.0314],[-2.1247,43.0307],[-2.1306,43.0288],[-2.1437,43.032],[-2.1503,43.0353],[-2.1507,43.0239],[-2.1462,43.0158],[-2.1394,43.0137],[-2.1333,43.0142],[-2.1331,43.0119],[-2.1378,43.0109],[-2.1464,43.0147],[-2.1496,43.019],[-2.1535,43.0214],[-2.1626,43.0197],[-2.169,43.0199],[-2.1706,43.0162],[-2.1746,43.014],[-2.1764,43.0169],[-2.1753,43.0185],[-2.1751,43.0213],[-2.1763,43.0227],[-2.179,43.0239],[-2.1801,43.0231],[-2.1769,43.0216],[-2.1764,43.0192],[-2.1773,43.0168],[-2.1752,43.0124],[-2.1756,43.0103],[-2.1766,43.0091],[-2.1746,43.0032],[-2.18,42.995],[-2.1799,42.9907],[-2.1766,42.9824],[-2.1719,42.9795],[-2.1704,42.977],[-2.1697,42.9761],[-2.1685,42.975],[-2.1684,42.9747],[-2.1679,42.9744],[-2.165,42.9732],[-2.1636,42.9727],[-2.1631,42.9729],[-2.1619,42.9727],[-2.161,42.9722],[-2.1604,42.971],[-2.1587,42.9708],[-2.1565,42.9692],[-2.1557,42.9689],[-2.1552,42.9687],[-2.1548,42.9686],[-2.1546,42.9684],[-2.153,42.9651],[-2.1546,42.962],[-2.1537,42.9588],[-2.143,42.958],[-2.134,42.9562],[-2.1211,42.9575],[-2.1136,42.9612],[-2.1107,42.9582],[-2.1104,42.9582],[-2.11,42.9582],[-2.1089,42.9582],[-2.1078,42.958],[-2.1071,42.9593],[-2.104,42.96],[-2.0996,42.9604],[-2.0984,42.96],[-2.0983,42.9651],[-2.0957,42.9722],[-2.0894,42.9747],[-2.0799,42.9762],[-2.0675,42.9759],[-2.0529,42.9761],[-2.0512,42.9793],[-2.0426,42.9789],[-2.0383,42.9812],[-2.037,42.9854],[-2.0328,42.9868],[-2.0285,42.9987],[-2.0329,43.0008],[-2.0318,43.0067],[-2.035,43.0116],[-2.0395,43.0158],[-2.0411,43.0221],[-2.0399,43.0263],[-2.0409,43.0297],[-2.0315,43.0319],[-2.0306,43.0365],[-2.0206,43.0477],[-2.0193,43.0503],[-2.0272,43.0529],[-2.0321,43.0516],[-2.0385,43.0529],[-2.0404,43.0553],[-2.0452,43.054],[-2.0483,43.0493],[-2.0572,43.0496],[-2.0643,43.0485],[-2.0671,43.0466],[-2.0716,43.0484],[-2.0783,43.0527],[-2.0827,43.0529],[-2.0876,43.0563],[-2.0888,43.0533],[-2.0848,43.0435]]],[[[-2.1094,43.0338],[-2.107,43.0354],[-2.1064,43.035],[-2.1044,43.0336],[-2.1029,43.0334],[-2.1016,43.0344],[-2.1001,43.0345],[-2.0982,43.035],[-2.0984,43.0365],[-2.1013,43.0378],[-2.1043,43.0393],[-2.1036,43.0406],[-2.1047,43.0426],[-2.1044,43.0434],[-2.1051,43.0448],[-2.1052,43.0459],[-2.1055,43.0458],[-2.1071,43.0484],[-2.1082,43.0539],[-2.112,43.0517],[-2.1124,43.0455],[-2.1098,43.0426],[-2.1049,43.0413],[-2.1051,43.0387],[-2.0994,43.0355],[-2.104,43.0344],[-2.1069,43.0362],[-2.1094,43.0338]]],[[[-2.0997,43.0476],[-2.1008,43.0473],[-2.1015,43.0465],[-2.0993,43.0468],[-2.0983,43.0467],[-2.0929,43.047],[-2.0889,43.0501],[-2.0897,43.0529],[-2.0876,43.0621],[-2.0923,43.0607],[-2.0965,43.0554],[-2.0952,43.0523],[-2.0968,43.0496],[-2.1032,43.0535],[-2.1069,43.0508],[-2.1049,43.0488],[-2.1017,43.05],[-2.0997,43.0501],[-2.0984,43.0497],[-2.098,43.0489],[-2.0988,43.0479],[-2.0997,43.0476]]],[[[-2.0864,43.0562],[-2.0808,43.0551],[-2.082,43.06],[-2.0784,43.0645],[-2.0838,43.068],[-2.0865,43.0631],[-2.0864,43.0562]]],[[[-2.0901,43.0703],[-2.0907,43.0672],[-2.0871,43.0637],[-2.0846,43.071],[-2.0901,43.0703]]],[[[-2.0814,43.0669],[-2.076,43.0674],[-2.0789,43.0719],[-2.0846,43.0721],[-2.0814,43.0669]]],[[[-2.0985,43.0756],[-2.1014,43.0775],[-2.1013,43.0811],[-2.104,43.0854],[-2.1072,43.0874],[-2.1066,43.0818],[-2.1068,43.0803],[-2.1073,43.0796],[-2.108,43.079],[-2.1064,43.0771],[-2.1064,43.0769],[-2.1065,43.076],[-2.1061,43.0758],[-2.1049,43.0756],[-2.1043,43.0749],[-2.1031,43.0747],[-2.0985,43.0756]]],[[[-2.1052,43.0729],[-2.1044,43.0749],[-2.1065,43.0758],[-2.1066,43.0761],[-2.1064,43.0768],[-2.1066,43.0771],[-2.1079,43.0781],[-2.1081,43.0786],[-2.108,43.0791],[-2.1068,43.0805],[-2.1086,43.0813],[-2.1125,43.0786],[-2.1161,43.0791],[-2.1144,43.0812],[-2.1133,43.0798],[-2.1112,43.0797],[-2.1086,43.0814],[-2.1068,43.0821],[-2.1075,43.0852],[-2.1093,43.0881],[-2.119,43.0898],[-2.1146,43.0953],[-2.1217,43.0956],[-2.1251,43.0933],[-2.1222,43.088],[-2.1246,43.0832],[-2.1228,43.0772],[-2.1178,43.0712],[-2.1098,43.071],[-2.1052,43.0729]]],[[[-2.0912,43.0948],[-2.0958,43.0965],[-2.0975,43.0998],[-2.1015,43.0993],[-2.0991,43.0927],[-2.0919,43.09],[-2.087,43.091],[-2.0912,43.0948]]],[[[-2.1324,43.0952],[-2.1258,43.097],[-2.116,43.0966],[-2.1183,43.0992],[-2.1227,43.1005],[-2.1292,43.0993],[-2.1324,43.0952]]],[[[-2.0907,43.0956],[-2.0867,43.0911],[-2.0846,43.0941],[-2.079,43.0948],[-2.0761,43.099],[-2.0772,43.1023],[-2.0843,43.1063],[-2.0938,43.1046],[-2.0956,43.1003],[-2.0917,43.0987],[-2.0907,43.0956]]],[[[-2.1067,43.1005],[-2.101,43.1009],[-2.097,43.1032],[-2.098,43.107],[-2.1067,43.1005]]],[[[-2.0901,43.1059],[-2.0842,43.1063],[-2.0871,43.1098],[-2.0929,43.111],[-2.095,43.1076],[-2.0901,43.1059]]],[[[-2.089,43.1211],[-2.0838,43.1216],[-2.0827,43.1162],[-2.0793,43.1139],[-2.0772,43.1095],[-2.0713,43.1092],[-2.0733,43.1141],[-2.0753,43.1142],[-2.0738,43.1164],[-2.0774,43.1182],[-2.0757,43.1205],[-2.0791,43.1242],[-2.0848,43.1239],[-2.089,43.1211]]],[[[-2.1091,43.1288],[-2.1051,43.1291],[-2.1013,43.1323],[-2.1013,43.1351],[-2.1043,43.1387],[-2.1077,43.1398],[-2.1124,43.1388],[-2.1149,43.1337],[-2.1132,43.1307],[-2.1091,43.1288]]],[[[-2.0757,43.1385],[-2.0737,43.1407],[-2.0727,43.15],[-2.079,43.1459],[-2.0798,43.1424],[-2.088,43.1382],[-2.0937,43.1298],[-2.0896,43.1267],[-2.0847,43.1368],[-2.0757,43.1385]]],[[[-2.0728,43.1503],[-2.0686,43.1573],[-2.0747,43.1566],[-2.0753,43.1536],[-2.0728,43.1503]]],[[[-2.0852,43.154],[-2.0838,43.156],[-2.0754,43.1537],[-2.075,43.1565],[-2.071,43.1574],[-2.0727,43.1637],[-2.0804,43.1629],[-2.0836,43.1605],[-2.0878,43.1599],[-2.0918,43.1569],[-2.0915,43.1517],[-2.087,43.1494],[-2.079,43.1511],[-2.0765,43.1538],[-2.0816,43.1553],[-2.0852,43.154]]],[[[-2.0999,43.1742],[-2.102,43.1748],[-2.1024,43.1741],[-2.1037,43.1739],[-2.1051,43.1732],[-2.1084,43.1726],[-2.1027,43.1693],[-2.0999,43.1742]]],[[[-2.0987,43.1831],[-2.0946,43.1865],[-2.0955,43.1902],[-2.0987,43.1926],[-2.1023,43.1934],[-2.1035,43.1933],[-2.1053,43.1942],[-2.1065,43.194],[-2.1059,43.1929],[-2.1089,43.1913],[-2.1101,43.189],[-2.108,43.1844],[-2.1046,43.1824],[-2.0987,43.1831]]],[[[-2.1029,43.1936],[-2.1,43.1931],[-2.1004,43.1959],[-2.1058,43.1977],[-2.1066,43.1944],[-2.1053,43.1943],[-2.1029,43.1936]]],[[[-2.0894,43.1956],[-2.0877,43.1975],[-2.082,43.197],[-2.0789,43.1937],[-2.076,43.197],[-2.0871,43.1977],[-2.0944,43.2031],[-2.0983,43.2028],[-2.1032,43.1996],[-2.0991,43.1959],[-2.0959,43.1974],[-2.0928,43.1922],[-2.0871,43.1903],[-2.0864,43.1937],[-2.0894,43.1956]]],[[[-2.0669,43.2],[-2.0734,43.1996],[-2.0727,43.1968],[-2.067,43.1976],[-2.0669,43.2]]],[[[-2.0798,43.1973],[-2.0741,43.2],[-2.067,43.2005],[-2.0699,43.2037],[-2.0785,43.2036],[-2.0822,43.1989],[-2.0798,43.1973]]],[[[-2.1345,43.2033],[-2.1284,43.2076],[-2.1234,43.2051],[-2.1218,43.2098],[-2.1174,43.2105],[-2.1035,43.2166],[-2.102,43.2202],[-2.0958,43.2234],[-2.0925,43.2285],[-2.0816,43.238],[-2.0755,43.2424],[-2.0648,43.2447],[-2.0644,43.2474],[-2.0582,43.2469],[-2.0528,43.2453],[-2.0477,43.2475],[-2.0452,43.2504],[-2.0387,43.2484],[-2.0398,43.2525],[-2.0455,43.2525],[-2.0465,43.2543],[-2.0545,43.2503],[-2.0615,43.249],[-2.0622,43.2512],[-2.0725,43.2503],[-2.0772,43.2514],[-2.0853,43.2506],[-2.0922,43.2529],[-2.0951,43.2524],[-2.0952,43.2467],[-2.088,43.2434],[-2.0772,43.2428],[-2.093,43.2289],[-2.0965,43.2236],[-2.1026,43.2205],[-2.1042,43.2169],[-2.1127,43.2128],[-2.1162,43.2136],[-2.1181,43.2107],[-2.1225,43.2103],[-2.1234,43.2057],[-2.1271,43.2085],[-2.1289,43.2079],[-2.1345,43.2033]]],[[[-2.0767,43.2297],[-2.0815,43.2301],[-2.0817,43.2273],[-2.0774,43.2269],[-2.0767,43.2297]]],[[[-2.1241,43.2319],[-2.1182,43.2311],[-2.1156,43.2354],[-2.1192,43.2393],[-2.1241,43.2319]]],[[[-2.0674,43.2684],[-2.0728,43.2666],[-2.0691,43.264],[-2.0674,43.2684]]],[[[-2.1162,43.2632],[-2.1114,43.2651],[-2.1134,43.2698],[-2.1005,43.2709],[-2.1083,43.2744],[-2.1219,43.2747],[-2.1201,43.2689],[-2.1172,43.2673],[-2.1162,43.2632]]],[[[-2.1042,43.2749],[-2.0954,43.2705],[-2.0948,43.2732],[-2.1042,43.2749]]],[[[-2.093,43.2722],[-2.0908,43.2775],[-2.0848,43.276],[-2.0771,43.2774],[-2.0744,43.2813],[-2.0799,43.2814],[-2.0829,43.277],[-2.0882,43.2769],[-2.0934,43.2797],[-2.0958,43.2755],[-2.093,43.2722]]],[[[-2.1149,43.277],[-2.1182,43.2808],[-2.1199,43.2797],[-2.125,43.278],[-2.1239,43.2774],[-2.1217,43.2771],[-2.1205,43.2765],[-2.1189,43.2765],[-2.1149,43.277]]],[[[-2.1261,43.2776],[-2.123,43.2788],[-2.1199,43.2798],[-2.1184,43.282],[-2.124,43.2821],[-2.1261,43.2776]]],[[[-2.1129,43.2779],[-2.1022,43.2754],[-2.0981,43.2751],[-2.0965,43.2796],[-2.0907,43.2807],[-2.0889,43.2865],[-2.0942,43.2865],[-2.0981,43.2849],[-2.0966,43.2818],[-2.0998,43.2763],[-2.1065,43.2779],[-2.1129,43.2779]]],[[[-2.127,43.2895],[-2.1261,43.2869],[-2.12,43.2834],[-2.1165,43.2851],[-2.1204,43.2915],[-2.1128,43.2973],[-2.1094,43.2965],[-2.1081,43.2922],[-2.1006,43.2943],[-2.0911,43.3006],[-2.0902,43.3042],[-2.0853,43.3035],[-2.0827,43.3069],[-2.0905,43.3063],[-2.0963,43.3039],[-2.1029,43.303],[-2.1129,43.2994],[-2.1149,43.2968],[-2.1199,43.2957],[-2.127,43.2895]]],[[[-2.039,43.0733],[-2.0329,43.0705],[-2.0286,43.0672],[-2.0259,43.0697],[-2.0329,43.0749],[-2.0387,43.0762],[-2.0426,43.0851],[-2.0482,43.0886],[-2.0525,43.0991],[-2.0566,43.0968],[-2.057,43.0929],[-2.0518,43.09],[-2.0514,43.088],[-2.0426,43.0802],[-2.0439,43.0766],[-2.039,43.0733]]],[[[-2.0568,43.1137],[-2.0633,43.112],[-2.0624,43.1092],[-2.0713,43.1092],[-2.0728,43.1063],[-2.0649,43.1062],[-2.061,43.109],[-2.0613,43.1111],[-2.0585,43.1119],[-2.0576,43.1134],[-2.0558,43.1132],[-2.0544,43.1116],[-2.0519,43.1106],[-2.0466,43.112],[-2.0424,43.1082],[-2.0432,43.1052],[-2.0416,43.0968],[-2.0362,43.0946],[-2.0353,43.1035],[-2.0388,43.1061],[-2.0408,43.106],[-2.0411,43.1088],[-2.0462,43.1132],[-2.0513,43.1116],[-2.0543,43.1117],[-2.0556,43.1135],[-2.0568,43.1137]]],[[[-2.0355,43.1005],[-2.0335,43.0982],[-2.0296,43.0986],[-2.0267,43.1025],[-2.0274,43.1057],[-2.0337,43.1091],[-2.0395,43.109],[-2.04,43.1068],[-2.033,43.1041],[-2.0355,43.1005]]],[[[-2.0225,43.1164],[-2.0288,43.1156],[-2.0301,43.1129],[-2.0242,43.1109],[-2.0189,43.1115],[-2.0152,43.1137],[-2.0147,43.1173],[-2.0167,43.1198],[-2.0228,43.1224],[-2.028,43.1207],[-2.0314,43.1167],[-2.0287,43.1157],[-2.0225,43.1164]]],[[[-2.0691,43.1111],[-2.0644,43.1098],[-2.064,43.113],[-2.0698,43.1182],[-2.0693,43.1217],[-2.0734,43.1269],[-2.0762,43.1269],[-2.0744,43.1205],[-2.0765,43.1182],[-2.0738,43.117],[-2.0737,43.1149],[-2.0691,43.1111]]],[[[-2.0564,43.1171],[-2.054,43.119],[-2.0562,43.1227],[-2.0606,43.122],[-2.0564,43.1171]]],[[[-2.0456,43.1317],[-2.0477,43.1276],[-2.054,43.1225],[-2.0501,43.1206],[-2.0458,43.1221],[-2.0438,43.1249],[-2.0456,43.1317]]],[[[-2.0622,43.1305],[-2.0611,43.1273],[-2.0562,43.1228],[-2.0476,43.128],[-2.0492,43.1327],[-2.0622,43.1305]]],[[[-2.0699,43.1262],[-2.0642,43.1256],[-2.0613,43.1273],[-2.0687,43.1308],[-2.0699,43.1262]]],[[[-2.0464,43.1404],[-2.0499,43.1393],[-2.0475,43.1325],[-2.0449,43.1322],[-2.0429,43.1374],[-2.0464,43.1404]]],[[[-2.0648,43.1413],[-2.0696,43.1414],[-2.069,43.1385],[-2.0709,43.1339],[-2.0592,43.1334],[-2.0549,43.1397],[-2.0595,43.1428],[-2.0637,43.1436],[-2.0643,43.1466],[-2.0688,43.1459],[-2.0648,43.1413]]],[[[-2.0321,43.1448],[-2.0304,43.1461],[-2.0319,43.1506],[-2.037,43.1479],[-2.0368,43.142],[-2.0321,43.1448]]],[[[-2.0304,43.1462],[-2.0264,43.1459],[-2.0252,43.1486],[-2.0311,43.1507],[-2.0304,43.1462]]],[[[-2.0442,43.1785],[-2.0461,43.18],[-2.0485,43.1802],[-2.0495,43.1798],[-2.0498,43.1799],[-2.0499,43.1803],[-2.0503,43.1805],[-2.0514,43.1805],[-2.0525,43.181],[-2.0594,43.171],[-2.0653,43.166],[-2.0627,43.1617],[-2.056,43.1669],[-2.0526,43.1709],[-2.0522,43.1756],[-2.0442,43.1785]]],[[[-2.0577,43.1806],[-2.0557,43.1877],[-2.0598,43.1909],[-2.0705,43.1897],[-2.0662,43.1866],[-2.0615,43.1859],[-2.0651,43.1825],[-2.0657,43.1792],[-2.0638,43.1768],[-2.0681,43.1741],[-2.0745,43.1718],[-2.0778,43.1643],[-2.0729,43.164],[-2.0694,43.1696],[-2.067,43.1698],[-2.0596,43.1746],[-2.0577,43.1806]]],[[[-2.0399,43.1831],[-2.0448,43.1859],[-2.0483,43.1846],[-2.0491,43.1813],[-2.0502,43.1819],[-2.0521,43.1816],[-2.0514,43.1805],[-2.0503,43.1805],[-2.0499,43.1803],[-2.0495,43.1798],[-2.049,43.1802],[-2.0485,43.1802],[-2.0461,43.1801],[-2.0437,43.1789],[-2.0399,43.1831]]],[[[-2.0426,43.1952],[-2.0484,43.1957],[-2.051,43.1932],[-2.0515,43.1867],[-2.0401,43.1854],[-2.0458,43.1929],[-2.0426,43.1952]]],[[[-2.0709,43.1923],[-2.0677,43.1912],[-2.0649,43.1951],[-2.0723,43.1966],[-2.0709,43.1923]]],[[[-2.0621,43.2007],[-2.052,43.1984],[-2.0493,43.2027],[-2.0493,43.2065],[-2.053,43.2087],[-2.0576,43.2053],[-2.0577,43.2019],[-2.0621,43.2007]]],[[[-2.017,43.2077],[-2.0157,43.211],[-2.0237,43.2114],[-2.0293,43.2095],[-2.0354,43.2036],[-2.032,43.202],[-2.0249,43.2065],[-2.017,43.2077]]],[[[-2.044,43.2065],[-2.0417,43.2053],[-2.0367,43.2113],[-2.0276,43.2169],[-2.0282,43.2259],[-2.0263,43.2276],[-2.0292,43.231],[-2.0331,43.2277],[-2.0335,43.2201],[-2.041,43.2136],[-2.0408,43.2099],[-2.044,43.2065]]],[[[-2.0493,43.2197],[-2.045,43.22],[-2.0463,43.2247],[-2.0535,43.2217],[-2.0493,43.2197]]],[[[-2.035,43.2602],[-2.0274,43.2606],[-2.0259,43.2674],[-2.0299,43.2715],[-2.037,43.2713],[-2.0414,43.2678],[-2.0325,43.2643],[-2.035,43.2602]]],[[[-2.0547,43.2648],[-2.0605,43.2663],[-2.0643,43.2631],[-2.0591,43.2612],[-2.0547,43.2648]]],[[[-2.0652,43.2668],[-2.0611,43.2691],[-2.0623,43.274],[-2.065,43.2751],[-2.0652,43.2668]]],[[[-2.0349,43.2796],[-2.0345,43.2752],[-2.0315,43.2753],[-2.0302,43.2793],[-2.0349,43.2796]]],[[[-2.0455,43.2743],[-2.043,43.273],[-2.0386,43.2788],[-2.0418,43.2824],[-2.0443,43.2801],[-2.0446,43.2768],[-2.0455,43.2743]]],[[[-2.05,43.275],[-2.0449,43.2762],[-2.0443,43.2801],[-2.0541,43.2798],[-2.0554,43.2746],[-2.05,43.275]]],[[[-2.0287,43.2804],[-2.0305,43.2764],[-2.023,43.2783],[-2.0287,43.2804]]],[[[-2.0215,43.2999],[-2.0204,43.2973],[-2.0146,43.2969],[-2.0092,43.2985],[-2.0095,43.301],[-2.0218,43.2999],[-2.023,43.3021],[-2.0197,43.3046],[-2.02,43.3097],[-2.0168,43.3097],[-2.0144,43.3132],[-2.0144,43.3165],[-2.0155,43.3169],[-2.0184,43.317],[-2.0165,43.3176],[-2.0173,43.3191],[-2.0199,43.3184],[-2.0217,43.3165],[-2.0258,43.315],[-2.0284,43.3138],[-2.0296,43.3128],[-2.0321,43.3116],[-2.0331,43.3106],[-2.0348,43.3095],[-2.0399,43.3065],[-2.0402,43.3034],[-2.0317,43.3047],[-2.0255,43.3071],[-2.0267,43.3025],[-2.0252,43.2996],[-2.0213,43.2974],[-2.0215,43.2999]]],[[[-2.0628,43.3095],[-2.0408,43.3145],[-2.0448,43.3081],[-2.0401,43.3065],[-2.0373,43.3092],[-2.0333,43.3106],[-2.0324,43.3115],[-2.0301,43.3126],[-2.0283,43.3139],[-2.0276,43.3142],[-2.0283,43.3172],[-2.0268,43.3177],[-2.0257,43.3152],[-2.0216,43.3166],[-2.0198,43.3186],[-2.0173,43.3192],[-2.0165,43.3176],[-2.0144,43.3166],[-2.0129,43.3154],[-2.0053,43.3213],[-2.0084,43.3242],[-2.0127,43.3233],[-2.0146,43.3209],[-2.0224,43.3223],[-2.0246,43.3205],[-2.0305,43.321],[-2.0379,43.3173],[-2.0454,43.3169],[-2.0469,43.3146],[-2.0574,43.3123],[-2.0645,43.3121],[-2.0628,43.3095]]],[[[-2.0147,43.0916],[-2.0077,43.0871],[-2.0026,43.0862],[-1.9887,43.0789],[-1.9779,43.082],[-1.9709,43.0852],[-1.9703,43.0869],[-1.9757,43.0901],[-1.9807,43.0908],[-1.9842,43.0933],[-1.9894,43.0915],[-1.999,43.0858],[-2.0062,43.0877],[-2.0043,43.0952],[-2.0058,43.098],[-2.0117,43.1005],[-2.0185,43.099],[-2.0199,43.0953],[-2.0147,43.0916]]],[[[-1.9681,43.118],[-1.9687,43.1211],[-1.9751,43.1227],[-1.9827,43.118],[-1.9791,43.1169],[-1.9681,43.118]]],[[[-1.9869,43.1197],[-1.9843,43.1234],[-1.9871,43.1268],[-1.9916,43.1248],[-1.9869,43.1197]]],[[[-1.9728,43.1244],[-1.9688,43.1212],[-1.9649,43.1214],[-1.9664,43.1256],[-1.9738,43.1301],[-1.9816,43.1313],[-1.985,43.1303],[-1.979,43.1258],[-1.9728,43.1244]]],[[[-1.9919,43.1392],[-1.9971,43.1401],[-1.9987,43.1376],[-2.0029,43.1377],[-2.0043,43.134],[-1.9987,43.133],[-1.9929,43.1356],[-1.9919,43.1392]]],[[[-2.0025,43.1382],[-2.0081,43.1434],[-2.0117,43.1418],[-2.0255,43.1442],[-2.0266,43.1393],[-2.018,43.1408],[-2.0145,43.1393],[-2.0096,43.1399],[-2.0065,43.1359],[-2.0025,43.1382]]],[[[-2.009,43.15],[-2.0129,43.1476],[-2.0106,43.1436],[-2.0026,43.1432],[-2.0003,43.1411],[-1.992,43.1409],[-1.9921,43.1441],[-2.0014,43.1478],[-2.0068,43.1472],[-2.009,43.15]]],[[[-2.0173,43.1433],[-2.0106,43.1436],[-2.0151,43.1511],[-2.0182,43.1454],[-2.0173,43.1433]]],[[[-1.9997,43.1581],[-1.9956,43.1564],[-1.9951,43.1541],[-1.9902,43.1522],[-1.9881,43.1469],[-1.9823,43.1432],[-1.9786,43.1427],[-1.9771,43.1373],[-1.9711,43.1324],[-1.9641,43.1311],[-1.9613,43.1279],[-1.9521,43.121],[-1.9486,43.1204],[-1.9446,43.1167],[-1.9427,43.11],[-1.9406,43.1084],[-1.9331,43.1104],[-1.9311,43.1132],[-1.9269,43.1135],[-1.9211,43.1198],[-1.922,43.1219],[-1.9162,43.1284],[-1.9046,43.1346],[-1.906,43.1449],[-1.9111,43.1459],[-1.9201,43.15],[-1.9205,43.1564],[-1.916,43.1645],[-1.9168,43.1694],[-1.9206,43.1717],[-1.9211,43.1756],[-1.9293,43.1748],[-1.9392,43.1821],[-1.9436,43.1815],[-1.9504,43.1844],[-1.9535,43.1875],[-1.952,43.1926],[-1.9612,43.1923],[-1.9627,43.1979],[-1.958,43.2003],[-1.9546,43.2067],[-1.9575,43.2087],[-1.9531,43.2148],[-1.9592,43.2201],[-1.9601,43.2261],[-1.9573,43.2274],[-1.9494,43.2282],[-1.9424,43.2265],[-1.9397,43.2303],[-1.9478,43.2315],[-1.9498,43.2342],[-1.9456,43.2386],[-1.9417,43.2364],[-1.9368,43.2366],[-1.937,43.2396],[-1.9408,43.2408],[-1.9414,43.2437],[-1.948,43.2436],[-1.9501,43.2356],[-1.9555,43.2316],[-1.9614,43.2288],[-1.962,43.2234],[-1.9679,43.2201],[-1.9797,43.2216],[-1.9859,43.2205],[-1.9907,43.217],[-2.001,43.213],[-2.006,43.2127],[-2.0129,43.2105],[-2.0077,43.2054],[-2.0146,43.1926],[-2.0212,43.1898],[-2.0248,43.1871],[-2.025,43.1809],[-2.0208,43.1757],[-2.0194,43.1704],[-2.0172,43.17],[-2.0138,43.1617],[-2.0032,43.1611],[-1.9997,43.1581]]],[[[-1.9402,43.207],[-1.9428,43.2034],[-1.9367,43.1972],[-1.9328,43.197],[-1.9292,43.1911],[-1.9268,43.1916],[-1.9298,43.1971],[-1.9364,43.1992],[-1.9408,43.2031],[-1.9402,43.207]]],[[[-2.0038,43.2202],[-2.0081,43.2229],[-2.0149,43.2205],[-2.0143,43.2152],[-2.0118,43.2138],[-2.0038,43.2202]]],[[[-1.9904,43.223],[-1.984,43.2219],[-1.9864,43.228],[-1.9846,43.2323],[-1.9902,43.2315],[-1.9922,43.2293],[-1.9922,43.2249],[-1.9904,43.223]]],[[[-2.0246,43.2314],[-2.0254,43.2266],[-2.0172,43.2269],[-2.0158,43.2248],[-2.0086,43.2284],[-2.0159,43.2304],[-2.021,43.2294],[-2.0246,43.2314]]],[[[-1.9814,43.2312],[-1.9858,43.2269],[-1.9792,43.2253],[-1.9814,43.2312]]],[[[-2.0037,43.2347],[-2.0022,43.2404],[-1.9996,43.2433],[-2.0011,43.2467],[-1.9954,43.2486],[-1.9966,43.2516],[-2.0006,43.2509],[-2.0033,43.2453],[-2.0021,43.2423],[-2.0044,43.2398],[-2.0037,43.2347]]],[[[-1.9826,43.246],[-1.9841,43.247],[-1.985,43.2483],[-1.9879,43.2476],[-1.9894,43.2451],[-1.9855,43.2417],[-1.9826,43.246]]],[[[-2.0092,43.2545],[-2.0148,43.2561],[-2.0197,43.2508],[-2.0192,43.2476],[-2.0251,43.2435],[-2.0179,43.2426],[-2.0143,43.2448],[-2.0128,43.2493],[-2.0092,43.2545]]],[[[-1.9873,43.2493],[-1.985,43.2483],[-1.9841,43.247],[-1.9823,43.2466],[-1.9794,43.2502],[-1.9781,43.2558],[-1.98,43.2563],[-1.9873,43.2493]]],[[[-1.9834,43.2537],[-1.9783,43.2579],[-1.9843,43.2582],[-1.9863,43.2556],[-1.9834,43.2537]]],[[[-1.9721,43.2519],[-1.9707,43.2623],[-1.9754,43.2618],[-1.9783,43.2571],[-1.9773,43.253],[-1.9721,43.2519]]],[[[-1.9441,43.2523],[-1.9361,43.253],[-1.9389,43.2563],[-1.9456,43.2588],[-1.9461,43.2554],[-1.9441,43.2523]]],[[[-1.9976,43.2539],[-1.9967,43.2518],[-1.9896,43.252],[-1.9868,43.2573],[-1.9828,43.2593],[-1.9832,43.264],[-1.9892,43.2615],[-1.9976,43.2539]]],[[[-2.0059,43.263],[-2.0096,43.265],[-2.0142,43.2622],[-2.0117,43.2569],[-2.0059,43.263]]],[[[-1.9644,43.2582],[-1.9597,43.2593],[-1.9614,43.2655],[-1.9671,43.2644],[-1.967,43.2611],[-1.9644,43.2582]]],[[[-2.016,43.2656],[-2.015,43.2645],[-2.0059,43.2654],[-2.0036,43.2694],[-2.0055,43.2687],[-2.0094,43.2682],[-2.0113,43.2668],[-2.016,43.2656]]],[[[-1.9533,43.2642],[-1.9502,43.2673],[-1.956,43.2694],[-1.9596,43.2654],[-1.9533,43.2642]]],[[[-1.9892,43.2655],[-1.9846,43.2659],[-1.9845,43.2723],[-1.989,43.2741],[-1.9914,43.2686],[-1.9892,43.2655]]],[[[-2.0152,43.2674],[-2.0113,43.2668],[-2.0094,43.2682],[-2.0055,43.2687],[-2.0036,43.272],[-2.0008,43.2729],[-2.0014,43.2758],[-2.0076,43.2754],[-2.0144,43.2772],[-2.0152,43.2727],[-2.0072,43.2735],[-2.0097,43.2693],[-2.0152,43.2674]]],[[[-1.892,43.2833],[-1.8957,43.2812],[-1.9071,43.2698],[-1.9096,43.2754],[-1.9068,43.2814],[-1.9028,43.2827],[-1.8944,43.2828],[-1.8945,43.2868],[-1.9002,43.2856],[-1.9033,43.2833],[-1.9114,43.285],[-1.9155,43.2821],[-1.9197,43.2829],[-1.9194,43.2777],[-1.9235,43.2753],[-1.925,43.2732],[-1.93,43.2738],[-1.9308,43.2761],[-1.9361,43.2789],[-1.9305,43.2844],[-1.9358,43.2861],[-1.9419,43.2815],[-1.9465,43.281],[-1.951,43.2773],[-1.9534,43.2699],[-1.95,43.2672],[-1.9465,43.2679],[-1.9466,43.2718],[-1.9411,43.2703],[-1.9375,43.2713],[-1.9341,43.267],[-1.9287,43.2662],[-1.9263,43.2695],[-1.9284,43.2716],[-1.9245,43.2727],[-1.9231,43.2748],[-1.919,43.2756],[-1.9094,43.2734],[-1.9082,43.2699],[-1.9045,43.2685],[-1.9034,43.2722],[-1.8954,43.2806],[-1.892,43.2833]]],[[[-1.9615,43.2749],[-1.9585,43.2749],[-1.9567,43.2811],[-1.9655,43.2768],[-1.976,43.2798],[-1.9778,43.2764],[-1.9759,43.2743],[-1.9692,43.2738],[-1.9615,43.2749]]],[[[-1.9369,43.2859],[-1.941,43.2888],[-1.9476,43.287],[-1.9448,43.2845],[-1.94,43.2835],[-1.9369,43.2859]]],[[[-1.993,43.2786],[-1.9873,43.2802],[-1.9898,43.283],[-1.9894,43.2871],[-1.9942,43.2909],[-1.9971,43.2886],[-1.9949,43.2844],[-1.9998,43.2845],[-2.0016,43.2799],[-1.9981,43.2795],[-1.9936,43.2838],[-1.9892,43.2819],[-1.993,43.2786]]],[[[-1.9867,43.2846],[-1.9867,43.279],[-1.9806,43.2753],[-1.979,43.2794],[-1.9837,43.2817],[-1.9801,43.2845],[-1.9728,43.2848],[-1.968,43.2877],[-1.9659,43.2855],[-1.9612,43.2844],[-1.9573,43.2868],[-1.9568,43.2909],[-1.9585,43.2952],[-1.9584,43.2995],[-1.963,43.2989],[-1.9621,43.2947],[-1.9682,43.291],[-1.9751,43.289],[-1.9792,43.2891],[-1.9799,43.2856],[-1.9867,43.2846]]],[[[-2.0125,43.289],[-2.0068,43.2908],[-2.0131,43.294],[-2.0125,43.289]]],[[[-1.8909,43.29],[-1.8909,43.2922],[-1.8857,43.2974],[-1.8842,43.301],[-1.8888,43.3017],[-1.8973,43.2934],[-1.8945,43.2896],[-1.8962,43.2872],[-1.9004,43.2869],[-1.9012,43.2909],[-1.9082,43.2851],[-1.9033,43.2835],[-1.9002,43.2857],[-1.8943,43.2869],[-1.8913,43.2865],[-1.8909,43.29]]],[[[-1.8893,43.3153],[-1.8887,43.3111],[-1.8815,43.3113],[-1.8813,43.3136],[-1.8893,43.3153]]],[[[-1.8818,43.3234],[-1.8847,43.3201],[-1.8922,43.3207],[-1.8943,43.317],[-1.8894,43.3162],[-1.882,43.3196],[-1.8818,43.3234]]],[[[-1.9011,43.324],[-1.8965,43.324],[-1.8964,43.3262],[-1.8955,43.3285],[-1.9002,43.3285],[-1.9054,43.326],[-1.9011,43.324]]],[[[-1.9329,43.2331],[-1.9309,43.2301],[-1.9317,43.2261],[-1.9283,43.2237],[-1.9244,43.2243],[-1.9214,43.2199],[-1.9169,43.2214],[-1.9119,43.2271],[-1.9084,43.2246],[-1.91,43.2206],[-1.9044,43.2198],[-1.9051,43.2154],[-1.9029,43.2113],[-1.8951,43.2096],[-1.8859,43.2138],[-1.8811,43.2124],[-1.8817,43.2208],[-1.8808,43.2249],[-1.8816,43.2296],[-1.8762,43.2324],[-1.8725,43.2293],[-1.8663,43.2302],[-1.8665,43.2262],[-1.8639,43.2223],[-1.8661,43.218],[-1.8548,43.2157],[-1.8535,43.2209],[-1.8452,43.2254],[-1.8407,43.2241],[-1.8322,43.2275],[-1.8303,43.2292],[-1.8256,43.2286],[-1.8225,43.2314],[-1.8225,43.2359],[-1.8199,43.2375],[-1.8056,43.2403],[-1.804,43.2446],[-1.7951,43.2463],[-1.7958,43.2537],[-1.793,43.2564],[-1.7952,43.2646],[-1.7913,43.2693],[-1.7942,43.2765],[-1.787,43.2796],[-1.7828,43.2859],[-1.7732,43.289],[-1.7647,43.2859],[-1.7613,43.2895],[-1.7503,43.2926],[-1.7453,43.2931],[-1.7401,43.2959],[-1.7301,43.2943],[-1.7341,43.3014],[-1.7342,43.3062],[-1.7379,43.3136],[-1.7418,43.3172],[-1.7383,43.321],[-1.739,43.3257],[-1.7378,43.3304],[-1.7414,43.3314],[-1.7499,43.3306],[-1.7538,43.3333],[-1.7555,43.3383],[-1.7635,43.3375],[-1.7701,43.3343],[-1.7739,43.3349],[-1.7768,43.3317],[-1.7774,43.3279],[-1.7779,43.3265],[-1.7763,43.3249],[-1.7759,43.3236],[-1.7755,43.3233],[-1.7744,43.323],[-1.7735,43.3231],[-1.7727,43.323],[-1.7719,43.3228],[-1.7708,43.3221],[-1.7706,43.3216],[-1.7713,43.3217],[-1.7721,43.3205],[-1.7719,43.3197],[-1.7711,43.3203],[-1.7696,43.3196],[-1.7682,43.3185],[-1.7639,43.3182],[-1.7627,43.3177],[-1.7619,43.3169],[-1.7621,43.3158],[-1.7591,43.3147],[-1.7566,43.3109],[-1.7554,43.308],[-1.7554,43.3068],[-1.7565,43.3052],[-1.7634,43.3013],[-1.7672,43.3004],[-1.7696,43.2979],[-1.7711,43.298],[-1.7718,43.2982],[-1.7725,43.2982],[-1.7737,43.2976],[-1.7741,43.2972],[-1.7758,43.2961],[-1.7777,43.2954],[-1.7773,43.293],[-1.7783,43.2921],[-1.7795,43.2931],[-1.7811,43.2929],[-1.79,43.2969],[-1.794,43.2965],[-1.796,43.2954],[-1.7976,43.2951],[-1.8011,43.2949],[-1.8025,43.2939],[-1.8049,43.294],[-1.8066,43.295],[-1.8076,43.2923],[-1.8089,43.2921],[-1.8089,43.2916],[-1.8084,43.2912],[-1.8086,43.2909],[-1.8089,43.291],[-1.8093,43.2915],[-1.8095,43.2921],[-1.8103,43.2923],[-1.8107,43.2925],[-1.8111,43.293],[-1.8114,43.2934],[-1.8117,43.2935],[-1.8125,43.2932],[-1.8133,43.2932],[-1.8142,43.2929],[-1.8179,43.288],[-1.8255,43.2867],[-1.8302,43.2914],[-1.834,43.2888],[-1.8317,43.2857],[-1.8353,43.2853],[-1.836,43.2831],[-1.8369,43.2823],[-1.837,43.2786],[-1.8402,43.2784],[-1.8482,43.2822],[-1.8504,43.2809],[-1.8515,43.2763],[-1.8602,43.2791],[-1.8632,43.2783],[-1.8673,43.2728],[-1.8734,43.2715],[-1.8799,43.2679],[-1.8818,43.27],[-1.8778,43.2728],[-1.8766,43.2764],[-1.8846,43.2777],[-1.8848,43.2736],[-1.892,43.2678],[-1.8951,43.2702],[-1.9034,43.2692],[-1.9071,43.2663],[-1.9092,43.2701],[-1.9152,43.268],[-1.9147,43.2628],[-1.9215,43.2587],[-1.9263,43.2586],[-1.9335,43.2533],[-1.939,43.2524],[-1.9474,43.2522],[-1.9517,43.2484],[-1.9464,43.245],[-1.9416,43.2445],[-1.9377,43.2405],[-1.934,43.2404],[-1.9318,43.2392],[-1.9313,43.2397],[-1.9292,43.2398],[-1.9271,43.2416],[-1.9256,43.2414],[-1.9228,43.2427],[-1.9217,43.243],[-1.9207,43.2432],[-1.9184,43.2429],[-1.9178,43.2435],[-1.9137,43.2446],[-1.9122,43.244],[-1.9103,43.2374],[-1.917,43.2352],[-1.9249,43.2347],[-1.9296,43.2321],[-1.9321,43.238],[-1.9195,43.2413],[-1.9199,43.2418],[-1.9212,43.2431],[-1.9228,43.2427],[-1.9232,43.2423],[-1.9256,43.2414],[-1.9271,43.2416],[-1.9292,43.2397],[-1.9312,43.2397],[-1.9318,43.2391],[-1.9329,43.2389],[-1.9338,43.2391],[-1.9329,43.2331]],[[-1.8988,43.2539],[-1.9015,43.2541],[-1.9037,43.2578],[-1.899,43.2629],[-1.8964,43.2585],[-1.8988,43.2539]],[[-1.7594,43.3217],[-1.7671,43.3247],[-1.7683,43.3319],[-1.7647,43.3341],[-1.7558,43.3349],[-1.7533,43.3307],[-1.7501,43.3291],[-1.7413,43.3277],[-1.7437,43.3231],[-1.7489,43.3232],[-1.7538,43.3211],[-1.7594,43.3217]]],[[[-1.8587,43.2803],[-1.855,43.2813],[-1.855,43.2862],[-1.8567,43.2889],[-1.8567,43.291],[-1.8612,43.2924],[-1.8627,43.2908],[-1.8645,43.292],[-1.8652,43.2895],[-1.8651,43.2888],[-1.8641,43.2871],[-1.8632,43.2861],[-1.859,43.2864],[-1.8587,43.2803]]],[[[-1.8488,43.2915],[-1.8457,43.2904],[-1.845,43.2856],[-1.8393,43.2832],[-1.8378,43.2821],[-1.836,43.2831],[-1.8353,43.2853],[-1.8354,43.2872],[-1.845,43.2915],[-1.8488,43.2915]]],[[[-1.8532,43.284],[-1.8488,43.286],[-1.8485,43.2908],[-1.854,43.2929],[-1.8559,43.2884],[-1.8532,43.284]]],[[[-1.8806,43.2924],[-1.8728,43.2892],[-1.8719,43.287],[-1.864,43.2858],[-1.8641,43.2871],[-1.8645,43.2875],[-1.8651,43.2888],[-1.8652,43.2895],[-1.8669,43.2911],[-1.8666,43.2933],[-1.878,43.2985],[-1.8806,43.2924]]],[[[-1.8793,43.3016],[-1.8722,43.2989],[-1.869,43.3012],[-1.8746,43.3037],[-1.8793,43.3016]]],[[[-1.8656,43.3079],[-1.8694,43.3061],[-1.8653,43.3018],[-1.8586,43.3016],[-1.8531,43.3041],[-1.8656,43.3079]]],[[[-1.8438,43.3037],[-1.8365,43.3067],[-1.8383,43.3094],[-1.8446,43.3089],[-1.8475,43.3045],[-1.8438,43.3037]]],[[[-1.8687,43.3073],[-1.8667,43.3107],[-1.8704,43.3137],[-1.8759,43.3078],[-1.8716,43.3058],[-1.8687,43.3073]]],[[[-1.8504,43.3094],[-1.8439,43.3101],[-1.8463,43.3129],[-1.8509,43.3117],[-1.8504,43.3094]]],[[[-1.8125,43.2958],[-1.8147,43.293],[-1.8116,43.2935],[-1.8113,43.2934],[-1.8111,43.293],[-1.8105,43.2924],[-1.8095,43.2921],[-1.8093,43.2915],[-1.8088,43.291],[-1.8084,43.2912],[-1.8089,43.2916],[-1.809,43.2921],[-1.8096,43.2927],[-1.8089,43.2928],[-1.8072,43.2937],[-1.8065,43.2957],[-1.8049,43.2941],[-1.8026,43.2939],[-1.8015,43.2948],[-1.796,43.2954],[-1.794,43.2966],[-1.79,43.297],[-1.7811,43.2929],[-1.7795,43.2931],[-1.7782,43.2922],[-1.7774,43.293],[-1.7778,43.2954],[-1.7756,43.2962],[-1.7738,43.2976],[-1.7727,43.2982],[-1.7722,43.2983],[-1.7698,43.2979],[-1.7673,43.3004],[-1.7634,43.3013],[-1.7565,43.3052],[-1.7554,43.3071],[-1.7566,43.3109],[-1.7591,43.3147],[-1.7622,43.3158],[-1.7626,43.3176],[-1.7644,43.3182],[-1.7682,43.3184],[-1.7696,43.3195],[-1.7713,43.32],[-1.7715,43.3191],[-1.772,43.3196],[-1.7722,43.3206],[-1.7715,43.3217],[-1.7708,43.3221],[-1.7719,43.3227],[-1.7726,43.3229],[-1.7737,43.323],[-1.7743,43.323],[-1.7749,43.323],[-1.7756,43.3233],[-1.7759,43.3236],[-1.7763,43.3248],[-1.778,43.3262],[-1.7771,43.3304],[-1.7794,43.3327],[-1.7887,43.3306],[-1.7881,43.3261],[-1.79,43.3216],[-1.7826,43.324],[-1.7756,43.3221],[-1.7746,43.3192],[-1.7789,43.3174],[-1.7817,43.3134],[-1.7856,43.3127],[-1.7879,43.31],[-1.7849,43.3074],[-1.7848,43.3024],[-1.7874,43.2995],[-1.7906,43.3023],[-1.7962,43.2977],[-1.8089,43.2954],[-1.8125,43.2958]]],[[[-1.848,43.3135],[-1.8462,43.3129],[-1.8439,43.3101],[-1.8417,43.3102],[-1.8393,43.3141],[-1.8433,43.3149],[-1.848,43.3135]]],[[[-1.8087,43.3261],[-1.813,43.327],[-1.8222,43.3216],[-1.8172,43.3207],[-1.8108,43.3235],[-1.8115,43.3253],[-1.8108,43.3257],[-1.8091,43.3256],[-1.8087,43.3261]]],[[[-1.8107,43.3188],[-1.8102,43.324],[-1.8061,43.3258],[-1.7958,43.3276],[-1.7921,43.3223],[-1.7888,43.3257],[-1.7908,43.33],[-1.7975,43.3306],[-1.8065,43.3276],[-1.8076,43.3253],[-1.8108,43.3257],[-1.8115,43.3253],[-1.8106,43.3234],[-1.8109,43.3205],[-1.812,43.3196],[-1.8107,43.3188]]],[[[-1.773,43.3423],[-1.7776,43.3449],[-1.7779,43.3479],[-1.7841,43.3463],[-1.7781,43.3432],[-1.773,43.3423]]],[[[-1.8038,43.3495],[-1.7996,43.3535],[-1.7972,43.3581],[-1.802,43.3651],[-1.818,43.3641],[-1.8195,43.3656],[-1.8181,43.367],[-1.822,43.3671],[-1.8263,43.3668],[-1.8274,43.3692],[-1.8326,43.3694],[-1.8307,43.3667],[-1.8308,43.3656],[-1.8295,43.3655],[-1.8314,43.3642],[-1.8329,43.3635],[-1.8339,43.3639],[-1.8344,43.3638],[-1.8346,43.3635],[-1.8345,43.3625],[-1.8345,43.362],[-1.8366,43.3599],[-1.8396,43.3591],[-1.8417,43.3546],[-1.8462,43.3504],[-1.8485,43.3499],[-1.8513,43.3507],[-1.8543,43.3485],[-1.8634,43.3444],[-1.8645,43.3427],[-1.8651,43.3422],[-1.8665,43.3414],[-1.868,43.3407],[-1.871,43.3397],[-1.8715,43.3387],[-1.8719,43.3385],[-1.8748,43.3376],[-1.8774,43.3375],[-1.8844,43.3351],[-1.8888,43.3359],[-1.8996,43.3334],[-1.8954,43.3285],[-1.8964,43.3262],[-1.8911,43.324],[-1.886,43.3254],[-1.8907,43.3283],[-1.8907,43.3301],[-1.8726,43.3356],[-1.8711,43.3337],[-1.8544,43.3377],[-1.8527,43.3361],[-1.8431,43.3316],[-1.8355,43.3316],[-1.8322,43.3345],[-1.8463,43.3383],[-1.848,43.3402],[-1.8406,43.3419],[-1.8391,43.3436],[-1.8316,43.3417],[-1.828,43.343],[-1.8333,43.3469],[-1.8236,43.3475],[-1.824,43.3448],[-1.8203,43.3427],[-1.8129,43.3472],[-1.8038,43.3495]]],[[[-1.7957,43.3454],[-1.7884,43.3502],[-1.7918,43.3518],[-1.7968,43.3497],[-1.8005,43.346],[-1.7957,43.3454]]],[[[-1.8098,43.3725],[-1.8066,43.3667],[-1.8026,43.3664],[-1.8045,43.3712],[-1.8023,43.3795],[-1.7992,43.3816],[-1.7903,43.3901],[-1.7913,43.3934],[-1.7944,43.3938],[-1.8004,43.3908],[-1.8143,43.3875],[-1.8206,43.385],[-1.8318,43.3841],[-1.8403,43.3808],[-1.843,43.3775],[-1.852,43.3773],[-1.8547,43.3744],[-1.8598,43.3738],[-1.8612,43.3703],[-1.8648,43.3719],[-1.8708,43.3691],[-1.8717,43.3643],[-1.8757,43.3609],[-1.8792,43.3541],[-1.8831,43.3494],[-1.8853,43.3492],[-1.8963,43.3439],[-1.9041,43.3411],[-1.909,43.3404],[-1.9112,43.3384],[-1.9186,43.3362],[-1.9191,43.3332],[-1.9238,43.3323],[-1.9233,43.3299],[-1.9161,43.3255],[-1.9096,43.3274],[-1.9113,43.3309],[-1.898,43.3347],[-1.8938,43.3428],[-1.8896,43.3436],[-1.884,43.3422],[-1.8795,43.3425],[-1.874,43.3407],[-1.8777,43.3391],[-1.8774,43.3375],[-1.8748,43.3377],[-1.8719,43.3386],[-1.8709,43.3398],[-1.868,43.3408],[-1.8666,43.3414],[-1.8648,43.3424],[-1.8639,43.3437],[-1.8637,43.3443],[-1.8545,43.3484],[-1.8513,43.3508],[-1.8463,43.3504],[-1.8417,43.3547],[-1.8397,43.3591],[-1.8367,43.3599],[-1.8345,43.362],[-1.8347,43.3633],[-1.8347,43.3637],[-1.8344,43.3639],[-1.8338,43.3639],[-1.8329,43.3635],[-1.8297,43.3655],[-1.8309,43.3656],[-1.8315,43.3662],[-1.8308,43.3669],[-1.8327,43.3694],[-1.83,43.37],[-1.8274,43.3692],[-1.8263,43.3668],[-1.8218,43.3672],[-1.8194,43.3672],[-1.8181,43.3691],[-1.8098,43.3725]],[[-1.8701,43.3595],[-1.8655,43.359],[-1.8626,43.3535],[-1.8648,43.351],[-1.8689,43.352],[-1.8643,43.3562],[-1.8685,43.357],[-1.8701,43.3595]]]]},"properties":{"Layer":"ZONAS_DE_EXCLUSION_EOLICA_2026"}}
]}