{"type":"FeatureCollection", "features": [
{"type":"Feature","geometry":{"type":"MultiPolygon","coordinates":[[[[-1.9707,43.0938],[-1.9707,43.09355],[-1.96765,43.09455],[-1.96805,43.0951],[-1.96795,43.09575],[-1.96745,43.09555],[-1.9673,43.09615],[-1.9685,43.09585],[-1.9684,43.09565],[-1.97055,43.09565],[-1.9707,43.0945],[-1.9707,43.0938]]],[[[-1.9783,43.0957],[-1.9787,43.09585],[-1.9787,43.0963],[-1.97825,43.0964],[-1.97825,43.09725],[-1.97855,43.09755],[-1.98,43.09785],[-1.9813,43.09785],[-1.98115,43.09755],[-1.9805,43.09755],[-1.9803,43.0969],[-1.9813,43.09635],[-1.98155,43.09555],[-1.9823,43.09505],[-1.983,43.09505],[-1.98325,43.09595],[-1.98265,43.09615],[-1.983,43.0967],[-1.9831,43.0975],[-1.9822,43.09675],[-1.98175,43.0973],[-1.983,43.09785],[-1.9852,43.09745],[-1.98695,43.09675],[-1.9878,43.09625],[-1.9883,43.09585],[-1.9895,43.0956],[-1.99045,43.09525],[-1.9915,43.0946],[-1.9922,43.0936],[-1.99235,43.0931],[-1.99235,43.0922],[-1.9922,43.09165],[-1.9917,43.0909],[-1.9912,43.09045],[-1.99045,43.09045],[-1.98935,43.09155],[-1.987,43.0924],[-1.9864,43.09275],[-1.98595,43.09275],[-1.98465,43.0932],[-1.9845,43.0935],[-1.98355,43.0939],[-1.9823,43.0939],[-1.9817,43.09355],[-1.98135,43.09165],[-1.9801,43.0916],[-1.97925,43.09175],[-1.9784,43.092],[-1.9774,43.09255],[-1.977,43.09295],[-1.9773,43.0932],[-1.97615,43.0941],[-1.97575,43.09365],[-1.97595,43.0933],[-1.97655,43.093],[-1.97655,43.0917],[-1.97645,43.09115],[-1.9759,43.09015],[-1.97435,43.0896],[-1.97345,43.08885],[-1.97295,43.0887],[-1.97165,43.0887],[-1.97235,43.0901],[-1.97335,43.09155],[-1.9716,43.09325],[-1.97115,43.0934],[-1.97155,43.09405],[-1.97155,43.095],[-1.97125,43.09495],[-1.9712,43.0963],[-1.97,43.0963],[-1.96995,43.09655],[-1.96885,43.09655],[-1.96875,43.0963],[-1.9673,43.0963],[-1.9671,43.0977],[-1.96715,43.0982],[-1.9677,43.10055],[-1.9688,43.10305],[-1.96975,43.104],[-1.9711,43.1046],[-1.97205,43.1048],[-1.97365,43.10475],[-1.975,43.1043],[-1.97575,43.10385],[-1.97655,43.10305],[-1.9769,43.1022],[-1.97695,43.1015],[-1.97685,43.1008],[-1.97595,43.0988],[-1.9757,43.09765],[-1.976,43.0962],[-1.9757,43.09595],[-1.976,43.0956],[-1.97615,43.0949],[-1.97675,43.0949],[-1.9765,43.0958],[-1.9771,43.0966],[-1.97795,43.0968],[-1.97795,43.09615],[-1.9783,43.0957]],[[-1.9783,43.0957],[-1.9781,43.0952],[-1.9786,43.0943],[-1.97925,43.0941],[-1.9792,43.0948],[-1.97895,43.0952],[-1.9783,43.0957]],[[-1.9792,43.0948],[-1.9795,43.0948],[-1.97955,43.09415],[-1.9802,43.0943],[-1.98005,43.0952],[-1.9797,43.09555],[-1.9792,43.09555],[-1.9792,43.0948]],[[-1.9851,43.0964],[-1.98425,43.0965],[-1.9841,43.09575],[-1.98535,43.0954],[-1.9866,43.09535],[-1.9867,43.09595],[-1.9861,43.09605],[-1.9856,43.0958],[-1.9851,43.096],[-1.9851,43.0964]],[[-1.9687,43.0979],[-1.9691,43.09765],[-1.96995,43.0976],[-1.9702,43.0972],[-1.97095,43.09695],[-1.97095,43.09785],[-1.96995,43.0979],[-1.96995,43.0982],[-1.9693,43.09835],[-1.9684,43.0983],[-1.9687,43.0979]],[[-1.9697,43.0991],[-1.96955,43.09945],[-1.9689,43.09955],[-1.9687,43.09935],[-1.96945,43.099],[-1.9697,43.0991]]]]},"properties":{"CODIGO":"E003G","ZLS":"Eólica","HECTARIAS":145.046649189}},
{"type":"Feature","geometry":{"type":"MultiPolygon","coordinates":[[[[-2.4299,43.2822],[-2.4304,43.2822],[-2.43205,43.2834],[-2.4343,43.28345],[-2.43705,43.2867],[-2.4375,43.2871],[-2.43995,43.28825],[-2.4401,43.2908],[-2.44005,43.2914],[-2.4389,43.2927],[-2.4385,43.29345],[-2.4387,43.29415],[-2.43985,43.2954],[-2.4391,43.2977],[-2.43845,43.2984],[-2.4371,43.2996],[-2.43875,43.30005],[-2.4399,43.30005],[-2.4411,43.2998],[-2.4424,43.2992],[-2.44335,43.2982],[-2.44365,43.29745],[-2.4427,43.2977],[-2.44245,43.2974],[-2.44255,43.2969],[-2.4432,43.29635],[-2.44405,43.29615],[-2.44405,43.29535],[-2.44385,43.2946],[-2.4435,43.29395],[-2.4427,43.2934],[-2.44345,43.29335],[-2.444,43.29275],[-2.44345,43.29175],[-2.4433,43.2909],[-2.4429,43.29025],[-2.44315,43.2897],[-2.44265,43.28915],[-2.44285,43.28875],[-2.4422,43.28875],[-2.44205,43.2882],[-2.44315,43.2882],[-2.44375,43.2887],[-2.44375,43.2895],[-2.4433,43.2892],[-2.44325,43.29055],[-2.44355,43.29175],[-2.4439,43.2925],[-2.44425,43.29225],[-2.4444,43.2916],[-2.44425,43.2894],[-2.44415,43.28845],[-2.44375,43.28725],[-2.4431,43.2863],[-2.44235,43.28575],[-2.44055,43.2847],[-2.43865,43.28515],[-2.43895,43.2848],[-2.44,43.2847],[-2.44015,43.2843],[-2.4397,43.28395],[-2.43965,43.2836],[-2.4387,43.2823],[-2.4376,43.28125],[-2.43685,43.2808],[-2.4361,43.28055],[-2.4345,43.28015],[-2.43295,43.28015],[-2.43135,43.2804],[-2.43015,43.2808],[-2.4303,43.28175],[-2.4299,43.2822]],[[-2.43485,43.28115],[-2.4356,43.28115],[-2.43595,43.28145],[-2.43595,43.282],[-2.434,43.28215],[-2.43325,43.2825],[-2.43225,43.2825],[-2.4312,43.28235],[-2.4321,43.28135],[-2.4325,43.2818],[-2.43365,43.28185],[-2.4344,43.28145],[-2.4355,43.28145],[-2.4355,43.28125],[-2.4343,43.2812],[-2.43305,43.2815],[-2.43285,43.28125],[-2.4335,43.28085],[-2.43485,43.28115]]],[[[-2.43245,43.30255],[-2.43265,43.30275],[-2.4327,43.3034],[-2.4338,43.30375],[-2.4334,43.30405],[-2.43165,43.3049],[-2.4311,43.3057],[-2.43005,43.30755],[-2.42825,43.30905],[-2.42625,43.3099],[-2.4256,43.3105],[-2.42455,43.3111],[-2.42555,43.31175],[-2.4265,43.31215],[-2.4281,43.3123],[-2.4274,43.31185],[-2.42755,43.31075],[-2.4288,43.31075],[-2.429,43.3115],[-2.4284,43.3118],[-2.4289,43.31225],[-2.4303,43.3118],[-2.43185,43.3109],[-2.4313,43.3102],[-2.43045,43.30945],[-2.43005,43.3089],[-2.43065,43.3089],[-2.43095,43.30935],[-2.43165,43.30935],[-2.43185,43.31],[-2.4325,43.31025],[-2.43295,43.31],[-2.43355,43.30925],[-2.43385,43.30855],[-2.4339,43.3078],[-2.43515,43.30705],[-2.436,43.306],[-2.43415,43.306],[-2.43475,43.3057],[-2.43465,43.3054],[-2.4358,43.3056],[-2.43615,43.3055],[-2.43655,43.3038],[-2.43655,43.3029],[-2.4363,43.3022],[-2.4359,43.30165],[-2.4352,43.301],[-2.434,43.30045],[-2.43265,43.3011],[-2.4322,43.302],[-2.43245,43.30255]],[[-2.43475,43.3043],[-2.43515,43.3044],[-2.43515,43.305],[-2.43475,43.3051],[-2.43315,43.3051],[-2.43315,43.30455],[-2.43415,43.30455],[-2.43465,43.30485],[-2.43475,43.3043]]],[[[-2.4361,43.30575],[-2.435,43.30555],[-2.435,43.30575],[-2.4361,43.30575]]],[[[-2.4179,43.26745],[-2.41885,43.26845],[-2.41925,43.2695],[-2.4194,43.27095],[-2.42065,43.2683],[-2.4208,43.26765],[-2.42055,43.2667],[-2.4201,43.26615],[-2.4201,43.26535],[-2.42035,43.26495],[-2.4195,43.26465],[-2.4185,43.2645],[-2.4173,43.2645],[-2.4163,43.2647],[-2.41565,43.2645],[-2.4145,43.2643],[-2.41155,43.26455],[-2.41075,43.2647],[-2.4099,43.26505],[-2.4091,43.2656],[-2.40985,43.26585],[-2.4109,43.2659],[-2.4127,43.26715],[-2.41245,43.2676],[-2.41355,43.2677],[-2.4146,43.26725],[-2.4158,43.26745],[-2.4179,43.26745]]],[[[-2.42355,43.2718],[-2.423,43.27185],[-2.42295,43.2723],[-2.42315,43.2728],[-2.42485,43.27285],[-2.42605,43.2729],[-2.42715,43.27335],[-2.42775,43.27385],[-2.4285,43.27475],[-2.42875,43.27525],[-2.42945,43.2761],[-2.42955,43.2753],[-2.42925,43.27455],[-2.4284,43.2736],[-2.4274,43.27305],[-2.42655,43.2728],[-2.4251,43.27265],[-2.4234,43.27235],[-2.42355,43.2718]]]]},"properties":{"CODIGO":"E020BG","ZLS":"Eólica","HECTARIAS":160.47357522}},
{"type":"Feature","geometry":{"type":"MultiPolygon","coordinates":[[[[-3.0002,43.19765],[-3.0017,43.19725],[-3.0017,43.1969],[-3.0023,43.19645],[-3.00315,43.1961],[-3.0039,43.19605],[-3.00405,43.19585],[-3.00535,43.19565],[-3.0045,43.19495],[-3.00385,43.1946],[-3.0028,43.1943],[-3.002,43.1942],[-3.001,43.19425],[-2.99845,43.1947],[-2.9965,43.1953],[-2.9946,43.1957],[-2.9932,43.19575],[-2.9931,43.19595],[-2.99345,43.19825],[-2.9931,43.19855],[-2.99315,43.199],[-2.99425,43.19875],[-2.9959,43.19865],[-3.0002,43.19765]],[[-2.99805,43.1953],[-2.99765,43.19585],[-2.9978,43.1964],[-2.9977,43.1968],[-2.9968,43.1971],[-2.99635,43.19675],[-2.99675,43.1961],[-2.99725,43.19605],[-2.9976,43.19555],[-2.99805,43.1953]],[[-2.9968,43.1972],[-2.9964,43.1979],[-2.99575,43.19795],[-2.9961,43.1972],[-2.9968,43.1972]]],[[[-3.0012,43.1974],[-2.99965,43.19785],[-2.9959,43.1987],[-2.9943,43.1988],[-2.99315,43.19905],[-2.99235,43.1996],[-2.9914,43.19995],[-2.9879,43.2009],[-2.98655,43.20085],[-2.98425,43.2004],[-2.98335,43.20035],[-2.9825,43.2005],[-2.98145,43.2019],[-2.9808,43.20175],[-2.9801,43.20125],[-2.9802,43.20055],[-2.98005,43.19955],[-2.9798,43.19935],[-2.9798,43.20115],[-2.9794,43.2016],[-2.98005,43.2018],[-2.9809,43.2018],[-2.981,43.20225],[-2.9803,43.20205],[-2.9794,43.20205],[-2.97785,43.20315],[-2.9767,43.20315],[-2.9766,43.20385],[-2.97635,43.20405],[-2.97635,43.20495],[-2.9772,43.2043],[-2.97755,43.20385],[-2.9794,43.20385],[-2.98005,43.20405],[-2.98005,43.2043],[-2.9806,43.20475],[-2.981,43.20475],[-2.98125,43.20545],[-2.9827,43.2052],[-2.98425,43.20445],[-2.9851,43.20375],[-2.9859,43.20365],[-2.98665,43.204],[-2.98805,43.2041],[-2.98935,43.20395],[-2.9914,43.2035],[-2.9914,43.20225],[-2.9905,43.20205],[-2.99045,43.20115],[-2.9911,43.20115],[-2.9917,43.20135],[-2.9917,43.2018],[-2.9921,43.20185],[-2.9921,43.20295],[-2.9926,43.20295],[-2.9926,43.2016],[-2.9923,43.2016],[-2.9923,43.2007],[-2.9929,43.20045],[-2.9929,43.1998],[-2.99355,43.1998],[-2.99355,43.19935],[-2.99415,43.19935],[-2.99445,43.19885],[-2.9966,43.1989],[-2.9969,43.19925],[-2.99705,43.2004],[-2.9975,43.2007],[-2.9984,43.20095],[-2.99875,43.20135],[-3.00125,43.2007],[-3.00315,43.20035],[-3.00445,43.1998],[-3.00435,43.19965],[-3.00525,43.19875],[-3.00555,43.19885],[-3.00595,43.198],[-3.005,43.19765],[-3.0049,43.1973],[-3.00315,43.1975],[-3.0023,43.19775],[-3.0017,43.1973],[-3.0012,43.1974]],[[-3.00355,43.19935],[-3.0028,43.1991],[-3.00255,43.1987],[-3.00335,43.1984],[-3.0039,43.1983],[-3.00355,43.19935]],[[-3,43.1989],[-3.0003,43.1991],[-3.00095,43.1991],[-3.00125,43.19955],[-3.00125,43.20025],[-3.00065,43.1999],[-2.9995,43.1996],[-2.999,43.1992],[-2.998,43.199],[-2.9978,43.1988],[-3,43.1987],[-3,43.1989]],[[-2.9877,43.20115],[-2.98805,43.2016],[-2.98525,43.2016],[-2.98525,43.20115],[-2.9877,43.20115]]],[[[-2.9867,43.2008],[-2.9879,43.20085],[-2.9896,43.20035],[-2.9907,43.19915],[-2.99235,43.19795],[-2.9911,43.19765],[-2.99085,43.19825],[-2.9894,43.19835],[-2.98905,43.19785],[-2.98985,43.1975],[-2.99045,43.1975],[-2.99075,43.19705],[-2.9905,43.19665],[-2.98875,43.19765],[-2.9877,43.19775],[-2.985,43.1974],[-2.9842,43.19745],[-2.98435,43.19775],[-2.9849,43.19775],[-2.9847,43.19855],[-2.98415,43.19855],[-2.984,43.199],[-2.9836,43.19915],[-2.98375,43.1998],[-2.98335,43.2003],[-2.98425,43.20035],[-2.9867,43.2008]]],[[[-2.9911,43.216],[-2.99085,43.21645],[-2.9911,43.2169],[-2.991,43.21755],[-2.9906,43.21765],[-2.9902,43.2181],[-2.9895,43.21855],[-2.98875,43.21855],[-2.98815,43.21745],[-2.98815,43.2171],[-2.98995,43.2165],[-2.9908,43.21605],[-2.9916,43.2153],[-2.9915,43.21435],[-2.991,43.21385],[-2.9913,43.2134],[-2.9913,43.21275],[-2.99195,43.2127],[-2.9925,43.21295],[-2.993,43.21275],[-2.9933,43.2116],[-2.99285,43.2108],[-2.99185,43.2113],[-2.9909,43.21075],[-2.99085,43.2104],[-2.9912,43.2099],[-2.9903,43.21005],[-2.98905,43.21055],[-2.98845,43.211],[-2.9879,43.2116],[-2.98755,43.21225],[-2.98745,43.21345],[-2.9876,43.214],[-2.98815,43.2148],[-2.9874,43.21545],[-2.98675,43.21645],[-2.9872,43.21685],[-2.98745,43.21785],[-2.98695,43.218],[-2.98705,43.21915],[-2.98815,43.2198],[-2.9886,43.2196],[-2.9889,43.21915],[-2.98955,43.21945],[-2.99085,43.2186],[-2.9909,43.21935],[-2.9942,43.21935],[-2.9942,43.2196],[-2.9954,43.21945],[-2.9957,43.21825],[-2.9961,43.21775],[-2.9972,43.2158],[-2.9974,43.2151],[-2.9964,43.2151],[-2.9963,43.21485],[-2.9951,43.21485],[-2.99385,43.2144],[-2.9923,43.2133],[-2.992,43.2133],[-2.99235,43.21375],[-2.99235,43.21485],[-2.9921,43.2152],[-2.9914,43.21555],[-2.9911,43.216]],[[-2.99415,43.21575],[-2.9951,43.2162],[-2.9951,43.21665],[-2.99445,43.21665],[-2.99445,43.2162],[-2.99415,43.21575]],[[-2.99085,43.21465],[-2.99085,43.21545],[-2.9895,43.216],[-2.9894,43.2158],[-2.9895,43.21485],[-2.989,43.2139],[-2.9901,43.21405],[-2.99025,43.21445],[-2.99085,43.21465]],[[-2.9912,43.21115],[-2.99185,43.21145],[-2.99105,43.212],[-2.99045,43.21185],[-2.99095,43.21105],[-2.9912,43.21115]],[[-2.9886,43.2163],[-2.98765,43.2164],[-2.98755,43.21615],[-2.98805,43.21545],[-2.98855,43.2155],[-2.9886,43.2163]]],[[[-2.9938,43.2235],[-2.99465,43.2237],[-2.99525,43.2228],[-2.9954,43.2216],[-2.9951,43.2207],[-2.9948,43.2205],[-2.99325,43.2205],[-2.99325,43.22005],[-2.9926,43.22005],[-2.992,43.2198],[-2.99065,43.2198],[-2.99035,43.22005],[-2.98955,43.22005],[-2.98955,43.2207],[-2.98985,43.2207],[-2.98985,43.2216],[-2.98865,43.2216],[-2.98865,43.2226],[-2.98805,43.22235],[-2.98785,43.22155],[-2.98815,43.22125],[-2.98755,43.22095],[-2.9873,43.2205],[-2.9859,43.2207],[-2.9861,43.2219],[-2.98665,43.2229],[-2.98735,43.22365],[-2.98875,43.22455],[-2.98975,43.2249],[-2.99125,43.22505],[-2.9924,43.22495],[-2.99335,43.2246],[-2.9941,43.2242],[-2.99415,43.22365],[-2.9938,43.2235]]],[[[-2.97285,43.1862],[-2.973,43.1859],[-2.9722,43.1858],[-2.9714,43.1855],[-2.96995,43.1847],[-2.96925,43.18365],[-2.9686,43.1839],[-2.9687,43.1845],[-2.9696,43.1845],[-2.97045,43.18525],[-2.97155,43.18575],[-2.9717,43.186],[-2.973,43.1869],[-2.97325,43.1872],[-2.97325,43.188],[-2.9739,43.1889],[-2.97425,43.189],[-2.97435,43.19005],[-2.97475,43.19035],[-2.97475,43.19105],[-2.9729,43.19085],[-2.9716,43.1909],[-2.9709,43.19115],[-2.9715,43.1928],[-2.9719,43.19315],[-2.97205,43.1937],[-2.97345,43.1938],[-2.97345,43.1933],[-2.9746,43.19275],[-2.9758,43.19285],[-2.97475,43.1937],[-2.9757,43.19355],[-2.9762,43.19405],[-2.9761,43.19455],[-2.97535,43.1945],[-2.975,43.1952],[-2.97435,43.1952],[-2.97435,43.19615],[-2.9755,43.1963],[-2.975,43.19685],[-2.97435,43.1979],[-2.97515,43.1987],[-2.97615,43.1992],[-2.97695,43.19945],[-2.97685,43.1984],[-2.97645,43.198],[-2.9769,43.1978],[-2.9772,43.1974],[-2.9762,43.1972],[-2.97625,43.19645],[-2.97755,43.1969],[-2.9782,43.19655],[-2.9778,43.19535],[-2.9773,43.1941],[-2.9764,43.19295],[-2.9752,43.1904],[-2.9732,43.18635],[-2.97285,43.1862]],[[-2.97755,43.1965],[-2.9773,43.19585],[-2.97785,43.19595],[-2.97755,43.1965]]],[[[-2.98,43.19945],[-2.9801,43.19955],[-2.98025,43.2005],[-2.9802,43.20125],[-2.98085,43.2017],[-2.9815,43.20135],[-2.98175,43.2007],[-2.98175,43.2],[-2.98155,43.19955],[-2.9809,43.19935],[-2.98,43.19945]]],[[[-2.9753,43.20035],[-2.9756,43.2007],[-2.9755,43.2017],[-2.97695,43.20125],[-2.9762,43.20045],[-2.9771,43.2005],[-2.97775,43.2004],[-2.9781,43.2005],[-2.9784,43.1997],[-2.97805,43.19955],[-2.97755,43.1987],[-2.9772,43.19945],[-2.9775,43.1996],[-2.9761,43.2002],[-2.9753,43.20035]]],[[[-2.9787,43.20625],[-2.97845,43.20565],[-2.97755,43.2055],[-2.97755,43.20635],[-2.9763,43.20655],[-2.9763,43.2063],[-2.97525,43.2064],[-2.9749,43.20705],[-2.97575,43.20695],[-2.97765,43.2064],[-2.9787,43.20625]]],[[[-2.9634,43.1775],[-2.96345,43.1777],[-2.9644,43.17835],[-2.96455,43.17935],[-2.96345,43.17935],[-2.9626,43.1799],[-2.9618,43.1797],[-2.96085,43.1797],[-2.9607,43.18015],[-2.9616,43.18135],[-2.96255,43.18225],[-2.9637,43.18295],[-2.96425,43.1827],[-2.9644,43.18195],[-2.9643,43.18155],[-2.96355,43.1807],[-2.9638,43.1805],[-2.9658,43.1805],[-2.96625,43.18045],[-2.96515,43.1795],[-2.9649,43.1789],[-2.96555,43.1778],[-2.9651,43.1775],[-2.96445,43.17675],[-2.9631,43.17605],[-2.96245,43.1755],[-2.96135,43.1749],[-2.95935,43.17485],[-2.95935,43.1746],[-2.95835,43.1747],[-2.9563,43.17385],[-2.9563,43.1735],[-2.9555,43.1724],[-2.9548,43.1723],[-2.95445,43.1719],[-2.95385,43.17175],[-2.9519,43.17165],[-2.95075,43.17165],[-2.95055,43.1724],[-2.95175,43.1721],[-2.9534,43.1722],[-2.9542,43.17265],[-2.95505,43.1733],[-2.9551,43.1743],[-2.95555,43.17425],[-2.95645,43.17445],[-2.95665,43.1748],[-2.95815,43.1748],[-2.9597,43.175],[-2.96185,43.17655],[-2.96245,43.1766],[-2.9628,43.1768],[-2.9628,43.17725],[-2.9634,43.1775]]],[[[-2.9694,43.18305],[-2.9694,43.18335],[-2.97005,43.1847],[-2.97145,43.18545],[-2.97225,43.18575],[-2.97305,43.18585],[-2.9753,43.1904],[-2.9765,43.19295],[-2.9774,43.19405],[-2.9779,43.19535],[-2.9784,43.19685],[-2.98175,43.19685],[-2.98175,43.19655],[-2.98245,43.19645],[-2.9824,43.19585],[-2.9818,43.1954],[-2.9817,43.19485],[-2.9819,43.1945],[-2.98145,43.19325],[-2.9811,43.19255],[-2.9806,43.1925],[-2.9803,43.1922],[-2.9805,43.1918],[-2.9797,43.1908],[-2.97915,43.18925],[-2.97885,43.18865],[-2.97785,43.18725],[-2.97745,43.18645],[-2.977,43.1852],[-2.9761,43.18415],[-2.97545,43.1837],[-2.9738,43.18305],[-2.97255,43.18145],[-2.9723,43.1804],[-2.97185,43.1797],[-2.9692,43.17945],[-2.9695,43.1788],[-2.96995,43.17855],[-2.9687,43.1778],[-2.9682,43.17675],[-2.96725,43.1757],[-2.9646,43.17385],[-2.96285,43.17265],[-2.962,43.1722],[-2.9607,43.1719],[-2.95935,43.1717],[-2.9586,43.171],[-2.95755,43.1702],[-2.9562,43.16965],[-2.95535,43.16955],[-2.9547,43.1696],[-2.9541,43.1699],[-2.95345,43.16965],[-2.95235,43.17005],[-2.9512,43.17095],[-2.9508,43.1715],[-2.95195,43.1714],[-2.95275,43.1716],[-2.9539,43.1717],[-2.95395,43.1713],[-2.95435,43.17115],[-2.95485,43.1719],[-2.95555,43.17235],[-2.95635,43.1735],[-2.9569,43.17375],[-2.95785,43.17405],[-2.95815,43.1745],[-2.96025,43.1744],[-2.9614,43.17485],[-2.9625,43.17545],[-2.96315,43.17605],[-2.9645,43.17675],[-2.96515,43.1775],[-2.9656,43.17775],[-2.96555,43.178],[-2.96495,43.1789],[-2.96525,43.17945],[-2.96575,43.17995],[-2.96655,43.18055],[-2.96765,43.1811],[-2.96775,43.18135],[-2.9695,43.1821],[-2.9694,43.18305]],[[-2.97235,43.18325],[-2.973,43.18285],[-2.9734,43.18295],[-2.97355,43.1835],[-2.9727,43.1837],[-2.97235,43.18325]]],[[[-2.9659,43.186],[-2.9667,43.1852],[-2.9666,43.18495],[-2.96575,43.1848],[-2.9655,43.1854],[-2.9659,43.186]]],[[[-2.9674,43.18735],[-2.9687,43.18815],[-2.9692,43.18755],[-2.9692,43.18695],[-2.9689,43.1862],[-2.96835,43.18575],[-2.96775,43.18655],[-2.9674,43.18735]]],[[[-2.96925,43.208],[-2.96955,43.20795],[-2.96955,43.2072],[-2.9686,43.2072],[-2.9681,43.2082],[-2.96925,43.208]]],[[[-2.9509,43.174],[-2.9513,43.17385],[-2.9514,43.1733],[-2.9507,43.1735],[-2.9509,43.174]]],[[[-2.95555,43.1754],[-2.9561,43.1762],[-2.9571,43.17645],[-2.9573,43.17565],[-2.9568,43.1754],[-2.9566,43.17495],[-2.95555,43.1754]]],[[[-2.95675,43.17775],[-2.9579,43.1779],[-2.95925,43.17865],[-2.9595,43.17755],[-2.95815,43.1771],[-2.9574,43.1771],[-2.9558,43.17735],[-2.95675,43.17775]]],[[[-2.96155,43.2111],[-2.96275,43.2108],[-2.9628,43.21035],[-2.9622,43.21035],[-2.96155,43.2108],[-2.96155,43.2111]]],[[[-2.9342,43.2123],[-2.93265,43.2126],[-2.93225,43.21205],[-2.93115,43.21115],[-2.92615,43.2083],[-2.92465,43.2075],[-2.92295,43.2069],[-2.922,43.20615],[-2.9208,43.2056],[-2.9193,43.20535],[-2.9183,43.2054],[-2.9169,43.2058],[-2.91605,43.2063],[-2.91545,43.2069],[-2.9149,43.2079],[-2.91495,43.2092],[-2.9152,43.20975],[-2.91595,43.2106],[-2.9172,43.21165],[-2.91785,43.2115],[-2.9181,43.21215],[-2.9201,43.2129],[-2.9217,43.21375],[-2.92275,43.21345],[-2.9228,43.21415],[-2.9234,43.21435],[-2.9234,43.2147],[-2.92405,43.2151],[-2.92425,43.2149],[-2.92575,43.2148],[-2.9261,43.2152],[-2.92585,43.2163],[-2.9268,43.21695],[-2.927,43.21675],[-2.92695,43.2159],[-2.92725,43.21555],[-2.9283,43.2139],[-2.9284,43.21395],[-2.92735,43.2156],[-2.9271,43.2158],[-2.9271,43.21685],[-2.92695,43.217],[-2.92865,43.2179],[-2.9301,43.21825],[-2.9322,43.2184],[-2.9338,43.21835],[-2.9349,43.21805],[-2.9355,43.2178],[-2.9342,43.21735],[-2.933,43.2167],[-2.9326,43.21625],[-2.9327,43.2154],[-2.9333,43.21505],[-2.93425,43.2152],[-2.93705,43.2161],[-2.9372,43.2154],[-2.93705,43.21445],[-2.9366,43.2137],[-2.93615,43.21325],[-2.93535,43.2127],[-2.9342,43.2123]],[[-2.92635,43.21075],[-2.92735,43.21075],[-2.9269,43.2115],[-2.92595,43.21135],[-2.92635,43.21075]],[[-2.9172,43.2108],[-2.9173,43.21055],[-2.91845,43.2106],[-2.91795,43.2093],[-2.9174,43.2084],[-2.91885,43.20825],[-2.91885,43.20875],[-2.9207,43.21015],[-2.9197,43.21105],[-2.91945,43.2114],[-2.9181,43.2114],[-2.91785,43.21085],[-2.9172,43.2108]]],[[[-2.9606,43.2106],[-2.9602,43.21035],[-2.95995,43.20925],[-2.9603,43.20875],[-2.9609,43.20855],[-2.9609,43.2081],[-2.9603,43.2081],[-2.95995,43.2086],[-2.9594,43.2083],[-2.9606,43.2074],[-2.9612,43.2074],[-2.9612,43.20695],[-2.96215,43.20695],[-2.96245,43.2074],[-2.9633,43.2074],[-2.964,43.2072],[-2.964,43.20675],[-2.9643,43.2063],[-2.9649,43.20585],[-2.9664,43.20585],[-2.9661,43.20555],[-2.9661,43.20515],[-2.967,43.20505],[-2.96725,43.2056],[-2.968,43.2056],[-2.9681,43.20585],[-2.9689,43.20585],[-2.97015,43.2054],[-2.97075,43.20475],[-2.97445,43.20475],[-2.9745,43.2045],[-2.9754,43.2045],[-2.97585,43.2043],[-2.97625,43.2036],[-2.97505,43.2036],[-2.97445,43.20405],[-2.9729,43.20405],[-2.9734,43.20365],[-2.9733,43.20345],[-2.97445,43.2027],[-2.97445,43.20225],[-2.97355,43.20205],[-2.97205,43.20205],[-2.97205,43.2028],[-2.97155,43.20285],[-2.9714,43.2023],[-2.97095,43.2025],[-2.97015,43.2023],[-2.97095,43.2014],[-2.9708,43.201],[-2.9694,43.2014],[-2.96785,43.20175],[-2.9683,43.20225],[-2.9685,43.20305],[-2.9676,43.2035],[-2.9668,43.2035],[-2.9666,43.20375],[-2.9655,43.20345],[-2.9649,43.2034],[-2.96445,43.20315],[-2.9639,43.2031],[-2.9644,43.2022],[-2.96215,43.20255],[-2.96095,43.2029],[-2.96125,43.20315],[-2.9612,43.20405],[-2.96085,43.20475],[-2.95965,43.20495],[-2.95885,43.20455],[-2.9578,43.2049],[-2.95775,43.2045],[-2.95655,43.20495],[-2.95515,43.206],[-2.9546,43.20685],[-2.9544,43.2077],[-2.95425,43.20875],[-2.9549,43.20885],[-2.95605,43.2095],[-2.9558,43.2098],[-2.9542,43.2091],[-2.95415,43.2103],[-2.95335,43.2109],[-2.95285,43.21145],[-2.95125,43.2122],[-2.9497,43.2131],[-2.94865,43.2141],[-2.94835,43.21445],[-2.94415,43.2146],[-2.9427,43.21495],[-2.94165,43.2155],[-2.94105,43.2161],[-2.9406,43.2168],[-2.94225,43.21725],[-2.9427,43.2168],[-2.9437,43.21715],[-2.94425,43.21705],[-2.94495,43.21745],[-2.9452,43.218],[-2.94615,43.21805],[-2.94635,43.2186],[-2.94695,43.21845],[-2.9475,43.2189],[-2.94715,43.2194],[-2.94665,43.2194],[-2.94625,43.2188],[-2.9456,43.21905],[-2.94555,43.2198],[-2.9453,43.22015],[-2.94455,43.22015],[-2.94415,43.21995],[-2.94415,43.22085],[-2.94585,43.22105],[-2.94515,43.22135],[-2.9444,43.222],[-2.94375,43.223],[-2.9447,43.2229],[-2.94495,43.22345],[-2.9454,43.22345],[-2.9458,43.2231],[-2.94715,43.2233],[-2.9474,43.224],[-2.9474,43.2252],[-2.9464,43.2249],[-2.94555,43.2251],[-2.94465,43.2249],[-2.9444,43.2256],[-2.9458,43.22665],[-2.9467,43.2271],[-2.94785,43.228],[-2.9491,43.22865],[-2.94995,43.2289],[-2.9522,43.2293],[-2.9532,43.22965],[-2.9547,43.2304],[-2.9567,43.23075],[-2.958,43.2316],[-2.95865,43.23185],[-2.95945,43.2318],[-2.96005,43.2321],[-2.96125,43.232],[-2.96225,43.23175],[-2.9629,43.23145],[-2.96375,43.23085],[-2.9643,43.23015],[-2.9646,43.22915],[-2.9646,43.22855],[-2.9643,43.2277],[-2.9633,43.22665],[-2.9613,43.2272],[-2.96095,43.22665],[-2.96185,43.2261],[-2.96235,43.22605],[-2.96005,43.22505],[-2.95925,43.22525],[-2.95895,43.22475],[-2.9585,43.22465],[-2.9575,43.22415],[-2.9558,43.2236],[-2.954,43.2234],[-2.9522,43.22345],[-2.95115,43.22325],[-2.9508,43.22385],[-2.951,43.22455],[-2.9514,43.225],[-2.9521,43.2253],[-2.95165,43.2259],[-2.95105,43.22545],[-2.95045,43.22545],[-2.9501,43.2252],[-2.9498,43.22455],[-2.9486,43.2241],[-2.9486,43.2232],[-2.9483,43.2232],[-2.9483,43.2223],[-2.9486,43.22185],[-2.94975,43.222],[-2.9508,43.2219],[-2.94975,43.22265],[-2.94935,43.2232],[-2.94935,43.2236],[-2.95015,43.2235],[-2.95115,43.2232],[-2.95225,43.22335],[-2.9534,43.22335],[-2.95325,43.223],[-2.95225,43.22225],[-2.95075,43.2214],[-2.94935,43.22075],[-2.9515,43.2205],[-2.95255,43.22025],[-2.9522,43.2197],[-2.9533,43.2199],[-2.95425,43.2194],[-2.95525,43.2185],[-2.95595,43.21755],[-2.9566,43.2171],[-2.9583,43.2164],[-2.9596,43.2154],[-2.96205,43.21305],[-2.9626,43.21195],[-2.96145,43.21145],[-2.96095,43.2114],[-2.9602,43.21105],[-2.9606,43.2106]],[[-2.9589,43.2108],[-2.95885,43.21115],[-2.95835,43.2113],[-2.9576,43.21115],[-2.9576,43.2106],[-2.9586,43.21045],[-2.9589,43.2108]],[[-2.9572,43.21205],[-2.95735,43.2126],[-2.957,43.21285],[-2.9564,43.21285],[-2.9561,43.2125],[-2.9563,43.21205],[-2.9572,43.21205]],[[-2.9467,43.2171],[-2.9474,43.2176],[-2.94615,43.2177],[-2.94615,43.21715],[-2.9467,43.2171]],[[-2.95205,43.2185],[-2.95165,43.218],[-2.9523,43.218],[-2.9526,43.21845],[-2.95205,43.2185]],[[-2.94945,43.22045],[-2.9491,43.2203],[-2.9491,43.2198],[-2.95,43.2196],[-2.95035,43.21995],[-2.95,43.2205],[-2.94945,43.22045]],[[-2.9521,43.22805],[-2.9514,43.22785],[-2.9515,43.22735],[-2.9525,43.22735],[-2.95295,43.2272],[-2.9528,43.22805],[-2.9521,43.22805]]],[[[-2.94315,43.21895],[-2.94365,43.21935],[-2.944,43.21895],[-2.94325,43.21845],[-2.94315,43.21895]]]]},"properties":{"CODIGO":"E008AB","ZLS":"Eólica","HECTARIAS":764.591654502}},
{"type":"Feature","geometry":{"type":"Polygon","coordinates":[[[-2.96085,42.83595],[-2.96085,42.83615],[-2.9619,42.83615],[-2.96235,42.83645],[-2.96235,42.83685],[-2.96205,42.83715],[-2.96145,42.83665],[-2.96085,42.8364],[-2.96025,42.8364],[-2.95995,42.83605],[-2.959,42.83605],[-2.962,42.83805],[-2.96295,42.83855],[-2.9636,42.8387],[-2.9642,42.83845],[-2.9642,42.83775],[-2.9639,42.8373],[-2.96265,42.83715],[-2.96265,42.8366],[-2.96325,42.83645],[-2.96385,42.8372],[-2.9644,42.83745],[-2.9657,42.83675],[-2.96605,42.83595],[-2.96695,42.83595],[-2.9673,42.83615],[-2.9672,42.8367],[-2.96645,42.8365],[-2.9656,42.83705],[-2.96515,42.83755],[-2.96515,42.83885],[-2.967,42.83885],[-2.96795,42.8392],[-2.96855,42.83965],[-2.97295,42.83955],[-2.974,42.8394],[-2.97495,42.8391],[-2.9756,42.83875],[-2.9763,42.83815],[-2.9767,42.8377],[-2.977,42.8369],[-2.97525,42.8369],[-2.97585,42.83615],[-2.97705,42.83595],[-2.9767,42.8351],[-2.97605,42.83435],[-2.97465,42.835],[-2.97305,42.83555],[-2.97245,42.836],[-2.97155,42.83545],[-2.97155,42.83495],[-2.9724,42.83485],[-2.97255,42.83465],[-2.97465,42.8347],[-2.9756,42.834],[-2.97485,42.8336],[-2.9739,42.83335],[-2.9726,42.83325],[-2.969,42.83335],[-2.96815,42.83315],[-2.9675,42.83345],[-2.9667,42.83285],[-2.96635,42.83285],[-2.96615,42.83235],[-2.96445,42.8312],[-2.9611,42.82935],[-2.96075,42.83015],[-2.96035,42.8296],[-2.96035,42.82885],[-2.96005,42.828],[-2.959,42.8271],[-2.95755,42.82655],[-2.9568,42.82645],[-2.9554,42.82705],[-2.95315,42.82855],[-2.95255,42.82825],[-2.9522,42.8289],[-2.9521,42.8298],[-2.95255,42.831],[-2.9533,42.8319],[-2.95385,42.83225],[-2.95415,42.8329],[-2.95505,42.83385],[-2.95685,42.83485],[-2.9569,42.8344],[-2.9575,42.8341],[-2.9575,42.8348],[-2.95715,42.83505],[-2.9587,42.83575],[-2.96055,42.83575],[-2.96085,42.83595]],[[-2.96085,42.83595],[-2.96095,42.83515],[-2.9602,42.83465],[-2.95835,42.83435],[-2.9584,42.83415],[-2.9578,42.83415],[-2.9575,42.8337],[-2.95735,42.83285],[-2.9564,42.8327],[-2.95535,42.83175],[-2.95515,42.8314],[-2.9548,42.83005],[-2.9542,42.8294],[-2.9541,42.829],[-2.95535,42.829],[-2.95595,42.82945],[-2.95595,42.8299],[-2.95655,42.8301],[-2.95655,42.83055],[-2.9572,42.83145],[-2.9578,42.8319],[-2.9584,42.8319],[-2.959,42.83235],[-2.9596,42.8326],[-2.9608,42.83345],[-2.96145,42.8337],[-2.9612,42.8344],[-2.96165,42.83455],[-2.96115,42.83505],[-2.96115,42.83595],[-2.96085,42.83595]],[[-2.97055,42.8372],[-2.9695,42.8373],[-2.96915,42.83685],[-2.97075,42.83685],[-2.97055,42.8372]],[[-2.97055,42.8372],[-2.9711,42.8369],[-2.97175,42.83705],[-2.97255,42.83705],[-2.97245,42.8376],[-2.9706,42.8375],[-2.97055,42.8372]]]},"properties":{"CODIGO":"E021A","ZLS":"Eólica","HECTARIAS":124.218767442}},
{"type":"Feature","geometry":{"type":"MultiPolygon","coordinates":[[[[-2.60985,43.0008],[-2.60925,43.0008],[-2.60935,43.0003],[-2.61,43.0003],[-2.61135,42.9996],[-2.6103,42.99815],[-2.60965,42.99805],[-2.6092,42.9983],[-2.6081,42.9982],[-2.6086,42.99775],[-2.6091,42.9976],[-2.60945,42.99705],[-2.6088,42.9968],[-2.60835,42.99695],[-2.6069,42.99695],[-2.60655,42.9965],[-2.60565,42.99725],[-2.6054,42.99675],[-2.60555,42.9963],[-2.6061,42.9958],[-2.6069,42.9953],[-2.6084,42.9955],[-2.60835,42.9949],[-2.60745,42.9949],[-2.6074,42.9945],[-2.6093,42.9942],[-2.60965,42.99315],[-2.60955,42.9921],[-2.609,42.9912],[-2.60785,42.99025],[-2.6071,42.9898],[-2.60545,42.98905],[-2.60505,42.9884],[-2.60455,42.9879],[-2.60345,42.98715],[-2.6029,42.98685],[-2.6012,42.98635],[-2.59935,42.9853],[-2.59855,42.98575],[-2.59695,42.9861],[-2.5957,42.9865],[-2.59445,42.9864],[-2.5936,42.9869],[-2.5929,42.9871],[-2.59285,42.9876],[-2.59345,42.9882],[-2.59395,42.98835],[-2.59395,42.9889],[-2.5931,42.98955],[-2.59355,42.99025],[-2.5942,42.99005],[-2.5942,42.98935],[-2.59445,42.9889],[-2.59505,42.98955],[-2.59555,42.9897],[-2.5954,42.9901],[-2.5964,42.9911],[-2.597,42.9915],[-2.59715,42.9919],[-2.59775,42.9921],[-2.5984,42.9931],[-2.5995,42.994],[-2.60045,42.99445],[-2.60035,42.99545],[-2.60005,42.99705],[-2.6004,42.9975],[-2.60015,42.99765],[-2.60045,42.9984],[-2.60185,42.9999],[-2.6022,43.00035],[-2.6026,43.00035],[-2.60325,42.9996],[-2.60395,42.9992],[-2.60445,42.9987],[-2.60505,42.999],[-2.60505,42.9994],[-2.60565,42.9994],[-2.60595,42.99985],[-2.60575,43.0002],[-2.60465,43.00075],[-2.6044,43.0012],[-2.6044,43.00175],[-2.60355,43.00225],[-2.6046,43.0039],[-2.6055,43.00485],[-2.60665,43.0055],[-2.60755,43.0058],[-2.6089,43.00595],[-2.60915,43.0056],[-2.609,43.00495],[-2.6082,43.0049],[-2.6077,43.0047],[-2.6062,43.00445],[-2.6058,43.0047],[-2.6055,43.00425],[-2.605,43.004],[-2.6049,43.0036],[-2.6042,43.00305],[-2.605,43.00225],[-2.6054,43.0024],[-2.6062,43.00325],[-2.60665,43.00355],[-2.60775,43.0039],[-2.60895,43.00415],[-2.60965,43.00415],[-2.60945,43.00365],[-2.6083,43.004],[-2.60785,43.00365],[-2.6073,43.0036],[-2.6071,43.00325],[-2.60745,43.0028],[-2.60745,43.00245],[-2.6081,43.0023],[-2.6088,43.0028],[-2.6105,43.002],[-2.61105,43.00195],[-2.6115,43.0021],[-2.61295,43.00185],[-2.61265,43.00135],[-2.6117,43.00035],[-2.61105,43.00065],[-2.60995,43.00075],[-2.60985,43.0008]],[[-2.60585,42.99025],[-2.60535,42.99085],[-2.60505,42.99045],[-2.6056,42.99],[-2.60585,42.99025]],[[-2.60495,42.9978],[-2.60555,42.99765],[-2.60605,42.99815],[-2.6058,42.99845],[-2.60495,42.9978]],[[-2.60615,43.0003],[-2.6065,43.00055],[-2.6065,43.001],[-2.60555,43.00105],[-2.6058,43.00045],[-2.60615,43.0003]]],[[[-2.6129,43.0039],[-2.61215,43.00375],[-2.6114,43.00395],[-2.61145,43.00425],[-2.61235,43.00455],[-2.6129,43.0039]]],[[[-2.58505,42.9767],[-2.5854,42.9769],[-2.586,42.9759],[-2.5859,42.9753],[-2.58525,42.9753],[-2.585,42.9762],[-2.58505,42.9767]]],[[[-2.5855,42.9796],[-2.58525,42.98015],[-2.5864,42.97985],[-2.5855,42.9796]]],[[[-2.57755,42.98355],[-2.57815,42.98445],[-2.578,42.9848],[-2.5769,42.9847],[-2.5769,42.98435],[-2.5761,42.9841],[-2.5755,42.98425],[-2.57755,42.9854],[-2.57905,42.9859],[-2.58005,42.98605],[-2.5813,42.98605],[-2.58145,42.98545],[-2.5817,42.98525],[-2.5817,42.98455],[-2.58145,42.98445],[-2.5816,42.98365],[-2.582,42.9833],[-2.58275,42.98385],[-2.5829,42.9843],[-2.5826,42.9848],[-2.58295,42.98575],[-2.5833,42.986],[-2.5845,42.98565],[-2.58515,42.98475],[-2.5859,42.98435],[-2.58565,42.98385],[-2.58455,42.98395],[-2.5834,42.9835],[-2.58255,42.98335],[-2.5824,42.983],[-2.5838,42.9823],[-2.5837,42.9819],[-2.58225,42.9819],[-2.58165,42.98205],[-2.58075,42.9819],[-2.58125,42.9806],[-2.58115,42.98025],[-2.58015,42.9801],[-2.5795,42.98145],[-2.5788,42.98085],[-2.57905,42.98005],[-2.57895,42.97915],[-2.58035,42.97885],[-2.5791,42.9782],[-2.5776,42.9778],[-2.57675,42.9772],[-2.57655,42.97675],[-2.57615,42.9765],[-2.57565,42.9757],[-2.5744,42.97555],[-2.57345,42.9756],[-2.57245,42.9759],[-2.5715,42.97635],[-2.5709,42.97685],[-2.57025,42.9778],[-2.57005,42.97885],[-2.5702,42.9796],[-2.5708,42.98025],[-2.5712,42.981],[-2.5714,42.98175],[-2.5719,42.9819],[-2.5722,42.98135],[-2.57285,42.9815],[-2.57285,42.98195],[-2.5732,42.98225],[-2.5741,42.98265],[-2.5741,42.98295],[-2.5751,42.98315],[-2.5756,42.9827],[-2.57615,42.9833],[-2.57745,42.98335],[-2.57755,42.98355]],[[-2.5725,42.97785],[-2.57255,42.9782],[-2.57195,42.97825],[-2.572,42.97745],[-2.5725,42.97785]]],[[[-2.58385,42.9819],[-2.58485,42.9816],[-2.58575,42.98115],[-2.58675,42.9814],[-2.5875,42.9819],[-2.5881,42.98175],[-2.5892,42.9822],[-2.5902,42.9822],[-2.5906,42.9825],[-2.59045,42.9831],[-2.5881,42.98365],[-2.58695,42.98455],[-2.58735,42.9854],[-2.5874,42.986],[-2.5881,42.9876],[-2.58865,42.988],[-2.58965,42.9883],[-2.59095,42.98745],[-2.59235,42.98735],[-2.5925,42.98685],[-2.59205,42.98595],[-2.5921,42.98555],[-2.59275,42.98555],[-2.5935,42.98505],[-2.59485,42.98515],[-2.59495,42.98555],[-2.59725,42.9852],[-2.5977,42.98465],[-2.5971,42.9845],[-2.5971,42.9834],[-2.59695,42.98295],[-2.596,42.98155],[-2.5953,42.9809],[-2.59425,42.9801],[-2.5942,42.9789],[-2.59355,42.97585],[-2.59305,42.97475],[-2.59245,42.97485],[-2.5921,42.9752],[-2.59215,42.97555],[-2.59135,42.97565],[-2.5906,42.97555],[-2.5894,42.9762],[-2.588,42.9778],[-2.5881,42.97915],[-2.5875,42.97985],[-2.58725,42.9803],[-2.5867,42.98015],[-2.58545,42.9805],[-2.5851,42.9809],[-2.5843,42.9814],[-2.58385,42.9819]]]]},"properties":{"CODIGO":"E006AG","ZLS":"Eólica","HECTARIAS":288.162547016}},
{"type":"Feature","geometry":{"type":"MultiPolygon","coordinates":[[[[-2.4045,42.57145],[-2.40485,42.57195],[-2.4057,42.5724],[-2.40675,42.57215],[-2.40675,42.5714],[-2.4064,42.57065],[-2.4051,42.5707],[-2.40465,42.57095],[-2.4045,42.57145]]],[[[-2.39015,42.55015],[-2.39015,42.5506],[-2.39055,42.56075],[-2.39105,42.56135],[-2.3918,42.562],[-2.3936,42.56545],[-2.39385,42.56825],[-2.3937,42.56895],[-2.39375,42.57035],[-2.3939,42.57095],[-2.39525,42.57245],[-2.39655,42.5735],[-2.3985,42.5744],[-2.3986,42.57555],[-2.3988,42.57605],[-2.39975,42.57815],[-2.4001,42.5819],[-2.4002,42.58435],[-2.4004,42.58515],[-2.4009,42.5864],[-2.40115,42.5868],[-2.40275,42.58915],[-2.40325,42.5901],[-2.40215,42.58985],[-2.40125,42.5898],[-2.3997,42.5901],[-2.3993,42.59115],[-2.3992,42.59355],[-2.3977,42.595],[-2.3975,42.5953],[-2.39755,42.5963],[-2.39715,42.59685],[-2.3969,42.59845],[-2.3994,42.5975],[-2.4011,42.598],[-2.40605,42.59815],[-2.4064,42.59755],[-2.40655,42.59645],[-2.40735,42.59755],[-2.40765,42.59855],[-2.40995,42.5994],[-2.41175,42.59995],[-2.4125,42.60035],[-2.41295,42.60095],[-2.41385,42.60175],[-2.41695,42.6041],[-2.4185,42.60685],[-2.41885,42.60685],[-2.41985,42.6064],[-2.4205,42.60585],[-2.42115,42.6049],[-2.42135,42.60415],[-2.4226,42.6047],[-2.42365,42.6049],[-2.42445,42.60445],[-2.42475,42.6041],[-2.42435,42.6031],[-2.42415,42.60185],[-2.42465,42.60015],[-2.4281,42.59825],[-2.42805,42.59705],[-2.4282,42.59555],[-2.4282,42.5921],[-2.4281,42.5904],[-2.42785,42.5887],[-2.4276,42.58795],[-2.4266,42.5861],[-2.42605,42.58455],[-2.42555,42.58335],[-2.42505,42.58385],[-2.42435,42.5843],[-2.4239,42.58495],[-2.424,42.58565],[-2.42345,42.58685],[-2.42375,42.58795],[-2.4244,42.5886],[-2.4234,42.589],[-2.4227,42.58895],[-2.42235,42.58795],[-2.42175,42.58695],[-2.4214,42.586],[-2.421,42.58415],[-2.4204,42.58345],[-2.42015,42.5826],[-2.421,42.58225],[-2.423,42.5818],[-2.42425,42.5813],[-2.42465,42.58125],[-2.42415,42.58015],[-2.42345,42.5792],[-2.42325,42.5765],[-2.4231,42.5758],[-2.4224,42.57475],[-2.4211,42.5739],[-2.42005,42.57355],[-2.419,42.57375],[-2.41775,42.57385],[-2.4182,42.5744],[-2.41845,42.5753],[-2.41795,42.57545],[-2.4165,42.5752],[-2.416,42.57525],[-2.415,42.5755],[-2.4148,42.57605],[-2.41475,42.577],[-2.4151,42.57735],[-2.4157,42.57735],[-2.4158,42.57825],[-2.4163,42.5783],[-2.41635,42.57965],[-2.41625,42.5801],[-2.41625,42.58135],[-2.41635,42.5822],[-2.41695,42.5836],[-2.4168,42.5838],[-2.41765,42.58585],[-2.4183,42.586],[-2.41895,42.5873],[-2.4195,42.58825],[-2.4195,42.589],[-2.4191,42.58925],[-2.41945,42.58985],[-2.41955,42.5905],[-2.41965,42.59215],[-2.41965,42.59545],[-2.41955,42.59675],[-2.41955,42.5984],[-2.4188,42.5981],[-2.4178,42.5979],[-2.41815,42.5986],[-2.41805,42.59915],[-2.4175,42.59895],[-2.41675,42.5983],[-2.41645,42.59855],[-2.4166,42.5989],[-2.41665,42.59925],[-2.41655,42.59945],[-2.4161,42.5999],[-2.4155,42.5997],[-2.41485,42.5991],[-2.41475,42.59845],[-2.41495,42.5981],[-2.4155,42.5976],[-2.4161,42.59745],[-2.41545,42.59545],[-2.41455,42.59415],[-2.41475,42.59245],[-2.4139,42.5921],[-2.4135,42.59155],[-2.41365,42.5907],[-2.41435,42.59015],[-2.4138,42.5894],[-2.413,42.5887],[-2.41085,42.58715],[-2.41045,42.58645],[-2.40895,42.5842],[-2.4085,42.5834],[-2.4086,42.58285],[-2.40745,42.58315],[-2.40805,42.58255],[-2.4086,42.5823],[-2.4083,42.57775],[-2.40795,42.5764],[-2.40705,42.57445],[-2.4072,42.5734],[-2.4072,42.57245],[-2.40645,42.5724],[-2.4062,42.57255],[-2.4047,42.57295],[-2.40405,42.57345],[-2.4033,42.57485],[-2.4026,42.57475],[-2.4022,42.5742],[-2.40205,42.57295],[-2.4019,42.57255],[-2.4013,42.57205],[-2.40025,42.5723],[-2.40025,42.572],[-2.40095,42.5719],[-2.40145,42.57135],[-2.401,42.5711],[-2.4007,42.5703],[-2.40085,42.57],[-2.4017,42.56995],[-2.40175,42.5684],[-2.4009,42.56735],[-2.4006,42.5679],[-2.40095,42.5685],[-2.40075,42.56945],[-2.4003,42.569],[-2.40015,42.5684],[-2.4002,42.56765],[-2.39945,42.56775],[-2.39955,42.5674],[-2.4003,42.5674],[-2.4005,42.56685],[-2.4002,42.5666],[-2.39945,42.56705],[-2.39905,42.56755],[-2.39805,42.5671],[-2.3977,42.5666],[-2.39785,42.56635],[-2.3986,42.5664],[-2.3989,42.56615],[-2.39965,42.5661],[-2.3984,42.5643],[-2.39835,42.56505],[-2.39775,42.56505],[-2.3977,42.5644],[-2.3981,42.56395],[-2.397,42.5627],[-2.3952,42.5601],[-2.3956,42.55875],[-2.39615,42.5557],[-2.3961,42.5548],[-2.39595,42.554],[-2.39545,42.5527],[-2.395,42.55185],[-2.39405,42.5509],[-2.3931,42.5504],[-2.39235,42.5502],[-2.39095,42.5501],[-2.39015,42.55015]],[[-2.4269,42.5903],[-2.42715,42.59095],[-2.4265,42.59095],[-2.42615,42.5905],[-2.42595,42.5898],[-2.42715,42.5897],[-2.4269,42.5903]],[[-2.42495,42.59515],[-2.42555,42.59475],[-2.42585,42.59485],[-2.4261,42.59555],[-2.4256,42.5956],[-2.42545,42.59515],[-2.42495,42.59515]],[[-2.40555,42.58725],[-2.4046,42.58715],[-2.4046,42.5867],[-2.40555,42.58725]],[[-2.4064,42.58975],[-2.4053,42.58975],[-2.40525,42.58905],[-2.40555,42.58905],[-2.40645,42.5897],[-2.40705,42.59015],[-2.40665,42.5904],[-2.4064,42.58975]],[[-2.4165,42.59865],[-2.41745,42.59895],[-2.4175,42.5994],[-2.41785,42.59975],[-2.41615,42.5999],[-2.41655,42.59945],[-2.41665,42.59925],[-2.4166,42.5989],[-2.4165,42.59865]],[[-2.4164,42.6026],[-2.4164,42.6019],[-2.41665,42.60145],[-2.417,42.60145],[-2.417,42.60215],[-2.4164,42.6026]],[[-2.3967,42.5683],[-2.396,42.56895],[-2.3961,42.56945],[-2.39655,42.5699],[-2.39565,42.5699],[-2.3948,42.56915],[-2.3958,42.5686],[-2.396,42.5681],[-2.3967,42.5683]],[[-2.39875,42.56965],[-2.3983,42.569],[-2.3987,42.56855],[-2.39915,42.56855],[-2.39915,42.56945],[-2.39875,42.56965]],[[-2.39775,42.5705],[-2.39745,42.5704],[-2.39725,42.56985],[-2.3981,42.57015],[-2.39855,42.5699],[-2.3986,42.57065],[-2.39775,42.5705]],[[-2.39625,42.57105],[-2.39565,42.5708],[-2.395,42.5708],[-2.395,42.57045],[-2.39575,42.57045],[-2.39575,42.57075],[-2.39625,42.57105]],[[-2.3989,42.57145],[-2.3994,42.57165],[-2.39925,42.5721],[-2.3984,42.572],[-2.3974,42.5715],[-2.39795,42.57135],[-2.3981,42.5708],[-2.3989,42.57145]],[[-2.4029,42.5764],[-2.40285,42.57695],[-2.4025,42.57695],[-2.4025,42.5764],[-2.4029,42.5764]],[[-2.40155,42.58595],[-2.40095,42.58595],[-2.40095,42.58565],[-2.4006,42.5856],[-2.4006,42.58495],[-2.4013,42.5852],[-2.40155,42.58595]],[[-2.40065,42.5924],[-2.40065,42.5933],[-2.3997,42.5933],[-2.3994,42.5926],[-2.40065,42.5926],[-2.40065,42.5924]],[[-2.39785,42.5955],[-2.39845,42.5955],[-2.39815,42.59595],[-2.39755,42.59595],[-2.39785,42.5955]]]]},"properties":{"CODIGO":"E027A","ZLS":"Eólica","HECTARIAS":592.668045448}},
{"type":"Feature","geometry":{"type":"MultiPolygon","coordinates":[[[[-2.1794,43.18205],[-2.17905,43.1829],[-2.1782,43.1833],[-2.17715,43.18335],[-2.1755,43.18445],[-2.17645,43.1854],[-2.17705,43.185],[-2.177,43.18465],[-2.17845,43.18355],[-2.1788,43.1845],[-2.17745,43.1857],[-2.1772,43.1863],[-2.1773,43.18755],[-2.17865,43.1891],[-2.17895,43.18695],[-2.17975,43.1864],[-2.1805,43.18655],[-2.1815,43.1869],[-2.18145,43.1874],[-2.1811,43.18775],[-2.1804,43.18805],[-2.1804,43.1885],[-2.1811,43.1885],[-2.18105,43.1894],[-2.1807,43.18965],[-2.18095,43.1901],[-2.18165,43.19045],[-2.1828,43.1912],[-2.18285,43.18945],[-2.1823,43.18975],[-2.18155,43.18975],[-2.1813,43.1894],[-2.1813,43.1885],[-2.18255,43.1881],[-2.18245,43.1874],[-2.1817,43.1874],[-2.18195,43.18695],[-2.18135,43.18645],[-2.1799,43.18585],[-2.1788,43.1858],[-2.1794,43.18525],[-2.1804,43.18525],[-2.1806,43.18505],[-2.1806,43.184],[-2.18015,43.1828],[-2.1794,43.18205]]],[[[-2.18415,43.1966],[-2.18675,43.19725],[-2.18735,43.19765],[-2.18825,43.198],[-2.1891,43.1982],[-2.18985,43.19725],[-2.1907,43.19775],[-2.1907,43.19825],[-2.1917,43.19895],[-2.19125,43.19935],[-2.19225,43.1996],[-2.193,43.19965],[-2.1947,43.19945],[-2.19565,43.19905],[-2.19665,43.1983],[-2.19735,43.1972],[-2.197,43.19685],[-2.19625,43.19675],[-2.1965,43.1964],[-2.19745,43.19635],[-2.197,43.19515],[-2.1961,43.19415],[-2.19475,43.19325],[-2.19265,43.19245],[-2.19225,43.1922],[-2.1911,43.1923],[-2.1913,43.1918],[-2.18955,43.19125],[-2.1881,43.191],[-2.1868,43.1907],[-2.1857,43.19065],[-2.1842,43.19095],[-2.18325,43.1914],[-2.18325,43.1918],[-2.18435,43.1928],[-2.1852,43.1934],[-2.1862,43.19385],[-2.18585,43.1942],[-2.18485,43.19485],[-2.1844,43.19495],[-2.1834,43.195],[-2.1831,43.1955],[-2.18315,43.19615],[-2.18415,43.1966]]]]},"properties":{"CODIGO":"E010G","ZLS":"Eólica","HECTARIAS":90.9743142027}},
{"type":"Feature","geometry":{"type":"MultiPolygon","coordinates":[[[[-2.5425,42.95015],[-2.5424,42.94905],[-2.54215,42.94845],[-2.541,42.94845],[-2.5409,42.94795],[-2.5403,42.9472],[-2.53985,42.94685],[-2.53935,42.9454],[-2.53875,42.9447],[-2.5382,42.9445],[-2.53795,42.9449],[-2.53685,42.9449],[-2.53645,42.94475],[-2.5355,42.94475],[-2.53465,42.9441],[-2.5341,42.9438],[-2.5337,42.94265],[-2.5342,42.94255],[-2.5351,42.94365],[-2.5355,42.9436],[-2.53635,42.9427],[-2.53725,42.94215],[-2.53625,42.9417],[-2.5354,42.9415],[-2.53425,42.94145],[-2.5331,42.94165],[-2.53235,42.94195],[-2.53135,42.94255],[-2.53075,42.94325],[-2.5315,42.9438],[-2.5327,42.94405],[-2.5337,42.94445],[-2.53405,42.9451],[-2.535,42.9461],[-2.5355,42.94635],[-2.5354,42.9469],[-2.53695,42.9479],[-2.53755,42.9485],[-2.53755,42.94905],[-2.53695,42.94895],[-2.5367,42.9495],[-2.5357,42.9497],[-2.53585,42.9509],[-2.53545,42.95155],[-2.5352,42.95225],[-2.53535,42.9532],[-2.5351,42.9536],[-2.5351,42.9541],[-2.53565,42.9539],[-2.5358,42.955],[-2.5363,42.955],[-2.53605,42.9559],[-2.53535,42.9559],[-2.5347,42.9567],[-2.5355,42.95715],[-2.5369,42.9575],[-2.53665,42.95795],[-2.53665,42.95855],[-2.53715,42.9586],[-2.53725,42.95895],[-2.53835,42.9595],[-2.5381,42.9578],[-2.5374,42.95745],[-2.5374,42.9569],[-2.53805,42.95655],[-2.53845,42.956],[-2.5387,42.95605],[-2.53965,42.9537],[-2.54005,42.9531],[-2.54025,42.9525],[-2.54,42.9521],[-2.53935,42.95175],[-2.5379,42.95165],[-2.5379,42.9515],[-2.53935,42.9516],[-2.5403,42.95145],[-2.54075,42.9517],[-2.54165,42.9508],[-2.54215,42.95015],[-2.5425,42.95015]]],[[[-2.53975,42.96435],[-2.5398,42.96425],[-2.53895,42.9629],[-2.5387,42.9615],[-2.5383,42.96125],[-2.5377,42.96165],[-2.5366,42.96165],[-2.5359,42.9611],[-2.53575,42.96225],[-2.53635,42.96255],[-2.53635,42.96305],[-2.5371,42.963],[-2.5372,42.96355],[-2.53675,42.9637],[-2.5372,42.96465],[-2.5378,42.9648],[-2.53815,42.96455],[-2.5388,42.96455],[-2.5391,42.96535],[-2.5384,42.96565],[-2.5384,42.96775],[-2.53855,42.96805],[-2.5399,42.96585],[-2.5395,42.96575],[-2.53975,42.96435]]],[[[-2.53075,42.97005],[-2.53065,42.97165],[-2.53445,42.9732],[-2.5348,42.97235],[-2.5349,42.9716],[-2.53555,42.97015],[-2.53765,42.96905],[-2.53815,42.96865],[-2.5377,42.96845],[-2.5368,42.96725],[-2.53605,42.9675],[-2.5342,42.967],[-2.533,42.9673],[-2.5322,42.96775],[-2.53135,42.9685],[-2.531,42.9691],[-2.53075,42.97005]]]]},"properties":{"CODIGO":"E025AG","ZLS":"Eólica","HECTARIAS":96.7957775622}},
{"type":"Feature","geometry":{"type":"MultiPolygon","coordinates":[[[[-2.00925,43.1156],[-2.0068,43.11525],[-2.00455,43.1163],[-2.0044,43.1162],[-2.0047,43.11535],[-2.0053,43.11525],[-2.0048,43.11465],[-2.00385,43.11485],[-2.00385,43.11505],[-2.00285,43.11515],[-2.00265,43.11545],[-2.0005,43.1151],[-1.99955,43.115],[-1.9998,43.1147],[-1.99885,43.114],[-1.99855,43.11495],[-1.99875,43.1161],[-1.99915,43.1168],[-2,43.1168],[-2.00035,43.11765],[-2.00135,43.118],[-2.0022,43.1182],[-2.00215,43.1189],[-2.00175,43.1191],[-2.0028,43.11985],[-2.00285,43.12125],[-2.00305,43.1219],[-2.0037,43.1219],[-2.0037,43.1228],[-2.00385,43.1234],[-2.00475,43.12425],[-2.0055,43.1248],[-2.00645,43.12525],[-2.0076,43.12525],[-2.0077,43.12545],[-2.00885,43.12545],[-2.00945,43.12605],[-2.0107,43.12615],[-2.0125,43.1269],[-2.0127,43.1273],[-2.01405,43.1282],[-2.01565,43.1285],[-2.017,43.1285],[-2.0174,43.1278],[-2.018,43.1278],[-2.018,43.12735],[-2.01865,43.1269],[-2.01925,43.1269],[-2.0198,43.12645],[-2.0199,43.126],[-2.02065,43.1258],[-2.0206,43.12475],[-2.02015,43.12445],[-2.0193,43.12445],[-2.019,43.124],[-2.01775,43.12395],[-2.01775,43.12375],[-2.01685,43.1237],[-2.01685,43.1233],[-2.01625,43.12305],[-2.01615,43.12375],[-2.0156,43.1243],[-2.015,43.12415],[-2.015,43.1235],[-2.0147,43.12315],[-2.015,43.12295],[-2.015,43.12235],[-2.0141,43.1217],[-2.0132,43.1219],[-2.0122,43.1219],[-2.0121,43.1217],[-2.00985,43.12165],[-2.011,43.12125],[-2.01105,43.12055],[-2.01135,43.1203],[-2.0124,43.12025],[-2.0135,43.12035],[-2.0135,43.12055],[-2.01445,43.12055],[-2.01515,43.1208],[-2.01505,43.1211],[-2.0142,43.1211],[-2.01595,43.1225],[-2.01655,43.12235],[-2.01775,43.12235],[-2.017,43.1218],[-2.0158,43.12105],[-2.01445,43.12045],[-2.0128,43.11995],[-2.0114,43.11985],[-2.01115,43.1189],[-2.01045,43.118],[-2.0103,43.11695],[-2.00975,43.1161],[-2.00925,43.1156]],[[-2.007,43.116],[-2.0065,43.1167],[-2.0062,43.1162],[-2.007,43.116]],[[-2.004,43.11935],[-2.00315,43.1191],[-2.00295,43.11845],[-2.00415,43.11845],[-2.00525,43.11885],[-2.00525,43.1194],[-2.004,43.11935]],[[-2.00795,43.1192],[-2.0074,43.11915],[-2.0074,43.11875],[-2.0068,43.11875],[-2.00675,43.1201],[-2.0062,43.1205],[-2.0062,43.12135],[-2.0058,43.1214],[-2.00585,43.1201],[-2.00555,43.12005],[-2.00555,43.1189],[-2.00535,43.11865],[-2.0061,43.11795],[-2.0071,43.11805],[-2.0076,43.11825],[-2.00795,43.1192]],[[-2.00845,43.11895],[-2.00965,43.1195],[-2.00965,43.11995],[-2.00905,43.12005],[-2.0083,43.11985],[-2.00845,43.11895]],[[-2.00525,43.1208],[-2.00495,43.12135],[-2.004,43.1214],[-2.00375,43.1211],[-2.0031,43.1209],[-2.00305,43.12055],[-2.00435,43.1206],[-2.0046,43.1208],[-2.00525,43.1208]],[[-2.00035,43.1164],[-2.0006,43.1161],[-2.0016,43.1161],[-2.0019,43.1164],[-2.0019,43.11685],[-2.00095,43.11705],[-2.001,43.1164],[-2.00035,43.1164]],[[-2.01745,43.1254],[-2.0178,43.12515],[-2.01835,43.1253],[-2.0193,43.12575],[-2.0189,43.1259],[-2.0177,43.12565],[-2.01745,43.1254]]],[[[-2.0187,43.12275],[-2.01845,43.12355],[-2.01985,43.1239],[-2.01965,43.12335],[-2.0187,43.12275]]],[[[-1.9918,43.10055],[-1.99195,43.10115],[-1.99255,43.10135],[-1.99295,43.1009],[-1.99195,43.10035],[-1.9918,43.10055]]],[[[-1.996,43.1073],[-1.99635,43.1073],[-1.9963,43.1085],[-1.9974,43.10915],[-1.99655,43.10915],[-1.99835,43.11195],[-1.99895,43.11265],[-1.99965,43.11285],[-2.0008,43.1133],[-2.0016,43.11325],[-2.00265,43.1134],[-2.00365,43.1133],[-2.00445,43.11335],[-2.0046,43.11305],[-2.00635,43.1131],[-2.0081,43.11265],[-2.00975,43.11235],[-2.0108,43.11185],[-2.01145,43.1113],[-2.01205,43.11035],[-2.0122,43.10905],[-2.01165,43.1079],[-2.0109,43.1072],[-2.00985,43.10665],[-2.0086,43.10635],[-2.0074,43.1063],[-2.0074,43.1067],[-2.0065,43.10715],[-2.00645,43.1065],[-2.0061,43.1064],[-2.00535,43.10665],[-2.00605,43.10715],[-2.00585,43.1077],[-2.00505,43.1076],[-2.00425,43.107],[-2.0049,43.10695],[-2.0051,43.1067],[-2.0048,43.10525],[-2.0041,43.10515],[-2.00375,43.1046],[-2.0044,43.1039],[-2.00395,43.10315],[-2.0029,43.1023],[-2.002,43.1019],[-2.00115,43.1017],[-1.9997,43.1017],[-1.99945,43.10095],[-1.99905,43.1004],[-1.9982,43.09975],[-1.9969,43.0992],[-1.9957,43.099],[-1.99535,43.09975],[-1.9957,43.1001],[-1.9958,43.1013],[-1.9957,43.1022],[-1.9948,43.1019],[-1.9948,43.10235],[-1.9942,43.10255],[-1.9937,43.10315],[-1.99275,43.1025],[-1.99225,43.1027],[-1.9922,43.1036],[-1.99195,43.1038],[-1.99095,43.1037],[-1.99135,43.1046],[-1.99185,43.10515],[-1.99255,43.1057],[-1.99345,43.10575],[-1.99345,43.1062],[-1.9939,43.1066],[-1.99465,43.107],[-1.996,43.1073]],[[-2.00155,43.10315],[-2.0017,43.10285],[-2.0023,43.1029],[-2.0023,43.10335],[-2.00155,43.10315]],[[-2.00605,43.10895],[-2.00505,43.10875],[-2.00525,43.10825],[-2.0059,43.1085],[-2.00605,43.10895]],[[-2.00945,43.11095],[-2.00995,43.1106],[-2.0106,43.111],[-2.01075,43.1116],[-2.0103,43.1116],[-2.00945,43.11095]],[[-1.99235,43.1044],[-1.99395,43.10355],[-1.9948,43.1039],[-1.9948,43.10415],[-1.99355,43.10495],[-1.9932,43.1051],[-1.99305,43.1044],[-1.99235,43.1044]],[[-1.99925,43.10895],[-1.9985,43.1091],[-1.9983,43.1087],[-1.99925,43.1087],[-1.99925,43.10895]],[[-2.0002,43.1105],[-2.00045,43.11025],[-2.00135,43.11025],[-2.0007,43.11075],[-1.9996,43.1108],[-1.9995,43.11015],[-2.00025,43.11025],[-2.0002,43.1105]]]]},"properties":{"CODIGO":"E018G","ZLS":"Eólica","HECTARIAS":244.702282021}},
{"type":"Feature","geometry":{"type":"MultiPolygon","coordinates":[[[[-2.47985,42.7842],[-2.48025,42.7839],[-2.48205,42.78395],[-2.482,42.78315],[-2.48145,42.7835],[-2.4801,42.78375],[-2.4794,42.78375],[-2.4793,42.7834],[-2.47805,42.78335],[-2.47835,42.7838],[-2.47655,42.7842],[-2.47655,42.78445],[-2.4778,42.78415],[-2.47865,42.7841],[-2.47905,42.7844],[-2.4791,42.78525],[-2.47965,42.78555],[-2.4806,42.7855],[-2.47925,42.78475],[-2.47925,42.78445],[-2.47985,42.7842]]],[[[-2.48345,42.784],[-2.4823,42.7846],[-2.48315,42.78485],[-2.48315,42.7853],[-2.48275,42.7862],[-2.4835,42.78585],[-2.48385,42.7853],[-2.48345,42.784]]],[[[-2.4879,42.78535],[-2.48705,42.78565],[-2.48665,42.7853],[-2.48575,42.78585],[-2.48375,42.78805],[-2.48375,42.7882],[-2.48585,42.78865],[-2.48665,42.78875],[-2.48755,42.7882],[-2.4879,42.7874],[-2.4879,42.78685],[-2.4875,42.78655],[-2.4883,42.7857],[-2.4879,42.78535]]],[[[-2.49115,42.78765],[-2.48975,42.7872],[-2.4895,42.78785],[-2.4899,42.788],[-2.4898,42.7886],[-2.49115,42.7884],[-2.49115,42.78765]]],[[[-2.49115,42.7896],[-2.4909,42.78945],[-2.4892,42.7898],[-2.48755,42.78975],[-2.4875,42.79025],[-2.48705,42.79045],[-2.4875,42.791],[-2.48715,42.7918],[-2.4879,42.7917],[-2.4892,42.79135],[-2.49005,42.7909],[-2.49035,42.79025],[-2.4909,42.79],[-2.49115,42.7896]]],[[[-2.4733,42.7846],[-2.47375,42.78455],[-2.473,42.7837],[-2.47275,42.7843],[-2.4733,42.7846]]],[[[-2.44295,42.7869],[-2.44295,42.7871],[-2.44375,42.7877],[-2.44455,42.7871],[-2.44295,42.7869]]],[[[-2.4466,42.7883],[-2.4456,42.78835],[-2.44575,42.7886],[-2.4466,42.7883]]],[[[-2.4413,42.7872],[-2.44085,42.78735],[-2.4406,42.78795],[-2.43975,42.78805],[-2.4394,42.78845],[-2.43935,42.7891],[-2.4396,42.7894],[-2.4412,42.7896],[-2.44145,42.7892],[-2.4397,42.78925],[-2.4397,42.7885],[-2.44095,42.7885],[-2.44165,42.78785],[-2.44105,42.7876],[-2.4413,42.7872]]],[[[-2.43035,42.79195],[-2.4299,42.79225],[-2.4329,42.7946],[-2.4338,42.7947],[-2.43375,42.79415],[-2.4348,42.79375],[-2.43605,42.7936],[-2.43655,42.7931],[-2.438,42.79245],[-2.43885,42.79245],[-2.43925,42.7923],[-2.4408,42.79115],[-2.44275,42.7906],[-2.4442,42.7898],[-2.44465,42.7884],[-2.4445,42.78825],[-2.4435,42.78835],[-2.4434,42.7889],[-2.44255,42.78895],[-2.44255,42.7896],[-2.44325,42.7893],[-2.44305,42.78995],[-2.44215,42.7906],[-2.43935,42.791],[-2.4386,42.7904],[-2.43835,42.791],[-2.43865,42.7911],[-2.4398,42.7912],[-2.4391,42.79155],[-2.43785,42.7914],[-2.43775,42.792],[-2.43735,42.7921],[-2.4365,42.7927],[-2.4359,42.7927],[-2.43535,42.79235],[-2.4343,42.79245],[-2.4343,42.79315],[-2.4338,42.79315],[-2.43295,42.79165],[-2.433,42.7907],[-2.43175,42.79115],[-2.43035,42.79195]]],[[[-2.4469,42.78865],[-2.4466,42.7888],[-2.44605,42.79005],[-2.44565,42.7904],[-2.4442,42.79095],[-2.4436,42.7916],[-2.4435,42.79205],[-2.4419,42.7923],[-2.4414,42.7925],[-2.44065,42.7924],[-2.43995,42.79295],[-2.4409,42.7933],[-2.4412,42.79365],[-2.4412,42.7941],[-2.44005,42.7941],[-2.44005,42.79455],[-2.44155,42.79545],[-2.44295,42.79555],[-2.44395,42.79455],[-2.44485,42.79425],[-2.4453,42.79375],[-2.4469,42.7937],[-2.44785,42.79345],[-2.44905,42.79325],[-2.44975,42.79305],[-2.4503,42.79305],[-2.4515,42.7938],[-2.45215,42.7938],[-2.4523,42.79335],[-2.45295,42.7928],[-2.45415,42.7926],[-2.4543,42.792],[-2.45525,42.7913],[-2.45495,42.7903],[-2.45435,42.78955],[-2.45315,42.7888],[-2.45245,42.78855],[-2.45085,42.78855],[-2.45075,42.7884],[-2.44985,42.7883],[-2.44815,42.7884],[-2.4469,42.78865]],[[-2.44825,42.7917],[-2.44825,42.79095],[-2.44865,42.791],[-2.4486,42.7917],[-2.44825,42.7917]],[[-2.45115,42.7916],[-2.4505,42.7917],[-2.44935,42.7917],[-2.45,42.7912],[-2.4508,42.791],[-2.45115,42.7916]]],[[[-2.43275,42.79825],[-2.43305,42.7981],[-2.4332,42.7974],[-2.4335,42.79735],[-2.4338,42.7968],[-2.4338,42.79615],[-2.43465,42.7957],[-2.43535,42.7957],[-2.43595,42.7954],[-2.43665,42.79545],[-2.43745,42.79515],[-2.43865,42.79455],[-2.43965,42.79455],[-2.43965,42.7941],[-2.4388,42.79385],[-2.4388,42.79435],[-2.4375,42.7943],[-2.4372,42.7948],[-2.43635,42.7948],[-2.436,42.7952],[-2.435,42.7955],[-2.43355,42.7954],[-2.4326,42.796],[-2.4326,42.7963],[-2.43205,42.7965],[-2.4317,42.797],[-2.4317,42.79765],[-2.43095,42.79785],[-2.43085,42.7982],[-2.4316,42.7983],[-2.43275,42.79825]]],[[[-2.4402,42.7979],[-2.4407,42.79775],[-2.4408,42.79725],[-2.44025,42.79725],[-2.43965,42.79765],[-2.4402,42.7979]]]]},"properties":{"CODIGO":"E001A","ZLS":"Eólica","HECTARIAS":98.9984579788}},
{"type":"Feature","geometry":{"type":"MultiPolygon","coordinates":[[[[-3.2286,42.9413],[-3.22765,42.9408],[-3.22745,42.94115],[-3.22835,42.9415],[-3.2286,42.9413]]],[[[-3.227,42.9415],[-3.22685,42.94175],[-3.22725,42.9422],[-3.2282,42.94185],[-3.22735,42.94135],[-3.227,42.9415]]],[[[-3.22515,42.94285],[-3.225,42.9422],[-3.2247,42.942],[-3.2238,42.94235],[-3.22515,42.94285]]],[[[-3.2194,42.9434],[-3.2197,42.9434],[-3.22015,42.9428],[-3.21975,42.9425],[-3.2194,42.9434]]],[[[-3.1954,42.9411],[-3.1939,42.9418],[-3.1939,42.9422],[-3.1952,42.9421],[-3.1962,42.9417],[-3.1962,42.94145],[-3.1954,42.9411]]],[[[-3.21925,42.9421],[-3.2184,42.94205],[-3.2178,42.94165],[-3.21625,42.9413],[-3.21645,42.94175],[-3.2179,42.94205],[-3.219,42.94285],[-3.21925,42.9421]]],[[[-3.20025,42.94335],[-3.2009,42.94305],[-3.20135,42.9433],[-3.20205,42.9425],[-3.20235,42.942],[-3.202,42.94245],[-3.2015,42.9425],[-3.2011,42.943],[-3.20075,42.943],[-3.20025,42.94335]]],[[[-3.2167,42.94225],[-3.2168,42.94275],[-3.21655,42.94315],[-3.2157,42.9432],[-3.2152,42.94305],[-3.21485,42.9426],[-3.21525,42.942],[-3.2146,42.9415],[-3.21375,42.9415],[-3.21345,42.94115],[-3.21335,42.94065],[-3.2116,42.9404],[-3.21045,42.9405],[-3.20845,42.9409],[-3.2076,42.94165],[-3.208,42.94225],[-3.20715,42.94225],[-3.20675,42.94195],[-3.2065,42.94135],[-3.20595,42.94145],[-3.2061,42.9421],[-3.2055,42.9426],[-3.2041,42.94275],[-3.2027,42.94345],[-3.2022,42.943],[-3.2026,42.9426],[-3.202,42.9428],[-3.2019,42.9437],[-3.20175,42.9439],[-3.2025,42.94505],[-3.20315,42.94525],[-3.2065,42.94695],[-3.20775,42.9465],[-3.20975,42.94675],[-3.2098,42.94455],[-3.2116,42.9443],[-3.2131,42.9451],[-3.21375,42.94605],[-3.2147,42.94575],[-3.21505,42.9454],[-3.2156,42.9456],[-3.21665,42.94555],[-3.2167,42.94655],[-3.21665,42.9479],[-3.21685,42.94805],[-3.2197,42.9487],[-3.2209,42.94885],[-3.22255,42.94875],[-3.2234,42.9488],[-3.2253,42.94875],[-3.22635,42.94845],[-3.22845,42.9477],[-3.23485,42.94425],[-3.2355,42.94345],[-3.2354,42.9421],[-3.235,42.94245],[-3.23335,42.94235],[-3.232,42.94245],[-3.2308,42.942],[-3.2301,42.9413],[-3.22945,42.94155],[-3.22905,42.94195],[-3.22795,42.9424],[-3.22835,42.94275],[-3.22735,42.9439],[-3.2265,42.944],[-3.22605,42.94355],[-3.22465,42.944],[-3.22335,42.9439],[-3.22295,42.9442],[-3.2226,42.944],[-3.2217,42.94395],[-3.22075,42.94415],[-3.2205,42.94365],[-3.2195,42.9438],[-3.2185,42.9434],[-3.2175,42.9425],[-3.2167,42.94225]],[[-3.2214,42.94525],[-3.22145,42.9448],[-3.2221,42.9444],[-3.2228,42.9444],[-3.2233,42.94475],[-3.2233,42.94575],[-3.22235,42.946],[-3.2219,42.9459],[-3.2214,42.94525]]],[[[-3.19635,42.94525],[-3.19805,42.94525],[-3.19755,42.9448],[-3.19695,42.94515],[-3.19635,42.94525]]],[[[-3.1967,42.94585],[-3.19585,42.94585],[-3.1961,42.9463],[-3.1967,42.9463],[-3.1967,42.94585]]],[[[-3.16305,42.93425],[-3.16185,42.93455],[-3.16205,42.93485],[-3.16285,42.93455],[-3.16305,42.93425]]],[[[-3.16225,42.9383],[-3.1624,42.93875],[-3.1636,42.93805],[-3.16455,42.93795],[-3.16495,42.93765],[-3.16615,42.9372],[-3.1672,42.9365],[-3.1675,42.9362],[-3.16765,42.93535],[-3.16715,42.9354],[-3.1666,42.935],[-3.16495,42.93475],[-3.1648,42.93515],[-3.16515,42.93545],[-3.16605,42.93555],[-3.1659,42.93655],[-3.16395,42.9377],[-3.16385,42.9379],[-3.16275,42.93825],[-3.16225,42.9383]]],[[[-3.1783,42.93685],[-3.17795,42.93725],[-3.17855,42.93735],[-3.1788,42.93695],[-3.1783,42.93685]]],[[[-3.1761,42.9369],[-3.1759,42.9366],[-3.17525,42.9368],[-3.17585,42.93765],[-3.1761,42.9369]]],[[[-3.1609,42.9378],[-3.1616,42.9381],[-3.16265,42.93795],[-3.16255,42.9377],[-3.1609,42.9378]]],[[[-3.18155,42.93755],[-3.18115,42.93805],[-3.18,42.9384],[-3.1794,42.9389],[-3.1796,42.93965],[-3.18005,42.93915],[-3.18105,42.93835],[-3.18155,42.93755]]],[[[-3.18175,42.9414],[-3.18285,42.94135],[-3.18295,42.94085],[-3.18215,42.9404],[-3.18115,42.9403],[-3.18115,42.94085],[-3.18175,42.94085],[-3.18175,42.9414]]],[[[-3.1836,42.941],[-3.184,42.94085],[-3.18365,42.9402],[-3.183,42.9405],[-3.1836,42.941]]],[[[-3.18655,42.9403],[-3.1847,42.94065],[-3.18465,42.9412],[-3.18565,42.9412],[-3.1858,42.94155],[-3.1864,42.9414],[-3.1868,42.941],[-3.18655,42.9403]]],[[[-3.1951,42.94535],[-3.1944,42.94535],[-3.19435,42.94475],[-3.19485,42.94435],[-3.19405,42.94405],[-3.1934,42.9441],[-3.1933,42.94475],[-3.1924,42.9448],[-3.19115,42.9448],[-3.19025,42.9443],[-3.1898,42.9437],[-3.189,42.94355],[-3.1882,42.94275],[-3.18815,42.9421],[-3.18745,42.94235],[-3.1872,42.943],[-3.1861,42.9428],[-3.1853,42.94325],[-3.18505,42.9429],[-3.1859,42.9421],[-3.18505,42.9423],[-3.1824,42.9424],[-3.1823,42.94225],[-3.18125,42.9422],[-3.18115,42.9424],[-3.1798,42.9424],[-3.17905,42.94185],[-3.17895,42.9416],[-3.18,42.9415],[-3.1793,42.94065],[-3.1781,42.9387],[-3.1787,42.93835],[-3.1795,42.93745],[-3.17915,42.93735],[-3.17845,42.9379],[-3.17755,42.9378],[-3.17755,42.9369],[-3.17675,42.93705],[-3.17685,42.93775],[-3.17735,42.93825],[-3.1775,42.9388],[-3.17815,42.9395],[-3.17795,42.9397],[-3.17795,42.9408],[-3.17825,42.94095],[-3.17835,42.9418],[-3.17785,42.94165],[-3.17735,42.94045],[-3.177,42.93985],[-3.17625,42.93905],[-3.1756,42.93855],[-3.1746,42.9374],[-3.17425,42.9364],[-3.1734,42.93635],[-3.1726,42.93645],[-3.1727,42.9368],[-3.17315,42.9371],[-3.17255,42.93735],[-3.1721,42.93775],[-3.1724,42.93815],[-3.17185,42.93845],[-3.1718,42.93895],[-3.1712,42.9388],[-3.1713,42.93805],[-3.1707,42.938],[-3.17035,42.9389],[-3.17,42.9379],[-3.1694,42.93775],[-3.16885,42.93725],[-3.1684,42.93755],[-3.16855,42.9381],[-3.168,42.93825],[-3.168,42.93915],[-3.1675,42.93945],[-3.16765,42.93975],[-3.16935,42.93985],[-3.16945,42.9401],[-3.17065,42.94055],[-3.171,42.94055],[-3.1716,42.94095],[-3.17315,42.94165],[-3.1762,42.9427],[-3.1771,42.9429],[-3.17835,42.94345],[-3.1792,42.94355],[-3.17955,42.94405],[-3.1808,42.94455],[-3.1818,42.94455],[-3.18285,42.9448],[-3.1887,42.9448],[-3.1895,42.9446],[-3.19045,42.9446],[-3.19175,42.94545],[-3.19295,42.94535],[-3.19335,42.94545],[-3.19495,42.94545],[-3.1951,42.94535]]],[[[-3.19255,42.94235],[-3.1925,42.94155],[-3.19325,42.94175],[-3.19365,42.941],[-3.19335,42.9409],[-3.1918,42.941],[-3.1918,42.94085],[-3.1905,42.9408],[-3.18945,42.9406],[-3.1896,42.941],[-3.1901,42.94115],[-3.19105,42.9411],[-3.19195,42.94185],[-3.19205,42.9422],[-3.19255,42.94235]]],[[[-3.1557,42.9136],[-3.1558,42.91285],[-3.15535,42.913],[-3.1557,42.9136]]],[[[-3.154,42.91325],[-3.1535,42.91405],[-3.1535,42.9145],[-3.1542,42.91475],[-3.15445,42.91455],[-3.15445,42.9136],[-3.1547,42.9131],[-3.15435,42.91285],[-3.154,42.91325]]],[[[-3.1557,42.9136],[-3.1549,42.9144],[-3.1547,42.9152],[-3.15385,42.9156],[-3.15265,42.9156],[-3.1524,42.9164],[-3.1535,42.91635],[-3.1543,42.91605],[-3.1547,42.9154],[-3.15505,42.9152],[-3.15555,42.91415],[-3.1557,42.9136]]],[[[-3.14935,42.9165],[-3.1503,42.91655],[-3.15065,42.91705],[-3.1513,42.9163],[-3.14995,42.91585],[-3.14935,42.9165]]],[[[-3.1514,42.9182],[-3.1522,42.91845],[-3.15265,42.91825],[-3.1524,42.91745],[-3.1525,42.91695],[-3.1514,42.91705],[-3.1516,42.9175],[-3.1514,42.9182]]],[[[-3.15715,42.92115],[-3.1564,42.921],[-3.15595,42.92145],[-3.15505,42.92215],[-3.15455,42.922],[-3.15425,42.9225],[-3.15525,42.92285],[-3.1557,42.92285],[-3.15585,42.9224],[-3.1571,42.9218],[-3.15715,42.92115]]],[[[-3.15645,42.9196],[-3.1557,42.9199],[-3.1551,42.9197],[-3.1549,42.91915],[-3.154,42.91925],[-3.1535,42.91955],[-3.15375,42.92015],[-3.15425,42.9206],[-3.15365,42.9208],[-3.15215,42.9217],[-3.15165,42.9217],[-3.1516,42.921],[-3.15105,42.92145],[-3.1513,42.9217],[-3.1512,42.92235],[-3.1507,42.92235],[-3.1507,42.9218],[-3.15,42.9218],[-3.1501,42.92325],[-3.14965,42.92365],[-3.14985,42.9242],[-3.14935,42.92425],[-3.1491,42.92395],[-3.14795,42.9295],[-3.14825,42.93015],[-3.1489,42.93015],[-3.14915,42.93045],[-3.14915,42.9311],[-3.1496,42.9311],[-3.15025,42.93215],[-3.1507,42.93275],[-3.15125,42.93305],[-3.15215,42.933],[-3.1529,42.9328],[-3.154,42.93205],[-3.15415,42.9315],[-3.155,42.9301],[-3.15445,42.93],[-3.15375,42.93035],[-3.1533,42.93015],[-3.15415,42.9297],[-3.15375,42.9292],[-3.1533,42.92945],[-3.15265,42.92935],[-3.1526,42.9291],[-3.15555,42.92775],[-3.15575,42.9273],[-3.15485,42.92715],[-3.15545,42.92675],[-3.1559,42.9261],[-3.156,42.9255],[-3.15535,42.92525],[-3.15425,42.9252],[-3.154,42.9254],[-3.1543,42.92585],[-3.15425,42.9273],[-3.1528,42.928],[-3.15255,42.92855],[-3.15145,42.9289],[-3.1507,42.92925],[-3.14985,42.9294],[-3.1496,42.9292],[-3.14985,42.9276],[-3.14985,42.9263],[-3.15005,42.9257],[-3.15055,42.92555],[-3.15055,42.92495],[-3.15015,42.92445],[-3.1509,42.92425],[-3.15145,42.9239],[-3.1519,42.924],[-3.1528,42.92455],[-3.1529,42.9235],[-3.1535,42.9234],[-3.1531,42.923],[-3.1524,42.92315],[-3.1518,42.9229],[-3.15155,42.92215],[-3.15205,42.92205],[-3.15365,42.92125],[-3.1545,42.9209],[-3.15475,42.92115],[-3.1556,42.92135],[-3.1559,42.921],[-3.15565,42.92035],[-3.15595,42.92025],[-3.15645,42.9196]]],[[[-3.1512,42.92505],[-3.1507,42.92575],[-3.1507,42.9263],[-3.15115,42.92655],[-3.15075,42.927],[-3.15095,42.9274],[-3.15045,42.928],[-3.1506,42.92855],[-3.15155,42.9279],[-3.1515,42.92745],[-3.15195,42.92675],[-3.1525,42.9267],[-3.1529,42.9263],[-3.15225,42.92595],[-3.1518,42.9254],[-3.1518,42.9251],[-3.1512,42.92505]]],[[[-3.155,42.9333],[-3.1548,42.9331],[-3.1555,42.9325],[-3.1562,42.93215],[-3.15645,42.93175],[-3.15575,42.9309],[-3.1555,42.93125],[-3.15555,42.9318],[-3.15525,42.9323],[-3.1544,42.93305],[-3.155,42.9333]]],[[[-3.16115,42.9327],[-3.16125,42.93375],[-3.16175,42.9342],[-3.1621,42.9343],[-3.1623,42.93375],[-3.16175,42.93375],[-3.1618,42.9332],[-3.1616,42.9328],[-3.16115,42.9327]]],[[[-3.14875,42.93155],[-3.14815,42.9316],[-3.14795,42.93235],[-3.1474,42.9331],[-3.1493,42.935],[-3.1501,42.93555],[-3.1516,42.93595],[-3.1522,42.93575],[-3.1519,42.93485],[-3.1522,42.93425],[-3.1511,42.93415],[-3.1503,42.93365],[-3.1496,42.9326],[-3.14875,42.93155]]],[[[-3.15395,42.93675],[-3.15425,42.9369],[-3.1562,42.937],[-3.1587,42.9375],[-3.15945,42.9375],[-3.15855,42.9366],[-3.15845,42.93585],[-3.15865,42.9355],[-3.1597,42.93475],[-3.15985,42.93445],[-3.15925,42.93415],[-3.15775,42.9352],[-3.15735,42.93535],[-3.1572,42.9364],[-3.15635,42.93635],[-3.1567,42.93685],[-3.1543,42.93655],[-3.15395,42.93675]]],[[[-3.1609,42.9378],[-3.1605,42.93745],[-3.1606,42.9372],[-3.162,42.93695],[-3.1615,42.9361],[-3.1624,42.93585],[-3.1627,42.93535],[-3.1616,42.9353],[-3.1611,42.93625],[-3.16035,42.9369],[-3.1598,42.9371],[-3.15945,42.9367],[-3.1594,42.936],[-3.1588,42.936],[-3.159,42.93685],[-3.15955,42.9373],[-3.1609,42.9378]]]]},"properties":{"CODIGO":"E004A","ZLS":"Eólica","HECTARIAS":279.613759464}},
{"type":"Feature","geometry":{"type":"MultiPolygon","coordinates":[[[[-3.02365,43.2703],[-3.02365,43.27015],[-3.02215,43.2697],[-3.0209,43.26995],[-3.02015,43.2703],[-3.0205,43.27085],[-3.02115,43.27095],[-3.02105,43.27135],[-3.0226,43.27155],[-3.02495,43.27115],[-3.0251,43.27055],[-3.0237,43.27015],[-3.02365,43.2703]]],[[[-3.0315,43.2756],[-3.03175,43.27585],[-3.03235,43.27585],[-3.03265,43.2756],[-3.03265,43.2752],[-3.0311,43.2752],[-3.0311,43.2754],[-3.0315,43.2756]]],[[[-3.03595,43.2774],[-3.0366,43.2777],[-3.037,43.27755],[-3.037,43.27715],[-3.0365,43.2771],[-3.03595,43.2774]]],[[[-3.0305,43.27495],[-3.0302,43.27495],[-3.0302,43.2743],[-3.0296,43.2743],[-3.02925,43.27385],[-3.02835,43.27385],[-3.02745,43.27365],[-3.0268,43.27315],[-3.0268,43.27295],[-3.02555,43.27295],[-3.02555,43.27275],[-3.02405,43.27275],[-3.02405,43.27295],[-3.02155,43.27295],[-3.02095,43.2725],[-3.02005,43.2725],[-3.0197,43.27185],[-3.0188,43.27135],[-3.0188,43.27095],[-3.01765,43.27],[-3.017,43.27045],[-3.01635,43.2712],[-3.016,43.27195],[-3.0159,43.2727],[-3.0162,43.2737],[-3.0166,43.27425],[-3.01765,43.27505],[-3.01855,43.27545],[-3.0211,43.27615],[-3.02365,43.27735],[-3.0306,43.2803],[-3.0313,43.28035],[-3.03165,43.28065],[-3.03215,43.28075],[-3.0324,43.28145],[-3.03205,43.2816],[-3.0322,43.2825],[-3.0329,43.2836],[-3.0336,43.2839],[-3.034,43.28465],[-3.03565,43.2863],[-3.03645,43.2868],[-3.03735,43.28715],[-3.03765,43.2865],[-3.03845,43.28545],[-3.0392,43.2849],[-3.03685,43.2849],[-3.03635,43.2847],[-3.03635,43.28355],[-3.03665,43.2835],[-3.0367,43.28415],[-3.0373,43.28465],[-3.03885,43.28465],[-3.0389,43.28435],[-3.0401,43.28435],[-3.0404,43.284],[-3.0401,43.2835],[-3.04005,43.28305],[-3.0396,43.28265],[-3.03905,43.2825],[-3.0383,43.28205],[-3.03735,43.28185],[-3.03715,43.28105],[-3.03645,43.281],[-3.03605,43.2807],[-3.03715,43.28],[-3.0371,43.2797],[-3.0364,43.2793],[-3.0355,43.2785],[-3.0352,43.27755],[-3.03575,43.2767],[-3.03605,43.2761],[-3.03605,43.2755],[-3.0356,43.2752],[-3.0348,43.2752],[-3.0346,43.27475],[-3.0311,43.27325],[-3.0311,43.2743],[-3.03055,43.27455],[-3.03055,43.2749],[-3.03145,43.27475],[-3.03145,43.27405],[-3.032,43.274],[-3.03235,43.2743],[-3.0324,43.27475],[-3.03325,43.27475],[-3.03325,43.2754],[-3.03295,43.27585],[-3.03235,43.27585],[-3.03235,43.2761],[-3.03145,43.2761],[-3.03145,43.27565],[-3.0311,43.2754],[-3.0305,43.2754],[-3.0305,43.27495]]]]},"properties":{"CODIGO":"E026B","ZLS":"Eólica","HECTARIAS":119.612473679}},
{"type":"Feature","geometry":{"type":"MultiPolygon","coordinates":[[[[-1.9502,43.1205],[-1.95205,43.121],[-1.9528,43.1215],[-1.95345,43.1216],[-1.954,43.12215],[-1.95555,43.1234],[-1.95695,43.12365],[-1.95735,43.1239],[-1.959,43.12385],[-1.95925,43.1235],[-1.9593,43.12285],[-1.95915,43.12205],[-1.95875,43.1214],[-1.958,43.1206],[-1.9568,43.11975],[-1.9556,43.11915],[-1.9547,43.119],[-1.95315,43.119],[-1.9519,43.1193],[-1.9512,43.11965],[-1.9502,43.1205]]],[[[-1.96115,43.12375],[-1.9599,43.12415],[-1.9598,43.1248],[-1.9604,43.1251],[-1.9605,43.12555],[-1.9594,43.12545],[-1.95925,43.12615],[-1.96135,43.12795],[-1.963,43.1298],[-1.963,43.1302],[-1.9638,43.13095],[-1.9659,43.13145],[-1.9673,43.13155],[-1.96755,43.1304],[-1.96745,43.12965],[-1.96705,43.12895],[-1.96635,43.1287],[-1.96545,43.1287],[-1.96515,43.1283],[-1.9645,43.128],[-1.963,43.128],[-1.96425,43.12755],[-1.96585,43.12845],[-1.96675,43.1284],[-1.96625,43.12765],[-1.96575,43.1275],[-1.96575,43.12715],[-1.9647,43.12645],[-1.964,43.1253],[-1.9636,43.12485],[-1.963,43.12485],[-1.96285,43.12435],[-1.96115,43.12375]],[[-1.96105,43.12565],[-1.962,43.12565],[-1.9627,43.12605],[-1.9622,43.12645],[-1.96135,43.12615],[-1.96105,43.12565]]],[[[-1.96975,43.13555],[-1.96945,43.13475],[-1.96925,43.13395],[-1.9688,43.13425],[-1.969,43.1349],[-1.96975,43.13555]]],[[[-1.96885,43.1317],[-1.9702,43.1322],[-1.9711,43.13245],[-1.97235,43.13305],[-1.9728,43.13345],[-1.97455,43.13455],[-1.975,43.1349],[-1.9754,43.13555],[-1.9765,43.13655],[-1.9771,43.1373],[-1.9773,43.13865],[-1.97785,43.1396],[-1.97805,43.1405],[-1.9785,43.142],[-1.97865,43.14275],[-1.9791,43.1432],[-1.98085,43.14405],[-1.98195,43.14325],[-1.98185,43.1414],[-1.9812,43.1404],[-1.98095,43.1402],[-1.9808,43.13945],[-1.98185,43.13875],[-1.98185,43.1381],[-1.9811,43.1381],[-1.9811,43.13835],[-1.98035,43.13835],[-1.97985,43.13735],[-1.9785,43.13755],[-1.9785,43.1373],[-1.97975,43.1371],[-1.97985,43.13725],[-1.98115,43.137],[-1.9812,43.1366],[-1.9806,43.13545],[-1.98015,43.13485],[-1.97895,43.1335],[-1.97745,43.1321],[-1.9766,43.13145],[-1.97535,43.13075],[-1.97395,43.1302],[-1.97265,43.13005],[-1.97205,43.13045],[-1.9713,43.1302],[-1.9699,43.13075],[-1.96885,43.1317]],[[-1.97955,43.14065],[-1.9797,43.1412],[-1.97905,43.1412],[-1.9787,43.14095],[-1.9787,43.13985],[-1.97935,43.14005],[-1.97955,43.14065]]]]},"properties":{"CODIGO":"E023G","ZLS":"Eólica","HECTARIAS":105.207203213}},
{"type":"Feature","geometry":{"type":"MultiPolygon","coordinates":[[[[-3.18095,43.173],[-3.1806,43.1732],[-3.18,43.1742],[-3.1811,43.17585],[-3.18185,43.1762],[-3.18295,43.1764],[-3.1832,43.1758],[-3.18305,43.175],[-3.18265,43.1742],[-3.1817,43.17335],[-3.18095,43.173]]],[[[-3.1494,43.17775],[-3.1508,43.1787],[-3.1529,43.17955],[-3.1541,43.1799],[-3.15455,43.17955],[-3.15485,43.17855],[-3.15425,43.1779],[-3.1542,43.17695],[-3.15305,43.17625],[-3.15205,43.1754],[-3.1509,43.17505],[-3.14945,43.1742],[-3.14875,43.1742],[-3.1483,43.1752],[-3.14835,43.1761],[-3.14885,43.1772],[-3.14945,43.1772],[-3.1494,43.17775]]],[[[-3.1791,43.1769],[-3.1787,43.1784],[-3.17925,43.17885],[-3.18015,43.17875],[-3.18105,43.17815],[-3.1812,43.1784],[-3.1819,43.178],[-3.18285,43.17695],[-3.18205,43.17685],[-3.18055,43.17635],[-3.1795,43.1759],[-3.1791,43.17635],[-3.1791,43.1769]]],[[[-3.1787,43.1753],[-3.1777,43.17535],[-3.1766,43.17585],[-3.17655,43.17645],[-3.17495,43.17655],[-3.17425,43.1774],[-3.16875,43.1783],[-3.1698,43.1785],[-3.16955,43.17895],[-3.1678,43.17895],[-3.16715,43.1784],[-3.16615,43.178],[-3.16475,43.17775],[-3.16305,43.17695],[-3.16215,43.17725],[-3.161,43.17825],[-3.1613,43.1788],[-3.1608,43.1788],[-3.1603,43.17835],[-3.16035,43.17795],[-3.15945,43.1781],[-3.1592,43.17885],[-3.1593,43.17925],[-3.15745,43.17925],[-3.15715,43.1788],[-3.1564,43.17835],[-3.1556,43.17865],[-3.15495,43.17855],[-3.15465,43.17955],[-3.15425,43.1799],[-3.15595,43.18],[-3.1566,43.1805],[-3.1576,43.181],[-3.1584,43.1812],[-3.1594,43.1813],[-3.1608,43.18125],[-3.16035,43.18075],[-3.1614,43.1805],[-3.16165,43.1803],[-3.1626,43.18025],[-3.1626,43.17995],[-3.16285,43.1787],[-3.163,43.1807],[-3.1648,43.1812],[-3.1672,43.1817],[-3.16825,43.18185],[-3.16925,43.1818],[-3.1749,43.1809],[-3.1765,43.18035],[-3.17895,43.17905],[-3.17855,43.1784],[-3.1785,43.1775],[-3.17875,43.1769],[-3.1789,43.17555],[-3.1787,43.1753]],[[-3.17505,43.17895],[-3.1749,43.1794],[-3.17385,43.1794],[-3.17285,43.17925],[-3.1729,43.1787],[-3.1741,43.17885],[-3.1747,43.17915],[-3.17505,43.17895]],[[-3.16955,43.1794],[-3.17015,43.1793],[-3.1689,43.1804],[-3.1681,43.1802],[-3.16795,43.17985],[-3.1689,43.17985],[-3.16955,43.1794]],[[-3.1747,43.178],[-3.1747,43.17835],[-3.17405,43.17845],[-3.17385,43.1782],[-3.17415,43.17785],[-3.1747,43.178]]]]},"properties":{"CODIGO":"E022B","ZLS":"Eólica","HECTARIAS":95.4704178637}},
{"type":"Feature","geometry":{"type":"Polygon","coordinates":[[[-2.5861,43.0187],[-2.5861,43.01825],[-2.5853,43.01845],[-2.58365,43.01915],[-2.58265,43.0198],[-2.5821,43.02035],[-2.5814,43.02135],[-2.58125,43.02185],[-2.5811,43.02325],[-2.57905,43.02335],[-2.57745,43.02315],[-2.57505,43.0232],[-2.57275,43.02355],[-2.57095,43.0237],[-2.5694,43.0234],[-2.56905,43.02375],[-2.5673,43.0239],[-2.56745,43.023],[-2.56735,43.02275],[-2.56585,43.02215],[-2.56395,43.0219],[-2.564,43.0222],[-2.5637,43.02265],[-2.563,43.023],[-2.56265,43.02345],[-2.56185,43.02345],[-2.5617,43.0239],[-2.5624,43.0239],[-2.5624,43.0246],[-2.56105,43.02445],[-2.56055,43.02425],[-2.5604,43.023],[-2.56005,43.02255],[-2.55925,43.0231],[-2.55875,43.0237],[-2.55845,43.02445],[-2.55835,43.02515],[-2.5585,43.02575],[-2.559,43.02665],[-2.5596,43.0272],[-2.5602,43.0269],[-2.5613,43.02705],[-2.5618,43.02775],[-2.5623,43.02815],[-2.56245,43.0274],[-2.5631,43.02745],[-2.5635,43.02785],[-2.5635,43.02825],[-2.5648,43.02825],[-2.56535,43.0279],[-2.566,43.0278],[-2.56635,43.02715],[-2.5667,43.02725],[-2.56645,43.02895],[-2.56565,43.02895],[-2.5652,43.0293],[-2.56595,43.02955],[-2.56745,43.0298],[-2.5685,43.0298],[-2.5702,43.03005],[-2.5712,43.02995],[-2.57235,43.03005],[-2.57315,43.02985],[-2.57385,43.02985],[-2.5762,43.02945],[-2.57765,43.0299],[-2.5794,43.02995],[-2.58095,43.0296],[-2.5814,43.03065],[-2.58205,43.03135],[-2.5833,43.0321],[-2.58495,43.03245],[-2.58655,43.0311],[-2.58735,43.0311],[-2.5869,43.03175],[-2.58705,43.0322],[-2.58835,43.03155],[-2.58905,43.03085],[-2.5895,43.02995],[-2.5893,43.02975],[-2.5893,43.02915],[-2.5895,43.0286],[-2.58925,43.02775],[-2.58885,43.02695],[-2.58955,43.02605],[-2.58975,43.02525],[-2.58965,43.02375],[-2.59055,43.02305],[-2.59055,43.0213],[-2.5908,43.02115],[-2.5908,43.02005],[-2.5898,43.01905],[-2.5887,43.0185],[-2.58785,43.0183],[-2.58675,43.0182],[-2.58705,43.0188],[-2.5861,43.0187]],[[-2.5833,43.02085],[-2.58345,43.02105],[-2.5842,43.0211],[-2.5843,43.02165],[-2.58485,43.0221],[-2.5844,43.02245],[-2.5834,43.02265],[-2.583,43.022],[-2.5833,43.02085]],[[-2.5824,43.02295],[-2.5824,43.023],[-2.5822,43.02325],[-2.5821,43.0232],[-2.5824,43.02295]],[[-2.5807,43.02755],[-2.5818,43.02765],[-2.58215,43.02785],[-2.5824,43.0285],[-2.5827,43.02875],[-2.58165,43.0293],[-2.581,43.0293],[-2.58115,43.02875],[-2.5808,43.0284],[-2.5794,43.02835],[-2.5796,43.028],[-2.5793,43.02775],[-2.58005,43.02735],[-2.5807,43.02755]]]},"properties":{"CODIGO":"E013A","ZLS":"Eólica","HECTARIAS":211.353875313}},
{"type":"Feature","geometry":{"type":"MultiPolygon","coordinates":[[[[-2.71235,43.0546],[-2.71205,43.05505],[-2.71345,43.05625],[-2.7132,43.0569],[-2.71295,43.057],[-2.71315,43.05775],[-2.71435,43.05765],[-2.7141,43.05645],[-2.71345,43.0552],[-2.7128,43.05465],[-2.71235,43.0546]]],[[[-2.71095,43.04355],[-2.7112,43.0434],[-2.71085,43.0425],[-2.7106,43.0421],[-2.71085,43.04185],[-2.71135,43.0425],[-2.7117,43.04255],[-2.71245,43.04155],[-2.7129,43.0408],[-2.713,43.04025],[-2.71285,43.0391],[-2.71185,43.0369],[-2.7116,43.03745],[-2.7109,43.03775],[-2.711,43.0368],[-2.7106,43.03645],[-2.71,43.03665],[-2.7105,43.03735],[-2.7094,43.03735],[-2.7084,43.0369],[-2.7084,43.03615],[-2.7094,43.03615],[-2.71075,43.036],[-2.7106,43.0353],[-2.71175,43.03535],[-2.7116,43.03415],[-2.7111,43.0331],[-2.71055,43.03255],[-2.70935,43.0319],[-2.70795,43.0316],[-2.70695,43.0316],[-2.70605,43.03175],[-2.70485,43.03215],[-2.70395,43.03285],[-2.7033,43.0337],[-2.7031,43.0349],[-2.70325,43.03705],[-2.7034,43.03765],[-2.704,43.0395],[-2.7047,43.0395],[-2.7057,43.03975],[-2.70545,43.0402],[-2.70385,43.0401],[-2.7035,43.04055],[-2.7031,43.0421],[-2.703,43.04435],[-2.70215,43.04505],[-2.7016,43.04575],[-2.7013,43.047],[-2.7016,43.04805],[-2.70145,43.0487],[-2.70165,43.0498],[-2.70245,43.0517],[-2.70295,43.0525],[-2.70465,43.0544],[-2.70495,43.05615],[-2.70515,43.0569],[-2.70575,43.05715],[-2.706,43.0575],[-2.70685,43.05775],[-2.7071,43.05835],[-2.7077,43.05845],[-2.7088,43.05835],[-2.70925,43.05885],[-2.7097,43.059],[-2.7101,43.0587],[-2.71135,43.0588],[-2.7119,43.05875],[-2.713,43.05785],[-2.71275,43.057],[-2.7131,43.05685],[-2.71335,43.05625],[-2.71265,43.05575],[-2.7123,43.0553],[-2.7118,43.0552],[-2.7117,43.05455],[-2.7121,43.05445],[-2.7127,43.0537],[-2.7124,43.0531],[-2.71255,43.05215],[-2.7113,43.0511],[-2.7115,43.05055],[-2.71045,43.0494],[-2.70995,43.04815],[-2.71065,43.0475],[-2.71055,43.0469],[-2.7111,43.047],[-2.7115,43.04575],[-2.7116,43.04405],[-2.71095,43.04355]],[[-2.70935,43.0331],[-2.7094,43.03355],[-2.70865,43.03355],[-2.70865,43.0331],[-2.70935,43.0331]],[[-2.7071,43.0339],[-2.7072,43.0355],[-2.7066,43.0357],[-2.7066,43.0351],[-2.7063,43.03505],[-2.7063,43.0336],[-2.7071,43.0339]],[[-2.7051,43.04895],[-2.7044,43.049],[-2.7044,43.04815],[-2.7049,43.04775],[-2.7053,43.04805],[-2.7053,43.04875],[-2.7051,43.04895]],[[-2.7038,43.04915],[-2.7037,43.0494],[-2.7028,43.04975],[-2.702,43.0497],[-2.7024,43.0493],[-2.7038,43.04915]],[[-2.70685,43.0535],[-2.70625,43.05365],[-2.7054,43.05245],[-2.70635,43.05245],[-2.70685,43.0523],[-2.70685,43.0535]],[[-2.70845,43.05625],[-2.70835,43.0568],[-2.70745,43.05635],[-2.708,43.05605],[-2.70845,43.05625]]],[[[-2.7101,43.0607],[-2.71015,43.06035],[-2.70965,43.0597],[-2.70875,43.0596],[-2.7077,43.06005],[-2.7084,43.06045],[-2.7101,43.0607]]],[[[-2.70615,43.0697],[-2.7069,43.07025],[-2.70775,43.07035],[-2.7088,43.06985],[-2.70985,43.0688],[-2.71,43.06825],[-2.709,43.06825],[-2.7076,43.06865],[-2.70665,43.0692],[-2.70615,43.0697]]],[[[-2.71215,43.07505],[-2.71365,43.0727],[-2.714,43.0719],[-2.714,43.07085],[-2.7137,43.07005],[-2.71325,43.0695],[-2.7124,43.06885],[-2.7117,43.06855],[-2.7106,43.06825],[-2.7102,43.0694],[-2.70925,43.06975],[-2.70925,43.0701],[-2.70835,43.0705],[-2.70755,43.0706],[-2.70765,43.0711],[-2.7071,43.07155],[-2.70605,43.0721],[-2.70565,43.07275],[-2.70565,43.0749],[-2.70625,43.0754],[-2.7059,43.07615],[-2.7049,43.07615],[-2.70395,43.0754],[-2.70355,43.07535],[-2.7027,43.0755],[-2.70205,43.07495],[-2.7017,43.0755],[-2.70155,43.0762],[-2.70165,43.0773],[-2.70215,43.07805],[-2.7031,43.07885],[-2.7037,43.0792],[-2.70495,43.0795],[-2.7058,43.0796],[-2.7069,43.0795],[-2.70805,43.07915],[-2.7087,43.07875],[-2.7095,43.07805],[-2.71,43.07695],[-2.70985,43.0764],[-2.71005,43.07605],[-2.7107,43.07565],[-2.7114,43.07565],[-2.71215,43.07505]],[[-2.7059,43.0773],[-2.70725,43.0768],[-2.70795,43.0774],[-2.7075,43.07775],[-2.7066,43.0776],[-2.7059,43.0773]]]]},"properties":{"CODIGO":"E002B","ZLS":"Eólica","HECTARIAS":266.937183192}},
{"type":"Feature","geometry":{"type":"Polygon","coordinates":[[[-2.1839,43.12805],[-2.18455,43.1287],[-2.1841,43.12985],[-2.18375,43.13125],[-2.18375,43.13205],[-2.1833,43.1325],[-2.18265,43.13365],[-2.18255,43.13505],[-2.1827,43.1356],[-2.18315,43.13635],[-2.18385,43.137],[-2.18495,43.1372],[-2.18595,43.13695],[-2.18595,43.1373],[-2.18645,43.1374],[-2.18645,43.13775],[-2.18535,43.13765],[-2.18505,43.13775],[-2.1855,43.13875],[-2.18595,43.13875],[-2.18575,43.13925],[-2.18605,43.1399],[-2.18705,43.1416],[-2.1874,43.142],[-2.1875,43.1433],[-2.1881,43.14325],[-2.18795,43.14425],[-2.1872,43.14425],[-2.1868,43.14515],[-2.18675,43.1461],[-2.18705,43.1471],[-2.1874,43.1478],[-2.18915,43.1496],[-2.1899,43.1502],[-2.19055,43.1511],[-2.19125,43.1519],[-2.192,43.1524],[-2.19305,43.1528],[-2.1945,43.15295],[-2.19605,43.15275],[-2.197,43.1524],[-2.1981,43.15155],[-2.19875,43.1504],[-2.19875,43.14945],[-2.19835,43.14845],[-2.19705,43.1466],[-2.19575,43.14555],[-2.196,43.1446],[-2.19615,43.14305],[-2.1961,43.1422],[-2.1958,43.14035],[-2.19545,43.1395],[-2.19465,43.13855],[-2.19405,43.13755],[-2.1933,43.136],[-2.19235,43.1349],[-2.192,43.1341],[-2.19125,43.13465],[-2.1911,43.1339],[-2.1912,43.1332],[-2.19185,43.1329],[-2.19205,43.132],[-2.19265,43.13085],[-2.19345,43.1286],[-2.19355,43.12795],[-2.1934,43.1271],[-2.1931,43.12715],[-2.1927,43.12805],[-2.19325,43.12805],[-2.1932,43.1289],[-2.1928,43.12925],[-2.19135,43.12865],[-2.1908,43.12825],[-2.191,43.12785],[-2.1923,43.127],[-2.1926,43.127],[-2.193,43.1263],[-2.1916,43.125],[-2.1909,43.1241],[-2.19,43.1235],[-2.18855,43.1228],[-2.1869,43.12245],[-2.1856,43.1225],[-2.184,43.12305],[-2.1829,43.1239],[-2.18235,43.1249],[-2.18225,43.1255],[-2.18245,43.1265],[-2.18315,43.1275],[-2.1839,43.12805]],[[-2.18955,43.12465],[-2.18955,43.12375],[-2.1903,43.1238],[-2.19065,43.1241],[-2.19065,43.12445],[-2.19015,43.1247],[-2.18955,43.12465]],[[-2.1867,43.12745],[-2.1862,43.12725],[-2.1856,43.12755],[-2.1855,43.12685],[-2.18525,43.12595],[-2.1855,43.1255],[-2.186,43.12575],[-2.1867,43.12745]],[[-2.1867,43.12745],[-2.18765,43.12755],[-2.1877,43.1269],[-2.18805,43.12695],[-2.18805,43.1276],[-2.18765,43.12795],[-2.18695,43.12795],[-2.1867,43.12745]],[[-2.19245,43.1296],[-2.1925,43.13005],[-2.19165,43.12985],[-2.1911,43.1305],[-2.19,43.1304],[-2.19,43.13005],[-2.1904,43.12985],[-2.1912,43.12985],[-2.19195,43.1296],[-2.19245,43.1296]],[[-2.19125,43.1305],[-2.19175,43.1305],[-2.1918,43.13105],[-2.19105,43.13095],[-2.19125,43.1305]],[[-2.1904,43.1305],[-2.1904,43.1312],[-2.18975,43.13115],[-2.1898,43.1307],[-2.1904,43.1305]],[[-2.18805,43.1374],[-2.18815,43.13795],[-2.1869,43.1374],[-2.18625,43.137],[-2.18585,43.1363],[-2.1854,43.13585],[-2.18695,43.1355],[-2.1867,43.1366],[-2.18755,43.1374],[-2.18805,43.1374]],[[-2.19255,43.1365],[-2.19295,43.1368],[-2.19285,43.13725],[-2.19245,43.1375],[-2.1918,43.13735],[-2.19165,43.1376],[-2.19205,43.1381],[-2.19305,43.1384],[-2.19345,43.1391],[-2.1941,43.13935],[-2.19415,43.1397],[-2.19365,43.1405],[-2.19285,43.1402],[-2.1917,43.1403],[-2.1915,43.1399],[-2.1918,43.1392],[-2.1911,43.13915],[-2.19075,43.13775],[-2.1909,43.1375],[-2.1924,43.13685],[-2.19255,43.1365]]]},"properties":{"CODIGO":"E024G","ZLS":"Eólica","HECTARIAS":226.608938579}},
{"type":"Feature","geometry":{"type":"MultiPolygon","coordinates":[[[[-2.66505,43.01725],[-2.66545,43.0177],[-2.66595,43.01785],[-2.667,43.0176],[-2.6663,43.01725],[-2.66605,43.0175],[-2.66505,43.01725]]],[[[-2.6696,43.01735],[-2.66925,43.01785],[-2.668,43.01775],[-2.6673,43.0179],[-2.66735,43.01835],[-2.66675,43.0191],[-2.66605,43.0191],[-2.6659,43.01945],[-2.6662,43.01985],[-2.6669,43.0203],[-2.66855,43.0204],[-2.66925,43.02025],[-2.6697,43.02],[-2.6697,43.0196],[-2.66835,43.0194],[-2.66785,43.01855],[-2.6674,43.0183],[-2.66785,43.018],[-2.66845,43.0183],[-2.6695,43.01805],[-2.6701,43.0176],[-2.6696,43.01735]]],[[[-2.67595,43.0231],[-2.6743,43.02265],[-2.67215,43.02275],[-2.67105,43.0231],[-2.67085,43.0228],[-2.6723,43.0222],[-2.6725,43.02195],[-2.67105,43.02195],[-2.66995,43.02265],[-2.67015,43.0232],[-2.66965,43.02365],[-2.6692,43.02465],[-2.66855,43.0247],[-2.66885,43.02395],[-2.6687,43.02365],[-2.6681,43.02305],[-2.6669,43.023],[-2.6655,43.0231],[-2.66535,43.02325],[-2.66545,43.0245],[-2.66645,43.02505],[-2.668,43.0261],[-2.66875,43.0258],[-2.6692,43.02545],[-2.67045,43.0254],[-2.6718,43.0256],[-2.67225,43.0256],[-2.67335,43.026],[-2.6725,43.02675],[-2.674,43.02695],[-2.67585,43.02755],[-2.67735,43.0284],[-2.6778,43.02855],[-2.67805,43.029],[-2.67855,43.0302],[-2.6794,43.03155],[-2.6797,43.03235],[-2.67975,43.03375],[-2.68055,43.03345],[-2.68055,43.0342],[-2.67935,43.0348],[-2.68005,43.03515],[-2.68145,43.03555],[-2.68235,43.0356],[-2.6839,43.03535],[-2.6828,43.03625],[-2.68165,43.03755],[-2.68105,43.0385],[-2.68075,43.03925],[-2.6805,43.0403],[-2.6804,43.04205],[-2.68075,43.0435],[-2.6821,43.04605],[-2.6836,43.0482],[-2.6852,43.05095],[-2.68605,43.0519],[-2.68755,43.05305],[-2.6885,43.0536],[-2.68915,43.0538],[-2.6904,43.054],[-2.6912,43.054],[-2.6923,43.05375],[-2.6936,43.05315],[-2.69425,43.05255],[-2.69465,43.052],[-2.6949,43.0513],[-2.69485,43.0503],[-2.6946,43.0496],[-2.6939,43.0488],[-2.6928,43.04795],[-2.6913,43.0454],[-2.69,43.0436],[-2.689,43.04165],[-2.6891,43.04075],[-2.68945,43.04025],[-2.69125,43.0388],[-2.6921,43.03775],[-2.6923,43.03685],[-2.69225,43.0362],[-2.6919,43.0353],[-2.691,43.0348],[-2.69015,43.03485],[-2.6905,43.0344],[-2.6901,43.03395],[-2.6904,43.0334],[-2.6906,43.03255],[-2.69035,43.03145],[-2.6899,43.0307],[-2.6889,43.03075],[-2.6882,43.03095],[-2.68745,43.031],[-2.68635,43.03135],[-2.6842,43.03185],[-2.68375,43.03105],[-2.6838,43.0307],[-2.68435,43.0304],[-2.68415,43.03015],[-2.6843,43.02965],[-2.68305,43.02885],[-2.6811,43.03065],[-2.6812,43.029],[-2.68095,43.02905],[-2.6808,43.03115],[-2.6801,43.0313],[-2.67865,43.02945],[-2.6771,43.02715],[-2.67795,43.02725],[-2.679,43.0269],[-2.68085,43.02665],[-2.6816,43.0267],[-2.6806,43.0254],[-2.67995,43.0248],[-2.678,43.0237],[-2.67595,43.0231]],[[-2.6845,43.0323],[-2.68515,43.03255],[-2.68515,43.0329],[-2.6845,43.033],[-2.6845,43.0323]],[[-2.6851,43.03435],[-2.6845,43.0341],[-2.6845,43.03365],[-2.6851,43.0334],[-2.68585,43.0334],[-2.68585,43.03465],[-2.6851,43.03465],[-2.6851,43.03435]],[[-2.6888,43.03465],[-2.6889,43.03485],[-2.6873,43.03525],[-2.68855,43.0343],[-2.6888,43.03465]],[[-2.6864,43.0374],[-2.6863,43.03675],[-2.68725,43.03685],[-2.6869,43.0373],[-2.6864,43.0374]],[[-2.69005,43.0377],[-2.6895,43.038],[-2.6885,43.038],[-2.68815,43.03745],[-2.68875,43.0373],[-2.68975,43.03665],[-2.69005,43.037],[-2.69005,43.0377]],[[-2.68565,43.047],[-2.68665,43.0465],[-2.6875,43.0469],[-2.6876,43.04735],[-2.68665,43.04725],[-2.6854,43.0474],[-2.6855,43.047],[-2.68565,43.047]],[[-2.68735,43.0478],[-2.68775,43.0491],[-2.68735,43.04925],[-2.6868,43.0487],[-2.6873,43.04845],[-2.68735,43.0478]],[[-2.694,43.04975],[-2.69445,43.0498],[-2.69415,43.0504],[-2.6941,43.0511],[-2.6937,43.05155],[-2.69285,43.05195],[-2.691,43.05205],[-2.69125,43.0517],[-2.6918,43.05145],[-2.6931,43.0515],[-2.6936,43.05125],[-2.6939,43.0507],[-2.6935,43.05055],[-2.694,43.04975]],[[-2.6918,43.05125],[-2.6899,43.05125],[-2.69135,43.05055],[-2.6918,43.0508],[-2.6918,43.05125]],[[-2.68145,43.03115],[-2.68205,43.03085],[-2.68195,43.0316],[-2.68115,43.0316],[-2.68145,43.03115]]]]},"properties":{"CODIGO":"E007AB","ZLS":"Eólica","HECTARIAS":237.343366176}},
{"type":"Feature","geometry":{"type":"MultiPolygon","coordinates":[[[[-2.7806,43.37725],[-2.7804,43.3774],[-2.7817,43.3782],[-2.78175,43.37755],[-2.78135,43.3771],[-2.7806,43.37725]]],[[[-2.7797,43.376],[-2.7787,43.3756],[-2.7785,43.37535],[-2.77835,43.3741],[-2.77795,43.37225],[-2.7774,43.3711],[-2.77675,43.3703],[-2.77545,43.36945],[-2.77495,43.3695],[-2.7736,43.3685],[-2.77195,43.3679],[-2.76995,43.36755],[-2.7682,43.36755],[-2.767,43.36775],[-2.7652,43.36815],[-2.76435,43.36845],[-2.7633,43.36915],[-2.7628,43.3697],[-2.76335,43.37],[-2.76345,43.37045],[-2.76415,43.3711],[-2.7646,43.37175],[-2.7645,43.37265],[-2.7642,43.37355],[-2.76445,43.37385],[-2.7661,43.37425],[-2.7672,43.37425],[-2.7688,43.37395],[-2.76965,43.37435],[-2.77,43.37425],[-2.77,43.37335],[-2.77035,43.3734],[-2.7703,43.3741],[-2.7706,43.3747],[-2.77135,43.3751],[-2.77215,43.37645],[-2.77265,43.37675],[-2.77255,43.37735],[-2.77325,43.3779],[-2.77295,43.3786],[-2.7732,43.37975],[-2.7736,43.38015],[-2.77335,43.3806],[-2.77425,43.381],[-2.7754,43.3831],[-2.7759,43.38365],[-2.77525,43.38385],[-2.77525,43.3843],[-2.7758,43.38465],[-2.7757,43.38495],[-2.777,43.385],[-2.77715,43.38535],[-2.77685,43.38585],[-2.77565,43.38615],[-2.77575,43.38665],[-2.77505,43.38705],[-2.77525,43.38745],[-2.7757,43.38765],[-2.7761,43.3874],[-2.77675,43.3874],[-2.77715,43.3877],[-2.7765,43.38805],[-2.7771,43.38915],[-2.77805,43.38915],[-2.77835,43.3897],[-2.77775,43.38975],[-2.77695,43.3903],[-2.77695,43.39085],[-2.77785,43.3915],[-2.7783,43.3913],[-2.77855,43.39085],[-2.7798,43.3908],[-2.78025,43.391],[-2.77995,43.3915],[-2.7796,43.39145],[-2.7796,43.3923],[-2.77835,43.3921],[-2.778,43.39245],[-2.77835,43.3927],[-2.77955,43.39265],[-2.77955,43.39295],[-2.78235,43.3935],[-2.78355,43.39465],[-2.7847,43.3953],[-2.7858,43.3957],[-2.78705,43.3954],[-2.7868,43.3959],[-2.78835,43.39665],[-2.7896,43.39705],[-2.79105,43.3973],[-2.7922,43.3973],[-2.7935,43.39765],[-2.79575,43.3989],[-2.7968,43.3994],[-2.7981,43.4004],[-2.79895,43.40075],[-2.8004,43.401],[-2.80145,43.40095],[-2.8024,43.40075],[-2.8033,43.40035],[-2.80385,43.4],[-2.80465,43.39915],[-2.805,43.398],[-2.80475,43.39685],[-2.80425,43.3961],[-2.80275,43.3948],[-2.802,43.39435],[-2.8,43.39335],[-2.7982,43.39225],[-2.79725,43.3919],[-2.79385,43.3911],[-2.7923,43.391],[-2.7905,43.3902],[-2.78955,43.3899],[-2.78845,43.38885],[-2.787,43.38795],[-2.78535,43.38745],[-2.7859,43.38705],[-2.785,43.38665],[-2.7843,43.3865],[-2.783,43.3859],[-2.7833,43.38555],[-2.7838,43.38575],[-2.7851,43.3859],[-2.7856,43.38675],[-2.7868,43.3867],[-2.78735,43.38635],[-2.7876,43.3859],[-2.78725,43.3855],[-2.78795,43.38485],[-2.7885,43.3849],[-2.78865,43.3839],[-2.78845,43.3831],[-2.7878,43.3822],[-2.78635,43.3812],[-2.7855,43.38085],[-2.78425,43.3799],[-2.7827,43.3793],[-2.7821,43.3797],[-2.7812,43.3797],[-2.7809,43.37945],[-2.78025,43.3794],[-2.77975,43.3792],[-2.78075,43.37805],[-2.7812,43.37805],[-2.7795,43.377],[-2.7794,43.37655],[-2.78055,43.37645],[-2.7797,43.376]],[[-2.7775,43.37915],[-2.7769,43.3792],[-2.7757,43.3788],[-2.7763,43.3785],[-2.77685,43.37895],[-2.7775,43.37915]],[[-2.7753,43.3788],[-2.77515,43.3793],[-2.7743,43.37905],[-2.7748,43.3788],[-2.7753,43.3788]],[[-2.7857,43.3817],[-2.7861,43.38215],[-2.7857,43.38235],[-2.7848,43.3825],[-2.78385,43.3823],[-2.78415,43.382],[-2.7848,43.382],[-2.7854,43.3816],[-2.7857,43.3817]],[[-2.7784,43.38465],[-2.779,43.38485],[-2.77895,43.38545],[-2.7784,43.38505],[-2.7784,43.38465]],[[-2.7825,43.3852],[-2.7827,43.38465],[-2.7835,43.38445],[-2.78395,43.38545],[-2.7825,43.3854],[-2.7825,43.3852]],[[-2.7786,43.3861],[-2.7787,43.3869],[-2.7781,43.3871],[-2.77735,43.3869],[-2.7773,43.3863],[-2.778,43.3858],[-2.7786,43.3861]],[[-2.78115,43.39295],[-2.78075,43.3927],[-2.78115,43.3914],[-2.78165,43.39095],[-2.78255,43.39115],[-2.78255,43.39185],[-2.78235,43.39215],[-2.7818,43.39215],[-2.78155,43.39275],[-2.78115,43.39295]]],[[[-2.77085,43.3752],[-2.77,43.37565],[-2.7706,43.3768],[-2.7713,43.37685],[-2.77195,43.3766],[-2.77125,43.37535],[-2.77085,43.3752]]],[[[-2.775,43.38485],[-2.77465,43.38415],[-2.7738,43.38485],[-2.77455,43.3855],[-2.775,43.38485]]],[[[-2.7753,43.391],[-2.77525,43.3902],[-2.775,43.38975],[-2.775,43.38845],[-2.7744,43.3884],[-2.77375,43.38725],[-2.7738,43.3868],[-2.7731,43.3861],[-2.77305,43.38745],[-2.77355,43.3886],[-2.77455,43.3901],[-2.7753,43.391]]]]},"properties":{"CODIGO":"E012B","ZLS":"Eólica","HECTARIAS":353.260165312}},
{"type":"Feature","geometry":{"type":"MultiPolygon","coordinates":[[[[-3.2047,43.27765],[-3.2048,43.27885],[-3.2052,43.2785],[-3.20635,43.27835],[-3.20695,43.27865],[-3.2072,43.27915],[-3.20675,43.2799],[-3.20595,43.2801],[-3.20545,43.28],[-3.2047,43.28025],[-3.20495,43.2814],[-3.20555,43.2811],[-3.2057,43.2817],[-3.2062,43.282],[-3.2072,43.2821],[-3.20725,43.28245],[-3.20635,43.2824],[-3.2053,43.28285],[-3.20475,43.28335],[-3.2033,43.28505],[-3.20235,43.28665],[-3.20205,43.28735],[-3.20205,43.2884],[-3.20235,43.28915],[-3.2028,43.2897],[-3.20345,43.29025],[-3.20435,43.29065],[-3.20475,43.2904],[-3.20485,43.2896],[-3.2035,43.28795],[-3.20285,43.28755],[-3.203,43.2869],[-3.2038,43.28645],[-3.20455,43.28625],[-3.20545,43.28565],[-3.20635,43.28455],[-3.20825,43.28285],[-3.2085,43.2824],[-3.20785,43.2824],[-3.2083,43.2818],[-3.2082,43.28095],[-3.20835,43.28035],[-3.2081,43.2793],[-3.20825,43.2787],[-3.2079,43.27795],[-3.20795,43.2776],[-3.2075,43.27725],[-3.20865,43.27725],[-3.20865,43.27985],[-3.2089,43.28065],[-3.20925,43.28065],[-3.20925,43.2819],[-3.2089,43.282],[-3.2089,43.28265],[-3.20925,43.2829],[-3.2103,43.2829],[-3.2106,43.28345],[-3.2115,43.2839],[-3.21185,43.2839],[-3.21365,43.2847],[-3.21405,43.2836],[-3.21415,43.2827],[-3.21395,43.28195],[-3.2134,43.2813],[-3.21275,43.28115],[-3.2126,43.2808],[-3.21285,43.2805],[-3.2135,43.28045],[-3.21325,43.2794],[-3.2125,43.2791],[-3.2127,43.27855],[-3.2133,43.27845],[-3.21335,43.27635],[-3.21315,43.27455],[-3.212,43.2747],[-3.2113,43.27495],[-3.2088,43.2749],[-3.20865,43.27705],[-3.20795,43.2768],[-3.2082,43.2752],[-3.2081,43.27405],[-3.20765,43.2732],[-3.20765,43.27285],[-3.2048,43.27385],[-3.2046,43.27445],[-3.20455,43.27525],[-3.20475,43.27635],[-3.2047,43.27765]],[[-3.2063,43.2748],[-3.2055,43.27475],[-3.2058,43.2742],[-3.20675,43.27425],[-3.2063,43.2748]],[[-3.21185,43.2775],[-3.21085,43.27795],[-3.20985,43.27795],[-3.2098,43.277],[-3.212,43.277],[-3.21185,43.2775]],[[-3.21135,43.2804],[-3.2121,43.2803],[-3.2121,43.28075],[-3.21135,43.28075],[-3.21135,43.2804]],[[-3.212,43.282],[-3.21185,43.28255],[-3.2114,43.28265],[-3.2114,43.28195],[-3.212,43.282]]],[[[-3.20655,43.2875],[-3.2077,43.286],[-3.20865,43.2842],[-3.208,43.28445],[-3.2073,43.28595],[-3.2068,43.28665],[-3.20655,43.2875]]],[[[-3.1958,43.2902],[-3.19715,43.2903],[-3.1978,43.2899],[-3.19655,43.29],[-3.1958,43.2902]]],[[[-3.16775,43.29755],[-3.16835,43.29775],[-3.16855,43.297],[-3.16775,43.29755]]],[[[-3.1698,43.29715],[-3.1699,43.29755],[-3.17065,43.2978],[-3.17075,43.29825],[-3.1705,43.29885],[-3.16905,43.2988],[-3.1684,43.29855],[-3.16915,43.2981],[-3.168,43.29815],[-3.16705,43.2978],[-3.1657,43.29765],[-3.16435,43.2979],[-3.1632,43.298],[-3.16205,43.2979],[-3.16095,43.29765],[-3.1593,43.29785],[-3.159,43.2982],[-3.1584,43.2979],[-3.15585,43.29815],[-3.15425,43.29855],[-3.15325,43.29915],[-3.1522,43.3],[-3.1527,43.3005],[-3.15275,43.30135],[-3.15225,43.30155],[-3.1521,43.3021],[-3.1516,43.30245],[-3.1506,43.3025],[-3.15,43.30215],[-3.1498,43.30165],[-3.1493,43.30125],[-3.151,43.29995],[-3.15,43.2985],[-3.14905,43.2981],[-3.14885,43.29745],[-3.14815,43.297],[-3.147,43.29655],[-3.14595,43.2964],[-3.1452,43.2964],[-3.144,43.2966],[-3.14255,43.29725],[-3.1418,43.298],[-3.14135,43.29895],[-3.14225,43.29895],[-3.143,43.2992],[-3.14315,43.29985],[-3.1426,43.3001],[-3.14175,43.29915],[-3.14125,43.2993],[-3.14135,43.3002],[-3.1418,43.30105],[-3.14265,43.3019],[-3.1434,43.3029],[-3.14395,43.30295],[-3.1448,43.3028],[-3.1449,43.3032],[-3.14365,43.3033],[-3.14425,43.305],[-3.145,43.3061],[-3.1464,43.30745],[-3.1472,43.30805],[-3.14855,43.30855],[-3.1512,43.30895],[-3.15145,43.30715],[-3.1514,43.30615],[-3.15285,43.3057],[-3.15335,43.30525],[-3.1554,43.3026],[-3.15755,43.30115],[-3.1584,43.3012],[-3.16115,43.30105],[-3.1616,43.3008],[-3.16525,43.3008],[-3.1669,43.30055],[-3.1684,43.30065],[-3.17095,43.2999],[-3.17215,43.2996],[-3.1733,43.3001],[-3.17395,43.29915],[-3.17575,43.2993],[-3.17705,43.29925],[-3.1781,43.29905],[-3.17995,43.2996],[-3.1806,43.29965],[-3.1839,43.2983],[-3.1841,43.2981],[-3.18525,43.29865],[-3.18755,43.2986],[-3.18895,43.2986],[-3.19035,43.2982],[-3.19215,43.29855],[-3.1932,43.29845],[-3.19395,43.29765],[-3.1944,43.29675],[-3.1951,43.2967],[-3.19625,43.2963],[-3.1976,43.2952],[-3.198,43.2947],[-3.1981,43.29345],[-3.19835,43.293],[-3.20055,43.29195],[-3.20045,43.29155],[-3.2006,43.29065],[-3.1997,43.29025],[-3.1988,43.29],[-3.1976,43.29015],[-3.19715,43.2904],[-3.19655,43.2903],[-3.19555,43.2903],[-3.19445,43.29095],[-3.19365,43.29195],[-3.19345,43.29255],[-3.19335,43.29405],[-3.19275,43.29445],[-3.192,43.29465],[-3.1916,43.29515],[-3.19055,43.29535],[-3.18995,43.29565],[-3.18945,43.29565],[-3.1891,43.2968],[-3.18845,43.2972],[-3.18795,43.29725],[-3.1871,43.2969],[-3.1868,43.29625],[-3.18705,43.2958],[-3.1871,43.29515],[-3.18625,43.29525],[-3.1846,43.29475],[-3.1835,43.29475],[-3.1825,43.2949],[-3.1815,43.29525],[-3.17985,43.296],[-3.1806,43.2964],[-3.1808,43.29685],[-3.1818,43.2974],[-3.18205,43.29795],[-3.1816,43.29865],[-3.1805,43.29885],[-3.17915,43.2982],[-3.17835,43.2971],[-3.1784,43.2966],[-3.17895,43.29585],[-3.17785,43.29575],[-3.17645,43.2958],[-3.1766,43.29685],[-3.17705,43.29695],[-3.1775,43.2967],[-3.17785,43.297],[-3.17785,43.2975],[-3.1773,43.29805],[-3.1763,43.29815],[-3.17615,43.297],[-3.1753,43.29655],[-3.17575,43.2958],[-3.17425,43.2958],[-3.17325,43.2959],[-3.1717,43.2964],[-3.17,43.2965],[-3.16945,43.29665],[-3.1698,43.29715]],[[-3.1617,43.29885],[-3.161,43.299],[-3.1606,43.2998],[-3.1601,43.2997],[-3.16075,43.29885],[-3.1617,43.29885]]],[[[-3.2008,43.29185],[-3.20155,43.29155],[-3.2008,43.29085],[-3.2008,43.29185]]]]},"properties":{"CODIGO":"E017B","ZLS":"Eólica","HECTARIAS":295.530973944}},
{"type":"Feature","geometry":{"type":"MultiPolygon","coordinates":[[[[-2.67195,42.64265],[-2.67185,42.6422],[-2.6706,42.64165],[-2.6692,42.6416],[-2.66975,42.64215],[-2.6704,42.6425],[-2.6716,42.6429],[-2.67195,42.64265]]],[[[-2.64365,42.64435],[-2.6435,42.64415],[-2.64105,42.6428],[-2.6395,42.6434],[-2.63885,42.64325],[-2.6373,42.64305],[-2.6352,42.6431],[-2.6341,42.6432],[-2.63255,42.6438],[-2.63145,42.64445],[-2.62895,42.6451],[-2.6274,42.6457],[-2.62575,42.6459],[-2.62435,42.64595],[-2.62325,42.64575],[-2.6217,42.6456],[-2.62155,42.64605],[-2.6223,42.64625],[-2.6224,42.6468],[-2.62135,42.6472],[-2.62095,42.6478],[-2.61985,42.64805],[-2.61925,42.6486],[-2.6259,42.6491],[-2.63175,42.6487],[-2.63485,42.6476],[-2.6369,42.64905],[-2.63785,42.6497],[-2.6393,42.6498],[-2.6412,42.6497],[-2.6429,42.6492],[-2.64405,42.64875],[-2.6458,42.6489],[-2.6468,42.6489],[-2.64815,42.64965],[-2.64815,42.64845],[-2.6479,42.6473],[-2.648,42.6465],[-2.649,42.6467],[-2.6487,42.64705],[-2.6491,42.6474],[-2.6503,42.64745],[-2.65045,42.64725],[-2.65275,42.64785],[-2.65555,42.64885],[-2.65555,42.64945],[-2.6564,42.6505],[-2.65675,42.6503],[-2.65775,42.65015],[-2.6566,42.64895],[-2.6573,42.64885],[-2.6578,42.64905],[-2.6581,42.64855],[-2.65865,42.6486],[-2.65905,42.64905],[-2.659,42.6496],[-2.65945,42.64985],[-2.6602,42.6496],[-2.6611,42.64905],[-2.66215,42.64805],[-2.66355,42.648],[-2.6649,42.6476],[-2.66555,42.64725],[-2.6669,42.64605],[-2.6677,42.64495],[-2.669,42.6446],[-2.67025,42.6442],[-2.66985,42.64385],[-2.66855,42.6434],[-2.6677,42.6433],[-2.66755,42.64315],[-2.6663,42.6427],[-2.66425,42.6437],[-2.6624,42.6443],[-2.66105,42.6446],[-2.65905,42.64485],[-2.65685,42.6454],[-2.65525,42.64565],[-2.65285,42.6457],[-2.6511,42.6455],[-2.649,42.6455],[-2.647,42.64525],[-2.6456,42.64495],[-2.6439,42.6443],[-2.64365,42.64435]],[[-2.64365,42.64435],[-2.6432,42.6446],[-2.64285,42.64515],[-2.64165,42.64515],[-2.64165,42.64475],[-2.6429,42.6447],[-2.6429,42.6444],[-2.64365,42.64435]],[[-2.6407,42.64515],[-2.64145,42.64515],[-2.64145,42.6456],[-2.64045,42.6456],[-2.64,42.64605],[-2.6395,42.64605],[-2.63955,42.6456],[-2.63985,42.6454],[-2.6407,42.6454],[-2.6407,42.64515]],[[-2.63435,42.64555],[-2.63475,42.6458],[-2.63475,42.6463],[-2.63435,42.6465],[-2.63435,42.64555]]],[[[-2.61775,42.6474],[-2.61845,42.64775],[-2.6186,42.6472],[-2.6179,42.64695],[-2.61775,42.6474]]]]},"properties":{"CODIGO":"E015A","ZLS":"Eólica","HECTARIAS":172.96193036}},
{"type":"Feature","geometry":{"type":"MultiPolygon","coordinates":[[[[-2.7298,43.2703],[-2.7297,43.27045],[-2.73115,43.2717],[-2.73155,43.272],[-2.7318,43.2726],[-2.7324,43.2733],[-2.7329,43.2736],[-2.7352,43.2746],[-2.73585,43.2746],[-2.73725,43.27485],[-2.73865,43.2753],[-2.7402,43.2757],[-2.73845,43.2782],[-2.7386,43.2785],[-2.73965,43.27855],[-2.7409,43.2783],[-2.74365,43.2785],[-2.74575,43.27885],[-2.7461,43.2782],[-2.7455,43.27735],[-2.7455,43.27705],[-2.74345,43.2762],[-2.7436,43.276],[-2.74565,43.27685],[-2.74635,43.2767],[-2.7467,43.27685],[-2.7472,43.2775],[-2.74855,43.2775],[-2.74925,43.27795],[-2.7497,43.2784],[-2.75015,43.2784],[-2.74995,43.2777],[-2.7503,43.27715],[-2.7505,43.276],[-2.7514,43.2745],[-2.7517,43.2737],[-2.7512,43.27345],[-2.74985,43.27305],[-2.7456,43.27235],[-2.74375,43.27445],[-2.74345,43.2743],[-2.74445,43.27275],[-2.7447,43.27225],[-2.74055,43.27195],[-2.7392,43.27205],[-2.73605,43.2712],[-2.7345,43.27035],[-2.7329,43.2699],[-2.73175,43.26985],[-2.7305,43.27005],[-2.7298,43.2703]]],[[[-2.7523,43.2742],[-2.7515,43.2757],[-2.7534,43.2757],[-2.75265,43.27455],[-2.7523,43.2742]]],[[[-2.75465,43.2788],[-2.7556,43.2784],[-2.7554,43.27815],[-2.7547,43.27855],[-2.75465,43.2788]]],[[[-2.75325,43.2771],[-2.7541,43.27665],[-2.7535,43.27595],[-2.75135,43.27595],[-2.7511,43.2767],[-2.75105,43.27725],[-2.7507,43.27775],[-2.7514,43.2778],[-2.75095,43.27825],[-2.751,43.27905],[-2.75015,43.27935],[-2.75055,43.28],[-2.75055,43.28055],[-2.7515,43.28055],[-2.7525,43.2812],[-2.75275,43.28175],[-2.7537,43.28205],[-2.75415,43.2824],[-2.7552,43.28235],[-2.75445,43.2817],[-2.75425,43.28125],[-2.75435,43.2806],[-2.7542,43.27975],[-2.75315,43.2796],[-2.7524,43.2801],[-2.7514,43.2793],[-2.753,43.2785],[-2.7537,43.27825],[-2.75445,43.2782],[-2.7547,43.27745],[-2.7542,43.27675],[-2.7537,43.2771],[-2.75325,43.2771]]]]},"properties":{"CODIGO":"E016B","ZLS":"Eólica","HECTARIAS":99.0119158398}},
{"type":"Feature","geometry":{"type":"MultiPolygon","coordinates":[[[[-3.221,43.1912],[-3.2212,43.1911],[-3.2225,43.1916],[-3.22335,43.19205],[-3.224,43.19255],[-3.22445,43.1933],[-3.2253,43.19305],[-3.22555,43.19275],[-3.2263,43.19245],[-3.22705,43.19245],[-3.2273,43.19265],[-3.2273,43.19325],[-3.2268,43.19415],[-3.2261,43.1948],[-3.2271,43.19575],[-3.2277,43.19615],[-3.2288,43.1965],[-3.2306,43.19685],[-3.23125,43.19715],[-3.23475,43.19845],[-3.2358,43.19875],[-3.237,43.19895],[-3.23855,43.196],[-3.2409,43.19635],[-3.2405,43.19855],[-3.2405,43.1993],[-3.24105,43.19955],[-3.24185,43.19935],[-3.24295,43.1994],[-3.244,43.19965],[-3.24465,43.1995],[-3.246,43.19875],[-3.246,43.19835],[-3.2463,43.19735],[-3.2471,43.19615],[-3.247,43.1957],[-3.2463,43.19475],[-3.2452,43.194],[-3.2443,43.19365],[-3.2431,43.1934],[-3.2383,43.1927],[-3.2357,43.1917],[-3.23425,43.19105],[-3.2326,43.1907],[-3.232,43.1902],[-3.23155,43.1894],[-3.2305,43.1883],[-3.22915,43.1875],[-3.22785,43.1866],[-3.22715,43.18625],[-3.22455,43.1853],[-3.2235,43.185],[-3.22225,43.18485],[-3.22045,43.1848],[-3.21815,43.18515],[-3.2169,43.1856],[-3.2156,43.18595],[-3.2137,43.18685],[-3.2148,43.18835],[-3.2156,43.18965],[-3.21625,43.19105],[-3.21675,43.19265],[-3.21785,43.1924],[-3.21925,43.1917],[-3.221,43.1912]]],[[[-3.2471,43.20315],[-3.2478,43.20355],[-3.2488,43.20385],[-3.2487,43.20305],[-3.2488,43.2025],[-3.24775,43.20185],[-3.24755,43.20285],[-3.2471,43.20315]]],[[[-3.2382,43.21065],[-3.24035,43.2098],[-3.24125,43.20975],[-3.2418,43.20925],[-3.24195,43.2088],[-3.24245,43.2085],[-3.2433,43.2071],[-3.24295,43.2065],[-3.24305,43.2056],[-3.24425,43.20395],[-3.2451,43.20345],[-3.24495,43.20285],[-3.24565,43.2022],[-3.2456,43.20165],[-3.2463,43.20135],[-3.2458,43.2008],[-3.2455,43.2015],[-3.2445,43.20205],[-3.24295,43.20265],[-3.2427,43.202],[-3.24235,43.20155],[-3.2412,43.20205],[-3.2396,43.2029],[-3.23865,43.2036],[-3.23775,43.20465],[-3.2356,43.20485],[-3.2339,43.2052],[-3.2329,43.2056],[-3.23065,43.20555],[-3.22955,43.2057],[-3.22845,43.20605],[-3.22645,43.2071],[-3.2254,43.20755],[-3.2246,43.20815],[-3.22405,43.2088],[-3.22335,43.2101],[-3.22325,43.21105],[-3.22345,43.2118],[-3.22385,43.21245],[-3.2245,43.21305],[-3.22525,43.2135],[-3.2266,43.2139],[-3.2274,43.214],[-3.2286,43.2139],[-3.22935,43.2137],[-3.2304,43.21315],[-3.23135,43.2123],[-3.232,43.21195],[-3.23295,43.21215],[-3.23195,43.21055],[-3.23185,43.21015],[-3.23235,43.20975],[-3.23245,43.21065],[-3.2329,43.21155],[-3.2334,43.2122],[-3.23475,43.21215],[-3.2362,43.21175],[-3.2382,43.21065]]],[[[-3.2432,43.20965],[-3.24405,43.209],[-3.2442,43.2086],[-3.2436,43.2076],[-3.24325,43.2074],[-3.24255,43.20855],[-3.24205,43.2089],[-3.2419,43.2093],[-3.2413,43.20985],[-3.2407,43.21015],[-3.24105,43.21055],[-3.2424,43.21015],[-3.2432,43.20965]]],[[[-3.24005,43.2108],[-3.2409,43.2106],[-3.2405,43.2099],[-3.2394,43.21025],[-3.23875,43.2106],[-3.23855,43.21095],[-3.24005,43.2108]]],[[[-3.222,43.2134],[-3.2175,43.21455],[-3.218,43.2151],[-3.21775,43.2157],[-3.21555,43.2157],[-3.21505,43.2152],[-3.2144,43.21555],[-3.2136,43.21625],[-3.21325,43.21685],[-3.21305,43.2179],[-3.21345,43.21795],[-3.2151,43.21785],[-3.2166,43.21745],[-3.21715,43.2176],[-3.2173,43.218],[-3.2169,43.21835],[-3.21545,43.2188],[-3.2132,43.2187],[-3.2135,43.2193],[-3.2143,43.2201],[-3.2156,43.22075],[-3.21675,43.22095],[-3.21785,43.221],[-3.2245,43.21945],[-3.2252,43.2192],[-3.22605,43.2188],[-3.2253,43.21825],[-3.2243,43.21815],[-3.22475,43.21735],[-3.22655,43.21685],[-3.2265,43.21745],[-3.22715,43.2176],[-3.22745,43.2169],[-3.2274,43.21575],[-3.22715,43.21525],[-3.22645,43.2144],[-3.2258,43.21395],[-3.22435,43.2134],[-3.2231,43.2133],[-3.222,43.2134]]]]},"properties":{"CODIGO":"E011B","ZLS":"Eólica","HECTARIAS":382.995635006}},
{"type":"Feature","geometry":{"type":"MultiPolygon","coordinates":[[[[-3.1567,43.24265],[-3.15795,43.2432],[-3.15995,43.2434],[-3.1616,43.2432],[-3.16205,43.2437],[-3.1621,43.24405],[-3.16425,43.2438],[-3.1644,43.2437],[-3.16875,43.2436],[-3.16875,43.2445],[-3.1706,43.24445],[-3.17145,43.24425],[-3.1723,43.24435],[-3.17355,43.24425],[-3.17435,43.24395],[-3.17525,43.2434],[-3.1759,43.24275],[-3.1763,43.24195],[-3.1763,43.2407],[-3.17565,43.2395],[-3.1748,43.2388],[-3.17325,43.23825],[-3.17205,43.2381],[-3.16865,43.23815],[-3.16515,43.2384],[-3.16385,43.23865],[-3.1593,43.2401],[-3.15815,43.24065],[-3.1582,43.241],[-3.15715,43.24155],[-3.1567,43.24265]]],[[[-3.14905,43.2436],[-3.14925,43.24345],[-3.14835,43.24285],[-3.1476,43.24275],[-3.1471,43.2432],[-3.1483,43.24355],[-3.14905,43.2436]]],[[[-3.1419,43.24205],[-3.1416,43.24215],[-3.1414,43.2434],[-3.1417,43.24425],[-3.1425,43.24435],[-3.1436,43.2451],[-3.14365,43.2444],[-3.1432,43.24315],[-3.14265,43.24255],[-3.1419,43.24205]]],[[[-3.13275,43.247],[-3.13295,43.24735],[-3.13395,43.24755],[-3.1354,43.24775],[-3.1366,43.24775],[-3.13645,43.2474],[-3.13545,43.24725],[-3.13505,43.24675],[-3.13395,43.2471],[-3.13275,43.247]]],[[[-3.13545,43.2319],[-3.1348,43.2317],[-3.13085,43.2321],[-3.12985,43.2323],[-3.12915,43.23255],[-3.12835,43.23305],[-3.12785,43.2335],[-3.12715,43.23475],[-3.1277,43.2346],[-3.12875,43.23485],[-3.1291,43.23545],[-3.1289,43.2359],[-3.12815,43.23635],[-3.12715,43.2362],[-3.1267,43.2358],[-3.12645,43.23645],[-3.1264,43.23745],[-3.125,43.23695],[-3.124,43.23675],[-3.1212,43.23655],[-3.11715,43.23495],[-3.11545,43.23455],[-3.1147,43.2346],[-3.1136,43.23475],[-3.1127,43.2351],[-3.1117,43.23575],[-3.11215,43.23615],[-3.1122,43.23795],[-3.1127,43.238],[-3.1127,43.2389],[-3.1133,43.2389],[-3.1133,43.23845],[-3.1145,43.2379],[-3.11515,43.2382],[-3.11585,43.2389],[-3.1164,43.2389],[-3.1167,43.23935],[-3.1173,43.23935],[-3.1181,43.24],[-3.11825,43.24045],[-3.12005,43.24045],[-3.1204,43.24],[-3.1213,43.24],[-3.1213,43.2398],[-3.12285,43.2398],[-3.1235,43.24015],[-3.12435,43.24015],[-3.1244,43.24045],[-3.1253,43.24045],[-3.126,43.2409],[-3.1266,43.2409],[-3.1266,43.24135],[-3.1272,43.2418],[-3.1267,43.24195],[-3.1261,43.24175],[-3.1261,43.24225],[-3.12475,43.24225],[-3.124,43.24235],[-3.1228,43.24205],[-3.1222,43.24295],[-3.1232,43.2433],[-3.1251,43.24435],[-3.1255,43.24375],[-3.1253,43.24305],[-3.126,43.243],[-3.12625,43.24265],[-3.12695,43.2425],[-3.12705,43.24225],[-3.1282,43.2422],[-3.12845,43.24235],[-3.13055,43.24305],[-3.1313,43.2434],[-3.13155,43.2438],[-3.13215,43.24405],[-3.1327,43.24405],[-3.13365,43.24425],[-3.13395,43.24455],[-3.137,43.24475],[-3.1376,43.24455],[-3.13765,43.245],[-3.13805,43.2453],[-3.1382,43.24615],[-3.13875,43.2465],[-3.13855,43.2469],[-3.1405,43.24635],[-3.14055,43.2457],[-3.14015,43.2453],[-3.1394,43.2451],[-3.1392,43.24465],[-3.1398,43.24425],[-3.13965,43.24325],[-3.1402,43.24365],[-3.1406,43.24325],[-3.14025,43.24305],[-3.1413,43.2424],[-3.1416,43.2419],[-3.1404,43.2415],[-3.13915,43.2414],[-3.1372,43.24145],[-3.1364,43.2418],[-3.13515,43.2416],[-3.1346,43.2417],[-3.1323,43.2416],[-3.13115,43.2409],[-3.1313,43.24025],[-3.1321,43.24045],[-3.132,43.24085],[-3.1332,43.24035],[-3.13395,43.24135],[-3.1346,43.2416],[-3.13515,43.24155],[-3.1364,43.2417],[-3.1368,43.24095],[-3.13705,43.24],[-3.13685,43.2388],[-3.1363,43.23795],[-3.1368,43.2379],[-3.1417,43.23785],[-3.14305,43.2381],[-3.14385,43.23905],[-3.14455,43.2405],[-3.14645,43.24115],[-3.14745,43.2419],[-3.1483,43.2422],[-3.14915,43.2413],[-3.14915,43.2425],[-3.1497,43.2427],[-3.1496,43.24355],[-3.15035,43.24345],[-3.152,43.2428],[-3.1521,43.2424],[-3.1528,43.2421],[-3.15335,43.2411],[-3.15345,43.24025],[-3.15315,43.23935],[-3.1518,43.2366],[-3.1515,43.23615],[-3.1496,43.2338],[-3.14855,43.2329],[-3.1478,43.23255],[-3.14695,43.2323],[-3.14325,43.2316],[-3.14215,43.23155],[-3.13645,43.2316],[-3.13545,43.2319]]],[[[-3.1153,43.2412],[-3.11565,43.2406],[-3.11515,43.24065],[-3.1153,43.2412]]],[[[-3.1164,43.241],[-3.11555,43.2415],[-3.11615,43.2417],[-3.11705,43.2416],[-3.11695,43.2413],[-3.1164,43.241]]],[[[-3.1203,43.24305],[-3.12085,43.24285],[-3.12115,43.2417],[-3.1203,43.24215],[-3.1182,43.2423],[-3.119,43.2428],[-3.1203,43.24305]]],[[[-3.1219,43.2429],[-3.1218,43.2425],[-3.12115,43.2427],[-3.1213,43.243],[-3.1219,43.2429]]],[[[-3.13055,43.2445],[-3.1298,43.24475],[-3.12985,43.24525],[-3.131,43.2459],[-3.13215,43.2459],[-3.13265,43.2452],[-3.13055,43.2445]]]]},"properties":{"CODIGO":"E019B","ZLS":"Eólica","HECTARIAS":368.626999922}},
{"type":"Feature","geometry":{"type":"MultiPolygon","coordinates":[[[[-2.87885,42.8859],[-2.8796,42.8858],[-2.8796,42.88555],[-2.88025,42.8851],[-2.8797,42.8847],[-2.87875,42.8857],[-2.8781,42.8859],[-2.87865,42.88625],[-2.87885,42.8859]]],[[[-2.8806,42.88545],[-2.8803,42.8863],[-2.88095,42.88635],[-2.88095,42.8868],[-2.8815,42.8868],[-2.88105,42.88595],[-2.8806,42.88545]]],[[[-2.8804,42.8885],[-2.88105,42.88845],[-2.8815,42.8886],[-2.8823,42.88835],[-2.88185,42.88745],[-2.8808,42.8879],[-2.88005,42.8879],[-2.8796,42.88815],[-2.8804,42.8885]]],[[[-2.88255,42.9023],[-2.88365,42.90255],[-2.8838,42.9019],[-2.8829,42.90075],[-2.88225,42.9022],[-2.88255,42.9023]]],[[[-2.87075,42.912],[-2.8706,42.9122],[-2.87075,42.91285],[-2.8715,42.9125],[-2.87075,42.912]]],[[[-2.8814,42.8984],[-2.8809,42.8978],[-2.8809,42.89715],[-2.8815,42.8967],[-2.88155,42.8958],[-2.88195,42.8952],[-2.88265,42.89475],[-2.8828,42.8942],[-2.8823,42.8932],[-2.88225,42.89275],[-2.8812,42.8916],[-2.88075,42.89035],[-2.8807,42.8897],[-2.8808,42.88885],[-2.88005,42.88865],[-2.87945,42.8886],[-2.8793,42.88815],[-2.8785,42.88745],[-2.87805,42.88645],[-2.87755,42.88635],[-2.8769,42.8859],[-2.8768,42.88545],[-2.87565,42.88445],[-2.8754,42.88375],[-2.87555,42.8834],[-2.87555,42.8824],[-2.8757,42.8815],[-2.8744,42.88045],[-2.8735,42.8799],[-2.8724,42.87955],[-2.87065,42.87945],[-2.86925,42.8798],[-2.86815,42.8804],[-2.8675,42.88105],[-2.8672,42.8816],[-2.86695,42.88245],[-2.86715,42.88355],[-2.86765,42.8843],[-2.8681,42.8847],[-2.87345,42.889],[-2.8761,42.8942],[-2.8759,42.8986],[-2.8749,42.9028],[-2.86925,42.90625],[-2.86535,42.9078],[-2.85545,42.9092],[-2.85425,42.9095],[-2.8529,42.91035],[-2.852,42.9113],[-2.85145,42.91135],[-2.84785,42.9107],[-2.8478,42.9118],[-2.84815,42.91195],[-2.84905,42.9117],[-2.8488,42.9126],[-2.84755,42.91325],[-2.84755,42.9134],[-2.8462,42.9134],[-2.84685,42.9127],[-2.84625,42.9124],[-2.8445,42.91295],[-2.84375,42.91295],[-2.84315,42.9128],[-2.8427,42.91235],[-2.84255,42.9117],[-2.842,42.9113],[-2.8413,42.91115],[-2.8412,42.9118],[-2.8409,42.91205],[-2.84035,42.9118],[-2.84035,42.91045],[-2.83985,42.9098],[-2.83895,42.9095],[-2.8383,42.90965],[-2.8381,42.9102],[-2.8385,42.91025],[-2.83875,42.9108],[-2.8396,42.9111],[-2.83905,42.9122],[-2.83755,42.91145],[-2.8369,42.9109],[-2.836,42.9113],[-2.83625,42.9107],[-2.83505,42.9107],[-2.8347,42.91115],[-2.83385,42.91115],[-2.8325,42.9115],[-2.83175,42.9115],[-2.83055,42.91195],[-2.8302,42.91225],[-2.8283,42.9126],[-2.8269,42.91255],[-2.8272,42.9122],[-2.8279,42.9125],[-2.82785,42.91175],[-2.82545,42.91205],[-2.825,42.91175],[-2.8243,42.9122],[-2.8223,42.91215],[-2.82135,42.9122],[-2.821,42.91185],[-2.82145,42.91155],[-2.82075,42.9112],[-2.8208,42.91085],[-2.81995,42.91095],[-2.8199,42.9112],[-2.81875,42.9112],[-2.81825,42.91145],[-2.81765,42.9113],[-2.81625,42.9116],[-2.8151,42.9115],[-2.81395,42.9115],[-2.8144,42.9119],[-2.8156,42.9119],[-2.81775,42.91255],[-2.8179,42.9123],[-2.81965,42.9123],[-2.81965,42.91255],[-2.8249,42.9126],[-2.82635,42.91265],[-2.82685,42.91295],[-2.82785,42.91305],[-2.82785,42.91285],[-2.8291,42.91285],[-2.8292,42.9126],[-2.83435,42.9126],[-2.83435,42.91285],[-2.8367,42.91285],[-2.83715,42.9126],[-2.83875,42.9126],[-2.8395,42.9127],[-2.84075,42.9135],[-2.84155,42.9135],[-2.84165,42.91375],[-2.8432,42.91375],[-2.84415,42.91395],[-2.8444,42.91445],[-2.845,42.91445],[-2.84565,42.91485],[-2.8484,42.91485],[-2.8488,42.91535],[-2.8493,42.9151],[-2.85145,42.9151],[-2.85275,42.91575],[-2.85485,42.91575],[-2.8555,42.91535],[-2.8559,42.91565],[-2.85615,42.91485],[-2.8559,42.91435],[-2.8563,42.91405],[-2.8568,42.91395],[-2.85675,42.9136],[-2.8563,42.91325],[-2.85675,42.913],[-2.85835,42.91265],[-2.8586,42.91235],[-2.85935,42.91235],[-2.85955,42.9122],[-2.862,42.9122],[-2.86325,42.91165],[-2.86445,42.91165],[-2.86505,42.9118],[-2.8663,42.91145],[-2.8674,42.91145],[-2.8674,42.91175],[-2.8685,42.91165],[-2.87015,42.91065],[-2.87075,42.9104],[-2.87195,42.9104],[-2.8726,42.9102],[-2.87255,42.90975],[-2.8732,42.9093],[-2.8738,42.9093],[-2.87475,42.90815],[-2.87475,42.9077],[-2.87505,42.90725],[-2.87565,42.90705],[-2.87595,42.9066],[-2.8766,42.90635],[-2.87805,42.90635],[-2.87905,42.9057],[-2.87905,42.90515],[-2.87965,42.905],[-2.87965,42.90435],[-2.8799,42.90375],[-2.88085,42.90305],[-2.88145,42.9024],[-2.8821,42.90205],[-2.88235,42.90135],[-2.8824,42.90025],[-2.88265,42.8995],[-2.8816,42.899],[-2.88105,42.8993],[-2.8804,42.8993],[-2.87995,42.89895],[-2.87995,42.8985],[-2.8803,42.89825],[-2.88105,42.89825],[-2.8814,42.8984]],[[-2.87335,42.88285],[-2.87435,42.8832],[-2.87435,42.88375],[-2.87335,42.8839],[-2.87275,42.88355],[-2.873,42.88295],[-2.87335,42.88285]]],[[[-2.82615,42.9108],[-2.82515,42.91105],[-2.8256,42.9112],[-2.82615,42.9108]]],[[[-2.82305,42.9117],[-2.82355,42.9112],[-2.8236,42.9107],[-2.82305,42.9107],[-2.8228,42.91095],[-2.82235,42.9109],[-2.82235,42.91185],[-2.82305,42.9117]]],[[[-2.84655,42.91565],[-2.8457,42.9156],[-2.84535,42.91605],[-2.84385,42.91605],[-2.8438,42.91645],[-2.84735,42.9171],[-2.84745,42.91665],[-2.84585,42.9165],[-2.84595,42.91575],[-2.84655,42.91565]]],[[[-2.8488,42.91605],[-2.8488,42.9164],[-2.84805,42.9167],[-2.84785,42.917],[-2.84855,42.9173],[-2.84895,42.917],[-2.849,42.91615],[-2.8488,42.91605]]],[[[-2.8104,42.90875],[-2.81075,42.9087],[-2.81145,42.9082],[-2.8106,42.9079],[-2.80925,42.90875],[-2.8094,42.9093],[-2.8104,42.90875]]],[[[-2.8089,42.90995],[-2.80895,42.91035],[-2.8106,42.9095],[-2.8103,42.90915],[-2.8097,42.9096],[-2.8089,42.90995]]],[[[-2.80815,42.9143],[-2.8105,42.91415],[-2.8096,42.91355],[-2.80945,42.91375],[-2.8079,42.9136],[-2.8076,42.9143],[-2.80815,42.9143]]],[[[-2.80445,42.9094],[-2.805,42.90945],[-2.8051,42.9091],[-2.80445,42.90895],[-2.80395,42.90915],[-2.8035,42.9091],[-2.80305,42.9094],[-2.80175,42.9094],[-2.80105,42.909],[-2.79995,42.90805],[-2.7994,42.90795],[-2.7985,42.9086],[-2.79785,42.90945],[-2.79805,42.9101],[-2.7987,42.9103],[-2.79855,42.91055],[-2.7988,42.91085],[-2.7993,42.9107],[-2.8001,42.91095],[-2.80125,42.911],[-2.80125,42.91075],[-2.8021,42.91075],[-2.80215,42.911],[-2.80275,42.9112],[-2.8053,42.9112],[-2.8053,42.91145],[-2.80615,42.91145],[-2.80615,42.91165],[-2.80675,42.91165],[-2.80715,42.91215],[-2.80765,42.9123],[-2.81045,42.9123],[-2.8107,42.91255],[-2.81135,42.91255],[-2.8115,42.91195],[-2.81215,42.91185],[-2.81265,42.9123],[-2.8135,42.9119],[-2.8135,42.9113],[-2.81255,42.91085],[-2.8129,42.9106],[-2.81165,42.90975],[-2.8117,42.90895],[-2.8112,42.90885],[-2.81075,42.90905],[-2.8107,42.9096],[-2.8097,42.9103],[-2.8092,42.91035],[-2.8086,42.91065],[-2.8079,42.91105],[-2.8075,42.9117],[-2.8064,42.9116],[-2.80625,42.91145],[-2.8059,42.9114],[-2.80505,42.91065],[-2.80455,42.91095],[-2.80365,42.9103],[-2.8032,42.9104],[-2.8031,42.9098],[-2.80445,42.9095],[-2.80445,42.9094]]]]},"properties":{"CODIGO":"E009A","ZLS":"Eólica","HECTARIAS":346.148529135}},
{"type":"Feature","geometry":{"type":"MultiPolygon","coordinates":[[[[-2.54055,42.78225],[-2.54105,42.78275],[-2.54185,42.78285],[-2.5416,42.7832],[-2.54175,42.78455],[-2.5415,42.7851],[-2.54255,42.7858],[-2.5437,42.7858],[-2.54565,42.7857],[-2.5463,42.7851],[-2.54715,42.7849],[-2.5463,42.78455],[-2.54775,42.7839],[-2.54805,42.7832],[-2.5472,42.78255],[-2.5462,42.7824],[-2.5416,42.78215],[-2.54055,42.78225]]],[[[-2.5381,42.7848],[-2.53755,42.7847],[-2.53705,42.78555],[-2.5372,42.7864],[-2.539,42.7859],[-2.53825,42.7845],[-2.5381,42.7848]]],[[[-2.53485,42.7875],[-2.536,42.7871],[-2.5364,42.78675],[-2.5363,42.78585],[-2.5359,42.78475],[-2.53605,42.7841],[-2.53545,42.78395],[-2.53475,42.7847],[-2.53445,42.78535],[-2.53435,42.7863],[-2.53485,42.7875]]],[[[-2.5298,42.7859],[-2.52885,42.78675],[-2.52815,42.787],[-2.5282,42.78735],[-2.52885,42.78765],[-2.53005,42.78785],[-2.53105,42.7881],[-2.5307,42.7869],[-2.5298,42.7859]]],[[[-2.5136,42.78625],[-2.5146,42.7876],[-2.5162,42.7893],[-2.51665,42.78935],[-2.518,42.78895],[-2.5213,42.78815],[-2.5231,42.78815],[-2.5245,42.7884],[-2.5253,42.7883],[-2.52645,42.7884],[-2.52695,42.78805],[-2.5259,42.78735],[-2.52545,42.7869],[-2.52425,42.78655],[-2.5235,42.7869],[-2.52295,42.7865],[-2.52235,42.78665],[-2.5213,42.7861],[-2.5213,42.78565],[-2.5218,42.78555],[-2.5209,42.7848],[-2.52035,42.7849],[-2.52045,42.78525],[-2.51995,42.7854],[-2.51905,42.78535],[-2.51875,42.7857],[-2.5175,42.7857],[-2.51705,42.7855],[-2.51505,42.7861],[-2.5145,42.78635],[-2.5136,42.78625]]],[[[-2.50775,42.7874],[-2.5077,42.788],[-2.507,42.78845],[-2.50585,42.789],[-2.5054,42.78955],[-2.50505,42.79015],[-2.50535,42.79095],[-2.5077,42.7912],[-2.5086,42.7904],[-2.50915,42.79005],[-2.5099,42.7898],[-2.5105,42.78995],[-2.5127,42.79],[-2.5151,42.7909],[-2.5159,42.79075],[-2.5176,42.79065],[-2.5183,42.79045],[-2.5188,42.79005],[-2.5196,42.7902],[-2.52105,42.7897],[-2.52225,42.7896],[-2.52385,42.79085],[-2.5253,42.7913],[-2.52555,42.79095],[-2.52445,42.79095],[-2.52405,42.79075],[-2.5237,42.79005],[-2.52315,42.78935],[-2.5227,42.78915],[-2.5212,42.78915],[-2.5203,42.7897],[-2.51865,42.7897],[-2.517,42.7904],[-2.5159,42.7905],[-2.51525,42.79065],[-2.5138,42.7903],[-2.5132,42.7896],[-2.51315,42.78935],[-2.51475,42.78975],[-2.5155,42.78965],[-2.51505,42.7892],[-2.5149,42.78865],[-2.5145,42.7883],[-2.51425,42.78765],[-2.51345,42.7866],[-2.51305,42.7863],[-2.51125,42.78665],[-2.5099,42.7873],[-2.50925,42.78785],[-2.50855,42.7879],[-2.50775,42.7874]]],[[[-2.50115,42.7906],[-2.5024,42.7905],[-2.50245,42.7908],[-2.5037,42.78995],[-2.5036,42.78965],[-2.5039,42.7888],[-2.5039,42.788],[-2.50245,42.7887],[-2.5018,42.7893],[-2.5013,42.79005],[-2.50115,42.7906]]],[[[-2.50725,42.79385],[-2.5069,42.7932],[-2.5058,42.7925],[-2.50525,42.7925],[-2.5046,42.79325],[-2.5046,42.79405],[-2.5055,42.7941],[-2.50725,42.79385]]]]},"properties":{"CODIGO":"E014A","ZLS":"Eólica","HECTARIAS":91.3194412397}}
]}